accident_id,datetime,annee,mois,jour,heure,minute,departement,commune_insee,adresse,latitude,longitude,luminosite,agglomeration,intersection,meteo,collision,catr,circ,nbv,vosp,prof,plan,surf,infra,situ,vma,nb_vehicules,nb_usagers,nb_indemnes,nb_tues,nb_blesses_hosp,nb_blesses_legers,age_cond_1,age_cond_2,veh_type_cond_1,veh_type_cond_2,lum_code,agg_code,int_code,atm_code,col_code
202100043284,2021-04-02 14:38:00,2021,4,2,14,38,72,72110,D306,47.743248,-0.142533,Plein jour,Hors agglomération,Hors intersection,Normale,Autre collision,3,2,2,0,3,1,1,0,1,90,,4,1,0,1,2,27.0,38.0,,,1,1,1,1,6
202100043285,2021-04-22 16:55:00,2021,4,22,16,55,27,27458,Rue de la Salle,49.324188,1.219987,Plein jour,En agglomération,Intersection en T,Normale,Deux véhicules - frontale,4,2,2,0,1,1,1,0,1,30,,2,1,0,1,0,45.0,35.0,,,1,2,3,1,1
202100043286,2021-04-21 13:45:00,2021,4,21,13,45,76,76164,Route de Caillouville,49.529883,0.77344,Plein jour,Hors agglomération,Hors intersection,Normale,Deux véhicules - frontale,3,2,2,0,3,1,1,0,1,50,,2,1,0,0,1,27.0,19.0,,,1,1,1,1,1
202100043287,2021-04-21 14:15:00,2021,4,21,14,15,60,60612,RD 330,49.209706,2.562556,Plein jour,Hors agglomération,Hors intersection,Normale,Deux véhicules - frontale,3,2,2,0,2,3,1,0,1,80,,3,1,0,0,2,51.0,20.0,,,1,1,1,1,1
202100043288,2021-04-21 21:45:00,2021,4,21,21,45,59,59415,D 97,50.226522,3.446167,Nuit sans éclairage public,Hors agglomération,Hors intersection,Normale,Deux véhicules - arrière,3,2,2,0,3,1,1,0,1,80,,2,1,0,1,0,43.0,76.0,,,3,1,1,1,2
202100043289,2021-04-22 19:30:00,2021,4,22,19,30,59,59534,D962,50.122791,3.893524,Plein jour,Hors agglomération,Intersection en X,Normale,Deux véhicules - côté,3,2,2,0,4,1,1,0,1,70,,2,1,0,1,0,55.0,16.0,,,1,1,2,1,3
202100043290,2021-04-20 20:47:00,2021,4,20,20,47,13,13055,A507 sens Aubagne- Marseille,43.327,5.41995,Crépuscule ou aube,Hors agglomération,Hors intersection,Normale,Deux véhicules - côté,1,3,2,0,2,2,1,0,2,70,,1,0,0,1,0,44.0,,,,2,1,1,1,3
202100043291,2021-04-21 02:03:00,2021,4,21,2,3,91,91086,RN 104,48.62436,2.37722,Nuit sans éclairage public,Hors agglomération,Hors intersection,Normale,Autre collision,2,3,2,0,1,1,1,0,1,110,,1,0,0,0,1,31.0,,,,3,1,1,1,6
202100043292,2021-04-21 16:27:00,2021,4,21,16,27,93,93006,AUTOROUTE A3,48.86573,2.41764,Plein jour,Hors agglomération,Hors intersection,Normale,Trois véhicules et plus - collisions multiples,1,3,8,0,2,3,1,3,1,90,,4,3,0,0,1,50.0,23.0,,,1,1,1,1,5
202100043293,2021-03-20 15:33:00,2021,3,20,15,33,06,06029,MIDI (BOULEVARD DU),43.548988,7.005056,Plein jour,En agglomération,Hors intersection,Normale,Sans collision,4,2,-1,-1,1,1,1,0,1,-1,,1,0,0,0,1,45.0,,,,1,2,1,1,7
202100043294,2021-02-15 11:56:00,2021,2,15,11,56,05,05061,GEORGES POMPIDOU ( BD),44.5592602466,6.0838723183,Plein jour,En agglomération,Hors intersection,Normale,Autre collision,4,2,3,0,1,1,1,0,1,50,,2,1,0,0,1,55.0,,,,1,2,1,1,6
202100043295,2021-04-20 17:50:00,2021,4,20,17,50,988,98818,RUE MARX LANG/RUE OLRY,-22.2721,166.44793,Nuit avec éclairage allumé,En agglomération,Intersection en T,Normale,Deux véhicules - côté,4,2,2,0,2,1,1,0,1,50,,2,1,0,1,0,30.0,29.0,,,5,2,3,1,3
202100043296,2021-04-20 20:10:00,2021,4,20,20,10,69,69259,GEORGES LYVET (R),45.6981946248,4.8708282319,Plein jour,En agglomération,Hors intersection,Normale,Sans collision,4,-1,2,0,1,1,1,0,1,50,,1,0,0,0,1,22.0,,,,1,2,1,1,7
202100043297,2021-04-20 17:20:00,2021,4,20,17,20,69,69259,DIVISION LECLERC (DE LA) (AV),45.6956290542,4.8678445816,Plein jour,En agglomération,Hors intersection,Normale,Deux véhicules - arrière,4,2,2,0,2,1,1,0,1,50,,2,1,0,1,0,21.0,12.0,,,1,2,1,1,2
202100043298,2021-04-20 15:50:00,2021,4,20,15,50,69,69388,AUGUSTE CHOLLAT (R),45.73713,4.85032,Plein jour,En agglomération,Intersection en X,Normale,Deux véhicules - côté,4,1,1,0,1,1,1,0,1,50,,2,1,0,0,1,50.0,,,,1,2,2,1,3
202100043299,2021-04-20 10:25:00,2021,4,20,10,25,972,97213,AUTOROUTE A1,14.61315,-61.01007,Plein jour,En agglomération,Hors intersection,Pluie forte,Trois véhicules et plus - en chaîne,1,2,4,0,1,1,3,0,1,90,,6,4,0,0,2,48.0,33.0,,,1,2,1,3,4
202100043300,2021-04-18 16:20:00,2021,4,18,16,20,972,97209,RD 41 (ROCADE),14.61577,-61.06089,Plein jour,Hors agglomération,Autre intersection,Normale,Deux véhicules - côté,3,3,4,0,1,3,1,0,1,60,,2,1,0,1,0,44.0,42.0,,,1,1,9,1,3
202100043301,2021-04-20 18:07:00,2021,4,20,18,7,2B,2B033,AV DE LA LIBERATION,42.6824617966,9.4442439454,Plein jour,En agglomération,Intersection en T,Normale,Deux véhicules - côté,4,2,2,0,1,1,1,0,1,30,,2,1,0,0,1,16.0,58.0,,,1,2,3,1,3
202100043302,2021-04-10 16:30:00,2021,4,10,16,30,971,97113,SECTION DUNOYER,16.20852,-61.4672,Plein jour,En agglomération,Intersection en T,Normale,Deux véhicules - côté,2,2,2,0,1,1,1,0,1,50,,2,1,0,0,1,56.0,51.0,,,1,2,3,1,3
202100043303,2021-04-20 00:30:00,2021,4,20,0,30,95,95088,Route de Flandres,48.9615440055,2.4497848749,Nuit avec éclairage allumé,En agglomération,Hors intersection,Normale,Autre collision,3,3,4,0,1,1,1,0,1,50,,3,1,0,1,1,27.0,,,,5,2,1,1,6
202100043304,2021-04-20 19:15:00,2021,4,20,19,15,95,95476,RN 14,49.054591695,2.0560992483,Plein jour,Hors agglomération,Hors intersection,Normale,Deux véhicules - arrière,2,3,4,0,1,1,1,0,1,110,,2,1,1,0,0,25.0,28.0,,,1,1,1,1,2
202100043305,2021-04-19 12:30:00,2021,4,19,12,30,95,95572,RD 14,49.0418182129,2.1119847894,Plein jour,En agglomération,Giratoire,Normale,Deux véhicules - côté,3,3,1,0,2,1,1,0,1,50,,2,0,0,0,2,20.0,57.0,,,1,2,6,1,3
202100043306,2021-04-17 13:00:00,2021,4,17,13,0,87,87085,TURGOT (RUE),45.83171,1.25787,Plein jour,En agglomération,Hors intersection,Normale,Sans collision,4,1,2,0,2,1,1,0,1,50,,1,0,0,0,1,24.0,,,,1,2,1,1,7
202100043307,2021-04-17 09:20:00,2021,4,17,9,20,87,87085,DUTREIX (RUE ARMAND),45.83363,1.23005,Plein jour,En agglomération,Intersection en T,Normale,Deux véhicules - côté,4,2,2,0,1,1,1,0,1,50,,1,0,0,0,1,25.0,,,,1,2,3,1,3
202100043308,2021-04-19 16:00:00,2021,4,19,16,0,86,86194,Avenue Jacques Coeur,46.560387,0.386884,Plein jour,En agglomération,Hors intersection,Normale,Deux véhicules - arrière,4,2,2,0,1,1,1,0,1,50,,2,1,0,0,1,47.0,52.0,,,1,2,1,1,2
202100043309,2021-04-16 12:00:00,2021,4,16,12,0,83,83126,DE BUSSY (RUE CLAUDE),43.08115,5.89376,Plein jour,En agglomération,Hors intersection,Pluie forte,Autre collision,4,2,2,0,1,1,2,0,1,30,,2,1,0,1,0,28.0,,,,1,2,1,3,6
202100043310,2021-04-19 16:50:00,2021,4,19,16,50,80,80021,CHAPEAU DE VIOLETTES (RUE DU),49.89618,2.29642,Plein jour,En agglomération,Hors intersection,Normale,Autre collision,4,1,1,0,3,1,1,0,1,50,,2,1,0,0,1,45.0,,,,1,2,1,1,6
202100043311,2021-04-19 15:40:00,2021,4,19,15,40,80,80021,VIGNACOURT (RUE DE),49.90568,2.2895,Plein jour,En agglomération,Hors intersection,Normale,Deux véhicules - côté,4,2,2,0,3,1,1,0,1,50,,2,1,0,0,1,31.0,22.0,,,1,2,1,1,3
202100043312,2021-04-20 18:50:00,2021,4,20,18,50,77,77067,ROSE DES VENTS,48.57117,2.60011,Plein jour,En agglomération,Hors intersection,Normale,Autre collision,4,2,2,0,1,1,1,0,1,30,,2,1,0,0,1,,,,,1,2,1,1,6
202100043313,2021-04-20 19:10:00,2021,4,20,19,10,74,74012,BASTIN (RUE ALFRED),46.191505,6.238946,Plein jour,En agglomération,Intersection en X,Normale,Deux véhicules - côté,4,1,1,0,1,1,1,5,1,50,,3,2,0,0,1,29.0,28.0,,,1,2,2,1,3
202100043314,2021-04-19 12:20:00,2021,4,19,12,20,72,72181,CARNOT (BD),48.0044,0.1792,Plein jour,En agglomération,Hors intersection,Normale,Deux véhicules - frontale,4,2,2,0,1,1,1,0,1,50,,2,1,0,0,1,71.0,61.0,,,1,2,1,1,1
202100043315,2021-04-20 18:35:00,2021,4,20,18,35,68,68224,GAY-LUSSAC (RUE),47.74377,7.32933,Plein jour,En agglomération,Autre intersection,Normale,Deux véhicules - côté,4,2,2,1,1,1,1,0,5,50,,2,1,0,1,0,56.0,,,,1,2,9,1,3
202100043316,2021-04-19 07:45:00,2021,4,19,7,45,67,67043,OFFICIERS (RUE DES),48.611644,7.753061,Plein jour,En agglomération,Intersection en Y,Pluie légère,Deux véhicules - côté,4,1,1,2,1,1,2,9,1,30,,2,1,0,0,1,21.0,60.0,,,1,2,4,2,3
202100043317,2021-04-18 11:05:00,2021,4,18,11,5,67,67447,LAMARTINE (RUE),48.6130406873,7.7388234437,Plein jour,En agglomération,Hors intersection,Normale,Autre collision,4,2,2,0,1,1,1,0,1,30,,2,1,0,1,0,73.0,,,,1,2,1,1,6
202100043318,2021-04-17 01:10:00,2021,4,17,1,10,67,67482,MITTELHAUSBERGEN (ROUTE DE),48.59187,7.726097,Nuit avec éclairage allumé,En agglomération,Passage à niveau,Normale,Autre collision,4,2,2,0,1,1,1,4,1,50,,2,1,0,0,1,,,,,5,2,8,1,6
202100043319,2021-04-16 16:49:00,2021,4,16,16,49,67,67447,GENERAL DE GAULLE (ROUTE DU),48.5993967037,7.7399392426,Plein jour,En agglomération,Hors intersection,Normale,Deux véhicules - côté,4,2,4,1,1,1,1,0,1,30,,2,1,0,0,1,25.0,47.0,,,1,2,1,1,3
202100043320,2021-04-18 17:00:00,2021,4,18,17,0,66,66136,TIXEIRE (JOSEPH),42.69222,2.89152,Plein jour,En agglomération,Intersection en T,Normale,Deux véhicules - côté,4,1,1,0,1,1,1,0,1,50,,2,1,0,0,1,25.0,40.0,,,1,2,3,1,3
202100043321,2021-04-20 18:55:00,2021,4,20,18,55,59,59350,FAUBOURG D'ARRAS RUE,50.6083,3.05969,Plein jour,En agglomération,Autre intersection,Normale,Deux véhicules - frontale,7,4,2,3,1,1,1,9,1,50,,3,2,0,0,1,21.0,33.0,,,1,2,9,1,1
202100043322,2021-04-20 00:41:00,2021,4,20,0,41,57,57221,GRAND'RUE,49.32215,6.11406,Nuit avec éclairage allumé,En agglomération,Hors intersection,Normale,Deux véhicules - arrière,3,2,2,0,1,3,1,5,1,50,,2,1,0,0,1,22.0,57.0,,,5,2,1,1,2
202100043323,2021-04-19 14:15:00,2021,4,19,14,15,56,56098,SEMBAT ( ET IMP. MARCEL ),47.76560528,-3.34533423,Plein jour,En agglomération,Hors intersection,Normale,Sans collision,4,2,2,0,1,1,1,0,1,50,,1,0,0,0,1,45.0,,,,1,2,1,1,7
202100043324,2021-04-20 12:10:00,2021,4,20,12,10,53,53130,TRAPPISTINES ( BOULEVARD DES ),48.05985,-0.77606,Plein jour,En agglomération,Intersection en X,Normale,Deux véhicules - côté,3,2,2,0,1,1,1,5,1,50,,2,1,0,0,1,42.0,66.0,,,1,2,2,1,3
202100043325,2021-04-19 07:30:00,2021,4,19,7,30,50,50602,BOUIN (RUE JEAN),49.63351,-1.5862,Plein jour,En agglomération,Intersection en T,Normale,Deux véhicules - côté,4,2,2,0,1,1,1,0,1,50,,2,1,0,0,1,36.0,41.0,,,1,2,3,1,3
202100043326,2021-04-17 20:15:00,2021,4,17,20,15,49,49099,CERAMISTES (RUE DES),47.04886,-0.89964,Plein jour,En agglomération,Hors intersection,Normale,Autre collision,4,2,2,0,1,1,1,0,1,50,,1,0,0,1,0,14.0,,,,1,2,1,1,6
202100043327,2021-04-16 17:40:00,2021,4,16,17,40,49,49099,RICHELIEU (BOULEVARD DE),47.04607,-0.87712,Plein jour,En agglomération,Hors intersection,Normale,Deux véhicules - côté,9,2,2,1,2,3,1,0,1,50,,2,1,0,0,1,44.0,15.0,,,1,2,1,1,3
202100043328,2021-04-20 17:14:00,2021,4,20,17,14,49,49007,LETANDUERE,47.457433,-0.554087,Plein jour,En agglomération,Hors intersection,Normale,Sans collision,4,-1,2,0,1,1,1,0,1,50,,1,0,0,1,0,45.0,,,,1,2,1,1,7
202100043329,2021-04-15 08:00:00,2021,4,15,8,0,42,42237,Rue du Puits Rozan,45.4570875743,4.4248340428,Plein jour,En agglomération,Autre intersection,Normale,Deux véhicules - côté,4,2,2,0,1,1,1,0,1,50,,2,1,0,1,0,34.0,50.0,,,1,2,9,1,3
202100043330,2021-04-20 20:15:00,2021,4,20,20,15,42,42187,Rue Rabelais,46.04076,4.05637,Plein jour,En agglomération,Intersection en T,Temps couvert,Deux véhicules - côté,4,2,2,0,1,1,1,0,1,50,,2,1,0,1,0,37.0,29.0,,,1,2,3,8,3
202100043331,2021-04-20 11:50:00,2021,4,20,11,50,38,38185,Place Victor Hugo,45.18964,5.72483,Plein jour,En agglomération,Intersection en T,Normale,Autre collision,4,2,2,0,1,1,1,0,1,30,,2,1,0,1,0,29.0,,,,1,2,3,1,6
202100043332,2021-04-20 17:10:00,2021,4,20,17,10,33,33039,Rue des Frères Moga,44.80005,-0.55145,Plein jour,En agglomération,Intersection en X,Normale,Autre collision,4,2,2,3,1,1,1,4,6,50,,2,1,0,0,1,33.0,17.0,,,1,2,2,1,6
202100043333,2021-04-20 16:55:00,2021,4,20,16,55,33,33069,Avenue d’Eysines,44.8543392601,-0.5984374497,Plein jour,En agglomération,Intersection en X,Normale,Autre collision,4,2,3,2,1,1,1,5,1,50,,2,1,0,0,1,35.0,,,,1,2,2,1,6
202100043334,2021-04-19 20:25:00,2021,4,19,20,25,30,30189,ANDUZE (ROUTE OU ANCIENNE ROUTE),43.8692,4.2856,Crépuscule ou aube,Hors agglomération,Hors intersection,Normale,Deux véhicules - arrière,3,2,2,0,1,1,1,0,1,80,,2,1,0,1,0,23.0,50.0,,,2,1,1,1,2
202100043335,2021-04-17 22:40:00,2021,4,17,22,40,25,25388,AUDINCOURT (ROUTE D'),47.5044,6.8032,Nuit avec éclairage allumé,En agglomération,Intersection en Y,Normale,Sans collision,3,2,2,0,4,1,1,0,3,50,,3,0,0,1,2,20.0,,,,5,2,4,1,7
202100043336,2021-04-20 16:55:00,2021,4,20,16,55,15,15014,LINTILHAC (BOULEVARD EUGENE),44.930014,2.441839,Plein jour,En agglomération,Hors intersection,Normale,Autre collision,4,2,2,0,2,3,1,0,4,50,,1,0,0,0,1,42.0,,,,1,2,1,1,6
202100043337,2021-04-19 18:45:00,2021,4,19,18,45,14,14118,Avenue Henry Chéron,49.1739,-0.39102,Plein jour,En agglomération,Hors intersection,Normale,Deux véhicules - côté,4,2,2,0,1,1,1,0,1,50,,2,1,0,1,0,38.0,43.0,,,1,2,1,1,3
202100043338,2021-04-20 21:00:00,2021,4,20,21,0,13,13209,MARÉCHAL DE LATTRE (AVENUE),43.2461395339,5.4175428512,Nuit avec éclairage allumé,En agglomération,Hors intersection,Normale,Deux véhicules - frontale,4,2,2,0,1,1,1,0,1,50,,6,2,0,0,4,34.0,19.0,,,5,2,1,1,1
202100043339,2021-04-20 14:15:00,2021,4,20,14,15,13,13204,FRANÇOISE DUPARC (BOULEVARD),43.3050088522,5.4008570066,Plein jour,En agglomération,Hors intersection,Normale,Deux véhicules - côté,7,2,4,0,1,1,1,8,1,50,,2,1,0,1,0,61.0,27.0,,,1,2,1,1,3
202100043340,2021-04-19 18:30:00,2021,4,19,18,30,13,13063,ARISTIDE BRIAND BOULEVARD,43.58236,5.00347,Crépuscule ou aube,En agglomération,Intersection en X,Normale,Deux véhicules - frontale,4,2,2,0,1,1,1,5,1,50,,3,0,0,0,3,30.0,30.0,,,2,2,2,1,1
202100043341,2021-04-19 08:30:00,2021,4,19,8,30,10,10387,SALOMON RACHI (RUE),48.2888089915,4.0804553032,Plein jour,En agglomération,Intersection en X,Normale,Deux véhicules - côté,4,2,2,0,1,1,1,0,5,50,,3,1,0,0,2,36.0,20.0,,,1,2,2,1,3
202100043342,2021-04-20 16:34:00,2021,4,20,16,34,08,08105,ARAGON LOUIS.(BOULEVARD),49.7402000427,4.723405838,Plein jour,En agglomération,Intersection en T,Normale,Deux véhicules - côté,4,2,2,0,4,1,1,0,1,50,,2,1,0,1,0,37.0,63.0,,,1,2,3,1,3
202100043343,2021-04-20 07:05:00,2021,4,20,7,5,06,06123,TOUR CARREE CHEMIN DE LA,43.698798,7.17384,Plein jour,Hors agglomération,Intersection en T,Normale,Deux véhicules - côté,7,2,2,0,2,3,1,0,1,50,,2,1,0,0,1,30.0,51.0,,,1,1,3,1,3
202100043344,2021-04-20 17:35:00,2021,4,20,17,35,75,75117,BOULEVARD PERIPHERIQUE,48.8896605938,2.297325019,Plein jour,En agglomération,Hors intersection,Normale,Deux véhicules - côté,4,1,4,0,1,1,1,1,1,70,,2,1,0,0,1,35.0,63.0,,,1,2,1,1,3
202100043345,2021-04-19 15:00:00,2021,4,19,15,0,75,75112,ECHANGEUR BERCY,48.8283095658,2.3903809786,Plein jour,En agglomération,Intersection en Y,Normale,Deux véhicules - côté,4,1,3,0,1,1,1,0,1,50,,2,1,0,0,1,33.0,64.0,,,1,2,4,1,3
202100043346,2021-04-19 16:00:00,2021,4,19,16,0,75,75107,AVENUE BOSQUET,48.854814,2.305439,Plein jour,En agglomération,Hors intersection,Normale,Autre collision,4,2,2,3,1,1,1,-1,6,50,,2,1,0,1,0,74.0,,,,1,2,1,1,6
202100043347,2021-04-20 17:00:00,2021,4,20,17,0,75,75119,AVENUE SIMON BOLIVAR,48.880601,2.374046,Plein jour,En agglomération,Hors intersection,Normale,Deux véhicules - arrière,4,2,2,0,2,2,1,0,1,50,,2,1,0,0,1,64.0,29.0,,,1,2,1,1,2
202100043348,2021-04-19 23:30:00,2021,4,19,23,30,75,75119,AVENUE SIMON BOLIVAR,48.8763411814,2.3796856791,Nuit avec éclairage allumé,En agglomération,Intersection en X,Normale,Deux véhicules - côté,4,2,2,0,1,1,1,0,1,50,,2,1,0,0,1,31.0,33.0,,,5,2,2,1,3
202100043349,2021-04-20 16:45:00,2021,4,20,16,45,75,75116,ROUTE DE SEVRES A NEUILLY,48.874302,2.248574,Plein jour,En agglomération,Intersection en T,Normale,Autre collision,4,2,2,0,1,1,1,0,1,50,,2,1,0,0,1,54.0,,,,1,2,3,1,6
202100043350,2021-04-20 14:40:00,2021,4,20,14,40,75,75116,RUE NICOLO,48.86015,2.278107,Plein jour,En agglomération,Intersection en X,Normale,Autre collision,4,1,4,0,1,1,1,0,1,50,,2,1,0,0,1,55.0,,,,1,2,2,1,6
202100043351,2021-04-20 09:20:00,2021,4,20,9,20,75,75115,BOULEVARD PASTEUR,48.840387,2.315132,Plein jour,En agglomération,Intersection en X,Normale,Deux véhicules - côté,4,1,1,1,1,1,1,-1,5,50,,2,1,0,0,1,47.0,33.0,,,1,2,2,1,3
202100043352,2021-04-20 12:20:00,2021,4,20,12,20,75,75108,AVENUE DES CHAMPS ELYSEES,48.866722,2.317241,Plein jour,En agglomération,Hors intersection,Normale,Autre collision,4,2,10,1,1,1,1,-1,5,50,,2,0,0,0,2,30.0,,,,1,2,1,1,6
202100043353,2021-04-06 09:05:00,2021,4,6,9,5,75,75108,RUE DE LISBONNE,48.877829,2.317126,Plein jour,En agglomération,Hors intersection,Normale,Autre collision,4,1,1,0,1,1,1,0,1,50,,1,0,0,0,1,29.0,,,,1,2,1,1,6
202100043354,2021-04-20 12:40:00,2021,4,20,12,40,94,94080,Avenue Gabriel Péri,48.847065,2.443369,Plein jour,En agglomération,Hors intersection,Normale,Autre collision,4,1,1,0,1,1,1,0,1,30,,2,1,0,0,1,24.0,,,,1,2,1,1,6
202100043355,2021-04-20 19:10:00,2021,4,20,19,10,94,94044,Avenue de Valenton,48.742737,2.493321,Plein jour,En agglomération,Giratoire,Normale,Sans collision,3,4,2,0,1,2,1,0,1,50,,2,1,0,0,1,33.0,47.0,,,1,2,6,1,7
202100043356,2021-04-19 20:15:00,2021,4,19,20,15,94,94041,Rue Raspail,48.809391,2.389594,Plein jour,En agglomération,Hors intersection,Normale,Deux véhicules - côté,3,1,2,3,1,3,1,0,1,50,,2,0,0,0,2,25.0,32.0,,,1,2,1,1,3
202100043357,2021-04-19 20:00:00,2021,4,19,20,0,94,94059,GENERAL DE GAULLE (AV DU),48.8,2.57,Plein jour,En agglomération,Intersection en X,Normale,Deux véhicules - côté,3,2,2,0,1,1,1,5,1,50,,2,1,0,1,0,18.0,24.0,,,1,2,2,1,3
202100043358,2021-04-20 14:15:00,2021,4,20,14,15,93,93073,PICARDIE (RUE DE),48.9410104797,2.5714958252,Plein jour,En agglomération,Hors intersection,Normale,Autre collision,4,1,1,0,1,1,1,0,1,50,,2,1,0,1,0,43.0,,,,1,2,1,1,6
202100043359,2021-04-19 20:00:00,2021,4,19,20,0,93,93066,CARNOT (BOULEVARD),48.93853,2.35634,Plein jour,En agglomération,Intersection en X,Normale,Deux véhicules - côté,4,1,2,0,1,1,1,8,1,50,,3,2,0,0,1,19.0,35.0,,,1,2,2,1,3
202100043360,2021-04-18 17:20:00,2021,4,18,17,20,93,93053,STAINS (ROUTE DE),48.9047585877,2.4701290369,Plein jour,En agglomération,Hors intersection,Normale,Autre collision,3,1,2,0,1,1,1,0,1,50,,2,1,0,0,1,24.0,,,,1,2,1,1,6
202100043361,2021-04-20 18:10:00,2021,4,20,18,10,93,93048,VALMY (RUE DE),48.85076,2.41827,Plein jour,En agglomération,Intersection en X,Normale,Deux véhicules - côté,4,2,2,0,1,1,1,0,1,50,,2,0,0,0,2,27.0,32.0,,,1,2,2,1,3
202100043362,2021-04-20 09:50:00,2021,4,20,9,50,93,93048,PARIS (RUE DE),48.8560650686,2.4248278532,Plein jour,En agglomération,Hors intersection,Normale,Autre collision,4,2,2,0,1,2,1,0,1,50,,2,1,0,0,1,53.0,,,,1,2,1,1,6
202100043363,2021-04-19 20:10:00,2021,4,19,20,10,93,93045,PARIS RUE DE,48.88303,2.4265,Plein jour,En agglomération,Hors intersection,Normale,Autre collision,3,2,2,0,1,1,1,0,1,50,,3,2,0,0,1,22.0,35.0,,,1,2,1,1,6
202100043364,2021-04-20 19:25:00,2021,4,20,19,25,93,93031,REPUBLIQUE (AVENUE),48.947,2.34271,Plein jour,En agglomération,Intersection à plus de 4 branches,Normale,Deux véhicules - frontale,3,4,4,0,1,1,1,4,1,50,,2,1,0,0,1,27.0,37.0,,,1,2,5,1,1
202100043365,2021-04-19 16:00:00,2021,4,19,16,0,93,93029,HENRI BARBUSSE (AVE) N°126-280,48.92265,2.45699,Plein jour,En agglomération,Autre intersection,Normale,Deux véhicules - côté,4,2,2,0,1,1,1,0,1,50,,2,1,0,0,1,27.0,24.0,,,1,2,9,1,3
202100043366,2021-04-20 20:30:00,2021,4,20,20,30,93,93027,VAILLANT-COUTURIER (AVENUE PAUL),48.92716,2.41749,Crépuscule ou aube,En agglomération,Hors intersection,Normale,Deux véhicules - frontale,3,1,2,0,1,1,1,0,1,50,,3,2,1,0,0,26.0,,,,2,2,1,1,1
202100043367,2021-04-20 09:00:00,2021,4,20,9,0,93,93057,JAURES (AV. JEAN) 125 A FIN,48.90285,2.5083,Plein jour,En agglomération,Intersection en X,Normale,Deux véhicules - côté,3,2,2,0,1,1,1,5,1,50,,3,2,0,0,1,,52.0,,,1,2,2,1,3
202100043368,2021-04-20 18:20:00,2021,4,20,18,20,93,93008,MICHEL (RUE LOUISE),48.9123028942,2.4438893795,Plein jour,En agglomération,Hors intersection,Normale,Autre collision,4,2,2,0,1,1,1,0,1,50,,2,1,0,0,1,,,,,1,2,1,1,6
202100043369,2021-04-20 09:00:00,2021,4,20,9,0,93,93005,MAXIMILIEN ROBESPIERRE (RUE),48.94817,2.50206,Plein jour,En agglomération,Hors intersection,Normale,Deux véhicules - côté,4,1,1,0,1,1,1,0,8,10,,2,1,0,0,1,29.0,63.0,,,1,2,1,1,3
202100043370,2021-04-20 18:00:00,2021,4,20,18,0,92,92064,BUZENVAL,48.8518171751,2.2055000067,Plein jour,En agglomération,Intersection en X,Normale,Deux véhicules - côté,3,2,2,0,1,1,1,0,1,50,,2,1,0,0,1,48.0,20.0,,,1,2,2,1,3
202100043371,2021-04-19 19:20:00,2021,4,19,19,20,92,92062,FRANCE (RUE  ANATOLE) N° 2 AU 20,48.882538402,2.2398901443,Plein jour,En agglomération,Intersection à plus de 4 branches,Normale,Deux véhicules - côté,4,2,2,0,1,1,1,0,1,50,,2,0,0,0,2,19.0,26.0,,,1,2,5,1,3
202100043372,2021-04-18 20:15:00,2021,4,18,20,15,92,92050,REPUBLIQUE AVENUE DE LA,48.9118989213,2.222969234,Crépuscule ou aube,En agglomération,Intersection en T,Normale,Deux véhicules - frontale,3,2,2,0,1,1,1,0,1,50,,2,0,0,0,2,38.0,25.0,,,2,2,3,1,1
202100043373,2021-04-20 17:15:00,2021,4,20,17,15,92,92024,MARTRE (RUE) DE (59 A 109)   (58 A 120),48.9042372137,2.3049241304,Plein jour,En agglomération,Hors intersection,Normale,Deux véhicules - côté,3,1,3,1,1,1,1,0,5,50,,2,1,0,0,1,49.0,48.0,,,1,2,1,1,3
202100043374,2021-04-19 14:40:00,2021,4,19,14,40,92,92024,VICTOR HUGO (BD),48.8999045499,2.3144620657,Plein jour,En agglomération,Intersection en T,Normale,Deux véhicules - côté,3,2,2,0,1,1,1,0,1,50,,2,1,0,0,1,19.0,60.0,,,1,2,3,1,3
202100043375,2021-04-20 17:35:00,2021,4,20,17,35,92,92023,PORTE DE TRIVAUX (RUE DE LA) N°1 A 55 ET,48.7877868225,2.2481197357,Plein jour,En agglomération,Hors intersection,Normale,Deux véhicules - côté,3,2,2,1,1,1,1,0,5,50,,2,1,0,0,1,40.0,23.0,,,1,2,1,1,3
202100043376,2021-04-20 12:20:00,2021,4,20,12,20,92,92012,GENERAL LECLERC (AVENUE DU) 35/FIN - 60/,48.8298792187,2.2310560942,Plein jour,En agglomération,Intersection en Y,Normale,Deux véhicules - côté,3,2,3,0,1,1,1,0,1,50,,2,1,0,1,0,31.0,53.0,,,1,2,4,1,3
202100043377,2021-04-20 18:55:00,2021,4,20,18,55,31,31186,62 Chemin de Raudelauzette,43.677673,1.43341,Plein jour,En agglomération,Intersection en T,Normale,Deux véhicules - côté,4,2,2,0,1,1,1,0,1,50,,2,1,0,1,0,17.0,26.0,,,1,2,3,1,3
202100043378,2021-04-21 08:00:00,2021,4,21,8,0,44,44099,La Pinais,47.619128,-1.335289,Plein jour,Hors agglomération,Hors intersection,Normale,Autre collision,4,-1,1,0,1,1,1,0,8,50,,2,1,1,0,0,31.0,,,,1,1,1,1,6
202100043379,2021-04-20 17:44:00,2021,4,20,17,44,31,31157,Route de Toulouse,43.545399,1.350932,Plein jour,En agglomération,Giratoire,Normale,Deux véhicules - côté,7,3,2,1,1,1,1,0,1,50,,2,1,0,0,1,32.0,13.0,,,1,2,6,1,3
202100043380,2021-04-19 18:40:00,2021,4,19,18,40,51,51291,Place de la Mairie,49.335689,3.910014,Plein jour,En agglomération,Hors intersection,Normale,Sans collision,3,2,2,0,1,3,1,5,1,50,,1,0,0,1,0,19.0,,,,1,2,1,1,7