accident_id,datetime,annee,mois,jour,heure,minute,departement,commune_insee,adresse,latitude,longitude,luminosite,agglomeration,intersection,meteo,collision,catr,circ,nbv,vosp,prof,plan,surf,infra,situ,vma,nb_vehicules,nb_usagers,nb_indemnes,nb_tues,nb_blesses_hosp,nb_blesses_legers,age_cond_1,age_cond_2,veh_type_cond_1,veh_type_cond_2,lum_code,agg_code,int_code,atm_code,col_code
202100043381,2021-04-20 15:45:00,2021,4,20,15,45,49,49050,Rue de Rollée BRISSAC QUINCE,47.354234,-0.450284,Plein jour,En agglomération,Hors intersection,Normale,Autre collision,4,2,2,0,4,2,1,0,8,50,,1,0,0,1,0,13.0,,,,1,2,1,1,6
202100043382,2021-04-21 11:10:00,2021,4,21,11,10,38,38256,Le Vernay,45.456691,5.545349,Plein jour,Hors agglomération,Intersection en X,Normale,Deux véhicules - arrière,3,2,2,1,1,1,1,0,1,70,,4,3,0,0,1,73.0,50.0,,,1,1,2,1,2
202100043383,2021-04-20 13:50:00,2021,4,20,13,50,02,02293,Rue Eugène Lemaire,49.939614,3.456649,Plein jour,En agglomération,Intersection en X,Normale,Deux véhicules - côté,3,2,2,0,1,1,1,0,1,50,,2,1,0,1,0,57.0,19.0,,,1,2,2,1,3
202100043384,2021-04-20 10:00:00,2021,4,20,10,0,18,18225,D943,46.555076,2.279475,Plein jour,Hors agglomération,Hors intersection,Normale,Deux véhicules - arrière,3,2,2,0,1,1,1,8,1,90,,2,0,0,1,1,53.0,74.0,,,1,1,1,1,2
202100043385,2021-04-20 14:25:00,2021,4,20,14,25,16,16003, Lieu-dit les Camus,45.789223,0.342231,Plein jour,En agglomération,Hors intersection,Normale,Autre collision,3,2,2,0,4,3,1,0,3,50,,1,0,1,0,0,16.0,,,,1,2,1,1,6
202100043386,2021-04-20 19:35:00,2021,4,20,19,35,07,07035,Le crouzet,44.91616,4.68266,Crépuscule ou aube,Hors agglomération,Hors intersection,Normale,Autre collision,3,2,2,0,1,3,1,0,1,80,,2,1,0,0,1,67.0,,,,2,1,1,1,6
202100043387,2021-04-20 12:19:00,2021,4,20,12,19,27,27377,D6,49.395544,1.489742,Plein jour,Hors agglomération,Hors intersection,Normale,Autre collision,3,2,2,0,2,2,1,0,1,80,,1,0,0,1,0,29.0,,,,1,1,1,1,6
202100043388,2021-04-20 18:45:00,2021,4,20,18,45,23,23024,Rue de la Chapuzerie,45.950434,2.116477,Crépuscule ou aube,Hors agglomération,Hors intersection,Pluie forte,Deux véhicules - frontale,4,2,2,0,1,3,2,0,1,70,,2,1,0,1,0,72.0,24.0,,,2,1,1,3,1
202100043389,2021-04-18 18:40:00,2021,4,18,18,40,77,77451,Rue Robert Soulat,48.927484,3.073562,Plein jour,Hors agglomération,Intersection en X,Normale,Deux véhicules - côté,3,2,2,0,2,1,1,0,1,50,,3,1,0,0,2,61.0,25.0,,,1,1,2,1,3
202100043390,2021-04-16 05:15:00,2021,4,16,5,15,84,84063,N86,44.270806,4.698758,Nuit sans éclairage public,Hors agglomération,Autre intersection,Normale,Deux véhicules - côté,2,2,2,0,1,1,1,0,1,80,,2,1,0,1,0,34.0,55.0,,,3,1,9,1,3
202100043391,2021-04-20 16:00:00,2021,4,20,16,0,13,13015,D8n,43.456079,5.402843,Plein jour,En agglomération,Intersection en T,Normale,Sans collision,7,2,2,0,1,1,1,0,8,50,,3,1,0,0,2,17.0,,,,1,2,3,1,7
202100043392,2021-04-20 16:50:00,2021,4,20,16,50,89,89077,D606,47.760633,3.609921,Plein jour,En agglomération,Hors intersection,Normale,Autre collision,3,2,2,0,1,1,1,0,8,70,,1,0,0,1,0,52.0,,,,1,2,1,1,6
202100043393,2021-04-20 18:30:00,2021,4,20,18,30,74,74158,D1206,46.259986,6.320829,Plein jour,Hors agglomération,Hors intersection,Normale,Sans collision,3,3,4,0,1,1,1,0,1,110,,1,0,0,1,0,39.0,,,,1,1,1,1,7
202100043394,2021-04-20 17:05:00,2021,4,20,17,5,07,07097,RD 222,45.01186,4.835728,Plein jour,Hors agglomération,Hors intersection,Normale,Autre collision,3,2,2,0,1,2,1,0,1,80,,1,0,0,0,1,28.0,,,,1,1,1,1,6
202100043395,2021-04-19 23:20:00,2021,4,19,23,20,02,02595,route du champagne,49.069772,3.565981,Nuit sans éclairage public,Hors agglomération,Hors intersection,Normale,Sans collision,3,2,2,0,1,1,1,0,3,80,,2,1,0,0,1,20.0,,,,3,1,1,1,7
202100043396,2021-04-19 14:15:00,2021,4,19,14,15,13,13055,A507 sens Marseille - Aubagne,43.3107592406,5.424477683,Plein jour,Hors agglomération,Hors intersection,Normale,Deux véhicules - côté,1,1,4,0,1,1,1,1,1,70,,5,1,0,0,4,21.0,19.0,,,1,1,1,1,3
202100043397,2021-04-19 16:26:00,2021,4,19,16,26,13,13033,A55-Sens Marseille vers Martigues,43.37474,5.19763,Plein jour,Hors agglomération,Hors intersection,Normale,Trois véhicules et plus - collisions multiples,1,-1,2,0,1,1,1,0,1,110,,3,2,0,0,1,59.0,25.0,,,1,1,1,1,5
202100043398,2021-04-19 07:40:00,2021,4,19,7,40,13,13211,A50-Sens Marseille vers Aubagne,43.28647,5.43247,Plein jour,En agglomération,Hors intersection,Normale,Sans collision,1,3,3,0,1,1,1,3,1,70,,2,1,0,0,1,31.0,,,,1,2,1,1,7
202100043399,2021-04-18 20:36:00,2021,4,18,20,36,13,13055,A507,43.32514,5.42148,Plein jour,Hors agglomération,Hors intersection,Normale,Autre collision,1,1,3,0,1,3,1,3,1,70,,3,2,0,0,1,24.0,,,,1,1,1,1,6
202100043400,2021-04-19 16:50:00,2021,4,19,16,50,67,67482,M351,48.58729,7.71379,Plein jour,Hors agglomération,Hors intersection,Normale,Trois véhicules et plus - en chaîne,7,1,3,0,1,1,1,2,1,90,,3,2,0,0,1,40.0,28.0,,,1,1,1,1,4
202100043401,2021-04-19 18:05:00,2021,4,19,18,5,67,67482,M35,48.58103,7.72418,Plein jour,Hors agglomération,Hors intersection,Normale,Trois véhicules et plus - en chaîne,7,3,4,0,1,1,1,0,1,90,,3,2,0,0,1,60.0,40.0,,,1,1,1,1,4
202100043402,2021-04-19 17:22:00,2021,4,19,17,22,91,91521,RN 104,48.63611,2.40298,Plein jour,Hors agglomération,Hors intersection,Normale,Trois véhicules et plus - collisions multiples,2,1,3,0,3,2,1,2,1,30,,3,2,0,0,1,73.0,50.0,,,1,1,1,1,5
202100043403,2021-04-20 17:10:00,2021,4,20,17,10,78,78007,A13W,48.897143,2.006424,Plein jour,Hors agglomération,Hors intersection,Normale,Trois véhicules et plus - en chaîne,1,3,4,0,2,1,1,0,1,110,,4,2,0,0,2,32.0,38.0,,,1,1,1,1,4
202100043404,2021-04-20 21:05:00,2021,4,20,21,5,93,93051,A4,48.8348602069,2.5787440762,Nuit sans éclairage public,Hors agglomération,Hors intersection,Normale,Deux véhicules - arrière,1,3,4,0,1,1,1,0,1,110,,2,1,0,1,0,40.0,20.0,,,3,1,1,1,2
202100043405,2021-04-07 23:05:00,2021,4,7,23,5,988,98818,BENEBIG (RUE AUGUSTE),-22.27093,166.45259,Nuit avec éclairage allumé,En agglomération,Hors intersection,Normale,Autre collision,4,2,3,0,2,1,1,0,8,50,,2,1,0,1,0,36.0,,,,5,2,1,1,6
202100043406,2021-03-03 11:00:00,2021,3,3,11,0,976,97611,tsoundzou-Mangadzia  Tsoundzou 2 (rue ),-12.81665,45.19866,Plein jour,En agglomération,Hors intersection,Normale,Autre collision,2,2,0,0,1,1,1,0,1,50,,2,1,0,0,1,35.0,,,,1,2,1,1,6
202100043407,2021-04-19 12:55:00,2021,4,19,12,55,974,97411,LITTORAL (ROUTE 1 DU),-20.87691,55.43792,Plein jour,En agglomération,Hors intersection,Normale,Sans collision,2,1,1,0,1,3,1,8,1,50,,1,0,0,1,0,24.0,,,,1,2,1,1,7
202100043408,2021-04-19 11:35:00,2021,4,19,11,35,974,97411,Avenue Leconte de Lisle,-20.89341,55.48518,Plein jour,En agglomération,Hors intersection,Temps couvert,Deux véhicules - frontale,4,2,-1,3,1,1,1,9,6,50,,2,1,0,0,1,20.0,,,,1,2,1,8,1
202100043409,2021-04-18 18:05:00,2021,4,18,18,5,974,97409,BRAS DES CHEVRETTES (chemin),-20.95816,55.62632,Nuit avec éclairage allumé,Hors agglomération,Hors intersection,Temps couvert,Deux véhicules - frontale,3,2,2,0,1,1,1,9,8,90,,4,2,0,1,1,20.0,18.0,,,5,1,1,8,1
202100043410,2021-04-19 18:55:00,2021,4,19,18,55,973,97302,RECTORAT (ROND POINT),4.92952,-52.303,Nuit avec éclairage allumé,En agglomération,Hors intersection,Pluie légère,Sans collision,3,-1,1,0,1,3,2,0,1,50,,1,0,0,0,1,23.0,,,,5,2,1,2,7
202100043411,2021-04-19 09:36:00,2021,4,19,9,36,973,97302,MADELEINE (ROUTE DE LA),4.9130963165,-52.3208112718,Plein jour,En agglomération,Hors intersection,Normale,Autre collision,3,2,1,0,1,1,1,0,1,50,,2,1,0,0,1,26.0,69.0,,,1,2,1,1,6
202100043412,2021-04-19 08:20:00,2021,4,19,8,20,973,97302,CATAYEE (JUSTIN),4.9422596619,-52.331285784,Plein jour,En agglomération,Intersection en X,Normale,Autre collision,4,-1,1,0,1,1,1,0,1,50,,3,2,0,0,1,,36.0,,,1,2,2,1,6
202100043413,2021-04-19 07:14:00,2021,4,19,7,14,973,97302,ROUTE NATIONALE 1,4.91198,-52.32753,Crépuscule ou aube,Hors agglomération,Hors intersection,Pluie légère,Autre collision,2,1,1,0,1,1,2,0,1,80,,3,1,0,0,2,19.0,,,,2,1,1,2,6
202100043414,2021-04-19 18:05:00,2021,4,19,18,5,69,69387,GAMBETTA (CR),45.75156,4.85357,Plein jour,En agglomération,Intersection en X,Normale,Deux véhicules - côté,4,1,2,3,1,1,1,0,6,50,,2,1,0,0,1,51.0,19.0,,,1,2,2,1,3
202100043415,2021-04-19 16:15:00,2021,4,19,16,15,69,69149,COMMUNE DE PARIS (DE LA) (R),45.7173717429,4.8056280613,Plein jour,En agglomération,Autre intersection,Normale,Trois véhicules et plus - en chaîne,4,2,2,0,1,1,1,0,1,50,,3,2,0,0,1,40.0,56.0,,,1,2,9,1,4
202100043416,2021-04-18 23:25:00,2021,4,18,23,25,95,95268,BD DE LA MUETTE,48.976653,2.414103,Nuit avec éclairage allumé,En agglomération,Hors intersection,Normale,Deux véhicules - frontale,4,2,2,0,1,1,1,0,1,50,,3,0,0,0,3,36.0,35.0,,,5,2,1,1,1
202100043417,2021-04-19 15:25:00,2021,4,19,15,25,95,95280,Rue le Notre,49.0186405998,2.4601171513,Plein jour,En agglomération,Hors intersection,Normale,Sans collision,4,2,2,0,1,2,1,0,1,70,,1,0,0,0,1,38.0,,,,1,2,1,1,7
202100043418,2021-04-16 09:00:00,2021,4,16,9,0,91,91589,AV JEAN ALLEMANE,48.686987,2.34126,Plein jour,En agglomération,Intersection en T,Normale,Autre collision,4,2,2,0,1,1,1,5,1,50,,2,1,0,0,1,31.0,,,,1,2,3,1,6
202100043419,2021-04-19 19:45:00,2021,4,19,19,45,91,91223,R.D.20,48.42368,2.14043,Plein jour,En agglomération,Hors intersection,Normale,Trois véhicules et plus - en chaîne,3,3,4,0,2,1,1,0,1,90,,5,2,0,2,1,32.0,46.0,,,1,2,1,1,4
202100043420,2021-04-18 21:20:00,2021,4,18,21,20,84,84087,TANNEURS (RUE DES),44.13803,4.80367,Nuit avec éclairage allumé,En agglomération,Hors intersection,Normale,Deux véhicules - frontale,3,1,1,0,1,1,1,0,1,50,,2,1,0,1,0,23.0,,,,5,2,1,1,1
202100043421,2021-04-17 11:20:00,2021,4,17,11,20,84,84031,MONT VENTOUX AVENUE DU,44.05572,5.05229,Plein jour,En agglomération,Hors intersection,Normale,Autre collision,3,2,2,0,1,1,1,0,1,50,,2,1,0,1,0,70.0,,,,1,2,1,1,6
202100043422,2021-04-16 16:30:00,2021,4,16,16,30,84,84007,VENUS D'ARLES (Rue de la),43.92999,4.81911,Plein jour,En agglomération,Hors intersection,Normale,Deux véhicules - arrière,4,-1,1,1,1,1,1,0,1,50,,2,1,0,1,0,40.0,54.0,,,1,2,1,1,2
202100043423,2021-04-17 19:25:00,2021,4,17,19,25,80,80131,RD 934,49.84299,2.42651,Plein jour,Hors agglomération,Hors intersection,Normale,Trois véhicules et plus - en chaîne,3,2,2,0,1,1,1,0,1,80,,3,1,0,0,2,34.0,57.0,,,1,1,1,1,4
202100043424,2021-04-15 18:10:00,2021,4,15,18,10,78,78686,GENERAL LECLERC (AVENUE DU),48.80079,2.16204,Plein jour,En agglomération,Intersection en X,Normale,Deux véhicules - côté,3,2,4,0,1,1,1,0,1,50,,3,1,0,1,1,34.0,32.0,,,1,2,2,1,3
202100043425,2021-03-20 15:00:00,2021,3,20,15,0,78,78073,RAVEL (RUE MAURICE),48.800917,2.026055,Plein jour,En agglomération,Intersection en X,Normale,Autre collision,4,2,2,0,1,1,1,0,1,50,,2,1,0,1,0,32.0,,,,1,2,2,1,6
202100043426,2021-04-16 22:05:00,2021,4,16,22,5,76,76351,route de l estuaire,49.46332,0.18353,Nuit avec éclairage allumé,Hors agglomération,Hors intersection,Normale,Autre collision,9,2,2,0,1,1,1,7,8,50,,1,0,0,0,1,49.0,,,,5,1,1,1,6
202100043427,2021-04-17 14:30:00,2021,4,17,14,30,76,76351,DUME D'APLEMONT,49.4975,0.12569,Plein jour,En agglomération,Intersection en X,Normale,Deux véhicules - côté,4,2,2,0,1,1,1,0,1,50,,3,1,0,0,2,43.0,18.0,,,1,2,2,1,3
202100043428,2021-04-17 12:15:00,2021,4,17,12,15,76,76305,SAINT LAURENT (ROUTE DE),49.52367,0.22521,Plein jour,En agglomération,Intersection en T,Normale,Deux véhicules - arrière,3,2,2,0,1,1,1,0,1,50,,2,1,0,1,0,76.0,45.0,,,1,2,3,1,2
202100043429,2021-04-16 12:10:00,2021,4,16,12,10,67,67482,EUROPE (AVENUE DE L ),48.59482,7.77341,Plein jour,En agglomération,Hors intersection,Normale,Autre collision,4,4,1,0,2,1,1,9,6,20,,2,1,0,0,1,,,,,1,2,1,1,6
202100043430,2021-04-17 12:53:00,2021,4,17,12,53,66,66136,DALBIEZ (AVENUE VICTOR),42.68463,2.88208,Plein jour,En agglomération,Intersection en T,Normale,Deux véhicules - côté,4,2,2,0,1,1,1,0,1,50,,2,1,0,0,1,28.0,23.0,,,1,2,3,1,3
202100043431,2021-04-19 18:05:00,2021,4,19,18,5,65,65417,REPUBLIQUE (RUE DE LA),43.22873,0.10232,Plein jour,En agglomération,Intersection en T,Normale,Deux véhicules - côté,3,2,2,0,1,2,1,0,1,30,,2,1,0,0,1,63.0,63.0,,,1,2,3,1,3
202100043432,2021-04-19 10:30:00,2021,4,19,10,30,64,64348,DIDIER DAURAT,43.32936,-0.37977,Plein jour,En agglomération,Intersection en T,Normale,Deux véhicules - côté,4,2,4,0,1,1,1,0,1,50,,2,1,0,0,1,71.0,61.0,,,1,2,3,1,3
202100043433,2021-04-18 19:05:00,2021,4,18,19,5,64,64129,JULES GOIS,43.31485,-0.38388,Plein jour,En agglomération,Intersection en X,Normale,Deux véhicules - côté,4,2,2,0,1,1,1,0,1,50,,6,5,0,0,1,22.0,22.0,,,1,2,2,1,3
202100043434,2021-04-20 00:15:00,2021,4,20,0,15,59,59350,DEFRENNE ADOLPHE RUE,50.65049,2.98365,Nuit avec éclairage allumé,En agglomération,Giratoire,Normale,Deux véhicules - côté,4,1,2,0,1,1,1,0,1,50,,2,0,0,0,2,27.0,21.0,,,5,2,6,1,3
202100043435,2021-04-18 20:00:00,2021,4,18,20,0,59,59507,JAURES JEAN AVENUE.,50.602369,3.078933,Plein jour,En agglomération,Hors intersection,Normale,Deux véhicules - frontale,4,2,2,0,1,1,1,0,1,50,,3,0,0,3,0,24.0,19.0,,,1,2,1,1,1
202100043436,2021-03-20 17:50:00,2021,3,20,17,50,57,57630,GAULLE (AV GAL DE),48.72853,7.0493,Plein jour,En agglomération,Hors intersection,Normale,Autre collision,4,2,2,0,1,1,1,0,1,50,,2,1,0,1,0,68.0,,,,1,2,1,1,6
202100043437,2021-04-19 15:30:00,2021,4,19,15,30,51,51454,Rue de Bezannes,49.243406689,4.0087730538,Plein jour,En agglomération,Hors intersection,Normale,Sans collision,4,2,2,0,1,1,1,0,4,50,,1,0,0,1,0,74.0,,,,1,2,1,1,7
202100043438,2021-04-19 14:56:00,2021,4,19,14,56,49,49007,GASNIER AVENUE,47.48189,-0.5679,Plein jour,En agglomération,Hors intersection,Normale,Deux véhicules - arrière,4,-1,2,0,1,1,1,0,1,50,,2,1,0,0,1,17.0,42.0,,,1,2,1,1,2
202100043439,2021-04-19 14:05:00,2021,4,19,14,5,49,49007,RAMON BOULEVARD,47.4878126757,-0.5422031879,Plein jour,En agglomération,Hors intersection,Normale,Trois véhicules et plus - collisions multiples,4,-1,2,0,1,1,1,0,1,50,,5,3,0,0,2,50.0,29.0,,,1,2,1,1,5
202100043440,2021-04-19 07:31:00,2021,4,19,7,31,49,49007,auriol,47.4925,-0.56537,Crépuscule ou aube,En agglomération,Hors intersection,Normale,Deux véhicules - côté,4,-1,2,0,1,1,1,0,1,50,,2,1,0,0,1,63.0,24.0,,,2,2,1,1,3
202100043441,2021-04-19 18:20:00,2021,4,19,18,20,47,47031,Avenue de Bigorre,44.18801,0.63086,Plein jour,En agglomération,Intersection en X,Normale,Deux véhicules - arrière,3,2,2,0,1,1,1,5,1,50,,2,1,0,0,1,38.0,20.0,,,1,2,2,1,2
202100043442,2021-03-12 14:37:00,2021,3,12,14,37,38,38053,Boulevard Joliot Curie,45.59182,5.25218,Plein jour,En agglomération,Hors intersection,Normale,Autre collision,3,2,2,0,1,1,1,8,8,50,,2,1,0,1,0,43.0,,,,1,2,1,1,6
202100043443,2021-04-19 22:00:00,2021,4,19,22,0,35,35238,ARMORIQUE (BD D'),48.1314,-1.6725,Nuit avec éclairage allumé,En agglomération,Intersection en X,Normale,Deux véhicules - côté,4,3,3,0,1,1,1,5,1,50,,3,2,0,0,1,27.0,45.0,,,5,2,2,1,3
202100043444,2021-04-17 11:55:00,2021,4,17,11,55,34,34032,MOULIN JEAN (AV),43.34795,3.22185,Plein jour,En agglomération,Hors intersection,Normale,Autre collision,4,2,2,0,1,1,1,0,8,50,,2,1,0,1,0,88.0,,,,1,2,1,1,6
202100043445,2021-04-19 15:25:00,2021,4,19,15,25,33,33318,Avenue Gustave Eiffel,44.78603,-0.64073,Plein jour,En agglomération,Intersection en T,Normale,Deux véhicules - côté,4,2,2,0,1,1,1,0,1,50,,2,1,0,0,1,24.0,36.0,,,1,2,3,1,3
202100043446,2021-04-19 11:20:00,2021,4,19,11,20,33,33550,Chemin de Couhins,44.7570085976,-0.5717530874,Plein jour,En agglomération,Autre intersection,Normale,Deux véhicules - arrière,4,2,2,0,1,1,1,0,1,50,,2,1,0,0,1,59.0,55.0,,,1,2,9,1,2
202100043447,2021-04-19 06:30:00,2021,4,19,6,30,33,33529,,44.64705,-1.15756,Nuit sans éclairage public,En agglomération,Giratoire,Normale,Deux véhicules - côté,3,2,2,0,1,1,1,5,1,50,,2,1,0,1,0,83.0,44.0,,,3,2,6,1,3
202100043448,2021-04-19 19:45:00,2021,4,19,19,45,30,30243,MONTEZE (ROUTE DE),44.07046,4.09703,Plein jour,En agglomération,Hors intersection,Normale,Deux véhicules - frontale,4,2,2,0,1,1,1,0,1,50,,2,0,0,1,1,49.0,35.0,,,1,2,1,1,1
202100043449,2021-04-19 16:55:00,2021,4,19,16,55,29,29039,Carrefour D44 - Chemin du Vuzut,47.92075,-3.91728,Plein jour,Hors agglomération,Intersection en X,Normale,Deux véhicules - côté,3,2,2,0,1,1,1,5,1,80,,2,1,0,0,1,72.0,41.0,,,1,1,2,1,3
202100043450,2021-04-19 09:15:00,2021,4,19,9,15,28,28134,FENOTS (AVENUE DES),48.74019,1.35001,Plein jour,En agglomération,Intersection en T,Normale,Deux véhicules - côté,3,-1,2,0,1,1,1,0,1,50,,2,1,0,0,1,54.0,19.0,,,1,2,3,1,3
202100043451,2021-04-15 15:35:00,2021,4,15,15,35,24,24322,MACE ( RUE JEAN),45.18436,0.7301,Plein jour,En agglomération,Intersection en T,Normale,Deux véhicules - côté,4,2,0,0,1,1,1,0,1,50,,3,1,0,1,1,12.0,68.0,,,1,2,3,1,3
202100043452,2021-04-17 11:00:00,2021,4,17,11,0,24,24322,BLANC (RUE  LOUIS),45.18727,0.71056,Plein jour,En agglomération,Intersection en X,Normale,Deux véhicules - côté,4,1,1,0,1,1,1,0,1,50,,4,2,0,2,0,29.0,22.0,,,1,2,2,1,3
202100043453,2021-04-19 06:21:00,2021,4,19,6,21,21,21231,Rue des Perrières,47.323279066,5.0218033791,Crépuscule ou aube,En agglomération,Autre intersection,Normale,Deux véhicules - côté,4,2,2,0,1,3,1,0,1,50,,2,0,0,1,1,56.0,19.0,,,2,2,9,1,3
202100043454,2021-04-19 12:20:00,2021,4,19,12,20,13,13206,LIEUTAUD (COURS),43.2867516871,5.3853486687,Plein jour,En agglomération,Intersection en X,Normale,Deux véhicules - côté,4,2,2,0,1,1,1,0,1,50,,2,1,0,1,0,28.0,48.0,,,1,2,2,1,3
202100043455,2021-04-18 11:20:00,2021,4,18,11,20,11,11069,ROCADE NORD - RD 6113,43.2337,2.36733,Plein jour,Hors agglomération,Giratoire,Normale,Autre collision,3,3,2,0,1,3,1,5,1,80,,1,0,0,0,1,70.0,,,,1,1,6,1,6
202100043456,2021-04-18 11:35:00,2021,4,18,11,35,10,10387,HAUTS CLOS (RUE DES),48.2826407715,4.0775156021,Plein jour,En agglomération,Hors intersection,Normale,Autre collision,4,1,1,0,1,1,1,0,1,50,,2,1,0,0,1,17.0,,,,1,2,1,1,6
202100043457,2021-04-19 19:55:00,2021,4,19,19,55,07,07102,SADI-CARNOT (AV.) [DU N° AU N°],44.92533,4.86922,Plein jour,En agglomération,Giratoire,Normale,Sans collision,4,1,1,0,1,2,1,5,1,50,,1,0,0,0,1,23.0,,,,1,2,6,1,7
202100043458,2021-04-19 10:03:00,2021,4,19,10,3,06,06088,DUNANT (AV. HENRI),43.72028,7.26299,Plein jour,En agglomération,Place,Normale,Autre collision,4,2,2,0,2,1,1,0,1,50,,2,1,0,1,0,37.0,,,,1,2,7,1,6
202100043459,2021-04-19 09:00:00,2021,4,19,9,0,06,06069,LIBERATION (AVENUE DE LA),43.647663,6.916041,Plein jour,En agglomération,Hors intersection,Normale,Deux véhicules - arrière,3,2,2,0,1,1,1,0,1,50,,2,1,0,0,1,54.0,35.0,,,1,2,1,1,2
202100043460,2021-04-16 17:45:00,2021,4,16,17,45,05,05061,DESCENTE ( ROUTE DE LA ),44.57507,6.08321,Plein jour,En agglomération,Hors intersection,Pluie légère,Deux véhicules - frontale,4,2,2,0,2,4,2,0,1,50,,4,3,0,0,1,42.0,22.0,,,1,2,1,2,1
202100043461,2021-04-18 05:00:00,2021,4,18,5,0,75,75120,BOULEVARD PERIPHERIQUE,48.8647476986,2.4130064249,Nuit avec éclairage allumé,En agglomération,Hors intersection,Normale,Autre collision,4,1,2,0,3,2,1,2,1,50,,1,0,0,1,0,23.0,,,,5,2,1,1,6
202100043462,2021-04-18 17:10:00,2021,4,18,17,10,75,75104,PONT DE SULLY,48.850464,2.360248,Plein jour,En agglomération,Hors intersection,Temps couvert,Deux véhicules - arrière,4,1,2,0,1,1,1,2,1,50,,2,1,0,0,1,54.0,38.0,,,1,2,1,8,2
202100043463,2021-04-19 14:18:00,2021,4,19,14,18,75,75118,RUE DE LA CHAPELLE,48.897861,2.359088,Plein jour,En agglomération,Hors intersection,Normale,Autre collision,4,2,6,0,1,1,1,0,1,50,,1,0,0,0,1,54.0,,,,1,2,1,1,6
202100043464,2021-04-19 19:20:00,2021,4,19,19,20,75,75117,AVENUE DE SAINT OUEN,48.893011,2.327427,Plein jour,En agglomération,Intersection en X,Normale,Deux véhicules - côté,4,2,2,1,1,1,1,-1,5,50,,2,1,0,0,1,29.0,,,,1,2,2,1,3
202100043465,2021-04-19 17:30:00,2021,4,19,17,30,75,75116,BOULEVARD PERIPHERIQUE EXTERIEUR OUEST,48.865767,2.268076,Plein jour,En agglomération,Hors intersection,Normale,Deux véhicules - arrière,4,1,3,0,1,1,1,0,1,70,,3,2,0,0,1,43.0,23.0,,,1,2,1,1,2
202100043466,2021-04-19 19:20:00,2021,4,19,19,20,75,75115,BOULEVARD PASTEUR,48.8415118607,2.3140370119,Plein jour,En agglomération,Intersection en X,Normale,Deux véhicules - côté,4,2,2,0,1,1,1,0,1,50,,2,1,0,0,1,67.0,28.0,,,1,2,2,1,3
202100043467,2021-04-19 16:30:00,2021,4,19,16,30,75,75112,VOIE GEORGES POMPIDOU,48.846072,2.366024,Plein jour,En agglomération,Hors intersection,Normale,Deux véhicules - côté,4,1,3,3,2,1,1,0,1,30,,2,1,0,0,1,59.0,29.0,,,1,2,1,1,3
202100043468,2021-04-19 14:20:00,2021,4,19,14,20,75,75108,AVENUE DES CHAMPS ELYSEES,48.8677805666,2.3138616289,Plein jour,En agglomération,Intersection en T,Normale,Deux véhicules - côté,4,1,8,3,1,1,1,0,1,50,,2,1,0,0,1,47.0,33.0,,,1,2,3,1,3
202100043469,2021-04-19 12:30:00,2021,4,19,12,30,75,75101,AVENUE DE L OPERA,48.866307,2.334158,Plein jour,En agglomération,Intersection en T,Normale,Autre collision,4,2,4,0,1,1,1,0,4,50,,2,1,0,0,1,,,,,1,2,3,1,6
202100043470,2021-04-19 16:45:00,2021,4,19,16,45,94,94081,Boulevard de Stalingrad,48.798,2.382,Plein jour,En agglomération,Hors intersection,Normale,Autre collision,3,1,2,0,1,1,1,0,1,50,,1,0,0,0,1,62.0,,,,1,2,1,1,6
202100043471,2021-04-19 16:10:00,2021,4,19,16,10,94,94078,Avenue de Choisy,48.7544,2.428,Plein jour,En agglomération,Autre intersection,Normale,Deux véhicules - côté,3,2,1,0,1,1,1,0,1,50,,2,1,0,0,1,48.0,43.0,,,1,2,9,1,3
202100043472,2021-04-19 08:50:00,2021,4,19,8,50,94,94038,CHALAIS (R DE),48.76863,2.32866,Plein jour,En agglomération,Intersection en T,Normale,Deux véhicules - frontale,4,2,2,0,1,1,1,0,1,50,,2,1,0,0,1,33.0,68.0,,,1,2,3,1,1
202100043473,2021-04-19 11:37:00,2021,4,19,11,37,94,94048,GROSBOIS (AV DE),48.7281179983,2.5396928786,Plein jour,En agglomération,Hors intersection,Normale,Deux véhicules - arrière,3,2,2,0,1,1,1,0,1,50,,2,1,0,0,1,26.0,32.0,,,1,2,1,1,2
202100043474,2021-04-19 17:25:00,2021,4,19,17,25,93,93078,BALLANGER (BD ROBERT),48.96115,2.55488,Plein jour,En agglomération,Hors intersection,Normale,Deux véhicules - arrière,3,1,2,0,1,1,1,0,1,50,,2,1,0,0,1,45.0,41.0,,,1,2,1,1,2
202100043475,2021-04-19 08:30:00,2021,4,19,8,30,93,93051,PASSERELLE,48.8470823263,2.5263780355,Plein jour,En agglomération,Intersection en X,Normale,Deux véhicules - côté,4,-1,2,0,1,1,1,0,4,50,,2,1,0,0,1,61.0,30.0,,,1,2,2,1,3
202100043476,2021-04-19 15:45:00,2021,4,19,15,45,93,93027,HUIT-MAI-1945 (PLACE DU),48.9208,2.41095,Plein jour,En agglomération,Giratoire,Normale,Autre collision,3,1,2,0,1,2,1,0,1,30,,2,1,0,0,1,24.0,,,,1,2,6,1,6
202100043477,2021-04-18 21:00:00,2021,4,18,21,0,92,92072,GRANDE RUE,48.8253388056,2.2159901261,Nuit avec éclairage allumé,En agglomération,Giratoire,Normale,Deux véhicules - côté,3,2,3,0,1,1,1,0,1,50,,2,1,0,0,1,35.0,27.0,,,5,2,6,1,3