accident_id,datetime,annee,mois,jour,heure,minute,departement,commune_insee,adresse,latitude,longitude,luminosite,agglomeration,intersection,meteo,collision,catr,circ,nbv,vosp,prof,plan,surf,infra,situ,vma,nb_vehicules,nb_usagers,nb_indemnes,nb_tues,nb_blesses_hosp,nb_blesses_legers,age_cond_1,age_cond_2,veh_type_cond_1,veh_type_cond_2,lum_code,agg_code,int_code,atm_code,col_code
202100043478,2021-04-19 17:03:00,2021,4,19,17,3,92,92051,CHATEAU (BOULEVARD DU),48.8898485053,2.2685319185,Plein jour,En agglomération,Intersection en X,Normale,Autre collision,4,2,2,0,1,1,1,0,1,30,,3,2,0,0,1,23.0,,,,1,2,2,1,6
202100043479,2021-04-19 13:45:00,2021,4,19,13,45,92,92051,"ROULE (AVENUE DU, N° 29 A 91 ET 30 A 86)",48.8836205903,2.2725385662,Plein jour,En agglomération,Intersection en X,Normale,Deux véhicules - côté,4,2,2,1,1,1,1,0,1,50,,2,1,0,0,1,27.0,22.0,,,1,2,2,1,3
202100043480,2021-04-17 18:20:00,2021,4,17,18,20,92,92050,BOULE PLACE DE LA,48.8872359859,2.2006445378,Plein jour,En agglomération,Giratoire,Normale,Deux véhicules - côté,3,1,2,2,1,2,1,0,1,50,,2,1,0,0,1,36.0,32.0,,,1,2,6,1,3
202100043481,2021-04-19 14:00:00,2021,4,19,14,0,92,92036,CAMELINAT (BOULEVARD) (68   +),48.9282796798,2.2988408804,Plein jour,En agglomération,Hors intersection,Normale,Autre collision,3,1,2,0,1,1,1,0,4,50,,1,0,0,0,1,52.0,,,,1,2,1,1,6
202100043482,2021-04-19 14:38:00,2021,4,19,14,38,92,92035,République ( boulevard de la ),48.9065708446,2.2468972206,Plein jour,En agglomération,Hors intersection,Normale,Deux véhicules - arrière,3,2,2,0,1,1,1,0,1,50,,2,1,0,0,1,17.0,33.0,,,1,2,1,1,2
202100043483,2021-04-20 17:50:00,2021,4,20,17,50,974,97422,Rue Charles Baudelaire,-21.2578601737,55.5017481574,Nuit avec éclairage allumé,En agglomération,Intersection en T,Pluie légère,Deux véhicules - côté,3,3,2,0,1,1,2,0,1,50,,2,1,0,1,0,17.0,72.0,,,5,2,3,2,3
202100043484,2021-04-19 17:45:00,2021,4,19,17,45,12,12057,Lieu-dit MERGALS,44.194267,2.525353,Plein jour,Hors agglomération,Hors intersection,Normale,Deux véhicules - côté,3,2,2,0,2,1,1,0,1,80,,2,1,0,1,0,42.0,66.0,,,1,1,1,1,3
202100043485,2021-04-19 07:50:00,2021,4,19,7,50,06,06033,1ERE AVENUE 7EME RUE,43.780258,7.213919,Plein jour,En agglomération,Intersection en T,Normale,Deux véhicules - côté,7,2,2,0,1,1,1,0,1,70,,2,1,0,1,0,37.0,23.0,,,1,2,3,1,3
202100043486,2021-04-20 08:50:00,2021,4,20,8,50,62,62092,D8,50.284417,2.513037,Plein jour,Hors agglomération,Hors intersection,Brouillard / fumée,Autre collision,3,2,2,0,1,1,1,0,3,80,,1,0,0,0,1,28.0,,,,1,1,1,5,6
202100043487,2021-04-19 15:22:00,2021,4,19,15,22,19,19123,D141,45.1852776908,1.5934392213,Plein jour,En agglomération,Hors intersection,Normale,Deux véhicules - arrière,3,-1,2,0,1,1,1,0,1,90,,2,1,0,1,0,24.0,58.0,,,1,2,1,1,2
202100043488,2021-04-18 17:40:00,2021,4,18,17,40,19,19151,LE BOURG,45.10348311,1.529103756,Plein jour,En agglomération,Hors intersection,Normale,Deux véhicules - frontale,3,2,2,0,2,4,1,0,1,30,,3,0,0,1,2,22.0,75.0,,,1,2,1,1,1
202100043489,2021-04-19 18:15:00,2021,4,19,18,15,56,56177,Rue Abbé le Maréchal,47.773152,-3.00401,Plein jour,En agglomération,Hors intersection,Normale,Sans collision,6,-1,-1,0,1,1,1,0,1,30,,1,0,1,0,0,59.0,,,,1,2,1,1,7
202100043490,2021-04-16 16:00:00,2021,4,16,16,0,59,59110,5 Route de la Colme,50.948033,2.312352,Plein jour,Hors agglomération,Hors intersection,Temps éblouissant,Deux véhicules - frontale,3,2,2,0,1,1,1,0,1,70,,2,1,0,1,0,19.0,23.0,,,1,1,1,7,1
202100043491,2021-04-20 15:10:00,2021,4,20,15,10,76,76549,route de l'ancienne forge,49.759498,0.927218,Plein jour,En agglomération,Intersection en T,Normale,Deux véhicules - arrière,3,2,2,0,1,1,1,0,1,50,,2,1,0,0,1,26.0,55.0,,,1,2,3,1,2
202100043492,2021-04-20 13:20:00,2021,4,20,13,20,80,80148,D48 / D190,50.016261,1.576173,Plein jour,Hors agglomération,Intersection en X,Normale,Deux véhicules - côté,3,2,2,0,1,1,1,5,1,80,,2,1,0,1,0,54.0,23.0,,,1,1,2,1,3
202100043493,2021-04-20 12:43:00,2021,4,20,12,43,80,80754,D901,49.818278,1.958452,Plein jour,Hors agglomération,Hors intersection,Normale,Autre collision,3,2,2,0,1,1,1,0,3,80,,5,0,0,5,0,24.0,,,,1,1,1,1,6
202100043494,2021-04-20 16:18:00,2021,4,20,16,18,32,32296,D931,43.776947,-0.030202,Plein jour,Hors agglomération,Hors intersection,Normale,Deux véhicules - frontale,3,2,2,0,1,3,1,0,1,80,,2,1,0,1,0,70.0,15.0,,,1,1,1,1,1
202100043495,2021-04-20 15:00:00,2021,4,20,15,0,71,71157,Impasse des troenes,46.493769,5.379728,Plein jour,En agglomération,Hors intersection,Normale,Autre collision,4,2,1,0,1,1,1,0,1,50,,2,1,0,0,1,39.0,,,,1,2,1,1,6
202100043496,2021-04-20 15:40:00,2021,4,20,15,40,71,71005,Le Roc Blanc,46.836006,4.689628,Plein jour,Hors agglomération,Hors intersection,Normale,Deux véhicules - arrière,3,2,2,0,3,1,1,0,1,80,,2,1,1,0,0,64.0,78.0,,,1,1,1,1,2
202100043497,2021-04-19 17:55:00,2021,4,19,17,55,89,89124,4 bis Rue de l'Ilot,48.335032,3.166062,Plein jour,En agglomération,Hors intersection,Normale,Autre collision,4,2,2,0,1,1,1,0,4,50,,1,0,1,0,0,65.0,,,,1,2,1,1,6
202100043498,2021-04-20 17:50:00,2021,4,20,17,50,61,61035,La Cochetiere,48.61603,-0.303873,Plein jour,Hors agglomération,Hors intersection,Temps éblouissant,Deux véhicules - arrière,3,2,2,0,2,1,1,0,1,90,,2,1,1,0,0,39.0,65.0,,,1,1,1,7,2
202100043499,2021-04-20 00:35:00,2021,4,20,0,35,61,61222,La Milcendiere,48.758618,-0.658171,Nuit sans éclairage public,Hors agglomération,Hors intersection,Normale,Sans collision,3,2,2,0,2,1,1,0,1,90,,1,0,0,1,0,43.0,,,,3,1,1,1,7
202100043500,2021-04-18 17:15:00,2021,4,18,17,15,49,49359,Rue des Vignes,47.216639,-0.187052,Plein jour,Hors agglomération,Hors intersection,Normale,Sans collision,4,2,2,0,1,3,9,0,1,50,,1,0,0,1,0,45.0,,,,1,1,1,1,7
202100043501,2021-04-18 09:45:00,2021,4,18,9,45,12,12120,Place du 11 Novembre 1918,44.381156,2.823679,Plein jour,En agglomération,Intersection en Y,Normale,Autre collision,3,2,2,0,1,2,1,0,1,30,,2,1,0,1,0,42.0,,,,1,2,4,1,6
202100043502,2021-04-19 16:35:00,2021,4,19,16,35,42,42006,Route de Saint-Pal,45.370856,3.987737,Plein jour,Hors agglomération,Hors intersection,Normale,Autre collision,3,2,2,0,2,1,1,0,3,80,,1,0,0,1,0,18.0,,,,1,1,1,1,6
202100043503,2021-04-20 16:00:00,2021,4,20,16,0,46,46231,Le Trieu,44.500908,1.109464,Plein jour,Hors agglomération,Intersection en X,Normale,Deux véhicules - côté,4,2,2,0,1,1,1,0,1,50,,2,1,1,0,0,75.0,69.0,,,1,1,2,1,3
202100043504,2021-04-17 12:00:00,2021,4,17,12,0,25,25139,D48,47.030896,6.436465,Plein jour,Hors agglomération,Hors intersection,Normale,Sans collision,3,2,2,0,3,4,1,0,1,80,,1,0,0,1,0,25.0,,,,1,1,1,1,7
202100043505,2021-04-18 03:45:00,2021,4,18,3,45,38,38389,D75,45.584634,5.061023,Nuit sans éclairage public,Hors agglomération,Giratoire,Normale,Autre collision,3,2,2,0,1,3,1,0,3,80,,1,0,0,1,0,28.0,,,,3,1,6,1,6
202100043506,2021-04-20 11:00:00,2021,4,20,11,0,50,50256,D479- Chalandrey,48.616491,-1.212831,Plein jour,En agglomération,Intersection en T,Normale,Deux véhicules - côté,3,2,2,0,1,1,1,0,1,50,,2,1,0,1,0,12.0,30.0,,,1,2,3,1,3
202100043507,2021-04-19 14:40:00,2021,4,19,14,40,64,64160,RD 932,43.355126,-1.417966,Plein jour,Hors agglomération,Autre intersection,Normale,Deux véhicules - côté,3,2,2,0,1,1,1,9,1,80,,2,0,0,0,2,23.0,43.0,,,1,1,9,1,3
202100043508,2021-04-19 14:45:00,2021,4,19,14,45,07,07255,,44.756305,4.707253,Plein jour,En agglomération,Intersection en X,Normale,Deux véhicules - arrière,3,2,2,0,1,1,1,0,1,50,,2,1,0,1,0,18.0,43.0,,,1,2,2,1,2
202100043509,2021-03-24 15:30:00,2021,3,24,15,30,27,27359,RD54 pk 002.150,48.852574,0.63629,Plein jour,Hors agglomération,Intersection en T,Normale,Deux véhicules - côté,3,2,2,0,1,1,1,0,1,80,,2,1,0,0,1,34.0,41.0,,,1,1,3,1,3
202100043510,2021-03-21 14:35:00,2021,3,21,14,35,28,28214,Avenue Charles de Gaulle,48.470126,1.018735,Plein jour,En agglomération,Intersection en Y,Normale,Deux véhicules - côté,3,2,2,0,1,3,1,0,1,50,,3,1,0,0,2,50.0,51.0,,,1,2,4,1,3
202100043511,2021-04-20 15:00:00,2021,4,20,15,0,37,37016,1 Le Petit Bergeresse,47.1955518111,0.9208934748,Plein jour,Hors agglomération,Intersection en X,Normale,Deux véhicules - frontale,3,2,2,0,1,1,1,0,1,90,,2,0,1,1,0,86.0,24.0,,,1,1,2,1,1
202100043512,2021-04-19 13:30:00,2021,4,19,13,30,30,30294,Route de Salindres,44.152161,4.104968,Plein jour,Hors agglomération,Autre intersection,Normale,Autre collision,3,-1,2,0,1,1,1,0,1,80,,2,1,0,1,0,60.0,42.0,,,1,1,9,1,6
202100043513,2021-04-19 12:55:00,2021,4,19,12,55,24,24126,N21,44.787508,0.524538,Plein jour,Hors agglomération,Hors intersection,Normale,Deux véhicules - frontale,2,2,2,0,1,1,1,0,5,80,,2,1,0,1,0,31.0,52.0,,,1,1,1,1,1
202100043514,2021-04-18 17:30:00,2021,4,18,17,30,06,06152,Route du Parc,43.620741,7.027941,Plein jour,Hors agglomération,Hors intersection,Pluie légère,Sans collision,3,2,2,0,2,4,2,0,3,70,,1,0,0,1,0,34.0,,,,1,1,1,2,7
202100043515,2021-03-26 21:10:00,2021,3,26,21,10,67,67194,PK 236.5 A35,48.717523,7.875808,Nuit sans éclairage public,Hors agglomération,Intersection en Y,Normale,Deux véhicules - côté,1,3,2,0,1,1,1,3,1,130,,2,0,1,0,1,33.0,27.0,,,3,1,4,1,3
202100043516,2021-04-19 17:40:00,2021,4,19,17,40,987,98729,PK 26 + 400 Tihaura Haapiti coté mer,-17.533189,-149.838611,Crépuscule ou aube,Hors agglomération,Hors intersection,Normale,Sans collision,2,2,2,0,1,2,1,0,1,60,,2,0,1,1,0,21.0,,,,2,1,1,1,7
202100043517,2021-04-20 01:00:00,2021,4,20,1,0,84,84092,115 Avenue Charles de Gaulle,43.954865,4.838351,Nuit avec éclairage allumé,En agglomération,Hors intersection,Normale,Deux véhicules - côté,3,2,2,0,1,1,1,0,1,50,,6,5,1,0,0,31.0,60.0,,,5,2,1,1,3
202100043518,2021-04-19 07:40:00,2021,4,19,7,40,89,89295,N6,47.837936049,3.5518375039,Plein jour,Hors agglomération,Hors intersection,Normale,Deux véhicules - frontale,2,2,2,0,4,1,1,0,1,80,,2,1,0,0,1,72.0,43.0,,,1,1,1,1,1
202100043519,2021-04-19 19:00:00,2021,4,19,19,0,71,71481,RD906,46.19795,4.763625,Crépuscule ou aube,Hors agglomération,Intersection en X,Normale,Deux véhicules - côté,3,-1,2,0,1,1,1,0,1,80,,4,3,0,1,0,27.0,48.0,,,2,1,2,1,3
202100043520,2021-04-18 17:06:00,2021,4,18,17,6,42,42122,Route de St Anthème,45.570734,4.054835,Plein jour,Hors agglomération,Intersection en Y,Normale,Autre collision,3,2,2,0,1,2,1,0,8,80,,5,3,0,0,2,18.0,,,,1,1,4,1,6
202100043521,2021-04-20 16:40:00,2021,4,20,16,40,38,38535,Route Depatementale 65,45.787551,5.26969,Plein jour,Hors agglomération,Hors intersection,Normale,Autre collision,3,2,2,0,1,1,1,0,1,80,,2,0,0,0,2,79.0,,,,1,1,1,1,6
202100043522,2021-04-19 18:06:00,2021,4,19,18,6,26,26088,Route de Chatuzange le Goubet,45.026723,5.074342,Plein jour,En agglomération,Intersection en T,Normale,Trois véhicules et plus - collisions multiples,3,2,2,0,2,1,1,0,1,80,,6,5,0,0,1,44.0,28.0,,,1,2,3,1,5
202100043523,2021-04-14 18:25:00,2021,4,14,18,25,07,07245,ROUTE DU GRAND PONT,45.068069,4.78674,Plein jour,Hors agglomération,Hors intersection,Normale,Deux véhicules - côté,3,2,2,0,1,1,1,9,1,50,,2,1,0,0,1,20.0,17.0,,,1,1,1,1,3
202100043524,2021-04-19 18:20:00,2021,4,19,18,20,69,69228,LYON (DE) (RTE),45.5750632536,4.649206996,Plein jour,Hors agglomération,Hors intersection,Normale,Deux véhicules - frontale,3,2,2,0,2,2,1,9,1,80,,2,1,0,1,0,37.0,35.0,,,1,1,1,1,1
202100043525,2021-04-17 18:30:00,2021,4,17,18,30,85,85121,La Gabauge,46.42783,-0.943494,Plein jour,En agglomération,Intersection en Y,Normale,Autre collision,4,2,2,0,1,3,1,0,3,80,,1,0,0,1,0,17.0,,,,1,2,4,1,6
202100043526,2021-04-19 15:25:00,2021,4,19,15,25,85,85126,D148,46.46493,-0.84549,Plein jour,Hors agglomération,Hors intersection,Normale,Deux véhicules - côté,3,2,2,3,1,1,1,0,1,80,,3,1,0,1,1,59.0,61.0,,,1,1,1,1,3
202100043527,2021-04-20 12:50:00,2021,4,20,12,50,85,85129,Les Brosses,46.866206,-1.451762,Plein jour,Hors agglomération,Hors intersection,Normale,Autre collision,3,2,2,0,1,1,1,0,3,80,,1,0,0,1,0,21.0,,,,1,1,1,1,6
202100043528,2021-04-19 17:05:00,2021,4,19,17,5,29,29055,33 Rue du Retalaire,48.567346,-4.327632,Plein jour,En agglomération,Hors intersection,Normale,Deux véhicules - frontale,4,2,2,0,1,3,1,0,1,50,,2,1,0,1,0,52.0,16.0,,,1,2,1,1,1
202100043529,2021-04-20 09:00:00,2021,4,20,9,0,62,62290,D49e1,50.334231,2.763155,Plein jour,Hors agglomération,Hors intersection,Brouillard / fumée,Deux véhicules - frontale,3,2,2,0,1,3,1,0,1,70,,2,0,0,1,1,51.0,66.0,,,1,1,1,5,1
202100043530,2021-04-19 18:00:00,2021,4,19,18,0,93,93078,AUTOROUTE A104,48.95871,2.52687,Plein jour,Hors agglomération,Hors intersection,Normale,Deux véhicules - côté,1,3,6,0,1,3,1,0,1,90,,2,1,0,0,1,27.0,31.0,,,1,1,1,1,3
202100043531,2021-04-19 14:25:00,2021,4,19,14,25,95,95277,RD 170 B6 ,48.9740810748,2.4851202965,Plein jour,Hors agglomération,Hors intersection,Normale,Deux véhicules - côté,3,1,2,0,1,3,1,0,1,70,,4,1,0,0,3,28.0,46.0,,,1,1,1,1,3
202100043532,2021-04-18 04:05:00,2021,4,18,4,5,973,97302,MONTABO (ROUTE DE) 1,4.9413089119,-52.3029027766,Nuit avec éclairage allumé,En agglomération,Hors intersection,Pluie légère,Sans collision,3,2,2,0,1,1,2,0,3,50,,5,4,0,0,1,22.0,,,,5,2,1,2,7
202100043533,2021-04-18 16:30:00,2021,4,18,16,30,69,69387,CREUZET (R),45.7508937678,4.8467074239,Plein jour,En agglomération,Intersection en X,Normale,Deux véhicules - côté,4,1,1,0,1,1,1,0,1,50,,2,1,0,0,1,50.0,,,,1,2,2,1,3
202100043534,2021-04-16 07:20:00,2021,4,16,7,20,972,97213,ACAJOU PROLONGEE,14.6268,-61.0151,Plein jour,En agglomération,Hors intersection,Normale,Autre collision,5,2,1,0,1,3,1,0,1,20,,2,1,0,1,0,45.0,,,,1,2,1,1,6
202100043535,2021-04-18 19:00:00,2021,4,18,19,0,81,81004,VERDIER (FRANCOIS),43.91968,2.13505,Plein jour,En agglomération,Intersection en X,Normale,Deux véhicules - côté,4,2,2,0,1,1,1,0,1,50,,4,3,0,0,1,21.0,24.0,,,1,2,2,1,3
202100043536,2021-04-17 09:00:00,2021,4,17,9,0,77,77186,D138. girat.valvins à croix de vitry,48.45552,2.70394,Plein jour,Hors agglomération,Hors intersection,Normale,Deux véhicules - arrière,3,2,2,0,1,1,1,0,1,80,,2,1,1,0,0,60.0,22.0,,,1,1,1,1,2
202100043537,2021-04-18 21:15:00,2021,4,18,21,15,73,73011,D1212,45.67115,6.3925,Nuit sans éclairage public,Hors agglomération,Hors intersection,Normale,Deux véhicules - arrière,3,2,2,2,1,1,1,-1,1,70,,2,0,0,0,2,56.0,40.0,,,3,1,1,1,2
202100043538,2021-04-18 18:20:00,2021,4,18,18,20,64,64189,RAVEL MAURICE (QUA)I,43.38631,-1.66818,Plein jour,En agglomération,Hors intersection,Normale,Deux véhicules - frontale,3,2,2,0,1,1,1,0,1,30,,2,1,0,0,1,62.0,23.0,,,1,2,1,1,1
202100043539,2021-04-17 15:30:00,2021,4,17,15,30,62,62108,GARE (DE LA),50.40855,1.59237,Plein jour,En agglomération,Intersection en T,Normale,Deux véhicules - côté,4,2,2,0,1,1,1,0,1,50,,3,2,0,0,1,55.0,19.0,,,1,2,3,1,3
202100043540,2021-04-18 14:30:00,2021,4,18,14,30,42,42031,Route de Saint-Maurice,45.40686,4.23717,Plein jour,Hors agglomération,Hors intersection,Temps couvert,Deux véhicules - côté,7,2,1,0,2,3,1,0,1,80,,6,3,0,0,3,41.0,24.0,,,1,1,1,8,3
202100043541,2021-04-18 07:30:00,2021,4,18,7,30,38,38185,Pont de Chartreuse,45.1975,5.7329,Plein jour,En agglomération,Hors intersection,Normale,Autre collision,4,1,2,1,1,1,1,2,4,30,,4,0,1,1,2,23.0,,,,1,2,1,1,6
202100043542,2021-04-18 19:20:00,2021,4,18,19,20,33,33162,Avenue du Taillan-Médoc,44.88323,-0.65503,Plein jour,En agglomération,Intersection en X,Normale,Deux véhicules - côté,4,2,2,2,1,1,1,0,1,50,,2,1,0,0,1,32.0,21.0,,,1,2,2,1,3
202100043543,2021-04-18 12:20:00,2021,4,18,12,20,33,33529,Rue Henri Dheurle,44.6320415917,-1.1424241721,Plein jour,En agglomération,Intersection en X,Normale,Autre collision,4,2,2,0,1,1,1,0,1,30,,2,1,0,1,0,54.0,,,,1,2,2,1,6
202100043544,2021-04-17 19:55:00,2021,4,17,19,55,31,31555,MARAICHERS (CHE DES) DU 3AU 50,43.56729,1.46435,Crépuscule ou aube,En agglomération,Autre intersection,Normale,Deux véhicules - côté,4,2,3,0,1,1,1,5,6,50,,2,1,0,0,1,35.0,42.0,,,2,2,9,1,3
202100043545,2021-04-17 05:50:00,2021,4,17,5,50,29,29232,Rue de Stang Bihan,48.010527417,-4.1033965365,Nuit avec éclairage allumé,En agglomération,Intersection en T,Normale,Deux véhicules - côté,4,2,2,0,1,1,1,0,1,50,,3,1,0,0,2,26.0,40.0,,,5,2,3,1,3
202100043546,2021-04-18 18:25:00,2021,4,18,18,25,27,27528,DE GAULLE (RUE DU GENERAL),49.25753,1.20951,Plein jour,En agglomération,Intersection en X,Normale,Deux véhicules - côté,4,2,2,0,1,1,1,0,1,30,,3,2,0,1,0,42.0,39.0,,,1,2,2,1,3
202100043547,2021-04-18 19:30:00,2021,4,18,19,30,13,13204,LIBERATION (BOULEVARD),43.30255,5.396,Crépuscule ou aube,En agglomération,Intersection en T,Normale,Deux véhicules - côté,4,2,3,0,1,1,1,0,1,50,,4,3,0,1,0,52.0,45.0,,,2,2,3,1,3
202100043548,2021-04-18 16:25:00,2021,4,18,16,25,13,13208,PRADO (AVENUE DU),43.26376,5.37764,Plein jour,En agglomération,Intersection en T,Normale,Deux véhicules - côté,4,2,6,3,1,1,1,0,1,50,,3,1,0,0,2,53.0,29.0,,,1,2,3,1,3
202100043549,2021-04-18 12:58:00,2021,4,18,12,58,13,13209,MARÉCHAL DE LATTRE (AVENUE),43.2456,5.4147,Plein jour,En agglomération,Hors intersection,Normale,Deux véhicules - côté,7,2,4,3,2,1,1,0,1,50,,2,1,0,1,0,56.0,,,,1,2,1,1,3
202100043550,2021-04-17 16:00:00,2021,4,17,16,0,13,13210,CAPELETTE (AVENUE DE LA),43.2822,5.4032,Plein jour,En agglomération,Hors intersection,Normale,Deux véhicules - côté,4,2,2,0,1,1,1,0,1,50,,2,1,0,1,0,27.0,,,,1,2,1,1,3
202100043551,2021-04-17 13:00:00,2021,4,17,13,0,13,13047,ANDRE LLORENS ALLEE,43.496725,4.986164,Plein jour,En agglomération,Hors intersection,Normale,Autre collision,4,2,4,1,1,1,1,0,1,50,,2,1,0,0,1,25.0,,,,1,2,1,1,6
202100043552,2021-04-18 10:00:00,2021,4,18,10,0,13,13028,DULAC (AVENUE GUILLAUME),43.195506,5.61222,Plein jour,En agglomération,Autre intersection,Normale,Autre collision,7,3,2,1,1,1,1,0,5,50,,2,1,0,0,1,45.0,,,,1,2,9,1,6
202100043553,2021-04-18 17:05:00,2021,4,18,17,5,06,06027,CHENES AVENUE DES,43.66207,7.16841,Plein jour,En agglomération,Intersection en X,Temps couvert,Deux véhicules - frontale,4,2,2,0,2,1,1,0,1,50,,3,1,0,2,0,27.0,37.0,,,1,2,2,8,1
202100043554,2021-04-17 16:35:00,2021,4,17,16,35,03,03262,RD 2144,46.383304715,2.6188730552,Plein jour,En agglomération,Autre intersection,Normale,Autre collision,6,-1,0,0,1,1,1,9,8,10,,4,1,2,0,1,73.0,,,,1,2,9,1,6
202100043555,2021-04-17 18:40:00,2021,4,17,18,40,02,02738,ROOSEVELT (BOULEVARD),49.65766,3.29962,Plein jour,En agglomération,Giratoire,Normale,Sans collision,4,2,2,0,1,3,1,0,1,50,,1,0,0,1,0,54.0,,,,1,2,6,1,7
202100043556,2021-04-18 14:30:00,2021,4,18,14,30,75,75119,RUE BOTZARIS,48.877699,2.381287,Plein jour,En agglomération,Intersection en T,Normale,Deux véhicules - côté,4,2,2,0,1,2,1,0,1,50,,3,2,0,0,1,35.0,41.0,,,1,2,3,1,3
202100043557,2021-04-17 20:00:00,2021,4,17,20,0,75,75117,RUE DE LA JONQUIERE,48.894998,2.317661,Plein jour,En agglomération,Intersection en Y,Normale,Deux véhicules - côté,4,1,1,2,1,1,1,-1,5,30,,2,1,0,0,1,,21.0,,,1,2,4,1,3
202100043558,2021-04-18 01:20:00,2021,4,18,1,20,75,75114,RUE DE LA LEGION ETRANGERE,48.820189,2.324031,Nuit avec éclairage allumé,En agglomération,Intersection en X,Normale,Sans collision,4,1,2,0,1,1,1,0,1,50,,1,0,0,0,1,25.0,,,,5,2,2,1,7
202100043559,2021-04-18 16:40:00,2021,4,18,16,40,75,75110,RUE DE COMPIEGNE,48.879693,2.353418,Plein jour,En agglomération,Hors intersection,Normale,Autre collision,4,1,2,0,1,1,1,0,1,50,,2,1,0,0,1,67.0,,,,1,2,1,1,6
202100043560,2021-04-18 20:20:00,2021,4,18,20,20,94,94078,Place Pierre Semard,48.730388,2.446915,Crépuscule ou aube,En agglomération,Hors intersection,Normale,Deux véhicules - côté,2,2,2,0,2,1,1,0,1,50,,3,1,0,0,2,25.0,44.0,,,2,2,1,1,3
202100043561,2021-04-18 16:05:00,2021,4,18,16,5,94,94046,GEORGES CLEMENCEAU (AV),48.8082392173,2.4434407055,Plein jour,En agglomération,Intersection en X,Normale,Deux véhicules - côté,4,-1,0,0,1,1,1,0,1,50,,4,2,0,0,2,51.0,30.0,,,1,2,2,1,3
202100043562,2021-04-17 12:50:00,2021,4,17,12,50,94,94028,Rue René Arcos,48.77777,2.46179,Plein jour,En agglomération,Intersection en X,Normale,Deux véhicules - côté,4,2,4,0,1,1,1,0,1,50,,2,1,0,0,1,52.0,63.0,,,1,2,2,1,3
202100043563,2021-04-18 21:00:00,2021,4,18,21,0,93,93077,RAINCY (AVENUE DU),48.88593,2.50836,Nuit avec éclairage allumé,En agglomération,Autre intersection,Normale,Deux véhicules - côté,4,1,2,0,1,1,1,0,8,50,,2,1,0,0,1,,31.0,,,5,2,9,1,3
202100043564,2021-04-14 18:00:00,2021,4,14,18,0,93,93053,GALLIENI (AVENUE),48.9002,2.4652,Plein jour,En agglomération,Autre intersection,Normale,Autre collision,4,2,2,3,1,1,1,4,6,50,,4,3,0,0,1,21.0,,,,1,2,9,1,6
202100043565,2021-04-18 19:30:00,2021,4,18,19,30,93,93027,JAURES (AVENUE JEAN),48.92423,2.40224,Plein jour,En agglomération,Intersection en X,Normale,Deux véhicules - côté,3,1,2,1,1,1,1,0,5,50,,4,3,0,0,1,59.0,29.0,,,1,2,2,1,3
202100043566,2021-04-18 20:20:00,2021,4,18,20,20,93,93014,JULES VALLES (ALLEE),48.9143370318,2.5533556974,Plein jour,En agglomération,Hors intersection,Normale,Sans collision,4,2,2,0,1,1,1,0,1,50,,1,0,0,1,0,36.0,,,,1,2,1,1,7
202100043567,2021-04-07 20:00:00,2021,4,7,20,0,93,93008,ARAGON (AVENUE LOUIS),48.91392,2.438909,Plein jour,En agglomération,Hors intersection,Normale,Deux véhicules - côté,3,1,0,0,1,1,1,0,1,50,,3,2,0,0,1,42.0,58.0,,,1,2,1,1,3
202100043568,2021-04-18 18:05:00,2021,4,18,18,5,92,92025,HENRI BARBUSSE (AV),48.9231478316,2.2524654865,Plein jour,En agglomération,Intersection en X,Normale,Deux véhicules - côté,3,3,2,0,1,1,1,0,1,50,,2,1,0,0,1,20.0,43.0,,,1,2,2,1,3
202100043569,2021-04-18 07:10:00,2021,4,18,7,10,92,92024,GENERAL ROGUET (RUE DU) DE (1 A 57)   (2,48.9040326944,2.3129347356,Plein jour,En agglomération,Hors intersection,Normale,Autre collision,4,2,2,0,1,1,1,0,1,50,,1,0,0,0,1,31.0,,,,1,2,1,1,6
202100043570,2021-04-18 11:15:00,2021,4,18,11,15,92,92060,LOUP PENDU (RUE DU),48.77705,2.25323,Plein jour,En agglomération,Hors intersection,Normale,Autre collision,4,2,2,0,1,1,1,0,1,50,,1,0,0,1,0,59.0,,,,1,2,1,1,6
202100043571,2021-04-18 20:15:00,2021,4,18,20,15,09,09038,Chemin de la bastide de besplas à fornex,43.167404,1.263465,Plein jour,Hors agglomération,Hors intersection,Normale,Sans collision,4,2,2,0,2,2,1,0,3,80,,1,0,0,1,0,39.0,,,,1,1,1,1,7
202100043572,2021-04-18 15:55:00,2021,4,18,15,55,88,88115,Rue James Wiese,48.16874,6.880059,Plein jour,En agglomération,Hors intersection,Normale,Deux véhicules - côté,4,2,2,0,2,2,1,0,1,50,,2,1,0,1,0,44.0,15.0,,,1,2,1,1,3
202100043573,2021-04-19 17:20:00,2021,4,19,17,20,91,91363,Route de Beauvert,48.645656,2.210757,Plein jour,Hors agglomération,Hors intersection,Normale,Autre collision,3,2,2,0,2,2,1,0,3,70,,1,0,0,1,0,75.0,,,,1,1,1,1,6
202100043574,2021-04-15 13:00:00,2021,4,15,13,0,69,69283,HEYRIEUX (D') (RTE),45.67974,4.960359,Plein jour,Hors agglomération,Hors intersection,Normale,Trois véhicules et plus - en chaîne,7,2,2,0,3,1,1,2,1,50,,6,2,0,0,4,57.0,51.0,,,1,1,1,1,4