accident_id,datetime,annee,mois,jour,heure,minute,departement,commune_insee,adresse,latitude,longitude,luminosite,agglomeration,intersection,meteo,collision,catr,circ,nbv,vosp,prof,plan,surf,infra,situ,vma,nb_vehicules,nb_usagers,nb_indemnes,nb_tues,nb_blesses_hosp,nb_blesses_legers,age_cond_1,age_cond_2,veh_type_cond_1,veh_type_cond_2,lum_code,agg_code,int_code,atm_code,col_code
202100043575,2021-04-18 18:30:00,2021,4,18,18,30,84,84056,Chemin des Chèvres,44.139503,4.903952,Plein jour,En agglomération,Hors intersection,Normale,Deux véhicules - frontale,4,2,2,0,1,1,1,9,1,50,,2,1,1,0,0,51.0,,,,1,2,1,1,1
202100043576,2021-04-19 16:25:00,2021,4,19,16,25,95,95026,D909,49.1495427886,2.3796163584,Plein jour,Hors agglomération,Hors intersection,Normale,Deux véhicules - arrière,3,2,2,0,1,1,1,0,1,70,,2,1,0,0,1,58.0,63.0,,,1,1,1,1,2
202100043577,2021-04-18 15:00:00,2021,4,18,15,0,56,56041,Lieu-dit KERROPERT,48.116987,-3.0361,Plein jour,Hors agglomération,Hors intersection,Normale,Sans collision,4,2,2,0,2,1,1,0,1,70,,1,0,0,1,0,72.0,,,,1,1,1,1,7
202100043578,2021-04-19 11:20:00,2021,4,19,11,20,56,56004,Rue des Palis,47.515788,-2.377167,Plein jour,En agglomération,Hors intersection,Normale,Autre collision,4,2,2,0,1,1,1,0,1,30,,2,1,0,1,0,47.0,,,,1,2,1,1,6
202100043579,2021-04-18 20:10:00,2021,4,18,20,10,71,71014,Rue Antoine Clement,46.965186,4.313368,Crépuscule ou aube,En agglomération,Hors intersection,Normale,Sans collision,3,2,2,0,1,1,1,0,4,50,,1,0,0,1,0,27.0,,,,2,2,1,1,7
202100043580,2021-04-17 08:41:00,2021,4,17,8,41,49,49050,L'Aunee Saulge,47.329439,-0.382381,Plein jour,Hors agglomération,Intersection en Y,Normale,Deux véhicules - arrière,3,2,2,0,1,1,1,0,1,80,,3,1,0,0,2,22.0,60.0,,,1,1,4,1,2
202100043581,2021-04-18 17:55:00,2021,4,18,17,55,22,22204,5 Kergorlay,48.726919,-3.15939,Plein jour,Hors agglomération,Hors intersection,Normale,Deux véhicules - frontale,3,2,2,0,1,3,1,0,1,80,,2,1,0,1,0,54.0,55.0,,,1,1,1,1,1
202100043582,2021-04-18 19:00:00,2021,4,18,19,0,44,44127,La Trilatiere,47.0032908931,-1.405631062,Plein jour,Hors agglomération,Hors intersection,Normale,Deux véhicules - frontale,3,2,2,0,1,2,1,0,1,80,,2,0,0,2,0,31.0,27.0,,,1,1,1,1,1
202100043583,2021-04-18 14:20:00,2021,4,18,14,20,38,38358,564 Route de Châtonnay,45.49061,5.23421,Plein jour,En agglomération,Hors intersection,Normale,Deux véhicules - frontale,3,2,2,0,1,2,1,0,1,50,,2,0,0,1,1,40.0,90.0,,,1,2,1,1,1
202100043584,2021-04-19 14:55:00,2021,4,19,14,55,38,38082,960 Rue Principale,45.427713,5.515224,Plein jour,En agglomération,Hors intersection,Normale,Deux véhicules - côté,3,2,2,0,1,1,1,0,1,30,,2,1,0,1,0,52.0,12.0,,,1,2,1,1,3
202100043585,2021-04-15 10:25:00,2021,4,15,10,25,01,01272,,46.167334,5.025451,Plein jour,Hors agglomération,Hors intersection,Normale,Deux véhicules - arrière,3,2,2,0,1,1,1,0,1,80,,2,1,1,0,0,89.0,47.0,,,1,1,1,1,2
202100043586,2021-04-18 18:50:00,2021,4,18,18,50,72,72011,4 rue du bourgneuf,48.320369,-0.00957,Plein jour,En agglomération,Autre intersection,Normale,Sans collision,4,2,2,0,1,2,1,0,3,50,,1,0,0,0,1,41.0,,,,1,2,9,1,7
202100043587,2021-04-19 14:45:00,2021,4,19,14,45,72,72189,Rue de Mamers,48.256276,0.318944,Plein jour,En agglomération,Hors intersection,Normale,Autre collision,3,2,2,0,1,1,1,0,1,50,,1,0,0,1,0,37.0,,,,1,2,1,1,6
202100043588,2021-04-18 11:15:00,2021,4,18,11,15,60,60322,Route départementale 153,49.303317,1.884053,Plein jour,Hors agglomération,Intersection en X,Normale,Deux véhicules - côté,3,2,2,0,3,3,1,0,1,90,,2,1,0,0,1,35.0,29.0,,,1,1,2,1,3
202100043589,2021-04-18 01:55:00,2021,4,18,1,55,53,53045,D137,48.083999,-0.951025,Nuit sans éclairage public,Hors agglomération,Hors intersection,Normale,Sans collision,3,2,2,0,2,2,1,0,1,80,,1,0,0,1,0,34.0,,,,3,1,1,1,7
202100043590,2021-04-19 08:00:00,2021,4,19,8,0,21,21342,D24,47.102236,5.319287,Plein jour,Hors agglomération,Hors intersection,Normale,Autre collision,3,2,2,0,1,1,1,0,1,80,,1,0,0,1,0,34.0,,,,1,1,1,1,6
202100043591,2021-04-18 16:00:00,2021,4,18,16,0,85,85084,D11,46.791642,-1.215566,Plein jour,Hors agglomération,Hors intersection,Normale,Sans collision,3,2,2,0,4,2,1,0,3,80,,2,0,0,2,0,62.0,,,,1,1,1,1,7
202100043592,2021-04-14 15:00:00,2021,4,14,15,0,27,27074,Rue du Presbytère,49.153577,0.652313,Plein jour,En agglomération,Hors intersection,Normale,Deux véhicules - frontale,4,2,2,0,1,1,1,0,1,50,,2,1,0,1,0,10.0,79.0,,,1,2,1,1,1
202100043593,2021-04-18 19:10:00,2021,4,18,19,10,24,24340,rue de la résistance,44.851887,0.407291,Plein jour,Hors agglomération,Hors intersection,Normale,Autre collision,3,2,2,0,1,1,1,0,3,90,,3,0,0,1,2,20.0,,,,1,1,1,1,6
202100043594,2021-04-16 00:10:00,2021,4,16,0,10,988,98805,Save express - sens PAITA/NOUMEA - A hauteur de la piscine de Koutio,-22.217126,166.468229,Nuit avec éclairage non allumé,Hors agglomération,Hors intersection,Pluie légère,Autre collision,1,3,4,0,1,1,2,0,1,70,,2,1,1,0,0,62.0,,,,4,1,1,2,6
202100043595,2021-01-13 07:25:00,2021,1,13,7,25,77,77211,RD67,48.563637,2.956787,Nuit avec éclairage non allumé,Hors agglomération,Intersection en Y,Pluie légère,Sans collision,3,2,2,0,1,3,2,0,3,80,,1,0,1,0,0,72.0,,,,4,1,4,2,7
202100043596,2021-03-14 10:50:00,2021,3,14,10,50,84,84122,Route de Peycard,44.097048,4.945382,Plein jour,Hors agglomération,Hors intersection,Vent fort / tempête,Deux véhicules - frontale,3,2,2,0,1,2,1,0,1,80,,3,1,0,1,1,21.0,53.0,,,1,1,1,6,1
202100043597,2021-04-16 12:15:00,2021,4,16,12,15,67,67397,rue du 34eme rif,48.32060116,7.7072885353,Plein jour,En agglomération,Hors intersection,Normale,Autre collision,3,2,2,0,1,1,1,0,1,50,,2,1,0,0,1,83.0,,,,1,2,1,1,6
202100043598,2021-04-18 19:00:00,2021,4,18,19,0,38,38344,Avenue Jean Jaurès,45.368828,4.809222,Plein jour,En agglomération,Giratoire,Normale,Autre collision,3,2,2,0,3,1,1,0,1,50,,1,0,0,1,0,25.0,,,,1,2,6,1,6
202100043599,2021-04-16 15:45:00,2021,4,16,15,45,33,33474,D219,44.665085,-0.485826,Plein jour,Hors agglomération,Hors intersection,Normale,Deux véhicules - arrière,3,2,2,0,2,2,1,9,1,80,,2,1,0,0,1,26.0,15.0,,,1,1,1,1,2
202100043600,2021-04-17 11:50:00,2021,4,17,11,50,14,14106,Route de l'Arbre Martin,49.240024,-0.225917,Plein jour,En agglomération,Hors intersection,Normale,Deux véhicules - arrière,3,2,2,0,1,1,1,0,1,50,,2,1,0,1,0,66.0,72.0,,,1,2,1,1,2
202100043601,2021-04-19 16:30:00,2021,4,19,16,30,76,76533,D982,49.4957662453,0.2580553293,Plein jour,Hors agglomération,Hors intersection,Normale,Deux véhicules - côté,3,2,2,0,1,1,1,0,1,80,,3,1,0,0,2,37.0,57.0,,,1,1,1,1,3
202100043602,2021-04-19 04:35:00,2021,4,19,4,35,60,60446,Nanteuil-le-Haudouin,49.1320125434,2.7964181572,Nuit sans éclairage public,Hors agglomération,Hors intersection,Normale,Sans collision,2,3,4,0,1,1,1,0,1,110,,1,0,0,0,1,21.0,,,,3,1,1,1,7
202100043603,2021-04-17 11:30:00,2021,4,17,11,30,13,13081,A7-Sens Lyon vers Marseille,43.49563,5.24093,Plein jour,Hors agglomération,Hors intersection,Pluie légère,Sans collision,1,-1,1,0,1,2,2,0,1,70,,1,0,0,0,1,19.0,,,,1,1,1,2,7
202100043604,2021-04-17 15:00:00,2021,4,17,15,0,13,13005,A50-Sens Marseille vers Aubagne,43.2864,5.53512,Plein jour,Hors agglomération,Hors intersection,Pluie légère,Deux véhicules - côté,1,1,3,0,1,1,2,0,1,90,,3,0,0,0,3,22.0,22.0,,,1,1,1,2,3
202100043605,2021-04-18 19:05:00,2021,4,18,19,5,94,94003,AUTOROUTE A6A,48.80066,2.34206,Plein jour,Hors agglomération,Hors intersection,Normale,Autre collision,1,3,3,0,1,3,1,0,1,70,,1,0,0,0,1,47.0,,,,1,1,1,1,6
202100043606,2021-04-18 07:50:00,2021,4,18,7,50,91,91086,RN 104,48.62363,2.38209,Plein jour,Hors agglomération,Hors intersection,Normale,Autre collision,2,3,2,0,1,1,1,0,3,110,,1,0,0,0,1,26.0,,,,1,1,1,1,6
202100043607,2021-04-18 16:45:00,2021,4,18,16,45,95,95607, A115,49.0122110152,2.2222935741,Plein jour,Hors agglomération,Hors intersection,Normale,Autre collision,1,3,4,0,1,1,1,0,1,90,,1,0,0,0,1,24.0,,,,1,1,1,1,6
202100043608,2021-04-18 11:30:00,2021,4,18,11,30,95,95424,A15,48.9889,2.19824,Plein jour,Hors agglomération,Hors intersection,Normale,Autre collision,1,1,2,0,1,3,1,3,1,70,,1,0,0,0,1,20.0,,,,1,1,1,1,6
202100043609,2021-04-18 03:45:00,2021,4,18,3,45,974,97407,ROND POINT DES DANSEUSES,-20.9502,55.30117,Nuit avec éclairage allumé,En agglomération,Hors intersection,Normale,Deux véhicules - frontale,4,-1,1,0,1,1,1,9,1,50,,1,0,0,0,1,42.0,,,,5,2,1,1,1
202100043610,2021-04-17 12:18:00,2021,4,17,12,18,973,97302,CABASSOU (ROUTE DE),4.91926,-52.31763,Plein jour,En agglomération,Intersection en T,Normale,Deux véhicules - côté,4,2,1,0,1,1,1,8,1,50,,2,1,0,1,0,19.0,30.0,,,1,2,3,1,3
202100043611,2021-04-17 05:55:00,2021,4,17,5,55,973,97302,MARINGOUINS (ROND-POINT),4.9073439607,-52.3219270708,Crépuscule ou aube,Hors agglomération,Place,Pluie légère,Deux véhicules - côté,2,2,2,0,1,1,2,0,1,80,,2,1,0,1,0,40.0,,,,2,1,7,2,3
202100043612,2021-04-16 12:15:00,2021,4,16,12,15,972,97213,Z I LA JAMBETTE,14.6168624531,-61.0345888138,Plein jour,Hors agglomération,Hors intersection,Normale,Deux véhicules - côté,9,2,2,0,1,1,1,0,1,50,,2,1,0,1,0,37.0,55.0,,,1,1,1,1,3
202100043613,2021-04-17 16:15:00,2021,4,17,16,15,91,91103,RUE EDOUARD BRANLY,48.6031,2.30587,Plein jour,En agglomération,Hors intersection,Normale,Deux véhicules - côté,4,2,2,0,1,1,1,0,1,50,,2,1,0,0,1,21.0,30.0,,,1,2,1,1,3
202100043614,2021-04-16 18:35:00,2021,4,16,18,35,91,91347,RUE DE LORMOY,48.638502,2.290032,Plein jour,En agglomération,Hors intersection,Normale,Deux véhicules - frontale,4,4,2,0,1,1,1,0,1,30,,3,2,0,0,1,34.0,20.0,,,1,2,1,1,1
202100043615,2021-04-17 13:10:00,2021,4,17,13,10,91,91687,VICTOR SCHOELCHER (AVENUE),48.64847,2.36751,Plein jour,En agglomération,Hors intersection,Normale,Autre collision,3,1,2,0,1,3,1,0,1,50,,2,1,0,1,0,27.0,,,,1,2,1,1,6
202100043616,2021-04-16 21:17:00,2021,4,16,21,17,91,91589,CD 257,48.67076,2.33743,Nuit avec éclairage allumé,En agglomération,Autre intersection,Normale,Deux véhicules - côté,3,3,4,0,2,1,1,2,1,50,,2,1,0,0,1,20.0,,,,5,2,9,1,3
202100043617,2021-04-17 15:10:00,2021,4,17,15,10,77,77495,R.N 105,48.56226,2.64504,Plein jour,Hors agglomération,Hors intersection,Normale,Deux véhicules - côté,2,1,3,0,1,1,1,0,1,110,,2,1,0,1,0,31.0,26.0,,,1,1,1,1,3
202100043618,2021-04-17 13:14:00,2021,4,17,13,14,74,74093,ALERY (GRANDE RUE D'),45.89829,6.11176,Plein jour,En agglomération,Hors intersection,Normale,Autre collision,4,2,3,2,2,1,1,0,1,50,,2,0,0,1,1,28.0,,,,1,2,1,1,6
202100043619,2021-04-17 16:50:00,2021,4,17,16,50,72,72181,ESTIENNE D'ORVES (BD D'),47.98427,0.18538,Plein jour,En agglomération,Intersection en X,Autre,Deux véhicules - frontale,4,3,5,0,1,1,1,0,1,70,,3,0,0,0,3,29.0,29.0,,,1,2,2,9,1
202100043620,2021-04-17 20:10:00,2021,4,17,20,10,69,69256,PABLO PICASSO                       (AV),45.77422,4.91994,Crépuscule ou aube,En agglomération,Hors intersection,Normale,Sans collision,4,2,2,0,1,3,1,0,4,50,,2,0,0,1,1,20.0,,,,2,2,1,1,7
202100043621,2021-04-16 16:25:00,2021,4,16,16,25,65,65440,CLEMENCEAU (RUE GEORGES),43.233299,0.079844,Plein jour,En agglomération,Intersection en X,Normale,Deux véhicules - côté,4,1,-1,0,1,1,1,0,1,50,,2,0,0,0,2,77.0,77.0,,,1,2,2,1,3
202100043622,2021-04-16 14:05:00,2021,4,16,14,5,65,65440,VOSGES (AVENUE DES),43.248894,0.063893,Plein jour,En agglomération,Intersection en X,Normale,Deux véhicules - côté,3,2,3,0,1,1,1,5,1,50,,2,1,0,1,0,63.0,21.0,,,1,2,2,1,3
202100043623,2021-04-16 14:44:00,2021,4,16,14,44,65,65440,FOULON (RUE DU),43.229642,0.082647,Plein jour,En agglomération,Hors intersection,Normale,Autre collision,4,2,2,0,1,1,1,0,1,50,,2,1,0,0,1,,,,,1,2,1,1,6
202100043624,2021-04-16 18:30:00,2021,4,16,18,30,64,64024,HARDOY (RUE DE),43.49342,-1.50885,Plein jour,En agglomération,Intersection en T,Normale,Trois véhicules et plus - collisions multiples,4,2,2,0,2,1,1,0,1,50,,3,2,0,0,1,41.0,62.0,,,1,2,3,1,5
202100043625,2021-04-16 15:10:00,2021,4,16,15,10,64,64102,ALLEES MARINES (AVENUE DES),43.4998782148,-1.4902943373,Plein jour,En agglomération,Hors intersection,Normale,Deux véhicules - arrière,4,2,1,0,1,1,1,0,1,50,,2,1,0,0,1,18.0,34.0,,,1,2,1,1,2
202100043626,2021-04-17 13:45:00,2021,4,17,13,45,61,61006,GAULLE (RUE DU GENERAL DE),48.743152,-0.019134,Plein jour,En agglomération,Intersection en X,Normale,Deux véhicules - côté,3,2,2,1,2,1,1,0,1,50,,2,1,0,1,0,27.0,24.0,,,1,2,2,1,3
202100043627,2021-04-16 18:35:00,2021,4,16,18,35,56,56121,FRANCE ( AVE ANATOLE ),47.74689,-3.36609,Plein jour,En agglomération,Giratoire,Normale,Deux véhicules - côté,4,2,4,3,1,1,1,5,6,30,,3,2,0,0,1,47.0,30.0,,,1,2,6,1,3
202100043628,2021-04-16 17:45:00,2021,4,16,17,45,56,56083,Avenue du Président François Mitterrand,47.8062,-3.25964,Plein jour,En agglomération,Giratoire,Normale,Deux véhicules - arrière,3,2,2,0,1,1,1,0,1,30,,2,1,0,0,1,42.0,37.0,,,1,2,6,1,2
202100043629,2021-04-17 14:00:00,2021,4,17,14,0,45,45234,Rue de Joie,47.92119,1.90556,Plein jour,En agglomération,Intersection en T,Normale,Deux véhicules - côté,4,2,2,0,3,1,1,0,1,50,,2,1,0,0,1,40.0,56.0,,,1,2,3,1,3
202100043630,2021-04-16 17:05:00,2021,4,16,17,5,45,45234,Rue du Cheval Rouge,47.8993702902,1.9028655395,Plein jour,En agglomération,Autre intersection,Normale,Deux véhicules - arrière,4,2,2,0,1,1,1,0,1,50,,3,2,0,1,0,34.0,77.0,,,1,2,9,1,2
202100043631,2021-04-16 11:30:00,2021,4,16,11,30,37,37208,DOUMER (BOULEVARD PAUL),47.3687571128,0.7291746145,Plein jour,En agglomération,Hors intersection,Normale,Deux véhicules - arrière,4,2,2,0,1,1,1,0,1,50,,2,1,0,0,1,25.0,25.0,,,1,2,1,1,2
202100043632,2021-04-17 19:45:00,2021,4,17,19,45,34,34172,FABRE DE MORLHON (BOULEVARD JACQUES),43.58884,3.88914,Plein jour,En agglomération,Hors intersection,Normale,Deux véhicules - frontale,4,1,2,0,2,4,1,0,1,50,,2,1,0,1,0,22.0,28.0,,,1,2,1,1,1
202100043633,2021-04-17 16:00:00,2021,4,17,16,0,34,34172,FLANDRES-DUNKERQUE (PLACE),43.58961,3.85661,Plein jour,En agglomération,Giratoire,Normale,Deux véhicules - côté,4,1,3,0,1,2,1,0,1,50,,2,1,0,0,1,27.0,,,,1,2,6,1,3
202100043634,2021-04-17 14:30:00,2021,4,17,14,30,33,33200,Avenue Pasteur,44.88097,-0.68593,Plein jour,En agglomération,Intersection en Y,Normale,Deux véhicules - côté,4,2,2,2,1,1,1,0,1,50,,2,1,0,0,1,44.0,22.0,,,1,2,4,1,3
202100043635,2021-04-17 18:45:00,2021,4,17,18,45,33,33529,,44.63865,-1.14545,Plein jour,En agglomération,Hors intersection,Normale,Autre collision,3,2,2,0,1,1,1,0,1,50,,2,1,0,0,1,61.0,,,,1,2,1,1,6
202100043636,2021-04-16 20:07:00,2021,4,16,20,7,29,29019,Rue de l’Yser,48.38052,-4.5174,Crépuscule ou aube,En agglomération,Intersection en X,Normale,Deux véhicules - côté,4,2,2,0,1,1,1,0,1,50,,2,0,0,1,1,19.0,24.0,,,2,2,2,1,3
202100043637,2021-04-16 16:40:00,2021,4,16,16,40,28,28218,TOURAINE,48.4353037,1.443360417,Plein jour,En agglomération,Autre intersection,Normale,Deux véhicules - côté,6,-1,-1,0,1,1,1,9,1,20,,4,2,0,2,0,30.0,20.0,,,1,2,9,1,3
202100043638,2021-04-17 14:25:00,2021,4,17,14,25,27,27681,CIRCULAIRE (ALLEE),49.1042142183,1.5003338456,Plein jour,En agglomération,Hors intersection,Normale,Deux véhicules - frontale,4,-1,2,0,1,3,1,0,1,30,,3,1,0,0,2,58.0,60.0,,,1,2,1,1,1
202100043639,2021-04-17 15:00:00,2021,4,17,15,0,14,14699,Rue des Eglantiers,49.35534,0.09452,Plein jour,En agglomération,Hors intersection,Normale,Sans collision,4,2,1,0,1,1,1,0,4,50,,1,0,0,1,0,50.0,,,,1,2,1,1,7
202100043640,2021-04-17 23:30:00,2021,4,17,23,30,13,13208,,43.2720732253,5.3909343481,Nuit avec éclairage allumé,En agglomération,Giratoire,Normale,Deux véhicules - côté,4,2,2,0,1,1,1,6,1,50,,2,1,0,0,1,42.0,34.0,,,5,2,6,1,3
202100043641,2021-04-17 12:32:00,2021,4,17,12,32,13,13213,OLIVES (AVENUE DES),43.323323,5.448615,Plein jour,En agglomération,Hors intersection,Pluie légère,Deux véhicules - arrière,7,2,4,0,1,1,2,5,1,50,,3,2,0,0,1,20.0,30.0,,,1,2,1,2,2
202100043642,2021-04-17 10:30:00,2021,4,17,10,30,13,13206,PRADO (AVENUE DU),43.28282,5.38539,Plein jour,En agglomération,Hors intersection,Pluie légère,Deux véhicules - arrière,4,1,2,0,1,1,2,0,1,50,,2,1,0,0,1,46.0,,,,1,2,1,2,2
202100043643,2021-04-17 14:00:00,2021,4,17,14,0,06,06027,NICE AVENUE DE (RN7),43.659265,7.166563,Plein jour,En agglomération,Intersection en T,Normale,Deux véhicules - arrière,7,2,2,0,1,1,1,0,1,50,,2,1,0,0,1,39.0,34.0,,,1,2,3,1,2
202100043644,2021-04-16 19:00:00,2021,4,16,19,0,04,04112,RD 5 / av de l'argile,43.8397118495,5.7791734498,Plein jour,En agglomération,Intersection en T,Temps couvert,Deux véhicules - côté,3,3,1,0,2,1,1,0,1,50,,2,1,0,0,1,22.0,59.0,,,1,2,3,8,3
202100043645,2021-04-16 22:54:00,2021,4,16,22,54,75,75117,BOULEVARD BESSIERES,48.8974372983,2.3242573253,Nuit avec éclairage allumé,En agglomération,Intersection à plus de 4 branches,Normale,Deux véhicules - côté,4,2,6,0,1,1,1,0,1,50,,3,1,0,2,0,38.0,24.0,,,5,2,5,1,3
202100043646,2021-04-15 10:00:00,2021,4,15,10,0,75,75105,PLACE VALHUBERT,48.8445754175,2.3642498445,Plein jour,En agglomération,Place,Normale,Deux véhicules - côté,4,2,3,0,1,3,1,0,1,50,,2,1,0,0,1,50.0,45.0,,,1,2,7,1,3
202100043647,2021-04-17 16:00:00,2021,4,17,16,0,75,75120,AVENUE GAMBETTA,48.87495,2.4057,Plein jour,En agglomération,Intersection en X,Normale,Deux véhicules - côté,4,3,2,0,1,1,1,0,1,30,,2,1,0,0,1,27.0,12.0,,,1,2,2,1,3
202100043648,2021-04-17 08:35:00,2021,4,17,8,35,75,75119,RUE RIQUET,48.889245,2.371279,Plein jour,En agglomération,Intersection à plus de 4 branches,Normale,Autre collision,4,1,3,1,1,1,1,0,1,50,,2,1,0,0,1,32.0,,,,1,2,5,1,6
202100043649,2021-04-17 18:40:00,2021,4,17,18,40,75,75118,BOULEVARD NEY,48.8985358342,2.3557359177,Plein jour,En agglomération,Hors intersection,Normale,Deux véhicules - côté,4,3,2,0,2,1,1,0,1,50,,2,1,0,0,1,32.0,52.0,,,1,2,1,1,3
202100043650,2021-04-17 19:20:00,2021,4,17,19,20,75,75115,QUAI DE GRENELLE,48.8544189859,2.2886507939,Plein jour,En agglomération,Intersection en X,Normale,Deux véhicules - côté,4,2,2,0,1,1,1,0,1,50,,2,1,0,0,1,26.0,35.0,,,1,2,2,1,3
202100043651,2021-04-17 16:40:00,2021,4,17,16,40,75,75113,RUE DE LA GLACIERE,48.8316990236,2.3443740606,Plein jour,En agglomération,Intersection en Y,Normale,Deux véhicules - arrière,4,2,2,0,1,1,1,0,1,50,,2,1,0,0,1,26.0,31.0,,,1,2,4,1,2
202100043652,2021-04-17 16:20:00,2021,4,17,16,20,75,75110,RUE DU FAUBOURG SAINT MARTIN,48.870692,2.35654,Plein jour,En agglomération,Intersection en T,Normale,Deux véhicules - arrière,4,1,2,1,1,1,1,0,1,50,,2,1,0,0,1,34.0,36.0,,,1,2,3,1,2
202100043653,2021-04-17 19:05:00,2021,4,17,19,5,75,75103,RUE DE TURBIGO,48.865921,2.358099,Plein jour,En agglomération,Intersection en X,Normale,Deux véhicules - arrière,4,2,4,1,1,1,1,-1,5,20,,2,1,0,0,1,,30.0,,,1,2,2,1,2
202100043654,2021-04-17 20:35:00,2021,4,17,20,35,94,94068,MARNE (BD DE LA),48.7910007683,2.5069173695,Crépuscule ou aube,En agglomération,Hors intersection,Normale,Deux véhicules - frontale,4,-1,2,0,1,1,1,0,1,30,,2,1,0,1,0,31.0,21.0,,,2,2,1,1,1
202100043655,2021-04-17 04:55:00,2021,4,17,4,55,94,94068,CENTENAIRE (AV DU),48.8029298981,2.510279417,Nuit avec éclairage allumé,En agglomération,Intersection en X,Normale,Deux véhicules - côté,4,2,3,0,1,1,1,0,1,30,,2,1,0,0,1,24.0,21.0,,,5,2,2,1,3
202100043656,2021-04-17 18:30:00,2021,4,17,18,30,94,94076,Avenue de la Division Leclerc,48.78525,2.36993,Plein jour,En agglomération,Hors intersection,Normale,Deux véhicules - côté,4,2,2,0,1,1,1,0,1,50,,3,1,0,0,2,44.0,23.0,,,1,2,1,1,3
202100043657,2021-04-17 13:00:00,2021,4,17,13,0,94,94076,Rue Marcel Grosménil,48.799286,2.355153,Plein jour,En agglomération,Hors intersection,Normale,Autre collision,4,2,2,0,1,1,1,0,1,50,,2,1,0,0,1,43.0,,,,1,2,1,1,6
202100043658,2021-04-17 19:30:00,2021,4,17,19,30,94,94041,Rue Barbès,48.816546,2.370132,Plein jour,En agglomération,Autre intersection,Normale,Deux véhicules - côté,3,1,2,3,1,1,1,0,1,50,,2,1,0,0,1,34.0,47.0,,,1,2,9,1,3
202100043659,2021-04-17 10:15:00,2021,4,17,10,15,94,94028,FOCH(AVENUE DU MARECHAL),48.78761,2.43589,Plein jour,En agglomération,Intersection en T,Normale,Deux véhicules - côté,3,2,2,0,1,1,1,0,1,50,,2,1,0,0,1,22.0,34.0,,,1,2,3,1,3
202100043660,2021-04-17 19:30:00,2021,4,17,19,30,94,94055,PROVINS (RTE DE),48.7957,2.54997,Plein jour,En agglomération,Hors intersection,Normale,Deux véhicules - arrière,3,3,2,0,1,1,1,9,1,50,,2,1,0,0,1,36.0,32.0,,,1,2,1,1,2
202100043661,2021-04-17 15:00:00,2021,4,17,15,0,93,93048,RESISTANCE (AVENUE DE LA),48.8661,2.4349,Plein jour,En agglomération,Hors intersection,Normale,Deux véhicules - côté,3,1,2,1,1,1,1,0,1,50,,2,1,0,0,1,37.0,29.0,,,1,2,1,1,3
202100043662,2021-04-16 21:15:00,2021,4,16,21,15,93,93008,REPUBLIQUE (ALLEE DE LA),48.9076069116,2.4257361889,Nuit avec éclairage allumé,En agglomération,Intersection en X,Normale,Deux véhicules - côté,3,2,2,0,1,1,1,9,1,50,,2,1,0,1,0,68.0,33.0,,,5,2,2,1,3
202100043663,2021-04-17 15:30:00,2021,4,17,15,30,93,93005,EDGAR DEGAS (RUE),48.9562267692,2.4959796983,Plein jour,En agglomération,Intersection en X,Temps éblouissant,Deux véhicules - côté,4,2,2,0,1,1,1,0,1,50,,2,1,0,0,1,26.0,27.0,,,1,2,2,7,3
202100043664,2021-04-17 21:15:00,2021,4,17,21,15,92,92040,JACQUES H.LARTIGUE,48.82438,2.26017,Nuit avec éclairage allumé,En agglomération,Autre intersection,Normale,Autre collision,9,2,2,3,1,1,1,4,6,30,,2,1,0,1,0,,,,,5,2,9,1,6
202100043665,2021-04-17 12:17:00,2021,4,17,12,17,92,92026,SAINT-DENIS BD DE (01 A 197 / 02 A 118),48.8980437439,2.2638380527,Plein jour,En agglomération,Hors intersection,Normale,Autre collision,3,1,2,0,3,1,1,0,1,30,,3,2,0,0,1,73.0,,,,1,2,1,1,6
202100043666,2021-04-16 23:05:00,2021,4,16,23,5,92,92024,MARTRE (RUE) DE (111 A 119)   (122 A 144,48.90761,2.30143,Nuit avec éclairage allumé,En agglomération,Intersection en Y,Normale,Deux véhicules - côté,3,1,3,1,1,1,1,0,1,30,,3,1,0,0,2,14.0,23.0,,,5,2,4,1,3
202100043667,2021-04-17 11:30:00,2021,4,17,11,30,92,92007,VERDUN (RUE DE) N° PAIRS,48.8019870628,2.3167875409,Plein jour,En agglomération,Giratoire,Normale,Autre collision,3,-1,0,0,1,3,1,6,1,30,,2,1,0,0,1,,,,,1,2,6,1,6
202100043668,2021-04-17 21:22:00,2021,4,17,21,22,44,44077,Le Marais,47.533407,-1.398445,Nuit sans éclairage public,Hors agglomération,Hors intersection,Normale,Autre collision,3,2,2,0,1,2,1,0,3,80,,1,0,1,0,0,43.0,,,,3,1,1,1,6
202100043669,2021-04-18 07:15:00,2021,4,18,7,15,60,60310,Herchies,49.484198,2.011675,Plein jour,En agglomération,Hors intersection,Normale,Autre collision,4,2,2,0,1,2,1,2,3,50,,1,0,0,0,1,31.0,,,,1,2,1,1,6
202100043670,2021-04-18 12:00:00,2021,4,18,12,0,49,49069,Le Moulin des Barilleries (st Laurent-des-autels),47.285183,-1.218313,Plein jour,Hors agglomération,Hors intersection,Normale,Deux véhicules - frontale,4,2,2,0,1,1,1,0,1,80,,2,0,0,1,1,54.0,43.0,,,1,1,1,1,1
202100043671,2021-04-18 08:10:00,2021,4,18,8,10,47,47069,Route de Prayssas,44.228626,0.555131,Plein jour,Hors agglomération,Hors intersection,Normale,Deux véhicules - frontale,3,2,2,0,2,3,1,0,1,70,,3,1,0,1,1,70.0,19.0,,,1,1,1,1,1