accident_id,datetime,annee,mois,jour,heure,minute,departement,commune_insee,adresse,latitude,longitude,luminosite,agglomeration,intersection,meteo,collision,catr,circ,nbv,vosp,prof,plan,surf,infra,situ,vma,nb_vehicules,nb_usagers,nb_indemnes,nb_tues,nb_blesses_hosp,nb_blesses_legers,age_cond_1,age_cond_2,veh_type_cond_1,veh_type_cond_2,lum_code,agg_code,int_code,atm_code,col_code
202100043672,2021-04-17 17:55:00,2021,4,17,17,55,01,01244,23 Rue des Maisons Neuves,45.905007,5.200973,Plein jour,En agglomération,Hors intersection,Temps éblouissant,Autre collision,4,2,2,0,1,1,1,0,1,50,,2,0,0,1,1,53.0,,,,1,2,1,7,6
202100043673,2021-04-17 16:40:00,2021,4,17,16,40,60,60568,D37,49.417507,2.492738,Plein jour,Hors agglomération,Hors intersection,Normale,Sans collision,3,2,2,0,1,1,1,0,3,80,,1,0,0,0,1,26.0,,,,1,1,1,1,7
202100043674,2021-03-24 15:50:00,2021,3,24,15,50,83,83031,rond point du vieux cannet,43.394417,6.331467,Plein jour,En agglomération,Giratoire,Normale,Deux véhicules - arrière,3,2,2,0,1,1,1,0,1,-1,,2,1,0,1,0,49.0,67.0,,,1,2,6,1,2
202100043675,2021-04-18 00:00:00,2021,4,18,0,0,79,79261,,46.764942,-0.626156,Nuit sans éclairage public,Hors agglomération,Hors intersection,Normale,Sans collision,3,2,2,0,1,3,1,0,3,80,,1,0,0,0,1,31.0,,,,3,1,1,1,7
202100043676,2021-04-17 20:00:00,2021,4,17,20,0,60,60539,Rue Frederic Kuhlmann,49.291547,2.507769,Plein jour,En agglomération,Hors intersection,Normale,Deux véhicules - frontale,4,2,2,0,1,3,1,0,1,30,,2,1,0,0,1,30.0,33.0,,,1,2,1,1,1
202100043677,2021-04-17 13:30:00,2021,4,17,13,30,80,80647,D337,49.788302,2.831705,Plein jour,Hors agglomération,Intersection en X,Normale,Deux véhicules - côté,3,2,2,0,1,1,1,0,1,80,,2,1,0,0,1,22.0,43.0,,,1,1,2,1,3
202100043678,2021-04-18 14:53:00,2021,4,18,14,53,32,32458,RD 231,43.735008,-0.013592,Plein jour,Hors agglomération,Intersection en X,Normale,Deux véhicules - côté,3,2,2,0,1,1,1,4,1,80,,2,1,0,1,0,70.0,28.0,,,1,1,2,1,3
202100043679,2021-04-18 07:15:00,2021,4,18,7,15,63,63192,D 203 La Chauderie-Basse - PK 019.000,45.528437,2.699713,Plein jour,Hors agglomération,Hors intersection,Normale,Autre collision,3,2,2,0,2,3,1,2,1,80,,1,0,0,1,0,21.0,,,,1,1,1,1,6
202100043680,2021-04-18 19:30:00,2021,4,18,19,30,61,61405,D286,48.288172,0.737001,Plein jour,Hors agglomération,Hors intersection,Normale,Sans collision,3,2,2,0,1,3,1,0,3,90,,2,0,0,2,0,18.0,,,,1,1,1,1,7
202100043681,2021-04-18 17:30:00,2021,4,18,17,30,55,55010,7 Rue de Ligny,48.638724,5.028762,Plein jour,En agglomération,Hors intersection,Normale,Autre collision,3,2,2,0,1,1,1,0,4,50,,1,0,0,1,0,39.0,,,,1,2,1,1,6
202100043682,2021-04-16 20:00:00,2021,4,16,20,0,25,25296,D47,47.000065,6.55082,Nuit sans éclairage public,Hors agglomération,Hors intersection,Normale,Deux véhicules - côté,3,2,2,0,1,2,1,0,1,80,,3,2,0,1,0,28.0,,,,3,1,1,1,3
202100043683,2021-04-17 10:45:00,2021,4,17,10,45,31,31451,23 Impasse de la Pomme,43.452957,1.996758,Plein jour,En agglomération,Autre intersection,Normale,Autre collision,4,2,2,0,1,1,1,0,4,50,,2,1,1,0,0,85.0,,,,1,2,9,1,6
202100043684,2021-04-17 16:00:00,2021,4,17,16,0,38,38324,715 Route de Vienne,45.389717,5.023068,Plein jour,Hors agglomération,Hors intersection,Normale,Sans collision,3,2,2,0,2,1,1,0,1,80,,1,0,0,1,0,50.0,,,,1,1,1,1,7
202100043685,2021-04-18 17:15:00,2021,4,18,17,15,58,58264,D2076,46.783455,3.118272,Plein jour,En agglomération,Hors intersection,Normale,Deux véhicules - côté,3,2,2,0,1,1,1,0,1,80,,2,1,0,0,1,53.0,25.0,,,1,2,1,1,3
202100043686,2021-04-17 16:50:00,2021,4,17,16,50,06,06136,Route Departemental 2566A,43.857663,7.448121,Plein jour,Hors agglomération,Hors intersection,Normale,Sans collision,3,2,2,0,1,3,1,0,1,80,,1,0,0,1,0,54.0,,,,1,1,1,1,7
202100043687,2021-04-18 05:30:00,2021,4,18,5,30,14,14345,D511,48.968808,-0.099993,Nuit sans éclairage public,Hors agglomération,Hors intersection,Normale,Autre collision,3,2,2,0,1,1,1,0,3,90,,1,0,1,0,0,20.0,,,,3,1,1,1,6
202100043688,2021-04-17 15:20:00,2021,4,17,15,20,50,50272,Rue Jouvin,48.941417,-1.537507,Plein jour,Hors agglomération,Intersection en X,Normale,Deux véhicules - côté,4,2,2,0,1,1,1,9,1,50,,2,1,0,1,0,89.0,60.0,,,1,1,2,1,3
202100043689,2021-04-18 17:45:00,2021,4,18,17,45,60,60456,Rue de Wacquemoulin,49.485764,2.579674,Plein jour,Hors agglomération,Hors intersection,Normale,Sans collision,4,-1,2,0,1,1,1,0,8,-1,,2,0,0,0,2,38.0,,,,1,1,1,1,7
202100043690,2021-04-17 23:45:00,2021,4,17,23,45,60,60701,390 Rue Brûlée,49.5431680446,2.3591024982,Nuit avec éclairage allumé,En agglomération,Hors intersection,Normale,Autre collision,4,2,2,0,1,1,1,0,1,50,,3,0,0,0,3,44.0,,,,5,2,1,1,6
202100043691,2021-04-17 17:30:00,2021,4,17,17,30,10,10209,route départementale 57,48.250426,4.273124,Plein jour,Hors agglomération,Hors intersection,Normale,Sans collision,3,2,2,0,1,2,1,0,3,80,,1,0,0,1,0,23.0,,,,1,1,1,1,7
202100043692,2021-04-17 16:15:00,2021,4,17,16,15,07,07062,Route de Lentilleres,44.597863,4.307284,Plein jour,Hors agglomération,Hors intersection,Normale,Deux véhicules - frontale,3,2,2,0,2,3,1,0,1,70,,3,2,0,1,0,52.0,70.0,,,1,1,1,1,1
202100043693,2021-04-17 16:05:00,2021,4,17,16,5,07,07066,Rue du Parisien,44.705674,4.657983,Plein jour,En agglomération,Intersection en T,Normale,Deux véhicules - frontale,4,2,2,0,1,1,1,0,1,30,,2,1,0,1,0,14.0,35.0,,,1,2,3,1,1
202100043694,2021-04-17 16:50:00,2021,4,17,16,50,37,37156,Allée des Ralluères,47.3832702616,0.8268329088,Plein jour,En agglomération,Intersection en T,Normale,Autre collision,4,2,2,0,1,1,1,0,1,30,,4,1,0,0,3,17.0,17.0,,,1,2,3,1,6
202100043695,2021-04-18 10:50:00,2021,4,18,10,50,30,30341,D104,43.627,4.2502,Plein jour,Hors agglomération,Hors intersection,Normale,Sans collision,3,2,1,0,2,2,1,0,3,80,,1,0,0,0,1,47.0,,,,1,1,1,1,7
202100043696,2021-04-18 03:50:00,2021,4,18,3,50,48,48064,CD53,44.803276,3.123465,Nuit sans éclairage public,Hors agglomération,Hors intersection,Normale,Autre collision,3,2,2,0,1,2,1,0,8,90,,3,0,0,1,2,19.0,,,,3,1,1,1,6
202100043697,2021-04-18 11:55:00,2021,4,18,11,55,48,48018,D42,44.521869,3.420278,Plein jour,Hors agglomération,Hors intersection,Normale,Autre collision,3,2,2,0,1,1,1,0,3,90,,1,0,0,0,1,28.0,,,,1,1,1,1,6
202100043698,2021-04-14 14:40:00,2021,4,14,14,40,88,88332,D18,48.224369,5.926931,Plein jour,Hors agglomération,Hors intersection,Normale,Deux véhicules - arrière,3,2,2,0,1,1,1,0,1,80,,2,1,0,1,0,75.0,85.0,,,1,1,1,1,2
202100043699,2021-04-17 20:00:00,2021,4,17,20,0,77,77165,A5,48.494768,2.842026,Plein jour,Hors agglomération,Hors intersection,Normale,Autre collision,1,2,3,0,1,1,1,0,3,130,,1,0,0,1,0,33.0,,,,1,1,1,1,6
202100043700,2021-04-18 16:10:00,2021,4,18,16,10,95,95678,Chemin de Beaumont,49.07459,2.244365,Plein jour,Hors agglomération,Hors intersection,Normale,Autre collision,4,2,2,0,4,3,1,0,1,70,,1,0,0,1,0,32.0,,,,1,1,1,1,6
202100043701,2021-04-18 04:20:00,2021,4,18,4,20,988,98804,Route de Nonhoué,-21.529022,165.956585,Nuit sans éclairage public,Hors agglomération,Hors intersection,Normale,Autre collision,4,2,2,0,1,1,1,0,3,80,,1,0,0,0,1,39.0,,,,3,1,1,1,6
202100043702,2021-04-17 20:15:00,2021,4,17,20,15,95,95351,Rue Jean Monnet,49.0498895326,2.4917490141,Plein jour,En agglomération,Hors intersection,Normale,Autre collision,4,-1,1,3,1,1,1,6,1,5,,2,0,0,1,1,33.0,,,,1,2,1,1,6
202100043703,2021-04-18 18:10:00,2021,4,18,18,10,78,78601,nationale 10,48.585639,1.832212,Plein jour,Hors agglomération,Hors intersection,Normale,Sans collision,2,3,4,0,1,1,1,0,1,110,,1,0,1,0,0,32.0,,,,1,1,1,1,7
202100043704,2021-04-18 06:50:00,2021,4,18,6,50,2A,2A247,RT10,41.621466,9.284059,Crépuscule ou aube,Hors agglomération,Hors intersection,Normale,Deux véhicules - arrière,2,2,2,0,2,1,1,0,1,80,,2,0,0,0,2,49.0,34.0,,,2,1,1,1,2
202100043705,2021-04-17 18:15:00,2021,4,17,18,15,83,83099,Rue du General Charles de Gaulle,43.454591,6.687275,Plein jour,En agglomération,Hors intersection,Normale,Deux véhicules - côté,4,1,2,0,1,1,1,0,1,50,,3,1,0,1,1,44.0,16.0,,,1,2,1,1,3
202100043706,2021-04-17 12:10:00,2021,4,17,12,10,13,13097,D113,43.638622,4.844027,Plein jour,Hors agglomération,Hors intersection,Normale,Deux véhicules - arrière,3,2,2,0,1,1,1,0,3,80,,2,0,1,0,1,36.0,,,,1,1,1,1,2
202100043707,2021-04-17 22:50:00,2021,4,17,22,50,89,89037,,47.9723027587,3.3523106575,Nuit sans éclairage public,Hors agglomération,Hors intersection,Normale,Autre collision,3,2,2,0,1,3,1,0,3,80,,2,0,0,1,1,26.0,,,,3,1,1,1,6
202100043708,2021-04-17 14:50:00,2021,4,17,14,50,21,21565,Rue de Gilly,47.206104,5.011649,Plein jour,En agglomération,Intersection en Y,Normale,Deux véhicules - côté,3,2,2,0,3,2,1,0,1,50,,2,1,0,1,0,59.0,35.0,,,1,2,4,1,3
202100043709,2021-04-18 06:15:00,2021,4,18,6,15,67,67160,103 Route de Woerth,48.9491417607,7.7644872279,Crépuscule ou aube,En agglomération,Hors intersection,Normale,Autre collision,3,2,2,0,1,1,1,9,3,50,,1,0,1,0,0,25.0,,,,2,2,1,1,6
202100043710,2021-04-18 11:45:00,2021,4,18,11,45,38,38442,Route de Cherlieu,45.31738,5.79919,Plein jour,Hors agglomération,Hors intersection,Normale,Autre collision,3,2,2,0,2,2,1,0,1,70,,1,0,0,0,1,17.0,,,,1,1,1,1,6
202100043711,2021-04-17 14:11:00,2021,4,17,14,11,07,07042,,44.386507,4.620985,Plein jour,Hors agglomération,Hors intersection,Normale,Autre collision,3,2,2,0,2,1,1,0,3,80,,2,0,0,0,2,22.0,,,,1,1,1,1,6
202100043712,2021-04-16 13:45:00,2021,4,16,13,45,69,69107,SAINT-CYR (DE) (RTE),46.048367,4.505561,Plein jour,Hors agglomération,Intersection en T,Normale,Autre collision,4,2,2,0,2,2,1,0,1,80,,2,1,0,1,0,16.0,,,,1,1,3,1,6
202100043713,2021-04-15 15:50:00,2021,4,15,15,50,40,40184,Route Noire,44.208,-1.234637,Plein jour,En agglomération,Intersection en X,Normale,Deux véhicules - côté,4,2,2,0,1,2,1,0,1,50,,2,0,0,1,1,53.0,19.0,,,1,2,2,1,3
202100043714,2021-04-17 17:30:00,2021,4,17,17,30,53,53094,RD 565,48.001933,-0.712287,Plein jour,En agglomération,Hors intersection,Normale,Deux véhicules - côté,3,2,2,0,2,1,1,6,1,30,,2,1,0,0,1,53.0,13.0,,,1,2,1,1,3
202100043715,2021-04-18 05:45:00,2021,4,18,5,45,50,50535,D39,48.757717,-1.303511,Nuit sans éclairage public,Hors agglomération,Hors intersection,Normale,Autre collision,3,2,2,0,1,4,1,0,3,80,,1,0,1,0,0,21.0,,,,3,1,1,1,6
202100043716,2021-04-18 17:30:00,2021,4,18,17,30,76,76522,54 Rue des Chataîgniers,49.52795,0.40859,Plein jour,Hors agglomération,Hors intersection,Normale,Deux véhicules - frontale,3,2,2,0,1,1,1,0,1,70,,2,1,0,1,0,13.0,51.0,,,1,1,1,1,1
202100043717,2021-04-18 09:45:00,2021,4,18,9,45,60,60089,D915,49.206222,1.86258,Plein jour,En agglomération,Hors intersection,Normale,Deux véhicules - frontale,3,2,2,0,1,1,1,0,1,50,,4,0,2,0,2,55.0,23.0,,,1,2,1,1,1
202100043718,2021-04-16 13:40:00,2021,4,16,13,40,13,13055,A507 sens Aubagne- Marseille,43.292323,5.424504,Plein jour,Hors agglomération,Hors intersection,Normale,Deux véhicules - côté,1,1,3,0,1,1,1,1,1,70,,3,2,0,0,1,48.0,28.0,,,1,1,1,1,3
202100043719,2021-04-17 09:58:00,2021,4,17,9,58,13,13019,A51-Sens Aix en Provence vers Marseille,43.426064,5.378935,Plein jour,Hors agglomération,Hors intersection,Pluie légère,Sans collision,1,1,4,3,1,1,2,0,1,90,,1,0,0,0,1,25.0,,,,1,1,1,2,7
202100043720,2021-04-17 07:10:00,2021,4,17,7,10,13,13106,A7-Sens Lyon vers Marseille,43.39189,5.35093,Crépuscule ou aube,Hors agglomération,Hors intersection,Pluie forte,Deux véhicules - côté,1,1,3,0,1,1,2,0,1,90,,1,0,0,0,1,33.0,,,,2,1,1,3,3
202100043721,2021-04-16 14:20:00,2021,4,16,14,20,13,13215,A7-Sens Lyon vers Marseille,43.3441,5.3751,Plein jour,Hors agglomération,Hors intersection,Normale,Deux véhicules - arrière,1,1,4,0,1,1,1,0,1,70,,2,1,0,0,1,31.0,54.0,,,1,1,1,1,2
202100043722,2021-04-17 19:00:00,2021,4,17,19,0,91,91689,AUTOROUTE A6,48.736,2.316,Plein jour,Hors agglomération,Hors intersection,Normale,Deux véhicules - côté,1,3,6,0,1,1,1,0,2,110,,2,1,0,0,1,63.0,38.0,,,1,1,1,1,3
202100043723,2021-04-17 19:00:00,2021,4,17,19,0,94,94034,AUTOROUTE A86,48.7617,2.31549,Plein jour,Hors agglomération,Hors intersection,Normale,Deux véhicules - côté,1,3,4,0,1,1,1,0,1,70,,3,1,0,0,2,21.0,53.0,,,1,1,1,1,3
202100043724,2021-04-17 13:15:00,2021,4,17,13,15,94,94034,AUTOROUTE A86,48.75629,2.3416,Plein jour,Hors agglomération,Hors intersection,Normale,Trois véhicules et plus - en chaîne,1,3,2,0,1,3,1,0,1,90,,3,1,0,0,2,38.0,41.0,,,1,1,1,1,4
202100043725,2021-04-17 06:20:00,2021,4,17,6,20,92,92002,AUTOROUTE A10,48.7325683326,2.3112541746,Crépuscule ou aube,Hors agglomération,Hors intersection,Normale,Trois véhicules et plus - en chaîne,1,3,6,0,1,1,1,0,1,110,,4,2,0,0,2,,52.0,,,2,1,1,1,4
202100043726,2021-04-17 14:04:00,2021,4,17,14,4,93,93027,AUTOROUTE A86,48.92717,2.4194,Plein jour,Hors agglomération,Hors intersection,Normale,Deux véhicules - arrière,1,3,8,0,1,1,1,1,1,90,,2,1,0,0,1,,37.0,,,1,1,1,1,2
202100043727,2021-04-17 15:10:00,2021,4,17,15,10,95,95277,A104,48.9727720852,2.4870391365,Plein jour,Hors agglomération,Hors intersection,Normale,Deux véhicules - arrière,1,3,12,0,1,1,1,0,1,90,,2,1,0,0,1,28.0,18.0,,,1,1,1,1,2
202100043728,2021-04-17 00:20:00,2021,4,17,0,20,93,93048,AUTOROUTE A3,48.87293,2.43562,Nuit avec éclairage non allumé,Hors agglomération,Hors intersection,Normale,Deux véhicules - arrière,1,3,11,0,2,1,1,0,1,70,,2,1,0,1,0,40.0,34.0,,,4,1,1,1,2
202100043729,2021-04-16 09:00:00,2021,4,16,9,0,95,95582, A115,48.9725650218,2.2472267236,Plein jour,Hors agglomération,Hors intersection,Normale,Deux véhicules - côté,1,3,9,0,1,1,1,0,1,70,,2,0,0,1,1,60.0,32.0,,,1,1,1,1,3
202100043730,2021-04-17 02:50:00,2021,4,17,2,50,988,98818,AVENUE BONAPARTE/AVENUE KOENIG,-22.23317,166.46751,Nuit avec éclairage allumé,En agglomération,Intersection en T,Pluie légère,Deux véhicules - arrière,4,2,2,0,1,1,2,0,1,30,,3,1,0,0,2,19.0,46.0,,,5,2,3,2,2
202100043731,2021-04-16 16:30:00,2021,4,16,16,30,988,98818,RUE JULES FERRY,-22.26809,166.43751,Plein jour,En agglomération,Hors intersection,Pluie légère,Deux véhicules - arrière,4,1,3,0,1,1,2,0,1,50,,2,1,0,0,1,26.0,27.0,,,1,2,1,2,2
202100043732,2021-04-16 09:00:00,2021,4,16,9,0,974,97416,BANK (BOULEVARD),-21.330288,55.472461,Plein jour,Hors agglomération,Giratoire,Normale,Autre collision,4,1,2,0,1,2,1,0,3,30,,1,0,0,0,1,22.0,,,,1,1,6,1,6
202100043733,2021-04-16 18:33:00,2021,4,16,18,33,974,97411,JAURES (BLD 1 JEAN),-20.89082,55.46606,Nuit sans éclairage public,En agglomération,Hors intersection,Normale,Autre collision,2,3,3,1,3,1,1,5,3,50,,1,0,0,0,1,49.0,,,,3,2,1,1,6
202100043734,2021-04-15 22:10:00,2021,4,15,22,10,974,97411,Route de Moufia,-20.89963,55.49189,Nuit avec éclairage allumé,En agglomération,Hors intersection,Normale,Deux véhicules - côté,4,2,2,0,1,1,1,0,1,50,,3,2,0,1,0,21.0,46.0,,,5,2,1,1,3
202100043735,2021-04-16 15:00:00,2021,4,16,15,0,973,97302,RABAN (ROUTE DE),4.9220201372,-52.3124946356,Plein jour,En agglomération,Hors intersection,Normale,Deux véhicules - côté,4,2,2,0,1,1,1,0,1,50,,3,1,0,0,2,40.0,29.0,,,1,2,1,1,3
202100043736,2021-04-16 10:05:00,2021,4,16,10,5,973,97302,BADUEL (ROUTE DE),4.93289,-52.30913,Plein jour,En agglomération,Hors intersection,Normale,Sans collision,3,3,1,0,1,1,1,0,1,50,,1,0,0,1,0,54.0,,,,1,2,1,1,7
202100043737,2021-04-16 13:45:00,2021,4,16,13,45,69,69199,YVES FARGE (BD),45.69797,4.85771,Plein jour,En agglomération,Intersection en T,Normale,Trois véhicules et plus - collisions multiples,7,2,4,0,1,1,1,0,5,50,,3,2,0,0,1,58.0,46.0,,,1,2,3,1,5
202100043738,2021-04-16 05:45:00,2021,4,16,5,45,69,69259,BERLIET (PT),45.7027602229,4.8939728623,Nuit avec éclairage allumé,En agglomération,Hors intersection,Normale,Trois véhicules et plus - collisions multiples,4,2,2,0,3,1,1,2,1,50,,3,1,0,0,2,27.0,42.0,,,5,2,1,1,5
202100043739,2021-04-14 22:05:00,2021,4,14,22,5,972,97213,ROUTE DEPARTEMENTALE 15,14.62706,-61.00837,Nuit avec éclairage allumé,Hors agglomération,Hors intersection,Normale,Deux véhicules - côté,3,2,2,0,1,1,1,0,1,70,,2,1,0,1,0,55.0,20.0,,,5,1,1,1,3
202100043740,2021-04-16 17:50:00,2021,4,16,17,50,69,69389,SIDOINE APOLLINAIRE (AV),45.7688177014,4.7978925705,Plein jour,En agglomération,Autre intersection,Normale,Deux véhicules - arrière,4,2,4,0,4,1,1,0,1,50,,5,4,0,0,1,68.0,24.0,,,1,2,9,1,2
202100043741,2021-04-09 08:18:00,2021,4,9,8,18,971,97101,DE BONNIER (ROUTE),16.26065,-61.48734,Plein jour,Hors agglomération,Intersection en T,Normale,Deux véhicules - côté,4,2,2,0,2,1,1,0,1,50,,2,1,0,0,1,41.0,46.0,,,1,1,3,1,3
202100043742,2021-04-15 11:20:00,2021,4,15,11,20,971,97113,PLAGE (RUE DE LA),16.21249,-61.4276,Plein jour,Hors agglomération,Hors intersection,Normale,Deux véhicules - frontale,4,2,2,0,1,1,1,0,1,50,,3,2,0,0,1,23.0,57.0,,,1,1,1,1,1
202100043743,2021-04-16 19:30:00,2021,4,16,19,30,95,95585,MALESHERBE (RESIDENCE),48.98515,2.3806,Crépuscule ou aube,En agglomération,Hors intersection,Normale,Deux véhicules - frontale,6,-1,-1,0,1,2,1,0,1,30,,2,1,0,0,1,37.0,7.0,,,2,2,1,1,1
202100043744,2021-04-16 13:30:00,2021,4,16,13,30,91,91687,VICTOR SCHOELCHER (AVENUE),48.65468,2.37079,Plein jour,En agglomération,Hors intersection,Temps couvert,Autre collision,3,1,2,0,1,2,1,0,3,50,,1,0,0,0,1,24.0,,,,1,2,1,8,6
202100043745,2021-03-28 07:15:00,2021,3,28,7,15,91,91174,RUE DE PARIS,48.6029,2.4688,Crépuscule ou aube,En agglomération,Hors intersection,Normale,Deux véhicules - frontale,3,-1,2,0,1,1,1,0,1,50,,2,1,0,0,1,36.0,35.0,,,2,2,1,1,1
202100043746,2021-04-15 10:15:00,2021,4,15,10,15,91,91223,HAUT PAVE (RUE DU),48.43071,2.14881,Plein jour,En agglomération,Hors intersection,Normale,Autre collision,3,2,2,0,1,1,1,0,4,50,,1,0,0,0,1,21.0,,,,1,2,1,1,6
202100043747,2021-04-14 17:15:00,2021,4,14,17,15,86,86194,Rue Helene Boucher,46.5907721,0.322726,Plein jour,En agglomération,Hors intersection,Normale,Deux véhicules - côté,4,2,2,0,1,1,1,0,1,50,,3,2,0,1,0,26.0,16.0,,,1,2,1,1,3
202100043748,2021-03-31 18:25:00,2021,3,31,18,25,84,84031,D942,44.04579,5.02767,Plein jour,Hors agglomération,Autre intersection,Normale,Deux véhicules - côté,3,2,1,0,1,2,1,0,1,50,,3,0,0,0,3,25.0,41.0,,,1,1,9,1,3
202100043749,2021-04-15 11:20:00,2021,4,15,11,20,80,80021,JEAN CATELAS (RUE),49.89615,2.28949,Plein jour,En agglomération,Hors intersection,Normale,Deux véhicules - arrière,4,2,3,0,1,1,1,0,1,50,,2,1,0,0,1,21.0,22.0,,,1,2,1,1,2
202100043750,2021-04-09 21:00:00,2021,4,9,21,0,80,80021,RAYMOND GOURDAIN (RUE),49.87669,2.33117,Crépuscule ou aube,En agglomération,Hors intersection,Normale,Autre collision,4,2,2,0,1,1,1,0,1,50,,1,0,0,0,1,30.0,,,,2,2,1,1,6
202100043751,2021-04-16 23:00:00,2021,4,16,23,0,76,76540,JOFFRE. PLACE,49.43523,1.0866,Nuit avec éclairage allumé,En agglomération,Place,Normale,Sans collision,4,1,1,0,1,3,1,-1,1,30,,1,0,0,0,1,17.0,,,,5,2,7,1,7
202100043752,2021-04-15 14:47:00,2021,4,15,14,47,76,76305,RD 6382G,49.50039,0.19558,Plein jour,Hors agglomération,Hors intersection,Normale,Deux véhicules - frontale,3,1,1,0,2,2,1,2,1,70,,7,1,0,1,5,45.0,22.0,,,1,1,1,1,1
202100043753,2021-04-16 15:30:00,2021,4,16,15,30,71,71040,LE BRULARD (LIEU DIT),46.70963,4.41811,Plein jour,Hors agglomération,Autre intersection,Normale,Deux véhicules - côté,3,2,2,0,1,1,1,0,1,50,,3,1,0,0,2,41.0,30.0,,,1,1,9,1,3
202100043754,2021-04-16 22:10:00,2021,4,16,22,10,69,69266,BATAILLE DE STALINGRAD (DE LA) (BD),45.78456,4.86006,Nuit avec éclairage allumé,En agglomération,Hors intersection,Normale,Deux véhicules - arrière,4,2,6,3,1,1,1,0,1,50,,2,1,0,1,0,20.0,27.0,,,5,2,1,1,2
202100043755,2021-01-11 08:50:00,2021,1,11,8,50,68,68224,BALE (RUE DE),47.7485363475,7.3504704237,Plein jour,En agglomération,Autre intersection,Autre,Autre collision,6,-1,-1,0,1,1,5,6,8,20,,2,1,0,1,0,68.0,,,,1,2,9,9,6
202100043756,2021-04-15 16:11:00,2021,4,15,16,11,66,66136,CERBERE (DE),42.6836644451,2.9083916545,Plein jour,En agglomération,Intersection en T,Normale,Deux véhicules - côté,4,2,2,0,1,1,1,0,1,50,,2,1,0,0,1,30.0,45.0,,,1,2,3,1,3
202100043757,2021-04-14 08:05:00,2021,4,14,8,5,66,66136,SALANQUE (AVENUE DE),42.72741,2.90329,Plein jour,Hors agglomération,Hors intersection,Normale,Autre collision,3,1,1,0,1,1,1,0,8,50,,1,0,0,0,1,18.0,,,,1,1,1,1,6
202100043758,2021-04-15 19:29:00,2021,4,15,19,29,65,65440,SAINT-EXUPERY (AVENUE ANTOINE DE),43.24404,0.066387,Plein jour,En agglomération,Intersection en X,Normale,Deux véhicules - côté,4,2,2,0,1,1,1,5,1,30,,4,2,0,0,2,21.0,20.0,,,1,2,2,1,3
202100043759,2021-04-16 17:10:00,2021,4,16,17,10,64,64445,MARECHAL LECLERC DU,43.30265,-0.35209,Plein jour,En agglomération,Intersection à plus de 4 branches,Normale,Deux véhicules - côté,4,2,5,1,1,1,1,5,1,50,,3,2,0,0,1,19.0,23.0,,,1,2,5,1,3
202100043760,2021-04-14 12:15:00,2021,4,14,12,15,64,64122,FRANCIS JAMMES (RUE),43.462,-1.5543,Plein jour,En agglomération,Intersection en X,Normale,Deux véhicules - côté,4,2,2,0,1,1,1,0,1,30,,2,1,0,1,0,49.0,17.0,,,1,2,2,1,3
202100043761,2021-04-16 12:40:00,2021,4,16,12,40,64,64024,ETCHECOPAR (ALLEE),43.46477,-1.52949,Plein jour,En agglomération,Hors intersection,Normale,Sans collision,4,2,3,0,1,4,1,0,1,50,,1,0,0,0,1,27.0,,,,1,2,1,1,7
202100043762,2021-04-16 09:45:00,2021,4,16,9,45,64,64102,MARENGO (RUE),43.49101,-1.47395,Plein jour,En agglomération,Intersection en X,Normale,Autre collision,4,1,0,0,1,1,9,8,1,30,,3,2,0,1,0,31.0,,,,1,2,2,1,6
202100043763,2021-04-15 17:35:00,2021,4,15,17,35,64,64024,ADOUR (AVENUE DE L'),43.51611,-1.50161,Plein jour,En agglomération,Hors intersection,Normale,Deux véhicules - arrière,4,2,2,0,1,1,1,0,1,30,,2,1,0,0,1,42.0,51.0,,,1,2,1,1,2
202100043764,2021-02-22 08:15:00,2021,2,22,8,15,63,63113,CLOS NOTRE DAME (RUE DU),45.78474,3.08002,Plein jour,En agglomération,Hors intersection,Normale,Autre collision,4,2,2,0,1,1,1,0,1,50,,2,1,0,0,1,36.0,,,,1,2,1,1,6
202100043765,2021-04-16 12:10:00,2021,4,16,12,10,61,61001,STRASBOURG (BOULEVARD DE),48.435334,0.091573,Plein jour,En agglomération,Intersection en X,Normale,Deux véhicules - côté,3,2,4,0,1,1,1,0,1,50,,4,3,0,0,1,65.0,35.0,,,1,2,2,1,3
202100043766,2021-04-13 15:00:00,2021,4,13,15,0,59,59178,VALENCIENNES (RUE DE),50.36731,3.08414,Plein jour,En agglomération,Intersection en T,Normale,Autre collision,4,1,1,0,1,2,1,0,1,50,,2,1,0,1,0,56.0,,,,1,2,3,1,6
202100043767,2021-04-14 14:35:00,2021,4,14,14,35,56,56121,LANVEUR ( ET PL. DE ),47.74308,-3.38908,Plein jour,En agglomération,Intersection en X,Normale,Deux véhicules - arrière,4,2,2,0,1,1,1,5,1,50,,2,1,0,0,1,20.0,50.0,,,1,2,2,1,2
202100043768,2021-04-16 16:20:00,2021,4,16,16,20,51,51454,Boulevard Vasco de Gama,49.2281948249,4.0363302996,Plein jour,En agglomération,Intersection en X,Normale,Deux véhicules - côté,4,2,2,0,1,1,1,0,1,50,,2,1,0,0,1,47.0,64.0,,,1,2,2,1,3