accident_id,datetime,annee,mois,jour,heure,minute,departement,commune_insee,adresse,latitude,longitude,luminosite,agglomeration,intersection,meteo,collision,catr,circ,nbv,vosp,prof,plan,surf,infra,situ,vma,nb_vehicules,nb_usagers,nb_indemnes,nb_tues,nb_blesses_hosp,nb_blesses_legers,age_cond_1,age_cond_2,veh_type_cond_1,veh_type_cond_2,lum_code,agg_code,int_code,atm_code,col_code
202100043769,2021-04-16 04:10:00,2021,4,16,4,10,50,50203,ROUGES TERRES (LES),49.61429,-1.60335,Nuit avec éclairage allumé,En agglomération,Intersection en T,Normale,Deux véhicules - arrière,2,2,2,0,2,1,1,0,1,50,,2,1,0,0,1,27.0,38.0,,,5,2,3,1,2
202100043770,2021-04-16 17:15:00,2021,4,16,17,15,42,42183,Rue Gambetta,45.40516,4.37579,Plein jour,En agglomération,Hors intersection,Normale,Deux véhicules - arrière,7,2,0,0,2,1,1,0,1,50,,3,2,0,0,1,36.0,19.0,,,1,2,1,1,2
202100043771,2021-04-16 19:30:00,2021,4,16,19,30,35,35238,ARMORIQUE (BD D'),48.1285,-1.6641,Plein jour,En agglomération,Intersection en X,Normale,Deux véhicules - côté,4,-1,6,0,1,1,1,5,1,50,,3,2,0,0,1,29.0,22.0,,,1,2,2,1,3
202100043772,2021-04-16 22:30:00,2021,4,16,22,30,33,33039,Rue Albert Thomas,44.79678,-0.565693,Nuit avec éclairage allumé,En agglomération,Hors intersection,Normale,Deux véhicules - arrière,4,2,2,0,1,1,1,0,1,50,,2,1,0,0,1,30.0,60.0,,,5,2,1,1,2
202100043773,2021-04-16 07:50:00,2021,4,16,7,50,33,33318,Avenue Gustave Eiffel,44.78619,-0.63925,Plein jour,En agglomération,Hors intersection,Normale,Deux véhicules - côté,4,2,3,0,1,1,1,0,1,50,,2,1,0,0,1,32.0,26.0,,,1,2,1,1,3
202100043774,2021-04-16 16:19:00,2021,4,16,16,19,31,31069,SAND (RUE GEORGES),43.65109,1.37435,Plein jour,En agglomération,Hors intersection,Normale,Deux véhicules - côté,4,3,1,0,1,1,1,0,1,50,,2,1,0,1,0,21.0,35.0,,,1,2,1,1,3
202100043775,2021-04-15 15:47:00,2021,4,15,15,47,29,29039,D783 - Pont du Moros,47.8783367695,-3.9021128915,Plein jour,Hors agglomération,Intersection en T,Normale,Trois véhicules et plus - en chaîne,3,2,3,0,1,1,1,5,1,70,,3,2,0,0,1,32.0,41.0,,,1,1,3,1,4
202100043776,2021-04-16 18:15:00,2021,4,16,18,15,29,29019,Avenue de Tallinn,48.3889,-4.52309,Plein jour,En agglomération,Hors intersection,Normale,Deux véhicules - arrière,4,2,2,0,1,1,1,5,1,30,,2,1,0,0,1,20.0,17.0,,,1,2,1,1,2
202100043777,2021-04-15 13:22:00,2021,4,15,13,22,29,29019,Rue Michel Colucci Dit Coluche,48.426032011,-4.4909631052,Plein jour,En agglomération,Hors intersection,Normale,Deux véhicules - côté,4,-1,2,0,1,1,1,0,1,30,,2,1,0,0,1,52.0,14.0,,,1,2,1,1,3
202100043778,2021-04-13 17:05:00,2021,4,13,17,5,22,22360,RP du GUERNEAU,48.4779532789,-2.7683917433,Plein jour,Hors agglomération,Giratoire,Normale,Deux véhicules - côté,3,4,-1,0,1,4,1,0,1,50,,2,1,0,0,1,54.0,48.0,,,1,1,6,1,3
202100043779,2021-04-15 05:15:00,2021,4,15,5,15,18,18279,RN 76 (ROUTE DE BOURGES),47.21288,2.13001,Nuit sans éclairage public,Hors agglomération,Hors intersection,Normale,Deux véhicules - côté,3,2,2,0,1,1,1,0,1,70,,2,1,0,1,0,27.0,,,,3,1,1,1,3
202100043780,2021-04-16 12:10:00,2021,4,16,12,10,16,16102,,45.69496,-0.34835,Plein jour,En agglomération,Hors intersection,Normale,Sans collision,4,2,2,0,1,1,1,0,1,50,,1,0,0,1,0,39.0,,,,1,2,1,1,7
202100043781,2021-04-16 20:40:00,2021,4,16,20,40,13,13117,ROUTE NATIONALE 113 - LA GARE,43.44513,5.23931,Nuit sans éclairage public,En agglomération,Hors intersection,Pluie légère,Sans collision,7,1,1,0,3,2,2,0,3,80,,2,0,0,0,2,26.0,,,,3,2,1,2,7
202100043782,2021-04-16 23:00:00,2021,4,16,23,0,13,13211,SAINT MARCEL (BOULEVARD DE ),43.287705,5.464738,Nuit avec éclairage allumé,En agglomération,Hors intersection,Normale,Deux véhicules - arrière,4,2,2,0,1,1,1,0,1,30,,5,1,0,0,4,33.0,21.0,,,5,2,1,1,2
202100043783,2021-04-15 17:50:00,2021,4,15,17,50,13,13208,LANCIER (CHEMIN DU),43.246913,5.396064,Plein jour,En agglomération,Autre intersection,Pluie légère,Deux véhicules - côté,4,2,2,0,1,1,2,0,1,50,,3,2,0,0,1,63.0,18.0,,,1,2,9,2,3
202100043784,2021-04-15 14:26:00,2021,4,15,14,26,10,10333,CHAPELLE AU BE (RUE),48.286441,4.067877,Plein jour,En agglomération,Hors intersection,Normale,Deux véhicules - côté,4,2,2,0,2,1,1,0,1,50,,2,1,0,0,1,36.0,73.0,,,1,2,1,1,3
202100043785,2021-04-15 15:42:00,2021,4,15,15,42,10,10387,GEORGES CLEMENCEAU (RUE),48.29751,4.07485,Plein jour,En agglomération,Hors intersection,Normale,Deux véhicules - côté,4,1,1,0,1,1,1,0,1,50,,2,1,0,0,1,4.0,23.0,,,1,2,1,1,3
202100043786,2021-04-16 00:50:00,2021,4,16,0,50,75,75112,PORTE DE VINCENNES,48.84225,2.413863,Nuit avec éclairage allumé,En agglomération,Hors intersection,Normale,Trois véhicules et plus - en chaîne,4,1,4,0,1,1,1,0,1,70,,3,2,0,0,1,29.0,30.0,,,5,2,1,1,4
202100043787,2021-04-15 18:30:00,2021,4,15,18,30,75,75119,BOULEVARD PERIPHERIQUE,48.896328,2.394569,Crépuscule ou aube,En agglomération,Hors intersection,Normale,Deux véhicules - arrière,4,1,4,0,1,1,1,0,1,70,,2,1,0,0,1,32.0,62.0,,,2,2,1,1,2
202100043788,2021-04-15 18:40:00,2021,4,15,18,40,75,75119,BOULEVARD PERIPHERIQUE,48.900359,2.376642,Plein jour,En agglomération,Hors intersection,Normale,Deux véhicules - arrière,4,1,4,0,1,1,1,0,1,70,,2,1,0,0,1,27.0,57.0,,,1,2,1,1,2
202100043789,2021-04-14 17:45:00,2021,4,14,17,45,75,75120,PORTE DE MONTREUIL,48.859033,2.41411,Plein jour,En agglomération,Hors intersection,Normale,Deux véhicules - côté,4,3,4,0,1,1,1,0,1,70,,2,1,0,0,1,21.0,54.0,,,1,2,1,1,3
202100043790,2021-04-16 13:15:00,2021,4,16,13,15,75,75120,AVENUE DU PROFESSEUR ANDRE LEMIERE,48.855215,2.415176,Plein jour,En agglomération,Hors intersection,Temps couvert,Autre collision,4,2,2,3,1,1,1,0,1,50,,2,1,0,0,1,30.0,,,,1,2,1,8,6
202100043791,2021-04-16 09:40:00,2021,4,16,9,40,75,75120,AVENUE GAMBETTA,48.868316,2.401428,Plein jour,En agglomération,Intersection à plus de 4 branches,Normale,Deux véhicules - côté,4,2,2,1,2,1,1,-1,5,50,,2,1,0,0,1,36.0,28.0,,,1,2,5,1,3
202100043792,2021-04-15 08:40:00,2021,4,15,8,40,75,75120,AVENUE GAMBETTA,48.865872,2.399334,Plein jour,En agglomération,Intersection en Y,Normale,Deux véhicules - côté,4,2,3,1,2,1,1,-1,5,50,,2,1,0,1,0,52.0,55.0,,,1,2,4,1,3
202100043793,2021-04-16 07:35:00,2021,4,16,7,35,75,75118,RUE D AUBERVILLIERS,48.898708,2.370373,Plein jour,En agglomération,Intersection en X,Normale,Deux véhicules - côté,4,3,2,1,3,1,1,-1,5,50,,2,1,0,0,1,43.0,35.0,,,1,2,2,1,3
202100043794,2021-04-16 12:40:00,2021,4,16,12,40,75,75117,RUE JACQUES KELLNER,48.896465,2.325114,Plein jour,En agglomération,Intersection en X,Normale,Autre collision,4,-1,2,1,1,1,1,0,1,30,,2,1,0,0,1,,,,,1,2,2,1,6
202100043795,2021-04-15 17:00:00,2021,4,15,17,0,75,75116,ALLEE DU BORD DE L EAU,48.859055,2.227568,Plein jour,En agglomération,Hors intersection,Normale,Deux véhicules - côté,4,2,2,0,1,1,1,0,1,50,,3,2,0,0,1,46.0,17.0,,,1,2,1,1,3
202100043796,2021-04-16 12:05:00,2021,4,16,12,5,75,75114,BOULEVARD ARAGO,48.834439,2.332686,Plein jour,En agglomération,Place,Normale,Deux véhicules - côté,4,2,4,0,1,1,1,0,1,50,,2,1,0,0,1,50.0,50.0,,,1,2,7,1,3
202100043797,2021-04-15 21:25:00,2021,4,15,21,25,75,75113,RUE DE TOLBIAC,48.828479,2.372969,Nuit avec éclairage allumé,En agglomération,Intersection en X,Normale,Deux véhicules - côté,4,2,3,0,1,1,1,0,1,50,,2,1,0,0,1,28.0,37.0,,,5,2,2,1,3
202100043798,2021-04-15 22:45:00,2021,4,15,22,45,75,75110,RUE DU FAUBOURG SAINT DENIS,48.879546,2.357214,Nuit avec éclairage allumé,En agglomération,Intersection en X,Normale,Deux véhicules - côté,4,2,3,0,1,1,1,0,1,50,,2,1,0,0,1,53.0,35.0,,,5,2,2,1,3
202100043799,2021-04-16 18:00:00,2021,4,16,18,0,75,75102,RUE DE LA BOURSE,48.869356,2.340329,Plein jour,En agglomération,Intersection en T,Normale,Autre collision,4,1,1,0,1,1,1,0,4,50,,2,1,0,0,1,51.0,,,,1,2,3,1,6
202100043800,2021-04-15 17:10:00,2021,4,15,17,10,94,94068,Avenue des Piliers,48.793847,2.508147,Plein jour,En agglomération,Intersection en X,Normale,Deux véhicules - côté,4,2,2,0,1,1,1,0,1,30,,2,1,0,0,1,33.0,51.0,,,1,2,2,1,3
202100043801,2021-04-15 10:30:00,2021,4,15,10,30,94,94016,Av du Mal de Lattre de Tassigny,48.78747,2.33282,Plein jour,En agglomération,Hors intersection,Normale,Autre collision,4,1,1,0,1,1,1,0,1,50,,2,1,0,0,1,32.0,,,,1,2,1,1,6
202100043802,2021-04-15 18:55:00,2021,4,15,18,55,94,94033,Rue Dalayrac,48.848961,2.463201,Plein jour,En agglomération,Hors intersection,Normale,Sans collision,3,-1,2,0,1,1,1,0,1,50,,2,1,0,0,1,36.0,27.0,,,1,2,1,1,7
202100043803,2021-04-16 20:00:00,2021,4,16,20,0,94,94011,Avenue de Boissy,48.762505,2.494976,Plein jour,En agglomération,Hors intersection,Normale,Trois véhicules et plus - collisions multiples,3,3,4,0,1,1,1,0,1,50,,3,2,0,0,1,32.0,48.0,,,1,2,1,1,5
202100043804,2021-04-14 08:45:00,2021,4,14,8,45,94,94059,GENERAL LECLERC (AV DU),48.80994,2.57211,Plein jour,En agglomération,Hors intersection,Normale,Deux véhicules - frontale,4,2,2,0,1,1,1,0,1,50,,2,1,0,0,1,43.0,55.0,,,1,2,1,1,1
202100043805,2021-04-16 18:35:00,2021,4,16,18,35,94,94079,GENERAL DE GAULLE (R DU),48.82742,2.54564,Plein jour,En agglomération,Intersection en T,Normale,Deux véhicules - côté,4,2,2,0,1,1,1,0,1,50,,5,1,0,0,4,33.0,37.0,,,1,2,3,1,3
202100043806,2021-04-16 11:15:00,2021,4,16,11,15,94,94048,MAROLLES A GRANDE PATTE D'OIE (CHE),48.749219,2.557061,Plein jour,En agglomération,Hors intersection,Normale,Autre collision,4,2,2,0,1,1,1,0,1,50,,2,1,0,0,1,69.0,42.0,,,1,2,1,1,6
202100043807,2021-04-16 13:20:00,2021,4,16,13,20,93,93066,CROIZAT AMBROISE RD 29 BIS,48.93026,2.35043,Plein jour,En agglomération,Intersection en T,Temps couvert,Deux véhicules - arrière,3,3,2,0,1,1,1,0,1,50,,2,1,0,0,1,38.0,29.0,,,1,2,3,8,2
202100043808,2021-04-16 16:40:00,2021,4,16,16,40,93,93077,PAPIN (RUE DENIS),48.88796,2.48926,Plein jour,En agglomération,Hors intersection,Normale,Deux véhicules - frontale,4,2,2,0,1,1,1,0,1,50,,2,1,0,0,1,72.0,,,,1,2,1,1,1
202100043809,2021-04-15 16:00:00,2021,4,15,16,0,93,93006,Rue Etienne Marcel,48.856603,2.419608,Plein jour,En agglomération,Hors intersection,Normale,Deux véhicules - côté,4,1,1,3,1,1,1,9,1,30,,2,1,0,0,1,36.0,23.0,,,1,2,1,1,3
202100043810,2021-04-16 18:30:00,2021,4,16,18,30,93,93010,MOULIN (AV. JEAN) COTE PAIRS,48.912342,2.479878,Plein jour,En agglomération,Hors intersection,Normale,Autre collision,4,1,0,0,1,1,1,0,1,50,,2,1,0,1,0,23.0,,,,1,2,1,1,6
202100043811,2021-04-16 18:15:00,2021,4,16,18,15,92,92046,HOCHE,48.8156826706,2.2905676067,Plein jour,En agglomération,Hors intersection,Normale,Sans collision,4,1,3,2,1,1,1,0,1,50,,1,0,0,0,1,18.0,,,,1,2,1,1,7
202100043812,2021-04-15 18:10:00,2021,4,15,18,10,92,92036,COUTURE D'AUXERRE (RUE DE LA) (1/25),48.9257205625,2.2895349562,Plein jour,En agglomération,Hors intersection,Normale,Deux véhicules - arrière,4,2,2,0,1,1,1,0,1,50,,3,2,0,0,1,41.0,46.0,,,1,2,1,1,2
202100043813,2021-04-15 17:55:00,2021,4,15,17,55,92,92026,REPUBLIQUE (DE 29 A FIN),48.9011229209,2.2501426935,Plein jour,En agglomération,Hors intersection,Normale,Deux véhicules - côté,3,2,2,0,1,1,1,0,1,50,,2,1,0,1,0,33.0,28.0,,,1,2,1,1,3
202100043814,2021-04-16 17:50:00,2021,4,16,17,50,92,92024,BELFORT (RUE DE),48.9017688571,2.3174500465,Plein jour,En agglomération,Intersection en T,Normale,Autre collision,3,1,10,0,1,1,1,0,1,30,,2,1,0,0,1,46.0,,,,1,2,3,1,6
202100043815,2021-04-16 19:52:00,2021,4,16,19,52,92,92023,PORTE DE TRIVAUX (RUE DE) N°57 A 197 ET,48.78496,2.23858,Plein jour,En agglomération,Hors intersection,Normale,Autre collision,3,2,3,0,1,1,1,0,1,50,,2,1,0,0,1,18.0,,,,1,2,1,1,6
202100043816,2021-04-16 18:25:00,2021,4,16,18,25,92,92004,MOURINOUX ( RUE DES ),48.9301465628,2.275038287,Plein jour,En agglomération,Hors intersection,Normale,Deux véhicules - côté,4,1,1,0,1,1,1,0,1,50,,2,0,0,0,2,34.0,22.0,,,1,2,1,1,3
202100043817,2021-04-04 11:50:00,2021,4,4,11,50,974,97415,tamarins,-20.985343,55.291486,Plein jour,Hors agglomération,Hors intersection,Normale,Deux véhicules - arrière,2,3,2,0,1,1,1,0,1,110,,4,2,0,0,2,61.0,59.0,,,1,1,1,1,2
202100043818,2021-04-17 13:00:00,2021,4,17,13,0,62,62256,D343,50.467243,2.221277,Plein jour,Hors agglomération,Hors intersection,Normale,Deux véhicules - côté,3,2,2,0,1,1,1,0,1,80,,2,0,0,1,1,39.0,39.0,,,1,1,1,1,3
202100043819,2021-04-17 15:20:00,2021,4,17,15,20,36,36034,40 Rue de Safran,47.257996,1.653689,Plein jour,En agglomération,Hors intersection,Temps couvert,Autre collision,4,2,2,0,2,1,1,0,1,50,,1,0,0,1,0,14.0,,,,1,2,1,8,6
202100043820,2021-04-15 12:10:00,2021,4,15,12,10,87,87014,A20  PR 146+300,46.129092,1.38196,Plein jour,Hors agglomération,Hors intersection,Normale,Trois véhicules et plus - en chaîne,1,3,4,0,2,2,1,0,1,130,,4,3,0,1,0,51.0,42.0,,,1,1,1,1,4
202100043821,2021-04-16 15:30:00,2021,4,16,15,30,89,89171,D 660,48.2250062067,3.5073208809,Plein jour,En agglomération,Hors intersection,Normale,Deux véhicules - arrière,3,2,2,0,1,2,1,0,8,30,,3,2,0,0,1,33.0,29.0,,,1,2,1,1,2
202100043822,2021-04-17 18:20:00,2021,4,17,18,20,51,51422,Route de Dormans,49.217699,3.927189,Plein jour,En agglomération,Intersection en X,Normale,Deux véhicules - côté,3,2,2,0,4,1,1,5,1,50,,3,2,0,1,0,17.0,66.0,,,1,2,2,1,3
202100043823,2021-04-17 00:45:00,2021,4,17,0,45,60,60036,Route nationale 31,49.388519,2.578826,Nuit sans éclairage public,Hors agglomération,Giratoire,Normale,Sans collision,2,2,2,0,1,1,1,5,8,80,,1,0,0,0,1,52.0,,,,3,1,6,1,7
202100043824,2021-04-17 13:38:00,2021,4,17,13,38,29,29078,Lieu-Dit Praden,48.316202,-4.174424,Plein jour,Hors agglomération,Hors intersection,Normale,Sans collision,3,2,2,0,2,1,1,0,1,80,,1,0,0,1,0,26.0,,,,1,1,1,1,7
202100043825,2021-04-16 16:40:00,2021,4,16,16,40,44,44165,D58,47.068054,-1.320548,Plein jour,Hors agglomération,Hors intersection,Normale,Autre collision,3,2,2,0,1,2,1,0,3,80,,5,0,2,3,0,41.0,,,,1,1,1,1,6
202100043826,2021-04-16 20:00:00,2021,4,16,20,0,35,35023,rue de Rennes,48.179956,-1.9401,Plein jour,En agglomération,Giratoire,Normale,Deux véhicules - côté,3,2,2,0,1,4,1,5,1,30,,2,1,0,1,0,23.0,17.0,,,1,2,6,1,3
202100043827,2021-04-16 18:45:00,2021,4,16,18,45,29,29191,Lieu Dit la Croix de Pierre,48.544484,-3.758998,Plein jour,Hors agglomération,Intersection en Y,Normale,Deux véhicules - côté,3,2,2,0,2,1,1,5,1,70,,2,1,0,1,0,45.0,24.0,,,1,1,4,1,3
202100043828,2021-04-14 15:15:00,2021,4,14,15,15,29,29235,Rue Victor Hugo,48.406934,-4.393684,Plein jour,En agglomération,Intersection en T,Normale,Deux véhicules - côté,3,2,2,0,1,1,1,5,1,50,,4,3,0,0,1,17.0,43.0,,,1,2,3,1,3
202100043829,2021-04-16 20:33:00,2021,4,16,20,33,02,02748,D1e7,49.082693,3.633599,Crépuscule ou aube,Hors agglomération,Hors intersection,Normale,Deux véhicules - frontale,3,2,2,0,1,1,1,0,1,80,,4,0,1,3,0,21.0,39.0,,,2,1,1,1,1
202100043830,2021-04-16 19:00:00,2021,4,16,19,0,18,18180,La Larjaisse,47.014286,2.471999,Plein jour,Hors agglomération,Hors intersection,Normale,Sans collision,3,2,2,0,2,3,1,0,3,80,,1,0,0,1,0,33.0,,,,1,1,1,1,7
202100043831,2021-04-16 17:50:00,2021,4,16,17,50,07,07050,D250 ,44.431401,4.136669,Plein jour,Hors agglomération,Hors intersection,Normale,Sans collision,3,2,2,0,2,1,1,0,3,80,,1,0,0,1,0,57.0,,,,1,1,1,1,7
202100043832,2021-04-15 16:00:00,2021,4,15,16,0,53,53042,Le Bois de Nance,48.413743,-0.783334,Plein jour,Hors agglomération,Hors intersection,Normale,Deux véhicules - frontale,4,2,1,0,1,1,1,0,1,80,,2,0,0,1,1,79.0,63.0,,,1,1,1,1,1
202100043833,2021-04-17 03:00:00,2021,4,17,3,0,85,85101,La Bouchetière,46.494223,-1.396825,Nuit sans éclairage public,Hors agglomération,Hors intersection,Normale,Autre collision,3,2,2,0,1,2,1,0,3,-1,,5,1,0,1,3,20.0,,,,3,1,1,1,6
202100043834,2021-04-17 09:30:00,2021,4,17,9,30,85,85135,29 Rue de la Nicoliere,46.538741,-1.209993,Plein jour,En agglomération,Hors intersection,Normale,Autre collision,4,2,2,0,1,3,1,0,1,50,,2,0,0,1,1,16.0,,,,1,2,1,1,6
202100043835,2021-04-16 17:30:00,2021,4,16,17,30,30,30123,RN113,43.694656,4.168115,Plein jour,Hors agglomération,Hors intersection,Normale,Autre collision,2,2,2,0,1,1,1,5,1,70,,7,4,0,0,3,19.0,43.0,,,1,1,1,1,6
202100043836,2021-04-16 22:00:00,2021,4,16,22,0,06,06030,A8,43.569633,6.973915,Nuit sans éclairage public,Hors agglomération,Hors intersection,Normale,Trois véhicules et plus - collisions multiples,1,3,4,0,1,1,1,0,1,110,,7,1,1,0,5,65.0,24.0,,,3,1,1,1,5
202100043837,2021-04-17 09:35:00,2021,4,17,9,35,974,97420,route nationale 2002,-20.924405,55.627041,Plein jour,Hors agglomération,Hors intersection,Temps couvert,Deux véhicules - côté,2,2,2,2,1,4,2,9,1,70,,5,2,1,2,0,19.0,54.0,,,1,1,1,8,3
202100043838,2021-04-16 15:55:00,2021,4,16,15,55,974,97408,Rue Leconte de Lisle,-20.936002,55.333289,Plein jour,En agglomération,Intersection en T,Normale,Deux véhicules - côté,2,2,2,0,1,1,1,0,1,50,,2,1,0,1,0,39.0,28.0,,,1,2,3,1,3
202100043839,2021-03-25 10:00:00,2021,3,25,10,0,971,97117,Chemin de bellevue,16.32692,-61.366244,Plein jour,Hors agglomération,Intersection en X,Normale,Deux véhicules - côté,3,2,2,0,1,1,1,0,1,80,,2,1,0,1,0,56.0,42.0,,,1,1,2,1,3
202100043840,2021-03-30 12:40:00,2021,3,30,12,40,29,29234,Lieu Dit Cortiou,47.8617808581,-3.5021395665,Plein jour,Hors agglomération,Hors intersection,Normale,Deux véhicules - frontale,3,2,2,0,1,1,1,0,1,60,,2,1,0,0,1,32.0,53.0,,,1,1,1,1,1
202100043841,2021-04-17 14:29:00,2021,4,17,14,29,2B,2B134,Boulevard Charles-Marie Savelli,42.633809,8.942533,Plein jour,En agglomération,Intersection en T,Normale,Deux véhicules - frontale,4,2,-1,-1,1,1,1,9,1,-1,,3,1,0,0,2,17.0,16.0,,,1,2,3,1,1
202100043842,2021-04-17 14:40:00,2021,4,17,14,40,73,73181,N90,45.484714,6.539859,Plein jour,Hors agglomération,Hors intersection,Normale,Autre collision,2,2,2,2,1,3,1,0,1,80,,1,0,0,1,0,55.0,,,,1,1,1,1,6
202100043843,2021-04-17 18:22:00,2021,4,17,18,22,46,46102,N122,44.62614,2.065815,Plein jour,Hors agglomération,Hors intersection,Normale,Deux véhicules - frontale,2,2,2,0,1,1,1,0,1,80,,3,2,1,0,0,60.0,69.0,,,1,1,1,1,1
202100043844,2021-04-16 19:55:00,2021,4,16,19,55,32,32348,Au Matalot,43.7173544416,0.6042695045,Plein jour,Hors agglomération,Intersection en T,Normale,Deux véhicules - côté,3,2,2,0,4,3,1,0,1,80,,2,1,0,1,0,17.0,28.0,,,1,1,3,1,3
202100043845,2021-04-15 13:41:00,2021,4,15,13,41,60,60612,Boulevard des Otages,49.20441,2.57991,Plein jour,En agglomération,Hors intersection,Normale,Autre collision,4,2,2,0,1,1,1,0,1,50,,2,1,0,0,1,36.0,,,,1,2,1,1,6
202100043846,2021-04-16 10:25:00,2021,4,16,10,25,13,13055,A507 sens Aubagne- Marseille,43.2856482587,5.4260683788,Plein jour,Hors agglomération,Hors intersection,Pluie légère,Deux véhicules - côté,1,-1,4,0,1,1,1,1,1,70,,2,1,0,0,1,44.0,43.0,,,1,1,1,2,3
202100043847,2021-04-15 08:13:00,2021,4,15,8,13,13,13215,A7-Sens Marseille vers Lyon,43.3725045706,5.3611818708,Plein jour,Hors agglomération,Hors intersection,Normale,Deux véhicules - arrière,1,1,3,0,1,1,1,0,1,90,,2,1,0,0,1,41.0,30.0,,,1,1,1,1,2
202100043848,2021-04-16 12:50:00,2021,4,16,12,50,33,33550,AUTOROUTE A 62,44.775506,-0.556797,Plein jour,Hors agglomération,Hors intersection,Normale,Autre collision,1,3,6,0,2,3,1,3,1,70,,1,0,0,0,1,24.0,,,,1,1,1,1,6
202100043849,2021-04-16 14:45:00,2021,4,16,14,45,91,91589,AUTOROUTE A6,48.6738,2.3428,Plein jour,Hors agglomération,Hors intersection,Normale,Deux véhicules - arrière,1,3,6,0,3,1,1,0,1,110,,3,2,0,0,1,31.0,32.0,,,1,1,1,1,2
202100043850,2021-04-16 21:10:00,2021,4,16,21,10,93,93007,AUTOROUTE A1,48.95202,2.45223,Crépuscule ou aube,Hors agglomération,Hors intersection,Normale,Autre collision,1,3,8,0,1,1,1,0,1,90,,1,0,0,1,0,40.0,,,,2,1,1,1,6
202100043851,2021-04-16 18:35:00,2021,4,16,18,35,93,93008,AUTOROUTE A86,48.90635,2.45975,Plein jour,Hors agglomération,Hors intersection,Normale,Trois véhicules et plus - en chaîne,1,3,4,0,3,2,1,0,1,90,,4,3,0,0,1,59.0,38.0,,,1,1,1,1,4
202100043852,2021-04-16 14:00:00,2021,4,16,14,0,93,93066,AUTOROUTE A1,48.9199,2.35745,Plein jour,Hors agglomération,Hors intersection,Normale,Trois véhicules et plus - en chaîne,1,3,8,0,1,1,1,0,1,110,,5,1,0,0,4,29.0,27.0,,,1,1,1,1,4
202100043853,2021-04-14 23:40:00,2021,4,14,23,40,93,93066,AUTOROUTE A1,48.92797,2.35746,Nuit avec éclairage allumé,Hors agglomération,Hors intersection,Normale,Deux véhicules - frontale,1,3,6,0,2,2,1,2,1,90,,2,0,0,1,1,45.0,21.0,,,5,1,1,1,1
202100043854,2021-04-16 17:30:00,2021,4,16,17,30,94,94074,RN406.Y,48.7690354532,2.4499019295,Plein jour,Hors agglomération,Autre intersection,Normale,Deux véhicules - côté,2,1,1,0,2,1,1,0,2,50,,4,3,0,0,1,,23.0,,,1,1,9,1,3
202100043855,2021-04-16 06:00:00,2021,4,16,6,0,94,94065,A86 INT,48.7538424491,2.3542632476,Nuit avec éclairage allumé,Hors agglomération,Hors intersection,Normale,Autre collision,2,3,3,0,1,1,1,0,1,90,,2,1,0,0,1,55.0,39.0,,,5,1,1,1,6
202100043856,2021-04-15 18:10:00,2021,4,15,18,10,974,97416,RN3 (ANCIENNE ROUTE),-21.31644,55.49142,Crépuscule ou aube,Hors agglomération,Hors intersection,Pluie légère,Deux véhicules - côté,4,2,2,3,2,1,2,0,1,30,,2,1,0,0,1,32.0,41.0,,,2,1,1,2,3
202100043857,2021-04-15 11:20:00,2021,4,15,11,20,974,97411,JAURES (BOULEVARD JEAN),-20.88902,55.44913,Plein jour,En agglomération,Intersection en X,Normale,Deux véhicules - côté,2,-1,2,0,1,1,1,0,1,50,,3,0,0,0,3,26.0,53.0,,,1,2,2,1,3
202100043858,2021-04-14 09:05:00,2021,4,14,9,5,972,97209,VICTOR SCHOELCHER (RUE),14.6049,-61.06907,Plein jour,En agglomération,Intersection en T,Normale,Autre collision,4,1,1,0,1,1,1,0,1,30,,2,1,0,1,0,25.0,,,,1,2,3,1,6
202100043859,2021-04-15 08:40:00,2021,4,15,8,40,69,69034,MARGNOLLES (DE) (R),45.78267,4.83397,Plein jour,En agglomération,Intersection en T,Normale,Deux véhicules - côté,4,2,2,0,1,1,1,0,1,50,,2,1,0,0,1,43.0,58.0,,,1,2,3,1,3
202100043860,2021-04-15 14:45:00,2021,4,15,14,45,971,97101,DE BONNIER (ROUTE),16.26197,-61.48694,Plein jour,Hors agglomération,Hors intersection,Normale,Deux véhicules - frontale,4,2,2,0,2,3,1,0,1,50,,3,2,1,0,0,35.0,21.0,,,1,1,1,1,1
202100043861,2021-04-14 12:33:00,2021,4,14,12,33,971,97113,MONTAUBAN (SECTEUR),16.20589,-61.49715,Plein jour,En agglomération,Hors intersection,Normale,Autre collision,6,-1,0,3,2,1,1,9,8,10,,1,0,0,0,1,69.0,,,,1,2,1,1,6
202100043862,2021-04-15 17:40:00,2021,4,15,17,40,84,84087,CHENES VERTS (RUE DES),44.12018,4.82701,Plein jour,En agglomération,Intersection en T,Normale,Deux véhicules - frontale,4,2,2,0,1,1,1,0,1,50,,2,1,0,0,1,41.0,10.0,,,1,2,3,1,1
202100043863,2021-04-15 16:05:00,2021,4,15,16,5,78,78350,SAINT GERMAIN (ROUTE DE),48.86658,2.1129,Plein jour,En agglomération,Autre intersection,Normale,Autre collision,2,3,4,0,2,1,1,0,1,50,,2,1,0,1,0,19.0,,,,1,2,9,1,6
202100043864,2021-04-15 14:20:00,2021,4,15,14,20,78,78005,CENTRALE (ROUTE),48.983206,2.099784,Plein jour,Hors agglomération,Hors intersection,Normale,Deux véhicules - côté,4,2,2,0,1,1,1,0,1,50,,2,1,1,0,0,59.0,13.0,,,1,1,1,1,3
202100043865,2021-04-15 04:15:00,2021,4,15,4,15,77,77335,MAIRIE (PLACE DE LA),48.9741,2.83806,Nuit avec éclairage allumé,En agglomération,Place,Normale,Autre collision,3,2,2,0,1,4,1,0,4,50,,2,0,0,1,1,23.0,,,,5,2,7,1,6