accident_id,datetime,annee,mois,jour,heure,minute,departement,commune_insee,adresse,latitude,longitude,luminosite,agglomeration,intersection,meteo,collision,catr,circ,nbv,vosp,prof,plan,surf,infra,situ,vma,nb_vehicules,nb_usagers,nb_indemnes,nb_tues,nb_blesses_hosp,nb_blesses_legers,age_cond_1,age_cond_2,veh_type_cond_1,veh_type_cond_2,lum_code,agg_code,int_code,atm_code,col_code
202100043866,2021-04-12 18:45:00,2021,4,12,18,45,76,76341,RD 982,49.50441,0.19583,Plein jour,En agglomération,Giratoire,Pluie légère,Deux véhicules - côté,3,1,1,0,1,2,2,0,1,50,,4,2,0,1,1,28.0,31.0,,,1,2,6,2,3
202100043867,2021-04-15 06:10:00,2021,4,15,6,10,74,74133,PAIX (RUE DE LA),46.18277,6.20572,Crépuscule ou aube,En agglomération,Hors intersection,Normale,Autre collision,4,2,2,0,1,1,1,0,1,50,,2,1,0,0,1,51.0,,,,2,2,1,1,6
202100043868,2021-04-15 10:50:00,2021,4,15,10,50,64,64024,BAYONNE (AVENUE DE),43.48114,-1.51176,Plein jour,En agglomération,Hors intersection,Temps éblouissant,Sans collision,3,2,4,0,1,1,1,9,1,50,,2,0,0,0,2,18.0,,,,1,2,1,7,7
202100043869,2021-04-14 19:25:00,2021,4,14,19,25,64,64024,MAIGNON (ROUTE DE),43.478964,-1.50491,Plein jour,En agglomération,Intersection en T,Normale,Deux véhicules - côté,4,2,3,1,4,1,1,0,5,50,,2,1,0,0,1,12.0,57.0,,,1,2,3,1,3
202100043870,2021-04-14 16:15:00,2021,4,14,16,15,64,64102,GRENET (AVENUE HENRI),43.5035,-1.47033,Plein jour,En agglomération,Hors intersection,Normale,Deux véhicules - arrière,4,2,3,0,2,1,1,0,1,50,,2,1,0,0,1,15.0,54.0,,,1,2,1,1,2
202100043871,2021-04-14 17:10:00,2021,4,14,17,10,64,64102,DUVERGIER DE HAURANNE (AVENUE),43.4899437635,-1.4679434896,Plein jour,En agglomération,Intersection en T,Normale,Deux véhicules - côté,4,2,2,1,2,3,1,0,5,50,,2,1,0,0,1,68.0,17.0,,,1,2,3,1,3
202100043872,2021-04-14 14:30:00,2021,4,14,14,30,62,62083,HERSIN (RUE D'),50.45607,2.627261,Plein jour,En agglomération,Hors intersection,Normale,Autre collision,3,3,1,0,1,1,1,0,1,20,,2,1,0,0,1,27.0,,,,1,2,1,1,6
202100043873,2021-04-15 13:00:00,2021,4,15,13,0,59,59426,RACCORDEMENT (VOIE DE),50.75058,3.14261,Plein jour,En agglomération,Hors intersection,Normale,Deux véhicules - côté,7,3,4,0,1,1,1,0,1,70,,2,1,0,0,1,63.0,31.0,,,1,2,1,1,3
202100043874,2021-04-13 07:45:00,2021,4,13,7,45,59,59599,URSULINES (RUE DES),50.71991,3.15561,Plein jour,En agglomération,Hors intersection,Normale,Autre collision,4,2,3,0,1,1,1,5,1,20,,2,1,0,0,1,47.0,,,,1,2,1,1,6
202100043875,2021-04-14 14:37:00,2021,4,14,14,37,57,57757,Nations (Avenue),49.35433,6.18083,Plein jour,En agglomération,Hors intersection,Pluie légère,Autre collision,3,2,2,0,1,1,2,0,1,50,,3,1,0,0,2,,,,,1,2,1,2,6
202100043876,2021-04-15 18:20:00,2021,4,15,18,20,51,51454,Rue Bruyant,49.2590999256,4.0126398115,Plein jour,En agglomération,Intersection en X,Normale,Deux véhicules - frontale,4,2,1,0,1,1,1,0,1,50,,3,0,0,1,2,24.0,72.0,,,1,2,2,1,1
202100043877,2021-04-15 16:32:00,2021,4,15,16,32,51,51454,Avenue Georges Clémenceau,49.25075,4.05119,Plein jour,En agglomération,Hors intersection,Normale,Deux véhicules - côté,4,2,2,0,2,1,1,0,1,50,,3,2,0,0,1,39.0,62.0,,,1,2,1,1,3
202100043878,2021-04-14 16:22:00,2021,4,14,16,22,51,51108,Avenue du Général Sarrail,48.97111,4.36096,Plein jour,En agglomération,Intersection en T,Normale,Sans collision,4,2,2,0,1,1,1,0,1,50,,2,1,0,1,0,66.0,,,,1,2,3,1,7
202100043879,2021-04-15 09:10:00,2021,4,15,9,10,50,50602,EST (BOULEVARD DE L'),49.63596,-1.5768,Plein jour,En agglomération,Hors intersection,Normale,Autre collision,3,3,4,1,1,1,1,0,1,70,,2,1,0,0,1,76.0,,,,1,2,1,1,6
202100043880,2021-04-15 02:35:00,2021,4,15,2,35,47,47323,GENERAL DE GAULLE (AVENUE DU),44.40984,0.70893,Nuit avec éclairage allumé,En agglomération,Intersection en T,Normale,Trois véhicules et plus - en chaîne,3,2,2,0,1,1,1,5,1,50,,8,5,0,0,3,23.0,,,,5,2,3,1,4
202100043881,2021-04-15 11:10:00,2021,4,15,11,10,45,45208,Avenue du Général de Gaulle,48.00774,2.74041,Plein jour,En agglomération,Giratoire,Normale,Deux véhicules - côté,4,2,2,1,1,1,1,-1,1,30,,2,1,0,0,1,27.0,82.0,,,1,2,6,1,3
202100043882,2021-04-15 02:15:00,2021,4,15,2,15,44,44215,PERIPHERIQUE SUD,47.1866987547,-1.4952349663,Nuit sans éclairage public,Hors agglomération,Hors intersection,Autre,Autre collision,2,3,4,0,1,3,1,0,1,90,,1,0,0,0,1,35.0,,,,3,1,1,9,6
202100043883,2021-04-15 17:35:00,2021,4,15,17,35,42,42187,Boulevard de la Liberté,46.0448962035,4.087080299,Plein jour,En agglomération,Autre intersection,Normale,Trois véhicules et plus - collisions multiples,4,2,2,0,1,1,1,0,1,50,,4,0,0,0,4,21.0,24.0,,,1,2,9,1,5
202100043884,2021-04-13 11:45:00,2021,4,13,11,45,37,37122,MONTSOREAU (RUE DE),47.3504896808,0.6790655851,Plein jour,En agglomération,Hors intersection,Normale,Autre collision,4,1,1,0,1,1,1,0,1,50,,2,1,0,0,1,59.0,11.0,,,1,2,1,1,6
202100043885,2021-04-15 17:10:00,2021,4,15,17,10,35,35238,VILLEBOIS MAREUIL (BD),48.10467,-1.6504,Plein jour,En agglomération,Hors intersection,Normale,Deux véhicules - arrière,4,2,3,2,1,1,1,0,5,50,,2,1,0,0,1,19.0,43.0,,,1,2,1,1,2
202100043886,2021-02-22 12:30:00,2021,2,22,12,30,35,35238,PORTE DE LORIENT,48.10889,-1.71024,Plein jour,En agglomération,Intersection en X,Pluie légère,Deux véhicules - côté,4,3,4,0,1,1,2,5,8,50,,3,2,0,0,1,55.0,40.0,,,1,2,2,2,3
202100043887,2021-04-15 09:45:00,2021,4,15,9,45,31,31483,FOCH (AVENUE DU MARECHAL),43.105,0.7149,Plein jour,En agglomération,Hors intersection,Normale,Deux véhicules - côté,3,2,2,0,1,1,1,0,1,50,,2,1,0,0,1,52.0,18.0,,,1,2,1,1,3
202100043888,2021-04-04 20:45:00,2021,4,4,20,45,30,30189,CARREAU DE LANES (CHEMIN),43.82401,4.31207,Plein jour,En agglomération,Hors intersection,Normale,Autre collision,4,-1,0,0,1,1,1,0,1,50,,2,1,0,0,1,24.0,,,,1,2,1,1,6
202100043889,2021-04-15 20:00:00,2021,4,15,20,0,29,29019,Rue Yves Collet,48.392617,-4.479419,Plein jour,En agglomération,Hors intersection,Normale,Deux véhicules - côté,4,1,2,0,1,1,1,0,1,50,,2,1,0,0,1,21.0,24.0,,,1,2,1,1,3
202100043890,2021-04-15 17:45:00,2021,4,15,17,45,29,29019,Rue Corot,48.414243,-4.471726,Plein jour,En agglomération,Intersection en X,Normale,Deux véhicules - côté,4,3,1,0,1,1,1,5,1,30,,3,1,0,0,2,36.0,,,,1,2,2,1,3
202100043891,2021-04-15 08:35:00,2021,4,15,8,35,29,29019,Rue Alfred de Musset,48.39043,-4.4675,Plein jour,En agglomération,Intersection en T,Normale,Deux véhicules - côté,4,2,2,2,3,1,1,-1,1,50,,2,1,0,0,1,22.0,59.0,,,1,2,3,1,3
202100043892,2021-04-15 16:10:00,2021,4,15,16,10,27,27229,CONCHES (ROUTE DE),49.02315,1.12446,Plein jour,En agglomération,Hors intersection,Normale,Deux véhicules - arrière,3,2,2,0,1,1,1,0,1,50,,3,0,0,1,2,15.0,44.0,,,1,2,1,1,2
202100043893,2021-04-15 06:50:00,2021,4,15,6,50,26,26004,RN 532,44.98681,4.98104,Nuit sans éclairage public,Hors agglomération,Hors intersection,Normale,Autre collision,2,3,4,0,1,1,1,0,1,110,,2,1,0,0,1,52.0,45.0,,,3,1,1,1,6
202100043894,2021-04-15 16:15:00,2021,4,15,16,15,25,25462,ROCADE G.POMPIDOU (DU 7 AU 24),46.9005,6.3565,Plein jour,En agglomération,Intersection à plus de 4 branches,Normale,Autre collision,2,2,2,0,1,1,1,0,1,50,,2,1,0,0,1,20.0,,,,1,2,5,1,6
202100043895,2021-04-15 12:00:00,2021,4,15,12,0,17,17028,113 PK RN137 ROCHEFORT JUSTICE,46.1275,-1.10489,Plein jour,Hors agglomération,Hors intersection,Normale,Sans collision,2,3,4,0,1,1,1,0,2,90,,1,0,0,0,1,67.0,,,,1,1,1,1,7
202100043896,2021-04-13 21:30:00,2021,4,13,21,30,13,13077,JAURES JEAN (avenue),43.41002,4.97822,Nuit avec éclairage allumé,En agglomération,Hors intersection,Normale,Trois véhicules et plus - collisions multiples,4,2,2,0,1,1,1,0,1,50,,1,0,0,0,1,53.0,,,,5,2,1,1,5
202100043897,2021-04-15 17:35:00,2021,4,15,17,35,13,13202,LAZARET (QUAI DU),43.308975,5.366408,Plein jour,En agglomération,Autre intersection,Normale,Deux véhicules - arrière,4,1,2,0,1,1,1,0,1,50,,2,1,0,0,1,42.0,,,,1,2,9,1,2
202100043898,2021-04-14 19:00:00,2021,4,14,19,0,13,13211,JEAN LOMBARD (AVENUE),43.2889133217,5.4312999216,Plein jour,En agglomération,Hors intersection,Normale,Deux véhicules - côté,4,2,2,1,1,1,1,0,1,50,,2,1,0,1,0,28.0,48.0,,,1,2,1,1,3
202100043899,2021-04-15 07:40:00,2021,4,15,7,40,13,13212,SAINT PIERRE (RUE),43.291314,5.416967,Plein jour,En agglomération,Intersection en T,Normale,Deux véhicules - frontale,4,2,-1,0,1,1,1,0,1,50,,2,1,0,0,1,21.0,35.0,,,1,2,3,1,1
202100043900,2021-04-14 21:50:00,2021,4,14,21,50,13,13209,REDON (BOULEVARD DU),43.25523,5.42011,Nuit avec éclairage allumé,En agglomération,Hors intersection,Normale,Deux véhicules - côté,4,2,2,0,2,3,1,0,1,50,,3,1,0,0,2,30.0,43.0,,,5,2,1,1,3
202100043901,2021-04-15 04:50:00,2021,4,15,4,50,10,10325,LIBERTE (RUE DE LA ),48.25822,4.06304,Nuit avec éclairage allumé,En agglomération,Hors intersection,Normale,Autre collision,4,2,2,0,1,1,1,0,1,50,,1,0,0,0,1,34.0,,,,5,2,1,1,6
202100043902,2021-04-15 10:30:00,2021,4,15,10,30,09,09122,LECLERC (AVENUE DU GENERAL),42.972476,1.607945,Plein jour,En agglomération,Intersection en T,Normale,Deux véhicules - côté,3,-1,2,0,1,1,1,0,1,50,,4,3,0,0,1,25.0,55.0,,,1,2,3,1,3
202100043903,2021-04-13 18:00:00,2021,4,13,18,0,06,06027,NICE AVENUE DE (RN7),43.659432,7.167785,Plein jour,En agglomération,Hors intersection,Normale,Deux véhicules - arrière,7,1,3,0,1,1,1,0,1,50,,3,2,0,0,1,61.0,29.0,,,1,2,1,1,2
202100043904,2021-04-15 15:45:00,2021,4,15,15,45,75,75112,ECHANGEUR BERCY,48.827488,2.393555,Plein jour,En agglomération,Hors intersection,Normale,Deux véhicules - arrière,4,1,2,0,1,2,1,0,1,50,,2,1,0,0,1,49.0,,,,1,2,1,1,2
202100043905,2021-04-14 16:00:00,2021,4,14,16,0,75,75115,RUE DE VAUGIRARD,48.841492,2.307948,Plein jour,En agglomération,Intersection en X,Normale,Sans collision,4,1,2,1,1,1,1,-1,5,50,,1,0,0,0,1,46.0,,,,1,2,2,1,7
202100043906,2021-04-15 15:20:00,2021,4,15,15,20,75,75114,BOULEVARD BRUNE,48.826646,2.310423,Plein jour,En agglomération,Hors intersection,Normale,Deux véhicules - côté,4,3,3,0,1,1,1,0,1,50,,3,2,0,0,1,54.0,28.0,,,1,2,1,1,3
202100043907,2021-04-15 09:30:00,2021,4,15,9,30,75,75114,AVENUE DU GENERAL LECLERC,48.833253,2.331536,Plein jour,En agglomération,Intersection en T,Normale,Deux véhicules - côté,4,2,4,0,1,1,1,0,1,50,,3,2,0,0,1,67.0,43.0,,,1,2,3,1,3
202100043908,2021-04-14 09:30:00,2021,4,14,9,30,75,75114,RUE D ALESIA,48.832499,2.312166,Plein jour,En agglomération,Hors intersection,Normale,Deux véhicules - arrière,4,2,2,0,1,1,1,0,1,50,,2,1,0,0,1,58.0,85.0,,,1,2,1,1,2
202100043909,2021-04-15 18:10:00,2021,4,15,18,10,75,75114,BOULEVARD PERIPHERIQUE,48.816581,2.338939,Plein jour,En agglomération,Hors intersection,Normale,Trois véhicules et plus - en chaîne,4,1,6,0,1,1,1,0,1,70,,3,2,0,0,1,58.0,45.0,,,1,2,1,1,4
202100043910,2021-04-15 15:15:00,2021,4,15,15,15,75,75113,BOULEVARD ARAGO,48.834958,2.344992,Plein jour,En agglomération,Intersection en X,Normale,Deux véhicules - côté,4,2,4,3,1,1,1,-1,6,50,,3,2,0,0,1,55.0,39.0,,,1,2,2,1,3
202100043911,2021-04-15 12:30:00,2021,4,15,12,30,75,75113,AVENUE D IVRY,48.823323,2.365705,Plein jour,En agglomération,Intersection en T,Normale,Autre collision,4,2,5,1,1,1,1,-1,5,50,,2,1,0,0,1,48.0,,,,1,2,3,1,6
202100043912,2021-04-15 09:26:00,2021,4,15,9,26,75,75113,BOULEVARD DE L HOPITAL,48.8399897173,2.3617762327,Plein jour,En agglomération,Intersection en Y,Normale,Autre collision,4,2,3,0,2,1,1,0,1,30,,1,0,0,0,1,35.0,,,,1,2,4,1,6
202100043913,2021-04-14 22:20:00,2021,4,14,22,20,75,75113,AVENUE DES GOBELINS,48.832856,2.354637,Nuit avec éclairage allumé,En agglomération,Intersection en T,Normale,Deux véhicules - arrière,4,2,4,0,2,1,1,0,1,50,,2,1,0,0,1,29.0,,,,5,2,3,1,2
202100043914,2021-04-15 13:30:00,2021,4,15,13,30,75,75110,BOULEVARD DE BONNE NOUVELLE,48.870274,2.349895,Plein jour,En agglomération,Hors intersection,Normale,Deux véhicules - côté,4,2,3,1,1,1,1,-1,5,50,,2,1,0,0,1,37.0,27.0,,,1,2,1,1,3
202100043915,2021-04-15 11:55:00,2021,4,15,11,55,75,75110,RUE LOUIS BLANC,48.879973,2.367255,Plein jour,En agglomération,Intersection en X,Normale,Autre collision,4,1,2,0,1,1,1,0,1,30,,2,1,0,0,1,47.0,,,,1,2,2,1,6
202100043916,2021-04-15 19:35:00,2021,4,15,19,35,75,75102,RUE D ABOUKIR,48.8693633158,2.3524206877,Crépuscule ou aube,En agglomération,Intersection en X,Temps couvert,Autre collision,4,2,2,0,2,1,1,0,4,30,,2,1,0,0,1,65.0,,,,2,2,2,8,6
202100043917,2021-04-15 06:15:00,2021,4,15,6,15,75,75103,BOULEVARD DU TEMPLE,48.865291,2.365412,Crépuscule ou aube,En agglomération,Intersection en Y,Normale,Autre collision,4,2,5,0,1,1,1,0,1,50,,1,0,0,0,1,34.0,,,,2,2,4,1,6
202100043918,2021-04-15 16:45:00,2021,4,15,16,45,94,94081,Avenue du Colonel Fabien,48.782567,2.38085,Plein jour,En agglomération,Intersection en X,Normale,Autre collision,4,2,2,0,1,1,1,0,1,50,,3,1,0,1,1,19.0,,,,1,2,2,1,6
202100043919,2021-04-14 18:45:00,2021,4,14,18,45,94,94081,GENERAL MALLERET JOINVILLE (R DU),48.78,2.4,Plein jour,En agglomération,Hors intersection,Normale,Deux véhicules - côté,4,2,2,0,1,1,1,0,1,50,,2,1,0,0,1,18.0,13.0,,,1,2,1,1,3
202100043920,2021-04-14 15:50:00,2021,4,14,15,50,94,94081,ANTOINE MARIE COLIN (R),48.8,2.39,Plein jour,En agglomération,Hors intersection,Normale,Deux véhicules - côté,4,1,1,0,1,1,1,0,1,50,,2,1,0,0,1,,,,,1,2,1,1,3
202100043921,2021-04-15 05:07:00,2021,4,15,5,7,94,94078,HUIT MAI 1945 (AV DU),48.7272,2.4453,Nuit avec éclairage allumé,En agglomération,Hors intersection,Normale,Deux véhicules - arrière,2,1,2,0,1,1,1,0,1,50,,2,1,0,0,1,54.0,44.0,,,5,2,1,1,2
202100043922,2021-04-15 19:48:00,2021,4,15,19,48,94,94046,GENERAL LECLERC (AV DU),48.80422,2.44376,Plein jour,En agglomération,Hors intersection,Normale,Deux véhicules - arrière,3,3,2,0,1,1,1,0,1,50,,2,1,0,0,1,36.0,20.0,,,1,2,1,1,2
202100043923,2021-04-07 17:20:00,2021,4,7,17,20,94,94021,Avenue du Général de Gaulle,48.7669,2.3529413,Plein jour,En agglomération,Giratoire,Normale,Autre collision,4,-1,2,0,1,1,1,5,1,50,,2,1,0,0,1,,,,,1,2,6,1,6
202100043924,2021-04-15 14:50:00,2021,4,15,14,50,94,94017,Boulevard de Stalingrad,48.81722,2.50964,Plein jour,En agglomération,Intersection en X,Normale,Deux véhicules - côté,3,2,2,0,1,1,1,0,1,50,,2,1,0,0,1,32.0,27.0,,,1,2,2,1,3
202100043925,2021-04-15 19:40:00,2021,4,15,19,40,94,94071,Rue du Moulin à Vent,48.76403,2.52954,Plein jour,En agglomération,Hors intersection,Normale,Deux véhicules - arrière,4,2,2,0,1,1,1,0,1,50,,2,1,0,0,1,53.0,43.0,,,1,2,1,1,2
202100043926,2021-04-15 17:30:00,2021,4,15,17,30,94,94070,Route de Paris,48.71913,2.56779,Plein jour,En agglomération,Hors intersection,Normale,Deux véhicules - arrière,2,2,2,0,1,1,1,0,1,30,,3,2,0,0,1,39.0,55.0,,,1,2,1,1,2
202100043927,2021-04-14 17:45:00,2021,4,14,17,45,93,93073,RUE AUGUSTE RODIN,48.9566915014,2.5638645887,Plein jour,En agglomération,Hors intersection,Normale,Autre collision,4,2,2,0,1,1,1,0,1,50,,4,3,0,0,1,21.0,,,,1,2,1,1,6
202100043928,2021-04-15 07:00:00,2021,4,15,7,0,93,93072,MAXIME GORKI (BOULEVARD) N°72 AU 80,48.94655,2.3865,Plein jour,En agglomération,Autre intersection,Normale,Autre collision,3,3,3,3,1,1,1,5,6,50,,2,1,0,0,1,42.0,,,,1,2,9,1,6
202100043929,2021-04-14 18:15:00,2021,4,14,18,15,93,93055,JEAN LOLIVE (AVENUE)(107/135 ET 108/132),48.8925769386,2.4097107456,Plein jour,En agglomération,Intersection en X,Normale,Deux véhicules - côté,3,3,2,1,1,1,1,0,1,50,,2,1,0,0,1,29.0,45.0,,,1,2,2,1,3
202100043930,2021-04-15 11:50:00,2021,4,15,11,50,93,93051,NEUILLY (ROUTE),48.84494,2.54121,Plein jour,En agglomération,Hors intersection,Normale,Deux véhicules - frontale,3,2,3,1,2,2,1,0,5,50,,2,1,0,0,1,81.0,49.0,,,1,2,1,1,1
202100043931,2021-04-15 11:50:00,2021,4,15,11,50,93,93048,CHANZY (BOULEVARD),48.85941,2.4243,Plein jour,En agglomération,Hors intersection,Normale,Deux véhicules - frontale,3,2,2,1,1,1,1,8,1,30,,2,1,0,0,1,32.0,50.0,,,1,2,1,1,1
202100043932,2021-04-15 13:50:00,2021,4,15,13,50,93,93027,RASPAIL (RUE),48.92328,2.39521,Plein jour,En agglomération,Intersection en T,Normale,Deux véhicules - côté,3,2,2,0,1,1,1,0,1,50,,2,1,0,0,1,49.0,17.0,,,1,2,3,1,3
202100043933,2021-04-15 00:15:00,2021,4,15,0,15,93,93029,ANATOLE FRANCE,48.92519,2.44823,Nuit avec éclairage allumé,En agglomération,Hors intersection,Normale,Autre collision,4,2,2,0,1,1,1,0,1,50,,2,1,0,0,1,43.0,,,,5,2,1,1,6
202100043934,2021-04-15 13:05:00,2021,4,15,13,5,92,92073,SELLIER (BOULEVARD HENRI),48.8655616965,2.2196245193,Plein jour,En agglomération,Hors intersection,Normale,Autre collision,3,1,3,0,1,1,1,0,1,50,,4,1,0,2,1,57.0,,,,1,2,1,1,6
202100043935,2021-04-15 11:50:00,2021,4,15,11,50,92,92064,PARC SAINT CLOUD,48.83327,2.19745,Plein jour,En agglomération,Autre intersection,Normale,Autre collision,9,-1,0,0,2,1,6,9,1,20,,1,0,0,1,0,4.0,,,,1,2,9,1,6
202100043936,2021-04-15 16:00:00,2021,4,15,16,0,92,92048,ETANG DE TRIVAUX (ROUTE DE L'),48.7955112148,2.2324709594,Plein jour,En agglomération,Hors intersection,Normale,Deux véhicules - frontale,3,2,2,0,2,1,1,0,1,30,,2,1,0,0,1,68.0,27.0,,,1,2,1,1,1
202100043937,2021-04-15 17:00:00,2021,4,15,17,0,92,92044,VIC. HUGO(RUE)069A075 ET 080A088,48.89554,2.29683,Plein jour,En agglomération,Intersection en X,Normale,Autre collision,3,3,3,3,1,1,1,0,6,50,,2,0,0,0,2,18.0,,,,1,2,2,1,6
202100043938,2021-04-15 11:20:00,2021,4,15,11,20,92,92040,VOLTAIRE (BOULEVARD),48.8264833725,2.2797998786,Plein jour,En agglomération,Hors intersection,Normale,Deux véhicules - côté,3,2,4,2,1,1,1,0,5,30,,2,1,0,0,1,29.0,76.0,,,1,2,1,1,3
202100043939,2021-04-14 20:30:00,2021,4,14,20,30,92,92025,GABRIEL PERI (RUE),48.9225768104,2.2479861975,Plein jour,En agglomération,Intersection en T,Normale,Autre collision,4,1,4,3,1,1,1,6,3,50,,1,0,0,0,1,23.0,,,,1,2,3,1,6
202100043940,2021-04-15 11:45:00,2021,4,15,11,45,92,92023,ANTOINE GROSSIN (ALLEE),48.8116528412,2.2743092741,Plein jour,En agglomération,Hors intersection,Normale,Autre collision,4,1,1,0,2,1,1,0,4,30,,2,1,0,0,1,57.0,,,,1,2,1,1,6
202100043941,2021-04-15 16:15:00,2021,4,15,16,15,92,92012,FERME (RUE DE LA) - COTE IMPAIR,48.8306137404,2.2387084365,Plein jour,En agglomération,Hors intersection,Normale,Autre collision,4,2,2,1,1,1,1,0,1,50,,2,1,0,0,1,16.0,,,,1,2,1,1,6
202100043942,2021-04-14 21:10:00,2021,4,14,21,10,92,92004,REDOUTE ( AVENUE DE LA  ),48.9275817721,2.2752822537,Crépuscule ou aube,En agglomération,Intersection en X,Normale,Deux véhicules - côté,3,2,4,0,1,1,1,0,1,50,,2,1,0,0,1,27.0,45.0,,,2,2,2,1,3
202100043943,2021-04-15 09:30:00,2021,4,15,9,30,92,92002,SOURCES (RUE DES),48.7520202115,2.2880558367,Plein jour,En agglomération,Hors intersection,Normale,Deux véhicules - côté,4,2,2,0,3,1,1,0,1,50,,2,1,0,1,0,75.0,92.0,,,1,2,1,1,3
202100043944,2021-04-16 13:55:00,2021,4,16,13,55,60,60365,D930,49.597903,2.046289,Plein jour,Hors agglomération,Intersection en X,Normale,Deux véhicules - côté,3,2,2,0,1,1,1,0,1,80,,3,2,0,1,0,25.0,73.0,,,1,1,2,1,3
202100043945,2021-03-05 22:10:00,2021,3,5,22,10,51,51602,D982,48.812389,4.713264,Nuit sans éclairage public,Hors agglomération,Hors intersection,Normale,Sans collision,3,2,2,0,1,1,1,0,3,80,,1,0,0,0,1,39.0,,,,3,1,1,1,7
202100043946,2021-04-15 15:55:00,2021,4,15,15,55,01,01345,Rue de l'Egalite,45.94745,5.326974,Plein jour,En agglomération,Hors intersection,Normale,Deux véhicules - frontale,4,2,1,0,1,4,1,0,1,30,,2,0,0,0,2,21.0,15.0,,,1,2,1,1,1
202100043947,2021-04-14 14:00:00,2021,4,14,14,0,43,43147,D588,45.284701,3.357096,Plein jour,Hors agglomération,Autre intersection,Normale,Autre collision,3,2,2,3,1,1,1,5,1,90,,2,1,0,1,0,86.0,27.0,,,1,1,9,1,6
202100043948,2021-04-15 19:30:00,2021,4,15,19,30,33,33418,Lieu Dit Desportes,44.594444,0.007883,Plein jour,Hors agglomération,Hors intersection,Temps éblouissant,Autre collision,3,2,2,0,1,1,1,0,1,80,,1,0,0,1,0,45.0,,,,1,1,1,7,6
202100043949,2021-04-15 17:40:00,2021,4,15,17,40,06,06161,D6007,43.62619,7.132144,Plein jour,En agglomération,Hors intersection,Normale,Deux véhicules - côté,3,2,2,1,1,1,1,0,1,50,,2,1,0,0,1,42.0,22.0,,,1,2,1,1,3
202100043950,2021-04-15 05:50:00,2021,4,15,5,50,68,68161,D 415,48.111368,7.293801,Nuit sans éclairage public,Hors agglomération,Hors intersection,Normale,Deux véhicules - arrière,3,2,3,0,1,1,1,0,1,80,,2,1,0,1,0,35.0,24.0,,,3,1,1,1,2
202100043951,2021-04-15 10:00:00,2021,4,15,10,0,35,35098,RN137,47.786045,-1.696969,Plein jour,Hors agglomération,Hors intersection,Normale,Deux véhicules - arrière,2,3,4,0,2,1,1,0,1,110,,2,1,0,0,1,51.0,24.0,,,1,1,1,1,2
202100043952,2021-04-15 17:00:00,2021,4,15,17,0,974,97414,5 Rue des Vetyvers,-21.278193,55.417681,Plein jour,En agglomération,Hors intersection,Pluie forte,Deux véhicules - arrière,4,2,2,0,2,2,2,0,1,50,,2,1,0,0,1,23.0,62.0,,,1,2,1,3,2
202100043953,2021-04-16 16:14:00,2021,4,16,16,14,06,06130,Route de Saint-cézaire,43.689062,6.829988,Plein jour,Hors agglomération,Hors intersection,Normale,Sans collision,3,2,2,0,1,3,1,0,3,70,,1,0,0,1,0,19.0,,,,1,1,1,1,7
202100043954,2021-04-12 17:00:00,2021,4,12,17,0,83,83100,Route Departementale 97,43.263144,6.113441,Plein jour,Hors agglomération,Hors intersection,Normale,Deux véhicules - côté,3,2,2,0,1,1,1,0,1,80,,2,0,0,0,2,61.0,29.0,,,1,1,1,1,3
202100043955,2021-04-15 14:00:00,2021,4,15,14,0,69,69007,D386,45.495357,4.820539,Plein jour,Hors agglomération,Hors intersection,Normale,Deux véhicules - côté,3,2,2,0,1,1,1,0,1,70,,2,1,0,0,1,53.0,,,,1,1,1,1,3
202100043956,2021-04-15 18:30:00,2021,4,15,18,30,89,89399,,48.262627,3.340745,Plein jour,Hors agglomération,Hors intersection,Normale,Autre collision,3,2,2,0,2,2,1,0,1,80,,2,0,0,1,1,35.0,,,,1,1,1,1,6
202100043957,2021-04-04 14:30:00,2021,4,4,14,30,51,51618,D47,48.793275,3.463536,Plein jour,Hors agglomération,Autre intersection,Normale,Sans collision,3,-1,2,0,1,1,1,0,8,80,,1,0,0,1,0,52.0,,,,1,1,9,1,7
202100043958,2021-04-16 07:50:00,2021,4,16,7,50,77,77137,D204,48.716574,3.295196,Plein jour,Hors agglomération,Hors intersection,Normale,Autre collision,3,2,2,0,4,1,1,0,3,90,,2,1,0,0,1,,27.0,,,1,1,1,1,6
202100043959,2021-04-15 04:00:00,2021,4,15,4,0,49,49362,rue du Bourg Neuf,47.220743,-0.068037,Nuit sans éclairage public,En agglomération,Hors intersection,Normale,Autre collision,4,2,2,0,1,3,1,0,4,30,,4,2,0,2,0,20.0,,,,3,2,1,1,6
202100043960,2021-04-14 13:00:00,2021,4,14,13,0,49,49228,la cigogne,47.48064,0.159892,Plein jour,Hors agglomération,Hors intersection,Normale,Deux véhicules - frontale,4,2,2,0,1,2,1,0,1,80,,2,1,0,1,0,17.0,40.0,,,1,1,1,1,1
202100043961,2021-04-08 20:30:00,2021,4,8,20,30,42,42205,Route de la Pelletière,45.68013,3.960443,Nuit avec éclairage allumé,Hors agglomération,Hors intersection,Normale,Autre collision,3,2,2,0,2,1,1,0,3,80,,1,0,0,0,1,68.0,,,,5,1,1,1,6
202100043962,2021-01-26 08:00:00,2021,1,26,8,0,47,47210,Avenue du 11 Novembre,44.252059,0.383983,Crépuscule ou aube,Hors agglomération,Hors intersection,Normale,Autre collision,4,-1,2,0,1,1,1,0,1,30,,2,1,0,1,0,43.0,,,,2,1,1,1,6