accident_id,datetime,annee,mois,jour,heure,minute,departement,commune_insee,adresse,latitude,longitude,luminosite,agglomeration,intersection,meteo,collision,catr,circ,nbv,vosp,prof,plan,surf,infra,situ,vma,nb_vehicules,nb_usagers,nb_indemnes,nb_tues,nb_blesses_hosp,nb_blesses_legers,age_cond_1,age_cond_2,veh_type_cond_1,veh_type_cond_2,lum_code,agg_code,int_code,atm_code,col_code
202100043963,2021-04-15 13:00:00,2021,4,15,13,0,44,44186,Rue de l'Hotel de Ville,47.103141,-1.810936,Plein jour,En agglomération,Hors intersection,Normale,Autre collision,3,2,2,0,1,1,1,9,1,30,,2,1,0,1,0,67.0,,,,1,2,1,1,6
202100043964,2021-04-12 13:40:00,2021,4,12,13,40,29,29216,Rue de Guengat,47.98412,-4.181526,Plein jour,En agglomération,Giratoire,Normale,Autre collision,4,2,2,0,2,1,1,6,4,30,,2,1,0,1,0,11.0,,,,1,2,6,1,6
202100043965,2021-04-11 19:00:00,2021,4,11,19,0,38,38198,chemin de la vie tournée,45.333523,4.960842,Plein jour,Hors agglomération,Hors intersection,Pluie forte,Deux véhicules - frontale,3,2,2,0,1,2,2,0,1,50,,5,0,0,2,3,91.0,34.0,,,1,1,1,3,1
202100043966,2021-04-16 15:31:00,2021,4,16,15,31,02,02293,D13,49.934552,3.469437,Plein jour,Hors agglomération,Intersection en X,Normale,Deux véhicules - côté,3,2,2,0,1,1,1,0,1,80,,2,0,1,0,1,30.0,91.0,,,1,1,2,1,3
202100043967,2021-04-16 08:50:00,2021,4,16,8,50,03,03155,Le Champ de la Chévre,46.718442,2.965989,Plein jour,Hors agglomération,Hors intersection,Normale,Autre collision,3,2,2,0,1,1,1,0,3,90,,1,0,0,1,0,51.0,,,,1,1,1,1,6
202100043968,2021-03-27 08:38:00,2021,3,27,8,38,72,72209,Le Bourgneuf,48.246709,-0.032755,Plein jour,En agglomération,Hors intersection,Normale,Deux véhicules - arrière,3,2,2,0,1,1,1,0,1,90,,4,3,0,0,1,54.0,23.0,,,1,2,1,1,2
202100043969,2021-04-15 22:30:00,2021,4,15,22,30,64,64124,D 918,43.266722,-1.332382,Nuit sans éclairage public,Hors agglomération,Hors intersection,Normale,Sans collision,3,2,2,0,1,1,1,0,1,80,,1,0,0,0,1,53.0,,,,3,1,1,1,7
202100043970,2021-04-15 16:20:00,2021,4,15,16,20,73,73164,D211 route de lachat,45.724802,5.984952,Plein jour,En agglomération,Autre intersection,Normale,Deux véhicules - côté,3,2,2,0,2,1,1,0,1,50,,2,1,0,1,0,15.0,,,,1,2,9,1,3
202100043971,2021-04-15 10:45:00,2021,4,15,10,45,40,40104,RD 7,43.730747,-0.836517,Plein jour,Hors agglomération,Intersection en X,Temps éblouissant,Deux véhicules - côté,3,3,2,0,3,1,1,0,1,80,,2,1,0,1,0,68.0,53.0,,,1,1,2,7,3
202100043972,2021-04-16 17:15:00,2021,4,16,17,15,31,31044,d 826 route de castres - rond point de Nollet,43.592871,1.505615,Plein jour,En agglomération,Giratoire,Normale,Deux véhicules - côté,7,2,4,3,1,1,1,5,6,50,,3,2,0,1,0,72.0,35.0,,,1,2,6,1,3
202100043973,2021-04-16 11:00:00,2021,4,16,11,0,06,06018,2815 Route de Valbonne,43.634219,7.075313,Plein jour,Hors agglomération,Hors intersection,Normale,Sans collision,3,3,2,0,1,1,1,0,1,50,,1,0,0,1,0,64.0,,,,1,1,1,1,7
202100043974,2021-04-16 16:20:00,2021,4,16,16,20,44,44180,d228,47.492791,-1.15129,Plein jour,Hors agglomération,Hors intersection,Normale,Deux véhicules - frontale,3,2,2,0,1,1,1,0,1,80,,2,0,1,0,1,57.0,35.0,,,1,1,1,1,1
202100043975,2021-04-16 15:00:00,2021,4,16,15,0,13,13114,Route de Berre,43.545022,5.343513,Plein jour,Hors agglomération,Intersection en T,Normale,Deux véhicules - arrière,7,2,2,0,1,1,1,0,1,80,,2,1,0,0,1,25.0,33.0,,,1,1,3,1,2
202100043976,2021-04-16 02:42:00,2021,4,16,2,42,13,13004,A54,43.690308,4.544478,Nuit avec éclairage allumé,Hors agglomération,Hors intersection,Normale,Deux véhicules - frontale,1,3,5,0,1,1,1,7,6,50,,1,0,1,0,0,93.0,,,,5,1,1,1,1
202100043977,2021-04-15 15:40:00,2021,4,15,15,40,68,68278,25 Rue des Perdrix,47.751229,7.419612,Plein jour,En agglomération,Hors intersection,Normale,Sans collision,4,2,2,1,1,1,9,0,5,50,,1,0,0,1,0,62.0,,,,1,2,1,1,7
202100043978,2021-04-15 19:20:00,2021,4,15,19,20,13,13103,Autoroute A7 PK 235+000 sens Sud / Nord,43.626896,5.128813,Plein jour,Hors agglomération,Hors intersection,Normale,Sans collision,1,1,1,0,1,1,1,0,1,130,,1,0,0,1,0,48.0,,,,1,1,1,1,7
202100043979,2021-04-14 20:00:00,2021,4,14,20,0,84,84129,Boulevard Roger Ricca,44.008686,4.874215,Plein jour,En agglomération,Hors intersection,Normale,Autre collision,4,2,2,0,1,1,1,0,3,50,,1,0,0,1,0,20.0,,,,1,2,1,1,6
202100043980,2021-04-16 14:23:00,2021,4,16,14,23,68,68300,44 Rue des Bains,47.787255,7.378362,Plein jour,En agglomération,Hors intersection,Normale,Deux véhicules - côté,4,2,2,1,1,1,1,0,1,50,,2,0,0,0,2,50.0,54.0,,,1,2,1,1,3
202100043981,2021-04-15 14:50:00,2021,4,15,14,50,68,68123,D83,48.009075,7.302668,Plein jour,Hors agglomération,Hors intersection,Normale,Sans collision,3,3,4,0,1,1,1,0,3,110,,1,0,0,1,0,32.0,,,,1,1,1,1,7
202100043982,2021-04-16 10:55:00,2021,4,16,10,55,54,54208,RD611 ,48.749291973,5.9498047824,Plein jour,Hors agglomération,Hors intersection,Normale,Deux véhicules - frontale,3,2,2,0,3,1,1,0,1,80,,2,1,1,0,0,56.0,30.0,,,1,1,1,1,1
202100043983,2021-04-15 21:30:00,2021,4,15,21,30,38,38556,Route d'Assieu,45.38745,4.84937,Nuit sans éclairage public,Hors agglomération,Hors intersection,Normale,Autre collision,3,2,2,0,1,1,1,0,3,80,,1,0,0,1,0,24.0,,,,3,1,1,1,6
202100043984,2021-04-15 11:15:00,2021,4,15,11,15,17,17225,Avenue Pierre Sibard,45.713967,-1.142369,Plein jour,En agglomération,Intersection en X,Normale,Deux véhicules - côté,3,2,2,1,1,1,1,5,1,50,,2,1,0,1,0,63.0,41.0,,,1,2,2,1,3
202100043985,2021-04-14 16:15:00,2021,4,14,16,15,85,85011,RD 38,46.94259,-2.17111,Plein jour,Hors agglomération,Hors intersection,Normale,Autre collision,3,3,4,0,1,1,1,0,3,110,,1,0,0,1,0,59.0,,,,1,1,1,1,6
202100043986,2021-04-01 07:30:00,2021,4,1,7,30,44,44052,rd 773 carrefour st Lucien,47.343934,-2.097015,Plein jour,Hors agglomération,Intersection en Y,Normale,Deux véhicules - côté,2,2,-1,-1,1,1,1,3,1,-1,,2,1,0,1,0,16.0,29.0,,,1,1,4,1,3
202100043987,2021-03-16 08:35:00,2021,3,16,8,35,76,76295,Route de Gournay,49.6345545414,1.6224776208,Crépuscule ou aube,Hors agglomération,Intersection en T,Pluie légère,Deux véhicules - frontale,3,2,2,0,1,1,2,5,1,80,,4,0,0,3,1,38.0,28.0,,,2,1,3,2,1
202100043988,2021-04-16 09:15:00,2021,4,16,9,15,60,60012,D125,49.260005,2.15905,Plein jour,En agglomération,Intersection en X,Normale,Deux véhicules - côté,3,-1,2,0,1,1,1,0,1,50,,2,1,0,0,1,34.0,29.0,,,1,2,2,1,3
202100043989,2021-04-14 08:19:00,2021,4,14,8,19,13,13005,A502-Sens Toulon par R.N. vers  Aubagne,43.2807053827,5.6071855753,Plein jour,Hors agglomération,Hors intersection,Normale,Deux véhicules - frontale,1,1,1,0,2,3,1,1,1,90,,2,1,0,0,1,35.0,,,,1,1,1,1,1
202100043990,2021-04-14 18:37:00,2021,4,14,18,37,13,13055,A507 sens Marseille - Aubagne,43.33,5.4073,Plein jour,Hors agglomération,Hors intersection,Normale,Trois véhicules et plus - en chaîne,1,4,2,0,2,1,1,0,1,70,,4,3,0,0,1,48.0,62.0,,,1,1,1,1,4
202100043991,2021-04-14 09:45:00,2021,4,14,9,45,13,13005,A50-Sens Aubagne vers Marseille,43.284799,5.571572,Plein jour,Hors agglomération,Hors intersection,Normale,Autre collision,1,1,2,0,1,2,1,2,3,90,,2,0,0,0,2,35.0,,,,1,1,1,1,6
202100043992,2021-03-28 18:30:00,2021,3,28,18,30,33,33550,AUTOROUTE A 62,44.774208,-0.55622,Plein jour,Hors agglomération,Hors intersection,Normale,Trois véhicules et plus - en chaîne,1,3,6,0,1,1,1,0,1,70,,6,4,0,0,2,44.0,39.0,,,1,1,1,1,4
202100043993,2021-04-15 08:50:00,2021,4,15,8,50,91,91235,RN 104,48.62604,2.35552,Plein jour,Hors agglomération,Hors intersection,Normale,Deux véhicules - arrière,2,3,4,0,1,1,1,0,1,110,,2,1,0,0,1,56.0,34.0,,,1,1,1,1,2
202100043994,2021-04-15 19:10:00,2021,4,15,19,10,93,93005,AUTOROUTE A104,48.97239,2.49473,Plein jour,Hors agglomération,Hors intersection,Normale,Trois véhicules et plus - en chaîne,1,3,6,0,1,1,1,0,1,90,,3,2,0,0,1,23.0,48.0,,,1,1,1,1,4
202100043995,2021-04-14 17:30:00,2021,4,14,17,30,93,93066,AUTOROUTE A86,48.92555,2.33972,Plein jour,Hors agglomération,Hors intersection,Normale,Deux véhicules - côté,1,3,8,0,1,1,1,0,1,90,,2,1,0,0,1,24.0,24.0,,,1,1,1,1,3
202100043996,2021-04-14 16:00:00,2021,4,14,16,0,95,95306,A15,48.9954906632,2.1824552028,Plein jour,Hors agglomération,Hors intersection,Normale,Autre collision,1,3,10,0,1,1,1,0,1,110,,2,1,0,0,1,,47.0,,,1,1,1,1,6
202100043997,2021-04-15 17:05:00,2021,4,15,17,5,94,94081,A86 INT,48.7738141386,2.4033475616,Plein jour,Hors agglomération,Hors intersection,Normale,Deux véhicules - arrière,1,3,6,0,1,1,1,0,1,90,,2,1,0,0,1,37.0,60.0,,,1,1,1,1,2
202100043998,2021-04-14 06:30:00,2021,4,14,6,30,94,94018,A4,48.8176262494,2.4173841935,Nuit sans éclairage public,Hors agglomération,Hors intersection,Normale,Trois véhicules et plus - en chaîne,1,3,5,0,1,1,1,0,1,90,,3,2,0,0,1,28.0,45.0,,,3,1,1,1,4
202100043999,2021-04-14 14:10:00,2021,4,14,14,10,976,97611,m'tsapere-Nationale 2 (route),-12.79124,45.22275,Plein jour,Hors agglomération,Autre intersection,Normale,Trois véhicules et plus - collisions multiples,2,2,0,0,1,1,1,0,1,50,,3,2,0,0,1,27.0,43.0,,,1,1,9,1,5
202100044000,2021-04-14 15:30:00,2021,4,14,15,30,974,97411,LECONTE DE LISLE (AVENUE),-20.8914,55.48049,Plein jour,En agglomération,Hors intersection,Normale,Autre collision,4,2,0,0,1,1,1,0,1,50,,2,1,0,0,1,22.0,,,,1,2,1,1,6
202100044001,2021-04-14 20:00:00,2021,4,14,20,0,974,97409,PATELIN (chemin),-20.97308,55.68542,Nuit sans éclairage public,En agglomération,Hors intersection,Pluie légère,Deux véhicules - arrière,4,2,2,0,2,1,2,0,1,50,,2,1,0,0,1,57.0,21.0,,,3,2,1,2,2
202100044002,2021-04-14 13:20:00,2021,4,14,13,20,69,69388,PAUL CAZENEUVE (R),45.7376008784,4.8655432463,Plein jour,En agglomération,Intersection en X,Normale,Autre collision,4,1,3,1,1,1,1,0,1,50,,2,1,0,0,1,39.0,,,,1,2,2,1,6
202100044003,2021-04-13 08:57:00,2021,4,13,8,57,972,97209,BEAUSEJOUR JAMBETTE (ROUTE DE ),14.62756,-61.04045,Plein jour,Hors agglomération,Hors intersection,Normale,Deux véhicules - arrière,3,2,2,0,1,1,1,0,1,60,,2,1,0,0,1,27.0,28.0,,,1,1,1,1,2
202100044004,2021-04-13 23:20:00,2021,4,13,23,20,69,69149,FRANCISQUE JOMARD (R),45.71758,4.79043,Nuit avec éclairage allumé,En agglomération,Intersection en X,Normale,Deux véhicules - côté,4,2,2,0,2,1,1,0,1,50,,2,1,0,0,1,21.0,42.0,,,5,2,2,1,3
202100044005,2021-04-13 14:20:00,2021,4,13,14,20,69,69385,KITCHENER MARCHAND                  (PT),45.7516797637,4.8216339964,Plein jour,En agglomération,Intersection à plus de 4 branches,Normale,Deux véhicules - côté,4,2,5,0,1,1,1,0,1,50,,3,2,0,0,1,37.0,60.0,,,1,2,5,1,3
202100044006,2021-04-14 16:35:00,2021,4,14,16,35,95,95268,RUE JACQUES ANQUETIL,48.961928,2.398331,Plein jour,En agglomération,Hors intersection,Normale,Autre collision,4,2,2,0,1,1,1,0,1,50,,2,1,0,0,1,22.0,,,,1,2,1,1,6
202100044007,2021-04-14 15:40:00,2021,4,14,15,40,91,91691,CHARLE DE GAULLE(RUE),48.716318,2.489492,Plein jour,En agglomération,Autre intersection,Normale,Autre collision,3,-1,0,0,2,1,1,1,8,10,,2,1,0,0,1,47.0,,,,1,2,9,1,6
202100044008,2021-04-02 14:25:00,2021,4,2,14,25,89,89024,JEAN JAURES (AVENUE),47.79914,3.5803,Plein jour,En agglomération,Intersection en X,Normale,Deux véhicules - côté,2,2,2,0,1,1,1,0,1,50,,2,1,0,0,1,55.0,40.0,,,1,2,2,1,3
202100044009,2021-04-13 12:40:00,2021,4,13,12,40,86,86194,Avenue de Paris,46.612986,0.3472226,Plein jour,En agglomération,Giratoire,Normale,Deux véhicules - côté,3,-1,4,0,1,1,1,0,1,50,,2,1,0,1,0,36.0,54.0,,,1,2,6,1,3
202100044010,2021-04-14 16:30:00,2021,4,14,16,30,83,83069,MOULIN PREMIER (CHEMIN DU),43.122,6.153,Plein jour,Hors agglomération,Hors intersection,Normale,Autre collision,7,2,2,0,1,1,1,0,1,70,,2,1,0,0,1,70.0,,,,1,1,1,1,6
202100044011,2021-04-14 11:35:00,2021,4,14,11,35,77,77186,TABLE DU ROI (CARREFOUR DE LA),48.48277,2.6664,Plein jour,Hors agglomération,Hors intersection,Normale,Trois véhicules et plus - en chaîne,3,2,2,0,1,1,1,0,1,70,,5,2,0,0,3,36.0,32.0,,,1,1,1,1,4
202100044012,2021-04-13 18:00:00,2021,4,13,18,0,72,72181,JAURES JEAN (AV) N° PAIRS 60 ET >,47.9861,0.2089,Plein jour,En agglomération,Hors intersection,Normale,Deux véhicules - côté,4,3,4,2,1,1,1,0,1,50,,2,1,0,0,1,57.0,30.0,,,1,2,1,1,3
202100044013,2021-04-12 13:50:00,2021,4,12,13,50,72,72181,BOLLEE (AV) N° PAIRS 154 A 222,47.99724,0.21749,Plein jour,En agglomération,Hors intersection,Normale,Deux véhicules - arrière,4,2,4,1,1,1,1,0,1,50,,2,1,0,0,1,59.0,46.0,,,1,2,1,1,2
202100044014,2021-04-12 15:55:00,2021,4,12,15,55,71,71486,MAX DORMOY (AVENUE),46.64582,4.31994,Plein jour,En agglomération,Hors intersection,Normale,Autre collision,4,2,2,0,1,1,1,0,1,50,,2,1,0,0,1,57.0,,,,1,2,1,1,6
202100044015,2021-04-09 17:30:00,2021,4,9,17,30,67,67482,PETRARQUE (PLACE),48.58973,7.70829,Plein jour,En agglomération,Hors intersection,Normale,Autre collision,4,2,1,0,1,1,1,0,1,30,,3,2,0,0,1,15.0,,,,1,2,1,1,6
202100044016,2021-04-14 07:45:00,2021,4,14,7,45,66,66136,POU-DE-LES-COULOBRES (CHEMIN DU),42.66567,2.91966,Plein jour,Hors agglomération,Giratoire,Normale,Deux véhicules - arrière,4,2,1,0,1,2,1,0,1,80,,2,1,0,0,1,47.0,49.0,,,1,1,6,1,2
202100044017,2021-04-09 20:45:00,2021,4,9,20,45,66,66136,BARCELONE QUAI DE,42.69735,2.88998,Crépuscule ou aube,En agglomération,Hors intersection,Normale,Deux véhicules - frontale,4,2,2,0,1,1,1,0,1,50,,2,1,0,0,1,21.0,30.0,,,2,2,1,1,1
202100044018,2021-04-13 20:35:00,2021,4,13,20,35,64,64024,BARBOT (RUE DU MOULIN),43.50102,-1.5304,Crépuscule ou aube,En agglomération,Hors intersection,Normale,Autre collision,4,2,2,0,1,1,1,0,4,50,,1,0,0,0,1,29.0,,,,2,2,1,1,6
202100044019,2021-04-13 08:55:00,2021,4,13,8,55,64,64102,BERNEDE (RUE),43.49328,-1.47551,Plein jour,En agglomération,Intersection en T,Normale,Deux véhicules - côté,4,-1,2,0,1,1,1,0,1,50,,2,1,0,1,0,52.0,35.0,,,1,2,3,1,3
202100044020,2021-04-13 11:34:00,2021,4,13,11,34,63,63113,CHARME (RUE DE LA),45.80767,3.12829,Plein jour,En agglomération,Intersection en T,Normale,Deux véhicules - arrière,7,2,3,0,1,1,1,0,1,50,,3,1,0,0,2,24.0,56.0,,,1,2,3,1,2
202100044021,2021-04-14 20:30:00,2021,4,14,20,30,59,59599,VAN DE VEEGAETE (RUE CHARLES),50.73254,3.1632,Crépuscule ou aube,En agglomération,Autre intersection,Normale,Deux véhicules - côté,4,2,2,0,1,1,1,9,1,50,,2,0,0,0,2,25.0,35.0,,,2,2,9,1,3
202100044022,2021-04-13 16:20:00,2021,4,13,16,20,56,56098,RUE DU BOIS DE ST-NUDEC,47.78255,-3.30699,Plein jour,En agglomération,Hors intersection,Normale,Sans collision,4,2,2,0,1,1,1,9,1,30,,1,0,0,0,1,30.0,,,,1,2,1,1,7
202100044023,2021-04-13 13:52:00,2021,4,13,13,52,56,56098,CREBILLON (RUE  PROSPER ),47.76692,-3.34875,Plein jour,En agglomération,Hors intersection,Normale,Sans collision,4,2,2,0,1,1,1,0,1,30,,1,0,0,0,1,54.0,,,,1,2,1,1,7
202100044024,2021-04-14 10:04:00,2021,4,14,10,4,49,49007,PORTET BOULEVARD,47.45197,-0.56337,Plein jour,En agglomération,Hors intersection,Normale,Trois véhicules et plus - collisions multiples,4,-1,2,0,1,1,1,0,1,50,,3,2,0,0,1,32.0,30.0,,,1,2,1,1,5
202100044025,2021-04-10 18:15:00,2021,4,10,18,15,42,42218,Route de Saint Victor,45.433144,4.300554,Crépuscule ou aube,Hors agglomération,Hors intersection,Normale,Autre collision,7,2,2,0,2,3,1,0,3,70,,1,0,1,0,0,20.0,,,,2,1,1,1,6
202100044026,2021-04-14 18:50:00,2021,4,14,18,50,34,34172,TOULOUSE (AVENUE DE),43.59647,3.86312,Plein jour,En agglomération,Hors intersection,Normale,Deux véhicules - frontale,4,3,2,3,2,1,1,0,1,50,,2,1,0,0,1,27.0,22.0,,,1,2,1,1,1
202100044027,2021-04-14 07:00:00,2021,4,14,7,0,34,34172,MONDIAL 98 (AVENUE DU),43.60324,3.90528,Plein jour,En agglomération,Hors intersection,Normale,Deux véhicules - côté,4,1,2,1,2,1,1,0,1,50,,2,1,1,0,0,35.0,42.0,,,1,2,1,1,3
202100044028,2021-04-14 18:45:00,2021,4,14,18,45,33,33281,Avenue des Marronniers,44.84329,-0.67787,Plein jour,En agglomération,Intersection en T,Normale,Deux véhicules - arrière,4,2,4,1,1,1,1,0,1,30,,2,1,0,0,1,38.0,15.0,,,1,2,3,1,2
202100044029,2021-04-13 19:30:00,2021,4,13,19,30,30,30189,TRIAIRE SERGENT (BOULEVARD),43.82841,4.36011,Plein jour,En agglomération,Hors intersection,Normale,Autre collision,4,1,2,0,1,1,1,5,8,50,,2,1,0,0,1,31.0,,,,1,2,1,1,6
202100044030,2021-04-13 18:10:00,2021,4,13,18,10,29,29232,Route du Loc H,48.01903,-4.08422,Plein jour,En agglomération,Giratoire,Normale,Deux véhicules - arrière,4,1,1,0,1,2,1,9,1,50,,2,1,0,0,1,48.0,48.0,,,1,2,6,1,2
202100044031,2021-04-14 06:55:00,2021,4,14,6,55,27,27681,VIEUX CHATEAU (RUE DU),49.0963,1.47861,Crépuscule ou aube,En agglomération,Intersection en X,Normale,Deux véhicules - côté,4,1,1,0,1,1,1,0,1,50,,2,1,0,0,1,55.0,61.0,,,2,2,2,1,3
202100044032,2021-04-14 17:38:00,2021,4,14,17,38,17,17300,REPUBLIQUE   BOULEVARD DE LA,46.138771,-1.14813,Plein jour,En agglomération,Intersection en X,Normale,Deux véhicules - côté,4,2,4,2,2,1,1,0,5,50,,2,1,0,0,1,25.0,21.0,,,1,2,2,1,3
202100044033,2021-04-14 04:15:00,2021,4,14,4,15,13,13210,CAPELETTE (AVENUE DE LA),43.27954,5.41374,Nuit avec éclairage allumé,En agglomération,Hors intersection,Normale,Deux véhicules - côté,4,2,2,0,1,1,1,0,1,50,,2,1,0,0,1,33.0,36.0,,,5,2,1,1,3
202100044034,2021-04-14 18:40:00,2021,4,14,18,40,13,13210,ROMAIN ROLLAND (BOULEVARD),43.27476,5.415459,Plein jour,En agglomération,Autre intersection,Temps éblouissant,Trois véhicules et plus - en chaîne,4,2,-1,0,1,1,2,0,1,50,,4,2,0,2,0,,32.0,,,1,2,9,7,4
202100044035,2021-04-14 15:30:00,2021,4,14,15,30,13,13212,FERNANDEL (AVENUE),43.3122639575,5.4523312173,Plein jour,En agglomération,Hors intersection,Temps couvert,Deux véhicules - frontale,4,2,2,0,4,3,1,0,1,50,,3,2,0,0,1,81.0,25.0,,,1,2,1,8,1
202100044036,2021-04-13 22:24:00,2021,4,13,22,24,10,10387,JEAN LACOSTE (RUE),48.29957,4.06003,Nuit avec éclairage allumé,En agglomération,Hors intersection,Normale,Deux véhicules - arrière,4,2,1,0,1,1,1,0,1,50,,2,1,0,0,1,32.0,35.0,,,5,2,1,1,2
202100044037,2021-04-14 10:40:00,2021,4,14,10,40,06,06088,DUBOUCHAGE (BD),43.701135,7.269627,Plein jour,En agglomération,Intersection en T,Normale,Deux véhicules - côté,4,1,1,2,1,1,1,1,1,50,,2,1,0,0,1,77.0,53.0,,,1,2,3,1,3
202100044038,2021-03-18 18:50:00,2021,3,18,18,50,02,02408,BROSSOLETTE (BOULEVARD PIERRE),49.56959,3.62391,Plein jour,En agglomération,Giratoire,Normale,Autre collision,4,3,2,0,1,1,1,0,1,50,,2,1,0,0,1,49.0,,,,1,2,6,1,6
202100044039,2021-04-14 15:20:00,2021,4,14,15,20,75,75112,PORTE DE VINCENNES,48.846484,2.414571,Plein jour,En agglomération,Hors intersection,Normale,Autre collision,4,1,4,0,1,1,1,2,1,70,,3,0,0,0,3,52.0,,,,1,2,1,1,6
202100044040,2021-04-13 20:40:00,2021,4,13,20,40,75,75116,PORTE DAUPHINE,48.8706,2.271988,Nuit avec éclairage allumé,En agglomération,Hors intersection,Normale,Deux véhicules - arrière,4,1,2,0,2,1,1,0,1,50,,2,1,0,0,1,28.0,,,,5,2,1,1,2
202100044041,2021-04-13 09:05:00,2021,4,13,9,5,75,75114,PORTE DE VANVES,48.824104,2.307761,Plein jour,En agglomération,Hors intersection,Normale,Sans collision,4,1,3,0,1,1,1,0,1,70,,1,0,0,0,1,41.0,,,,1,2,1,1,7
202100044042,2021-04-14 13:30:00,2021,4,14,13,30,75,75105,BOULEVARD DE PORT ROYAL,48.838305,2.342062,Plein jour,En agglomération,Intersection en T,Normale,Deux véhicules - côté,4,2,4,0,1,1,1,9,1,50,,2,0,0,0,2,34.0,29.0,,,1,2,3,1,3
202100044043,2021-04-14 19:31:00,2021,4,14,19,31,75,75120,RUE DE BAGNOLET,48.8637345534,2.4076828934,Crépuscule ou aube,En agglomération,Intersection en T,Normale,Deux véhicules - frontale,4,2,3,0,1,1,1,0,1,50,,4,3,0,0,1,25.0,37.0,,,2,2,3,1,1
202100044044,2021-04-14 15:00:00,2021,4,14,15,0,75,75119,RUE CURIAL,48.890138,2.371692,Plein jour,En agglomération,Hors intersection,Normale,Deux véhicules - côté,4,1,2,2,1,1,1,-1,5,50,,2,1,0,0,1,,24.0,,,1,2,1,1,3
202100044045,2021-04-14 08:45:00,2021,4,14,8,45,75,75119,RUE ROUVET,48.893736,2.384116,Plein jour,En agglomération,Hors intersection,Normale,Deux véhicules - côté,4,1,1,0,1,1,1,0,1,30,,3,2,0,0,1,31.0,30.0,,,1,2,1,1,3
202100044046,2021-04-13 17:54:00,2021,4,13,17,54,75,75116,ALLEE DES FORTIFICATIONS,48.85271,2.259898,Plein jour,En agglomération,Hors intersection,Normale,Deux véhicules - arrière,4,2,2,0,1,1,1,0,1,50,,2,0,0,0,2,48.0,29.0,,,1,2,1,1,2
202100044047,2021-04-13 17:00:00,2021,4,13,17,0,75,75115,RUE DE LOURMEL,48.84717,2.289321,Plein jour,En agglomération,Intersection en T,Normale,Sans collision,4,1,1,0,1,1,1,0,1,50,,1,0,0,0,1,76.0,,,,1,2,3,1,7
202100044048,2021-04-14 19:15:00,2021,4,14,19,15,75,75110,BOULEVARD DE LA CHAPELLE,48.8842449494,2.3615509275,Crépuscule ou aube,En agglomération,Intersection à plus de 4 branches,Normale,Deux véhicules - côté,4,1,0,0,1,1,1,0,1,50,,2,1,0,0,1,37.0,31.0,,,2,2,5,1,3
202100044049,2021-04-14 14:25:00,2021,4,14,14,25,75,75110,BOULEVARD DE STRASBOURG,48.8747997902,2.3572348779,Plein jour,En agglomération,Intersection à plus de 4 branches,Normale,Deux véhicules - frontale,4,1,0,1,1,1,1,-1,5,50,,2,0,0,0,2,33.0,23.0,,,1,2,5,1,1
202100044050,2021-04-14 11:20:00,2021,4,14,11,20,75,75109,PLACE PIGALLE,48.882049,2.337525,Plein jour,En agglomération,Place,Normale,Autre collision,4,1,2,0,1,3,1,0,1,50,,2,1,0,0,1,24.0,,,,1,2,7,1,6
202100044051,2021-04-14 18:55:00,2021,4,14,18,55,75,75101,RUE DE L AMIRAL DE COLIGNY,48.86039,2.34058,Crépuscule ou aube,En agglomération,Intersection en T,Normale,Deux véhicules - arrière,4,2,4,0,1,1,1,0,1,50,,2,1,0,0,1,52.0,33.0,,,2,2,3,1,2
202100044052,2021-04-14 12:00:00,2021,4,14,12,0,75,75104,RUE SAINT ANTOINE,48.855067603,2.3616632115,Plein jour,En agglomération,Intersection en Y,Normale,Autre collision,4,2,4,1,1,1,1,-1,5,30,,1,0,0,0,1,30.0,,,,1,2,4,1,6
202100044053,2021-04-14 10:00:00,2021,4,14,10,0,75,75103,BOULEVARD DE SEBASTOPOL,48.866242,2.352533,Plein jour,En agglomération,Intersection en X,Normale,Deux véhicules - côté,4,1,4,3,1,1,1,-1,6,50,,2,1,0,0,1,31.0,44.0,,,1,2,2,1,3
202100044054,2021-04-12 19:30:00,2021,4,12,19,30,94,94068,Avenue Foch,48.799441,2.499045,Plein jour,En agglomération,Intersection en T,Normale,Deux véhicules - côté,3,2,2,0,1,1,1,9,1,30,,2,1,0,0,1,20.0,43.0,,,1,2,3,1,3
202100044055,2021-04-14 16:45:00,2021,4,14,16,45,94,94018,ARCADE (R DE L),48.82206,2.39979,Plein jour,En agglomération,Hors intersection,Normale,Deux véhicules - côté,3,1,1,0,2,1,1,0,1,30,,2,1,0,0,1,,,,,1,2,1,1,3
202100044056,2021-04-14 09:00:00,2021,4,14,9,0,93,93073,Rue du Chapitre,49.003399,2.536825,Plein jour,Hors agglomération,Hors intersection,Normale,Deux véhicules - côté,4,1,4,0,1,1,1,0,1,70,,3,1,0,0,2,24.0,24.0,,,1,1,1,1,3
202100044057,2021-04-14 17:10:00,2021,4,14,17,10,93,93066,WILSON (AVENUE DU PRESIDENT),48.9148411225,2.3581130983,Plein jour,En agglomération,Autre intersection,Normale,Deux véhicules - côté,3,-1,4,0,1,1,1,0,1,50,,3,2,0,0,1,22.0,24.0,,,1,2,9,1,3
202100044058,2021-04-11 18:10:00,2021,4,11,18,10,93,93066,MOULIN JEAN (AVE) NR 10 A 20 ET  13 A 17,48.9403429078,2.3634668189,Plein jour,En agglomération,Intersection en T,Normale,Autre collision,4,2,2,0,1,1,1,6,1,30,,2,1,0,0,1,26.0,,,,1,2,3,1,6