accident_id,datetime,annee,mois,jour,heure,minute,departement,commune_insee,adresse,latitude,longitude,luminosite,agglomeration,intersection,meteo,collision,catr,circ,nbv,vosp,prof,plan,surf,infra,situ,vma,nb_vehicules,nb_usagers,nb_indemnes,nb_tues,nb_blesses_hosp,nb_blesses_legers,age_cond_1,age_cond_2,veh_type_cond_1,veh_type_cond_2,lum_code,agg_code,int_code,atm_code,col_code
202100044059,2021-04-14 13:15:00,2021,4,14,13,15,93,93077,ROND POINT (AVENUE DU),48.88496,2.50013,Plein jour,En agglomération,Autre intersection,Normale,Deux véhicules - frontale,4,2,2,0,1,3,1,0,1,50,,2,1,0,1,0,54.0,20.0,,,1,2,9,1,1
202100044060,2021-04-13 07:53:00,2021,4,13,7,53,93,93051,PIERRE BROSSOLETTE,48.84811,2.54858,Plein jour,En agglomération,Hors intersection,Normale,Deux véhicules - arrière,4,1,1,0,1,1,1,6,4,30,,2,1,0,0,1,31.0,53.0,,,1,2,1,1,2
202100044061,2021-04-14 16:55:00,2021,4,14,16,55,93,93048,FRANCOIS ARAGO (RUE),48.8531508026,2.4278394185,Plein jour,En agglomération,Intersection en X,Normale,Deux véhicules - côté,4,-1,1,0,1,1,1,0,1,50,,4,1,0,3,0,31.0,17.0,,,1,2,2,1,3
202100044062,2021-04-14 07:00:00,2021,4,14,7,0,93,93001,PRESIDENT ROOSEVELT (AVENUE DU),48.91825,2.37888,Plein jour,En agglomération,Intersection en X,Normale,Autre collision,3,2,2,0,1,1,1,0,1,50,,2,1,0,0,1,49.0,,,,1,2,2,1,6
202100044063,2021-04-14 21:50:00,2021,4,14,21,50,92,92050,boulevard Aimé Césaire,48.8932023102,2.227383663,Nuit avec éclairage allumé,En agglomération,Hors intersection,Normale,Deux véhicules - arrière,4,2,2,0,1,1,1,9,1,25,,2,1,0,0,1,42.0,32.0,,,5,2,1,1,2
202100044064,2021-04-14 14:45:00,2021,4,14,14,45,92,92024,MADAME DE SANZILLON (RUE),48.90381,2.32024,Plein jour,En agglomération,Hors intersection,Normale,Autre collision,4,2,2,0,1,1,1,0,1,30,,2,1,0,0,1,52.0,,,,1,2,1,1,6
202100044065,2021-04-14 19:50:00,2021,4,14,19,50,92,92023,PETIT CLAMART (AVENUE DU),48.7771214744,2.2285093367,Plein jour,En agglomération,Intersection en T,Temps éblouissant,Deux véhicules - côté,3,2,-1,-1,1,1,1,0,1,-1,,3,1,0,0,2,59.0,70.0,,,1,2,3,7,3
202100044066,2021-04-14 19:15:00,2021,4,14,19,15,92,92012,QUATRE SEPTEMBRE (QUAI DU),48.8516701573,2.2264695168,Plein jour,En agglomération,Hors intersection,Normale,Deux véhicules - côté,3,2,4,1,1,1,1,0,5,50,,2,1,0,0,1,52.0,48.0,,,1,2,1,1,3
202100044067,2021-04-14 17:15:00,2021,4,14,17,15,60,60077,Rue de Lihus,49.575492,2.056096,Plein jour,Hors agglomération,Intersection en T,Normale,Deux véhicules - côté,4,2,2,0,2,1,1,0,1,80,,3,2,0,0,1,42.0,69.0,,,1,1,3,1,3
202100044068,2021-04-13 17:45:00,2021,4,13,17,45,976,97610,Majikavo Koropa,-12.746407,45.2267,Plein jour,Hors agglomération,Hors intersection,Normale,Deux véhicules - frontale,2,2,2,0,1,1,1,0,1,50,,3,2,0,1,0,40.0,36.0,,,1,1,1,1,1
202100044069,2021-04-15 12:10:00,2021,4,15,12,10,12,12242,Route de Toulongergues,44.402292,2.032213,Plein jour,Hors agglomération,Hors intersection,Normale,Deux véhicules - frontale,4,2,2,0,1,1,1,0,1,80,,4,3,0,1,0,33.0,42.0,,,1,1,1,1,1
202100044070,2021-04-15 15:45:00,2021,4,15,15,45,49,49257,intersection RD138 et route du Patis,47.654528,-0.217782,Plein jour,Hors agglomération,Intersection en T,Normale,Sans collision,3,2,2,0,1,2,1,0,8,80,,1,0,0,1,0,16.0,,,,1,1,3,1,7
202100044071,2021-04-15 17:00:00,2021,4,15,17,0,68,68044,D 415,48.161935,7.087641,Plein jour,Hors agglomération,Hors intersection,Normale,Autre collision,3,2,2,0,2,3,1,0,3,80,,2,0,1,1,0,40.0,,,,1,1,1,1,6
202100044072,2021-04-15 14:50:00,2021,4,15,14,50,68,68005,1 Rue des Camélias,48.128869,7.298092,Plein jour,En agglomération,Intersection en T,Normale,Deux véhicules - côté,4,2,2,0,1,1,1,0,1,50,,2,1,0,1,0,39.0,63.0,,,1,2,3,1,3
202100044073,2021-04-14 11:30:00,2021,4,14,11,30,11,11203,Rue de verdun,43.199748,2.756764,Plein jour,En agglomération,Intersection en T,Normale,Autre collision,4,1,1,0,1,1,1,0,1,50,,2,1,0,1,0,58.0,,,,1,2,3,1,6
202100044074,2021-04-14 18:30:00,2021,4,14,18,30,971,97109,Avenue du General de Gaulle,15.996929,-61.694208,Nuit avec éclairage allumé,En agglomération,Hors intersection,Normale,Trois véhicules et plus - collisions multiples,2,2,2,0,4,1,1,0,1,70,,3,2,0,1,0,20.0,21.0,,,5,2,1,1,5
202100044075,2021-04-15 10:25:00,2021,4,15,10,25,59,59478,Faubourg de Cassel,50.961469,2.433292,Plein jour,En agglomération,Hors intersection,Pluie légère,Autre collision,3,2,2,0,1,1,2,0,1,-1,,2,1,0,0,1,90.0,,,,1,2,1,2,6
202100044076,2021-04-15 17:30:00,2021,4,15,17,30,57,57431,D4,49.081231,6.365923,Plein jour,Hors agglomération,Hors intersection,Pluie légère,Deux véhicules - frontale,3,2,2,0,2,3,2,0,1,80,,5,0,1,2,2,34.0,70.0,,,1,1,1,2,1
202100044077,2021-04-15 08:44:00,2021,4,15,8,44,91,91553,Route de Saint Germain,48.626613,2.496118,Plein jour,En agglomération,Hors intersection,Normale,Trois véhicules et plus - en chaîne,4,3,2,0,2,3,1,0,1,50,,3,1,0,1,1,62.0,53.0,,,1,2,1,1,4
202100044078,2021-04-14 09:45:00,2021,4,14,9,45,79,79322,,46.615282,-0.322235,Plein jour,Hors agglomération,Intersection en X,Normale,Deux véhicules - côté,3,2,2,0,1,2,1,0,1,80,,2,0,0,1,1,32.0,47.0,,,1,1,2,1,3
202100044079,2021-04-14 15:50:00,2021,4,14,15,50,65,65341,D 202,43.301118,-0.017917,Plein jour,Hors agglomération,Hors intersection,Normale,Sans collision,3,2,2,0,1,3,9,0,3,80,,1,0,0,1,0,53.0,,,,1,1,1,1,7
202100044080,2021-04-14 20:20:00,2021,4,14,20,20,32,32419,Grillats,43.402506,0.456104,Crépuscule ou aube,Hors agglomération,Hors intersection,Temps éblouissant,Autre collision,4,2,2,0,1,1,1,0,3,50,,2,1,0,1,0,24.0,,,,2,1,1,7,6
202100044081,2021-04-14 07:30:00,2021,4,14,7,30,32,32288,RD4 - Route de Samatan,43.586229,0.869856,Plein jour,Hors agglomération,Hors intersection,Normale,Deux véhicules - côté,3,2,2,0,1,1,1,0,1,80,,2,0,0,1,1,49.0,54.0,,,1,1,1,1,3
202100044082,2021-04-14 11:45:00,2021,4,14,11,45,71,71261,Route départementale 933,46.591927,4.986546,Plein jour,Hors agglomération,Hors intersection,Normale,Sans collision,3,2,2,0,1,1,1,0,3,80,,1,0,0,0,1,59.0,,,,1,1,1,1,7
202100044083,2021-04-12 08:50:00,2021,4,12,8,50,22,22264,Croas Ar Roc'h - Pommerit jaudy,48.751587,-3.242705,Plein jour,Hors agglomération,Hors intersection,Normale,Deux véhicules - frontale,3,2,2,0,1,2,1,0,1,70,,2,1,0,1,0,46.0,43.0,,,1,1,1,1,1
202100044084,2021-04-15 15:32:00,2021,4,15,15,32,39,39491,,46.399085,5.790406,Plein jour,En agglomération,Intersection en X,Normale,Deux véhicules - côté,4,2,2,0,1,1,1,0,1,50,,2,1,1,0,0,26.0,16.0,,,1,2,2,1,3
202100044085,2021-04-15 12:00:00,2021,4,15,12,0,25,25120,17 rue derrière la ville,47.043531,6.159484,Plein jour,En agglomération,Hors intersection,Normale,Autre collision,4,2,2,0,1,1,1,0,1,-1,,2,1,0,1,0,39.0,,,,1,2,1,1,6
202100044086,2021-03-29 08:50:00,2021,3,29,8,50,29,29015,Petite Ile,48.4869946083,-4.500483268,Plein jour,Hors agglomération,Intersection en X,Normale,Deux véhicules - arrière,3,2,2,0,1,1,1,5,1,80,,2,1,0,0,1,49.0,60.0,,,1,1,2,1,2
202100044087,2021-04-14 19:25:00,2021,4,14,19,25,50,50320,la petite croute,48.85298,-1.383891,Plein jour,Hors agglomération,Hors intersection,Temps éblouissant,Deux véhicules - frontale,3,2,2,0,1,1,1,0,1,80,,2,0,0,2,0,32.0,34.0,,,1,1,1,7,1
202100044088,2021-04-14 21:10:00,2021,4,14,21,10,50,50639,3 La Foucaudiere,48.804765,-1.249038,Crépuscule ou aube,Hors agglomération,Hors intersection,Normale,Autre collision,3,2,2,0,1,4,1,0,3,80,,1,0,0,1,0,36.0,,,,2,1,1,1,6
202100044089,2021-04-15 01:30:00,2021,4,15,1,30,21,21006,1 Rue du Pont,47.7509463281,4.5813617073,Nuit sans éclairage public,En agglomération,Intersection en Y,Normale,Autre collision,3,2,2,0,1,2,1,5,1,50,,3,1,0,2,0,21.0,,,,3,2,4,1,6
202100044090,2021-04-14 10:11:00,2021,4,14,10,11,27,27062,route départementale 438 vers BRIONNE,49.278392,0.829838,Plein jour,Hors agglomération,Hors intersection,Normale,Trois véhicules et plus - collisions multiples,3,2,2,0,1,1,1,0,1,80,,4,3,1,0,0,38.0,52.0,,,1,1,1,1,5
202100044091,2021-04-15 19:27:00,2021,4,15,19,27,30,30340,D6086,44.001289,4.578702,Plein jour,Hors agglomération,Hors intersection,Normale,Trois véhicules et plus - collisions multiples,3,2,2,0,2,3,1,0,1,-1,,3,2,0,0,1,23.0,56.0,,,1,1,1,1,5
202100044092,2021-04-14 15:15:00,2021,4,14,15,15,48,48094,,44.292032,3.176379,Plein jour,Hors agglomération,Hors intersection,Normale,Sans collision,3,2,2,0,1,2,1,0,8,90,,1,0,0,0,1,32.0,,,,1,1,1,1,7
202100044093,2021-04-15 11:20:00,2021,4,15,11,20,69,69044,PARIS (DE) (RTE),45.7896091634,4.7440713644,Plein jour,En agglomération,Intersection en T,Normale,Deux véhicules - côté,7,3,4,0,1,1,1,0,1,50,,2,0,0,1,1,22.0,76.0,,,1,2,3,1,3
202100044094,2021-04-09 17:40:00,2021,4,9,17,40,21,21054,A6,47.005924,4.862866,Plein jour,Hors agglomération,Hors intersection,Normale,Autre collision,1,3,5,0,1,1,1,0,3,130,,4,0,0,2,2,53.0,60.0,,,1,1,1,1,6
202100044095,2021-04-15 11:00:00,2021,4,15,11,0,95,95690,RUE CALVIN,49.088556683,1.8126802576,Plein jour,Hors agglomération,Hors intersection,Normale,Deux véhicules - frontale,4,2,2,0,1,1,1,0,1,80,,3,2,0,1,0,74.0,63.0,,,1,1,1,1,1
202100044096,2021-04-15 11:30:00,2021,4,15,11,30,84,84132,D901,43.92479,4.976184,Plein jour,Hors agglomération,Hors intersection,Autre,Sans collision,3,2,2,0,1,1,1,0,1,80,,1,0,1,0,0,50.0,,,,1,1,1,9,7
202100044097,2021-04-12 08:00:00,2021,4,12,8,0,57,57206,28 Rue de Picardie,49.305804,6.105196,Plein jour,En agglomération,Intersection en T,Temps éblouissant,Autre collision,4,2,2,0,1,1,1,0,6,50,,2,1,0,0,1,31.0,,,,1,2,3,7,6
202100044098,2021-04-12 08:30:00,2021,4,12,8,30,01,01043,Chemin du Sermoraz,45.827667,4.997808,Plein jour,En agglomération,Giratoire,Normale,Autre collision,3,2,2,0,1,1,1,0,1,50,,2,1,0,0,1,24.0,52.0,,,1,2,6,1,6
202100044099,2021-04-15 18:26:00,2021,4,15,18,26,01,01313,D35,46.252316,6.064641,Plein jour,Hors agglomération,Hors intersection,Normale,Sans collision,3,2,2,0,1,1,1,0,3,70,,1,0,0,0,1,53.0,,,,1,1,1,1,7
202100044100,2021-04-13 11:20:00,2021,4,13,11,20,69,69040,CREUSE (DE) (CHM),45.801898,4.792437,Plein jour,En agglomération,Hors intersection,Normale,Deux véhicules - frontale,4,1,1,1,2,3,1,0,1,50,,2,1,0,0,1,48.0,,,,1,2,1,1,1
202100044101,2021-04-15 07:30:00,2021,4,15,7,30,16,16078,,45.712259,0.176665,Crépuscule ou aube,Hors agglomération,Hors intersection,Normale,Deux véhicules - arrière,2,3,4,-1,2,2,1,0,2,110,,2,1,1,0,0,50.0,59.0,,,2,1,1,1,2
202100044102,2021-04-14 16:17:00,2021,4,14,16,17,60,60079,Route nationale 2,49.181675,2.890091,Plein jour,Hors agglomération,Hors intersection,Normale,Deux véhicules - arrière,2,2,2,0,1,1,1,0,1,70,,2,1,0,0,1,34.0,39.0,,,1,1,1,1,2
202100044103,2021-04-15 08:55:00,2021,4,15,8,55,59,59011,Route de Don,50.539781,2.921033,Plein jour,Hors agglomération,Hors intersection,Normale,Deux véhicules - côté,7,2,2,0,1,1,1,0,1,80,,2,1,0,0,1,,19.0,,,1,1,1,1,3
202100044104,2021-04-14 08:40:00,2021,4,14,8,40,13,13117,A7-Sens Lyon vers Marseille,43.447002,5.241617,Plein jour,Hors agglomération,Hors intersection,Normale,Sans collision,1,1,1,0,2,4,1,0,1,50,,1,0,0,0,1,30.0,,,,1,1,1,1,7
202100044105,2021-04-14 11:00:00,2021,4,14,11,0,91,91689,AUTOROUTE A6A,48.74492,2.32292,Plein jour,Hors agglomération,Hors intersection,Normale,Deux véhicules - côté,1,1,3,0,2,1,1,0,1,110,,2,0,0,0,2,35.0,25.0,,,1,1,1,1,3
202100044106,2021-04-13 16:30:00,2021,4,13,16,30,92,92025,A86,48.9280993721,2.2383538616,Plein jour,Hors agglomération,Autre intersection,Normale,Deux véhicules - arrière,1,3,4,0,1,1,1,0,1,90,,3,2,0,0,1,20.0,45.0,,,1,1,9,1,2
202100044107,2021-04-14 18:00:00,2021,4,14,18,0,95,95491, A115,49.0098975066,2.2315088628,Plein jour,Hors agglomération,Hors intersection,Normale,Deux véhicules - arrière,1,3,4,0,1,1,1,0,1,90,,2,1,0,0,1,71.0,50.0,,,1,1,1,1,2
202100044108,2021-04-12 15:10:00,2021,4,12,15,10,988,98818,RUE HENRI SCHMIDT/ACCES STATION ESSENCE GEANT STE MARIE,-22.27625,166.45886,Plein jour,En agglomération,Intersection en T,Pluie légère,Deux véhicules - côté,4,2,2,0,1,1,2,5,1,50,,2,1,0,0,1,18.0,67.0,,,1,2,3,2,3
202100044109,2021-04-13 10:15:00,2021,4,13,10,15,974,97416,RN02,-21.3324097139,55.4804221838,Plein jour,Hors agglomération,Intersection en T,Normale,Deux véhicules - côté,2,2,2,0,1,1,1,0,1,80,,2,1,0,0,1,29.0,43.0,,,1,1,3,1,3
202100044110,2021-04-13 10:10:00,2021,4,13,10,10,974,97411,MOULIN (RUE JEAN),-20.91649,55.50614,Plein jour,Hors agglomération,Hors intersection,Normale,Deux véhicules - frontale,4,2,1,0,2,1,1,0,1,50,,2,1,0,0,1,46.0,29.0,,,1,1,1,1,1
202100044111,2021-04-12 08:40:00,2021,4,12,8,40,974,97411,LITTORAL (ROUTE 3 DU),-20.874576,55.426542,Plein jour,Hors agglomération,Hors intersection,Normale,Trois véhicules et plus - en chaîne,2,1,2,0,1,1,1,0,1,90,,3,1,0,0,2,35.0,54.0,,,1,1,1,1,4
202100044112,2021-04-11 12:55:00,2021,4,11,12,55,974,97411,Allée des Topazes,-20.89787,55.44393,Plein jour,En agglomération,Hors intersection,Normale,Sans collision,3,2,2,0,2,2,1,0,1,50,,1,0,0,1,0,36.0,,,,1,2,1,1,7
202100044113,2021-04-13 12:10:00,2021,4,13,12,10,974,97409,DU LYCEE(RUE),-20.96376,55.65275,Plein jour,En agglomération,Autre intersection,Normale,Deux véhicules - côté,4,2,2,0,1,1,1,0,1,50,,2,1,0,0,1,20.0,23.0,,,1,2,9,1,3
202100044114,2021-04-12 12:00:00,2021,4,12,12,0,973,97302,11 NOVEMBRE,4.93428,-52.32933,Plein jour,En agglomération,Hors intersection,Normale,Deux véhicules - côté,4,1,1,0,1,1,1,0,1,30,,3,2,0,0,1,51.0,51.0,,,1,2,1,1,3
202100044115,2021-04-12 23:35:00,2021,4,12,23,35,973,97309,TIGRE (ROUTE DU),4.9151865394,-52.3107743561,Plein jour,En agglomération,Intersection en T,Normale,Autre collision,3,2,1,0,1,1,1,0,1,50,,2,1,0,0,1,20.0,68.0,,,1,2,3,1,6
202100044116,2021-04-13 19:50:00,2021,4,13,19,50,972,97213,ROUTE DEPARTEMENTALE 3,14.6255,-60.9894,Nuit sans éclairage public,Hors agglomération,Hors intersection,Normale,Autre collision,3,2,0,0,1,1,1,0,1,50,,1,0,0,0,1,19.0,,,,3,1,1,1,6
202100044117,2021-04-13 20:00:00,2021,4,13,20,0,69,69389,SERGENT MICHEL BERTHET (DU) (R),45.7671,4.80541,Plein jour,En agglomération,Hors intersection,Normale,Autre collision,4,3,0,0,2,1,1,0,1,50,,3,2,0,0,1,23.0,30.0,,,1,2,1,1,6
202100044118,2021-04-13 15:15:00,2021,4,13,15,15,69,69382,JULES COURMONT (Q),45.76016,4.83794,Plein jour,En agglomération,Intersection en X,Normale,Deux véhicules - côté,4,3,8,1,1,1,1,0,1,50,,2,1,0,0,1,,29.0,,,1,2,2,1,3
202100044119,2021-04-13 14:00:00,2021,4,13,14,0,69,69389,SAINT-CY (DE) (R),45.7839,4.8082,Plein jour,En agglomération,Intersection en T,Normale,Deux véhicules - côté,4,2,2,0,1,1,1,8,1,50,,2,1,0,0,1,22.0,26.0,,,1,2,3,1,3
202100044120,2021-04-13 13:05:00,2021,4,13,13,5,971,97113,SECTION LABROUSSE,16.22276,-61.51293,Plein jour,Hors agglomération,Hors intersection,Normale,Deux véhicules - arrière,4,2,2,0,4,2,1,0,1,50,,2,1,0,0,1,37.0,72.0,,,1,1,1,1,2
202100044121,2021-04-12 11:57:00,2021,4,12,11,57,95,95197,SAINT-DENIS (ROUTE),48.9617236317,2.3249937594,Plein jour,En agglomération,Hors intersection,Normale,Autre collision,6,-1,-1,0,1,1,1,9,6,30,,2,1,0,0,1,28.0,,,,1,2,1,1,6
202100044122,2021-04-12 16:55:00,2021,4,12,16,55,95,95500,ALSACE (AVENUE D'),49.06066,2.09217,Plein jour,En agglomération,Hors intersection,Normale,Deux véhicules - côté,4,2,2,0,1,1,1,0,1,50,,2,1,0,1,0,49.0,27.0,,,1,2,1,1,3
202100044123,2021-04-13 15:30:00,2021,4,13,15,30,91,91477,GENERAL LECLERC (AVENUE DU),48.70373,2.2265,Plein jour,En agglomération,Hors intersection,Normale,Autre collision,3,2,2,0,1,1,1,0,1,50,,2,1,0,1,0,44.0,,,,1,2,1,1,6
202100044124,2021-04-13 09:30:00,2021,4,13,9,30,91,91161,RTE DE LONGJUMEAU,48.71224,2.29774,Plein jour,En agglomération,Autre intersection,Normale,Deux véhicules - côté,3,2,2,0,1,1,1,0,1,50,,2,1,0,1,0,49.0,41.0,,,1,2,9,1,3
202100044125,2021-04-13 18:03:00,2021,4,13,18,3,91,91589,AV DE LONGJUMEAU,48.68512,2.34928,Crépuscule ou aube,En agglomération,Intersection en T,Normale,Autre collision,3,-1,0,0,1,1,1,0,1,50,,2,1,0,0,1,31.0,,,,2,2,3,1,6
202100044126,2021-03-29 17:41:00,2021,3,29,17,41,84,84035,FOLLEREAU (AVENUE RAOUL),43.84039,5.04751,Plein jour,En agglomération,Hors intersection,Normale,Autre collision,4,2,2,0,1,1,1,5,1,50,,2,1,1,0,0,18.0,78.0,,,1,2,1,1,6
202100044127,2021-04-10 10:15:00,2021,4,10,10,15,79,79191,Boulevard Georges Pompidou,46.29728,-0.47294,Nuit sans éclairage public,En agglomération,Hors intersection,Normale,Autre collision,3,2,2,0,1,1,1,0,1,80,,1,0,1,0,0,23.0,,,,3,2,1,1,6
202100044128,2021-04-13 18:20:00,2021,4,13,18,20,78,78551,SAINT FIACRE (AVENUE),48.895662,2.072526,Plein jour,En agglomération,Intersection en X,Normale,Deux véhicules - côté,4,2,2,0,1,1,1,0,1,50,,2,1,0,0,1,35.0,49.0,,,1,2,2,1,3
202100044129,2021-04-09 15:42:00,2021,4,9,15,42,77,77215,RUE DE MAISON ROUGE,48.736422,2.732769,Plein jour,En agglomération,Passage à niveau,Normale,Autre collision,9,2,2,3,1,1,1,4,6,140,,2,1,1,0,0,34.0,,,,1,2,8,1,6
202100044130,2021-04-12 08:10:00,2021,4,12,8,10,72,72181,BARBIER (RUE),48.00427,0.19358,Plein jour,En agglomération,Intersection en X,Normale,Deux véhicules - côté,4,2,3,2,1,1,1,0,1,50,,2,1,0,0,1,51.0,51.0,,,1,2,2,1,3
202100044131,2021-04-13 19:00:00,2021,4,13,19,0,69,69256,8 MAI 1945 (DU)                     (AV),45.78737,4.91649,Plein jour,En agglomération,Intersection en T,Normale,Deux véhicules - côté,4,2,2,0,1,1,1,0,1,50,,3,1,0,2,0,34.0,23.0,,,1,2,3,1,3
202100044132,2021-03-25 17:55:00,2021,3,25,17,55,69,69290,TEMPS MODERNES (DES) (AV),45.70763,4.9189,Plein jour,En agglomération,Intersection en X,Normale,Deux véhicules - côté,4,2,2,0,1,1,1,0,1,50,,3,1,0,0,2,38.0,18.0,,,1,2,2,1,3
202100044133,2021-04-13 11:13:00,2021,4,13,11,13,68,68224,PFASTATT (RUE DE),47.7540400998,7.3141781305,Plein jour,En agglomération,Intersection en X,Normale,Deux véhicules - frontale,4,2,3,0,1,1,1,0,1,50,,3,0,0,0,3,72.0,55.0,,,1,2,2,1,1
202100044134,2021-04-09 07:35:00,2021,4,9,7,35,67,67482,CONSEIL DES QUINZE (RUE DU),48.590625,7.782041,Crépuscule ou aube,En agglomération,Intersection en T,Normale,Deux véhicules - arrière,4,2,4,1,1,1,1,0,1,50,,2,1,0,0,1,54.0,44.0,,,2,2,3,1,2
202100044135,2021-04-10 09:39:00,2021,4,10,9,39,66,66136,DALBIEZ (AVENUE VICTOR),42.67876,2.8813,Plein jour,En agglomération,Hors intersection,Normale,Deux véhicules - arrière,4,2,2,0,1,1,1,0,1,50,,2,1,0,0,1,45.0,53.0,,,1,2,1,1,2
202100044136,2021-04-12 12:35:00,2021,4,12,12,35,64,64102,PAULMY (AVENUE DES ALLEES),43.49193,-1.48096,Plein jour,En agglomération,Hors intersection,Normale,Sans collision,4,3,6,3,1,1,1,0,1,50,,1,0,0,0,1,17.0,,,,1,2,1,1,7
202100044137,2021-04-12 11:25:00,2021,4,12,11,25,64,64102,LABOURD (PONT DU),43.48601,-1.47501,Plein jour,En agglomération,Hors intersection,Normale,Deux véhicules - arrière,3,3,4,0,1,1,1,2,1,50,,2,1,0,0,1,51.0,58.0,,,1,2,1,1,2
202100044138,2021-02-03 14:00:00,2021,2,3,14,0,62,62563,DUNKERQUE (R DE),50.462518,2.710439,Plein jour,En agglomération,Hors intersection,Normale,Sans collision,4,2,2,0,1,1,1,0,1,50,,2,1,0,0,1,38.0,,,,1,2,1,1,7
202100044139,2021-04-13 18:15:00,2021,4,13,18,15,61,61497,GATEL (RUE),48.449667,0.097256,Plein jour,Hors agglomération,Giratoire,Normale,Sans collision,4,2,2,0,1,2,1,9,1,50,,1,0,0,1,0,41.0,,,,1,1,6,1,7
202100044140,2021-04-11 21:25:00,2021,4,11,21,25,59,59599,VICTOIRE (PLACE DE LA),50.71777,3.15923,Nuit avec éclairage allumé,En agglomération,Intersection en X,Normale,Trois véhicules et plus - collisions multiples,7,3,3,1,1,1,1,0,1,50,,4,1,0,0,3,30.0,26.0,,,5,2,2,1,5
202100044141,2021-04-09 20:15:00,2021,4,9,20,15,59,59527,LAMBERSART RUE DE,50.65764,3.04045,Crépuscule ou aube,En agglomération,Intersection en X,Normale,Deux véhicules - côté,7,2,2,1,1,1,1,0,1,50,,2,1,0,0,1,29.0,20.0,,,2,2,2,1,3
202100044142,2021-04-11 21:25:00,2021,4,11,21,25,56,56121,GUILLEMOT (RUE  ARMAND ),47.74714,-3.3923,Crépuscule ou aube,En agglomération,Hors intersection,Normale,Autre collision,4,2,2,0,1,1,1,0,3,30,,1,0,0,0,1,36.0,,,,2,2,1,1,6
202100044143,2021-04-12 18:43:00,2021,4,12,18,43,56,56121,BELGIQUE (RUE  DE ),47.75926,-3.37992,Plein jour,En agglomération,Hors intersection,Normale,Autre collision,4,2,2,0,1,1,1,0,1,30,,2,1,0,0,1,53.0,,,,1,2,1,1,6
202100044144,2021-04-12 20:06:00,2021,4,12,20,6,56,56121,SAINT-EXUPERY (RUE ANTOINE),47.7624224,-3.40299099,Crépuscule ou aube,En agglomération,Intersection en Y,Normale,Autre collision,4,2,2,0,1,1,1,0,3,50,,2,1,0,0,1,24.0,,,,2,2,4,1,6
202100044145,2021-04-10 13:15:00,2021,4,10,13,15,56,56121,Boulevard Flandres-Dunkerque 1940,47.74841,-3.39623,Plein jour,En agglomération,Giratoire,Pluie légère,Autre collision,4,2,2,0,1,1,2,5,1,30,,5,0,0,0,5,19.0,,,,1,2,6,2,6
202100044146,2021-04-09 06:40:00,2021,4,9,6,40,56,56121,Pénétrante de Lorient D465,47.74852,-3.38658,Nuit avec éclairage non allumé,En agglomération,Hors intersection,Normale,Autre collision,3,1,1,0,2,2,1,3,3,70,,1,0,0,0,1,27.0,,,,4,2,1,1,6
202100044147,2021-04-13 08:30:00,2021,4,13,8,30,50,50218,MARECHAL LECLERC (AV DU),48.8378,-1.58829,Plein jour,En agglomération,Hors intersection,Normale,Autre collision,3,2,2,2,4,1,1,0,1,50,,2,1,0,1,0,82.0,,,,1,2,1,1,6
202100044148,2021-04-12 15:20:00,2021,4,12,15,20,44,44184,GUTENBERG (RUE JEAN),47.28034,-2.22847,Plein jour,En agglomération,Intersection en X,Normale,Deux véhicules - côté,4,2,2,0,2,1,1,0,1,50,,3,2,0,0,1,51.0,31.0,,,1,2,2,1,3
202100044149,2021-04-12 16:06:00,2021,4,12,16,6,37,37122,VERDUN (RUE DE),47.3435043384,0.6637799442,Plein jour,En agglomération,Autre intersection,Normale,Autre collision,4,2,2,0,1,2,1,6,1,50,,3,1,0,0,2,12.0,25.0,,,1,2,9,1,6
202100044150,2021-04-13 08:50:00,2021,4,13,8,50,35,35278,DUCHESSE ANNE (RUE DE LA),48.15154,-1.68346,Plein jour,En agglomération,Intersection en X,Normale,Deux véhicules - arrière,4,2,2,0,2,1,1,0,1,50,,2,1,0,0,1,46.0,37.0,,,1,2,2,1,2
202100044151,2021-04-13 18:45:00,2021,4,13,18,45,18,18279,VAILLANT (AVENUE EDOUARD),47.23,2.06,Plein jour,En agglomération,Hors intersection,Normale,Deux véhicules - côté,4,2,2,0,4,1,1,0,1,50,,2,1,0,1,0,23.0,76.0,,,1,2,1,1,3
202100044152,2021-04-13 19:34:00,2021,4,13,19,34,17,17274,PINCHON   AVENUE LOUISE,46.16613,-1.11144,Plein jour,En agglomération,Giratoire,Normale,Deux véhicules - côté,3,2,2,0,1,1,1,0,1,30,,2,1,0,0,1,39.0,50.0,,,1,2,6,1,3
202100044153,2021-04-13 20:00:00,2021,4,13,20,0,13,13210,SCHLOESING (BOULEVARD),43.2767970813,5.3993208174,Crépuscule ou aube,En agglomération,Hors intersection,Normale,Trois véhicules et plus - collisions multiples,7,2,6,0,1,1,1,0,1,50,,4,2,0,0,2,,27.0,,,2,2,1,1,5
202100044154,2021-04-13 09:40:00,2021,4,13,9,40,13,13209,EMILE ZOLA (RUE),43.247,5.399,Plein jour,En agglomération,Hors intersection,Normale,Deux véhicules - côté,4,2,2,0,1,1,1,0,1,50,,2,1,0,0,1,38.0,52.0,,,1,2,1,1,3