accident_id,datetime,annee,mois,jour,heure,minute,departement,commune_insee,adresse,latitude,longitude,luminosite,agglomeration,intersection,meteo,collision,catr,circ,nbv,vosp,prof,plan,surf,infra,situ,vma,nb_vehicules,nb_usagers,nb_indemnes,nb_tues,nb_blesses_hosp,nb_blesses_legers,age_cond_1,age_cond_2,veh_type_cond_1,veh_type_cond_2,lum_code,agg_code,int_code,atm_code,col_code
202100044155,2021-04-13 10:50:00,2021,4,13,10,50,07,07231,RUE DE LA CITE,44.5953,4.37718,Plein jour,En agglomération,Hors intersection,Normale,Autre collision,4,2,2,0,1,1,1,8,1,30,,1,0,0,1,0,49.0,,,,1,2,1,1,6
202100044156,2021-04-13 09:00:00,2021,4,13,9,0,06,06069,ROUQUIER (BOULEVARD EMMANUEL),43.63323,6.939292,Plein jour,En agglomération,Hors intersection,Temps éblouissant,Deux véhicules - côté,4,2,2,0,1,1,1,0,4,50,,2,1,0,0,1,71.0,27.0,,,1,2,1,7,3
202100044157,2021-04-13 04:40:00,2021,4,13,4,40,01,01283,VERDUN (COURS DE DU 59-86 AU 151),46.2482612847,5.6410015659,Nuit avec éclairage allumé,En agglomération,Intersection à plus de 4 branches,Normale,Deux véhicules - côté,4,3,4,0,2,1,1,5,1,50,,3,1,0,1,1,28.0,28.0,,,5,2,5,1,3
202100044158,2021-04-12 07:30:00,2021,4,12,7,30,75,75120,PORTE DE BAGNOLET,48.85993,2.413982,Plein jour,En agglomération,Hors intersection,Normale,Deux véhicules - arrière,4,1,4,0,1,1,1,0,1,70,,2,1,0,0,1,45.0,51.0,,,1,2,1,1,2
202100044159,2021-04-13 12:40:00,2021,4,13,12,40,75,75105,BOULEVARD SAINT MICHEL,48.841752,2.337761,Plein jour,En agglomération,Intersection en X,Normale,Deux véhicules - côté,4,2,4,0,1,1,1,0,1,50,,2,1,0,0,1,48.0,32.0,,,1,2,2,1,3
202100044160,2021-04-13 08:40:00,2021,4,13,8,40,75,75120,RUE DE LA DUEE,48.871165,2.396543,Plein jour,En agglomération,Hors intersection,Normale,Autre collision,4,2,2,1,2,1,1,-1,5,50,,2,1,0,0,1,31.0,,,,1,2,1,1,6
202100044161,2021-04-13 20:35:00,2021,4,13,20,35,75,75119,BOULEVARD SERURIER,48.8845833662,2.394542098,Nuit avec éclairage allumé,En agglomération,Intersection en X,Normale,Deux véhicules - frontale,4,2,4,3,2,1,1,0,1,50,,2,1,0,0,1,32.0,,,,5,2,2,1,1
202100044162,2021-04-13 19:00:00,2021,4,13,19,0,75,75119,RUE REBEVAL,48.874127,2.382053,Plein jour,En agglomération,Hors intersection,Normale,Deux véhicules - côté,4,1,1,0,2,1,1,0,1,50,,2,1,0,0,1,28.0,31.0,,,1,2,1,1,3
202100044163,2021-04-13 12:45:00,2021,4,13,12,45,75,75118,RUE ORDENER,48.893019,2.340809,Plein jour,En agglomération,Intersection en T,Normale,Sans collision,4,2,2,0,1,1,1,0,1,50,,1,0,0,0,1,32.0,,,,1,2,3,1,7
202100044164,2021-04-13 15:20:00,2021,4,13,15,20,75,75117,BOULEVARD MALESHERBES,48.888859,2.304263,Plein jour,En agglomération,Intersection en T,Normale,Deux véhicules - côté,4,2,4,3,1,1,1,-1,6,50,,2,1,0,0,1,34.0,61.0,,,1,2,3,1,3
202100044165,2021-04-13 14:33:00,2021,4,13,14,33,75,75114,AVENUE JEAN MOULIN,48.824933,2.320151,Plein jour,En agglomération,Hors intersection,Normale,Deux véhicules - côté,4,1,1,0,1,1,1,0,1,50,,2,1,0,0,1,28.0,19.0,,,1,2,1,1,3
202100044166,2021-04-13 16:00:00,2021,4,13,16,0,75,75113,RUE DES LONGUES RAIES,48.821208,2.350485,Plein jour,En agglomération,Intersection en Y,Normale,Deux véhicules - arrière,4,1,1,0,1,1,1,0,1,50,,3,2,0,0,1,38.0,38.0,,,1,2,4,1,2
202100044167,2021-04-13 17:00:00,2021,4,13,17,0,75,75112,ROUTES DES BARRIERS,48.81834,2.44949,Plein jour,En agglomération,Hors intersection,Normale,Sans collision,4,2,1,3,2,1,1,-1,5,30,,1,0,0,0,1,56.0,,,,1,2,1,1,7
202100044168,2021-04-13 10:50:00,2021,4,13,10,50,75,75111,RUE SAINT MAUR,48.869725,2.373668,Plein jour,En agglomération,Hors intersection,Normale,Autre collision,4,1,1,0,1,1,1,0,1,50,,2,0,0,0,2,36.0,,,,1,2,1,1,6
202100044169,2021-04-13 09:20:00,2021,4,13,9,20,75,75110,AVENUE CLAUDE VELLEFAUX,48.875224,2.370318,Plein jour,En agglomération,Intersection en X,Normale,Deux véhicules - côté,4,2,0,0,2,1,1,0,1,50,,2,0,0,0,2,45.0,24.0,,,1,2,2,1,3
202100044170,2021-04-13 16:35:00,2021,4,13,16,35,75,75107,AVENUE DUQUESNE,48.850717,2.311648,Plein jour,En agglomération,Intersection en X,Normale,Deux véhicules - côté,4,2,4,1,1,1,1,0,1,50,,2,1,0,0,1,36.0,28.0,,,1,2,2,1,3
202100044171,2021-04-13 13:50:00,2021,4,13,13,50,75,75101,BOULEVARD DE SEBASTOPOL,48.863399,2.350949,Plein jour,En agglomération,Intersection en X,Normale,Deux véhicules - côté,4,2,4,1,1,1,1,-1,5,50,,2,1,0,0,1,61.0,42.0,,,1,2,2,1,3
202100044172,2021-04-12 14:30:00,2021,4,12,14,30,94,94011,Avenue Jean Rostand,48.7668,2.4847,Plein jour,En agglomération,Hors intersection,Normale,Deux véhicules - arrière,3,1,4,0,1,1,1,0,1,50,,2,1,0,0,1,44.0,34.0,,,1,2,1,1,2
202100044173,2021-04-12 07:45:00,2021,4,12,7,45,94,94077,Avenue Paul Doumer,48.738557,2.423684,Plein jour,En agglomération,Hors intersection,Normale,Deux véhicules - arrière,4,2,2,0,1,1,1,0,1,30,,2,0,0,1,1,55.0,33.0,,,1,2,1,1,2
202100044174,2021-04-13 12:40:00,2021,4,13,12,40,94,94018,Rue de l’Entrepot,48.8243464181,2.3995041847,Plein jour,En agglomération,Hors intersection,Normale,Deux véhicules - arrière,4,1,1,0,1,1,1,0,1,30,,2,1,0,0,1,47.0,28.0,,,1,2,1,1,2
202100044175,2021-04-12 23:15:00,2021,4,12,23,15,93,93073,SEPTIEME (AVENUE),48.9628727515,2.5665791423,Nuit avec éclairage allumé,En agglomération,Intersection à plus de 4 branches,Normale,Deux véhicules - côté,4,2,2,0,1,1,1,9,1,50,,2,1,0,1,0,24.0,21.0,,,5,2,5,1,3
202100044176,2021-04-13 17:26:00,2021,4,13,17,26,93,93066,Boulevard Carnot / Rue Gabriel Péri,48.938525,2.356337,Plein jour,En agglomération,Intersection en X,Normale,Autre collision,4,3,4,3,1,1,1,0,4,50,,2,1,0,0,1,,,,,1,2,2,1,6
202100044177,2021-04-10 13:00:00,2021,4,10,13,0,93,93079,ROGER SALENGRO,48.9617065777,2.345174394,Plein jour,En agglomération,Intersection en T,Normale,Deux véhicules - côté,4,2,2,0,1,1,1,0,1,50,,2,1,0,0,1,27.0,27.0,,,1,2,3,1,3
202100044178,2021-04-13 12:25:00,2021,4,13,12,25,93,93010,GALLIENI (AV.) DE 132 A 186,48.9062280967,2.4836552045,Plein jour,En agglomération,Hors intersection,Normale,Autre collision,3,3,3,0,1,1,1,0,1,50,,2,1,0,0,1,30.0,,,,1,2,1,1,6
202100044179,2021-04-13 12:35:00,2021,4,13,12,35,92,92064,MARCEL DASSAULT,48.8576445916,2.2235512733,Plein jour,En agglomération,Hors intersection,Normale,Deux véhicules - arrière,3,2,2,0,1,1,1,0,1,50,,2,1,0,0,1,36.0,33.0,,,1,2,1,1,2
202100044180,2021-04-12 22:51:00,2021,4,12,22,51,92,92050,HUIT MAI 1945 RUE DU,48.890659435,2.2017797828,Nuit avec éclairage allumé,En agglomération,Intersection en T,Autre,Deux véhicules - côté,4,1,1,0,2,1,2,9,1,30,,4,3,1,0,0,22.0,24.0,,,5,2,3,9,3
202100044181,2021-04-13 14:15:00,2021,4,13,14,15,92,92049,MARNE AVENUE DE LA,48.8175101807,2.3080408573,Plein jour,En agglomération,Intersection à plus de 4 branches,Normale,Deux véhicules - côté,3,2,0,1,1,1,1,0,1,50,,2,1,0,0,1,32.0,30.0,,,1,2,5,1,3
202100044182,2021-04-13 12:14:00,2021,4,13,12,14,92,92049,JAURES PLACE JEAN,48.81614,2.31143,Plein jour,En agglomération,Intersection en X,Normale,Deux véhicules - côté,4,-1,1,0,1,1,1,5,1,50,,2,1,0,0,1,30.0,24.0,,,1,2,2,1,3
202100044183,2021-04-13 19:30:00,2021,4,13,19,30,92,92044,PIERRE BROSSOLETTE(RUE),48.8961992678,2.2942650318,Crépuscule ou aube,En agglomération,Hors intersection,Normale,Deux véhicules - côté,4,1,1,0,1,1,1,0,1,50,,3,2,0,0,1,38.0,40.0,,,2,2,1,1,3
202100044184,2021-04-13 14:20:00,2021,4,13,14,20,92,92026,CIRCULAIRE (BOULEVARD),48.8896486035,2.2501990199,Plein jour,En agglomération,Intersection en T,Normale,Deux véhicules - côté,3,2,2,1,1,1,1,0,1,50,,2,1,0,0,1,45.0,38.0,,,1,2,3,1,3
202100044185,2021-04-13 12:40:00,2021,4,13,12,40,92,92026,LEONARD DE VINCI,48.8969231626,2.2374545038,Plein jour,En agglomération,Hors intersection,Normale,Autre collision,4,2,2,0,1,1,1,0,1,50,,2,1,0,1,0,46.0,,,,1,2,1,1,6
202100044186,2021-04-13 14:00:00,2021,4,13,14,0,92,92025,BOURNARD (RUE DU),48.9230844966,2.2540450577,Plein jour,En agglomération,Intersection en T,Normale,Deux véhicules - côté,3,2,4,3,1,1,1,0,1,50,,2,1,0,0,1,24.0,15.0,,,1,2,3,1,3
202100044187,2021-04-13 08:32:00,2021,4,13,8,32,92,92023,JEAN JAURES (AVENUE) N°57 A 259 ET 64 A,48.8095432851,2.2690243961,Plein jour,En agglomération,Hors intersection,Normale,Autre collision,4,1,1,1,1,1,1,0,1,30,,2,1,0,0,1,23.0,,,,1,2,1,1,6
202100044188,2021-04-13 14:30:00,2021,4,13,14,30,16,16083,Lieu-Dit les Inchauds,45.940328,0.113519,Plein jour,Hors agglomération,Hors intersection,Normale,Sans collision,4,2,2,0,1,2,1,0,1,80,,1,0,0,0,1,40.0,,,,1,1,1,1,7
202100044189,2021-03-26 07:20:00,2021,3,26,7,20,974,97422,Rue Georges Pompidou,-21.253126,55.520376,Crépuscule ou aube,En agglomération,Intersection en T,Normale,Autre collision,2,2,2,0,2,1,1,0,1,50,,2,1,0,1,0,58.0,,,,2,2,3,1,6
202100044190,2021-04-14 12:10:00,2021,4,14,12,10,30,30334,D979,43.991838,4.412266,Plein jour,Hors agglomération,Intersection en T,Normale,Deux véhicules - côté,3,2,2,0,1,1,1,0,1,80,,2,1,0,1,0,46.0,35.0,,,1,1,3,1,3
202100044191,2021-04-11 13:00:00,2021,4,11,13,0,35,35024,D29,48.162604,-1.663324,Plein jour,Hors agglomération,Hors intersection,Neige / grêle,Deux véhicules - frontale,7,2,2,0,1,1,5,0,1,80,,4,1,0,1,2,52.0,67.0,,,1,1,1,4,1
202100044192,2021-04-14 17:30:00,2021,4,14,17,30,2B,2B286,"U Macchione, Querciolo",42.485802,9.484307,Plein jour,En agglomération,Hors intersection,Normale,Deux véhicules - frontale,4,2,2,0,1,1,1,0,1,50,,2,1,0,0,1,50.0,,,,1,2,1,1,1
202100044193,2021-04-14 11:30:00,2021,4,14,11,30,80,80010,9 Rue Sadi Carnot,49.756281,2.362552,Plein jour,En agglomération,Hors intersection,Normale,Deux véhicules - frontale,3,2,2,0,1,1,1,0,1,30,,3,2,1,0,0,68.0,42.0,,,1,2,1,1,1
202100044194,2021-04-13 18:45:00,2021,4,13,18,45,49,49176,La Grande Alnaie (Le Lion-d'Angers),47.6120974034,-0.7774776654,Plein jour,Hors agglomération,Intersection en Y,Normale,Deux véhicules - arrière,3,2,2,0,1,1,1,0,1,90,,2,1,0,1,0,19.0,60.0,,,1,1,4,1,2
202100044195,2021-04-14 18:50:00,2021,4,14,18,50,41,41209,Rd 111,47.843997,1.111548,Plein jour,En agglomération,Autre intersection,Normale,Autre collision,3,2,2,0,1,1,1,2,3,50,,1,0,1,0,0,54.0,,,,1,2,9,1,6
202100044196,2021-04-14 08:00:00,2021,4,14,8,0,34,34096,D909,43.580935,3.159213,Crépuscule ou aube,Hors agglomération,Hors intersection,Temps éblouissant,Deux véhicules - frontale,3,2,2,0,1,1,1,0,1,90,,2,0,1,0,1,69.0,59.0,,,2,1,1,7,1
202100044197,2021-04-13 17:40:00,2021,4,13,17,40,02,02361,Rue de l'Europe,49.905947,3.644822,Plein jour,En agglomération,Hors intersection,Normale,Sans collision,4,2,2,0,1,1,1,0,1,50,,1,0,0,1,0,40.0,,,,1,2,1,1,7
202100044198,2021-04-14 18:45:00,2021,4,14,18,45,01,01179,270 Route de Macon,46.259593,4.850925,Plein jour,En agglomération,Hors intersection,Normale,Deux véhicules - frontale,4,2,2,0,1,2,1,0,1,50,,2,0,0,0,2,33.0,48.0,,,1,2,1,1,1
202100044199,2021-04-13 08:30:00,2021,4,13,8,30,60,60686,D92,49.206991,2.397215,Plein jour,Hors agglomération,Hors intersection,Temps éblouissant,Deux véhicules - frontale,3,2,2,0,1,3,1,0,1,90,,2,0,0,0,2,55.0,45.0,,,1,1,1,7,1
202100044200,2021-04-13 15:00:00,2021,4,13,15,0,07,07290,D578,44.953638,4.510317,Plein jour,Hors agglomération,Hors intersection,Normale,Autre collision,3,-1,2,0,1,1,1,0,3,80,,1,0,0,1,0,25.0,,,,1,1,1,1,6
202100044201,2021-04-14 10:40:00,2021,4,14,10,40,24,24547,Avenue Pierre Brossolette,45.132842,1.296681,Plein jour,En agglomération,Hors intersection,Normale,Deux véhicules - frontale,4,2,2,0,4,3,1,2,1,50,,2,0,1,0,1,61.0,77.0,,,1,2,1,1,1
202100044202,2021-04-14 14:15:00,2021,4,14,14,15,04,04172,RD 952,43.839946,6.15759,Plein jour,Hors agglomération,Hors intersection,Normale,Sans collision,3,2,2,0,1,3,1,0,3,80,,1,0,0,1,0,40.0,,,,1,1,1,1,7
202100044203,2021-04-13 18:25:00,2021,4,13,18,25,28,28171,D20,48.713302,1.311455,Plein jour,Hors agglomération,Intersection en X,Normale,Deux véhicules - côté,3,2,2,0,1,1,1,5,1,80,,2,1,1,0,0,30.0,70.0,,,1,1,2,1,3
202100044204,2021-04-15 00:15:00,2021,4,15,0,15,988,98805,ROUTE DE LA NONDOUE,-22.14637,166.450746,Nuit sans éclairage public,Hors agglomération,Hors intersection,Normale,Sans collision,4,2,2,0,1,1,2,0,1,50,,2,0,1,1,0,28.0,,,,3,1,1,1,7
202100044205,2021-04-14 16:55:00,2021,4,14,16,55,72,72230,D323,47.856625,0.102313,Plein jour,Hors agglomération,Hors intersection,Normale,Autre collision,3,2,3,0,2,1,1,0,1,90,,2,1,1,0,0,46.0,46.0,,,1,1,1,1,6
202100044206,2021-04-14 06:45:00,2021,4,14,6,45,38,38357,A 43 Pk055.900,45.564304,5.519428,Crépuscule ou aube,Hors agglomération,Hors intersection,Normale,Deux véhicules - arrière,1,3,4,0,2,2,1,0,1,130,,2,1,0,0,1,39.0,21.0,,,2,1,1,1,2
202100044207,2021-04-14 00:15:00,2021,4,14,0,15,45,45094,A6-PK 092+100,48.15097,2.900562,Nuit sans éclairage public,Hors agglomération,Hors intersection,Normale,Trois véhicules et plus - en chaîne,1,3,4,0,1,2,1,0,1,130,,7,4,3,0,0,26.0,28.0,,,3,1,1,1,4
202100044208,2021-04-13 06:30:00,2021,4,13,6,30,972,97228,Route Nationale 1 Derriere Morne,14.764645,-60.981096,Crépuscule ou aube,Hors agglomération,Hors intersection,Pluie légère,Trois véhicules et plus - collisions multiples,2,2,3,0,2,1,2,0,1,70,,3,0,1,0,2,23.0,29.0,,,2,1,1,2,5
202100044209,2021-04-13 12:40:00,2021,4,13,12,40,78,78683,Impasse Charles de Meneau,48.813187,1.881816,Plein jour,En agglomération,Intersection en T,Normale,Deux véhicules - frontale,4,2,2,0,2,1,1,0,1,50,,2,1,0,0,1,32.0,41.0,,,1,2,3,1,1
202100044210,2021-04-13 17:15:00,2021,4,13,17,15,78,78668,N13,49.02172,1.499634,Plein jour,Hors agglomération,Intersection en T,Normale,Deux véhicules - côté,1,3,-1,-1,1,1,1,3,1,-1,,2,1,0,1,0,54.0,30.0,,,1,1,3,1,3
202100044211,2021-04-14 07:45:00,2021,4,14,7,45,13,13018,Route de Cavaillon,43.845353,4.970284,Plein jour,Hors agglomération,Intersection en T,Normale,Deux véhicules - côté,3,2,2,0,1,1,1,0,1,80,,2,1,0,1,0,45.0,56.0,,,1,1,3,1,3
202100044212,2021-03-27 16:30:00,2021,3,27,16,30,67,67263,Route de Bitche,49.004367,7.790133,Plein jour,En agglomération,Intersection en T,Normale,Autre collision,3,2,2,0,2,1,1,0,1,50,,3,2,0,1,0,41.0,20.0,,,1,2,3,1,6
202100044213,2021-03-27 19:00:00,2021,3,27,19,0,88,88321,route de Rebeuville,48.347269,5.701489,Crépuscule ou aube,En agglomération,Hors intersection,Normale,Deux véhicules - frontale,3,2,2,0,2,3,1,0,1,50,,2,1,0,1,0,54.0,45.0,,,2,2,1,1,1
202100044214,2021-04-14 17:30:00,2021,4,14,17,30,38,38451,rue de l'église,45.753778,5.21926,Plein jour,En agglomération,Autre intersection,Normale,Autre collision,4,2,2,0,1,1,1,2,1,50,,2,1,0,1,0,37.0,,,,1,2,9,1,6
202100044215,2021-04-13 16:25:00,2021,4,13,16,25,76,76164,Place du Général de Gaulle,49.52478,0.72937,Plein jour,En agglomération,Hors intersection,Normale,Autre collision,3,-1,-1,0,1,1,1,0,1,-1,,2,1,0,1,0,33.0,,,,1,2,1,1,6
202100044216,2021-04-14 11:25:00,2021,4,14,11,25,60,60446,Route RN 2,49.134329,2.798252,Plein jour,Hors agglomération,Hors intersection,Normale,Sans collision,2,3,4,0,1,2,1,0,3,110,,1,0,0,0,1,35.0,,,,1,1,1,1,7
202100044217,2021-04-14 12:41:00,2021,4,14,12,41,80,80432,A29,49.855915,2.760572,Plein jour,Hors agglomération,Hors intersection,Normale,Sans collision,1,3,4,0,1,1,1,0,3,130,,2,1,1,0,0,65.0,,,,1,1,1,1,7
202100044218,2021-04-13 08:00:00,2021,4,13,8,0,13,13071,A7-Sens Lyon vers Marseille,43.4052007831,5.3192818165,Plein jour,Hors agglomération,Hors intersection,Normale,Deux véhicules - arrière,1,1,3,0,1,1,1,0,1,110,,4,2,0,0,2,32.0,29.0,,,1,1,1,1,2
202100044219,2021-04-13 18:07:00,2021,4,13,18,7,33,33013,ROUTE NATIONALE 89,44.868645,-0.502807,Plein jour,Hors agglomération,Hors intersection,Normale,Deux véhicules - arrière,2,3,4,0,1,1,1,0,1,50,,2,1,0,0,1,39.0,28.0,,,1,1,1,1,2
202100044220,2021-04-13 17:45:00,2021,4,13,17,45,33,33550,ROCADE A 630,44.783685,-0.58831,Plein jour,Hors agglomération,Hors intersection,Normale,Deux véhicules - arrière,1,1,1,0,4,1,1,3,1,50,,2,1,0,0,1,38.0,46.0,,,1,1,1,1,2
202100044221,2021-04-13 08:30:00,2021,4,13,8,30,91,91689,AUTOROUTE A6B,48.7412,2.32121,Plein jour,Hors agglomération,Hors intersection,Normale,Deux véhicules - côté,1,3,3,0,1,1,1,0,1,90,,3,2,0,0,1,40.0,33.0,,,1,1,1,1,3
202100044222,2021-04-13 20:45:00,2021,4,13,20,45,78,78322,RN12,48.786923,2.150478,Nuit sans éclairage public,Hors agglomération,Hors intersection,Normale,Autre collision,2,3,6,0,1,2,1,0,1,90,,1,0,0,0,1,34.0,,,,3,1,1,1,6
202100044223,2021-04-13 18:35:00,2021,4,13,18,35,95,95277,A3,48.9764466565,2.4923088714,Plein jour,Hors agglomération,Hors intersection,Normale,Deux véhicules - arrière,1,3,4,0,1,1,1,0,1,90,,2,0,0,0,2,25.0,28.0,,,1,1,1,1,2
202100044224,2021-04-13 13:15:00,2021,4,13,13,15,93,93005,AUTOROUTE A3,48.94748,2.47606,Plein jour,Hors agglomération,Hors intersection,Normale,Deux véhicules - côté,1,3,9,0,1,1,1,0,1,90,,2,1,0,0,1,54.0,,,,1,1,1,1,3
202100044225,2021-04-13 09:00:00,2021,4,13,9,0,95,95018,A15,48.9607272736,2.2698121101,Plein jour,Hors agglomération,Hors intersection,Normale,Deux véhicules - arrière,1,3,12,0,1,1,1,0,1,110,,2,0,0,0,2,30.0,35.0,,,1,1,1,1,2
202100044226,2021-04-12 12:50:00,2021,4,12,12,50,93,93078,AUTOROUTE A104,48.97062,2.50103,Plein jour,Hors agglomération,Hors intersection,Normale,Trois véhicules et plus - collisions multiples,1,3,8,0,1,1,1,0,1,110,,7,4,0,1,2,42.0,50.0,,,1,1,1,1,5
202100044227,2021-04-12 09:40:00,2021,4,12,9,40,93,93010,AUTOROUTE A3,48.89363,2.47242,Plein jour,Hors agglomération,Hors intersection,Normale,Deux véhicules - arrière,1,3,10,0,1,1,1,0,1,70,,3,2,0,0,1,22.0,70.0,,,1,1,1,1,2
202100044228,2021-04-13 18:00:00,2021,4,13,18,0,77,77373,RN104,48.7729003029,2.6118755203,Plein jour,Hors agglomération,Hors intersection,Normale,Sans collision,2,3,3,0,1,3,1,0,1,90,,1,0,0,1,0,42.0,,,,1,1,1,1,7
202100044229,2021-04-13 16:00:00,2021,4,13,16,0,93,93051,A4,48.8357177633,2.565234624,Plein jour,Hors agglomération,Hors intersection,Normale,Trois véhicules et plus - collisions multiples,1,1,4,0,1,1,1,0,1,110,,4,2,0,0,2,55.0,42.0,,,1,1,1,1,5
202100044230,2021-04-13 09:45:00,2021,4,13,9,45,77,77294,A104,48.97048,2.57141,Plein jour,Hors agglomération,Hors intersection,Normale,Deux véhicules - arrière,1,3,8,0,1,1,1,0,1,90,,2,1,0,0,1,32.0,63.0,,,1,1,1,1,2
202100044231,2021-04-13 09:00:00,2021,4,13,9,0,77,77294,A104,48.9615236513,2.6170491103,Plein jour,Hors agglomération,Hors intersection,Normale,Autre collision,1,-1,2,0,1,1,1,0,1,90,,3,2,0,0,1,34.0,43.0,,,1,1,1,1,6
202100044232,2021-04-12 07:50:00,2021,4,12,7,50,94,94081,A86 INT,48.7741495852,2.4071918252,Crépuscule ou aube,Hors agglomération,Hors intersection,Normale,Deux véhicules - côté,1,3,4,0,1,1,1,0,1,90,,2,1,0,0,1,38.0,55.0,,,2,1,1,1,3
202100044233,2021-01-27 03:45:00,2021,1,27,3,45,59,59599,PAPIN (CHAUSSEE DENIS),50.7293040215,3.1380934376,Nuit avec éclairage allumé,En agglomération,Hors intersection,Neige / grêle,Deux véhicules - arrière,7,3,2,0,1,1,5,0,1,50,,2,1,0,0,1,39.0,61.0,,,5,2,1,4,2
202100044234,2021-04-12 20:20:00,2021,4,12,20,20,976,97611,kaweni-Kaweni nord ( Z I ),-12.75852,45.23098,Nuit sans éclairage public,Hors agglomération,Hors intersection,Normale,Deux véhicules - côté,2,2,0,0,2,3,1,0,1,50,,2,1,0,0,1,16.0,37.0,,,3,1,1,1,3
202100044235,2021-02-17 12:34:00,2021,2,17,12,34,976,97611,kaweni-Poste ( rue de la ),-12.77226,45.2222,Plein jour,En agglomération,Hors intersection,Normale,Autre collision,4,2,0,0,1,1,1,0,1,50,,2,1,0,0,1,45.0,,,,1,2,1,1,6
202100044236,2021-02-16 18:00:00,2021,2,16,18,0,976,97611,m'tsapere-Pont (ruelle du ),-12.78935,45.22061,Crépuscule ou aube,En agglomération,Hors intersection,Normale,Autre collision,4,2,0,0,1,1,1,0,1,50,,2,1,0,0,1,45.0,,,,2,2,1,1,6
202100044237,2021-04-12 14:10:00,2021,4,12,14,10,974,97416,DELISLES (ROUTE HUBERT) CD3,-21.3162382198,55.5464749525,Plein jour,Hors agglomération,Hors intersection,Pluie légère,Sans collision,3,2,2,0,2,1,2,0,1,70,,1,0,0,0,1,17.0,,,,1,1,1,2,7
202100044238,2021-04-12 18:55:00,2021,4,12,18,55,69,69386,STALINGRAD (BD),45.7706796187,4.8585864157,Plein jour,En agglomération,Hors intersection,Normale,Deux véhicules - arrière,4,1,4,1,1,1,1,0,1,50,,4,3,0,0,1,22.0,30.0,,,1,2,1,1,2
202100044239,2021-04-12 16:00:00,2021,4,12,16,0,69,69386,DOCTEUR MOUISSET (R),45.771303,4.842401,Plein jour,En agglomération,Autre intersection,Normale,Autre collision,4,1,1,1,1,1,1,0,1,50,,2,0,0,0,2,14.0,,,,1,2,9,1,6
202100044240,2021-04-12 16:50:00,2021,4,12,16,50,972,97213,AUTOROUTE A1,14.5982716861,-60.9989976885,Plein jour,Hors agglomération,Hors intersection,Pluie légère,Autre collision,1,1,1,0,1,3,2,0,1,70,,1,0,0,0,1,27.0,,,,1,1,1,2,6
202100044241,2021-04-11 18:10:00,2021,4,11,18,10,972,97213,ROUTE NATIONALE 1,14.6227452776,-60.9897422793,Crépuscule ou aube,Hors agglomération,Hors intersection,Normale,Deux véhicules - arrière,2,2,3,0,1,1,1,0,1,90,,2,1,0,0,1,27.0,24.0,,,2,1,1,1,2
202100044242,2021-04-12 18:40:00,2021,4,12,18,40,69,69389,PLATEAU (DU) (AV),45.7852051549,4.7949099541,Plein jour,En agglomération,Hors intersection,Normale,Deux véhicules - arrière,4,2,2,0,1,1,1,0,1,50,,2,1,0,0,1,,20.0,,,1,2,1,1,2
202100044243,2021-04-12 17:40:00,2021,4,12,17,40,971,97101,BOULEVARD DES HEROS,16.2438,-61.53041,Crépuscule ou aube,En agglomération,Autre intersection,Normale,Autre collision,3,1,2,0,1,1,1,0,1,50,,2,0,0,0,2,61.0,,,,2,2,9,1,6
202100044244,2021-04-12 07:20:00,2021,4,12,7,20,95,95019,COUTURIER PAUL VAILLANT (AVENUE),48.9825830396,2.4211794217,Crépuscule ou aube,En agglomération,Autre intersection,Temps couvert,Autre collision,4,3,2,0,1,3,1,0,1,50,,1,0,0,0,1,46.0,,,,2,2,9,8,6
202100044245,2021-04-12 15:20:00,2021,4,12,15,20,91,91064,Léon MIGNOTTE (rue),48.7564,2.21189,Plein jour,En agglomération,Hors intersection,Normale,Deux véhicules - côté,3,2,2,0,2,1,1,0,1,50,,2,1,0,0,1,55.0,26.0,,,1,2,1,1,3
202100044246,2021-04-12 10:40:00,2021,4,12,10,40,86,86194,Avenue de la Libération,46.56434,0.31755,Plein jour,En agglomération,Hors intersection,Normale,Deux véhicules - côté,4,2,3,0,1,1,1,0,1,50,,2,1,0,1,0,18.0,45.0,,,1,2,1,1,3
202100044247,2021-04-12 17:45:00,2021,4,12,17,45,83,83069,GODILLOT  ( AVENUE ALEXIS ),43.1137,6.1236,Plein jour,En agglomération,Autre intersection,Normale,Deux véhicules - frontale,7,2,1,0,2,1,1,0,1,50,,2,1,0,0,1,62.0,13.0,,,1,2,9,1,1
202100044248,2021-04-06 15:30:00,2021,4,6,15,30,80,80021,SAINT PIERRE (CHAUSSEE),49.90262,2.30282,Plein jour,En agglomération,Hors intersection,Normale,Autre collision,4,2,3,0,3,1,1,0,1,50,,2,1,0,0,1,30.0,,,,1,2,1,1,6
202100044249,2021-04-12 14:30:00,2021,4,12,14,30,76,76540,RONDEAUX. AVENUE JEAN,49.43876,1.07974,Plein jour,En agglomération,Intersection en X,Normale,Deux véhicules - côté,3,2,4,3,1,1,1,-1,1,50,,3,0,0,1,2,69.0,24.0,,,1,2,2,1,3
202100044250,2021-04-04 11:10:00,2021,4,4,11,10,67,67482,LAZARET (RUE DU),48.56405713,7.7554724726,Plein jour,En agglomération,Hors intersection,Pluie légère,Autre collision,4,1,3,0,1,3,2,0,1,50,,3,2,0,0,1,18.0,18.0,,,1,2,1,2,6