accident_id,datetime,annee,mois,jour,heure,minute,departement,commune_insee,adresse,latitude,longitude,luminosite,agglomeration,intersection,meteo,collision,catr,circ,nbv,vosp,prof,plan,surf,infra,situ,vma,nb_vehicules,nb_usagers,nb_indemnes,nb_tues,nb_blesses_hosp,nb_blesses_legers,age_cond_1,age_cond_2,veh_type_cond_1,veh_type_cond_2,lum_code,agg_code,int_code,atm_code,col_code
202100044251,2021-04-09 15:13:00,2021,4,9,15,13,66,66136,ESCARGUEL (COURS LAZARE),42.69998,2.88653,Plein jour,En agglomération,Hors intersection,Normale,Deux véhicules - côté,4,3,4,0,1,1,1,0,1,50,,2,1,0,1,0,31.0,28.0,,,1,2,1,1,3
202100044252,2021-04-12 16:55:00,2021,4,12,16,55,64,64445,MARCA,43.2959120135,-0.3765300676,Plein jour,En agglomération,Giratoire,Normale,Deux véhicules - côté,4,1,1,0,2,1,1,0,1,30,,2,1,0,0,1,40.0,46.0,,,1,2,6,1,3
202100044253,2021-04-12 06:19:00,2021,4,12,6,19,63,63113,FONTGIEVE (RUE),45.78219,3.07299,Crépuscule ou aube,En agglomération,Intersection en X,Normale,Deux véhicules - côté,7,1,2,0,1,1,1,0,1,50,,2,1,0,0,1,62.0,24.0,,,2,2,2,1,3
202100044254,2021-04-10 16:39:00,2021,4,10,16,39,63,63113,SAINT JEAN (BD),45.7858,3.11945,Plein jour,En agglomération,Hors intersection,Normale,Trois véhicules et plus - en chaîne,7,3,4,0,1,1,1,0,1,50,,3,2,0,0,1,20.0,46.0,,,1,2,1,1,4
202100044255,2021-02-18 10:30:00,2021,2,18,10,30,63,63113,GROLIERE (RUE DE LA),45.79252,3.10626,Plein jour,En agglomération,Hors intersection,Normale,Autre collision,4,2,2,0,1,1,1,0,1,50,,1,0,0,0,1,29.0,,,,1,2,1,1,6
202100044256,2021-02-19 07:21:00,2021,2,19,7,21,63,63113,VERLAINE (RUE),45.81168,3.11537,Nuit sans éclairage public,En agglomération,Intersection en X,Pluie légère,Deux véhicules - côté,4,2,2,0,1,1,2,5,1,50,,2,1,0,0,1,34.0,22.0,,,3,2,2,2,3
202100044257,2021-02-21 20:00:00,2021,2,21,20,0,63,63113,LAGARLAYE (RUE DE),45.77371,3.08231,Nuit avec éclairage allumé,En agglomération,Intersection en X,Normale,Deux véhicules - côté,4,1,2,0,2,1,1,0,1,50,,2,1,0,0,1,24.0,26.0,,,5,2,2,1,3
202100044258,2021-02-20 10:38:00,2021,2,20,10,38,63,63308,FRANCE (AVENUE ANATOLE),45.76451,3.05693,Plein jour,En agglomération,Hors intersection,Normale,Trois véhicules et plus - en chaîne,7,2,2,0,1,1,1,0,1,50,,3,2,0,0,1,31.0,22.0,,,1,2,1,1,4
202100044259,2021-02-19 15:36:00,2021,2,19,15,36,63,63113,LAFAYETTE (BD),45.76727,3.10632,Plein jour,En agglomération,Hors intersection,Normale,Deux véhicules - côté,4,2,4,0,1,1,1,0,1,50,,2,1,0,0,1,29.0,32.0,,,1,2,1,1,3
202100044260,2021-02-19 12:20:00,2021,2,19,12,20,63,63113,LAFAYETTE (BD),45.76704,3.10669,Plein jour,En agglomération,Hors intersection,Normale,Autre collision,4,2,3,0,1,1,1,0,1,50,,2,1,0,0,1,52.0,39.0,,,1,2,1,1,6
202100044261,2021-04-12 13:45:00,2021,4,12,13,45,61,61001,NICOLAS APPERT (RUE ),48.449272,0.094381,Plein jour,En agglomération,Intersection en Y,Normale,Deux véhicules - arrière,4,2,2,0,1,3,1,0,1,50,,2,1,0,0,1,42.0,62.0,,,1,2,4,1,2
202100044262,2021-04-12 09:55:00,2021,4,12,9,55,61,61001,TISONS (RUE DES),48.41822,0.097701,Plein jour,En agglomération,Giratoire,Normale,Sans collision,3,2,2,0,1,2,1,0,1,50,,1,0,0,0,1,17.0,,,,1,2,6,1,7
202100044263,2021-04-12 09:45:00,2021,4,12,9,45,61,61001,PLENITRE (PLACE DU),48.42966,0.09074,Plein jour,En agglomération,Intersection en Y,Normale,Deux véhicules - frontale,4,2,2,0,1,1,1,5,1,30,,2,1,0,0,1,65.0,21.0,,,1,2,4,1,1
202100044264,2021-04-12 21:25:00,2021,4,12,21,25,59,59350,GUERIN CAMILLE RUE,50.6274,3.07449,Nuit avec éclairage allumé,En agglomération,Intersection en T,Temps couvert,Autre collision,4,1,1,1,1,4,1,9,1,50,,2,1,0,0,1,32.0,,,,5,2,3,8,6
202100044265,2021-04-11 17:05:00,2021,4,11,17,5,59,59350,ROTONDE AVENUE DE LA,50.6418061142,3.0043738751,Plein jour,Hors agglomération,Hors intersection,Normale,Autre collision,6,-1,0,0,1,1,1,0,1,50,,1,0,0,1,0,22.0,,,,1,1,1,1,6
202100044266,2021-04-12 05:40:00,2021,4,12,5,40,59,59648,CLEMENCEAU RUE,50.5995,3.0532,Nuit avec éclairage allumé,En agglomération,Intersection en X,Normale,Deux véhicules - côté,7,2,2,0,1,1,1,5,1,50,,2,1,0,0,1,41.0,41.0,,,5,2,2,1,3
202100044267,2021-04-12 16:40:00,2021,4,12,16,40,54,54304,THEURIET (RUE ANDRE),48.6947121108,6.1379329115,Plein jour,En agglomération,Giratoire,Normale,Deux véhicules - côté,4,4,3,0,2,1,1,5,1,50,,2,1,0,1,0,30.0,27.0,,,1,2,6,1,3
202100044268,2021-04-12 18:11:00,2021,4,12,18,11,51,51454,Boulevard Dieu Lumière,49.2395534234,4.0384291489,Plein jour,En agglomération,Intersection en T,Normale,Deux véhicules - arrière,4,2,3,0,2,3,1,0,1,50,,2,1,0,0,1,61.0,56.0,,,1,2,3,1,2
202100044269,2021-04-11 11:30:00,2021,4,11,11,30,51,51454,Rue du Général Carré,49.25551,4.06063,Plein jour,En agglomération,Intersection en T,Pluie légère,Deux véhicules - frontale,4,2,4,2,1,1,2,0,1,50,,5,3,0,0,2,22.0,,,,1,2,3,2,1
202100044270,2021-04-12 18:03:00,2021,4,12,18,3,49,49007,SAUMUROISE IMPASSE ET RUE,47.4561616499,-0.5306938107,Plein jour,En agglomération,Hors intersection,Normale,Deux véhicules - côté,4,-1,2,0,1,1,1,0,1,50,,2,1,0,0,1,15.0,22.0,,,1,2,1,1,3
202100044271,2021-04-12 13:01:00,2021,4,12,13,1,45,45147,Rue André Dessaux,47.92096,1.90231,Plein jour,En agglomération,Intersection en X,Normale,Deux véhicules - côté,4,2,3,0,1,1,1,0,1,50,,2,1,0,0,1,47.0,46.0,,,1,2,2,1,3
202100044272,2021-04-12 08:35:00,2021,4,12,8,35,45,45302,RN 60,47.94525,1.89622,Plein jour,En agglomération,Hors intersection,Normale,Deux véhicules - arrière,7,2,4,0,1,1,1,0,1,70,,2,0,0,0,2,49.0,19.0,,,1,2,1,1,2
202100044273,2021-04-12 20:00:00,2021,4,12,20,0,45,45338,D 2060-PR 30 + 1200,47.98563,2.70048,Plein jour,Hors agglomération,Hors intersection,Normale,Autre collision,3,3,4,0,1,1,1,0,2,110,,1,0,0,1,0,57.0,,,,1,1,1,1,6
202100044274,2021-04-08 22:15:00,2021,4,8,22,15,44,44184,MERMOZ (BOULEVARD JEAN),47.27704,-2.22759,Nuit avec éclairage allumé,En agglomération,Intersection en X,Normale,Deux véhicules - côté,4,2,2,0,1,1,1,0,1,50,,2,0,0,0,2,19.0,48.0,,,5,2,2,1,3
202100044275,2021-04-12 09:30:00,2021,4,12,9,30,37,37261,BERANGER (BOULEVARD),47.3897823697,0.6865104485,Plein jour,En agglomération,Intersection en X,Normale,Deux véhicules - arrière,4,1,3,1,1,1,1,0,1,50,,2,1,0,0,1,41.0,60.0,,,1,2,2,1,2
202100044276,2021-04-12 07:55:00,2021,4,12,7,55,35,35238,OBERTHUR (FRANCOIS-CHARLES),48.11192,-1.66241,Plein jour,En agglomération,Hors intersection,Normale,Autre collision,4,1,1,0,1,1,1,0,4,30,,1,0,1,0,0,71.0,,,,1,2,1,1,6
202100044277,2021-04-12 17:47:00,2021,4,12,17,47,33,33063,Cours Georges Clémenceau,44.84297,-0.57918,Plein jour,En agglomération,Hors intersection,Normale,Deux véhicules - côté,4,2,4,3,1,1,1,0,6,50,,2,1,0,1,0,53.0,23.0,,,1,2,1,1,3
202100044278,2021-04-12 14:45:00,2021,4,12,14,45,33,33063,Cours de la Marne,44.82983,-0.56804,Plein jour,En agglomération,Intersection en T,Normale,Deux véhicules - côté,4,2,3,3,2,1,1,0,1,50,,2,1,0,0,1,67.0,27.0,,,1,2,3,1,3
202100044279,2021-04-12 21:30:00,2021,4,12,21,30,27,27701,BLANCHE (CH. DE LA VOIE) NATION A FALAIS,49.26915,1.20814,Nuit avec éclairage allumé,En agglomération,Hors intersection,Pluie légère,Deux véhicules - frontale,3,-1,2,0,1,1,2,0,1,50,,2,1,0,1,0,29.0,39.0,,,5,2,1,2,1
202100044280,2021-04-12 11:13:00,2021,4,12,11,13,17,17300,TRUDAINE   RUE,46.16848,-1.1985,Plein jour,En agglomération,Hors intersection,Normale,Autre collision,4,1,1,0,1,1,1,0,1,30,,2,1,0,1,0,38.0,,,,1,2,1,1,6
202100044281,2021-04-09 16:15:00,2021,4,9,16,15,16,16102,Bd Denfert Rochereau,45.69801,-0.32773,Plein jour,En agglomération,Intersection en T,Normale,Deux véhicules - côté,4,2,2,0,2,2,1,0,1,50,,2,1,0,0,1,18.0,74.0,,,1,2,3,1,3
202100044282,2021-04-12 15:30:00,2021,4,12,15,30,13,13216,LITTORAL (CHEMIN DU),43.3488337334,5.3428328588,Plein jour,En agglomération,Intersection en Y,Vent fort / tempête,Trois véhicules et plus - en chaîne,1,3,4,0,1,1,1,3,1,90,,4,2,0,0,2,18.0,18.0,,,1,2,4,6,4
202100044283,2021-04-12 16:00:00,2021,4,12,16,0,13,13210,ROMAIN ROLLAND (BOULEVARD),43.27354,5.41343,Plein jour,En agglomération,Hors intersection,Normale,Autre collision,6,-1,0,0,1,1,1,9,1,30,,2,1,0,1,0,37.0,,,,1,2,1,1,6
202100044284,2021-04-12 14:40:00,2021,4,12,14,40,13,13063,CALAMEAU CHEMIN DE,43.58394,4.99271,Plein jour,En agglomération,Hors intersection,Normale,Deux véhicules - arrière,4,2,2,0,1,1,1,0,1,50,,2,1,0,0,1,63.0,58.0,,,1,2,1,1,2
202100044285,2021-04-11 21:10:00,2021,4,11,21,10,13,13005,GOUMS (AVENUE DES),43.2899,5.55982,Nuit avec éclairage allumé,En agglomération,Intersection en T,Pluie légère,Deux véhicules - frontale,7,2,1,0,1,3,2,0,1,50,,2,1,0,1,0,36.0,44.0,,,5,2,3,2,1
202100044286,2021-04-08 20:40:00,2021,4,8,20,40,11,11262,PECLET (RUE),43.18746,3.01579,Nuit avec éclairage allumé,En agglomération,Intersection en X,Normale,Trois véhicules et plus - collisions multiples,3,2,2,0,1,1,1,9,1,50,,3,2,0,0,1,23.0,29.0,,,5,2,2,1,5
202100044287,2021-04-07 10:35:00,2021,4,7,10,35,11,11262,VERDOUBLE (RUE DU),43.18261,2.97617,Plein jour,En agglomération,Intersection en X,Normale,Deux véhicules - côté,4,2,2,0,1,1,1,9,1,50,,2,1,0,1,0,34.0,41.0,,,1,2,2,1,3
202100044288,2021-04-12 06:30:00,2021,4,12,6,30,06,06088,DELVALLE (RUE PROF.),43.71974,7.28363,Crépuscule ou aube,En agglomération,Hors intersection,Pluie légère,Autre collision,4,-1,1,0,2,1,2,0,1,50,,2,1,0,1,0,34.0,,,,2,2,1,2,6
202100044289,2021-04-09 18:45:00,2021,4,9,18,45,05,05061,FAURE DU  SERRE ( RUE ),44.5614,6.08158,Plein jour,En agglomération,Hors intersection,Normale,Deux véhicules - arrière,3,1,2,0,1,1,1,0,1,50,,2,1,0,0,1,16.0,45.0,,,1,2,1,1,2
202100044290,2021-04-09 13:06:00,2021,4,9,13,6,05,05061,PIERRE ET MARIE CURIE ( BD),44.56167,6.08403,Plein jour,En agglomération,Autre intersection,Normale,Autre collision,4,-1,3,0,2,1,1,0,1,50,,2,1,0,0,1,13.0,71.0,,,1,2,9,1,6
202100044291,2021-04-09 14:25:00,2021,4,9,14,25,75,75120,AVENUE DE LA PORTE DE VINCENNES,48.852713,2.414464,Plein jour,En agglomération,Hors intersection,Normale,Trois véhicules et plus - en chaîne,4,1,4,0,1,1,1,0,1,70,,3,1,0,1,1,29.0,48.0,,,1,2,1,1,4
202100044292,2021-04-11 13:30:00,2021,4,11,13,30,75,75105,AVENUE DES GOBELINS,48.838462,2.350706,Plein jour,En agglomération,Intersection à plus de 4 branches,Temps couvert,Deux véhicules - arrière,4,3,2,0,1,1,1,5,1,50,,2,1,0,0,1,40.0,59.0,,,1,2,5,8,2
202100044293,2021-04-12 18:35:00,2021,4,12,18,35,75,75120,RUE DES PYRENEES,48.865074363,2.3983442728,Plein jour,En agglomération,Place,Temps couvert,Deux véhicules - côté,4,2,2,0,2,1,1,0,1,50,,2,1,0,0,1,,58.0,,,1,2,7,8,3
202100044294,2021-04-12 08:50:00,2021,4,12,8,50,75,75119,RUE DE CRIMEE,48.888552,2.379224,Plein jour,En agglomération,Intersection en T,Normale,Deux véhicules - côté,4,1,1,0,1,1,1,0,1,50,,2,1,0,0,1,33.0,33.0,,,1,2,3,1,3
202100044295,2021-04-12 08:20:00,2021,4,12,8,20,75,75119,AVENUE JEAN JAURES,48.886847,2.385744,Plein jour,En agglomération,Hors intersection,Normale,Deux véhicules - côté,4,2,2,0,1,1,1,2,1,50,,2,1,0,0,1,18.0,48.0,,,1,2,1,1,3
202100044296,2021-04-12 10:50:00,2021,4,12,10,50,75,75117,BOULEVARD PEREIRE,48.886956,2.303036,Plein jour,En agglomération,Hors intersection,Normale,Deux véhicules - côté,4,1,1,0,1,1,1,0,1,30,,2,1,0,0,1,72.0,20.0,,,1,2,1,1,3
202100044297,2021-04-12 18:30:00,2021,4,12,18,30,75,75116,AVENUE DE L HIPPODROME,48.857841,2.250278,Plein jour,En agglomération,Intersection en X,Normale,Deux véhicules - côté,4,2,1,0,1,3,1,0,1,50,,2,0,0,0,2,17.0,32.0,,,1,2,2,1,3
202100044298,2021-04-12 12:30:00,2021,4,12,12,30,75,75115,RUE LOUIS ARMAND,48.832072,2.280652,Plein jour,En agglomération,Intersection en X,Normale,Deux véhicules - arrière,4,2,2,0,1,1,1,0,1,50,,2,1,0,0,1,40.0,67.0,,,1,2,2,1,2
202100044299,2021-04-12 18:30:00,2021,4,12,18,30,75,75111,RUE DE LA ROQUETTE,48.855999,2.375685,Plein jour,En agglomération,Hors intersection,Normale,Autre collision,4,1,0,0,1,1,1,0,1,50,,2,1,0,0,1,32.0,,,,1,2,1,1,6
202100044300,2021-04-12 11:20:00,2021,4,12,11,20,75,75111,BOULEVARD DE MENILMONTANT,48.864026,2.385995,Plein jour,En agglomération,Intersection en X,Normale,Deux véhicules - côté,4,1,2,1,1,1,1,-1,5,50,,3,2,0,0,1,41.0,45.0,,,1,2,2,1,3
202100044301,2021-04-12 09:39:00,2021,4,12,9,39,75,75110,RUE LA FAYETTE,48.87933,2.357099,Plein jour,En agglomération,Intersection en X,Normale,Deux véhicules - côté,4,2,2,0,1,1,1,0,1,50,,2,1,0,0,1,63.0,55.0,,,1,2,2,1,3
202100044302,2021-04-12 16:20:00,2021,4,12,16,20,75,75108,AVENUE DES CHAMPS ELYSEES,48.871083,2.303524,Plein jour,En agglomération,Intersection en T,Temps couvert,Autre collision,4,2,6,0,2,1,1,0,4,50,,2,1,0,0,1,18.0,,,,1,2,3,8,6
202100044303,2021-04-12 10:45:00,2021,4,12,10,45,75,75104,BOULEVARD HENRI IV,48.851206,2.362686,Plein jour,En agglomération,Intersection en T,Normale,Autre collision,4,2,3,0,1,1,1,0,1,50,,2,1,0,0,1,29.0,,,,1,2,3,1,6
202100044304,2021-04-10 21:35:00,2021,4,10,21,35,75,75102,RUE ETIENNE MARCEL,48.864423,2.346705,Nuit avec éclairage allumé,En agglomération,Intersection en X,Pluie forte,Deux véhicules - arrière,4,2,3,0,1,1,2,0,1,50,,2,1,0,0,1,41.0,27.0,,,5,2,2,3,2
202100044305,2021-04-12 11:59:00,2021,4,12,11,59,94,94028,RAMON.(RUE DU DOCTEUR),48.77367,2.46732,Plein jour,En agglomération,Hors intersection,Normale,Autre collision,4,1,1,0,2,3,1,0,1,50,,2,1,0,1,0,41.0,,,,1,2,1,1,6
202100044306,2021-04-11 15:30:00,2021,4,11,15,30,93,93073,PAIX (AVENUE DE LA),48.95229,2.56665,Plein jour,En agglomération,Hors intersection,Temps couvert,Autre collision,4,2,2,1,1,1,1,0,1,50,,2,1,0,0,1,19.0,,,,1,2,1,8,6
202100044307,2021-04-12 14:00:00,2021,4,12,14,0,93,93066,STADE DE FRANCE (AVENUE DU),48.92098,2.36151,Plein jour,En agglomération,Intersection en X,Normale,Deux véhicules - côté,4,2,4,0,1,1,1,0,1,50,,2,1,0,0,1,28.0,26.0,,,1,2,2,1,3
202100044308,2021-04-12 17:55:00,2021,4,12,17,55,93,93077,ROSNY (AVENUE DE),48.88452,2.50733,Plein jour,En agglomération,Hors intersection,Normale,Autre collision,3,2,4,0,1,1,1,0,1,50,,2,1,0,0,1,37.0,,,,1,2,1,1,6
202100044309,2021-04-12 18:45:00,2021,4,12,18,45,93,93053,STAINS (ROUTE DE),48.9046272403,2.4702135266,Plein jour,En agglomération,Hors intersection,Normale,Trois véhicules et plus - collisions multiples,3,1,4,0,2,1,1,2,1,50,,3,2,0,0,1,40.0,32.0,,,1,2,1,1,5
202100044310,2021-04-12 10:50:00,2021,4,12,10,50,93,93053,STAINS (ROUTE DE),48.9048454686,2.4701106548,Plein jour,En agglomération,Hors intersection,Normale,Autre collision,3,3,7,0,2,1,1,0,1,50,,2,1,0,0,1,,,,,1,2,1,1,6
202100044311,2021-04-12 18:40:00,2021,4,12,18,40,93,93048,GAMBETTA (RUE),48.8533465283,2.429968345,Crépuscule ou aube,En agglomération,Hors intersection,Normale,Autre collision,4,-1,1,1,1,1,1,0,1,50,,2,1,0,1,0,24.0,,,,2,2,1,1,6
202100044312,2021-04-12 17:15:00,2021,4,12,17,15,93,93048,CHANZY S3 (BOULEVARD),48.8585698151,2.4303220021,Plein jour,En agglomération,Hors intersection,Normale,Deux véhicules - côté,3,2,2,0,1,1,1,0,1,30,,2,1,0,0,1,32.0,29.0,,,1,2,1,1,3
202100044313,2021-04-12 18:45:00,2021,4,12,18,45,93,93001,WALDECK ROCHET (RUE),48.9105511567,2.3675039609,Plein jour,En agglomération,Hors intersection,Normale,Autre collision,4,2,2,0,1,1,1,0,1,50,,2,1,0,1,0,27.0,,,,1,2,1,1,6
202100044314,2021-04-12 11:45:00,2021,4,12,11,45,93,93001,DANIELLE CASANOVA (RUE)  59 =>,48.91733,2.39568,Plein jour,En agglomération,Hors intersection,Normale,Autre collision,3,2,2,0,1,1,1,0,1,50,,2,1,0,0,1,23.0,,,,1,2,1,1,6
202100044315,2021-04-12 09:45:00,2021,4,12,9,45,92,92073,LANDES (AVENUE DES),48.8692492243,2.215770185,Plein jour,En agglomération,Hors intersection,Normale,Autre collision,4,1,1,0,2,1,1,9,1,50,,2,1,0,0,1,64.0,,,,1,2,1,1,6
202100044316,2021-04-11 23:13:00,2021,4,11,23,13,92,92051,"CHARLES DE GAULLE (AVENUE,N°118 A 192 +",48.88189,2.26872,Nuit avec éclairage allumé,En agglomération,Hors intersection,Normale,Deux véhicules - côté,2,1,7,0,1,1,2,5,1,50,,2,1,0,0,1,21.0,44.0,,,5,2,1,1,3
202100044317,2021-04-12 16:36:00,2021,4,12,16,36,92,92049,BRIAND AVENUE ARISTIDE AUTRES N°,48.817473092,2.3254537582,Plein jour,En agglomération,Intersection en X,Normale,Autre collision,3,3,4,1,1,1,1,5,1,50,,2,1,1,0,0,58.0,,,,1,2,2,1,6
202100044318,2021-03-27 14:10:00,2021,3,27,14,10,92,92004,MENIL,48.9220386521,2.2826108336,Plein jour,En agglomération,Hors intersection,Normale,Deux véhicules - côté,4,1,2,0,1,1,1,0,1,50,,2,1,0,0,1,22.0,14.0,,,1,2,1,1,3
202100044319,2021-04-02 21:15:00,2021,4,2,21,15,92,92004,REDOUTE ( AVENUE DE LA  ),48.9268352181,2.2733277615,Nuit avec éclairage allumé,En agglomération,Intersection en X,Normale,Deux véhicules - côté,3,3,3,0,1,1,1,5,1,50,,2,1,0,0,1,38.0,38.0,,,5,2,2,1,3
202100044320,2021-04-12 18:10:00,2021,4,12,18,10,37,37074,3 rue des reaux,47.2476339248,0.1610974968,Plein jour,En agglomération,Intersection en T,Normale,Deux véhicules - arrière,3,2,2,0,2,1,1,0,1,50,,2,1,0,1,0,73.0,13.0,,,1,2,3,1,2
202100044321,2021-04-13 07:45:00,2021,4,13,7,45,33,33352,Chemin de Ronde,44.583094,-0.033678,Plein jour,En agglomération,Intersection en X,Temps éblouissant,Deux véhicules - côté,3,3,2,0,1,1,1,5,1,50,,2,1,0,1,0,86.0,26.0,,,1,2,2,7,3
202100044322,2021-04-13 14:20:00,2021,4,13,14,20,56,56003,Rue de l'Ile d'Arz,47.63325,-2.817548,Plein jour,En agglomération,Intersection en X,Normale,Deux véhicules - côté,4,2,2,0,1,1,1,0,1,50,,2,1,0,1,0,85.0,16.0,,,1,2,2,1,3
202100044323,2021-04-13 15:30:00,2021,4,13,15,30,55,55504,chemin rural de Longeville à Tannois,48.726692,5.22608,Plein jour,Hors agglomération,Hors intersection,Normale,Sans collision,9,-1,2,0,2,1,6,0,8,50,,2,1,0,0,1,15.0,,,,1,1,1,1,7
202100044324,2021-04-12 17:00:00,2021,4,12,17,0,22,22366,Lan drévrez,48.609214,-3.622645,Plein jour,Hors agglomération,Hors intersection,Temps éblouissant,Deux véhicules - côté,4,2,2,0,1,1,1,0,1,80,,3,1,0,2,0,20.0,15.0,,,1,1,1,7,3
202100044325,2021-04-12 18:55:00,2021,4,12,18,55,25,25258,D67,47.220144,5.915934,Plein jour,Hors agglomération,Hors intersection,Normale,Trois véhicules et plus - collisions multiples,3,2,2,0,2,1,1,2,1,80,,5,2,0,1,2,55.0,43.0,,,1,1,1,1,5
202100044326,2021-04-13 11:30:00,2021,4,13,11,30,31,31341,Intersection D65 - chemin de Téoulets,43.731065,1.291966,Plein jour,En agglomération,Intersection en X,Normale,Deux véhicules - côté,3,2,2,0,1,2,1,0,1,80,,2,0,0,1,1,61.0,34.0,,,1,2,2,1,3
202100044327,2021-04-13 08:20:00,2021,4,13,8,20,84,84089,Route de la Bastidonne,43.69855,5.553846,Plein jour,Hors agglomération,Hors intersection,Normale,Autre collision,7,2,2,0,1,1,1,0,3,80,,1,0,1,0,0,53.0,,,,1,1,1,1,6
202100044328,2021-04-12 10:30:00,2021,4,12,10,30,14,14191,D79,49.3223279825,-0.4558146,Plein jour,En agglomération,Giratoire,Normale,Deux véhicules - arrière,3,1,1,0,1,3,1,0,1,50,,1,0,1,0,0,61.0,,,,1,2,6,1,2
202100044329,2021-04-12 17:40:00,2021,4,12,17,40,50,50082,Rue de Bricqueville,49.46909,-1.63427,Plein jour,En agglomération,Hors intersection,Normale,Autre collision,3,2,2,0,2,3,1,0,1,50,,2,1,0,0,1,28.0,51.0,,,1,2,1,1,6
202100044330,2021-04-12 19:30:00,2021,4,12,19,30,18,18062,L'Etang Perron,46.984296,2.996285,Crépuscule ou aube,Hors agglomération,Hors intersection,Normale,Autre collision,3,2,2,0,2,2,1,0,3,80,,1,0,1,0,0,43.0,,,,2,1,1,1,6
202100044331,2021-04-12 08:30:00,2021,4,12,8,30,10,10209,route départementale 619,48.244068,4.281567,Plein jour,Hors agglomération,Intersection en X,Normale,Autre collision,3,-1,2,0,1,1,1,0,1,-1,,3,1,0,1,1,66.0,34.0,,,1,1,2,1,6
202100044332,2021-04-13 18:10:00,2021,4,13,18,10,07,07334,RD 901 - LES CONCHETTES,44.405527,4.122931,Plein jour,En agglomération,Hors intersection,Normale,Autre collision,3,2,2,0,2,1,1,0,3,50,,1,0,0,1,0,15.0,,,,1,2,1,1,6
202100044333,2021-04-12 14:30:00,2021,4,12,14,30,07,07349,20 Route du Pouzin,44.793986,4.777288,Plein jour,En agglomération,Hors intersection,Vent fort / tempête,Deux véhicules - côté,3,2,2,0,1,1,1,0,1,50,,2,1,0,0,1,22.0,33.0,,,1,2,1,6,3
202100044334,2021-04-12 18:20:00,2021,4,12,18,20,21,21142,D971,47.514255,4.724979,Plein jour,Hors agglomération,Hors intersection,Normale,Autre collision,3,2,2,0,2,1,1,0,3,90,,1,0,1,0,0,68.0,,,,1,1,1,1,6
202100044335,2021-04-12 18:20:00,2021,4,12,18,20,40,40046,Rue du Thym,44.386156,-1.167582,Plein jour,En agglomération,Intersection en T,Temps éblouissant,Deux véhicules - arrière,4,2,2,0,1,1,1,0,1,50,,2,1,0,1,0,60.0,67.0,,,1,2,3,7,2
202100044336,2021-02-15 09:30:00,2021,2,15,9,30,973,97307,route nationale 2,4.863955,-52.333331,Plein jour,Hors agglomération,Hors intersection,Normale,Deux véhicules - frontale,2,2,2,0,2,1,1,0,1,80,,2,1,0,1,0,47.0,49.0,,,1,1,1,1,1
202100044337,2021-04-12 09:30:00,2021,4,12,9,30,76,76439,Autoroute A29.,49.590497,0.449798,Plein jour,Hors agglomération,Hors intersection,Normale,Deux véhicules - arrière,1,3,4,0,1,1,1,0,1,130,,2,1,0,0,1,31.0,23.0,,,1,1,1,1,2
202100044338,2021-04-13 11:00:00,2021,4,13,11,0,01,01273,A40,46.077069,5.360894,Plein jour,Hors agglomération,Hors intersection,Normale,Autre collision,1,1,2,0,2,1,1,0,1,130,,2,1,0,0,1,27.0,35.0,,,1,1,1,1,6
202100044339,2021-04-13 02:15:00,2021,4,13,2,15,988,98831,Hors Réseau public - Plage de Gatope,-20.966138,164.656101,Nuit sans éclairage public,En agglomération,Hors intersection,Pluie légère,Sans collision,5,2,2,0,2,2,2,0,1,50,,2,1,0,1,0,33.0,,,,3,2,1,2,7
202100044340,2021-04-12 09:30:00,2021,4,12,9,30,45,45315,Route de la levée de la Loire,47.770671,2.395127,Plein jour,Hors agglomération,Hors intersection,Normale,Autre collision,5,-1,2,0,1,1,1,0,3,30,,2,1,0,0,1,29.0,,,,1,1,1,1,6
202100044341,2021-04-13 15:10:00,2021,4,13,15,10,11,11192,D6113,43.288751,2.062945,Plein jour,Hors agglomération,Hors intersection,Normale,Sans collision,3,2,2,0,1,1,1,0,3,80,,1,0,0,1,0,49.0,,,,1,1,1,1,7
202100044342,2021-04-10 05:30:00,2021,4,10,5,30,74,74127,rd902,46.341595,6.555276,Nuit sans éclairage public,Hors agglomération,Hors intersection,Normale,Sans collision,3,2,2,0,1,3,2,0,1,80,,1,0,0,1,0,30.0,,,,3,1,1,1,7
202100044343,2021-04-13 18:45:00,2021,4,13,18,45,07,07217,"D 238, PK 4+500",45.053571,4.769016,Crépuscule ou aube,Hors agglomération,Hors intersection,Normale,Autre collision,3,2,2,0,2,2,1,0,3,80,,1,0,1,0,0,63.0,,,,2,1,1,1,6
202100044344,2021-04-13 14:00:00,2021,4,13,14,0,69,69127,SAIN-BEL (DE) (RTE),45.791209,4.704106,Plein jour,Hors agglomération,Hors intersection,Normale,Deux véhicules - frontale,7,2,2,0,2,3,1,0,1,70,,2,0,0,1,1,46.0,50.0,,,1,1,1,1,1
202100044345,2021-04-09 01:00:00,2021,4,9,1,0,44,44047,N444,47.241687,-1.668023,Nuit sans éclairage public,Hors agglomération,Hors intersection,Normale,Sans collision,2,3,4,0,1,1,1,0,3,110,,1,0,1,0,0,24.0,,,,3,1,1,1,7
202100044346,2021-04-13 15:20:00,2021,4,13,15,20,60,60009,N31,49.395376,2.118516,Plein jour,Hors agglomération,Hors intersection,Normale,Autre collision,2,2,4,3,1,1,1,0,2,-1,,1,0,0,0,1,34.0,,,,1,1,1,1,6