accident_id,datetime,annee,mois,jour,heure,minute,departement,commune_insee,adresse,latitude,longitude,luminosite,agglomeration,intersection,meteo,collision,catr,circ,nbv,vosp,prof,plan,surf,infra,situ,vma,nb_vehicules,nb_usagers,nb_indemnes,nb_tues,nb_blesses_hosp,nb_blesses_legers,age_cond_1,age_cond_2,veh_type_cond_1,veh_type_cond_2,lum_code,agg_code,int_code,atm_code,col_code
202100044347,2021-04-13 08:40:00,2021,4,13,8,40,60,60103,Route Departementale 931,49.411909,2.260566,Plein jour,Hors agglomération,Hors intersection,Temps éblouissant,Deux véhicules - côté,3,2,2,0,2,1,1,0,1,80,,2,1,0,0,1,47.0,63.0,,,1,1,1,7,3
202100044348,2021-04-10 20:10:00,2021,4,10,20,10,62,62274,AUTOROUTE A21,50.42718,2.987165,Nuit sans éclairage public,Hors agglomération,Hors intersection,Normale,Autre collision,1,3,3,0,1,1,1,0,1,110,,1,0,0,0,1,46.0,,,,3,1,1,1,6
202100044349,2021-04-12 16:00:00,2021,4,12,16,0,93,93066,AUTOROUTE A86,48.92193,2.36134,Plein jour,Hors agglomération,Hors intersection,Normale,Deux véhicules - arrière,1,3,8,0,1,1,1,0,1,90,,3,1,0,0,2,30.0,48.0,,,1,1,1,1,2
202100044350,2021-04-12 11:00:00,2021,4,12,11,0,95,95306, A15,48.99773,2.17904,Plein jour,Hors agglomération,Hors intersection,Normale,Deux véhicules - arrière,1,3,9,0,1,1,1,0,1,110,,2,1,0,0,1,55.0,41.0,,,1,1,1,1,2
202100044351,2021-04-11 19:35:00,2021,4,11,19,35,974,97409,RN2 DIRECTION ST BENT SORTIE PETIT BAZAR,-20.94389,55.64949,Nuit avec éclairage allumé,Hors agglomération,Hors intersection,Normale,Deux véhicules - frontale,2,-1,2,0,1,1,1,0,1,90,,3,0,0,2,1,55.0,23.0,,,5,1,1,1,1
202100044352,2021-04-11 15:35:00,2021,4,11,15,35,972,97213,Z I CALIFORNIE,14.61106,-61.02718,Plein jour,En agglomération,Hors intersection,Normale,Autre collision,4,-1,0,0,1,1,1,0,1,50,,1,0,0,0,1,73.0,,,,1,2,1,1,6
202100044353,2021-04-11 18:15:00,2021,4,11,18,15,69,69034,JEAN MOULIN (R),45.80027,4.84808,Plein jour,En agglomération,Hors intersection,Pluie légère,Sans collision,7,2,2,0,2,1,2,0,1,50,,1,0,0,0,1,20.0,,,,1,2,1,2,7
202100044354,2021-04-10 11:45:00,2021,4,10,11,45,69,69385,GENERAL EISENHOWER (AV),45.7544541428,4.7822016478,Plein jour,En agglomération,Intersection en X,Normale,Deux véhicules - côté,4,2,3,0,2,1,1,0,1,50,,5,4,0,0,1,24.0,77.0,,,1,2,2,1,3
202100044355,2021-04-10 11:55:00,2021,4,10,11,55,69,69384,JACQUES-LOUIS HENON (R),45.77954,4.828634,Plein jour,En agglomération,Hors intersection,Normale,Autre collision,4,2,-1,0,2,1,1,0,4,50,,3,2,0,0,1,76.0,69.0,,,1,2,1,1,6
202100044356,2021-04-11 17:05:00,2021,4,11,17,5,2A,2A004,ROSSINI PASCAL BD,41.9096587736,8.7204845858,Plein jour,En agglomération,Hors intersection,Normale,Deux véhicules - arrière,3,2,2,0,1,1,1,0,1,50,,2,1,0,0,1,46.0,17.0,,,1,2,1,1,2
202100044357,2021-04-09 20:27:00,2021,4,9,20,27,91,91339,RUE FROMAGERE,48.63403,2.26775,Nuit avec éclairage allumé,En agglomération,Hors intersection,Pluie légère,Sans collision,4,1,1,0,2,1,2,0,1,50,,1,0,0,0,1,35.0,,,,5,2,1,2,7
202100044358,2021-04-11 20:00:00,2021,4,11,20,0,69,69029,CAMILLE ROUSSET (AV),45.73635,4.91416,Nuit avec éclairage allumé,En agglomération,Intersection en T,Pluie forte,Deux véhicules - côté,4,2,2,0,1,1,2,0,1,50,,2,1,0,0,1,25.0,44.0,,,5,2,3,3,3
202100044359,2021-04-11 03:40:00,2021,4,11,3,40,69,69266,CHARLES DE GAULLE  (RDPT),45.78486,4.86396,Nuit avec éclairage allumé,En agglomération,Autre intersection,Normale,Sans collision,4,2,2,0,1,3,1,9,4,50,,5,2,0,0,3,,,,,5,2,9,1,7
202100044360,2021-04-11 13:00:00,2021,4,11,13,0,65,65440,LASSALLE (RUE GEORGES),43.23503,0.06997,Plein jour,En agglomération,Intersection en X,Pluie légère,Deux véhicules - frontale,4,2,2,0,1,1,2,0,1,50,,5,2,0,0,3,27.0,33.0,,,1,2,2,2,1
202100044361,2021-04-11 09:50:00,2021,4,11,9,50,65,65440,FOIRAIL (PLACE DU),43.228944,0.083492,Plein jour,En agglomération,Place,Normale,Autre collision,4,2,3,0,1,1,1,5,1,50,,2,1,0,0,1,80.0,,,,1,2,7,1,6
202100044362,2021-04-10 15:30:00,2021,4,10,15,30,42,42187,Avenue de la Marne,46.05509,4.08311,Plein jour,En agglomération,Hors intersection,Normale,Autre collision,4,2,2,0,1,1,1,0,4,50,,1,0,0,1,0,41.0,,,,1,2,1,1,6
202100044363,2021-04-11 13:20:00,2021,4,11,13,20,35,35278,ROCADE 16-17,48.14098,-1.68211,Plein jour,Hors agglomération,Hors intersection,Neige / grêle,Trois véhicules et plus - en chaîne,2,3,4,0,1,1,7,0,1,90,,4,3,0,0,1,22.0,54.0,,,1,1,1,4,4
202100044364,2021-04-11 17:30:00,2021,4,11,17,30,31,31555,EISENHOWER (AVENUE DU GENERAL),43.5581,1.40209,Plein jour,En agglomération,Hors intersection,Pluie légère,Deux véhicules - côté,7,3,2,0,1,1,2,0,1,50,,2,1,0,0,1,58.0,23.0,,,1,2,1,2,3
202100044365,2021-04-10 17:35:00,2021,4,10,17,35,31,31555,LARDENNE (AV DE) DU 1AU 84,43.58999,1.37552,Plein jour,En agglomération,Hors intersection,Normale,Deux véhicules - côté,7,2,2,1,1,1,1,0,1,50,,2,1,0,0,1,40.0,14.0,,,1,2,1,1,3
202100044366,2021-04-10 12:30:00,2021,4,10,12,30,21,21231,JOHN KENNEDY (BOULEVARD),47.3085488733,5.0308429576,Plein jour,En agglomération,Intersection en Y,Normale,Deux véhicules - côté,4,3,5,0,2,2,1,0,1,50,,2,1,1,0,0,96.0,28.0,,,1,2,4,1,3
202100044367,2021-04-10 12:30:00,2021,4,10,12,30,75,75101,PONT NEUF,48.856856634,2.3412772742,Plein jour,En agglomération,Intersection en T,Temps couvert,Autre collision,4,2,4,0,1,1,1,2,1,30,,3,2,0,0,1,28.0,35.0,,,1,2,3,8,6
202100044368,2021-04-11 01:50:00,2021,4,11,1,50,75,75117,BOULEVARD DU BOIS LE PRETRE,48.8997776274,2.3191505671,Nuit avec éclairage allumé,En agglomération,Intersection en T,Pluie légère,Sans collision,4,3,4,0,1,1,2,0,1,50,,1,0,0,1,0,42.0,,,,5,2,3,2,7
202100044369,2021-04-11 20:45:00,2021,4,11,20,45,75,75114,RUE D ALESIA,48.831823,2.314166,Nuit sans éclairage public,En agglomération,Intersection en X,Normale,Deux véhicules - frontale,4,2,3,0,1,1,1,0,1,50,,2,1,0,0,1,27.0,19.0,,,3,2,2,1,1
202100044370,2021-04-11 01:30:00,2021,4,11,1,30,75,75107,QUAI VOLTAIRE,48.859545,2.32933,Nuit avec éclairage allumé,En agglomération,Intersection en X,Pluie légère,Deux véhicules - côté,4,1,5,0,1,1,2,0,1,50,,2,1,0,0,1,33.0,52.0,,,5,2,2,2,3
202100044371,2021-04-10 20:10:00,2021,4,10,20,10,75,75107,QUAI ANATOLE FRANCE,48.862643,2.319078,Nuit avec éclairage allumé,En agglomération,Intersection en T,Pluie forte,Deux véhicules - arrière,4,2,6,0,1,1,2,0,1,50,,2,1,0,0,1,28.0,44.0,,,5,2,3,3,2
202100044372,2021-04-11 16:15:00,2021,4,11,16,15,94,94028,GABIN.(RUE JEAN),48.78311,2.44748,Plein jour,En agglomération,Hors intersection,Normale,Deux véhicules - arrière,3,1,1,0,1,1,1,0,1,50,,2,1,0,0,1,,,,,1,2,1,1,2
202100044373,2021-04-10 23:20:00,2021,4,10,23,20,94,94081,GROUPE MANOUCHIAN (AV DU),48.79029,2.40465,Nuit avec éclairage allumé,En agglomération,Hors intersection,Pluie légère,Deux véhicules - frontale,3,1,2,0,1,1,2,0,1,50,,1,0,0,0,1,26.0,,,,5,2,1,2,1
202100044374,2021-04-11 21:40:00,2021,4,11,21,40,94,94078,Avenue de la Division Leclerc,48.74468,2.45951,Nuit avec éclairage allumé,En agglomération,Autre intersection,Normale,Deux véhicules - côté,3,-1,2,0,1,1,1,0,1,50,,2,1,0,0,1,24.0,18.0,,,5,2,9,1,3
202100044375,2021-04-11 14:30:00,2021,4,11,14,30,93,93073,CHAPIT RE ( RUE DU),48.98362,2.54105,Plein jour,Hors agglomération,Hors intersection,Normale,Deux véhicules - côté,3,2,3,0,1,1,1,0,1,50,,5,4,0,0,1,39.0,19.0,,,1,1,1,1,3
202100044376,2021-04-11 17:38:00,2021,4,11,17,38,93,93064,BERTHAUDS (RUE DES) 24 - 25 / FIN,48.8753249462,2.4877851016,Plein jour,En agglomération,Hors intersection,Normale,Autre collision,4,1,1,0,1,1,1,0,1,50,,1,0,0,0,1,41.0,,,,1,2,1,1,6
202100044377,2021-04-11 13:05:00,2021,4,11,13,5,93,93001,VICTOR HUGO (AVE)  N° 167 =>,48.912485699,2.3801741084,Plein jour,En agglomération,Intersection en T,Normale,Deux véhicules - côté,3,2,2,0,1,1,1,0,1,50,,2,1,0,1,0,25.0,27.0,,,1,2,3,1,3
202100044378,2021-04-11 04:55:00,2021,4,11,4,55,92,92025,GABRIEL PERI (RUE),48.920963552,2.2446575761,Nuit avec éclairage allumé,En agglomération,Hors intersection,Pluie légère,Autre collision,4,2,2,0,1,1,2,0,1,50,,4,3,0,0,1,27.0,,,,5,2,1,2,6
202100044379,2021-04-11 18:00:00,2021,4,11,18,0,11,11151,A61 - PK 331.500,43.192693,2.453728,Plein jour,Hors agglomération,Hors intersection,Pluie forte,Deux véhicules - arrière,1,3,4,0,1,1,2,0,1,130,,5,3,0,0,2,25.0,29.0,,,1,1,1,3,2
202100044380,2021-04-12 19:20:00,2021,4,12,19,20,81,81317,650 Avenue de Millau,43.8949978885,2.343019303,Crépuscule ou aube,Hors agglomération,Hors intersection,Normale,Autre collision,3,2,2,0,2,1,1,0,3,70,,1,0,0,1,0,71.0,,,,2,1,1,1,6
202100044381,2021-04-11 15:50:00,2021,4,11,15,50,71,71583,Autoroute A6 de Lyon à Paris,46.257939,4.794974,Plein jour,Hors agglomération,Hors intersection,Pluie forte,Sans collision,1,1,5,0,1,1,2,0,1,130,,6,5,0,0,1,35.0,,,,1,1,1,3,7
202100044382,2021-04-12 13:55:00,2021,4,12,13,55,59,59653,Rue du General Koenig,50.559089,2.924321,Plein jour,En agglomération,Hors intersection,Temps couvert,Autre collision,7,2,2,0,1,1,1,0,3,-1,,1,0,0,1,0,25.0,,,,1,2,1,8,6
202100044383,2021-04-12 19:15:00,2021,4,12,19,15,85,85301,Rue du Champ de la Foire,46.824742,-1.126742,Plein jour,En agglomération,Hors intersection,Normale,Deux véhicules - côté,4,2,2,0,1,3,1,0,1,30,,3,1,0,1,1,17.0,27.0,,,1,2,1,1,3
202100044384,2021-04-10 20:30:00,2021,4,10,20,30,30,30178,40 Rue de la République,44.07204,4.742105,Nuit avec éclairage allumé,En agglomération,Hors intersection,Pluie légère,Sans collision,4,2,2,0,1,1,2,0,1,50,,1,0,0,1,0,55.0,,,,5,2,1,2,7
202100044385,2021-04-01 13:55:00,2021,4,1,13,55,23,23095,Bel Air,46.170071,1.704026,Plein jour,Hors agglomération,Hors intersection,Normale,Sans collision,3,2,2,0,1,1,1,0,3,90,,1,0,0,1,0,61.0,,,,1,1,1,1,7
202100044386,2021-04-11 18:00:00,2021,4,11,18,0,47,47233,Rue Jean Moulin,44.526988,0.092941,Plein jour,Hors agglomération,Hors intersection,Normale,Autre collision,3,2,2,0,1,1,1,2,3,70,,1,0,0,1,0,56.0,,,,1,1,1,1,6
202100044387,2021-04-12 13:00:00,2021,4,12,13,0,34,34270,Chemin de Bugarel,43.586709,3.835849,Plein jour,Hors agglomération,Hors intersection,Normale,Sans collision,7,2,2,0,1,1,1,2,8,80,,3,0,1,1,1,37.0,,,,1,1,1,1,7
202100044388,2021-03-31 16:55:00,2021,3,31,16,55,34,34270,2121 Route de Sete,43.564685,3.850204,Plein jour,En agglomération,Hors intersection,Normale,Deux véhicules - côté,7,2,2,0,1,1,1,0,1,70,,2,1,0,0,1,32.0,27.0,,,1,2,1,1,3
202100044389,2021-04-07 09:07:00,2021,4,7,9,7,91,91272,Route de la Croix de Fer,48.703376,2.126155,Plein jour,En agglomération,Giratoire,Autre,Deux véhicules - frontale,3,2,2,0,2,1,2,0,1,50,,2,1,0,1,0,71.0,,,,1,2,6,9,1
202100044390,2021-04-11 16:30:00,2021,4,11,16,30,62,62075,rd 341,50.718844,1.735261,Plein jour,Hors agglomération,Intersection en T,Normale,Deux véhicules - frontale,3,2,2,0,1,1,1,0,1,80,,6,3,0,1,2,37.0,67.0,,,1,1,3,1,1
202100044391,2021-04-10 11:40:00,2021,4,10,11,40,56,56017,Calpérit,47.86891,-2.74991,Plein jour,Hors agglomération,Hors intersection,Pluie légère,Autre collision,3,2,2,0,2,3,2,0,3,-1,,2,0,0,2,0,37.0,,,,1,1,1,2,6
202100044392,2021-04-10 17:00:00,2021,4,10,17,0,82,82167,D999,43.9443733124,1.4634279907,Plein jour,Hors agglomération,Giratoire,Normale,Autre collision,3,2,2,0,1,3,1,5,8,80,,1,0,0,1,0,37.0,,,,1,1,6,1,6
202100044393,2021-04-10 15:35:00,2021,4,10,15,35,32,32180,D931 PK 35+200,43.877804,0.216079,Plein jour,Hors agglomération,Hors intersection,Normale,Sans collision,3,2,2,0,4,3,1,0,1,80,,1,0,0,1,0,70.0,,,,1,1,1,1,7
202100044394,2021-04-11 15:15:00,2021,4,11,15,15,11,11158,D623,43.075749,2.196815,Plein jour,Hors agglomération,Hors intersection,Pluie forte,Sans collision,3,2,2,0,2,2,2,0,3,70,,1,0,0,1,0,70.0,,,,1,1,1,3,7
202100044395,2021-04-07 19:30:00,2021,4,7,19,30,11,11120,Route de Chalabre,43.053077,2.178109,Crépuscule ou aube,Hors agglomération,Hors intersection,Normale,Autre collision,3,2,2,0,1,2,1,0,8,80,,1,0,0,0,1,37.0,,,,2,1,1,1,6
202100044396,2021-04-12 08:15:00,2021,4,12,8,15,11,11418,D623,43.227268,2.032964,Plein jour,Hors agglomération,Autre intersection,Normale,Trois véhicules et plus - collisions multiples,3,2,2,0,1,1,1,0,1,80,,5,3,0,2,0,30.0,47.0,,,1,1,9,1,5
202100044397,2021-04-10 18:15:00,2021,4,10,18,15,63,63052,Carrefour D726/D214,45.463126,3.266587,Plein jour,En agglomération,Intersection en T,Normale,Deux véhicules - côté,3,2,2,0,1,1,1,5,1,50,,3,0,0,0,3,38.0,64.0,,,1,2,3,1,3
202100044398,2021-04-09 17:00:00,2021,4,9,17,0,63,63157,D7,45.658185,3.414549,Plein jour,Hors agglomération,Hors intersection,Normale,Sans collision,3,2,2,0,2,2,1,0,1,80,,1,0,0,0,1,30.0,,,,1,1,1,1,7
202100044399,2021-04-07 18:15:00,2021,4,7,18,15,63,63438,D 303 route de miolle,45.721357,3.476164,Plein jour,Hors agglomération,Hors intersection,Normale,Deux véhicules - côté,3,2,2,0,2,3,1,0,1,80,,2,1,0,1,0,33.0,27.0,,,1,1,1,1,3
202100044400,2021-04-12 15:10:00,2021,4,12,15,10,68,68195,N66,47.767026,7.251819,Plein jour,Hors agglomération,Intersection en Y,Normale,Sans collision,3,3,4,0,1,1,1,3,1,110,,1,0,0,1,0,63.0,,,,1,1,4,1,7
202100044401,2021-04-11 09:45:00,2021,4,11,9,45,22,22224,Route de Kerissy,48.709456,-3.502085,Plein jour,Hors agglomération,Hors intersection,Neige / grêle,Deux véhicules - frontale,3,2,2,0,1,2,2,0,1,80,,5,2,0,1,2,37.0,89.0,,,1,1,1,4,1
202100044402,2021-04-12 18:00:00,2021,4,12,18,0,39,39478,,46.421928,5.879054,Plein jour,Hors agglomération,Hors intersection,Normale,Deux véhicules - frontale,3,2,2,0,2,2,1,0,1,80,,2,0,0,0,2,33.0,77.0,,,1,1,1,1,1
202100044403,2021-04-11 15:10:00,2021,4,11,15,10,54,54222,D914,48.5122263639,6.4957094194,Plein jour,Hors agglomération,Hors intersection,Pluie forte,Autre collision,3,2,2,0,4,1,2,0,3,80,,2,1,0,0,1,22.0,,,,1,1,1,3,6
202100044404,2021-04-11 09:10:00,2021,4,11,9,10,83,83121,Avenue Victor Hugo,43.563115,6.234194,Plein jour,En agglomération,Hors intersection,Temps couvert,Autre collision,4,2,2,0,2,1,1,0,1,50,,2,1,0,1,0,61.0,,,,1,2,1,8,6
202100044405,2021-04-09 18:40:00,2021,4,9,18,40,60,60333,Avenue Tristan Klingsor,49.446609,1.900616,Plein jour,En agglomération,Hors intersection,Normale,Deux véhicules - côté,3,2,2,0,2,1,1,0,1,50,,2,1,0,0,1,58.0,34.0,,,1,2,1,1,3
202100044406,2021-04-11 10:33:00,2021,4,11,10,33,10,10145,D23,48.321578,3.74873,Plein jour,Hors agglomération,Hors intersection,Pluie légère,Autre collision,3,2,2,0,4,1,2,0,1,80,,3,1,0,1,1,49.0,,,,1,1,1,2,6
202100044407,2021-04-12 16:10:00,2021,4,12,16,10,16,16002,Lieu Dit la Clie,46.067913,0.19998,Plein jour,Hors agglomération,Hors intersection,Normale,Autre collision,3,2,2,0,1,1,1,0,3,80,,1,0,0,1,0,49.0,,,,1,1,1,1,6
202100044408,2021-04-09 11:10:00,2021,4,9,11,10,40,40312,rue jean moulin,43.538932,-1.461144,Plein jour,En agglomération,Giratoire,Normale,Autre collision,4,2,2,0,1,3,1,0,8,50,,2,1,0,0,1,77.0,,,,1,2,6,1,6
202100044409,2021-04-12 07:05:00,2021,4,12,7,5,24,24160,Lieu dit Les Moles,45.100434,0.727265,Crépuscule ou aube,Hors agglomération,Hors intersection,Autre,Deux véhicules - frontale,3,2,2,0,1,1,1,0,1,80,,2,0,0,2,0,36.0,28.0,,,2,1,1,9,1
202100044410,2021-03-26 16:07:00,2021,3,26,16,7,39,39447,,46.740008,5.511103,Plein jour,Hors agglomération,Hors intersection,Normale,Sans collision,1,3,4,0,1,2,1,0,3,90,,1,0,0,1,0,43.0,,,,1,1,1,1,7
202100044411,2021-04-11 21:00:00,2021,4,11,21,0,988,98805,VE2 PK5+300 Sens NOUMEA PAITA,-22.18988,166.44077,Nuit sans éclairage public,Hors agglomération,Hors intersection,Pluie forte,Autre collision,1,3,4,0,1,2,2,0,3,90,,2,1,0,1,0,19.0,,,,3,1,1,3,6
202100044412,2021-04-11 17:45:00,2021,4,11,17,45,35,35059,Les Quatre Vents,48.169924,-1.749224,Plein jour,Hors agglomération,Hors intersection,Normale,Deux véhicules - frontale,7,2,2,0,2,2,1,0,1,80,,5,4,0,1,0,20.0,81.0,,,1,1,1,1,1
202100044413,2021-04-09 13:00:00,2021,4,9,13,0,35,35353,Le Champ Noël,48.11761,-1.72981,Plein jour,Hors agglomération,Hors intersection,Normale,Deux véhicules - arrière,4,2,2,1,1,1,1,0,1,80,,2,1,0,1,0,45.0,22.0,,,1,1,1,1,2
202100044414,2021-04-12 00:30:00,2021,4,12,0,30,30,30257,A9 PK 43+150,43.877083,4.455112,Nuit sans éclairage public,Hors agglomération,Hors intersection,Pluie légère,Autre collision,1,3,3,0,1,1,2,0,1,130,,1,0,0,1,0,47.0,,,,3,1,1,2,6
202100044415,2021-04-09 12:15:00,2021,4,9,12,15,77,77238,Avenue de la Ferté,48.937929,3.145067,Plein jour,En agglomération,Intersection en Y,Normale,Deux véhicules - côté,3,2,2,0,1,1,1,0,1,50,,2,1,0,0,1,61.0,23.0,,,1,2,4,1,3
202100044416,2021-04-11 22:00:00,2021,4,11,22,0,95,95489,RD 301,49.02159,2.350827,Nuit sans éclairage public,Hors agglomération,Hors intersection,Normale,Deux véhicules - arrière,3,3,4,0,1,1,1,0,1,90,,2,1,1,0,0,43.0,20.0,,,3,1,1,1,2
202100044417,2021-04-11 13:15:00,2021,4,11,13,15,26,26002,Autoroute du Soleil,45.252489,4.835315,Plein jour,Hors agglomération,Hors intersection,Normale,Autre collision,1,3,3,0,2,1,1,0,3,130,,2,0,0,2,0,65.0,,,,1,1,1,1,6
202100044418,2021-04-12 12:43:00,2021,4,12,12,43,52,52353,D 417 PK 17,48.050338,5.353721,Plein jour,Hors agglomération,Hors intersection,Normale,Deux véhicules - frontale,3,2,2,0,1,1,1,0,1,90,,2,0,0,2,0,41.0,46.0,,,1,1,1,1,1
202100044419,2021-03-26 14:50:00,2021,3,26,14,50,68,68323,D21,47.666186,7.389341,Plein jour,Hors agglomération,Hors intersection,Normale,Sans collision,3,2,2,0,2,3,1,0,1,90,,1,0,0,1,0,42.0,,,,1,1,1,1,7
202100044420,2021-04-11 12:35:00,2021,4,11,12,35,68,68163,121 RUE DU RHIN,47.658566,7.504413,Plein jour,En agglomération,Hors intersection,Normale,Deux véhicules - arrière,3,2,2,0,1,1,1,0,1,50,,2,1,0,1,0,40.0,15.0,,,1,2,1,1,2
202100044421,2021-04-12 15:30:00,2021,4,12,15,30,55,55122,1 Rue Alphonse Verneau,48.760413,5.592966,Plein jour,En agglomération,Intersection en X,Normale,Autre collision,4,2,2,0,1,1,1,0,1,50,,2,1,0,0,1,18.0,,,,1,2,2,1,6
202100044422,2021-04-12 08:00:00,2021,4,12,8,0,85,85277,PK 47.350,46.47858,-1.32299,Plein jour,Hors agglomération,Hors intersection,Normale,Autre collision,3,2,2,0,1,1,1,0,3,60,,1,0,0,1,0,52.0,,,,1,1,1,1,6
202100044423,2021-04-12 17:00:00,2021,4,12,17,0,60,60012,Rue de Noailles,49.265193,2.16068,Plein jour,En agglomération,Hors intersection,Normale,Deux véhicules - côté,3,2,2,0,1,1,1,0,1,50,,6,5,0,0,1,26.0,31.0,,,1,2,1,1,3
202100044424,2021-03-27 07:35:00,2021,3,27,7,35,13,13015,A515CD-Gardanne vers A51-Marseille,43.43011,5.39006,Plein jour,Hors agglomération,Hors intersection,Normale,Autre collision,1,-1,1,0,2,2,2,0,2,90,,1,0,0,0,1,21.0,,,,1,1,1,1,6
202100044425,2021-04-10 15:11:00,2021,4,10,15,11,13,13117,A7-Sens Marseille vers Lyon,43.446172,5.242632,Plein jour,Hors agglomération,Hors intersection,Normale,Deux véhicules - arrière,1,1,2,0,1,1,1,0,1,110,,2,1,0,0,1,,24.0,,,1,1,1,1,2
202100044426,2021-04-11 14:55:00,2021,4,11,14,55,33,33162,,44.874992,-0.635565,Plein jour,Hors agglomération,Hors intersection,Normale,Trois véhicules et plus - en chaîne,1,3,4,0,1,1,1,8,1,70,,6,4,0,0,2,26.0,48.0,,,1,1,1,1,4
202100044427,2021-04-11 11:06:00,2021,4,11,11,6,94,94021,AUTOROUTE A6B,48.76059,2.33928,Plein jour,Hors agglomération,Autre intersection,Pluie légère,Autre collision,1,1,3,0,1,1,2,0,1,110,,5,3,1,0,1,32.0,28.0,,,1,1,9,2,6
202100044428,2021-04-10 23:00:00,2021,4,10,23,0,91,91645,RN 385 INT,48.7601462608,2.25600388,Nuit sans éclairage public,Hors agglomération,Hors intersection,Pluie forte,Autre collision,2,1,4,0,2,2,2,0,2,90,,2,0,0,0,2,24.0,,,,3,1,1,3,6
202100044429,2021-04-10 09:20:00,2021,4,10,9,20,78,78291,A13,48.968139,1.744169,Plein jour,Hors agglomération,Hors intersection,Pluie légère,Autre collision,1,2,4,0,1,1,2,0,1,110,,3,0,0,1,2,51.0,,,,1,1,1,2,6
202100044430,2021-04-10 16:00:00,2021,4,10,16,0,95,95572,RN 184,49.0338602593,2.1113769885,Plein jour,Hors agglomération,Hors intersection,Pluie légère,Trois véhicules et plus - collisions multiples,2,3,4,0,1,1,3,0,1,90,,3,2,0,0,1,39.0,23.0,,,1,1,1,2,5
202100044431,2021-04-11 08:40:00,2021,4,11,8,40,95,95572,A15,49.0329954298,2.1081355477,Plein jour,Hors agglomération,Hors intersection,Pluie légère,Autre collision,1,3,6,0,1,3,2,0,1,50,,1,0,0,0,1,74.0,,,,1,1,1,2,6
202100044432,2021-04-11 07:50:00,2021,4,11,7,50,95,95572, A15,49.03177,2.10559,Plein jour,Hors agglomération,Hors intersection,Pluie légère,Sans collision,1,1,2,0,2,3,2,0,1,50,,1,0,0,0,1,33.0,,,,1,1,1,2,7
202100044433,2021-04-11 08:00:00,2021,4,11,8,0,95,95500,A15,49.041429061,2.0809355378,Crépuscule ou aube,Hors agglomération,Hors intersection,Pluie légère,Deux véhicules - arrière,1,3,7,0,1,1,2,0,1,90,,2,0,0,0,2,25.0,67.0,,,2,1,1,2,2
202100044434,2021-04-10 11:30:00,2021,4,10,11,30,95,95394,AUTOROUTE A115,49.0516,2.18234,Plein jour,Hors agglomération,Hors intersection,Pluie légère,Autre collision,1,3,3,0,2,2,2,0,1,70,,1,0,0,0,1,42.0,,,,1,1,1,2,6
202100044435,2021-04-11 10:35:00,2021,4,11,10,35,94,94073,A86 EXT,48.75348,2.3801,Plein jour,Hors agglomération,Hors intersection,Pluie légère,Autre collision,2,1,5,0,1,2,2,0,1,90,,1,0,0,0,1,23.0,,,,1,1,1,2,6
202100044436,2021-04-11 09:20:00,2021,4,11,9,20,94,94022,A86 INT,48.7765536047,2.4191581146,Plein jour,Hors agglomération,Hors intersection,Pluie légère,Deux véhicules - côté,1,3,3,0,1,4,2,2,2,90,,2,1,0,0,1,27.0,41.0,,,1,1,1,2,3
202100044437,2021-04-11 00:30:00,2021,4,11,0,30,94,94017,A4,48.8304354758,2.4932061611,Nuit avec éclairage allumé,Hors agglomération,Hors intersection,Pluie légère,Trois véhicules et plus - en chaîne,1,1,2,0,3,3,2,0,1,50,,3,2,0,0,1,28.0,36.0,,,5,1,1,2,4
202100044438,2021-04-10 18:00:00,2021,4,10,18,0,77,77059,A104,48.8428,2.6646,Plein jour,Hors agglomération,Hors intersection,Pluie légère,Sans collision,1,1,1,0,2,3,2,3,1,50,,3,0,0,0,3,28.0,,,,1,1,1,2,7
202100044439,2021-02-15 14:45:00,2021,2,15,14,45,43,43157,1 Boulevard du President Bertrand,45.03634485,3.8818109035,Plein jour,En agglomération,Intersection en T,Normale,Autre collision,3,1,2,0,1,2,1,0,1,50,,4,3,0,1,0,19.0,,,,1,2,3,1,6
202100044440,2021-01-05 19:30:00,2021,1,5,19,30,92,92025,VALMY 1 A 53   2 A 66 (BD DE),48.926481,2.253167,Nuit avec éclairage allumé,En agglomération,Hors intersection,Normale,Deux véhicules - frontale,3,2,2,0,1,1,1,0,1,50,,2,1,0,0,1,61.0,30.0,,,5,2,1,1,1
202100044441,2021-04-10 21:20:00,2021,4,10,21,20,974,97416,ITEVA (RUE SOSTHENE),-21.3392093518,55.4841589468,Nuit avec éclairage allumé,En agglomération,Hors intersection,Normale,Autre collision,4,1,1,0,2,1,1,0,1,50,,1,0,0,0,1,29.0,,,,5,2,1,1,6
202100044442,2021-04-10 19:05:00,2021,4,10,19,5,973,97302,MADELEINE (ROUTE DE LA),4.90780237,-52.3223638,Nuit avec éclairage allumé,En agglomération,Hors intersection,Pluie légère,Deux véhicules - côté,3,2,1,0,1,2,2,0,1,50,,2,1,0,0,1,54.0,51.0,,,5,2,1,2,3
202100044443,2021-04-10 22:35:00,2021,4,10,22,35,69,69199,LOUIS AULAGNE (Q),45.7053801019,4.8444278198,Nuit avec éclairage allumé,Hors agglomération,Hors intersection,Normale,Sans collision,4,2,2,0,1,3,1,0,8,50,,1,0,0,1,0,33.0,,,,5,1,1,1,7