accident_id,datetime,annee,mois,jour,heure,minute,departement,commune_insee,adresse,latitude,longitude,luminosite,agglomeration,intersection,meteo,collision,catr,circ,nbv,vosp,prof,plan,surf,infra,situ,vma,nb_vehicules,nb_usagers,nb_indemnes,nb_tues,nb_blesses_hosp,nb_blesses_legers,age_cond_1,age_cond_2,veh_type_cond_1,veh_type_cond_2,lum_code,agg_code,int_code,atm_code,col_code
202100044444,2021-04-10 18:25:00,2021,4,10,18,25,69,69383,FELIX FAURE (AV),45.7531,4.85473,Plein jour,En agglomération,Intersection en X,Temps couvert,Deux véhicules - côté,4,2,4,1,1,1,1,0,1,50,,2,1,0,0,1,22.0,25.0,,,1,2,2,8,3
202100044445,2021-04-10 07:40:00,2021,4,10,7,40,972,97209,RD 41 (ROCADE),14.61129,-61.07877,Plein jour,Hors agglomération,Hors intersection,Normale,Autre collision,3,3,4,0,3,2,1,0,1,70,,1,0,0,0,1,51.0,,,,1,1,1,1,6
202100044446,2021-04-10 11:55:00,2021,4,10,11,55,95,95268,AV DU GENERAL DE GAULLE,48.9766646388,2.392040255,Plein jour,En agglomération,Intersection en X,Pluie légère,Autre collision,3,1,2,0,1,1,2,0,1,50,,2,1,0,0,1,43.0,,,,1,2,2,2,6
202100044447,2021-04-10 14:55:00,2021,4,10,14,55,91,91021,RTE NATIONALE 20 DEVIATION,48.59611,2.24378,Plein jour,Hors agglomération,Hors intersection,Pluie légère,Deux véhicules - côté,3,2,4,0,1,1,2,0,1,70,,4,3,0,0,1,41.0,22.0,,,1,1,1,2,3
202100044448,2021-04-10 13:35:00,2021,4,10,13,35,91,91477,STALINGRAD (AVENUE DE),48.715255,2.256093,Plein jour,En agglomération,Hors intersection,Pluie légère,Sans collision,3,2,2,0,2,1,2,0,1,50,,1,0,0,0,1,31.0,,,,1,2,1,2,7
202100044449,2021-04-10 06:40:00,2021,4,10,6,40,91,91421,RENE CASSIN (RUE),48.700571,2.46478,Nuit avec éclairage allumé,En agglomération,Hors intersection,Pluie légère,Deux véhicules - côté,3,1,1,0,1,1,2,0,1,30,,1,0,0,0,1,39.0,,,,5,2,1,2,3
202100044450,2021-04-10 20:50:00,2021,4,10,20,50,91,91286,SERPENTE (RUE DE LA),48.64994,2.37458,Nuit avec éclairage allumé,En agglomération,Hors intersection,Pluie forte,Autre collision,4,-1,2,0,1,4,4,0,1,50,,2,1,0,1,0,21.0,,,,5,2,1,3,6
202100044451,2021-04-09 17:35:00,2021,4,9,17,35,86,86158,Route de Chardonchamp,46.626766,0.330503,Plein jour,En agglomération,Intersection en Y,Normale,Deux véhicules - côté,4,2,2,0,3,3,1,0,1,70,,2,1,0,1,0,31.0,31.0,,,1,2,4,1,3
202100044452,2021-04-10 14:20:00,2021,4,10,14,20,82,82121,SAINT-NAUPHARY D 999 (ROUTE DE),43.99198,1.38954,Plein jour,En agglomération,Hors intersection,Normale,Deux véhicules - côté,3,2,2,0,1,1,1,0,1,80,,2,1,0,1,0,45.0,61.0,,,1,2,1,1,3
202100044453,2021-04-10 00:55:00,2021,4,10,0,55,76,76402,RN 27 (ROUTE DE DIEPPE),49.52394,1.04157,Nuit avec éclairage allumé,En agglomération,Intersection en T,Pluie légère,Autre collision,7,2,2,0,1,1,2,0,4,50,,5,3,0,0,2,19.0,,,,5,2,3,2,6
202100044454,2021-04-10 02:30:00,2021,4,10,2,30,74,74281,PRE-CERGUES (BD DU) JUSQU'AU N°17,46.36654,6.47506,Nuit avec éclairage allumé,En agglomération,Intersection en Y,Normale,Autre collision,4,1,2,0,1,2,1,9,4,50,,1,0,0,1,0,20.0,,,,5,2,4,1,6
202100044455,2021-04-10 21:25:00,2021,4,10,21,25,72,72181,BOLLEE (AV) N° PAIRS 154 A 222,47.9977,0.2156,Nuit avec éclairage allumé,En agglomération,Hors intersection,Pluie légère,Deux véhicules - arrière,4,2,1,0,2,1,2,9,1,30,,2,1,0,0,1,30.0,21.0,,,5,2,1,2,2
202100044456,2021-04-09 18:20:00,2021,4,9,18,20,62,62263,RN 25,50.28901,2.70956,Plein jour,Hors agglomération,Hors intersection,Normale,Deux véhicules - frontale,2,2,2,0,1,1,1,0,1,80,,2,1,1,0,0,45.0,48.0,,,1,1,1,1,1
202100044457,2021-04-10 11:35:00,2021,4,10,11,35,54,54547,PASTEUR (RUE),48.65525,6.1629,Plein jour,En agglomération,Intersection en Y,Normale,Deux véhicules - côté,4,2,2,0,3,1,1,0,1,30,,2,1,0,0,1,44.0,73.0,,,1,2,4,1,3
202100044458,2021-04-10 19:30:00,2021,4,10,19,30,49,49007,SAINT LEONARD,47.4581,-0.51546,Crépuscule ou aube,En agglomération,Hors intersection,Normale,Sans collision,4,-1,2,0,1,1,2,0,1,50,,1,0,0,0,1,36.0,,,,2,2,1,1,7
202100044459,2021-04-10 18:30:00,2021,4,10,18,30,35,35238,PORTE DE VILLEJEAN,48.12437,-1.71856,Plein jour,Hors agglomération,Hors intersection,Pluie légère,Autre collision,2,1,1,0,2,2,2,3,2,30,,2,1,0,0,1,46.0,,,,1,1,1,2,6
202100044460,2021-04-10 15:10:00,2021,4,10,15,10,34,34003,RDP RENÉ BOUSCHET,43.3111139815,3.4781923837,Plein jour,En agglomération,Hors intersection,Pluie légère,Deux véhicules - côté,3,1,1,0,1,2,2,5,1,50,,2,1,0,1,0,75.0,53.0,,,1,2,1,2,3
202100044461,2021-04-10 12:50:00,2021,4,10,12,50,33,33063,Avenue des Trois Cardinaux,44.88775,-0.55354,Plein jour,En agglomération,Hors intersection,Normale,Deux véhicules - arrière,4,-1,2,0,1,1,1,0,1,50,,2,1,0,0,1,60.0,25.0,,,1,2,1,1,2
202100044462,2021-04-10 14:00:00,2021,4,10,14,0,31,31555,RTE D ALBI,43.63505,1.46379,Plein jour,En agglomération,Hors intersection,Normale,Deux véhicules - côté,7,2,1,0,1,1,1,0,1,50,,2,1,0,0,1,41.0,27.0,,,1,2,1,1,3
202100044463,2021-04-09 11:45:00,2021,4,9,11,45,25,25462,DOUBS DE (DU 0 AU 24),46.9099,6.355,Plein jour,En agglomération,Intersection en X,Normale,Deux véhicules - côté,4,2,2,0,1,1,1,5,1,50,,5,3,0,0,2,84.0,47.0,,,1,2,2,1,3
202100044464,2021-04-08 18:55:00,2021,4,8,18,55,19,19031,FRANCE (BOULEVARD ANATOLE),45.1609038744,1.5329682827,Plein jour,En agglomération,Intersection en X,Normale,Deux véhicules - côté,3,1,2,0,1,1,1,5,1,50,,2,1,0,1,0,19.0,58.0,,,1,2,2,1,3
202100044465,2021-04-10 11:00:00,2021,4,10,11,0,14,14118,Rue de Falaise,49.16883,-0.35222,Plein jour,En agglomération,Hors intersection,Pluie forte,Deux véhicules - arrière,4,2,2,0,1,1,2,0,1,50,,2,1,0,0,1,71.0,43.0,,,1,2,1,3,2
202100044466,2021-04-10 22:15:00,2021,4,10,22,15,13,13117,CD 9 ESTROUBLANS,43.42761,5.2557,Nuit sans éclairage public,En agglomération,Hors intersection,Pluie forte,Sans collision,7,3,2,0,1,1,3,0,1,90,,1,0,0,0,1,22.0,,,,3,2,1,3,7
202100044467,2021-04-10 21:50:00,2021,4,10,21,50,13,13210,ANTOINE DEL BELLO (RUE),43.28179,5.41192,Nuit avec éclairage allumé,En agglomération,Hors intersection,Pluie légère,Deux véhicules - arrière,4,1,1,0,1,1,2,0,1,50,,3,2,0,0,1,45.0,31.0,,,5,2,1,2,2
202100044468,2021-04-10 18:30:00,2021,4,10,18,30,13,13204,BOISSON (BOULEVARD),43.299851,5.403892,Plein jour,En agglomération,Hors intersection,Pluie légère,Autre collision,4,1,1,0,1,1,2,0,1,50,,2,1,0,1,0,44.0,,,,1,2,1,2,6
202100044469,2021-04-10 15:55:00,2021,4,10,15,55,13,13209,MIGNARD (RUE),43.26235,5.40234,Plein jour,En agglomération,Hors intersection,Temps couvert,Deux véhicules - côté,4,2,2,0,1,1,1,9,1,50,,2,1,0,0,1,48.0,21.0,,,1,2,1,8,3
202100044470,2021-04-07 17:40:00,2021,4,7,17,40,13,13214,CAPITAINE GEZE (BOULEVARD),43.330395,5.370593,Plein jour,En agglomération,Hors intersection,Normale,Deux véhicules - côté,4,-1,4,0,1,1,1,0,1,50,,3,2,0,0,1,35.0,29.0,,,1,2,1,1,3
202100044471,2021-04-10 00:30:00,2021,4,10,0,30,13,13211,SAINT LOUP (BOULEVARD DE),43.28345,5.43414,Nuit avec éclairage allumé,En agglomération,Hors intersection,Normale,Autre collision,4,2,2,0,1,1,1,0,4,50,,1,0,0,1,0,41.0,,,,5,2,1,1,6
202100044472,2021-04-10 17:40:00,2021,4,10,17,40,10,10387,PROVIDENCE (RUE DE LA ),48.28426,4.09297,Plein jour,En agglomération,Hors intersection,Normale,Sans collision,4,2,2,0,1,2,1,0,1,50,,1,0,0,0,1,31.0,,,,1,2,1,1,7
202100044473,2021-04-09 13:35:00,2021,4,9,13,35,75,75116,ECHANGEUR MAILLOT,48.877585,2.279427,Plein jour,En agglomération,Hors intersection,Normale,Deux véhicules - arrière,4,1,3,0,1,3,1,0,1,50,,2,1,0,0,1,25.0,,,,1,2,1,1,2
202100044474,2021-04-09 11:55:00,2021,4,9,11,55,75,75119,PORTE DU PRE SAINT GERVAIS,48.880637,2.404913,Plein jour,En agglomération,Hors intersection,Normale,Sans collision,4,1,4,0,1,1,1,0,1,70,,1,0,0,0,1,34.0,,,,1,2,1,1,7
202100044475,2021-04-08 13:55:00,2021,4,8,13,55,75,75117,PORTE DE SAINT OUEN,48.900348,2.322174,Plein jour,En agglomération,Hors intersection,Normale,Trois véhicules et plus - en chaîne,4,-1,4,0,1,1,1,0,1,70,,3,2,0,0,1,59.0,23.0,,,1,2,1,1,4
202100044476,2021-04-08 16:40:00,2021,4,8,16,40,75,75116,ALLEE DE LA REINE MARGUERITE,48.854832,2.242396,Plein jour,En agglomération,Intersection en X,Normale,Deux véhicules - arrière,4,2,4,0,1,1,1,0,1,50,,3,2,1,0,0,72.0,58.0,,,1,2,2,1,2
202100044477,2021-04-10 15:02:00,2021,4,10,15,2,75,75119,AVENUE DE FLANDRE,48.888394,2.374135,Plein jour,En agglomération,Intersection en X,Normale,Autre collision,4,3,3,0,1,1,2,0,1,50,,3,2,0,0,1,30.0,,,,1,2,2,1,6
202100044478,2021-04-10 02:52:00,2021,4,10,2,52,75,75118,BOULEVARD BARBES,48.887268,2.349565,Nuit avec éclairage allumé,En agglomération,Intersection en T,Temps couvert,Autre collision,4,2,4,0,1,1,2,0,1,50,,2,1,0,1,0,32.0,,,,5,2,3,8,6
202100044479,2021-04-10 06:10:00,2021,4,10,6,10,75,75118,RUE CARPEAUX,48.890973,2.331444,Nuit avec éclairage allumé,En agglomération,Intersection en Y,Pluie légère,Deux véhicules - côté,4,2,2,0,1,1,2,0,1,30,,2,1,0,0,1,52.0,,,,5,2,4,2,3
202100044480,2021-04-10 03:40:00,2021,4,10,3,40,75,75116,ALLEE DE LA REINE MARGUERITE,48.856678,2.243625,Nuit avec éclairage allumé,En agglomération,Intersection en X,Pluie forte,Deux véhicules - côté,4,2,4,0,1,1,2,0,1,50,,2,1,0,0,1,,18.0,,,5,2,2,3,3
202100044481,2021-04-10 17:30:00,2021,4,10,17,30,75,75115,RUE DU DOCTEUR ROUX,48.840273,2.310605,Plein jour,En agglomération,Hors intersection,Normale,Autre collision,4,2,2,1,1,1,2,-1,5,30,,2,1,0,0,1,21.0,,,,1,2,1,1,6
202100044482,2021-04-10 21:35:00,2021,4,10,21,35,75,75114,AVENUE DU MAINE,48.8385553098,2.3226102324,Nuit avec éclairage allumé,En agglomération,Intersection en Y,Pluie forte,Autre collision,4,2,4,0,1,1,2,0,1,50,,2,1,0,0,1,18.0,51.0,,,5,2,4,3,6
202100044483,2021-04-10 10:15:00,2021,4,10,10,15,75,75114,BOULEVARD BRUNE,48.825325,2.31638,Plein jour,En agglomération,Hors intersection,Pluie légère,Deux véhicules - côté,4,3,3,1,1,1,2,-1,5,50,,2,1,0,0,1,41.0,31.0,,,1,2,1,2,3
202100044484,2021-04-10 09:10:00,2021,4,10,9,10,75,75112,AVENUE DE SAINT MANDE,48.844669,2.405746,Plein jour,En agglomération,Intersection à plus de 4 branches,Pluie légère,Deux véhicules - côté,4,2,2,0,1,1,2,0,1,50,,2,1,0,0,1,55.0,42.0,,,1,2,5,2,3
202100044485,2021-04-10 15:30:00,2021,4,10,15,30,75,75111,BOULEVARD VOLTAIRE,48.853946,2.386613,Plein jour,En agglomération,Hors intersection,Pluie légère,Deux véhicules - côté,4,2,2,0,1,1,2,0,1,50,,2,1,0,0,1,39.0,42.0,,,1,2,1,2,3
202100044486,2021-04-10 06:17:00,2021,4,10,6,17,75,75110,RUE DU FAUBOURG SAINT DENIS,48.881026,2.35799,Nuit avec éclairage allumé,En agglomération,Hors intersection,Pluie légère,Autre collision,4,2,2,0,1,1,2,0,1,50,,1,0,0,0,1,28.0,,,,5,2,1,2,6
202100044487,2021-04-10 02:30:00,2021,4,10,2,30,75,75109,RUE DROUOT,48.8745,2.34081,Nuit avec éclairage allumé,En agglomération,Hors intersection,Pluie légère,Sans collision,4,1,1,0,1,1,2,0,1,50,,1,0,0,0,1,28.0,,,,5,2,1,2,7
202100044488,2021-04-09 22:05:00,2021,4,9,22,5,75,75101,RUE DE RIVOLI,48.862786,2.335268,Nuit avec éclairage allumé,En agglomération,Intersection en X,Pluie légère,Deux véhicules - côté,4,1,3,0,1,1,2,0,1,50,,2,1,0,0,1,55.0,23.0,,,5,2,2,2,3
202100044489,2021-04-09 16:00:00,2021,4,9,16,0,94,94068,FOCH (AV),48.7999,2.4976,Plein jour,En agglomération,Intersection en X,Normale,Deux véhicules - côté,3,2,2,0,1,1,1,0,1,30,,2,1,0,0,1,69.0,63.0,,,1,2,2,1,3
202100044490,2021-04-07 10:15:00,2021,4,7,10,15,94,94034,Rue Henri Barbusse,48.756,2.322,Plein jour,En agglomération,Hors intersection,Normale,Autre collision,4,-1,2,0,1,1,1,9,1,50,,1,0,0,0,1,47.0,,,,1,2,1,1,6
202100044491,2021-04-10 14:50:00,2021,4,10,14,50,93,93050,HUIT MAI 1945,48.86,2.53,Plein jour,En agglomération,Hors intersection,Pluie légère,Deux véhicules - côté,3,2,2,0,1,1,2,0,1,50,,2,1,0,0,1,36.0,28.0,,,1,2,1,2,3
202100044492,2021-04-10 15:30:00,2021,4,10,15,30,92,92064,MARECHAL JUIN,48.840530186,2.2218641639,Plein jour,En agglomération,Hors intersection,Pluie légère,Sans collision,3,1,2,0,1,2,2,0,1,50,,1,0,0,0,1,60.0,,,,1,2,1,2,7
202100044493,2021-04-09 10:25:00,2021,4,9,10,25,92,92051,"CHARLES DE GAULLE (AVENUE, N° 18 A 116)",48.8814843116,2.2716245055,Plein jour,En agglomération,Hors intersection,Normale,Deux véhicules - arrière,2,1,1,1,1,1,1,0,5,5,,2,1,0,0,1,51.0,31.0,,,1,2,1,1,2
202100044494,2021-04-10 16:05:00,2021,4,10,16,5,92,92025,EDGARD QUINET (BD),48.923432106,2.2491556406,Plein jour,En agglomération,Hors intersection,Normale,Deux véhicules - arrière,3,1,2,0,2,1,2,0,1,50,,3,2,0,0,1,50.0,24.0,,,1,2,1,1,2
202100044495,2021-03-21 12:15:00,2021,3,21,12,15,37,37232,rue ferrée,47.2917793767,0.2778637221,Plein jour,Hors agglomération,Hors intersection,Normale,Sans collision,4,2,2,0,1,1,1,0,1,50,,1,0,0,1,0,26.0,,,,1,1,1,1,7
202100044496,2021-04-10 10:50:00,2021,4,10,10,50,86,86183,Les Landes,46.938636,0.645152,Plein jour,Hors agglomération,Hors intersection,Normale,Autre collision,3,2,2,0,1,2,1,0,3,-1,,3,0,0,3,0,37.0,,,,1,1,1,1,6
202100044497,2021-04-10 17:00:00,2021,4,10,17,0,972,97220,N8 - Quartier Lourdes,14.494042,-60.8952,Plein jour,En agglomération,Hors intersection,Normale,Sans collision,2,2,2,0,2,2,1,0,3,50,,1,0,0,1,0,16.0,,,,1,2,1,1,7
202100044498,2021-04-11 13:15:00,2021,4,11,13,15,52,52014,a31 pk 96+500,47.7671737656,5.1909756656,Plein jour,Hors agglomération,Hors intersection,Pluie forte,Autre collision,1,3,5,0,2,2,2,0,1,130,,3,0,0,1,2,28.0,,,,1,1,1,3,6
202100044499,2021-04-10 23:45:00,2021,4,10,23,45,974,97414,D3,-21.254672,55.425709,Nuit sans éclairage public,Hors agglomération,Hors intersection,Normale,Deux véhicules - frontale,3,2,2,0,2,3,1,0,1,70,,6,5,0,1,0,22.0,26.0,,,3,1,1,1,1
202100044500,2021-04-11 07:20:00,2021,4,11,7,20,06,06095,Boulevard des 5 Communes,43.648177,6.886346,Crépuscule ou aube,Hors agglomération,Hors intersection,Temps couvert,Sans collision,3,2,2,0,2,3,2,0,3,80,,3,0,0,1,2,23.0,,,,2,1,1,8,7
202100044501,2021-04-10 01:50:00,2021,4,10,1,50,66,66186,Chemin de la Fosseille,42.6672349887,2.9848316895,Nuit avec éclairage allumé,En agglomération,Hors intersection,Normale,Sans collision,4,2,2,1,1,1,1,0,8,50,,3,1,0,1,1,18.0,,,,5,2,1,1,7
202100044502,2021-04-11 16:10:00,2021,4,11,16,10,76,76622,Route du Petit Long,49.465398,0.617031,Plein jour,Hors agglomération,Hors intersection,Normale,Sans collision,4,2,2,0,1,1,1,0,3,80,,2,0,0,1,1,20.0,,,,1,1,1,1,7
202100044503,2021-04-10 08:45:00,2021,4,10,8,45,80,80443,D18,49.867596,1.90527,Plein jour,Hors agglomération,Intersection en X,Pluie légère,Sans collision,4,2,2,0,1,1,2,0,3,80,,1,0,0,0,1,24.0,,,,1,1,2,2,7
202100044504,2021-04-11 03:00:00,2021,4,11,3,0,82,82025,1096 route de montbartier,43.9598086807,1.3155562711,Nuit sans éclairage public,Hors agglomération,Hors intersection,Normale,Autre collision,3,2,2,0,1,2,1,0,3,70,,3,0,1,2,0,23.0,,,,3,1,1,1,6
202100044505,2021-04-11 00:10:00,2021,4,11,0,10,63,63317,D1093,45.951469,3.323971,Nuit sans éclairage public,Hors agglomération,Hors intersection,Normale,Autre collision,3,2,2,0,1,1,1,0,3,80,,2,1,0,1,0,46.0,,,,3,1,1,1,6
202100044506,2021-04-10 17:20:00,2021,4,10,17,20,12,12052,ZA de la Rotonde,44.580526,2.077226,Plein jour,En agglomération,Intersection en Y,Normale,Deux véhicules - côté,4,2,2,0,1,1,1,0,1,50,,2,1,0,0,1,15.0,15.0,,,1,2,4,1,3
202100044507,2021-04-11 00:40:00,2021,4,11,0,40,39,39013,,46.898776,5.745348,Nuit sans éclairage public,Hors agglomération,Hors intersection,Normale,Autre collision,2,2,2,0,1,1,1,0,1,80,,1,0,1,0,0,53.0,,,,3,1,1,1,6
202100044508,2021-04-09 12:40:00,2021,4,9,12,40,85,85130,Rue du Lac,46.754621,-1.682811,Plein jour,En agglomération,Hors intersection,Normale,Autre collision,3,2,2,0,1,1,1,0,1,50,,1,0,0,1,0,48.0,,,,1,2,1,1,6
202100044509,2021-04-10 22:30:00,2021,4,10,22,30,17,17165,Fief des Caves,45.907127,-0.459751,Nuit sans éclairage public,Hors agglomération,Hors intersection,Pluie légère,Sans collision,3,2,2,0,1,2,2,0,1,50,,4,0,0,3,1,19.0,,,,3,1,1,2,7
202100044510,2021-04-11 07:00:00,2021,4,11,7,0,17,17317,Le Moulin de Barret,45.431049,-0.666293,Nuit sans éclairage public,Hors agglomération,Hors intersection,Normale,Sans collision,3,2,2,0,1,2,1,0,3,90,,1,0,1,0,0,29.0,,,,3,1,1,1,7
202100044511,2021-04-10 02:40:00,2021,4,10,2,40,37,37273,D140,47.381126,0.787888,Nuit sans éclairage public,Hors agglomération,Hors intersection,Normale,Autre collision,3,2,2,0,1,2,1,0,1,90,,1,0,0,1,0,24.0,,,,3,1,1,1,6
202100044512,2021-04-10 15:45:00,2021,4,10,15,45,987,98738,PK 009+200,-17.585285,-149.614209,Plein jour,En agglomération,Hors intersection,Normale,Deux véhicules - côté,2,3,4,0,1,1,1,0,1,50,,4,3,0,1,0,51.0,53.0,,,1,2,1,1,3
202100044513,2021-04-10 19:15:00,2021,4,10,19,15,06,06149,A8 PK205+700 SENS ITALIE- FRANCE,43.74415,7.349821,Plein jour,Hors agglomération,Hors intersection,Pluie légère,Autre collision,1,3,4,0,2,3,2,0,1,90,,1,0,0,0,1,30.0,,,,1,1,1,2,6
202100044514,2021-04-11 11:45:00,2021,4,11,11,45,988,98808,Lieu dit KAPOUE,-21.27711,165.63956,Plein jour,Hors agglomération,Hors intersection,Normale,Autre collision,3,2,2,0,1,3,1,0,3,110,,5,0,0,2,3,31.0,,,,1,1,1,1,6
202100044515,2021-04-11 05:10:00,2021,4,11,5,10,977,97701,LORIENT,17.906539,-62.828064,Nuit sans éclairage public,En agglomération,Hors intersection,Normale,Deux véhicules - frontale,2,2,2,0,1,4,1,0,1,30,,2,0,1,1,0,34.0,31.0,,,3,2,1,1,1
202100044516,2021-04-09 15:50:00,2021,4,9,15,50,18,18207,Place de la République,46.992768,2.244387,Plein jour,En agglomération,Place,Normale,Autre collision,6,2,2,0,1,1,1,0,8,50,,2,1,0,1,0,20.0,,,,1,2,7,1,6
202100044517,2021-04-09 18:40:00,2021,4,9,18,40,45,45139,D26-PR 6 + 400,48.185708,2.312155,Plein jour,Hors agglomération,Hors intersection,Normale,Deux véhicules - frontale,3,2,2,0,1,3,1,0,1,90,,2,0,0,1,1,28.0,20.0,,,1,1,1,1,1
202100044518,2021-04-10 16:00:00,2021,4,10,16,0,91,91338,Place du General de Gaulle,48.645812,2.0764,Plein jour,En agglomération,Place,Pluie légère,Autre collision,4,1,1,0,1,1,2,0,1,30,,3,2,0,0,1,28.0,,,,1,2,7,2,6
202100044519,2021-04-10 14:30:00,2021,4,10,14,30,78,78557,RD 906,48.63444,1.749315,Plein jour,Hors agglomération,Hors intersection,Pluie légère,Autre collision,3,2,2,0,3,3,2,0,3,70,,2,0,1,1,0,31.0,,,,1,1,1,2,6
202100044520,2021-04-11 17:27:00,2021,4,11,17,27,2B,2B059,T30,42.482447,9.197745,Plein jour,Hors agglomération,Hors intersection,Temps couvert,Sans collision,2,2,2,0,1,3,1,0,1,70,,1,0,0,0,1,25.0,,,,1,1,1,8,7
202100044521,2021-04-11 15:32:00,2021,4,11,15,32,04,04195,RD 900 (Les Graves du Riou Bourdoux),44.385501,6.611629,Plein jour,Hors agglomération,Hors intersection,Temps couvert,Autre collision,3,2,2,0,1,1,1,0,8,70,,1,0,1,0,0,46.0,,,,1,1,1,8,6
202100044522,2021-04-11 14:00:00,2021,4,11,14,0,13,13004,Rte de St Gilles,43.411125,4.726619,Plein jour,Hors agglomération,Hors intersection,Normale,Deux véhicules - frontale,3,2,2,0,1,1,1,0,1,80,,2,1,0,1,0,33.0,,,,1,1,1,1,1
202100044523,2021-04-11 02:15:00,2021,4,11,2,15,81,81143,Chemin de la Veyrie,43.528498,2.104408,Nuit sans éclairage public,Hors agglomération,Hors intersection,Normale,Sans collision,4,2,2,0,1,3,1,0,8,50,,2,1,0,1,0,19.0,,,,3,1,1,1,7
202100044524,2021-04-11 06:20:00,2021,4,11,6,20,33,33483,Route de Vayres,44.8881906829,-0.3658747673,Nuit sans éclairage public,En agglomération,Hors intersection,Pluie légère,Autre collision,4,2,2,0,1,3,2,0,3,50,,2,1,0,1,0,25.0,,,,3,2,1,2,6
202100044525,2021-04-10 20:15:00,2021,4,10,20,15,35,35090,6 allée du Clos des vignes,47.9358274841,-1.6631115675,Crépuscule ou aube,En agglomération,Hors intersection,Pluie légère,Autre collision,4,2,2,0,1,1,2,0,4,50,,1,0,0,1,0,33.0,,,,2,2,1,2,6
202100044526,2021-04-10 02:07:00,2021,4,10,2,7,33,33281,ROCADE A 630,44.832698,-0.676592,Nuit sans éclairage public,Hors agglomération,Hors intersection,Normale,Autre collision,1,3,6,0,1,1,1,3,1,90,,1,0,0,0,1,25.0,,,,3,1,1,1,6
202100044527,2021-04-10 18:35:00,2021,4,10,18,35,91,91064,RN 118,48.750096,2.221365,Plein jour,Hors agglomération,Hors intersection,Pluie forte,Sans collision,2,3,4,0,3,3,2,0,3,90,,1,0,0,0,1,29.0,,,,1,1,1,3,7
202100044528,2021-04-10 08:06:00,2021,4,10,8,6,91,91471,RN 118,48.69417,2.19258,Plein jour,Hors agglomération,Hors intersection,Pluie légère,Autre collision,2,2,4,0,2,1,2,2,1,90,,5,0,0,0,5,23.0,,,,1,1,1,2,6
202100044529,2021-04-10 16:20:00,2021,4,10,16,20,92,92025,A86,48.9231213777,2.2286452406,Plein jour,Hors agglomération,Hors intersection,Pluie légère,Autre collision,1,3,4,0,1,1,2,0,1,90,,1,0,0,0,1,54.0,,,,1,1,1,2,6
202100044530,2021-04-10 05:50:00,2021,4,10,5,50,78,78571,A13,48.862683,2.042874,Nuit sans éclairage public,Hors agglomération,Hors intersection,Pluie légère,Autre collision,1,3,4,0,1,1,2,0,1,110,,1,0,0,0,1,26.0,,,,3,1,1,2,6
202100044531,2021-04-10 01:55:00,2021,4,10,1,55,92,92036,A86,48.9355920008,2.2623961286,Nuit sans éclairage public,Hors agglomération,Hors intersection,Pluie légère,Deux véhicules - côté,1,3,4,0,2,3,2,0,1,90,,3,2,0,0,1,27.0,37.0,,,3,1,1,2,3
202100044532,2021-04-10 10:50:00,2021,4,10,10,50,93,93053,AUTOROUTE A86,48.90208,2.46813,Plein jour,Hors agglomération,Hors intersection,Pluie légère,Sans collision,1,3,4,0,1,3,2,0,1,50,,1,0,0,0,1,51.0,,,,1,1,1,2,7
202100044533,2021-04-10 01:20:00,2021,4,10,1,20,95,95582,A15,48.9659947878,2.2575928388,Nuit sans éclairage public,Hors agglomération,Hors intersection,Pluie légère,Deux véhicules - arrière,1,3,10,0,1,1,2,0,1,110,,2,1,0,0,1,32.0,20.0,,,3,1,1,2,2
202100044534,2021-04-10 18:15:00,2021,4,10,18,15,77,77294,A104,48.97123,2.59517,Plein jour,Hors agglomération,Hors intersection,Temps couvert,Autre collision,1,3,4,0,1,1,2,0,3,90,,1,0,0,0,1,19.0,,,,1,1,1,8,6
202100044535,2021-04-09 16:20:00,2021,4,9,16,20,974,97411,GOUNOD (CHARLES),-20.8772,55.45376,Plein jour,En agglomération,Hors intersection,Normale,Autre collision,4,1,1,0,1,1,1,0,4,30,,2,1,0,0,1,19.0,,,,1,2,1,1,6
202100044536,2021-04-09 15:40:00,2021,4,9,15,40,69,69259,PROFESSEUR ROUX (DU) (R),45.71941146,4.85916181,Plein jour,En agglomération,Intersection en X,Normale,Deux véhicules - côté,4,2,2,0,1,1,1,0,1,50,,2,1,0,0,1,26.0,64.0,,,1,2,2,1,3
202100044537,2021-04-09 10:10:00,2021,4,9,10,10,69,69386,SULLY (R),45.771440766,4.8519980907,Plein jour,En agglomération,Intersection en X,Normale,Autre collision,4,1,2,1,1,1,1,0,1,50,,2,1,0,0,1,72.0,,,,1,2,2,1,6
202100044538,2021-04-08 18:40:00,2021,4,8,18,40,972,97213,ROUTE DEPARTEMENTALE 3,14.61989,-60.98748,Nuit avec éclairage allumé,Hors agglomération,Hors intersection,Normale,Deux véhicules - côté,3,2,2,0,1,1,1,0,1,50,,3,2,0,0,1,50.0,22.0,,,5,1,1,1,3
202100044539,2021-04-09 17:00:00,2021,4,9,17,0,972,97209,BALATA (ROUTE DE),14.6343,-61.07293,Plein jour,En agglomération,Intersection en T,Normale,Deux véhicules - côté,2,2,2,0,2,1,1,0,1,30,,2,1,0,0,1,38.0,35.0,,,1,2,3,1,3
202100044540,2021-04-08 18:35:00,2021,4,8,18,35,972,97209,AUTOROUTE (A1),14.618343554,-61.0361623766,Nuit avec éclairage allumé,Hors agglomération,Hors intersection,Normale,Trois véhicules et plus - en chaîne,1,3,8,0,1,1,1,0,1,90,,3,2,0,0,1,48.0,23.0,,,5,1,1,1,4