accident_id,datetime,annee,mois,jour,heure,minute,departement,commune_insee,adresse,latitude,longitude,luminosite,agglomeration,intersection,meteo,collision,catr,circ,nbv,vosp,prof,plan,surf,infra,situ,vma,nb_vehicules,nb_usagers,nb_indemnes,nb_tues,nb_blesses_hosp,nb_blesses_legers,age_cond_1,age_cond_2,veh_type_cond_1,veh_type_cond_2,lum_code,agg_code,int_code,atm_code,col_code
202100044541,2021-04-07 07:45:00,2021,4,7,7,45,69,69286,MAS RILLIER (DU) (RTE),45.823692976,4.9185919762,Crépuscule ou aube,En agglomération,Giratoire,Normale,Deux véhicules - arrière,4,1,2,0,3,1,1,0,1,50,,2,1,0,0,1,26.0,46.0,,,2,2,6,1,2
202100044542,2021-04-07 16:25:00,2021,4,7,16,25,971,97113,PETIT HAVRE (SECTEUR),16.214,-61.42862,Plein jour,En agglomération,Hors intersection,Normale,Deux véhicules - arrière,2,2,2,0,3,1,1,0,1,70,,2,1,0,1,0,60.0,29.0,,,1,2,1,1,2
202100044543,2021-04-09 22:20:00,2021,4,9,22,20,91,91589,AV DES MARRONNIERS,48.692428,2.350761,Nuit avec éclairage allumé,En agglomération,Hors intersection,Pluie légère,Deux véhicules - arrière,4,2,2,0,1,1,2,0,1,50,,2,1,0,0,1,33.0,,,,5,2,1,2,2
202100044544,2021-04-06 12:04:00,2021,4,6,12,4,89,89387,BD DES NOYERS POMPONS ,48.20378,3.32019,Plein jour,Hors agglomération,Hors intersection,Normale,Deux véhicules - frontale,4,2,3,0,1,1,1,0,1,50,,2,1,0,0,1,34.0,56.0,,,1,1,1,1,1
202100044545,2021-04-09 18:20:00,2021,4,9,18,20,88,88160,SAINT-MICHEL (RUE),48.1775,6.45669,Plein jour,En agglomération,Hors intersection,Normale,Deux véhicules - côté,3,2,2,0,2,1,1,0,1,50,,2,1,0,1,0,22.0,39.0,,,1,2,1,1,3
202100044546,2021-04-08 20:00:00,2021,4,8,20,0,83,83123,BORY (CHEMIN ET IMPASSE),43.11697,5.78765,Plein jour,En agglomération,Hors intersection,Normale,Sans collision,4,2,2,0,2,1,1,8,1,50,,2,1,0,1,0,48.0,,,,1,2,1,1,7
202100044547,2021-04-08 17:40:00,2021,4,8,17,40,79,79191,Boulevard Pierre Mendès France,46.33532,-0.41014,Plein jour,En agglomération,Hors intersection,Normale,Trois véhicules et plus - en chaîne,3,3,4,0,1,1,1,0,1,90,,5,2,0,0,3,61.0,26.0,,,1,2,1,1,4
202100044548,2021-04-04 10:30:00,2021,4,4,10,30,78,78126,DUCHESNE LUCIEN RENE (AVENUE),48.84479,2.13366,Plein jour,En agglomération,Hors intersection,Normale,Autre collision,3,3,4,0,1,1,1,0,1,50,,2,1,0,0,1,65.0,,,,1,2,1,1,6
202100044549,2021-04-06 14:08:00,2021,4,6,14,8,78,78646,ETATS GENERAUX (RUE DES),48.7985,2.13438,Plein jour,En agglomération,Hors intersection,Normale,Deux véhicules - côté,4,2,2,0,1,1,1,0,1,50,,2,0,0,1,1,23.0,28.0,,,1,2,1,1,3
202100044550,2021-04-09 18:33:00,2021,4,9,18,33,78,78638,MOULIN A VENT (CHEMIN DU ),49.01615,1.95952,Plein jour,En agglomération,Hors intersection,Normale,Deux véhicules - côté,4,2,2,0,2,2,1,0,1,50,,2,1,0,0,1,33.0,26.0,,,1,2,1,1,3
202100044551,2021-04-04 17:52:00,2021,4,4,17,52,78,78361,BD GEORGES CLEMENCEAU 1,49.00201,1.68696,Plein jour,En agglomération,Intersection en X,Normale,Deux véhicules - côté,4,3,1,1,1,1,1,0,1,30,,5,4,1,0,0,29.0,45.0,,,1,2,2,1,3
202100044552,2021-04-08 12:30:00,2021,4,8,12,30,77,77152,JAURES(AVENUE JEAN),48.52667,2.6472,Plein jour,En agglomération,Intersection en T,Normale,Autre collision,3,2,2,0,1,1,1,9,1,30,,2,1,0,0,1,48.0,,,,1,2,3,1,6
202100044553,2021-04-09 18:50:00,2021,4,9,18,50,72,72181,LEFAUCHEUX PIERRE (BD),47.97682,0.1707,Plein jour,En agglomération,Hors intersection,Pluie légère,Autre collision,4,1,4,0,1,3,2,3,3,50,,3,2,0,0,1,22.0,,,,1,2,1,2,6
202100044554,2021-04-09 04:40:00,2021,4,9,4,40,72,72181,LEFAUCHEUX PIERRE (BD),47.95456,0.17971,Nuit sans éclairage public,En agglomération,Intersection en X,Normale,Deux véhicules - côté,4,3,4,0,1,1,1,0,1,70,,2,0,0,0,2,24.0,45.0,,,3,2,2,1,3
202100044555,2021-04-08 08:50:00,2021,4,8,8,50,72,72181,COMEDIE (RUE DE LA),48.0078,0.1977,Plein jour,En agglomération,Hors intersection,Normale,Autre collision,4,2,2,0,1,3,1,0,1,50,,2,1,0,0,1,35.0,33.0,,,1,2,1,1,6
202100044556,2021-04-09 15:15:00,2021,4,9,15,15,71,71153,61 Rue Edith Cavell,46.79744,4.42345,Plein jour,En agglomération,Hors intersection,Normale,Autre collision,4,2,2,0,1,1,1,0,1,50,,2,1,0,1,0,36.0,,,,1,2,1,1,6
202100044557,2021-04-09 08:53:00,2021,4,9,8,53,69,69029,GENAS (DE) (RTE),45.7478,4.92178,Plein jour,En agglomération,Intersection en T,Vent fort / tempête,Deux véhicules - côté,7,2,2,3,1,1,1,0,1,50,,2,1,0,0,1,26.0,36.0,,,1,2,3,6,3
202100044558,2021-04-08 15:25:00,2021,4,8,15,25,69,69275,JEAN MACE                           (AV),45.76556,4.95637,Plein jour,En agglomération,Hors intersection,Normale,Autre collision,4,2,2,0,1,1,1,0,1,50,,2,1,0,0,1,29.0,,,,1,2,1,1,6
202100044559,2021-04-08 17:20:00,2021,4,8,17,20,67,67482,GENERAL DE GAULLE (ROUTE DU),48.597384,7.74109,Plein jour,En agglomération,Hors intersection,Normale,Deux véhicules - côté,7,3,2,1,1,1,1,0,1,50,,3,2,0,0,1,49.0,22.0,,,1,2,1,1,3
202100044560,2021-04-09 15:00:00,2021,4,9,15,0,64,64024,ETCHECOPAR (ALLEE),43.46455,-1.53209,Plein jour,En agglomération,Hors intersection,Normale,Deux véhicules - arrière,4,2,1,0,1,1,1,0,1,50,,2,1,0,0,1,45.0,40.0,,,1,2,1,1,2
202100044561,2021-04-09 06:43:00,2021,4,9,6,43,63,63113,Durant/Lavoisier,45.78605,3.07968,Crépuscule ou aube,En agglomération,Intersection en X,Normale,Deux véhicules - côté,7,3,4,0,1,1,1,5,1,50,,3,0,0,0,3,49.0,21.0,,,2,2,2,1,3
202100044562,2021-04-08 12:26:00,2021,4,8,12,26,56,56121,FREBAULT (RUE  DU GENERAL ),47.74014,-3.37526,Plein jour,En agglomération,Intersection en X,Normale,Deux véhicules - côté,4,1,1,0,1,1,1,0,1,30,,3,2,0,0,1,43.0,19.0,,,1,2,2,1,3
202100044563,2021-04-08 11:10:00,2021,4,8,11,10,56,56083,ALLENDE ( AV. PRES. SALVADOR ),47.81064,-3.25235,Plein jour,Hors agglomération,Intersection en X,Normale,Deux véhicules - côté,3,2,2,0,2,1,1,0,1,70,,3,0,0,0,3,58.0,35.0,,,1,1,2,1,3
202100044564,2021-04-08 16:15:00,2021,4,8,16,15,54,54274,LECLERC (RUE DU GENERAL),48.6690826932,6.1994589721,Plein jour,En agglomération,Intersection en T,Normale,Autre collision,4,2,2,0,1,1,1,0,1,50,,2,1,0,0,1,72.0,,,,1,2,3,1,6
202100044565,2021-04-08 07:50:00,2021,4,8,7,50,54,54339,MATHIEU DE DOMBASLE (RUE),48.72511,6.17874,Plein jour,En agglomération,Hors intersection,Normale,Autre collision,4,2,2,0,2,2,1,0,1,50,,3,2,0,0,1,49.0,42.0,,,1,2,1,1,6
202100044566,2021-04-09 17:40:00,2021,4,9,17,40,53,53130,JAURES ( BOULEVARD JEAN ),48.064795,-0.790202,Plein jour,En agglomération,Hors intersection,Temps couvert,Deux véhicules - côté,4,-1,0,1,1,1,1,5,5,50,,2,1,0,1,0,89.0,,,,1,2,1,8,3
202100044567,2021-04-08 16:50:00,2021,4,8,16,50,50,50129,CONQUERANT (BOULEVARD GUILLAUME LE),49.64199,-1.63688,Plein jour,En agglomération,Intersection en X,Normale,Deux véhicules - arrière,3,3,4,0,1,1,1,5,1,50,,2,1,0,0,1,29.0,22.0,,,1,2,2,1,2
202100044568,2021-04-08 16:20:00,2021,4,8,16,20,37,37261,AUBERDIERE (RUE DE L'),47.3632105685,0.69513689,Plein jour,En agglomération,Hors intersection,Normale,Sans collision,4,2,2,0,2,1,1,0,1,50,,1,0,0,1,0,44.0,,,,1,2,1,1,7
202100044569,2021-04-09 11:50:00,2021,4,9,11,50,35,35281,Rue de la Jaunais de Mivoie,48.069101,-1.703725,Plein jour,En agglomération,Intersection en X,Normale,Deux véhicules - arrière,4,2,2,0,1,1,1,0,1,50,,2,1,0,1,0,16.0,61.0,,,1,2,2,1,2
202100044570,2021-04-08 19:30:00,2021,4,8,19,30,35,35206,PORTE DE BREQUIGNY,48.07908,-1.69022,Plein jour,Hors agglomération,Hors intersection,Normale,Deux véhicules - arrière,2,3,4,0,1,1,1,0,1,90,,2,1,0,0,1,66.0,37.0,,,1,1,1,1,2
202100044571,2021-04-06 10:10:00,2021,4,6,10,10,34,34032,FOUCAULT JEAN (AV),43.3317,3.25638,Plein jour,En agglomération,Hors intersection,Normale,Autre collision,4,2,2,1,1,1,1,0,5,50,,1,0,0,1,0,45.0,,,,1,2,1,1,6
202100044572,2021-04-09 16:25:00,2021,4,9,16,25,33,33529,Piste 214,44.586155,-1.203333,Plein jour,Hors agglomération,Hors intersection,Normale,Autre collision,9,2,2,0,1,1,1,0,1,30,,3,0,0,0,3,21.0,,,,1,1,1,1,6
202100044573,2021-04-05 18:10:00,2021,4,5,18,10,31,31555,CHE DU SANG DE SERP,43.619077,1.425814,Plein jour,En agglomération,Intersection en T,Normale,Deux véhicules - côté,4,2,2,0,1,1,1,0,1,50,,3,1,0,0,2,50.0,24.0,,,1,2,3,1,3
202100044574,2021-04-08 17:05:00,2021,4,8,17,5,29,29232,Rue Jehan Lagadeuc,48.0055809291,-4.1054467857,Plein jour,En agglomération,Hors intersection,Normale,Sans collision,4,2,2,0,2,2,1,0,1,30,,1,0,0,0,1,65.0,,,,1,2,1,1,7
202100044575,2021-04-09 07:45:00,2021,4,9,7,45,17,17291,33 PK RN11 NANTES ROCADE,46.17248,-1.11915,Plein jour,Hors agglomération,Hors intersection,Pluie légère,Deux véhicules - arrière,2,3,4,0,1,1,2,0,1,70,,2,1,0,0,1,47.0,35.0,,,1,1,1,2,2
202100044576,2021-04-08 16:10:00,2021,4,8,16,10,17,17299,DENFERT ROCHEREAU RUE,45.94011,-0.96562,Plein jour,En agglomération,Intersection en T,Normale,Deux véhicules - côté,3,2,2,0,1,1,1,0,1,50,,2,1,0,1,0,19.0,76.0,,,1,2,3,1,3
202100044577,2021-04-09 18:00:00,2021,4,9,18,0,13,13211,BARASSE (BOULEVARD),43.284664,5.485995,Plein jour,En agglomération,Hors intersection,Normale,Deux véhicules - arrière,7,2,3,1,1,1,1,0,1,50,,3,2,0,0,1,,19.0,,,1,2,1,1,2
202100044578,2021-04-09 19:30:00,2021,4,9,19,30,13,13207,MARIUS THOMAS (BOULEVARD),43.2836,5.36335,Crépuscule ou aube,En agglomération,Intersection en Y,Normale,Deux véhicules - frontale,4,2,2,0,3,3,1,0,1,50,,3,1,0,0,2,27.0,20.0,,,2,2,4,1,1
202100044579,2021-04-09 12:45:00,2021,4,9,12,45,13,13216,LITTORAL (CHEMIN DU),43.3485662673,5.3430420774,Plein jour,En agglomération,Hors intersection,Normale,Deux véhicules - frontale,5,2,3,0,1,1,1,0,1,50,,2,1,0,0,1,45.0,34.0,,,1,2,1,1,1
202100044580,2021-04-09 09:00:00,2021,4,9,9,0,13,13209,REGNY (TRAVERSE),43.2638025432,5.4189317462,Plein jour,En agglomération,Hors intersection,Normale,Deux véhicules - côté,4,3,2,0,1,1,1,0,1,50,,2,0,0,0,2,54.0,38.0,,,1,2,1,1,3
202100044581,2021-04-09 07:15:00,2021,4,9,7,15,13,13212,BOISERAIE (RUE),43.29674,5.42199,Plein jour,En agglomération,Autre intersection,Normale,Deux véhicules - côté,4,-1,2,0,1,1,1,0,8,30,,2,1,0,0,1,21.0,50.0,,,1,2,9,1,3
202100044582,2021-04-09 18:50:00,2021,4,9,18,50,10,10387,PREIZE (RUE DE),48.30475,4.07094,Plein jour,En agglomération,Intersection en X,Temps éblouissant,Deux véhicules - côté,4,2,2,0,1,1,1,0,1,50,,2,1,0,0,1,60.0,28.0,,,1,2,2,7,3
202100044583,2021-04-05 15:30:00,2021,4,5,15,30,07,07316,LONES (PONT DES),44.9088,4.86592,Plein jour,Hors agglomération,Hors intersection,Normale,Sans collision,3,2,6,1,1,3,1,2,5,90,,1,0,0,1,0,51.0,,,,1,1,1,1,7
202100044584,2021-04-09 19:00:00,2021,4,9,19,0,06,06088,ROUGET-DE-LISLE (R.),43.70705,7.266607,Plein jour,En agglomération,Intersection en X,Normale,Deux véhicules - côté,4,2,4,0,1,1,1,0,1,50,,3,2,0,0,1,61.0,52.0,,,1,2,2,1,3
202100044585,2021-04-07 19:00:00,2021,4,7,19,0,06,06104,JAURES (AVENUE JEAN),43.75636,7.44895,Plein jour,En agglomération,Hors intersection,Normale,Deux véhicules - frontale,3,2,2,0,2,4,1,0,1,50,,2,1,1,0,0,30.0,53.0,,,1,2,1,1,1
202100044586,2021-04-06 16:55:00,2021,4,6,16,55,01,01289,LENT ( ROUTE DE ),46.16505,5.2206,Plein jour,Hors agglomération,Intersection en X,Normale,Deux véhicules - côté,3,2,2,0,1,1,1,0,1,80,,3,1,0,1,1,25.0,20.0,,,1,1,2,1,3
202100044587,2021-04-09 11:40:00,2021,4,9,11,40,75,75113,RUE DE L AMIRAL MOUCHEZ,48.8198608687,2.3443096876,Plein jour,En agglomération,Hors intersection,Normale,Autre collision,4,-1,0,0,1,1,1,0,4,50,,1,0,0,1,0,31.0,,,,1,2,1,1,6
202100044588,2021-04-08 06:29:00,2021,4,8,6,29,75,75113,BOULEVARD AUGUSTE BLANQUI,48.8310987072,2.3442560434,Crépuscule ou aube,En agglomération,Intersection en X,Normale,Deux véhicules - côté,4,2,5,0,1,1,1,0,1,50,,5,4,0,0,1,23.0,35.0,,,2,2,2,1,3
202100044589,2021-04-09 00:50:00,2021,4,9,0,50,75,75120,AVENUE GAMBETTA,48.864962,2.395536,Nuit avec éclairage allumé,En agglomération,Place,Normale,Autre collision,4,2,2,0,2,1,1,0,1,50,,2,1,0,0,1,,,,,5,2,7,1,6
202100044590,2021-04-09 18:05:00,2021,4,9,18,5,75,75119,RUE DE CRIMEE,48.879584,2.389506,Plein jour,En agglomération,Intersection en X,Pluie légère,Autre collision,4,2,2,3,2,1,2,0,1,30,,2,1,0,0,1,25.0,,,,1,2,2,2,6
202100044591,2021-04-09 14:20:00,2021,4,9,14,20,75,75119,AVENUE JEAN JAURES,48.886827,2.385592,Plein jour,En agglomération,Hors intersection,Normale,Autre collision,4,2,2,0,1,1,1,0,1,50,,3,2,0,0,1,23.0,,,,1,2,1,1,6
202100044592,2021-04-09 11:00:00,2021,4,9,11,0,75,75117,AVENUE DE CLICHY,48.891561,2.318486,Plein jour,En agglomération,Intersection en X,Normale,Trois véhicules et plus - en chaîne,4,2,5,1,1,1,1,0,1,50,,3,1,0,0,2,20.0,21.0,,,1,2,2,1,4
202100044593,2021-04-09 20:15:00,2021,4,9,20,15,75,75114,BOULEVARD ROMAIN ROLLAND,48.819866,2.325486,Nuit avec éclairage allumé,En agglomération,Intersection en X,Pluie légère,Deux véhicules - arrière,4,1,6,0,1,1,2,0,1,50,,3,2,0,0,1,26.0,44.0,,,5,2,2,2,2
202100044594,2021-04-09 13:15:00,2021,4,9,13,15,75,75113,AVENUE D ITALIE,48.827677,2.356808,Plein jour,En agglomération,Hors intersection,Normale,Deux véhicules - côté,4,2,6,1,1,1,1,-1,5,50,,2,1,0,0,1,39.0,43.0,,,1,2,1,1,3
202100044595,2021-04-09 19:05:00,2021,4,9,19,5,75,75112,AVENUE DE NOGENT,48.838992,2.460296,Plein jour,En agglomération,Intersection en X,Normale,Autre collision,4,2,2,0,1,1,1,0,1,50,,2,1,0,0,1,35.0,,,,1,2,2,1,6
202100044596,2021-04-09 19:40:00,2021,4,9,19,40,75,75108,AVENUE MYRON HERRICK,48.873097,2.310034,Crépuscule ou aube,En agglomération,Intersection en X,Pluie légère,Sans collision,4,3,3,0,1,1,2,0,1,50,,1,0,0,0,1,53.0,,,,2,2,2,2,7
202100044597,2021-04-09 09:40:00,2021,4,9,9,40,75,75109,RUE AUBER,48.873024,2.328316,Plein jour,En agglomération,Intersection à plus de 4 branches,Normale,Deux véhicules - côté,4,2,3,0,1,1,1,0,1,30,,2,1,0,0,1,32.0,47.0,,,1,2,5,1,3
202100044598,2021-04-08 16:20:00,2021,4,8,16,20,94,94081,JULIAN GRIMAU (R),48.775,2.378,Plein jour,En agglomération,Intersection en T,Normale,Deux véhicules - frontale,4,1,1,0,1,1,1,0,1,50,,2,1,0,0,1,56.0,21.0,,,1,2,3,1,1
202100044599,2021-04-09 14:30:00,2021,4,9,14,30,94,94076,Boulevard Maxime Gorki,48.79125,2.36987,Plein jour,En agglomération,Intersection en X,Normale,Deux véhicules - côté,3,2,4,0,1,1,1,0,1,50,,2,1,0,0,1,56.0,24.0,,,1,2,2,1,3
202100044600,2021-04-09 10:15:00,2021,4,9,10,15,94,94022,Avenue Gambetta,48.763684,2.403424,Plein jour,En agglomération,Autre intersection,Normale,Deux véhicules - côté,3,3,6,3,1,1,1,9,6,50,,4,2,0,0,2,44.0,49.0,,,1,2,9,1,3
202100044601,2021-04-09 08:30:00,2021,4,9,8,30,94,94073,ALOUETTES (R DES),48.754017,2.382636,Plein jour,En agglomération,Hors intersection,Normale,Deux véhicules - frontale,4,2,3,0,1,1,1,0,1,50,,2,1,0,1,0,27.0,22.0,,,1,2,1,1,1
202100044602,2021-04-09 14:25:00,2021,4,9,14,25,94,94028,LECLERC.(RUE DU GENERAL),48.78712,2.46846,Plein jour,En agglomération,Hors intersection,Normale,Deux véhicules - arrière,3,2,2,0,1,1,1,0,1,50,,2,1,0,0,1,19.0,20.0,,,1,2,1,1,2
202100044603,2021-04-09 16:50:00,2021,4,9,16,50,94,94019,Rue Aristide Briand,48.79804,2.53372,Plein jour,En agglomération,Hors intersection,Normale,Deux véhicules - frontale,4,2,2,0,1,1,1,0,1,50,,2,1,0,0,1,44.0,39.0,,,1,2,1,1,1
202100044604,2021-04-09 12:20:00,2021,4,9,12,20,94,94060,GENERAL DE GAULLE (R DU),48.78001,2.57818,Plein jour,En agglomération,Hors intersection,Normale,Deux véhicules - arrière,3,2,5,0,1,1,1,0,1,50,,2,1,0,0,1,42.0,38.0,,,1,2,1,1,2
202100044605,2021-04-09 19:40:00,2021,4,9,19,40,94,94017,Avenue de la République,48.823255,2.51042,Nuit avec éclairage allumé,En agglomération,Hors intersection,Pluie forte,Autre collision,3,-1,2,0,1,1,2,0,1,50,,3,2,0,1,0,23.0,60.0,,,5,2,1,3,6
202100044606,2021-04-09 19:00:00,2021,4,9,19,0,94,94002,EMILE ZOLA (R),48.79932,2.42506,Crépuscule ou aube,En agglomération,Hors intersection,Normale,Autre collision,4,2,1,0,2,1,2,0,1,50,,2,0,0,0,2,21.0,,,,2,2,1,1,6
202100044607,2021-04-09 16:00:00,2021,4,9,16,0,93,93066,BOULOGNE,48.94396,2.36774,Plein jour,En agglomération,Hors intersection,Normale,Deux véhicules - arrière,4,1,1,0,1,2,1,0,1,50,,2,1,0,0,1,21.0,49.0,,,1,2,1,1,2
202100044608,2021-04-08 10:53:00,2021,4,8,10,53,93,93055,JEAN LOLIVE (AVENUE)(1/55 2/60),48.89097,2.40165,Plein jour,En agglomération,Hors intersection,Normale,Autre collision,3,-1,2,0,1,1,1,0,5,50,,2,1,0,0,1,58.0,,,,1,2,1,1,6
202100044609,2021-04-09 21:20:00,2021,4,9,21,20,93,93048,HENRI BARBUSSE (BOULEVARD),48.86979,2.44028,Nuit avec éclairage allumé,En agglomération,Hors intersection,Pluie légère,Deux véhicules - côté,3,2,4,1,2,1,2,0,1,30,,2,1,0,0,1,25.0,66.0,,,5,2,1,2,3
202100044610,2021-04-08 15:44:00,2021,4,8,15,44,93,93063,DUMAS ALEXANDRE,48.87644,2.44051,Plein jour,En agglomération,Hors intersection,Normale,Deux véhicules - frontale,3,1,1,1,1,1,1,0,1,30,,2,1,0,1,0,27.0,12.0,,,1,2,1,1,1
202100044611,2021-04-08 22:15:00,2021,4,8,22,15,93,93001,PONT BLANC.CHARLES TILLON (RUE) =>72,48.9168277552,2.3928254843,Nuit avec éclairage allumé,En agglomération,Hors intersection,Normale,Deux véhicules - frontale,3,3,1,1,1,1,1,0,1,50,,2,1,0,0,1,29.0,20.0,,,5,2,1,1,1
202100044612,2021-04-09 15:52:00,2021,4,9,15,52,92,92046,ETIENNE DOLET (RUE),48.8139672068,2.3001953959,Plein jour,En agglomération,Hors intersection,Normale,Deux véhicules - côté,4,2,2,0,1,1,1,0,1,50,,2,1,0,0,1,34.0,44.0,,,1,2,1,1,3
202100044613,2021-04-08 08:50:00,2021,4,8,8,50,92,92062,KUPKA (RUE FRANCK) TOUR,48.89094,2.2304,Plein jour,En agglomération,Hors intersection,Normale,Autre collision,3,1,4,1,1,1,1,0,5,20,,2,0,0,0,2,46.0,,,,1,2,1,1,6
202100044614,2021-04-08 10:00:00,2021,4,8,10,0,92,92049,BROSSOLETTE AVENUE PIERRE,48.8148609217,2.3039424419,Plein jour,En agglomération,Hors intersection,Normale,Autre collision,3,2,4,2,1,1,1,0,5,50,,1,0,0,0,1,31.0,,,,1,2,1,1,6
202100044615,2021-04-09 18:55:00,2021,4,9,18,55,92,92024,GENERAL LECLERC (RUE DU) DE (81 A 109)  ,48.9069748753,2.3087570071,Plein jour,En agglomération,Hors intersection,Normale,Autre collision,4,2,3,1,1,1,1,0,4,50,,3,2,0,0,1,,12.0,,,1,2,1,1,6
202100044616,2021-04-08 13:10:00,2021,4,8,13,10,92,92012,EDOUARD VAILLANT (AVENUE) DEBUT/56 - COT,48.8355320216,2.249442637,Plein jour,En agglomération,Intersection en T,Normale,Deux véhicules - côté,3,3,3,0,1,1,1,0,1,50,,3,2,0,0,1,57.0,16.0,,,1,2,3,1,3
202100044617,2021-04-09 20:35:00,2021,4,9,20,35,92,92014,GENERAL LECLERC (AV.) (1 A 55BIS - 2 A 4,48.7842501022,2.3172459487,Nuit avec éclairage allumé,En agglomération,Intersection en X,Pluie forte,Deux véhicules - côté,3,1,2,1,3,1,2,0,1,50,,2,1,0,0,1,44.0,33.0,,,5,2,2,3,3
202100044618,2021-04-10 02:30:00,2021,4,10,2,30,54,54456,Rue Charles Berlet,48.7028006447,6.3874340066,Nuit avec éclairage allumé,En agglomération,Hors intersection,Normale,Autre collision,3,2,2,0,1,2,1,0,4,50,,1,0,0,1,0,26.0,,,,5,2,1,1,6
202100044619,2021-04-10 13:55:00,2021,4,10,13,55,76,76126,A28 - PK68+500 vers ABBEVILLE,49.678463,1.341496,Plein jour,Hors agglomération,Hors intersection,Pluie forte,Autre collision,1,3,4,3,1,1,4,0,3,110,,3,1,0,2,0,36.0,,,,1,1,1,3,6
202100044620,2021-04-10 08:10:00,2021,4,10,8,10,58,58064,Chemin de Compostelle,47.273072,3.246591,Plein jour,Hors agglomération,Hors intersection,Pluie légère,Autre collision,3,2,2,0,1,1,2,0,1,80,,2,1,0,1,0,55.0,,,,1,1,1,2,6
202100044621,2021-03-09 07:55:00,2021,3,9,7,55,71,71230,6 Rue Jean Mermoz,46.600821,4.050457,Plein jour,En agglomération,Hors intersection,Normale,Sans collision,4,2,2,0,1,1,1,0,1,50,,1,0,0,0,1,18.0,,,,1,2,1,1,7
202100044622,2021-04-08 16:00:00,2021,4,8,16,0,63,63382,Lieu Dit Fontbonne,46.060636,2.983689,Plein jour,Hors agglomération,Hors intersection,Temps éblouissant,Deux véhicules - frontale,4,2,1,0,2,4,1,0,1,80,,3,1,0,1,1,25.0,17.0,,,1,1,1,7,1
202100044623,2021-04-10 11:00:00,2021,4,10,11,0,39,39498,,47.166154,5.795133,Plein jour,En agglomération,Intersection en X,Normale,Deux véhicules - côté,4,2,2,0,1,1,1,0,1,50,,2,1,0,0,1,74.0,54.0,,,1,2,2,1,3
202100044624,2021-04-08 12:00:00,2021,4,8,12,0,44,44148,Place de l'Eglise,47.757307,-1.494688,Plein jour,En agglomération,Intersection en X,Normale,Sans collision,3,2,2,0,2,1,1,0,4,50,,1,0,0,0,1,20.0,,,,1,2,2,1,7
202100044625,2021-04-09 10:42:00,2021,4,9,10,42,31,31033,27 route de toulouse,43.352286,1.46969,Plein jour,En agglomération,Hors intersection,Normale,Sans collision,3,2,2,0,1,1,1,0,1,50,,2,1,0,0,1,,32.0,,,1,2,1,1,7
202100044626,2021-04-09 16:15:00,2021,4,9,16,15,02,02757,Rue Bovalon,49.92422,3.579467,Plein jour,En agglomération,Intersection en T,Normale,Deux véhicules - frontale,3,2,2,0,2,1,1,0,1,50,,2,1,0,1,0,59.0,24.0,,,1,2,3,1,1
202100044627,2021-04-09 17:30:00,2021,4,9,17,30,84,84009,intersection D27/D42,43.786579,5.645224,Plein jour,Hors agglomération,Intersection en T,Normale,Deux véhicules - côté,3,2,2,0,1,1,1,0,1,80,,2,1,0,1,0,58.0,16.0,,,1,1,3,1,3
202100044628,2021-04-09 20:00:00,2021,4,9,20,0,85,85191,A87,46.672717,-1.358587,Plein jour,Hors agglomération,Giratoire,Normale,Deux véhicules - frontale,1,2,2,0,1,3,1,3,1,70,,2,0,0,1,1,35.0,39.0,,,1,1,6,1,1
202100044629,2021-04-09 20:00:00,2021,4,9,20,0,50,50604,La Lague,49.546379,-1.84595,Plein jour,Hors agglomération,Hors intersection,Normale,Deux véhicules - frontale,3,2,2,0,4,1,1,0,3,80,,2,1,0,1,0,23.0,,,,1,1,1,1,1
202100044630,2021-04-09 12:08:00,2021,4,9,12,8,16,16028,rue Victor Hugo,45.471722,-0.154329,Plein jour,En agglomération,Hors intersection,Normale,Autre collision,4,1,1,0,2,1,1,0,1,50,,2,1,0,1,0,43.0,,,,1,2,1,1,6
202100044631,2021-04-07 08:10:00,2021,4,7,8,10,17,17359,D115,46.100545,-0.67857,Plein jour,Hors agglomération,Hors intersection,Normale,Deux véhicules - côté,3,2,2,0,1,2,1,0,1,80,,2,0,0,2,0,30.0,23.0,,,1,1,1,1,3
202100044632,2021-02-24 14:00:00,2021,2,24,14,0,06,06085,Chemin du Grand Vallon,43.597075,6.966126,Plein jour,Hors agglomération,Hors intersection,Normale,Deux véhicules - côté,4,2,2,0,1,4,1,0,1,50,,2,1,0,0,1,57.0,23.0,,,1,1,1,1,3
202100044633,2021-04-09 18:45:00,2021,4,9,18,45,973,97305,PK16.100 RN1,4.93983,-52.411158,Nuit sans éclairage public,Hors agglomération,Hors intersection,Normale,Autre collision,2,2,2,0,1,1,1,0,1,80,,2,1,1,0,0,20.0,,,,3,1,1,1,6
202100044634,2021-04-02 16:45:00,2021,4,2,16,45,77,77203,D97,48.989089,2.940881,Plein jour,Hors agglomération,Intersection en X,Normale,Deux véhicules - côté,3,2,2,0,1,1,1,0,1,70,,3,2,0,1,0,75.0,26.0,,,1,1,2,1,3
202100044635,2021-04-09 18:05:00,2021,4,9,18,5,11,11410,D38,43.255315,2.423751,Plein jour,Hors agglomération,Hors intersection,Pluie légère,Deux véhicules - côté,3,2,2,0,1,3,2,0,1,80,,3,1,0,1,1,39.0,28.0,,,1,1,1,2,3
202100044636,2021-04-08 15:40:00,2021,4,8,15,40,83,83127,D2,43.270847,5.790374,Plein jour,Hors agglomération,Hors intersection,Normale,Autre collision,3,2,2,0,2,4,1,0,3,80,,1,0,0,1,0,27.0,,,,1,1,1,1,6