accident_id,datetime,annee,mois,jour,heure,minute,departement,commune_insee,adresse,latitude,longitude,luminosite,agglomeration,intersection,meteo,collision,catr,circ,nbv,vosp,prof,plan,surf,infra,situ,vma,nb_vehicules,nb_usagers,nb_indemnes,nb_tues,nb_blesses_hosp,nb_blesses_legers,age_cond_1,age_cond_2,veh_type_cond_1,veh_type_cond_2,lum_code,agg_code,int_code,atm_code,col_code
202100044637,2021-03-31 12:00:00,2021,3,31,12,0,67,67473,CD 118,48.580078,7.470317,Plein jour,Hors agglomération,Intersection en T,Normale,Deux véhicules - côté,3,2,2,0,2,1,1,0,1,80,,2,1,0,1,0,51.0,33.0,,,1,1,3,1,3
202100044638,2021-04-09 18:45:00,2021,4,9,18,45,01,01262,D2a,45.904568,5.014572,Plein jour,Hors agglomération,Hors intersection,Normale,Deux véhicules - arrière,3,2,2,0,1,2,1,0,1,80,,4,2,0,1,1,20.0,20.0,,,1,1,1,1,2
202100044639,2021-04-10 16:27:00,2021,4,10,16,27,81,81140,D112,43.691785,1.774571,Plein jour,Hors agglomération,Hors intersection,Normale,Deux véhicules - arrière,3,2,2,0,1,1,1,0,1,80,,2,0,0,1,1,38.0,53.0,,,1,1,1,1,2
202100044640,2021-04-10 14:05:00,2021,4,10,14,5,64,64478,D217,43.28831,-0.438171,Plein jour,Hors agglomération,Intersection en T,Normale,Deux véhicules - côté,3,2,2,0,1,2,1,2,1,70,,2,1,0,0,1,61.0,73.0,,,1,1,3,1,3
202100044641,2021-04-08 09:30:00,2021,4,8,9,30,49,49021,D59,47.435693,-0.20314,Plein jour,Hors agglomération,Hors intersection,Normale,Deux véhicules - côté,3,2,2,0,1,2,1,0,1,80,,3,2,0,1,0,70.0,39.0,,,1,1,1,1,3
202100044642,2021-04-09 10:10:00,2021,4,9,10,10,91,91617,RN 104,48.63153,2.51074,Plein jour,Hors agglomération,Hors intersection,Normale,Deux véhicules - arrière,2,1,2,0,1,1,1,0,1,110,,2,1,0,0,1,24.0,34.0,,,1,1,1,1,2
202100044643,2021-04-08 23:45:00,2021,4,8,23,45,91,91161,AUTOROUTE A6,48.6964,2.31685,Nuit sans éclairage public,Hors agglomération,Hors intersection,Normale,Deux véhicules - arrière,1,1,3,0,1,1,1,0,1,110,,2,1,0,0,1,39.0,,,,3,1,1,1,2
202100044644,2021-04-09 16:30:00,2021,4,9,16,30,92,92050,A86,48.9101759772,2.2157239175,Plein jour,Hors agglomération,Hors intersection,Normale,Trois véhicules et plus - en chaîne,1,3,6,0,1,1,1,0,1,90,,8,6,0,0,2,41.0,42.0,,,1,1,1,1,4
202100044645,2021-04-08 05:15:00,2021,4,8,5,15,78,78090,A13,48.970343,1.900637,Nuit avec éclairage allumé,Hors agglomération,Hors intersection,Normale,Deux véhicules - arrière,1,3,6,0,1,1,1,0,1,130,,2,1,0,0,1,36.0,55.0,,,5,1,1,1,2
202100044646,2021-04-09 14:30:00,2021,4,9,14,30,93,93053,AUTOROUTE A3,48.89755,2.4698,Plein jour,Hors agglomération,Hors intersection,Normale,Trois véhicules et plus - collisions multiples,1,3,10,0,1,1,1,0,1,70,,5,3,0,0,2,48.0,24.0,,,1,1,1,1,5
202100044647,2021-04-09 14:00:00,2021,4,9,14,0,93,93053,AUTOROUTE A3,48.89754,2.46977,Plein jour,Hors agglomération,Hors intersection,Normale,Deux véhicules - côté,1,3,10,0,1,1,1,0,1,70,,3,2,0,0,1,44.0,44.0,,,1,1,1,1,3
202100044648,2021-04-09 13:00:00,2021,4,9,13,0,92,92036,AUTOROUTE A86,48.93881,2.30688,Plein jour,Hors agglomération,Hors intersection,Normale,Trois véhicules et plus - en chaîne,1,3,7,0,1,1,1,0,1,90,,6,2,0,0,4,54.0,45.0,,,1,1,1,1,4
202100044649,2021-04-09 09:00:00,2021,4,9,9,0,94,94046,A86 INT,48.8108627407,2.4489178981,Plein jour,Hors agglomération,Hors intersection,Normale,Deux véhicules - arrière,1,3,2,0,1,1,1,0,1,90,,2,1,0,0,1,52.0,31.0,,,1,1,1,1,2
202100044650,2021-01-16 14:40:00,2021,1,16,14,40,22,22187,CHALUTIER SANS PITIE (Avenue du),48.53017,-2.76468,Plein jour,En agglomération,Intersection en X,Pluie légère,Deux véhicules - côté,4,2,2,0,1,1,2,5,1,50,,2,1,0,0,1,48.0,40.0,,,1,2,2,2,3
202100044651,2021-04-08 14:53:00,2021,4,8,14,53,988,98818,ROUTE DE LA BAIE DES DAMES/RUE JULES DOLBEAU,-22.24406,166.44737,Plein jour,En agglomération,Intersection en X,Normale,Deux véhicules - côté,4,2,2,0,1,1,1,0,1,50,,2,1,0,1,0,42.0,46.0,,,1,2,2,1,3
202100044652,2021-04-08 12:00:00,2021,4,8,12,0,974,97407,ROUTE DU SACRE COEUR,-20.95801,55.31727,Plein jour,Hors agglomération,Intersection en X,Normale,Sans collision,4,-1,2,0,1,1,1,0,1,50,,2,0,0,0,2,29.0,43.0,,,1,1,2,1,7
202100044653,2021-04-07 14:45:00,2021,4,7,14,45,974,97407,MASCAREIGNES(BOULEVARD),-20.9335,55.30883,Plein jour,Hors agglomération,Hors intersection,Normale,Deux véhicules - côté,4,2,2,0,1,1,1,0,1,50,,7,5,0,0,2,67.0,37.0,,,1,1,1,1,3
202100044654,2021-04-08 20:15:00,2021,4,8,20,15,973,97302,BADUEL (ROUTE DE),4.9289948509,-52.2971062661,Nuit avec éclairage allumé,En agglomération,Hors intersection,Normale,Deux véhicules - frontale,3,2,1,2,1,1,1,0,1,50,,2,0,0,2,0,39.0,48.0,,,5,2,1,1,1
202100044655,2021-04-08 22:10:00,2021,4,8,22,10,69,69388,SAINT AGNAN (R),45.73966,4.86215,Nuit avec éclairage allumé,En agglomération,Intersection en X,Normale,Deux véhicules - côté,4,1,1,0,1,1,1,0,1,30,,2,1,0,0,1,20.0,25.0,,,5,2,2,1,3
202100044656,2021-04-08 14:45:00,2021,4,8,14,45,69,69259,IRENE JOLIOT CURIE (BD),45.71791,4.87629,Plein jour,En agglomération,Hors intersection,Normale,Deux véhicules - côté,4,3,5,1,2,1,1,0,1,50,,2,1,0,0,1,20.0,30.0,,,1,2,1,1,3
202100044657,2021-04-08 14:25:00,2021,4,8,14,25,69,69388,JEAN MERMOZ (AV),45.7345531213,4.8752474785,Plein jour,En agglomération,Intersection en X,Normale,Deux véhicules - frontale,4,2,4,1,1,1,1,0,1,50,,2,1,0,0,1,67.0,41.0,,,1,2,2,1,1
202100044658,2021-03-02 11:00:00,2021,3,2,11,0,95,95607,MARECHAL FOCH (RUE DU),49.02613,2.22189,Plein jour,En agglomération,Hors intersection,Normale,Autre collision,4,1,1,0,1,1,1,0,1,30,,2,1,0,0,1,48.0,,,,1,2,1,1,6
202100044659,2021-04-06 18:30:00,2021,4,6,18,30,91,91347,RTE DE MONTLHERY,48.63418,2.29298,Plein jour,En agglomération,Hors intersection,Normale,Deux véhicules - arrière,3,3,2,0,2,1,1,0,1,50,,3,0,0,0,3,24.0,33.0,,,1,2,1,1,2
202100044660,2021-04-07 19:15:00,2021,4,7,19,15,91,91549,GABRIEL PERI (AVENUE),48.650304,2.318264,Plein jour,En agglomération,Intersection en T,Normale,Deux véhicules - côté,4,2,2,0,1,1,1,0,1,30,,2,1,0,0,1,55.0,19.0,,,1,2,3,1,3
202100044661,2021-04-07 16:47:00,2021,4,7,16,47,87,87085,CLOS SAINTE MARIE (RUE DU),45.82647,1.2705,Plein jour,En agglomération,Hors intersection,Normale,Sans collision,3,2,1,0,2,1,1,6,8,50,,1,0,0,0,1,40.0,,,,1,2,1,1,7
202100044662,2021-04-07 10:15:00,2021,4,7,10,15,87,87085,BRIAND (RUE ARISTIDE),45.84554,1.27728,Plein jour,En agglomération,Hors intersection,Normale,Autre collision,4,2,2,0,1,1,1,0,1,50,,2,1,0,0,1,40.0,,,,1,2,1,1,6
202100044663,2021-04-06 16:30:00,2021,4,6,16,30,83,83123,BANDOL (ROUTE)N° PAIRS,43.129932,5.78261,Plein jour,En agglomération,Autre intersection,Normale,Deux véhicules - côté,3,2,2,0,1,1,1,0,1,50,,2,1,0,0,1,40.0,31.0,,,1,2,9,1,3
202100044664,2021-04-08 19:00:00,2021,4,8,19,0,73,73011,D925,45.68459,6.40053,Plein jour,Hors agglomération,Hors intersection,Normale,Deux véhicules - côté,3,2,2,0,2,4,1,0,1,80,,3,0,0,2,1,28.0,36.0,,,1,1,1,1,3
202100044665,2021-04-07 18:10:00,2021,4,7,18,10,71,71153,DUMAY (RUE JEAN BAPTISTE),46.8006897533,4.4191088976,Plein jour,En agglomération,Intersection en X,Normale,Deux véhicules - côté,4,2,2,0,2,1,1,0,1,50,,2,1,0,0,1,49.0,26.0,,,1,2,2,1,3
202100044666,2021-04-08 16:05:00,2021,4,8,16,5,69,69256,LOUIS MICHOY (R),45.78579,4.91096,Plein jour,En agglomération,Hors intersection,Normale,Autre collision,4,2,2,0,1,1,1,0,1,50,,2,1,0,0,1,31.0,,,,1,2,1,1,6
202100044667,2021-04-08 08:02:00,2021,4,8,8,2,69,69290,CONDORCET (R),45.7048025031,4.9155024892,Plein jour,En agglomération,Intersection en X,Normale,Trois véhicules et plus - en chaîne,4,2,2,0,1,1,1,0,1,50,,3,2,0,0,1,47.0,31.0,,,1,2,2,1,4
202100044668,2021-04-08 09:05:00,2021,4,8,9,5,66,66136,CASTILLET (DU),42.70101,2.89619,Plein jour,En agglomération,Intersection en T,Normale,Deux véhicules - côté,4,1,1,0,1,1,1,0,1,50,,3,1,0,0,2,22.0,21.0,,,1,2,3,1,3
202100044669,2021-04-08 16:22:00,2021,4,8,16,22,65,65440,CARNOT (RUE),43.224016,0.069778,Plein jour,En agglomération,Intersection en X,Normale,Deux véhicules - frontale,4,2,2,0,1,1,1,0,1,50,,4,0,0,1,3,34.0,26.0,,,1,2,2,1,1
202100044670,2021-04-08 17:05:00,2021,4,8,17,5,64,64189,rue François TURNACO,43.3829768116,-1.6643965244,Plein jour,En agglomération,Intersection en T,Normale,Deux véhicules - côté,4,2,2,0,1,1,1,0,1,50,,3,1,0,0,2,15.0,83.0,,,1,2,3,1,3
202100044671,2021-04-08 14:00:00,2021,4,8,14,0,64,64445,RECTEUR JEAN SARRAILH,43.3112482027,-0.3661563993,Plein jour,En agglomération,Intersection en X,Normale,Deux véhicules - côté,4,2,5,2,1,1,1,0,1,50,,2,1,0,0,1,38.0,47.0,,,1,2,2,1,3
202100044672,2021-04-07 09:15:00,2021,4,7,9,15,64,64024,ADOUR (AVENUE DE L'),43.50144,-1.49273,Plein jour,En agglomération,Hors intersection,Normale,Deux véhicules - côté,4,2,2,0,1,1,1,0,1,50,,2,1,0,1,0,60.0,18.0,,,1,2,1,1,3
202100044673,2021-04-07 11:45:00,2021,4,7,11,45,63,63113,LAVOISIERS/St-Alyre,45.78659,3.08087,Plein jour,En agglomération,Intersection en X,Normale,Deux véhicules - côté,4,2,3,0,1,1,1,0,1,50,,2,1,0,0,1,41.0,31.0,,,1,2,2,1,3
202100044674,2021-04-07 10:55:00,2021,4,7,10,55,63,63113,BEAULIEU (CHEMIN DE),45.76784,3.1475,Plein jour,En agglomération,Intersection en X,Normale,Deux véhicules - côté,7,2,2,0,1,1,1,0,1,50,,2,0,0,0,2,23.0,20.0,,,1,2,2,1,3
202100044675,2021-04-02 21:37:00,2021,4,2,21,37,63,63113,COTE BLATIN (BD),45.7719,3.0938,Nuit avec éclairage allumé,En agglomération,Intersection en X,Normale,Deux véhicules - côté,4,2,2,0,1,1,1,0,1,50,,2,1,0,0,1,19.0,20.0,,,5,2,2,1,3
202100044676,2021-04-02 20:49:00,2021,4,2,20,49,63,63113,KENNEDY (BD J.F.),45.79766,3.12274,Nuit avec éclairage allumé,En agglomération,Hors intersection,Normale,Deux véhicules - côté,7,3,4,0,1,1,1,0,1,50,,2,1,0,0,1,20.0,19.0,,,5,2,1,1,3
202100044677,2021-04-07 11:55:00,2021,4,7,11,55,60,60175,BRECHE (RUE DE LA),49.26573,2.48216,Plein jour,En agglomération,Hors intersection,Normale,Deux véhicules - côté,4,2,1,0,1,1,1,0,1,30,,2,1,0,1,0,9.0,20.0,,,1,2,1,1,3
202100044678,2021-04-07 18:21:00,2021,4,7,18,21,56,56098,Parking du Géant Casino,47.77532,-3.34213,Plein jour,En agglomération,Hors intersection,Normale,Autre collision,6,-1,-1,0,1,1,1,0,1,30,,2,1,0,0,1,19.0,,,,1,2,1,1,6
202100044679,2021-04-07 18:45:00,2021,4,7,18,45,54,54526,HAASBERGEN (RUE),48.6883628826,6.2126465142,Plein jour,En agglomération,Intersection en X,Normale,Autre collision,4,2,2,0,1,1,1,0,1,30,,2,1,0,0,1,60.0,,,,1,2,2,1,6
202100044680,2021-04-08 16:00:00,2021,4,8,16,0,51,51454,Place des Trois-Fontaines,49.2779197076,4.0051978827,Plein jour,En agglomération,Giratoire,Normale,Deux véhicules - arrière,4,1,1,0,1,2,1,0,1,50,,2,1,0,0,1,32.0,59.0,,,1,2,6,1,2
202100044681,2021-04-08 14:30:00,2021,4,8,14,30,51,51454,Rue Gerbert,49.25148,4.04195,Plein jour,En agglomération,Intersection en X,Normale,Deux véhicules - frontale,4,2,3,0,1,1,1,0,1,50,,2,1,0,0,1,42.0,35.0,,,1,2,2,1,1
202100044682,2021-04-06 11:30:00,2021,4,6,11,30,50,50129,KOENIG (AVENUE DU GENERAL),49.63338,-1.60116,Plein jour,En agglomération,Hors intersection,Normale,Deux véhicules - arrière,4,2,2,0,1,1,1,0,1,50,,2,1,0,0,1,,15.0,,,1,2,1,1,2
202100044683,2021-04-05 18:30:00,2021,4,5,18,30,50,50203,ROUGES TERRES (LES),49.61727,-1.60847,Plein jour,En agglomération,Hors intersection,Normale,Deux véhicules - arrière,2,2,2,0,2,1,1,0,1,50,,2,1,0,0,1,27.0,64.0,,,1,2,1,1,2
202100044684,2021-04-07 13:50:00,2021,4,7,13,50,49,49099,VICTOIRE (BOULEVARD DE LA ),47.05662,-0.87775,Plein jour,Hors agglomération,Intersection en X,Normale,Deux véhicules - côté,4,3,4,0,4,1,1,0,1,50,,2,1,0,0,1,53.0,46.0,,,1,1,2,1,3
202100044685,2021-04-08 10:15:00,2021,4,8,10,15,49,49007,TRAQUETTE,47.4762113659,-0.5729423106,Plein jour,En agglomération,Hors intersection,Normale,Deux véhicules - côté,4,2,2,0,1,1,1,0,1,50,,2,1,0,0,1,33.0,86.0,,,1,2,1,1,3
202100044686,2021-04-04 19:10:00,2021,4,4,19,10,49,49007,BICHON PLACE,47.478355,-0.564888,Plein jour,En agglomération,Hors intersection,Normale,Deux véhicules - frontale,4,2,4,2,1,1,1,0,1,50,,2,1,0,0,1,19.0,27.0,,,1,2,1,1,1
202100044687,2021-04-04 03:47:00,2021,4,4,3,47,49,49267,Route d'ANGERS,47.4683066117,-0.5056393147,Nuit avec éclairage allumé,En agglomération,Hors intersection,Normale,Autre collision,4,2,2,0,1,1,1,0,1,50,,1,0,0,0,1,20.0,,,,5,2,1,1,6
202100044688,2021-04-07 15:30:00,2021,4,7,15,30,49,49007,MONTAIGNE AVENUE,47.4687,-0.5317,Plein jour,En agglomération,Hors intersection,Normale,Deux véhicules - arrière,4,2,4,2,1,1,1,0,1,50,,2,1,0,0,1,96.0,42.0,,,1,2,1,1,2
202100044689,2021-03-24 18:30:00,2021,3,24,18,30,45,45234,Boulevard Marie Stuart,47.91107,1.93128,Plein jour,En agglomération,Hors intersection,Normale,Autre collision,4,3,2,3,1,1,1,0,1,50,,2,1,0,0,1,26.0,,,,1,2,1,1,6
202100044690,2021-04-08 10:05:00,2021,4,8,10,5,38,38185,Avenue Marcelin Berthelot,45.17994,5.73167,Plein jour,En agglomération,Hors intersection,Normale,Autre collision,4,1,1,1,1,1,1,0,1,50,,2,1,0,1,0,76.0,24.0,,,1,2,1,1,6
202100044691,2021-03-12 15:15:00,2021,3,12,15,15,34,34108,MOULIN JEAN (AVENUE),43.4461720388,3.7515109337,Plein jour,En agglomération,Hors intersection,Normale,Autre collision,4,2,2,0,1,1,1,0,1,30,,2,1,0,1,0,62.0,,,,1,2,1,1,6
202100044692,2021-04-08 12:30:00,2021,4,8,12,30,33,33063,Rue de Sauternes,44.81739,-0.56919,Plein jour,En agglomération,Intersection en Y,Normale,Autre collision,4,1,1,0,2,3,1,9,1,30,,2,1,0,0,1,,,,,1,2,4,1,6
202100044693,2021-04-04 16:20:00,2021,4,4,16,20,33,33119,Avenue Carnot,44.86412,-0.51983,Plein jour,En agglomération,Giratoire,Normale,Deux véhicules - côté,4,2,4,3,1,1,1,0,8,50,,2,1,0,0,1,30.0,53.0,,,1,2,6,1,3
202100044694,2021-04-08 14:30:00,2021,4,8,14,30,33,33009,Allée Anglicane,44.656408,-1.176387,Plein jour,En agglomération,Intersection en X,Normale,Deux véhicules - côté,4,1,1,0,2,1,1,0,1,50,,4,2,0,0,2,66.0,75.0,,,1,2,2,1,3
202100044695,2021-04-02 20:30:00,2021,4,2,20,30,30,30189,ANCIENS COMBATTANTS D INDOCHINE,43.86907,4.32565,Nuit avec éclairage allumé,En agglomération,Hors intersection,Normale,Deux véhicules - côté,2,1,2,0,1,1,1,0,1,80,,2,0,0,1,1,21.0,30.0,,,5,2,1,1,3
202100044696,2021-02-16 09:55:00,2021,2,16,9,55,27,27229,SAINT LEGER (RUE DU FAUBOURG),49.03623,1.15667,Plein jour,En agglomération,Hors intersection,Normale,Autre collision,3,2,1,0,1,1,1,0,1,50,,2,1,0,0,1,23.0,,,,1,2,1,1,6
202100044697,2021-04-06 12:50:00,2021,4,6,12,50,24,24138,MARIVAL (ROUTE DE),45.16946,0.68254,Plein jour,En agglomération,Hors intersection,Normale,Deux véhicules - frontale,4,-1,2,0,4,2,1,0,1,50,,3,0,0,1,2,66.0,33.0,,,1,2,1,1,1
202100044698,2021-03-30 18:14:00,2021,3,30,18,14,19,19272,Charles de Gaulle (Av),45.26835,1.76991,Plein jour,En agglomération,Hors intersection,Normale,Deux véhicules - côté,4,2,2,0,1,1,1,0,1,30,,2,1,0,0,1,28.0,28.0,,,1,2,1,1,3
202100044699,2021-04-06 15:40:00,2021,4,6,15,40,19,19031,RIVET (AVENUE JEAN CHARLES),45.15045,1.49757,Plein jour,En agglomération,Hors intersection,Normale,Deux véhicules - côté,4,2,2,0,1,1,1,0,1,50,,4,2,0,2,0,19.0,33.0,,,1,2,1,1,3
202100044700,2021-04-08 18:00:00,2021,4,8,18,0,14,14118,Rue de Stockholm,49.18865,-0.38957,Plein jour,En agglomération,Intersection en X,Normale,Deux véhicules - côté,4,2,2,0,1,1,1,0,1,50,,2,1,0,0,1,49.0,36.0,,,1,2,2,1,3
202100044701,2021-04-08 15:00:00,2021,4,8,15,0,13,13047,D.5,43.59939,4.93595,Plein jour,Hors agglomération,Giratoire,Normale,Deux véhicules - côté,7,2,2,0,1,1,1,0,1,80,,4,0,0,0,4,21.0,66.0,,,1,1,6,1,3
202100044702,2021-04-01 09:26:00,2021,4,1,9,26,12,12176,CANAC (CHEMIN DE ),44.362707,2.587058,Plein jour,En agglomération,Intersection en Y,Normale,Autre collision,4,2,2,0,3,1,1,5,1,50,,2,1,0,1,0,64.0,,,,1,2,4,1,6
202100044703,2021-04-07 17:35:00,2021,4,7,17,35,10,10321,GENERAL LECLERC (RUE DU),48.2911718501,4.0295737982,Plein jour,En agglomération,Intersection en T,Normale,Deux véhicules - côté,3,2,2,1,1,1,1,0,1,50,,2,1,0,0,1,19.0,40.0,,,1,2,3,1,3
202100044704,2021-04-07 16:05:00,2021,4,7,16,5,10,10081,PRESIDENT RENE COTY,48.32299,4.03278,Plein jour,En agglomération,Hors intersection,Normale,Deux véhicules - arrière,3,2,4,0,1,1,1,0,1,50,,2,1,0,0,1,27.0,72.0,,,1,2,1,1,2
202100044705,2021-03-05 09:10:00,2021,3,5,9,10,05,05061,LADOUCETTE ( COURS ),44.56191,6.08358,Plein jour,En agglomération,Hors intersection,Normale,Autre collision,2,2,3,0,1,1,1,0,1,50,,2,1,0,1,0,66.0,,,,1,2,1,1,6
202100044706,2021-04-08 21:05:00,2021,4,8,21,5,75,75118,PORTE DE LA CHAPELLE,48.901023,2.356188,Nuit avec éclairage allumé,En agglomération,Hors intersection,Normale,Sans collision,4,1,4,0,1,1,1,0,1,70,,1,0,0,0,1,24.0,,,,5,2,1,1,7
202100044707,2021-04-07 22:15:00,2021,4,7,22,15,75,75109,BOULEVARD MONTMARTRE,48.8719629419,2.34003697,Nuit avec éclairage allumé,En agglomération,Intersection à plus de 4 branches,Normale,Deux véhicules - côté,4,-1,0,0,1,1,1,0,1,50,,6,5,0,0,1,28.0,45.0,,,5,2,5,1,3
202100044708,2021-04-06 13:30:00,2021,4,6,13,30,75,75119,BOULEVARD D ALGERIE,48.882208,2.400438,Plein jour,En agglomération,Hors intersection,Normale,Autre collision,4,2,2,0,1,3,1,0,1,50,,2,0,0,0,2,26.0,,,,1,2,1,1,6
202100044709,2021-04-08 15:45:00,2021,4,8,15,45,75,75120,RUE DES PYRENEES,48.848953,2.406597,Plein jour,En agglomération,Intersection en X,Normale,Deux véhicules - côté,4,2,2,0,1,1,1,0,1,50,,3,1,0,0,2,50.0,25.0,,,1,2,2,1,3
202100044710,2021-04-08 08:55:00,2021,4,8,8,55,75,75117,PLACE DE WAGRAM,48.8875746164,2.3046451807,Plein jour,En agglomération,Place,Normale,Deux véhicules - arrière,4,-1,2,0,1,1,1,0,1,50,,2,0,0,0,2,31.0,24.0,,,1,2,7,1,2
202100044711,2021-04-06 08:00:00,2021,4,6,8,0,75,75116,PLACE DE LA PORTE MAILLOT,48.877373,2.281244,Plein jour,En agglomération,Place,Temps éblouissant,Deux véhicules - côté,4,1,3,0,1,2,1,0,1,50,,2,1,0,0,1,50.0,51.0,,,1,2,7,7,3
202100044712,2021-04-08 17:30:00,2021,4,8,17,30,75,75115,BOULEVARD PASTEUR,48.843007,2.312815,Plein jour,En agglomération,Intersection en X,Normale,Autre collision,4,1,2,1,2,1,1,0,4,50,,2,1,0,0,1,33.0,,,,1,2,2,1,6
202100044713,2021-04-08 11:05:00,2021,4,8,11,5,75,75115,QUAI ANDRE CITROEN,48.8473975922,2.2788677706,Plein jour,En agglomération,Intersection en X,Normale,Sans collision,4,1,1,0,1,1,1,0,1,30,,1,0,0,0,1,21.0,,,,1,2,2,1,7
202100044714,2021-04-08 15:30:00,2021,4,8,15,30,75,75114,BOULEVARD JOURDAN,48.819713,2.341356,Plein jour,En agglomération,Hors intersection,Normale,Autre collision,4,2,6,1,2,1,1,-1,5,50,,2,1,0,0,1,26.0,,,,1,2,1,1,6
202100044715,2021-04-08 18:50:00,2021,4,8,18,50,75,75113,PLACE D ITALIE,48.831878,2.355837,Plein jour,En agglomération,Place,Normale,Deux véhicules - arrière,4,1,5,0,1,2,1,0,1,50,,2,1,0,0,1,31.0,41.0,,,1,2,7,1,2
202100044716,2021-04-08 17:30:00,2021,4,8,17,30,75,75112,AVENUE DE NOGENT,48.839013,2.460317,Plein jour,En agglomération,Intersection en T,Normale,Deux véhicules - côté,4,2,3,0,1,1,1,0,1,50,,6,5,0,0,1,25.0,37.0,,,1,2,3,1,3
202100044717,2021-04-08 13:20:00,2021,4,8,13,20,75,75105,PONT D AUSTERLITZ,48.844786,2.365939,Plein jour,En agglomération,Hors intersection,Normale,Deux véhicules - côté,4,1,4,0,1,1,1,2,1,50,,2,1,0,0,1,27.0,30.0,,,1,2,1,1,3
202100044718,2021-04-08 15:56:00,2021,4,8,15,56,75,75110,BOULEVARD DE LA VILLETTE,48.881882,2.370067,Plein jour,En agglomération,Intersection en Y,Normale,Deux véhicules - arrière,4,1,3,1,1,1,1,0,1,30,,2,1,0,0,1,55.0,38.0,,,1,2,4,1,2
202100044719,2021-04-08 15:10:00,2021,4,8,15,10,75,75108,AVENUE DE FRIEDLAND,48.8741553216,2.2989265957,Plein jour,En agglomération,Intersection en Y,Normale,Trois véhicules et plus - en chaîne,4,2,4,3,1,1,1,0,1,50,,3,2,0,0,1,32.0,41.0,,,1,2,4,1,4
202100044720,2021-04-08 20:50:00,2021,4,8,20,50,75,75115,QUAI BRANLY,48.85748,2.291025,Nuit avec éclairage allumé,En agglomération,Intersection en T,Normale,Deux véhicules - côté,4,1,4,0,1,1,1,0,1,50,,2,1,0,0,1,33.0,19.0,,,5,2,3,1,3
202100044721,2021-04-07 12:30:00,2021,4,7,12,30,94,94068,Avenue Emile Zola,48.800701,2.484325,Plein jour,En agglomération,Intersection en X,Normale,Deux véhicules - côté,4,1,1,0,1,1,1,0,1,30,,3,1,0,1,1,25.0,31.0,,,1,2,2,1,3
202100044722,2021-04-08 15:40:00,2021,4,8,15,40,94,94042,Avenue du Général Galliéni,48.820085,2.476883,Plein jour,En agglomération,Hors intersection,Normale,Deux véhicules - côté,3,2,4,2,1,1,1,0,5,30,,3,2,0,0,1,62.0,33.0,,,1,2,1,1,3
202100044723,2021-04-08 14:15:00,2021,4,8,14,15,94,94058,LAMARTINE (AV),48.850152,2.496606,Plein jour,En agglomération,Hors intersection,Normale,Autre collision,4,1,1,0,1,1,1,0,4,30,,1,0,0,0,1,29.0,,,,1,2,1,1,6
202100044724,2021-04-08 12:55:00,2021,4,8,12,55,94,94042,Place de Verdun,48.82004,2.4734,Plein jour,En agglomération,Hors intersection,Normale,Autre collision,3,2,0,3,1,1,1,0,1,50,,2,1,0,0,1,32.0,,,,1,2,1,1,6
202100044725,2021-04-07 20:15:00,2021,4,7,20,15,94,94022,Rue Jean Jaures,48.765204,2.408051,Crépuscule ou aube,En agglomération,Hors intersection,Normale,Deux véhicules - côté,3,1,2,0,1,1,1,0,1,30,,2,1,0,0,1,30.0,34.0,,,2,2,1,1,3
202100044726,2021-04-08 09:45:00,2021,4,8,9,45,94,94075,Avenue du Mal de Lattre de Tassigny,48.72747,2.53108,Plein jour,En agglomération,Hors intersection,Normale,Deux véhicules - arrière,2,3,4,0,1,1,1,0,1,50,,2,1,0,0,1,59.0,67.0,,,1,2,1,1,2
202100044727,2021-04-08 07:05:00,2021,4,8,7,5,93,93064,JAURES (AVENUE JEAN),48.86578,2.48736,Plein jour,En agglomération,Hors intersection,Normale,Deux véhicules - côté,3,2,1,0,1,1,1,0,1,50,,2,1,0,0,1,57.0,22.0,,,1,2,1,1,3
202100044728,2021-04-07 16:45:00,2021,4,7,16,45,93,93050,JOLIOT CURIE (RUE),48.8589494379,2.5284513099,Plein jour,En agglomération,Hors intersection,Normale,Autre collision,4,2,2,0,1,1,1,0,1,30,,2,1,0,0,1,55.0,,,,1,2,1,1,6
202100044729,2021-04-07 18:45:00,2021,4,7,18,45,93,93006,GALLIENI  AV.,48.86215,2.41607,Plein jour,En agglomération,Hors intersection,Normale,Deux véhicules - côté,3,1,1,0,1,1,1,0,1,30,,2,1,0,0,1,35.0,38.0,,,1,2,1,1,3
202100044730,2021-04-08 16:15:00,2021,4,8,16,15,92,92047,MARCHE,48.8359583196,2.1600855142,Plein jour,En agglomération,Hors intersection,Normale,Deux véhicules - côté,4,2,2,0,1,1,1,0,1,30,,2,1,0,0,1,7.0,26.0,,,1,2,1,1,3
202100044731,2021-04-09 09:30:00,2021,4,9,9,30,62,62086,D8,50.218147,2.578343,Plein jour,Hors agglomération,Intersection en X,Normale,Deux véhicules - côté,2,2,2,0,1,1,1,5,1,80,,3,2,0,1,0,34.0,67.0,,,1,1,2,1,3
202100044732,2021-04-08 13:45:00,2021,4,8,13,45,62,62473,D187,50.627932,2.436261,Plein jour,Hors agglomération,Hors intersection,Normale,Deux véhicules - côté,3,2,1,0,4,1,1,0,5,80,,2,1,0,0,1,67.0,,,,1,1,1,1,3
202100044733,2021-04-08 06:56:00,2021,4,8,6,56,56,56184,Le Hulo,47.66215,-2.471194,Crépuscule ou aube,Hors agglomération,Hors intersection,Normale,Autre collision,3,2,2,0,2,2,1,0,3,50,,1,0,0,1,0,23.0,,,,2,1,1,1,6
202100044734,2021-04-06 10:45:00,2021,4,6,10,45,67,67543,6 Grand'Rue,48.501649,7.252952,Plein jour,En agglomération,Hors intersection,Normale,Autre collision,3,-1,2,0,1,1,1,0,4,-1,,2,1,0,1,0,40.0,,,,1,2,1,1,6