accident_id,datetime,annee,mois,jour,heure,minute,departement,commune_insee,adresse,latitude,longitude,luminosite,agglomeration,intersection,meteo,collision,catr,circ,nbv,vosp,prof,plan,surf,infra,situ,vma,nb_vehicules,nb_usagers,nb_indemnes,nb_tues,nb_blesses_hosp,nb_blesses_legers,age_cond_1,age_cond_2,veh_type_cond_1,veh_type_cond_2,lum_code,agg_code,int_code,atm_code,col_code
202100044735,2021-04-08 13:45:00,2021,4,8,13,45,76,76204,133 route de montreuil,49.7383580259,1.1473980546,Plein jour,En agglomération,Hors intersection,Temps éblouissant,Sans collision,3,2,2,0,1,1,1,0,1,50,,2,1,0,1,0,58.0,22.0,,,1,2,1,7,7
202100044736,2021-04-09 15:30:00,2021,4,9,15,30,80,80320,Route Departementale 934 - PK 19+300,49.755091,2.653075,Plein jour,Hors agglomération,Hors intersection,Normale,Sans collision,3,3,4,0,1,1,1,0,3,110,,2,0,0,0,2,20.0,,,,1,1,1,1,7
202100044737,2021-04-08 12:45:00,2021,4,8,12,45,80,80373,D48,49.994802,1.566957,Plein jour,Hors agglomération,Hors intersection,Normale,Autre collision,3,2,2,0,2,1,1,0,3,80,,3,2,0,0,1,31.0,,,,1,1,1,1,6
202100044738,2021-04-09 08:30:00,2021,4,9,8,30,71,71230,Rue des Potiers,46.597776,4.063337,Plein jour,En agglomération,Intersection en T,Normale,Autre collision,4,2,2,0,1,1,1,0,1,50,,2,1,0,1,0,27.0,,,,1,2,3,1,6
202100044739,2021-04-08 18:30:00,2021,4,8,18,30,71,71441,la belouze,46.3156761393,4.5602809883,Plein jour,En agglomération,Intersection en Y,Normale,Deux véhicules - frontale,3,2,1,0,1,1,1,0,1,50,,2,1,0,1,0,45.0,32.0,,,1,2,4,1,1
202100044740,2021-04-08 10:00:00,2021,4,8,10,0,63,63276,Route de Billom,45.8085091937,3.4814450741,Plein jour,Hors agglomération,Hors intersection,Normale,Autre collision,3,2,2,0,1,1,1,0,3,80,,1,0,0,1,0,41.0,,,,1,1,1,1,6
202100044741,2021-04-09 13:55:00,2021,4,9,13,55,55,55519,Grande Rue,48.72012,5.279247,Plein jour,En agglomération,Intersection en T,Normale,Deux véhicules - frontale,3,2,2,0,1,1,1,0,1,50,,2,1,0,0,1,14.0,87.0,,,1,2,3,1,1
202100044742,2021-04-08 18:55:00,2021,4,8,18,55,68,68264,D21,47.571251,7.410404,Plein jour,Hors agglomération,Intersection en T,Normale,Deux véhicules - côté,3,2,2,0,1,1,1,0,8,80,,2,1,0,0,1,22.0,32.0,,,1,1,3,1,3
202100044743,2021-04-09 00:40:00,2021,4,9,0,40,68,68384,39 Faubourg de Mulhouse,47.694467,7.297421,Nuit avec éclairage allumé,En agglomération,Hors intersection,Normale,Autre collision,3,2,2,0,1,1,1,0,4,50,,2,0,0,2,0,20.0,,,,5,2,1,1,6
202100044744,2021-04-07 12:15:00,2021,4,7,12,15,29,29105,Rue du Pontic,48.5197353315,-4.0665511654,Plein jour,En agglomération,Hors intersection,Normale,Trois véhicules et plus - en chaîne,4,2,2,0,1,1,1,0,1,50,,4,1,0,0,3,54.0,54.0,,,1,2,1,1,4
202100044745,2021-04-09 16:30:00,2021,4,9,16,30,02,02323,d8,49.91897,3.358598,Plein jour,Hors agglomération,Hors intersection,Pluie légère,Deux véhicules - frontale,3,2,2,0,3,1,2,0,3,80,,5,0,1,3,1,22.0,20.0,,,1,1,1,2,1
202100044746,2021-04-09 10:20:00,2021,4,9,10,20,03,03003,place victor hugo,46.711391,2.69473,Plein jour,En agglomération,Intersection en T,Temps éblouissant,Autre collision,3,2,2,0,4,2,1,0,1,50,,2,1,0,1,0,70.0,,,,1,2,3,7,6
202100044747,2021-04-08 17:00:00,2021,4,8,17,0,03,03195,4 Rue du Commandant Goëtschy,46.287353,2.661738,Plein jour,En agglomération,Hors intersection,Normale,Sans collision,3,2,2,0,1,1,9,8,1,30,,1,0,0,1,0,79.0,,,,1,2,1,1,7
202100044748,2021-04-09 09:00:00,2021,4,9,9,0,01,01069,D64,46.132534,5.260563,Plein jour,Hors agglomération,Intersection en X,Vent fort / tempête,Deux véhicules - frontale,3,3,2,0,1,1,1,0,1,80,,3,1,0,1,1,42.0,30.0,,,1,1,2,6,1
202100044749,2021-04-08 15:30:00,2021,4,8,15,30,01,01115,D1079,46.259734,5.036716,Plein jour,Hors agglomération,Intersection en X,Normale,Trois véhicules et plus - collisions multiples,3,2,3,0,1,1,1,5,1,80,,4,3,0,1,0,20.0,53.0,,,1,1,2,1,5
202100044750,2021-03-26 18:10:00,2021,3,26,18,10,01,01115,Route de Bourg,46.254415,5.074906,Plein jour,Hors agglomération,Intersection en T,Normale,Deux véhicules - arrière,3,2,2,0,1,1,1,0,1,80,,2,1,0,0,1,30.0,31.0,,,1,1,3,1,2
202100044751,2021-03-27 19:25:00,2021,3,27,19,25,43,43078,Route de la Gare,45.001428,3.912163,Crépuscule ou aube,En agglomération,Hors intersection,Normale,Deux véhicules - frontale,3,2,2,0,2,1,1,0,1,-1,,3,2,0,0,1,56.0,53.0,,,2,2,1,1,1
202100044752,2021-04-09 13:15:00,2021,4,9,13,15,16,16181,Lotissement le Pre Meunier,46.071303,0.671915,Plein jour,En agglomération,Hors intersection,Normale,Deux véhicules - frontale,3,2,2,0,1,2,1,0,1,50,,2,0,1,0,1,84.0,23.0,,,1,2,1,1,1
202100044753,2021-04-08 15:15:00,2021,4,8,15,15,07,07289,Rue du Luol,44.628802,4.412969,Plein jour,En agglomération,Intersection en T,Normale,Deux véhicules - côté,3,2,2,0,2,1,1,0,1,50,,2,1,0,1,0,8.0,47.0,,,1,2,3,1,3
202100044754,2021-04-08 15:20:00,2021,4,8,15,20,24,24182,Départementale 32,44.873937,0.247321,Plein jour,En agglomération,Hors intersection,Normale,Deux véhicules - frontale,3,2,2,0,1,3,1,0,1,50,,2,1,0,1,0,40.0,40.0,,,1,2,1,1,1
202100044755,2021-01-24 13:15:00,2021,1,24,13,15,37,37115,avenue du Maréchal Leclerc - RD 750,46.966331302,0.7036013603,Plein jour,En agglomération,Hors intersection,Normale,Autre collision,3,2,2,0,1,2,1,0,8,50,,1,0,0,1,0,23.0,,,,1,2,1,1,6
202100044756,2021-04-01 05:00:00,2021,4,1,5,0,30,30003,route départementale 62,43.572105,4.174204,Nuit avec éclairage allumé,Hors agglomération,Giratoire,Brouillard / fumée,Sans collision,3,3,4,0,1,1,2,5,8,90,,1,0,0,1,0,19.0,,,,5,1,6,5,7
202100044757,2021-04-09 11:20:00,2021,4,9,11,20,08,08113,D8,49.655238,4.222226,Plein jour,Hors agglomération,Hors intersection,Normale,Sans collision,3,2,2,0,2,1,1,0,3,80,,2,0,0,0,2,30.0,,,,1,1,1,1,7
202100044758,2021-04-08 18:50:00,2021,4,8,18,50,88,88465,Rue Horace Koecklin,48.244822,6.42572,Plein jour,En agglomération,Intersection en X,Temps éblouissant,Deux véhicules - côté,4,2,2,0,2,1,1,0,1,50,,2,1,0,1,0,29.0,15.0,,,1,2,2,7,3
202100044759,2021-03-26 07:20:00,2021,3,26,7,20,03,03256,autoroute a71,46.339002,2.882933,Plein jour,Hors agglomération,Hors intersection,Normale,Deux véhicules - arrière,1,3,4,0,1,1,1,0,1,130,,2,1,0,0,1,52.0,39.0,,,1,1,1,1,2
202100044760,2021-04-08 08:20:00,2021,4,8,8,20,44,44213,"A 11, PK 299+500",47.417309,-1.000002,Plein jour,Hors agglomération,Hors intersection,Brouillard / fumée,Trois véhicules et plus - collisions multiples,1,1,2,3,1,1,1,9,1,130,,7,5,0,0,2,69.0,46.0,,,1,1,1,5,5
202100044761,2021-04-09 15:15:00,2021,4,9,15,15,988,98802,Pont de la Ouenghi RT1,-21.90296,166.115518,Plein jour,Hors agglomération,Hors intersection,Pluie légère,Trois véhicules et plus - collisions multiples,2,2,2,0,1,2,2,2,1,90,,8,4,0,2,2,39.0,39.0,,,1,1,1,2,5
202100044762,2021-04-09 08:20:00,2021,4,9,8,20,974,97415,voie cannière,-21.067651,55.22943,Plein jour,Hors agglomération,Intersection en T,Normale,Autre collision,3,2,2,0,2,2,1,5,1,80,,2,1,0,0,1,41.0,54.0,,,1,1,3,1,6
202100044763,2021-04-08 21:30:00,2021,4,8,21,30,37,37258,7 route de Thizay,47.171365,0.137866,Nuit sans éclairage public,Hors agglomération,Hors intersection,Normale,Autre collision,3,2,2,0,1,1,1,0,1,70,,2,1,1,0,0,34.0,,,,3,1,1,1,6
202100044764,2021-03-17 12:35:00,2021,3,17,12,35,66,66094,Avenue de la Mer,42.605276,3.008033,Plein jour,Hors agglomération,Hors intersection,Vent fort / tempête,Deux véhicules - frontale,4,2,2,0,1,3,1,0,1,50,,2,1,0,1,0,18.0,34.0,,,1,1,1,6,1
202100044765,2021-03-29 14:48:00,2021,3,29,14,48,66,66037,1 rue Ile de france,42.6939487063,3.034016937,Plein jour,En agglomération,Hors intersection,Normale,Deux véhicules - arrière,4,1,1,0,1,1,1,0,3,50,,2,1,0,1,0,23.0,71.0,,,1,2,1,1,2
202100044766,2021-04-08 16:20:00,2021,4,8,16,20,06,06075,1174 Route de la Roquette,43.849705,7.223518,Plein jour,En agglomération,Hors intersection,Normale,Deux véhicules - frontale,7,2,2,0,1,1,1,0,1,50,,2,1,0,1,0,17.0,50.0,,,1,2,1,1,1
202100044767,2021-04-08 11:45:00,2021,4,8,11,45,13,13105,D7n,43.739844,5.118132,Plein jour,Hors agglomération,Hors intersection,Normale,Trois véhicules et plus - collisions multiples,7,2,2,0,1,1,1,0,1,80,,5,2,0,3,0,61.0,57.0,,,1,1,1,1,5
202100044768,2021-04-08 18:35:00,2021,4,8,18,35,54,54150,D 40,48.7725745562,6.1451554293,Plein jour,Hors agglomération,Hors intersection,Normale,Sans collision,3,-1,2,0,1,1,1,0,3,80,,1,0,0,1,0,62.0,,,,1,1,1,1,7
202100044769,2021-04-09 12:30:00,2021,4,9,12,30,38,38509,D1006,45.563748,5.443913,Plein jour,En agglomération,Hors intersection,Normale,Autre collision,3,2,2,0,1,3,1,0,4,50,,1,0,0,0,1,54.0,,,,1,2,1,1,6
202100044770,2021-04-01 07:45:00,2021,4,1,7,45,07,07324,Digue du Doux,45.071918,4.809592,Plein jour,En agglomération,Hors intersection,Normale,Autre collision,4,-1,1,0,1,1,1,0,3,50,,1,0,0,1,0,15.0,,,,1,2,1,1,6
202100044771,2021-04-07 18:01:00,2021,4,7,18,1,69,69295,FONDERIE (DE LA) (R),45.6277439995,4.8725008965,Plein jour,Hors agglomération,Hors intersection,Normale,Deux véhicules - frontale,3,2,2,0,1,2,1,0,1,80,,2,0,0,0,2,48.0,49.0,,,1,1,1,1,1
202100044772,2021-04-09 06:45:00,2021,4,9,6,45,29,29042,1 Route de Camaret,48.2470968093,-4.500526798,Nuit avec éclairage allumé,En agglomération,Giratoire,Normale,Autre collision,3,1,2,1,1,1,1,-1,1,50,,1,0,0,1,0,28.0,,,,5,2,6,1,6
202100044773,2021-04-08 13:05:00,2021,4,8,13,5,29,29294,Lieu-Dit Keropartz,48.401147,-4.13094,Plein jour,Hors agglomération,Autre intersection,Normale,Deux véhicules - côté,3,2,2,0,2,1,1,0,1,80,,2,1,0,1,0,30.0,28.0,,,1,1,9,1,3
202100044774,2021-04-08 17:15:00,2021,4,8,17,15,13,13071,A51-Sens Aix en Provence vers Marseille,43.4076552786,5.3626114873,Plein jour,Hors agglomération,Hors intersection,Normale,Deux véhicules - côté,1,1,4,0,1,1,1,0,1,90,,2,1,0,0,1,27.0,,,,1,1,1,1,3
202100044775,2021-04-07 13:15:00,2021,4,7,13,15,13,13211,A50-Sens Marseille vers Aubagne,43.28811,5.49984,Plein jour,Hors agglomération,Hors intersection,Normale,Deux véhicules - côté,1,3,3,0,1,1,1,0,1,90,,2,1,0,0,1,53.0,28.0,,,1,1,1,1,3
202100044776,2021-03-25 06:45:00,2021,3,25,6,45,69,69091,A47,45.58549,4.75128,Plein jour,Hors agglomération,Hors intersection,Normale,Deux véhicules - arrière,1,-1,4,0,1,1,1,0,1,90,,3,2,0,0,1,,34.0,,,1,1,1,1,2
202100044777,2021-04-07 07:30:00,2021,4,7,7,30,59,59189,AUTOROUTE A25,50.796222,2.611743,Plein jour,Hors agglomération,Hors intersection,Normale,Autre collision,1,3,4,0,1,1,1,0,1,110,,1,0,0,1,0,25.0,,,,1,1,1,1,6
202100044778,2021-04-07 17:19:00,2021,4,7,17,19,92,92002,AUTOROUTE A6,48.7348,2.3164,Plein jour,Hors agglomération,Hors intersection,Normale,Deux véhicules - côté,1,2,6,0,1,1,1,0,1,110,,2,1,0,1,0,36.0,50.0,,,1,1,1,1,3
202100044779,2021-04-07 12:09:00,2021,4,7,12,9,92,92002,AUTOROUTE A86,48.7629853869,2.3043052888,Plein jour,Hors agglomération,Hors intersection,Normale,Deux véhicules - arrière,1,3,4,0,3,1,1,0,1,70,,2,1,0,0,1,40.0,41.0,,,1,1,1,1,2
202100044780,2021-04-07 21:20:00,2021,4,7,21,20,78,78524,A13,48.839946,2.116492,Nuit avec éclairage allumé,Hors agglomération,Hors intersection,Normale,Deux véhicules - côté,1,3,6,0,1,1,1,0,1,110,,2,1,0,0,1,44.0,24.0,,,5,1,1,1,3
202100044781,2021-04-08 16:10:00,2021,4,8,16,10,93,93066,AUTOROUTE A1,48.92295,2.35723,Plein jour,Hors agglomération,Hors intersection,Normale,Deux véhicules - arrière,1,3,6,0,1,1,1,0,1,90,,4,2,0,0,2,43.0,57.0,,,1,1,1,1,2
202100044782,2021-04-08 12:35:00,2021,4,8,12,35,92,92078,AUTOROUTE A86,48.9278120726,2.3321565986,Plein jour,Hors agglomération,Hors intersection,Normale,Deux véhicules - côté,1,3,6,0,1,2,1,0,8,90,,2,1,0,0,1,25.0,41.0,,,1,1,1,1,3
202100044783,2021-04-07 19:45:00,2021,4,7,19,45,93,93066,AUTOROUTE A86,48.92565,2.33845,Crépuscule ou aube,Hors agglomération,Hors intersection,Normale,Deux véhicules - côté,1,3,8,0,1,1,1,0,1,90,,2,1,1,0,0,25.0,51.0,,,2,1,1,1,3
202100044784,2021-04-07 19:40:00,2021,4,7,19,40,93,93010,AUTOROUTE A3,48.90493,2.4713,Crépuscule ou aube,Hors agglomération,Hors intersection,Normale,Deux véhicules - arrière,1,1,2,0,3,2,1,3,1,70,,2,1,0,0,1,42.0,,,,2,1,1,1,2
202100044785,2021-02-02 23:50:00,2021,2,2,23,50,76,76497,VOIE RAPIDE SUD 3 (RN 338),49.3890113723,1.0447857595,Nuit sans éclairage public,En agglomération,Hors intersection,Normale,Autre collision,2,3,3,0,1,1,2,0,1,110,,2,1,1,0,0,24.0,,,,3,2,1,1,6
202100044786,2021-04-07 10:17:00,2021,4,7,10,17,988,98818,Rue Auguste BRUN/Rue SEBASTOPOL (RUE DE),-22.27633,166.44393,Plein jour,En agglomération,Intersection en X,Normale,Deux véhicules - côté,4,2,2,0,4,1,1,0,1,50,,2,1,0,0,1,56.0,57.0,,,1,2,2,1,3
202100044787,2021-04-06 07:38:00,2021,4,6,7,38,974,97416,LORION(RUE LUC),-21.33394,55.47145,Plein jour,Hors agglomération,Hors intersection,Normale,Deux véhicules - frontale,4,3,2,0,2,2,1,0,1,50,,2,1,0,0,1,56.0,,,,1,1,1,1,1
202100044788,2021-04-07 16:35:00,2021,4,7,16,35,974,97411,MACE (ROUTE GABRIEL),-20.91944,55.49411,Plein jour,En agglomération,Giratoire,Normale,Autre collision,3,2,1,0,2,1,1,9,1,50,,2,1,0,0,1,29.0,,,,1,2,6,1,6
202100044789,2021-04-06 08:05:00,2021,4,6,8,5,974,97411,LECLERC (DU MARECHAL),-20.87959,55.45161,Plein jour,En agglomération,Intersection en X,Normale,Autre collision,4,1,1,3,1,1,1,6,6,30,,3,2,0,0,1,37.0,,,,1,2,2,1,6
202100044790,2021-04-07 12:15:00,2021,4,7,12,15,69,69259,YVES FARGE (BD),45.6954016647,4.8591274023,Plein jour,En agglomération,Intersection en X,Normale,Deux véhicules - arrière,7,2,2,0,1,1,1,0,1,50,,3,2,0,0,1,24.0,36.0,,,1,2,2,1,2
202100044791,2021-04-07 08:58:00,2021,4,7,8,58,69,69259,VIENNE (DE) (RTE),45.7175665048,4.8548841476,Plein jour,En agglomération,Intersection en Y,Normale,Deux véhicules - arrière,7,1,1,0,1,3,1,3,1,50,,2,1,0,0,1,20.0,48.0,,,1,2,4,1,2
202100044792,2021-04-07 17:06:00,2021,4,7,17,6,972,97213,AUTOROUTE A1,14.6161980274,-61.0161209115,Plein jour,Hors agglomération,Hors intersection,Normale,Trois véhicules et plus - en chaîne,1,1,3,0,1,1,1,0,1,90,,4,2,0,0,2,47.0,30.0,,,1,1,1,1,4
202100044793,2021-04-06 10:10:00,2021,4,6,10,10,972,97209,SALVADOR ALLENDE (AVENUE),14.61033,-61.04681,Plein jour,En agglomération,Intersection en X,Normale,Trois véhicules et plus - collisions multiples,4,2,2,0,1,1,1,0,1,30,,3,2,0,0,1,56.0,,,,1,2,2,1,5
202100044794,2021-04-07 17:45:00,2021,4,7,17,45,69,69286,ROUTE DE STRASBOURG (RTE),45.83784,4.91453,Plein jour,En agglomération,Giratoire,Normale,Sans collision,7,-1,2,0,1,2,1,0,1,50,,1,0,0,0,1,48.0,,,,1,2,6,1,7
202100044795,2021-04-07 09:05:00,2021,4,7,9,5,971,97120,Secteur Pont de la Gabarre,16.24869,-61.53825,Plein jour,En agglomération,Hors intersection,Normale,Autre collision,3,3,2,0,1,1,1,0,1,50,,1,0,0,1,0,76.0,,,,1,2,1,1,6
202100044796,2021-04-07 18:30:00,2021,4,7,18,30,91,91549,ERMITAGE (RUE DE L'),48.64438,2.3432,Plein jour,En agglomération,Intersection en X,Normale,Autre collision,4,2,0,0,1,1,1,0,4,50,,2,1,0,1,0,,,,,1,2,2,1,6
202100044797,2021-04-06 18:05:00,2021,4,6,18,5,91,91425,RUE DE PARIS,48.64189,2.27204,Plein jour,En agglomération,Autre intersection,Normale,Deux véhicules - côté,4,2,2,0,1,3,1,9,1,50,,3,1,0,0,2,14.0,58.0,,,1,2,9,1,3
202100044798,2021-04-04 16:42:00,2021,4,4,16,42,87,87085,SAINT GENCE (RUE DE) (RD218),45.84935,1.22571,Plein jour,En agglomération,Hors intersection,Normale,Sans collision,3,2,2,0,2,1,1,0,4,50,,1,0,0,0,1,12.0,,,,1,2,1,1,7
202100044799,2021-04-04 09:26:00,2021,4,4,9,26,87,87085,SCHUMAN (BOULEVARD ROBERT),45.85686,1.27004,Plein jour,En agglomération,Giratoire,Normale,Sans collision,4,3,4,3,1,1,1,5,1,50,,1,0,0,0,1,52.0,,,,1,2,6,1,7
202100044800,2021-04-06 17:40:00,2021,4,6,17,40,86,86066,Rue Frédéric Mistral,46.8172,0.53169,Plein jour,En agglomération,Intersection en X,Normale,Deux véhicules - côté,3,2,2,0,1,1,1,0,1,50,,2,1,0,1,0,30.0,56.0,,,1,2,2,1,3
202100044801,2021-04-06 17:20:00,2021,4,6,17,20,74,74012,DUSSONCHET (RUE JEAN-PHILIPPE),46.18741,6.24616,Plein jour,En agglomération,Hors intersection,Normale,Autre collision,4,2,2,0,2,1,1,0,1,50,,2,1,0,0,1,46.0,,,,1,2,1,1,6
202100044802,2021-04-07 17:20:00,2021,4,7,17,20,72,72181,BRIQUETERIE (RUE DE LA),47.9932,0.16572,Plein jour,En agglomération,Hors intersection,Normale,Sans collision,4,2,2,0,1,1,1,0,1,50,,2,1,0,0,1,26.0,21.0,,,1,2,1,1,7
202100044803,2021-04-06 19:00:00,2021,4,6,19,0,72,72181,SEMARD PIERRE (RUE),47.97371,0.19944,Plein jour,En agglomération,Intersection en T,Normale,Deux véhicules - frontale,4,2,2,0,1,1,1,0,1,50,,4,2,0,0,2,19.0,37.0,,,1,2,3,1,1
202100044804,2021-04-07 07:45:00,2021,4,7,7,45,69,69266,GABRIEL PERI (R),45.77074,4.86354,Crépuscule ou aube,En agglomération,Hors intersection,Normale,Sans collision,4,2,2,1,1,1,1,0,1,50,,1,0,0,0,1,19.0,,,,2,2,1,1,7
202100044805,2021-04-07 12:00:00,2021,4,7,12,0,69,69264,THIZY (DE) (R),45.991081324,4.704682604,Plein jour,Hors agglomération,Intersection en T,Normale,Deux véhicules - arrière,3,2,2,0,1,1,1,0,1,50,,2,1,0,0,1,53.0,62.0,,,1,1,3,1,2
202100044806,2021-04-07 16:00:00,2021,4,7,16,0,67,67180,STIEGELMANN (RUE),48.81247,7.78853,Plein jour,En agglomération,Intersection en T,Neige / grêle,Autre collision,4,2,2,0,1,1,2,0,1,50,,2,1,0,1,0,53.0,,,,1,2,3,4,6
202100044807,2021-04-07 12:14:00,2021,4,7,12,14,65,65440,PAU (ROUTE DE),43.2376,0.0448,Plein jour,En agglomération,Hors intersection,Normale,Autre collision,3,2,2,0,1,1,1,0,1,50,,2,1,0,0,1,72.0,,,,1,2,1,1,6
202100044808,2021-04-07 12:55:00,2021,4,7,12,55,64,64445,CONDORCET,43.3116,-0.36281,Plein jour,En agglomération,Giratoire,Normale,Deux véhicules - côté,4,2,2,1,1,1,1,0,5,30,,2,1,0,0,1,54.0,22.0,,,1,2,6,1,3
202100044809,2021-04-07 10:10:00,2021,4,7,10,10,64,64445,CARNOT,43.30101,-0.36945,Plein jour,En agglomération,Hors intersection,Normale,Deux véhicules - côté,4,1,1,1,1,1,1,0,5,30,,2,1,0,0,1,60.0,52.0,,,1,2,1,1,3
202100044810,2021-02-28 10:10:00,2021,2,28,10,10,64,64445,COMMANDANT RENE MOUCHOTTE DU,43.3055,-0.3296,Plein jour,En agglomération,Giratoire,Normale,Autre collision,4,2,2,0,1,2,1,0,1,50,,2,1,0,0,1,51.0,,,,1,2,6,1,6
202100044811,2021-04-06 16:30:00,2021,4,6,16,30,64,64122,CROSKEY GENERAL MAC (AVENUE),43.4922,-1.551,Plein jour,En agglomération,Hors intersection,Normale,Sans collision,4,2,2,0,1,3,1,0,1,30,,1,0,0,0,1,23.0,,,,1,2,1,1,7
202100044812,2021-04-06 14:15:00,2021,4,6,14,15,64,64122,PIOCHE (AVENUE-IMPASSE DE),43.4695,-1.5591,Plein jour,En agglomération,Hors intersection,Normale,Deux véhicules - frontale,4,2,2,0,2,1,1,0,1,30,,2,1,0,1,0,40.0,53.0,,,1,2,1,1,1
202100044813,2021-04-06 16:01:00,2021,4,6,16,1,63,63113,PASTEUR /Gilbert,45.77367,3.07539,Plein jour,En agglomération,Giratoire,Normale,Deux véhicules - côté,4,1,2,0,1,1,1,0,1,50,,2,1,0,0,1,78.0,32.0,,,1,2,6,1,3
202100044814,2021-04-06 09:10:00,2021,4,6,9,10,56,56121,COURNET ( RUE  FREDERIC ),47.75741,-3.36119,Plein jour,En agglomération,Intersection en X,Normale,Deux véhicules - côté,4,2,2,0,1,1,1,0,1,30,,2,1,0,0,1,30.0,63.0,,,1,2,2,1,3
202100044815,2021-04-02 11:45:00,2021,4,2,11,45,54,54431,GAMBETTA (RUE),48.90571,6.05994,Plein jour,En agglomération,Intersection en X,Normale,Autre collision,3,2,2,0,1,1,1,0,1,50,,2,1,0,1,0,69.0,,,,1,2,2,1,6
202100044816,2021-04-02 16:00:00,2021,4,2,16,0,54,54431,RD 910 BIS (ROCADE DE LIAISON),48.91756,6.04203,Plein jour,Hors agglomération,Hors intersection,Normale,Deux véhicules - arrière,3,2,2,0,1,1,1,2,1,80,,2,1,0,0,1,27.0,60.0,,,1,1,1,1,2
202100044817,2021-04-06 13:35:00,2021,4,6,13,35,52,52121,RD 65 A,48.11978,5.12987,Plein jour,Hors agglomération,Hors intersection,Normale,Deux véhicules - côté,3,-1,2,0,1,1,1,0,1,50,,2,1,0,0,1,28.0,49.0,,,1,1,1,1,3
202100044818,2021-04-07 10:53:00,2021,4,7,10,53,51,51573,Route de Soissons,49.25412,3.97864,Plein jour,En agglomération,Hors intersection,Normale,Deux véhicules - côté,6,-1,-1,0,1,1,1,0,1,20,,2,1,0,0,1,15.0,61.0,,,1,2,1,1,3
202100044819,2021-04-02 15:00:00,2021,4,2,15,0,50,50602,BROSSOLETTE (RUE PIERRE),49.6314,-1.59044,Plein jour,En agglomération,Hors intersection,Normale,Autre collision,6,-1,0,0,1,1,1,9,8,30,,3,2,0,0,1,19.0,,,,1,2,1,1,6
202100044820,2021-04-06 15:30:00,2021,4,6,15,30,49,49007,MARIANNE BOULEVARD,47.45252,-0.52436,Plein jour,En agglomération,Hors intersection,Normale,Deux véhicules - côté,4,2,2,0,1,1,1,0,1,50,,2,1,0,0,1,34.0,46.0,,,1,2,1,1,3
202100044821,2021-04-07 09:40:00,2021,4,7,9,40,45,45169,Rue de l’Ecole Maternelle,47.9203217722,1.8283324909,Plein jour,En agglomération,Hors intersection,Normale,Deux véhicules - arrière,4,1,1,0,1,1,1,0,1,50,,2,1,0,0,1,54.0,29.0,,,1,2,1,1,2
202100044822,2021-04-07 15:30:00,2021,4,7,15,30,42,42187,Rue Nicolas Cugnot,46.04506,4.06028,Plein jour,En agglomération,Intersection en T,Normale,Deux véhicules - arrière,4,2,5,0,1,1,1,5,1,50,,2,1,0,1,0,68.0,34.0,,,1,2,3,1,2
202100044823,2021-04-07 05:10:00,2021,4,7,5,10,41,41269,CHARTRAIN (FAUBOURG),47.80184,1.07011,Crépuscule ou aube,En agglomération,Intersection en T,Normale,Deux véhicules - frontale,4,-1,2,0,1,1,1,0,1,50,,2,1,0,0,1,39.0,56.0,,,2,2,3,1,1
202100044824,2021-04-07 08:50:00,2021,4,7,8,50,35,35238,SOLFERINO (BD),48.10494,-1.6671,Plein jour,En agglomération,Autre intersection,Normale,Sans collision,4,2,2,0,1,1,1,0,1,50,,1,0,0,0,1,61.0,,,,1,2,9,1,7
202100044825,2021-04-07 19:23:00,2021,4,7,19,23,34,34172,MAS D'ASTRE (ROND-POINT DU),43.57503,3.86022,Plein jour,En agglomération,Hors intersection,Normale,Deux véhicules - arrière,7,1,2,0,1,2,1,0,1,50,,2,1,0,0,1,30.0,59.0,,,1,2,1,1,2
202100044826,2021-04-07 17:40:00,2021,4,7,17,40,33,33063,Boulevard Maréchal Leclerc,44.827958,-0.593299,Plein jour,En agglomération,Intersection en X,Normale,Autre collision,4,3,4,3,1,1,1,5,6,50,,2,0,0,1,1,23.0,,,,1,2,2,1,6
202100044827,2021-04-07 17:15:00,2021,4,7,17,15,31,31555,AV DE GRANDE BRETAGNE,43.602735,1.408911,Plein jour,En agglomération,Hors intersection,Normale,Deux véhicules - côté,4,2,1,3,1,1,1,5,1,50,,2,1,0,0,1,63.0,36.0,,,1,2,1,1,3
202100044828,2021-04-06 17:52:00,2021,4,6,17,52,31,31555,BAYONNE (ROUTE DE ),43.608414,1.377958,Plein jour,En agglomération,Giratoire,Normale,Deux véhicules - côté,4,2,1,1,1,1,1,0,1,50,,2,1,0,0,1,21.0,,,,1,2,6,1,3
202100044829,2021-04-07 09:20:00,2021,4,7,9,20,17,17291,34 PK RN11 NANTES ROCADE,46.172873,-1.117782,Plein jour,En agglomération,Hors intersection,Normale,Trois véhicules et plus - collisions multiples,2,3,5,0,1,1,1,0,1,50,,3,2,0,0,1,56.0,31.0,,,1,2,1,1,5
202100044830,2021-04-07 06:30:00,2021,4,7,6,30,13,13205,SAKAKINI (BOULEVARD),43.295489,5.400385,Crépuscule ou aube,En agglomération,Hors intersection,Normale,Deux véhicules - arrière,4,2,4,0,1,1,1,0,1,50,,2,1,0,0,1,61.0,,,,2,2,1,1,2
202100044831,2021-04-06 15:45:00,2021,4,6,15,45,75,75117,BOULEVARD PERIPHERIQUE,48.896462,2.310057,Plein jour,En agglomération,Hors intersection,Normale,Deux véhicules - arrière,4,1,4,0,1,1,1,0,1,70,,2,1,0,0,1,43.0,24.0,,,1,2,1,1,2