accident_id,datetime,annee,mois,jour,heure,minute,departement,commune_insee,adresse,latitude,longitude,luminosite,agglomeration,intersection,meteo,collision,catr,circ,nbv,vosp,prof,plan,surf,infra,situ,vma,nb_vehicules,nb_usagers,nb_indemnes,nb_tues,nb_blesses_hosp,nb_blesses_legers,age_cond_1,age_cond_2,veh_type_cond_1,veh_type_cond_2,lum_code,agg_code,int_code,atm_code,col_code
202100044832,2021-04-07 13:49:00,2021,4,7,13,49,75,75105,RUE MONGE,48.843796,2.352316,Plein jour,En agglomération,Intersection en X,Normale,Deux véhicules - côté,4,2,4,0,1,1,1,0,1,30,,2,1,0,0,1,42.0,24.0,,,1,2,2,1,3
202100044833,2021-04-07 16:50:00,2021,4,7,16,50,75,75119,RUE BOTZARIS,48.8759754689,2.3813349009,Plein jour,En agglomération,Intersection en Y,Normale,Deux véhicules - côté,4,2,2,0,1,1,1,0,1,30,,3,1,0,0,2,,44.0,,,1,2,4,1,3
202100044834,2021-04-07 11:05:00,2021,4,7,11,5,75,75117,BOULEVARD DES BATIGNOLLES,48.881565,2.317158,Plein jour,En agglomération,Hors intersection,Normale,Deux véhicules - côté,4,1,1,0,1,1,1,0,1,50,,2,1,0,0,1,30.0,30.0,,,1,2,1,1,3
202100044835,2021-04-06 13:30:00,2021,4,6,13,30,75,75115,RUE LINOIS,48.847162,2.284996,Plein jour,En agglomération,Hors intersection,Normale,Autre collision,4,2,2,1,1,1,1,-1,5,50,,2,1,0,0,1,20.0,,,,1,2,1,1,6
202100044836,2021-04-07 07:50:00,2021,4,7,7,50,75,75114,RUE PREVOST PARADOL,48.826396,2.308528,Crépuscule ou aube,En agglomération,Intersection en X,Normale,Autre collision,4,-1,1,3,1,1,1,6,1,50,,1,0,0,0,1,33.0,,,,2,2,2,1,6
202100044837,2021-04-06 11:50:00,2021,4,6,11,50,75,75112,RUE CROZATIER,48.845914,2.382396,Plein jour,En agglomération,Intersection en T,Normale,Autre collision,4,2,2,0,1,1,1,0,1,50,,3,2,0,1,0,66.0,,,,1,2,3,1,6
202100044838,2021-04-07 19:15:00,2021,4,7,19,15,75,75101,RUE ETIENNE MARCEL,48.8644300946,2.3466914892,Plein jour,En agglomération,Intersection en X,Normale,Deux véhicules - arrière,4,-1,3,0,1,1,1,0,1,30,,2,1,0,0,1,24.0,22.0,,,1,2,2,1,2
202100044839,2021-04-07 08:45:00,2021,4,7,8,45,75,75103,PLACE DE LA REPUBLIQUE,48.8673377785,2.3633641762,Plein jour,En agglomération,Intersection en T,Normale,Deux véhicules - côté,4,2,6,0,1,1,1,0,1,50,,2,1,0,0,1,40.0,45.0,,,1,2,3,1,3
202100044840,2021-04-06 13:00:00,2021,4,6,13,0,94,94076,MAXIME GORKI (BD),48.78925,2.36844,Plein jour,En agglomération,Hors intersection,Normale,Deux véhicules - arrière,3,1,0,3,1,1,1,0,1,50,,2,1,0,0,1,29.0,35.0,,,1,2,1,1,2
202100044841,2021-04-07 10:00:00,2021,4,7,10,0,94,94011,Route de Stains,48.7791,2.4922,Plein jour,En agglomération,Autre intersection,Normale,Autre collision,3,3,2,0,1,1,1,0,1,50,,1,0,0,0,1,31.0,,,,1,2,9,1,6
202100044842,2021-04-06 17:00:00,2021,4,6,17,0,94,94028,SCHOELCHER(RUE VICTOR),48.7702,2.468,Plein jour,En agglomération,Hors intersection,Pluie légère,Deux véhicules - côté,4,2,0,0,2,1,2,0,1,50,,2,1,0,0,1,18.0,24.0,,,1,2,1,2,3
202100044843,2021-04-04 03:54:00,2021,4,4,3,54,94,94011,SEMARD(RUE PIERRE),48.77475,2.48776,Nuit avec éclairage allumé,En agglomération,Autre intersection,Normale,Deux véhicules - arrière,3,4,-1,0,1,1,1,0,1,6,,3,2,0,0,1,,36.0,,,5,2,9,1,2
202100044844,2021-04-07 07:50:00,2021,4,7,7,50,94,94022,Avenue Victor Hugo,48.769127,2.422047,Plein jour,En agglomération,Hors intersection,Normale,Sans collision,3,2,0,3,1,4,1,9,6,50,,1,0,0,0,1,37.0,,,,1,2,1,1,7
202100044845,2021-04-07 00:10:00,2021,4,7,0,10,94,94017,Rue Jean Jaurès,48.81596,2.50286,Nuit avec éclairage allumé,En agglomération,Intersection en T,Normale,Deux véhicules - côté,3,2,2,0,1,1,1,8,1,50,,3,2,0,0,1,48.0,,,,5,2,3,1,3
202100044846,2021-04-06 21:00:00,2021,4,6,21,0,94,94002,Avenue du General Malleret-Joinville,48.80272,2.4253,Nuit sans éclairage public,En agglomération,Intersection en T,Normale,Autre collision,4,2,2,0,1,1,1,0,1,50,,2,1,0,0,1,29.0,,,,3,2,3,1,6
202100044847,2021-04-07 11:00:00,2021,4,7,11,0,93,93072,MAXIME GORKI (BOULEVARD) DES N°1 AU 87,48.94518,2.38669,Plein jour,En agglomération,Hors intersection,Normale,Deux véhicules - côté,3,-1,6,3,1,1,1,0,1,50,,2,1,0,0,1,28.0,,,,1,2,1,1,3
202100044848,2021-04-06 03:30:00,2021,4,6,3,30,93,93032,DIX NEUF MARS   (RUE DU),48.89551,2.54383,Nuit avec éclairage allumé,En agglomération,Intersection en T,Normale,Deux véhicules - frontale,3,2,2,0,2,1,1,0,1,50,,3,2,0,0,1,,,,,5,2,3,1,1
202100044849,2021-04-07 17:25:00,2021,4,7,17,25,93,93014,SEVIGNE (AVENUE DE),48.912895958,2.5443308906,Plein jour,En agglomération,Hors intersection,Normale,Autre collision,3,2,2,0,2,1,1,0,1,50,,2,1,0,1,0,39.0,,,,1,2,1,1,6
202100044850,2021-04-07 13:10:00,2021,4,7,13,10,93,93014,TOURELLE (CHEMIN DE LA),48.9095123489,2.5505098064,Plein jour,En agglomération,Place,Normale,Deux véhicules - côté,4,3,2,0,1,1,1,0,1,50,,2,1,0,0,1,42.0,44.0,,,1,2,7,1,3
202100044851,2021-04-07 18:00:00,2021,4,7,18,0,93,93001,REPUBLIQUE (AVE DE LA ) => NO 41/50,48.90429,2.39137,Plein jour,En agglomération,Hors intersection,Normale,Autre collision,3,2,2,0,1,1,1,0,1,50,,2,1,0,0,1,19.0,,,,1,2,1,1,6
202100044852,2021-04-07 15:30:00,2021,4,7,15,30,92,92064,MARCEL DASSAULT,48.85871,2.22386,Plein jour,En agglomération,Hors intersection,Normale,Trois véhicules et plus - en chaîne,3,2,3,0,1,1,1,0,1,50,,6,4,0,0,2,55.0,58.0,,,1,2,1,1,4
202100044853,2021-04-07 18:15:00,2021,4,7,18,15,92,92051,"BINEAU (BOULEVARD, N°133 A 217 ET 134 A",48.8922732632,2.268791391,Plein jour,En agglomération,Intersection en X,Normale,Autre collision,3,3,5,3,1,1,1,6,1,50,,2,1,0,0,1,56.0,,,,1,2,2,1,6
202100044854,2021-04-07 08:50:00,2021,4,7,8,50,92,92050,REPUBLIQUE AVENUE DE LA,48.9102947493,2.2191792727,Plein jour,En agglomération,Intersection en T,Normale,Deux véhicules - côté,3,2,2,0,1,1,1,0,1,50,,2,1,0,0,1,23.0,25.0,,,1,2,3,1,3
202100044855,2021-04-06 21:30:00,2021,4,6,21,30,92,92040,JEAN-PIERRE TIMBAUD,48.82026,2.24984,Nuit avec éclairage allumé,En agglomération,Intersection en T,Normale,Deux véhicules - côté,3,1,2,0,1,1,1,0,1,50,,2,1,0,0,1,23.0,28.0,,,5,2,3,1,3
202100044856,2021-04-07 10:40:00,2021,4,7,10,40,92,92026,VICTOR HUGO (PLACE,48.8921696681,2.2537511208,Plein jour,En agglomération,Giratoire,Normale,Deux véhicules - arrière,3,1,2,0,1,2,1,0,1,50,,2,1,0,0,1,36.0,51.0,,,1,2,6,1,2
202100044857,2021-03-27 15:11:00,2021,3,27,15,11,31,31511,chemin Madame,43.64302,1.643899,Plein jour,Hors agglomération,Hors intersection,Normale,Sans collision,4,2,2,0,1,1,1,0,1,50,,2,1,0,0,1,34.0,,,,1,1,1,1,7
202100044858,2021-04-07 09:00:00,2021,4,7,9,0,86,86226,La Vignasserie,46.536982,0.530809,Plein jour,Hors agglomération,Hors intersection,Normale,Deux véhicules - frontale,3,2,2,0,1,1,1,0,1,80,,2,0,1,0,1,23.0,19.0,,,1,1,1,1,1
202100044859,2021-04-07 15:20:00,2021,4,7,15,20,06,06095,119 chemin de la frayère,43.633761,6.887897,Plein jour,En agglomération,Hors intersection,Normale,Deux véhicules - frontale,4,2,2,0,2,4,1,0,1,50,,3,1,0,1,1,45.0,17.0,,,1,2,1,1,1
202100044860,2021-04-05 12:00:00,2021,4,5,12,0,85,85301,Route de l'Océan,46.825671,-1.122494,Plein jour,En agglomération,Intersection en X,Normale,Autre collision,3,2,2,0,1,1,1,0,1,50,,2,1,0,1,0,30.0,,,,1,2,2,1,6
202100044861,2021-04-08 11:38:00,2021,4,8,11,38,62,62060,20 Rue du Général de Gaulle,50.231471,2.11706,Plein jour,En agglomération,Intersection en X,Normale,Deux véhicules - côté,3,2,2,0,1,1,1,0,5,50,,2,1,0,1,0,26.0,63.0,,,1,2,2,1,3
202100044862,2021-04-08 16:45:00,2021,4,8,16,45,56,56017,D1,47.867113,-2.742527,Plein jour,Hors agglomération,Hors intersection,Normale,Deux véhicules - côté,3,2,2,0,2,3,1,0,1,80,,2,1,0,0,1,29.0,56.0,,,1,1,1,1,3
202100044863,2021-04-08 12:00:00,2021,4,8,12,0,56,56033,RD 773,47.80939,-2.125034,Plein jour,Hors agglomération,Intersection en X,Normale,Deux véhicules - côté,3,2,2,0,1,3,1,5,1,80,,2,1,1,0,0,70.0,24.0,,,1,1,2,1,3
202100044864,2021-04-07 13:30:00,2021,4,7,13,30,76,76222,137 Rue Gustave Flaubert,49.486618,0.880424,Plein jour,En agglomération,Hors intersection,Temps éblouissant,Deux véhicules - frontale,4,2,2,0,1,1,1,0,1,30,,3,1,0,0,2,28.0,33.0,,,1,2,1,7,1
202100044865,2021-04-07 15:00:00,2021,4,7,15,0,2A,2A271,ZI Caldaniccia,41.9531984894,8.8010296893,Plein jour,En agglomération,Hors intersection,Normale,Deux véhicules - frontale,4,2,2,0,1,1,1,0,1,50,,2,1,0,1,0,24.0,34.0,,,1,2,1,1,1
202100044866,2021-04-07 16:00:00,2021,4,7,16,0,82,82112,Route de Detours,44.125819,1.070405,Plein jour,Hors agglomération,Intersection en T,Normale,Deux véhicules - côté,3,2,2,0,1,1,1,0,1,70,,2,1,0,1,0,13.0,21.0,,,1,1,3,1,3
202100044867,2021-04-07 14:45:00,2021,4,7,14,45,33,33157,,44.803858,-0.263602,Plein jour,En agglomération,Hors intersection,Normale,Autre collision,3,2,2,0,1,1,1,0,1,50,,2,1,1,0,0,47.0,,,,1,2,1,1,6
202100044868,2021-04-07 16:47:00,2021,4,7,16,47,61,61097,Residence du Plan d'Eau,48.485197,0.652104,Plein jour,En agglomération,Intersection en T,Normale,Deux véhicules - côté,4,2,2,0,1,3,1,0,1,50,,2,1,0,1,0,53.0,10.0,,,1,2,3,1,3
202100044869,2021-04-07 03:30:00,2021,4,7,3,30,61,61064,Les Buttes,48.64394,0.319891,Nuit sans éclairage public,Hors agglomération,Hors intersection,Brouillard / fumée,Sans collision,3,2,2,0,2,1,2,0,3,90,,2,0,0,0,2,32.0,,,,3,1,1,5,7
202100044870,2021-03-14 00:30:00,2021,3,14,0,30,12,12090,RUE DES ROUTIERS,44.368995,2.533283,Nuit sans éclairage public,Hors agglomération,Hors intersection,Normale,Autre collision,4,2,2,0,2,3,1,0,3,50,,2,0,0,2,0,20.0,,,,3,1,1,1,6
202100044871,2021-04-07 11:30:00,2021,4,7,11,30,47,47203,Rue de la Tuque,44.387339,0.80367,Plein jour,Hors agglomération,Intersection en T,Normale,Deux véhicules - côté,3,2,2,0,1,1,1,0,1,70,,2,1,0,0,1,26.0,57.0,,,1,1,3,1,3
202100044872,2021-04-08 03:20:00,2021,4,8,3,20,47,47217,RD 110,44.206896,0.799577,Nuit sans éclairage public,Hors agglomération,Hors intersection,Normale,Sans collision,3,2,2,0,2,2,1,0,3,80,,1,0,0,1,0,57.0,,,,3,1,1,1,7
202100044873,2021-04-07 14:10:00,2021,4,7,14,10,41,41095,Le Plessis,47.913726,1.190697,Plein jour,Hors agglomération,Hors intersection,Temps éblouissant,Deux véhicules - côté,2,2,2,0,1,1,1,5,1,80,,2,1,0,1,0,62.0,61.0,,,1,1,1,7,3
202100044874,2021-04-07 11:30:00,2021,4,7,11,30,34,34013,D130/D609,43.576426,3.463232,Plein jour,Hors agglomération,Intersection en X,Normale,Deux véhicules - côté,3,2,2,0,1,1,1,0,1,90,,3,0,0,2,1,55.0,64.0,,,1,1,2,1,3
202100044875,2021-03-30 11:45:00,2021,3,30,11,45,34,34212,Chemin du Christ,43.764922,3.327991,Plein jour,Hors agglomération,Hors intersection,Normale,Autre collision,4,2,2,0,2,2,1,0,1,50,,2,1,0,1,0,81.0,,,,1,1,1,1,6
202100044876,2021-04-06 09:50:00,2021,4,6,9,50,44,44126,Route de la Fertais,47.146313,-2.144163,Plein jour,Hors agglomération,Hors intersection,Normale,Deux véhicules - frontale,4,2,2,0,1,1,1,0,1,50,,3,1,0,1,1,75.0,58.0,,,1,1,1,1,1
202100044877,2021-04-08 13:55:00,2021,4,8,13,55,44,44217,La Plee,47.299576,-1.66459,Plein jour,Hors agglomération,Hors intersection,Normale,Deux véhicules - arrière,3,2,2,0,1,1,1,0,1,80,,2,1,1,0,0,78.0,27.0,,,1,1,1,1,2
202100044878,2021-04-06 20:10:00,2021,4,6,20,10,35,35223,D224,48.021979,-2.040377,Crépuscule ou aube,Hors agglomération,Hors intersection,Normale,Sans collision,3,2,2,0,4,1,1,0,3,80,,1,0,0,1,0,35.0,,,,2,1,1,1,7
202100044879,2021-04-08 13:10:00,2021,4,8,13,10,38,38267,D1085,45.415722,5.333787,Plein jour,Hors agglomération,Hors intersection,Normale,Sans collision,3,2,3,0,1,1,1,0,8,80,,3,0,0,2,1,34.0,,,,1,1,1,1,7
202100044880,2021-04-07 12:00:00,2021,4,7,12,0,02,02173,Rue Anatole France,49.6112,3.22114,Plein jour,En agglomération,Hors intersection,Normale,Deux véhicules - frontale,3,2,2,0,1,3,1,0,1,50,,2,0,0,0,2,29.0,65.0,,,1,2,1,1,1
202100044881,2021-04-07 18:05:00,2021,4,7,18,5,03,03118,Intersection Rue de la Croix des Vignes et chemin du Mont Libre,46.096113,3.195825,Plein jour,En agglomération,Intersection en T,Normale,Deux véhicules - côté,4,2,2,0,2,1,1,0,1,30,,2,1,0,1,0,58.0,13.0,,,1,2,3,1,3
202100044882,2021-04-06 17:25:00,2021,4,6,17,25,01,01098,D32c,45.777685,5.688059,Plein jour,Hors agglomération,Intersection en T,Temps éblouissant,Deux véhicules - côté,3,2,2,0,4,1,1,0,1,70,,2,1,0,1,0,20.0,39.0,,,1,1,3,7,3
202100044883,2021-04-08 12:32:00,2021,4,8,12,32,72,72007,Lieu Dit la Cohainiere,47.986856,0.424545,Plein jour,Hors agglomération,Hors intersection,Normale,Autre collision,4,2,2,0,2,2,1,0,1,80,,1,0,0,0,1,20.0,,,,1,1,1,1,6
202100044884,2021-04-08 09:50:00,2021,4,8,9,50,06,06079,583 Avenue Janvier Passero,43.551462,6.937675,Plein jour,En agglomération,Autre intersection,Normale,Autre collision,6,1,1,0,1,1,1,0,6,30,,2,1,0,1,0,67.0,,,,1,2,9,1,6
202100044885,2021-04-07 17:15:00,2021,4,7,17,15,60,60508,Route de la Croix Frapotel,49.286045,2.623243,Plein jour,Hors agglomération,Hors intersection,Normale,Deux véhicules - arrière,9,-1,1,0,1,1,9,0,8,-1,,2,1,0,0,1,18.0,18.0,,,1,1,1,1,2
202100044886,2021-04-08 14:00:00,2021,4,8,14,0,43,43103,D588 Route de Brioude,45.286814,3.201039,Plein jour,Hors agglomération,Hors intersection,Normale,Sans collision,3,2,2,0,1,1,1,0,3,80,,2,0,0,2,0,21.0,,,,1,1,1,1,7
202100044887,2021-04-03 13:15:00,2021,4,3,13,15,43,43077,N88,44.891049,3.848251,Plein jour,En agglomération,Intersection en T,Normale,Deux véhicules - côté,2,2,2,0,3,1,1,5,1,50,,2,1,0,1,0,47.0,72.0,,,1,2,3,1,3
202100044888,2021-04-08 16:20:00,2021,4,8,16,20,16,16400,Lieu-Dit Les Cassettes,45.996799,0.254885,Plein jour,Hors agglomération,Intersection en X,Normale,Deux véhicules - côté,3,2,2,0,1,1,1,0,1,80,,2,0,0,1,1,25.0,22.0,,,1,1,2,1,3
202100044889,2021-03-27 19:00:00,2021,3,27,19,0,48,48140,Avenue de PARIS,44.815226,3.271415,Plein jour,Hors agglomération,Intersection en T,Normale,Deux véhicules - côté,3,2,2,0,1,1,1,0,1,70,,2,1,0,1,0,51.0,51.0,,,1,1,3,1,3
202100044890,2021-04-02 15:25:00,2021,4,2,15,25,13,13051,990 Route de Pelissanne,43.60595,5.136068,Plein jour,Hors agglomération,Intersection en Y,Normale,Deux véhicules - côté,7,2,2,0,1,3,1,0,1,80,,3,1,0,1,1,52.0,38.0,,,1,1,4,1,3
202100044891,2021-04-04 04:00:00,2021,4,4,4,0,01,01031,A404,46.248291,5.624094,Crépuscule ou aube,Hors agglomération,Hors intersection,Normale,Autre collision,1,1,4,0,1,1,1,0,1,110,,1,0,0,1,0,33.0,,,,2,1,1,1,6
202100044892,2021-04-08 05:20:00,2021,4,8,5,20,01,01301,A40 - PK178 +500,46.264692,5.143694,Nuit sans éclairage public,Hors agglomération,Hors intersection,Normale,Deux véhicules - arrière,1,1,2,0,1,1,1,0,1,130,,3,2,0,1,0,50.0,36.0,,,3,1,1,1,2
202100044893,2021-04-07 18:05:00,2021,4,7,18,5,31,31284,D 94,43.554714,1.566764,Plein jour,En agglomération,Hors intersection,Temps éblouissant,Autre collision,3,2,2,0,3,1,1,0,1,50,,2,1,0,1,0,30.0,,,,1,2,1,7,6
202100044894,2021-04-08 04:30:00,2021,4,8,4,30,988,98831,RT1,-20.982352,164.720013,Nuit sans éclairage public,Hors agglomération,Hors intersection,Normale,Autre collision,2,2,2,0,1,1,1,0,1,90,,1,0,0,0,1,49.0,,,,3,1,1,1,6
202100044895,2021-04-06 19:30:00,2021,4,6,19,30,971,97112,section murat,15.873445,-61.294012,Nuit sans éclairage public,Hors agglomération,Hors intersection,Normale,Autre collision,3,2,2,0,1,1,1,0,1,70,,2,1,0,0,1,38.0,,,,3,1,1,1,6
202100044896,2021-04-07 09:40:00,2021,4,7,9,40,978,97801,R JEAN-LUC HAMLET,18.066061,-63.073947,Plein jour,En agglomération,Hors intersection,Normale,Deux véhicules - frontale,9,2,2,0,2,1,1,0,1,50,,3,0,0,1,2,22.0,15.0,,,1,2,1,1,1
202100044897,2021-04-06 19:00:00,2021,4,6,19,0,977,97701,"RD 211, GRAND FOND",17.895564,-62.813827,Crépuscule ou aube,Hors agglomération,Hors intersection,Normale,Deux véhicules - frontale,3,2,2,0,4,3,1,0,3,50,,1,0,0,1,0,28.0,,,,2,1,1,1,1
202100044898,2021-04-08 10:30:00,2021,4,8,10,30,64,64496,Avenue du Labourd,43.477448,-1.457668,Plein jour,En agglomération,Intersection en T,Normale,Deux véhicules - côté,4,2,2,0,1,1,1,5,1,50,,2,1,0,0,1,31.0,53.0,,,1,2,3,1,3
202100044899,2021-04-08 08:00:00,2021,4,8,8,0,50,50531,D5,48.683509,-1.259351,Plein jour,Hors agglomération,Hors intersection,Normale,Deux véhicules - arrière,3,2,2,0,1,1,1,0,1,80,,2,1,0,1,0,70.0,26.0,,,1,1,1,1,2
202100044900,2021-04-07 15:30:00,2021,4,7,15,30,93,93066,AUTOROUTE A1,48.9333311217,2.3773920536,Plein jour,Hors agglomération,Hors intersection,Normale,Deux véhicules - arrière,1,3,8,0,1,1,1,0,1,90,,2,1,0,0,1,20.0,39.0,,,1,1,1,1,2
202100044901,2021-04-07 08:45:00,2021,4,7,8,45,94,94065,A86 INT,48.7536127064,2.3611575387,Plein jour,Hors agglomération,Hors intersection,Normale,Deux véhicules - arrière,2,3,4,0,1,1,1,0,1,90,,2,1,0,0,1,52.0,51.0,,,1,1,1,1,2
202100044902,2021-04-07 08:15:00,2021,4,7,8,15,94,94017,A4,48.82791,2.50364,Plein jour,Hors agglomération,Hors intersection,Normale,Sans collision,1,3,4,0,1,1,1,0,1,90,,1,0,0,0,1,43.0,,,,1,1,1,1,7
202100044903,2021-02-04 08:45:00,2021,2,4,8,45,64,64483,ITHURRALDE ANDRE (AVENUE),43.394374,-1.649574,Crépuscule ou aube,En agglomération,Hors intersection,Pluie légère,Autre collision,3,2,2,0,2,1,2,0,1,50,,2,1,0,0,1,42.0,,,,2,2,1,2,6
202100044904,2021-01-25 10:50:00,2021,1,25,10,50,64,64483,VEYRIN PHILIPPE (RUE),43.385532,-1.656498,Plein jour,En agglomération,Intersection en X,Pluie légère,Autre collision,4,2,2,0,1,2,2,0,1,30,,2,1,0,0,1,45.0,,,,1,2,2,2,6
202100044905,2021-04-06 06:45:00,2021,4,6,6,45,974,97411,JAURES (BOULEVARD JEAN),-20.89335,55.4706,Plein jour,En agglomération,Giratoire,Normale,Deux véhicules - côté,2,2,7,1,2,1,1,0,1,70,,2,1,0,0,1,33.0,20.0,,,1,2,6,1,3
202100044906,2021-04-06 19:30:00,2021,4,6,19,30,973,97302,BADUEL (ROUTE DE),4.932188845,-52.307809144,Nuit avec éclairage non allumé,En agglomération,Hors intersection,Temps couvert,Deux véhicules - côté,3,2,2,0,1,1,1,0,1,50,,2,1,0,0,1,19.0,48.0,,,4,2,1,8,3
202100044907,2021-04-06 08:50:00,2021,4,6,8,50,69,69199,CARNOT (R),45.70802,4.86121,Plein jour,En agglomération,Intersection en T,Normale,Autre collision,4,2,2,0,1,1,1,0,1,50,,2,1,0,1,0,23.0,,,,1,2,3,1,6
202100044908,2021-04-06 07:27:00,2021,4,6,7,27,972,97213,ACAJOU PROLONGEE,14.62083,-61.01964,Plein jour,Hors agglomération,Hors intersection,Normale,Sans collision,6,-1,0,0,1,1,1,9,8,30,,2,1,0,0,1,43.0,,,,1,1,1,1,7
202100044909,2021-04-06 18:50:00,2021,4,6,18,50,69,69382,FRANKLIN (R),45.75271,4.82811,Plein jour,En agglomération,Intersection en X,Normale,Deux véhicules - côté,4,1,1,2,1,1,1,0,1,50,,2,1,0,0,1,40.0,17.0,,,1,2,2,1,3
202100044910,2021-04-06 17:40:00,2021,4,6,17,40,69,69081,JEAN MARIE VIANNEY (CHM),45.78933,4.77949,Plein jour,En agglomération,Hors intersection,Normale,Deux véhicules - côté,4,2,5,0,2,1,1,0,1,50,,4,2,0,0,2,22.0,43.0,,,1,2,1,1,3
202100044911,2021-04-04 13:36:00,2021,4,4,13,36,971,97101,GRAND CAMP(SECTION),16.25329,-61.54236,Plein jour,Hors agglomération,Autre intersection,Normale,Autre collision,3,1,1,0,1,2,1,8,1,50,,1,0,0,0,1,39.0,,,,1,1,9,1,6
202100044912,2021-03-26 21:21:00,2021,3,26,21,21,971,97113,RN4 - SECTION RIVIERA,16.21354,-61.47755,Nuit avec éclairage allumé,Hors agglomération,Autre intersection,Normale,Autre collision,2,3,6,0,1,2,1,5,1,50,,2,1,0,0,1,16.0,53.0,,,5,1,9,1,6
202100044913,2021-04-06 18:15:00,2021,4,6,18,15,95,95680,HUIT MAI 1945 (AVENUE DU),49.0076449332,2.4015183476,Plein jour,En agglomération,Autre intersection,Normale,Autre collision,3,2,2,0,1,1,1,0,1,30,,3,2,0,0,1,63.0,,,,1,2,9,1,6
202100044914,2021-04-03 15:29:00,2021,4,3,15,29,87,87085,MAS-LOUBIER (RUE DU),45.84108,1.25382,Plein jour,En agglomération,Hors intersection,Normale,Autre collision,4,2,2,0,1,1,2,0,1,50,,2,1,0,0,1,21.0,,,,1,2,1,1,6
202100044915,2021-04-04 18:25:00,2021,4,4,18,25,85,85194,GAULLE (AVENUE CHARLES DE),46.50821,-1.76948,Plein jour,En agglomération,Hors intersection,Normale,Deux véhicules - côté,4,2,2,0,1,1,1,0,1,50,,2,1,0,0,1,20.0,27.0,,,1,2,1,1,3
202100044916,2021-04-02 19:20:00,2021,4,2,19,20,85,85194,COURS DUPONT,46.49801,-1.77866,Plein jour,En agglomération,Hors intersection,Normale,Deux véhicules - arrière,4,1,1,0,1,1,1,0,1,50,,2,1,0,1,0,18.0,58.0,,,1,2,1,1,2
202100044917,2021-04-02 18:10:00,2021,4,2,18,10,85,85194,MITTERAND (AVENUE FRANCOIS),46.52341,-1.77545,Plein jour,En agglomération,Hors intersection,Normale,Autre collision,4,2,2,0,1,1,1,0,1,50,,3,1,0,0,2,65.0,52.0,,,1,2,1,1,6
202100044918,2021-04-04 11:18:00,2021,4,4,11,18,83,83069,ROTTWEIL (AVENUE DE ),43.12702,6.15283,Plein jour,En agglomération,Hors intersection,Normale,Sans collision,4,2,2,0,2,2,1,0,1,50,,2,1,0,0,1,60.0,,,,1,2,1,1,7
202100044919,2021-04-06 12:50:00,2021,4,6,12,50,79,79191,,46.32473,-0.46797,Plein jour,En agglomération,Hors intersection,Normale,Sans collision,3,2,5,1,1,1,1,2,1,50,,2,1,0,0,1,83.0,,,,1,2,1,1,7
202100044920,2021-04-06 15:00:00,2021,4,6,15,0,78,78146,CORMIERS (RUE DES),48.89822,2.14519,Plein jour,En agglomération,Hors intersection,Normale,Deux véhicules - frontale,4,2,1,0,1,1,1,0,1,50,,2,1,0,0,1,34.0,60.0,,,1,2,1,1,1
202100044921,2021-03-24 11:45:00,2021,3,24,11,45,78,78498,PRECHEURS RUE DES,48.927097,2.041404,Plein jour,En agglomération,Intersection à plus de 4 branches,Normale,Deux véhicules - côté,4,2,2,0,1,1,1,0,1,50,,2,1,1,0,0,44.0,13.0,,,1,2,5,1,3
202100044922,2021-04-04 22:20:00,2021,4,4,22,20,76,76296,Rue de la Libération,49.51765,0.25065,Nuit avec éclairage allumé,Hors agglomération,Intersection en X,Normale,Autre collision,3,2,2,0,1,1,1,5,1,70,,1,0,1,0,0,20.0,,,,5,1,2,1,6
202100044923,2021-04-02 17:45:00,2021,4,2,17,45,76,76351,REPUBLIQUE (COURS DE LA),49.49767,0.12802,Plein jour,En agglomération,Intersection en T,Normale,Deux véhicules - côté,4,3,6,2,2,1,1,4,1,50,,3,1,0,0,2,25.0,25.0,,,1,2,3,1,3
202100044924,2021-04-03 17:45:00,2021,4,3,17,45,76,76270,D6382,49.52722,0.15076,Plein jour,Hors agglomération,Hors intersection,Normale,Deux véhicules - arrière,3,3,4,0,1,1,1,0,1,90,,3,2,0,0,1,56.0,58.0,,,1,1,1,1,2
202100044925,2021-04-06 10:00:00,2021,4,6,10,0,69,69266,ROULET     (Petite rue du),45.77854,4.90129,Plein jour,En agglomération,Hors intersection,Normale,Autre collision,4,2,2,0,1,1,1,0,1,50,,2,1,0,0,1,65.0,,,,1,2,1,1,6
202100044926,2021-04-02 21:45:00,2021,4,2,21,45,69,69091,JOSEPH LIAUTHAUD (R),45.58992,4.7618,Nuit avec éclairage allumé,En agglomération,Intersection à plus de 4 branches,Normale,Deux véhicules - côté,7,2,2,0,1,1,1,5,1,50,,2,1,0,0,1,18.0,26.0,,,5,2,5,1,3
202100044927,2021-04-04 15:40:00,2021,4,4,15,40,67,67482,DOLLER (RUE DE LA),48.615737,7.774899,Plein jour,En agglomération,Hors intersection,Normale,Autre collision,4,2,2,0,1,1,1,0,1,50,,2,1,0,0,1,55.0,,,,1,2,1,1,6
202100044928,2021-04-01 12:30:00,2021,4,1,12,30,67,67482,JEAN GIRAUDOUX (RUE),48.58794,7.70189,Plein jour,En agglomération,Hors intersection,Normale,Autre collision,4,3,4,1,1,1,1,0,1,50,,2,1,0,0,1,44.0,,,,1,2,1,1,6
202100044929,2021-04-01 11:20:00,2021,4,1,11,20,67,67482,ANVERS (BOULEVARD D ),48.5872456426,7.7702455704,Plein jour,En agglomération,Hors intersection,Normale,Deux véhicules - arrière,4,3,3,0,1,1,1,0,1,50,,3,2,0,0,1,18.0,,,,1,2,1,1,2