accident_id,datetime,annee,mois,jour,heure,minute,departement,commune_insee,adresse,latitude,longitude,luminosite,agglomeration,intersection,meteo,collision,catr,circ,nbv,vosp,prof,plan,surf,infra,situ,vma,nb_vehicules,nb_usagers,nb_indemnes,nb_tues,nb_blesses_hosp,nb_blesses_legers,age_cond_1,age_cond_2,veh_type_cond_1,veh_type_cond_2,lum_code,agg_code,int_code,atm_code,col_code
202100044930,2021-04-04 11:25:00,2021,4,4,11,25,66,66136,FRANCE LIBRE (BOULEVARD DE LA),42.70542,2.90203,Plein jour,En agglomération,Hors intersection,Normale,Autre collision,4,2,2,0,1,1,1,0,8,50,,2,1,0,0,1,33.0,24.0,,,1,2,1,1,6
202100044931,2021-03-31 13:30:00,2021,3,31,13,30,66,66136,FRATERNITE (ROND-POINT),42.7288495229,2.8771928698,Plein jour,Hors agglomération,Giratoire,Normale,Deux véhicules - côté,3,1,2,0,1,2,1,0,1,30,,2,1,0,0,1,54.0,23.0,,,1,1,6,1,3
202100044932,2021-04-06 14:15:00,2021,4,6,14,15,65,65440,MARNE (AVENUE DE LA),43.2317,0.08551,Plein jour,En agglomération,Intersection en Y,Normale,Deux véhicules - côté,4,2,2,0,1,1,1,0,1,50,,2,1,0,0,1,82.0,18.0,,,1,2,4,1,3
202100044933,2021-02-16 13:00:00,2021,2,16,13,0,64,64545,SOUHARA (ROUTE DE),43.37382,-1.67871,Plein jour,En agglomération,Hors intersection,Temps couvert,Autre collision,6,-1,0,0,1,1,1,1,1,20,,2,1,0,0,1,45.0,,,,1,2,1,8,6
202100044934,2021-04-05 18:30:00,2021,4,5,18,30,64,64102,PAULMY (AVENUE DES ALLEES),43.49504,-1.47847,Plein jour,En agglomération,Intersection en T,Normale,Deux véhicules - côté,4,2,4,0,1,2,1,5,1,50,,2,1,0,1,0,19.0,21.0,,,1,2,3,1,3
202100044935,2021-04-05 15:55:00,2021,4,5,15,55,64,64102,LOUIS DE FOIX (AVENUE),43.51008,-1.46817,Plein jour,En agglomération,Hors intersection,Normale,Sans collision,3,2,2,0,1,1,1,0,1,30,,1,0,0,1,0,47.0,,,,1,2,1,1,7
202100044936,2021-04-06 09:35:00,2021,4,6,9,35,62,62193,DARNEL,50.94664,1.85381,Plein jour,En agglomération,Intersection en T,Normale,Autre collision,4,1,2,0,1,1,1,0,1,50,,2,1,0,1,0,52.0,,,,1,2,3,1,6
202100044937,2021-04-06 08:20:00,2021,4,6,8,20,58,58194,JEROME TRESAGUET,46.9975,3.148,Plein jour,En agglomération,Hors intersection,Normale,Sans collision,3,2,2,0,1,1,1,0,1,50,,1,0,0,0,1,40.0,,,,1,2,1,1,7
202100044938,2021-04-04 17:05:00,2021,4,4,17,5,58,58194,MARECHAL DE LATTRE DE TASSIGNY,46.99752,3.16298,Plein jour,En agglomération,Hors intersection,Normale,Autre collision,4,2,2,0,1,1,1,0,1,50,,1,0,0,0,1,26.0,,,,1,2,1,1,6
202100044939,2021-02-27 21:25:00,2021,2,27,21,25,58,58194,SAINT EXUPERY (BOULEVARD),47.0038,3.164,Nuit avec éclairage allumé,En agglomération,Hors intersection,Normale,Sans collision,4,2,2,0,1,1,1,0,1,50,,1,0,0,1,0,19.0,,,,5,2,1,1,7
202100044940,2021-04-01 17:19:00,2021,4,1,17,19,57,57757,KUNTZIG (RUE DE),49.3520644426,6.2157726288,Plein jour,En agglomération,Hors intersection,Normale,Autre collision,3,2,2,0,1,1,1,0,1,80,,2,0,0,1,1,20.0,,,,1,2,1,1,6
202100044941,2021-04-04 17:25:00,2021,4,4,17,25,56,56162,Boulevard de l’Atlantique,47.7103201,-3.4695305,Plein jour,En agglomération,Intersection en T,Normale,Sans collision,3,2,2,0,1,1,1,0,1,30,,2,1,0,0,1,24.0,,,,1,2,3,1,7
202100044942,2021-04-02 15:40:00,2021,4,2,15,40,56,56162,LANN-ER-ROCH,47.73858,-3.45321,Plein jour,En agglomération,Hors intersection,Normale,Deux véhicules - côté,3,2,2,0,1,1,1,0,1,30,,2,1,0,0,1,39.0,35.0,,,1,2,1,1,3
202100044943,2021-04-02 08:20:00,2021,4,2,8,20,56,56083,8 MAI 1945 ( AV. DU ),47.80264,-3.29134,Plein jour,En agglomération,Hors intersection,Normale,Deux véhicules - arrière,4,2,2,0,1,1,1,0,1,50,,2,1,0,0,1,37.0,16.0,,,1,2,1,1,2
202100044944,2021-04-05 17:00:00,2021,4,5,17,0,50,50218,SAINT NICOLAS (RUE),48.83202,-1.56703,Plein jour,En agglomération,Intersection en T,Normale,Deux véhicules - côté,4,2,2,0,1,1,1,0,1,50,,2,1,0,0,1,20.0,88.0,,,1,2,3,1,3
202100044945,2021-04-06 15:10:00,2021,4,6,15,10,45,45284,Rue Bernard Palissy,47.9155909477,1.9417867937,Plein jour,En agglomération,Hors intersection,Normale,Deux véhicules - côté,4,2,2,0,1,1,1,0,1,50,,3,0,0,0,3,72.0,35.0,,,1,2,1,1,3
202100044946,2021-04-05 09:20:00,2021,4,5,9,20,37,37261,MARECHAL JUIN (BD),47.40638,0.7031,Plein jour,En agglomération,Hors intersection,Normale,Deux véhicules - arrière,4,2,4,0,2,1,1,0,1,50,,4,3,0,0,1,24.0,20.0,,,1,2,1,1,2
202100044947,2021-04-05 01:00:00,2021,4,5,1,0,37,37261,CHURCHILL (BOULEVARD WINSTON),47.3732849734,0.6869713962,Nuit avec éclairage allumé,En agglomération,Intersection en T,Normale,Deux véhicules - côté,4,3,4,0,1,1,1,5,1,50,,2,1,0,0,1,20.0,23.0,,,5,2,3,1,3
202100044948,2021-04-06 17:45:00,2021,4,6,17,45,35,35281,DAURAT (RUE DIDIER),48.07318,-1.71618,Plein jour,Hors agglomération,Hors intersection,Normale,Autre collision,5,-1,1,0,1,1,9,0,8,50,,1,0,0,1,0,23.0,,,,1,1,1,1,6
202100044949,2021-04-06 12:15:00,2021,4,6,12,15,35,35051,BRAY (RUE DE),48.10768,-1.61801,Plein jour,Hors agglomération,Autre intersection,Normale,Deux véhicules - côté,4,2,2,2,1,1,1,0,5,50,,2,1,0,0,1,25.0,25.0,,,1,1,9,1,3
202100044950,2021-04-06 14:30:00,2021,4,6,14,30,33,33162,Avenue de Magudas,44.85828,-0.66631,Plein jour,En agglomération,Intersection en X,Normale,Deux véhicules - côté,4,2,4,0,1,1,1,0,1,50,,2,1,0,0,1,45.0,26.0,,,1,2,2,1,3
202100044951,2021-04-06 05:57:00,2021,4,6,5,57,32,32013,CORPS FRANC POMMIES (AVENUE DU),43.6320817283,0.5819351966,Nuit avec éclairage allumé,En agglomération,Hors intersection,Normale,Autre collision,2,3,-1,-1,1,1,1,0,1,-1,,1,0,0,0,1,34.0,,,,5,2,1,1,6
202100044952,2021-04-05 16:52:00,2021,4,5,16,52,32,32013,DOCTEUR SAMALENS,43.64697,0.58346,Plein jour,En agglomération,Hors intersection,Normale,Sans collision,4,2,2,0,1,1,1,0,1,50,,2,0,0,0,2,15.0,,,,1,2,1,1,7
202100044953,2021-04-06 16:55:00,2021,4,6,16,55,30,30007,BRIGADE DU LANGUEDOC (QUAI DE LA),44.1199,4.08709,Plein jour,En agglomération,Hors intersection,Normale,Autre collision,4,2,2,0,1,1,1,0,1,50,,2,1,0,0,1,26.0,69.0,,,1,2,1,1,6
202100044954,2021-04-06 09:30:00,2021,4,6,9,30,29,29232,Rue Paul Borrossi,47.9872744275,-4.1273725033,Plein jour,En agglomération,Giratoire,Autre,Deux véhicules - côté,4,-1,1,0,1,3,1,0,1,50,,2,1,0,0,1,50.0,80.0,,,1,2,6,9,3
202100044955,2021-03-26 12:20:00,2021,3,26,12,20,28,28085,ABLIS (RUE D'),48.4473829549,1.5002346039,Plein jour,Hors agglomération,Hors intersection,Normale,Sans collision,3,1,2,0,1,1,1,0,1,90,,1,0,0,1,0,47.0,,,,1,1,1,1,7
202100044956,2021-04-06 16:45:00,2021,4,6,16,45,27,27701,RD6015,49.25499,1.17381,Plein jour,Hors agglomération,Hors intersection,Normale,Sans collision,3,3,2,0,2,1,1,0,1,70,,1,0,0,1,0,26.0,,,,1,1,1,1,7
202100044957,2021-04-06 17:17:00,2021,4,6,17,17,26,26313,L.A.C.R.A. ,44.9846,4.97743,Plein jour,Hors agglomération,Autre intersection,Normale,Trois véhicules et plus - en chaîne,2,3,4,0,1,1,1,0,1,110,,4,2,0,1,1,43.0,48.0,,,1,1,9,1,4
202100044958,2021-04-06 16:17:00,2021,4,6,16,17,17,17380,GANIPOTE (AVENUE DE LA),45.65326,-1.09505,Plein jour,En agglomération,Hors intersection,Normale,Autre collision,4,2,2,0,1,2,1,0,1,50,,1,0,0,0,1,17.0,,,,1,2,1,1,6
202100044959,2021-04-05 18:55:00,2021,4,5,18,55,13,13026,MARECHAL LECLERC (avenue du),43.38038,5.17647,Plein jour,En agglomération,Hors intersection,Normale,Autre collision,4,2,2,0,1,1,1,0,1,50,,1,0,0,0,1,33.0,,,,1,2,1,1,6
202100044960,2021-03-24 16:25:00,2021,3,24,16,25,13,13056,VENTRONS,43.3788,5.06373,Plein jour,Hors agglomération,Intersection en T,Normale,Deux véhicules - côté,7,2,2,0,3,1,1,0,1,80,,2,0,0,0,2,45.0,63.0,,,1,1,3,1,3
202100044961,2021-03-24 11:30:00,2021,3,24,11,30,13,13056,CD 5 (Route d'Istres),43.4302860783,5.0471384771,Plein jour,En agglomération,Hors intersection,Normale,Deux véhicules - côté,7,1,2,0,1,2,1,0,1,50,,2,1,0,0,1,32.0,47.0,,,1,2,1,1,3
202100044962,2021-04-06 22:20:00,2021,4,6,22,20,13,13205,BAILLE (BOULEVARD),43.287964,5.391452,Nuit avec éclairage allumé,En agglomération,Intersection en X,Normale,Deux véhicules - côté,4,2,2,0,1,1,1,0,1,50,,2,1,0,0,1,,59.0,,,5,2,2,1,3
202100044963,2021-04-06 16:40:00,2021,4,6,16,40,13,13214,MERLAN (AVENUE),43.3397,5.407718,Plein jour,En agglomération,Hors intersection,Normale,Deux véhicules - côté,4,2,2,0,1,1,1,0,1,50,,3,0,0,0,3,24.0,28.0,,,1,2,1,1,3
202100044964,2021-04-06 10:20:00,2021,4,6,10,20,13,13208,MICHELET (BOULEVARD),43.25865,5.39885,Plein jour,En agglomération,Intersection en T,Normale,Deux véhicules - côté,4,2,0,0,1,1,1,0,1,50,,5,0,0,0,5,51.0,42.0,,,1,2,3,1,3
202100044965,2021-04-02 17:21:00,2021,4,2,17,21,11,11262,AUGE (BOULEVARD DU DR LEON),43.18821,3.00359,Plein jour,En agglomération,Hors intersection,Normale,Deux véhicules - frontale,4,2,2,3,1,1,1,9,6,30,,2,1,0,0,1,27.0,44.0,,,1,2,1,1,1
202100044966,2021-04-05 18:30:00,2021,4,5,18,30,11,11069,SAINT MARTIN -AVENUE-,43.2295,2.3865,Plein jour,En agglomération,Hors intersection,Normale,Deux véhicules - côté,4,-1,2,0,1,1,1,0,4,30,,4,3,0,0,1,42.0,16.0,,,1,2,1,1,3
202100044967,2021-04-02 14:10:00,2021,4,2,14,10,08,08105,PRIX,49.755195,4.700131,Plein jour,En agglomération,Hors intersection,Normale,Deux véhicules - frontale,4,2,2,0,2,1,1,0,1,50,,2,1,1,0,0,72.0,37.0,,,1,2,1,1,1
202100044968,2021-04-04 11:08:00,2021,4,4,11,8,05,05061,MARECHAL FOCH ( AVENUE DU ),44.56372,6.08803,Plein jour,En agglomération,Intersection en T,Normale,Deux véhicules - côté,2,2,3,0,1,1,1,0,1,50,,3,2,0,1,0,49.0,78.0,,,1,2,3,1,3
202100044969,2021-04-03 10:57:00,2021,4,3,10,57,05,05061,SILOS ( RUE DES ),44.56788,6.09522,Plein jour,En agglomération,Hors intersection,Normale,Deux véhicules - côté,4,2,2,0,1,1,1,0,1,50,,3,2,0,0,1,45.0,47.0,,,1,2,1,1,3
202100044970,2021-04-02 16:29:00,2021,4,2,16,29,05,05061,RN 94,44.573261,6.108942,Plein jour,En agglomération,Hors intersection,Normale,Trois véhicules et plus - en chaîne,2,2,2,0,1,1,1,0,1,50,,5,2,0,0,3,27.0,30.0,,,1,2,1,1,4
202100044971,2021-04-02 14:24:00,2021,4,2,14,24,05,05061,PINS ( RUE DES ),44.56232,6.07742,Plein jour,En agglomération,Hors intersection,Normale,Sans collision,4,1,2,0,1,1,1,0,4,50,,1,0,0,0,1,52.0,,,,1,2,1,1,7
202100044972,2021-04-05 23:50:00,2021,4,5,23,50,75,75119,RUE DE KABYLIE,48.884292,2.367571,Nuit avec éclairage allumé,En agglomération,Intersection en X,Normale,Deux véhicules - côté,4,1,1,0,1,1,1,0,1,50,,3,2,0,0,1,,43.0,,,5,2,2,1,3
202100044973,2021-04-05 00:20:00,2021,4,5,0,20,75,75116,ALLEE DU BORD DE L EAU,48.874144,2.244757,Nuit avec éclairage allumé,En agglomération,Intersection en Y,Normale,Autre collision,4,2,2,0,1,1,1,0,1,50,,1,0,1,0,0,41.0,,,,5,2,4,1,6
202100044974,2021-04-06 18:00:00,2021,4,6,18,0,75,75110,RUE DU FAUBOURG SAINT MARTIN,48.880405,2.364303,Plein jour,En agglomération,Intersection en T,Normale,Autre collision,4,2,2,0,1,1,1,0,1,50,,3,1,0,0,2,29.0,72.0,,,1,2,3,1,6
202100044975,2021-04-05 21:35:00,2021,4,5,21,35,75,75109,BOULEVARD DE CLICHY,48.883852,2.328605,Nuit avec éclairage allumé,En agglomération,Intersection en Y,Normale,Deux véhicules - côté,4,3,3,3,1,1,1,0,1,50,,2,0,0,0,2,24.0,27.0,,,5,2,4,1,3
202100044976,2021-04-05 16:20:00,2021,4,5,16,20,75,75109,RUE DE CLICHY,48.882121,2.328089,Plein jour,En agglomération,Hors intersection,Pluie légère,Deux véhicules - arrière,4,1,2,0,3,1,2,0,1,50,,2,1,0,0,1,23.0,68.0,,,1,2,1,2,2
202100044977,2021-04-06 08:45:00,2021,4,6,8,45,75,75101,BOULEVARD DE SEBASTOPOL,48.858524,2.348228,Plein jour,En agglomération,Intersection en X,Normale,Deux véhicules - côté,4,1,3,1,1,1,1,-1,5,50,,2,1,0,0,1,44.0,20.0,,,1,2,2,1,3
202100044978,2021-04-06 17:25:00,2021,4,6,17,25,94,94081,Rue du 18 Juin 1940,48.791,2.394,Plein jour,En agglomération,Hors intersection,Neige / grêle,Autre collision,4,1,1,0,1,1,2,0,1,50,,2,1,0,0,1,32.0,,,,1,2,1,4,6
202100044979,2021-04-06 14:05:00,2021,4,6,14,5,94,94042,PRESIDENT JOHN KENNEDY (AV DU),48.81474,2.4634,Plein jour,En agglomération,Hors intersection,Normale,Deux véhicules - arrière,3,2,4,0,1,1,1,0,1,50,,3,2,0,0,1,33.0,25.0,,,1,2,1,1,2
202100044980,2021-04-06 13:15:00,2021,4,6,13,15,94,94043,Avenue Charles Gide,48.806172,2.349941,Plein jour,En agglomération,Hors intersection,Normale,Deux véhicules - côté,3,2,2,0,1,1,1,0,1,50,,2,1,0,0,1,38.0,22.0,,,1,2,1,1,3
202100044981,2021-04-06 11:45:00,2021,4,6,11,45,94,94021,Avenue Georges Guynemer,48.7581,2.34408,Plein jour,En agglomération,Hors intersection,Normale,Autre collision,3,2,3,0,1,1,1,0,1,50,,2,1,0,1,0,36.0,,,,1,2,1,1,6
202100044982,2021-04-06 21:08:00,2021,4,6,21,8,93,93073,RESISTANCE (RUE DE LA),48.94958,2.56528,Nuit avec éclairage allumé,En agglomération,Hors intersection,Normale,Deux véhicules - côté,3,1,2,0,1,1,1,0,1,50,,3,2,0,0,1,48.0,30.0,,,5,2,1,1,3
202100044983,2021-04-06 09:20:00,2021,4,6,9,20,93,93066,GARENNE,48.9426917239,2.3847031247,Plein jour,En agglomération,Intersection en X,Normale,Deux véhicules - frontale,4,2,2,0,1,1,1,5,1,50,,2,1,0,0,1,21.0,23.0,,,1,2,2,1,1
202100044984,2021-04-06 09:13:00,2021,4,6,9,13,93,93066,FRANCE ANATOLE (BOULEVARD) NR AUTRES,48.9225051728,2.3471454112,Plein jour,En agglomération,Hors intersection,Normale,Deux véhicules - côté,4,-1,5,0,2,1,1,5,1,50,,2,1,0,0,1,33.0,49.0,,,1,2,1,1,3
202100044985,2021-04-06 13:10:00,2021,4,6,13,10,93,93055,JEAN LOLIVE (AVENUE)(1/55 2/60),48.8915239579,2.4050366377,Plein jour,En agglomération,Intersection en X,Normale,Deux véhicules - côté,3,3,2,0,1,1,1,0,1,50,,2,1,0,0,1,33.0,30.0,,,1,2,2,1,3
202100044986,2021-04-06 03:40:00,2021,4,6,3,40,93,93064,PERI (BOULEVARD GABRIEL) 39 / 44 - FIN,48.8775395825,2.4826419353,Nuit avec éclairage allumé,En agglomération,Hors intersection,Temps couvert,Autre collision,3,2,2,0,2,3,1,0,4,50,,3,0,0,2,1,19.0,,,,5,2,1,8,6
202100044987,2021-04-06 17:40:00,2021,4,6,17,40,93,93031,JOFFRE (AVENUE),48.9602221704,2.2983511183,Plein jour,En agglomération,Hors intersection,Normale,Deux véhicules - côté,3,3,4,0,1,1,1,0,1,50,,3,2,0,0,1,20.0,21.0,,,1,2,1,1,3
202100044988,2021-04-06 15:15:00,2021,4,6,15,15,93,93010,GUESDES (RUE JULES),48.9035663327,2.4775895526,Plein jour,En agglomération,Autre intersection,Normale,Deux véhicules - côté,3,1,1,3,1,1,1,0,1,50,,3,2,0,0,1,16.0,53.0,,,1,2,9,1,3
202100044989,2021-04-04 13:30:00,2021,4,4,13,30,92,92063,DOUMER (AVENUE PAUL) NORD,48.883042976,2.1894483268,Plein jour,En agglomération,Intersection en T,Normale,Deux véhicules - côté,3,3,4,0,1,1,1,5,1,50,,2,1,0,0,1,38.0,21.0,,,1,2,3,1,3
202100044990,2021-04-05 18:00:00,2021,4,5,18,0,92,92036,LOUIS ROCHE (AVENUE) (153/203),48.92335694,2.3213258386,Plein jour,En agglomération,Intersection en X,Normale,Deux véhicules - côté,3,2,2,0,1,1,1,0,1,50,,2,1,0,0,1,19.0,24.0,,,1,2,2,1,3
202100044991,2021-04-02 20:35:00,2021,4,2,20,35,92,92025,HENRI BARBUSSE (AV),48.9147416166,2.2528705001,Crépuscule ou aube,En agglomération,Hors intersection,Normale,Deux véhicules - côté,3,2,2,0,1,1,1,0,1,50,,2,1,0,0,1,55.0,17.0,,,2,2,1,1,3
202100044992,2021-04-06 19:43:00,2021,4,6,19,43,92,92024,REPUBLIQUE (PLACE DE LA),48.90337,2.31285,Plein jour,En agglomération,Place,Normale,Deux véhicules - côté,4,1,2,0,1,1,1,0,1,50,,2,1,0,0,1,30.0,31.0,,,1,2,7,1,3
202100044993,2021-04-06 10:00:00,2021,4,6,10,0,92,92012,PONT DE BILLANCOURT (PLACE DU),48.8250419178,2.2482612588,Plein jour,En agglomération,Giratoire,Normale,Deux véhicules - côté,3,2,1,0,2,1,1,0,1,50,,3,2,0,0,1,62.0,35.0,,,1,2,6,1,3
202100044994,2021-04-06 18:50:00,2021,4,6,18,50,22,22019,Lieu Dit Kerimerch,48.588219,-2.982981,Plein jour,Hors agglomération,Hors intersection,Normale,Deux véhicules - côté,3,2,2,0,1,1,1,0,1,70,,2,1,0,1,0,49.0,25.0,,,1,1,1,1,3
202100044995,2021-04-06 17:40:00,2021,4,6,17,40,74,74112,R du Nante,45.936777,6.090299,Plein jour,En agglomération,Intersection en T,Normale,Deux véhicules - côté,4,2,2,0,1,1,1,0,1,50,,2,1,0,1,0,18.0,46.0,,,1,2,3,1,3
202100044996,2021-04-06 07:10:00,2021,4,6,7,10,974,97414,Route de Cilaos,-21.270514,55.44339,Crépuscule ou aube,En agglomération,Intersection en X,Normale,Deux véhicules - côté,2,2,2,0,2,1,1,0,1,50,,2,1,0,1,0,17.0,43.0,,,2,2,2,1,3
202100044997,2021-04-06 15:35:00,2021,4,6,15,35,80,80591,D93,49.969741,1.776583,Plein jour,Hors agglomération,Hors intersection,Normale,Sans collision,3,2,2,0,1,1,1,0,1,-1,,1,0,0,1,0,20.0,,,,1,1,1,1,7
202100044998,2021-04-06 08:40:00,2021,4,6,8,40,29,29079,Rond Point de la Corde,48.645007,-3.946715,Plein jour,Hors agglomération,Giratoire,Normale,Deux véhicules - côté,3,1,2,0,1,2,1,0,1,70,,2,1,0,1,0,64.0,62.0,,,1,1,6,1,3
202100044999,2021-04-04 18:55:00,2021,4,4,18,55,31,31107,Chemin de Lacroix,43.325685,1.218072,Plein jour,Hors agglomération,Hors intersection,Normale,Trois véhicules et plus - collisions multiples,3,2,2,0,1,2,1,0,1,50,,5,4,0,1,0,29.0,16.0,,,1,1,1,1,5
202100045000,2021-04-07 18:45:00,2021,4,7,18,45,50,50598,Rue Alexis de Tocqueville,49.670874,-1.338509,Plein jour,En agglomération,Hors intersection,Normale,Sans collision,3,2,2,0,1,1,1,0,1,-1,,1,0,0,0,1,39.0,,,,1,2,1,1,7
202100045001,2021-04-06 09:30:00,2021,4,6,9,30,07,07101,lieu dit la tourrasse - route des costes,44.409713,4.3077189,Plein jour,En agglomération,Hors intersection,Normale,Autre collision,4,2,2,0,2,2,1,0,3,50,,1,0,0,1,0,39.0,,,,1,2,1,1,6
202100045002,2021-04-07 07:24:00,2021,4,7,7,24,73,73117,A43 pk 192+600,45.189029,6.643325,Crépuscule ou aube,Hors agglomération,Hors intersection,Neige / grêle,Deux véhicules - frontale,1,2,2,0,2,2,7,2,1,70,,2,0,0,1,1,51.0,49.0,,,2,1,1,4,1
202100045003,2021-04-07 14:00:00,2021,4,7,14,0,973,97305,Rue du Singe Rouge,5.0687486202,-52.5925408602,Plein jour,Hors agglomération,Intersection en T,Pluie forte,Deux véhicules - côté,2,2,2,0,1,1,4,0,3,80,,2,1,1,0,0,44.0,59.0,,,1,1,3,3,3
202100045004,2021-04-07 17:50:00,2021,4,7,17,50,84,84034,n°76 CD900,43.886264,4.945049,Plein jour,Hors agglomération,Hors intersection,Normale,Trois véhicules et plus - collisions multiples,3,2,1,0,1,2,1,0,1,80,,5,2,1,0,2,31.0,73.0,,,1,1,1,1,5
202100045005,2021-04-03 15:50:00,2021,4,3,15,50,13,13007,Route Départementale 2,43.319761,5.664632,Plein jour,Hors agglomération,Hors intersection,Normale,Deux véhicules - côté,7,2,2,0,2,1,1,0,1,80,,2,1,0,1,0,34.0,58.0,,,1,1,1,1,3
202100045006,2021-04-06 07:35:00,2021,4,6,7,35,68,68309,Route Départementale 19.3 Bis,47.665351,7.473857,Plein jour,Hors agglomération,Intersection en Y,Temps couvert,Deux véhicules - frontale,3,2,2,0,1,1,1,0,1,80,,2,1,0,0,1,43.0,44.0,,,1,1,4,8,1
202100045007,2021-04-06 20:20:00,2021,4,6,20,20,02,02213,Le Libera,49.03114,3.525619,Crépuscule ou aube,En agglomération,Autre intersection,Normale,Autre collision,3,2,2,0,1,1,1,0,3,50,,4,3,0,1,0,43.0,,,,2,2,9,1,6
202100045008,2021-04-05 22:49:00,2021,4,5,22,49,13,13202,A557-Liaison A7 Marseille-A55 Marseille,43.317,5.36402,Nuit sans éclairage public,Hors agglomération,Hors intersection,Normale,Autre collision,1,1,2,0,2,2,1,3,1,50,,2,0,0,1,1,25.0,,,,3,1,1,1,6
202100045009,2021-04-06 08:15:00,2021,4,6,8,15,91,91645,RN 385 Extèrieure,48.7597,2.2632,Plein jour,Hors agglomération,Hors intersection,Normale,Deux véhicules - côté,2,1,2,0,1,1,1,0,1,90,,2,1,0,0,1,41.0,30.0,,,1,1,1,1,3
202100045010,2021-04-06 07:50:00,2021,4,6,7,50,92,92047,A13,48.8356238797,2.1802820185,Crépuscule ou aube,Hors agglomération,Hors intersection,Normale,Deux véhicules - arrière,1,3,6,0,1,1,1,0,1,90,,2,1,0,0,1,25.0,25.0,,,2,1,1,1,2
202100045011,2021-04-06 07:40:00,2021,4,6,7,40,78,78217,A13,48.963179,1.838708,Crépuscule ou aube,Hors agglomération,Hors intersection,Normale,Deux véhicules - arrière,1,3,6,0,1,1,1,0,1,130,,2,1,0,0,1,62.0,40.0,,,2,1,1,1,2
202100045012,2021-04-06 19:30:00,2021,4,6,19,30,94,94033,A86.INT,48.8520234289,2.4897042795,Plein jour,Hors agglomération,Hors intersection,Normale,Trois véhicules et plus - collisions multiples,1,3,2,0,1,1,1,0,1,90,,4,2,0,0,2,29.0,64.0,,,1,1,1,1,5
202100045013,2021-04-06 17:00:00,2021,4,6,17,0,94,94033,A86.EXT,48.8507,2.49071,Plein jour,Hors agglomération,Hors intersection,Normale,Trois véhicules et plus - en chaîne,1,3,6,0,1,1,1,0,1,90,,3,2,0,1,0,22.0,48.0,,,1,1,1,1,4
202100045014,2021-04-03 16:05:00,2021,4,3,16,5,35,35115,SAINT GERMAIN (BOULEVARD DE),48.362147,-1.208442,Plein jour,En agglomération,Hors intersection,Normale,Autre collision,4,2,2,0,1,1,1,9,1,50,,3,1,0,2,0,73.0,,,,1,2,1,1,6
202100045015,2021-04-04 11:00:00,2021,4,4,11,0,974,97416,RECHERCHANT (RUE ADRIEN) (2),-21.282511,55.474857,Plein jour,Hors agglomération,Hors intersection,Normale,Autre collision,3,2,2,0,1,4,1,0,1,50,,2,1,0,1,0,37.0,,,,1,1,1,1,6
202100045016,2021-04-05 17:30:00,2021,4,5,17,30,69,69383,FELIX FAURE (AV),45.75289,4.85336,Plein jour,En agglomération,Intersection en X,Normale,Deux véhicules - côté,4,2,3,2,1,1,1,0,1,50,,2,1,0,0,1,46.0,21.0,,,1,2,2,1,3
202100045017,2021-04-05 19:00:00,2021,4,5,19,0,69,69384,JACQUARD (R),45.77631,4.82367,Plein jour,En agglomération,Intersection en X,Normale,Deux véhicules - côté,4,1,1,2,1,1,1,0,1,50,,2,1,0,0,1,37.0,57.0,,,1,2,2,1,3
202100045018,2021-04-05 16:20:00,2021,4,5,16,20,69,69385,GENERAL EISENHOWER (AV),45.754439171,4.782153368,Plein jour,En agglomération,Intersection en X,Normale,Deux véhicules - frontale,4,2,2,0,2,1,1,0,1,50,,2,0,0,0,2,39.0,36.0,,,1,2,2,1,1
202100045019,2021-04-05 19:00:00,2021,4,5,19,0,2B,2B033,TOGA,42.70822,9.45372,Crépuscule ou aube,En agglomération,Hors intersection,Normale,Deux véhicules - frontale,4,2,4,0,1,1,1,0,1,50,,3,2,0,1,0,22.0,41.0,,,2,2,1,1,1
202100045020,2021-04-05 14:45:00,2021,4,5,14,45,91,91687,MARMONT (AVENUE),48.664,2.3753,Plein jour,En agglomération,Hors intersection,Pluie légère,Autre collision,3,-1,2,0,1,1,2,0,1,50,,2,1,0,0,1,23.0,,,,1,2,1,2,6
202100045021,2021-04-05 19:20:00,2021,4,5,19,20,81,81144,RN 88,43.96153,2.16738,Plein jour,Hors agglomération,Giratoire,Normale,Deux véhicules - côté,2,1,2,0,1,1,1,5,1,30,,2,1,0,0,1,51.0,20.0,,,1,1,6,1,3
202100045022,2021-04-03 05:59:00,2021,4,3,5,59,78,78168,Route nationale 10,48.74857,1.92502,Nuit avec éclairage allumé,En agglomération,Intersection en X,Normale,Deux véhicules - côté,2,1,2,0,1,1,1,0,1,70,,4,2,2,0,0,52.0,19.0,,,5,2,2,1,3
202100045023,2021-04-05 14:01:00,2021,4,5,14,1,69,69266,GREUZE (R),45.76785,4.89358,Plein jour,En agglomération,Autre intersection,Normale,Deux véhicules - côté,4,1,1,0,1,1,1,0,1,50,,4,2,0,0,2,40.0,72.0,,,1,2,9,1,3
202100045024,2021-04-04 11:50:00,2021,4,4,11,50,54,54184,SAULXURES (AVENUE DE),48.70395,6.24616,Plein jour,En agglomération,Hors intersection,Normale,Deux véhicules - arrière,4,2,2,0,1,1,1,0,1,50,,2,1,0,0,1,39.0,51.0,,,1,2,1,1,2
202100045025,2021-04-05 16:36:00,2021,4,5,16,36,49,49007,DE LATTRE DE TASSIGNY,47.4527,-0.54127,Plein jour,En agglomération,Hors intersection,Normale,Deux véhicules - côté,4,2,4,0,1,1,1,0,1,50,,2,1,0,0,1,25.0,28.0,,,1,2,1,1,3
202100045026,2021-04-05 13:40:00,2021,4,5,13,40,35,35238,PRE BOTTE (DU),48.1093,-1.6783,Plein jour,En agglomération,Hors intersection,Normale,Autre collision,4,1,1,0,1,1,1,9,1,30,,2,1,0,0,1,31.0,,,,1,2,1,1,6