accident_id,datetime,annee,mois,jour,heure,minute,departement,commune_insee,adresse,latitude,longitude,luminosite,agglomeration,intersection,meteo,collision,catr,circ,nbv,vosp,prof,plan,surf,infra,situ,vma,nb_vehicules,nb_usagers,nb_indemnes,nb_tues,nb_blesses_hosp,nb_blesses_legers,age_cond_1,age_cond_2,veh_type_cond_1,veh_type_cond_2,lum_code,agg_code,int_code,atm_code,col_code
202100045027,2021-04-05 13:10:00,2021,4,5,13,10,29,29019,Rue Sébastopol,48.4016354766,-4.4671051204,Plein jour,En agglomération,Giratoire,Normale,Deux véhicules - côté,4,2,2,0,1,3,1,5,1,30,,2,1,0,0,1,21.0,30.0,,,1,2,6,1,3
202100045028,2021-04-05 16:15:00,2021,4,5,16,15,13,13203,PLOMBIERES (BOULEVARD DES),43.317729,5.380956,Plein jour,En agglomération,Hors intersection,Normale,Trois véhicules et plus - collisions multiples,4,3,4,0,1,1,1,0,1,50,,3,2,0,0,1,,53.0,,,1,2,1,1,5
202100045029,2021-04-05 16:30:00,2021,4,5,16,30,13,13207,RIVE NEUVE (QUAI),43.29265,5.36764,Plein jour,En agglomération,Hors intersection,Normale,Deux véhicules - côté,4,2,3,3,1,1,1,0,1,50,,2,1,0,0,1,23.0,21.0,,,1,2,1,1,3
202100045030,2021-04-05 15:39:00,2021,4,5,15,39,13,13214,MORETTI (BOULEVARD),43.32344,5.38589,Plein jour,En agglomération,Hors intersection,Normale,Deux véhicules - arrière,4,3,2,0,1,1,1,0,1,50,,1,0,0,0,1,18.0,,,,1,2,1,1,2
202100045031,2021-04-05 14:30:00,2021,4,5,14,30,13,13214,PAUL COXE (RUE),43.3467330361,5.3782428269,Plein jour,En agglomération,Hors intersection,Normale,Trois véhicules et plus - en chaîne,4,2,2,0,1,1,1,0,1,50,,4,2,0,0,2,47.0,22.0,,,1,2,1,1,4
202100045032,2021-04-05 11:20:00,2021,4,5,11,20,13,13205,SAKAKINI (BOULEVARD),43.295557,5.400517,Plein jour,En agglomération,Hors intersection,Normale,Deux véhicules - côté,4,2,4,0,1,1,1,0,1,50,,2,1,0,0,1,42.0,31.0,,,1,2,1,1,3
202100045033,2021-04-05 22:21:00,2021,4,5,22,21,10,10387,JEAN NESMY (RUE),48.29419,4.09018,Nuit avec éclairage allumé,En agglomération,Hors intersection,Normale,Autre collision,4,2,2,0,1,4,2,0,4,50,,1,0,0,0,1,39.0,,,,5,2,1,1,6
202100045034,2021-04-05 17:25:00,2021,4,5,17,25,75,75114,PORTE D ORLEANS,48.820815,2.321732,Plein jour,En agglomération,Intersection en Y,Normale,Autre collision,4,1,3,0,1,1,2,0,1,70,,1,0,0,0,1,25.0,,,,1,2,4,1,6
202100045035,2021-04-05 16:00:00,2021,4,5,16,0,75,75117,PLACE DES TERNES,48.878296,2.298581,Plein jour,En agglomération,Place,Pluie légère,Deux véhicules - côté,4,1,2,0,2,2,2,0,1,30,,2,1,0,0,1,26.0,22.0,,,1,2,7,2,3
202100045036,2021-04-05 14:03:00,2021,4,5,14,3,75,75117,AVENUE DE CLICHY,48.888793,2.323348,Plein jour,En agglomération,Intersection en T,Pluie légère,Autre collision,4,2,3,0,2,1,2,0,1,30,,2,1,0,0,1,32.0,,,,1,2,3,2,6
202100045037,2021-04-05 13:53:00,2021,4,5,13,53,75,75116,AVENUE EDOUARD VAILLANT,48.836774,2.253648,Plein jour,En agglomération,Intersection en X,Pluie légère,Deux véhicules - côté,4,1,4,0,1,3,2,0,1,50,,2,1,0,0,1,23.0,65.0,,,1,2,2,2,3
202100045038,2021-04-05 16:45:00,2021,4,5,16,45,75,75110,AVENUE PARMENTIER,48.870011,2.371054,Plein jour,En agglomération,Intersection en X,Normale,Deux véhicules - côté,4,3,4,3,1,1,1,0,1,30,,2,1,0,0,1,21.0,59.0,,,1,2,2,1,3
202100045039,2021-04-04 16:49:00,2021,4,4,16,49,94,94080,Avenue de la République,48.84987,2.43455,Plein jour,En agglomération,Intersection en X,Normale,Autre collision,4,2,2,0,1,1,1,0,1,30,,1,0,0,0,1,35.0,,,,1,2,2,1,6
202100045040,2021-04-05 16:00:00,2021,4,5,16,0,94,94079,CLAUDE TROTIN (R),48.82772,2.54395,Plein jour,En agglomération,Hors intersection,Normale,Autre collision,4,3,2,0,1,1,2,9,8,50,,1,0,0,0,1,57.0,,,,1,2,1,1,6
202100045041,2021-04-05 14:15:00,2021,4,5,14,15,94,94060,GENERAL DE GAULLE (R DU),48.7813699069,2.5719380379,Plein jour,En agglomération,Hors intersection,Pluie légère,Deux véhicules - arrière,3,3,4,0,1,1,2,0,1,50,,3,2,0,0,1,21.0,61.0,,,1,2,1,2,2
202100045042,2021-04-05 18:35:00,2021,4,5,18,35,93,93059,AMIENS (RUE D') N° 02 AU N°128,48.9546350021,2.368240354,Plein jour,En agglomération,Hors intersection,Normale,Deux véhicules - côté,3,2,4,3,1,1,1,0,1,50,,2,1,0,0,1,24.0,27.0,,,1,2,1,1,3
202100045043,2021-04-05 18:30:00,2021,4,5,18,30,93,93066,FRANCE ANATOLE (BOULEVARD) NR AUTRES,48.92564,2.3505,Plein jour,En agglomération,Autre intersection,Normale,Autre collision,3,2,8,1,1,1,1,5,5,50,,2,1,0,0,1,33.0,,,,1,2,9,1,6
202100045044,2021-04-05 02:30:00,2021,4,5,2,30,93,93051,GABRIEL PERI (AVENUE),48.8319,2.56672,Nuit avec éclairage allumé,En agglomération,Giratoire,Normale,Autre collision,3,2,2,0,1,1,1,0,8,50,,1,0,0,0,1,27.0,,,,5,2,6,1,6
202100045045,2021-04-04 21:37:00,2021,4,4,21,37,92,92020,BERANGER RUE,48.8048724203,2.2837373614,Nuit avec éclairage allumé,En agglomération,Hors intersection,Normale,Sans collision,4,1,1,0,1,2,1,0,1,50,,2,1,0,0,1,21.0,,,,5,2,1,1,7
202100045046,2021-04-05 14:20:00,2021,4,5,14,20,92,92044,CARNOT(RUE) 43A71 ET 38A58,48.89172,2.28675,Plein jour,En agglomération,Intersection en X,Pluie légère,Deux véhicules - côté,4,1,1,0,1,1,2,0,1,50,,2,1,0,0,1,28.0,30.0,,,1,2,2,2,3
202100045047,2021-04-05 17:27:00,2021,4,5,17,27,92,92012,JEAN JAURES (BOULEVARD) 63/215 - 70/208,48.8347169761,2.2429195046,Plein jour,En agglomération,Hors intersection,Normale,Deux véhicules - arrière,4,2,2,0,1,1,2,0,1,50,,3,2,0,0,1,27.0,19.0,,,1,2,1,1,2
202100045048,2021-04-05 19:10:00,2021,4,5,19,10,92,92004,VOLTAIRE ( BD ),48.9165659754,2.2890293598,Plein jour,En agglomération,Intersection en Y,Normale,Deux véhicules - côté,3,2,2,2,1,1,1,0,1,50,,2,1,0,0,1,35.0,24.0,,,1,2,4,1,3
202100045049,2021-04-04 08:20:00,2021,4,4,8,20,35,35356,12 Rue de la Poste,48.248614,-1.781927,Plein jour,En agglomération,Hors intersection,Normale,Autre collision,3,2,2,0,1,3,1,0,1,30,,1,0,0,1,0,19.0,,,,1,2,1,1,6
202100045050,2021-04-01 16:45:00,2021,4,1,16,45,18,18032,D751,47.421874,2.895477,Plein jour,Hors agglomération,Hors intersection,Normale,Sans collision,3,2,2,0,1,2,1,0,3,80,,1,0,0,1,0,83.0,,,,1,1,1,1,7
202100045051,2021-04-03 14:45:00,2021,4,3,14,45,11,11203,avenue de l'égalité,43.207651,2.760513,Plein jour,En agglomération,Intersection en T,Normale,Deux véhicules - arrière,3,2,2,0,1,1,1,0,1,50,,7,5,0,2,0,32.0,35.0,,,1,2,3,1,2
202100045052,2021-04-05 18:00:00,2021,4,5,18,0,63,63020,Rd 2089,45.685706,2.938049,Plein jour,Hors agglomération,Hors intersection,Normale,Deux véhicules - frontale,3,2,3,0,1,1,1,0,1,70,,6,0,0,3,3,20.0,25.0,,,1,1,1,1,1
202100045053,2021-04-04 12:07:00,2021,4,4,12,7,63,63278,PR 003+250,45.924468,3.159288,Plein jour,En agglomération,Hors intersection,Normale,Sans collision,3,2,2,0,1,1,1,0,1,50,,1,0,0,0,1,49.0,,,,1,2,1,1,7
202100045054,2021-04-06 03:30:00,2021,4,6,3,30,85,85109,l'aubonnière,46.862087,-1.095854,Nuit sans éclairage public,Hors agglomération,Intersection en T,Normale,Autre collision,3,2,2,0,1,1,1,0,8,80,,1,0,0,1,0,36.0,,,,3,1,3,1,6
202100045055,2021-04-05 15:35:00,2021,4,5,15,35,38,38429,D1075,44.87913,5.62266,Plein jour,Hors agglomération,Hors intersection,Normale,Deux véhicules - frontale,3,2,2,0,1,1,1,0,1,80,,6,0,1,4,1,67.0,51.0,,,1,1,1,1,1
202100045056,2021-04-06 17:25:00,2021,4,6,17,25,74,74233,1172 Rte d'Annecy,45.808537,5.98288,Plein jour,Hors agglomération,Hors intersection,Normale,Deux véhicules - arrière,3,2,2,0,1,1,1,0,1,80,,2,1,0,1,0,55.0,47.0,,,1,1,1,1,2
202100045057,2021-04-05 15:30:00,2021,4,5,15,30,11,11289,D118,43.092428,2.229538,Plein jour,Hors agglomération,Hors intersection,Normale,Deux véhicules - arrière,3,2,2,0,1,1,1,0,1,80,,4,2,0,1,1,51.0,78.0,,,1,1,1,1,2
202100045058,2021-04-05 10:20:00,2021,4,5,10,20,71,71397,D17,46.393196,4.630394,Plein jour,Hors agglomération,Hors intersection,Normale,Deux véhicules - frontale,3,2,2,0,1,2,1,0,1,80,,2,1,0,1,0,19.0,85.0,,,1,1,1,1,1
202100045059,2021-04-01 15:25:00,2021,4,1,15,25,46,46127,56 boulevard Aristide Briand,44.736484,1.380179,Plein jour,En agglomération,Intersection en Y,Normale,Autre collision,3,2,2,0,1,1,1,0,1,50,,2,1,1,0,0,85.0,,,,1,2,4,1,6
202100045060,2021-03-23 17:25:00,2021,3,23,17,25,34,34079,D609,43.643871,3.448763,Crépuscule ou aube,Hors agglomération,Intersection en Y,Temps éblouissant,Deux véhicules - frontale,3,2,2,0,1,1,1,0,1,90,,4,2,0,1,1,24.0,68.0,,,2,1,4,7,1
202100045061,2021-04-04 19:00:00,2021,4,4,19,0,68,68060,34 Rue Principale,47.731639,7.147775,Plein jour,En agglomération,Hors intersection,Normale,Autre collision,3,2,2,0,1,3,1,0,4,50,,1,0,0,1,0,18.0,,,,1,2,1,1,6
202100045062,2021-03-25 18:45:00,2021,3,25,18,45,68,68263,Rue de Belfort,47.58677,7.443312,Nuit avec éclairage allumé,En agglomération,Hors intersection,Normale,Trois véhicules et plus - en chaîne,3,2,2,0,1,2,1,0,1,50,,6,5,0,0,1,45.0,60.0,,,5,2,1,1,4
202100045063,2021-02-20 16:30:00,2021,2,20,16,30,39,39470,,46.484208,6.059856,Plein jour,En agglomération,Intersection en T,Normale,Deux véhicules - côté,2,2,2,0,1,1,1,0,1,50,,2,1,0,1,0,46.0,50.0,,,1,2,3,1,3
202100045064,2021-04-05 13:05:00,2021,4,5,13,5,25,25156,D117 PR 1+0.6,47.40747,6.50058,Plein jour,Hors agglomération,Hors intersection,Normale,Autre collision,3,2,2,0,1,3,1,0,3,80,,1,0,0,1,0,26.0,,,,1,1,1,1,6
202100045065,2021-04-02 16:50:00,2021,4,2,16,50,31,31424,Route de Colomiers,43.592087,1.285298,Plein jour,Hors agglomération,Giratoire,Normale,Sans collision,3,3,2,0,1,3,1,0,1,70,,1,0,1,0,0,44.0,,,,1,1,6,1,7
202100045066,2021-04-02 07:15:00,2021,4,2,7,15,31,31442,18 Route de Caujac,43.331057,1.437537,Plein jour,Hors agglomération,Hors intersection,Normale,Autre collision,3,2,2,0,1,1,1,0,3,80,,1,0,0,1,0,42.0,,,,1,1,1,1,6
202100045067,2021-04-04 09:50:00,2021,4,4,9,50,70,70058,RD 2,47.500416,5.667561,Plein jour,Hors agglomération,Hors intersection,Normale,Trois véhicules et plus - en chaîne,3,2,2,0,1,1,1,0,1,80,,3,1,0,0,2,67.0,67.0,,,1,1,1,1,4
202100045068,2021-04-03 15:40:00,2021,4,3,15,40,26,26042,Route d’Etoile,44.852188,4.894409,Plein jour,Hors agglomération,Hors intersection,Vent fort / tempête,Deux véhicules - frontale,3,2,2,0,1,3,1,0,1,80,,2,1,0,1,0,19.0,42.0,,,1,1,1,6,1
202100045069,2021-04-04 14:55:00,2021,4,4,14,55,14,14318,Rue de Sainte Croix,49.324213,-0.482583,Plein jour,Hors agglomération,Hors intersection,Normale,Sans collision,3,-1,1,0,1,1,1,0,3,80,,1,0,0,0,1,16.0,,,,1,1,1,1,7
202100045070,2021-04-06 06:30:00,2021,4,6,6,30,45,45095,D2152,48.046917,2.125661,Crépuscule ou aube,Hors agglomération,Hors intersection,Autre,Autre collision,3,2,2,0,1,1,1,0,3,90,,1,0,0,1,0,66.0,,,,2,1,1,9,6
202100045071,2021-04-05 10:50:00,2021,4,5,10,50,07,07204,D120,45.006003,4.402216,Plein jour,En agglomération,Giratoire,Normale,Deux véhicules - côté,3,1,1,0,1,2,1,0,1,50,,2,1,0,1,0,63.0,61.0,,,1,2,6,1,3
202100045072,2021-04-03 17:45:00,2021,4,3,17,45,53,53062,Grande Rue,47.828974,-0.704761,Plein jour,En agglomération,Intersection en T,Normale,Autre collision,4,1,1,0,2,1,1,0,1,50,,2,1,0,1,0,48.0,,,,1,2,3,1,6
202100045073,2021-04-05 10:30:00,2021,4,5,10,30,28,28214,Rue de Chartres,48.473469,1.015221,Plein jour,En agglomération,Hors intersection,Normale,Autre collision,3,1,1,0,2,1,1,9,1,50,,2,1,0,1,0,86.0,,,,1,2,1,1,6
202100045074,2021-04-06 17:50:00,2021,4,6,17,50,48,48042,"D 806, PK 87 + 320",44.56829,3.495026,Plein jour,Hors agglomération,Hors intersection,Normale,Sans collision,3,2,2,0,1,1,1,0,3,90,,1,0,0,0,1,23.0,,,,1,1,1,1,7
202100045075,2021-04-06 09:58:00,2021,4,6,9,58,95,95394,rue molière,49.0617650695,2.1758744631,Plein jour,En agglomération,Hors intersection,Normale,Deux véhicules - côté,4,1,1,0,1,1,1,0,1,30,,2,1,0,0,1,63.0,79.0,,,1,2,1,1,3
202100045076,2021-04-06 11:15:00,2021,4,6,11,15,07,07247,RN102,44.589502,4.554169,Plein jour,Hors agglomération,Hors intersection,Normale,Sans collision,2,3,3,0,1,1,1,0,3,80,,1,0,0,0,1,56.0,,,,1,1,1,1,7
202100045077,2021-04-05 16:55:00,2021,4,5,16,55,11,11024,A9 PK 196.300,43.108722,2.949786,Plein jour,Hors agglomération,Hors intersection,Normale,Autre collision,1,3,5,0,1,1,1,0,2,130,,5,1,1,1,2,40.0,23.0,,,1,1,1,1,6
202100045078,2021-04-05 21:15:00,2021,4,5,21,15,976,97605,route de chiconi - sohoa,-12.822728,45.109241,Nuit avec éclairage allumé,Hors agglomération,Hors intersection,Normale,Deux véhicules - frontale,3,2,2,0,2,1,1,0,1,-1,,2,1,0,1,0,31.0,22.0,,,5,1,1,1,1
202100045079,2021-04-05 16:45:00,2021,4,5,16,45,988,98821,SAVEXPRESS,-22.164514,166.389399,Plein jour,Hors agglomération,Hors intersection,Temps éblouissant,Autre collision,1,3,4,0,1,1,1,0,3,110,,2,0,1,0,1,71.0,,,,1,1,1,7,6
202100045080,2021-04-04 14:45:00,2021,4,4,14,45,986,98613,Halalo,-13.344717,-176.213625,Plein jour,En agglomération,Autre intersection,Normale,Sans collision,2,-1,2,0,1,2,1,0,1,70,,2,1,0,0,1,25.0,,,,1,2,9,1,7
202100045081,2021-04-04 17:45:00,2021,4,4,17,45,95,95150,Place Charles de Gaulle,49.121765,1.69404,Plein jour,En agglomération,Place,Normale,Deux véhicules - côté,3,2,2,0,1,1,1,0,1,50,,2,0,0,0,2,25.0,23.0,,,1,2,7,1,3
202100045082,2021-03-24 19:20:00,2021,3,24,19,20,66,66065,D40,42.6055589071,2.9868968949,Crépuscule ou aube,Hors agglomération,Hors intersection,Normale,Deux véhicules - frontale,4,2,2,0,1,1,1,0,1,80,,2,1,0,0,1,37.0,41.0,,,2,1,1,1,1
202100045083,2021-04-06 09:45:00,2021,4,6,9,45,34,34113,D613,43.484236,3.699753,Plein jour,Hors agglomération,Intersection en X,Normale,Trois véhicules et plus - collisions multiples,3,2,2,0,1,1,1,5,1,80,,3,2,0,1,0,76.0,62.0,,,1,1,2,1,5
202100045084,2021-04-06 05:50:00,2021,4,6,5,50,34,34289,D 18,43.386373,3.386364,Nuit sans éclairage public,Hors agglomération,Hors intersection,Normale,Autre collision,3,2,2,0,1,2,1,0,1,80,,1,0,0,1,0,54.0,,,,3,1,1,1,6
202100045085,2021-04-06 13:50:00,2021,4,6,13,50,04,04086,RD 900,44.404891,6.710715,Plein jour,Hors agglomération,Hors intersection,Normale,Sans collision,3,2,2,0,1,1,1,0,1,80,,1,0,0,0,1,16.0,,,,1,1,1,1,7
202100045086,2021-04-06 06:45:00,2021,4,6,6,45,13,13013,D96,43.422941,5.569789,Nuit sans éclairage public,Hors agglomération,Hors intersection,Normale,Autre collision,7,2,2,0,2,3,1,0,1,80,,2,1,1,0,0,38.0,,,,3,1,1,1,6
202100045087,2021-04-02 16:40:00,2021,4,2,16,40,68,68296,D48.1,48.263313,7.298784,Plein jour,Hors agglomération,Hors intersection,Normale,Deux véhicules - frontale,3,2,2,0,2,2,8,0,1,80,,4,3,0,0,1,20.0,19.0,,,1,1,1,1,1
202100045088,2021-04-06 00:00:00,2021,4,6,0,0,07,07200,Route du Tunnel,44.7203331747,4.1342832148,Nuit sans éclairage public,Hors agglomération,Hors intersection,Autre,Autre collision,3,2,2,0,1,2,1,9,3,50,,1,0,1,0,0,58.0,,,,3,1,1,9,6
202100045089,2021-04-03 12:15:00,2021,4,3,12,15,65,65401,Route Départementale 8,43.185853,0.101709,Plein jour,En agglomération,Autre intersection,Temps couvert,Deux véhicules - arrière,3,2,2,0,1,1,1,0,1,50,,2,1,0,1,0,54.0,58.0,,,1,2,9,8,2
202100045090,2021-04-03 17:00:00,2021,4,3,17,0,17,17036,rue de la croix,45.876057,-0.996215,Plein jour,En agglomération,Giratoire,Normale,Deux véhicules - côté,3,2,2,0,1,1,1,5,1,50,,2,1,0,1,0,75.0,18.0,,,1,2,6,1,3
202100045091,2021-04-04 19:30:00,2021,4,4,19,30,59,59571,Rue Henri Barbusse,50.179461,3.522288,Crépuscule ou aube,Hors agglomération,Hors intersection,Normale,Autre collision,3,2,2,0,1,2,1,0,3,80,,1,0,0,0,1,24.0,,,,2,1,1,1,6
202100045092,2021-04-01 18:49:00,2021,4,1,18,49,13,13207,TVPCM-Sens Saint Victor vers Les Ports,43.2929838231,5.3650236061,Plein jour,Hors agglomération,Hors intersection,Normale,Trois véhicules et plus - en chaîne,4,-1,2,0,1,1,1,1,1,50,,8,4,0,0,4,43.0,23.0,,,1,1,1,1,4
202100045093,2021-04-05 18:10:00,2021,4,5,18,10,91,91659,AUTOROUTE A6,48.59185,2.44504,Plein jour,Hors agglomération,Hors intersection,Normale,Sans collision,1,3,6,0,1,1,1,3,1,110,,1,0,0,0,1,65.0,,,,1,1,1,1,7
202100045094,2021-04-05 15:30:00,2021,4,5,15,30,94,94038,AUTOROUTE A6B,48.78664,2.34504,Plein jour,Hors agglomération,Hors intersection,Normale,Autre collision,1,-1,3,0,1,1,2,0,1,90,,2,1,0,0,1,31.0,,,,1,1,1,1,6
202100045095,2021-04-05 19:00:00,2021,4,5,19,0,93,93053,AUTOROUTE A3,48.88085,2.45226,Plein jour,Hors agglomération,Hors intersection,Normale,Deux véhicules - côté,1,3,7,0,1,1,1,0,1,70,,2,1,0,0,1,20.0,34.0,,,1,1,1,1,3
202100045096,2021-04-04 23:30:00,2021,4,4,23,30,77,77337,RN104,48.82743,2.61756,Nuit sans éclairage public,Hors agglomération,Hors intersection,Normale,Autre collision,2,1,2,0,1,1,1,0,1,70,,1,0,0,0,1,31.0,,,,3,1,1,1,6
202100045097,2021-04-04 13:10:00,2021,4,4,13,10,54,54578,AIGUILLETTES  (BD 5 A 73-2 A 94),48.67145,6.15632,Plein jour,En agglomération,Hors intersection,Normale,Autre collision,4,2,4,0,1,1,1,0,1,50,,2,1,0,0,1,23.0,,,,1,2,1,1,6
202100045098,2021-04-03 06:25:00,2021,4,3,6,25,13,13004,RTE NATIONALE PONT DE CRAU,43.66,4.64,Nuit avec éclairage allumé,En agglomération,Hors intersection,Normale,Autre collision,3,2,2,0,1,1,1,0,1,50,,2,1,1,0,0,68.0,,,,5,2,1,1,6
202100045099,2021-04-04 17:24:00,2021,4,4,17,24,06,06029,ALEXANDRE III (BOULEVARD ),43.546503,7.036655,Plein jour,En agglomération,Autre intersection,Normale,Autre collision,4,1,2,0,1,1,1,0,1,50,,2,1,0,0,1,49.0,,,,1,2,9,1,6
202100045100,2021-04-02 16:50:00,2021,4,2,16,50,59,59392,FRANKLIN ROOSEVELT (AVENUE),50.27912,3.97132,Plein jour,En agglomération,Intersection en X,Normale,Autre collision,4,2,2,0,1,1,1,0,1,50,,2,1,0,0,1,20.0,,,,1,2,2,1,6
202100045101,2021-04-02 17:30:00,2021,4,2,17,30,21,21054,25 Rue du Faubourg Saint-Nicolas,47.02875,4.84003,Plein jour,En agglomération,Hors intersection,Normale,Autre collision,3,3,1,0,1,1,1,9,1,50,,4,1,0,1,2,80.0,,,,1,2,1,1,6
202100045102,2021-03-31 20:40:00,2021,3,31,20,40,08,08105,BOUTET C. AVENUE,49.775694,4.711244,Crépuscule ou aube,En agglomération,Hors intersection,Normale,Autre collision,4,1,0,0,2,1,1,0,1,50,,2,1,0,1,0,27.0,,,,2,2,1,1,6
202100045103,2021-04-02 18:50:00,2021,4,2,18,50,94,94081,Avenue Paul Vaillant Couturier,48.79351,2.39594,Plein jour,En agglomération,Hors intersection,Normale,Autre collision,3,2,2,0,1,1,1,0,1,50,,2,1,0,0,1,18.0,,,,1,2,1,1,6
202100045104,2021-01-30 04:16:00,2021,1,30,4,16,972,97213,AUTOROUTE A1,14.618,-61.029,Nuit avec éclairage allumé,Hors agglomération,Hors intersection,Normale,Trois véhicules et plus - collisions multiples,1,1,6,0,1,1,1,0,1,90,,7,1,0,0,6,42.0,31.0,,,5,1,1,1,5
202100045105,2021-04-01 16:45:00,2021,4,1,16,45,06,06083,"SOSPEL (AVENUE DE, N° 57 A 152)",43.79621,7.489689,Plein jour,En agglomération,Hors intersection,Normale,Autre collision,4,2,2,0,1,1,1,0,1,50,,2,1,0,0,1,57.0,,,,1,2,1,1,6
202100045106,2021-03-30 12:30:00,2021,3,30,12,30,93,93066,COURNEUVE (ROUTE),48.9322565726,2.3763526031,Plein jour,En agglomération,Autre intersection,Normale,Deux véhicules - côté,3,-1,4,0,1,1,1,9,1,50,,3,1,0,0,2,20.0,20.0,,,1,2,9,1,3
202100045107,2021-03-31 17:00:00,2021,3,31,17,0,92,92009,ARGENTEUIL N° 176 A 388,48.9259500588,2.2739318758,Plein jour,En agglomération,Intersection en X,Normale,Autre collision,3,2,2,0,1,1,1,0,1,50,,2,1,0,1,0,26.0,,,,1,2,2,1,6
202100045108,2021-04-04 16:20:00,2021,4,4,16,20,976,97611,tsoundzou-Stara (rue),-12.80732,45.20634,Plein jour,En agglomération,Hors intersection,Normale,Deux véhicules - côté,2,2,0,0,1,1,1,0,1,50,,3,1,0,0,2,19.0,57.0,,,1,2,1,1,3
202100045109,2021-04-04 06:05:00,2021,4,4,6,5,973,97302,MONTABO (ROUTE DE) 1,4.9422619564,-52.3049786395,Crépuscule ou aube,En agglomération,Hors intersection,Normale,Sans collision,3,2,2,2,1,2,1,0,8,50,,1,0,0,0,1,27.0,,,,2,2,1,1,7
202100045110,2021-04-04 15:50:00,2021,4,4,15,50,69,69387,TCHECOSLOVAQUES (DES) (BD),45.7450012741,4.858329222,Plein jour,En agglomération,Hors intersection,Normale,Deux véhicules - arrière,4,1,3,3,1,1,1,0,1,50,,2,1,0,0,1,25.0,38.0,,,1,2,1,1,2
202100045111,2021-03-25 20:00:00,2021,3,25,20,0,972,97213,ROUTE NATIONALE 1,14.61840979,-61.0067172,Nuit avec éclairage allumé,Hors agglomération,Hors intersection,Normale,Sans collision,2,3,5,3,1,3,1,0,1,70,,1,0,0,1,0,37.0,,,,5,1,1,1,7
202100045112,2021-04-04 11:55:00,2021,4,4,11,55,972,97209,PIERRE ET MARIE CURIE (RUE),14.6096,-61.0718,Plein jour,En agglomération,Hors intersection,Normale,Deux véhicules - arrière,2,1,1,0,1,1,1,0,1,30,,2,1,0,0,1,56.0,21.0,,,1,2,1,1,2
202100045113,2021-04-02 18:46:00,2021,4,2,18,46,69,69385,TRION (DE) (R),45.7565220258,4.8169118611,Plein jour,En agglomération,Hors intersection,Normale,Sans collision,4,2,2,0,2,1,9,8,1,50,,1,0,0,0,1,48.0,,,,1,2,1,1,7
202100045114,2021-04-03 11:50:00,2021,4,3,11,50,971,97113,SECTION LEROUX,16.24499,-61.46689,Plein jour,Hors agglomération,Hors intersection,Normale,Autre collision,4,-1,1,0,3,1,1,0,1,50,,2,1,1,0,0,49.0,,,,1,1,1,1,6
202100045115,2021-04-03 16:15:00,2021,4,3,16,15,91,91589,AV CHARLES DE GAULLE,48.6794,2.34584,Plein jour,En agglomération,Hors intersection,Normale,Autre collision,3,2,2,0,1,1,1,0,1,50,,1,0,0,0,1,58.0,,,,1,2,1,1,6
202100045116,2021-03-31 17:30:00,2021,3,31,17,30,91,91589,AV DE L ARMEE LECLERC,48.692222,2.340964,Plein jour,En agglomération,Hors intersection,Normale,Deux véhicules - côté,4,-1,2,0,1,1,1,0,1,50,,2,1,0,0,1,23.0,25.0,,,1,2,1,1,3
202100045117,2021-04-03 20:25:00,2021,4,3,20,25,83,83137,GOURAUD (AVE GENERAL),43.1351,5.91638,Nuit avec éclairage allumé,En agglomération,Intersection en X,Normale,Deux véhicules - frontale,7,2,2,0,1,1,1,5,1,50,,2,0,0,0,2,20.0,21.0,,,5,2,2,1,1
202100045118,2021-04-02 19:10:00,2021,4,2,19,10,83,83129,PLAYES (ROCADE DES),43.103373,5.827458,Plein jour,En agglomération,Hors intersection,Normale,Deux véhicules - côté,4,2,2,2,1,1,1,0,1,50,,2,1,0,0,1,81.0,20.0,,,1,2,1,1,3
202100045119,2021-04-04 12:45:00,2021,4,4,12,45,83,83034,CD559,43.09567,6.0692,Plein jour,En agglomération,Giratoire,Normale,Deux véhicules - côté,7,-1,2,0,1,1,1,0,1,50,,2,1,0,1,0,76.0,46.0,,,1,2,6,1,3
202100045120,2021-04-04 08:45:00,2021,4,4,8,45,77,77170,RTE D ECUELLES,48.33802,2.79023,Plein jour,Hors agglomération,Hors intersection,Normale,Sans collision,3,2,2,0,1,2,1,0,3,70,,1,0,0,1,0,22.0,,,,1,1,1,1,7
202100045121,2021-04-03 17:30:00,2021,4,3,17,30,77,77316,RTE DE SAINT MAMMES,48.374201,2.820407,Plein jour,En agglomération,Hors intersection,Normale,Sans collision,3,-1,2,0,1,1,1,9,1,50,,2,0,0,2,0,41.0,40.0,,,1,2,1,1,7
202100045122,2021-03-31 20:30:00,2021,3,31,20,30,69,69266,MURIERS (DES) (R),45.76258,4.88192,Nuit avec éclairage allumé,En agglomération,Intersection en X,Normale,Deux véhicules - côté,4,1,1,2,1,1,1,0,1,50,,2,1,0,0,1,58.0,25.0,,,5,2,2,1,3
202100045123,2021-04-02 08:30:00,2021,4,2,8,30,59,59017,FAIDHERBE (BD ),50.69035,2.8662,Plein jour,En agglomération,Intersection en X,Normale,Trois véhicules et plus - collisions multiples,7,2,2,1,1,1,1,5,1,50,,3,1,0,0,2,38.0,46.0,,,1,2,2,1,5
202100045124,2021-04-04 16:50:00,2021,4,4,16,50,50,50647,NORMANDIE (RUE DE),48.84637,-1.55789,Plein jour,En agglomération,Hors intersection,Normale,Deux véhicules - frontale,4,2,2,0,2,2,1,0,1,30,,2,1,0,0,1,25.0,59.0,,,1,2,1,1,1