accident_id,datetime,annee,mois,jour,heure,minute,departement,commune_insee,adresse,latitude,longitude,luminosite,agglomeration,intersection,meteo,collision,catr,circ,nbv,vosp,prof,plan,surf,infra,situ,vma,nb_vehicules,nb_usagers,nb_indemnes,nb_tues,nb_blesses_hosp,nb_blesses_legers,age_cond_1,age_cond_2,veh_type_cond_1,veh_type_cond_2,lum_code,agg_code,int_code,atm_code,col_code
202100045125,2021-04-04 14:56:00,2021,4,4,14,56,38,38544,Place de la Futerie,45.52768,4.88028,Plein jour,En agglomération,Intersection en T,Normale,Deux véhicules - côté,3,2,2,0,1,1,1,0,1,50,,2,1,0,0,1,23.0,55.0,,,1,2,3,1,3
202100045126,2021-04-04 16:10:00,2021,4,4,16,10,35,35189,RD 29,48.1538164389,-1.7032402754,Plein jour,Hors agglomération,Hors intersection,Normale,Autre collision,7,1,1,0,2,3,1,3,1,50,,1,0,0,0,1,24.0,,,,1,1,1,1,6
202100045127,2021-04-02 16:20:00,2021,4,2,16,20,35,35115,FAUCHEUX (BD JACQUES),48.35453,-1.21109,Plein jour,En agglomération,Giratoire,Normale,Autre collision,4,2,2,0,4,1,1,5,1,30,,2,1,0,0,1,79.0,20.0,,,1,2,6,1,6
202100045128,2021-04-04 11:00:00,2021,4,4,11,0,33,33069,Rue Bourbaki,44.860699,-0.59266,Plein jour,En agglomération,Intersection en T,Temps éblouissant,Deux véhicules - côté,4,1,1,2,1,1,1,0,1,50,,2,1,0,0,1,39.0,57.0,,,1,2,3,7,3
202100045129,2021-04-03 17:10:00,2021,4,3,17,10,30,30243,VALES (CHEMIN DE),44.07086,4.08018,Plein jour,Hors agglomération,Intersection en X,Normale,Autre collision,4,2,2,0,1,1,1,0,1,80,,3,1,0,0,2,38.0,57.0,,,1,1,2,1,6
202100045130,2021-04-02 17:30:00,2021,4,2,17,30,29,29232,Avenue du Morbihan,47.9780454032,-4.0240391134,Crépuscule ou aube,Hors agglomération,Hors intersection,Normale,Deux véhicules - arrière,3,3,4,0,1,1,1,0,1,110,,3,0,0,0,3,19.0,22.0,,,2,1,1,1,2
202100045131,2021-04-04 16:39:00,2021,4,4,16,39,25,25056,PERGAUD RUE LOUIS,47.2393,6.00551,Plein jour,En agglomération,Intersection en Y,Normale,Deux véhicules - côté,4,2,2,0,1,3,1,0,1,50,,2,1,0,1,0,23.0,12.0,,,1,2,4,1,3
202100045132,2021-04-05 01:00:00,2021,4,5,1,0,13,13216,ESTAQUE PLAGE,43.35793,5.28749,Nuit avec éclairage allumé,En agglomération,Hors intersection,Normale,Deux véhicules - côté,7,2,2,0,2,2,1,0,1,50,,3,0,0,0,3,33.0,26.0,,,5,2,1,1,3
202100045133,2021-04-04 15:00:00,2021,4,4,15,0,13,13202,LAZARET (QUAI DU),43.3095,5.36679,Plein jour,En agglomération,Hors intersection,Normale,Autre collision,4,1,2,0,1,4,1,0,1,50,,1,0,0,0,1,45.0,,,,1,2,1,1,6
202100045134,2021-04-03 19:00:00,2021,4,3,19,0,13,13208,PRADO (AVENUE DU),43.26997,5.38771,Plein jour,En agglomération,Hors intersection,Normale,Deux véhicules - arrière,4,-1,-1,0,1,1,1,0,1,50,,3,2,0,0,1,26.0,36.0,,,1,2,1,1,2
202100045135,2021-04-04 13:30:00,2021,4,4,13,30,13,13063,ANCIENS COMBATTANTS AVENUE DES,43.58938,5.0032,Plein jour,En agglomération,Hors intersection,Normale,Deux véhicules - côté,4,2,2,0,1,1,1,0,1,50,,2,1,0,1,0,27.0,41.0,,,1,2,1,1,3
202100045136,2021-04-04 18:32:00,2021,4,4,18,32,10,10387,MAURICE BOUCHOR (RUE),48.30416,4.05553,Plein jour,En agglomération,Intersection en T,Normale,Deux véhicules - côté,4,2,2,0,1,1,1,0,1,50,,3,2,0,0,1,20.0,39.0,,,1,2,3,1,3
202100045137,2021-04-03 12:40:00,2021,4,3,12,40,06,06088,CASSIN (BD RENE),43.67051,7.22151,Plein jour,En agglomération,Hors intersection,Normale,Deux véhicules - côté,4,1,1,0,1,1,1,0,1,50,,3,2,0,1,0,68.0,23.0,,,1,2,1,1,3
202100045138,2021-04-02 18:15:00,2021,4,2,18,15,03,03101,2 Rue Jean Moulin,46.369318,2.571562,Plein jour,En agglomération,Hors intersection,Normale,Deux véhicules - côté,4,2,2,0,1,1,1,0,1,50,,3,2,0,1,0,22.0,44.0,,,1,2,1,1,3
202100045139,2021-04-02 20:36:00,2021,4,2,20,36,75,75114,PORTE D ORLEANS,48.820818,2.321801,Nuit avec éclairage allumé,En agglomération,Hors intersection,Normale,Deux véhicules - côté,4,1,4,0,1,1,1,0,1,70,,2,1,0,0,1,30.0,35.0,,,5,2,1,1,3
202100045140,2021-04-02 14:30:00,2021,4,2,14,30,75,75119,PORTE DES LILAS,48.878061,2.408477,Plein jour,En agglomération,Hors intersection,Normale,Sans collision,4,1,4,0,1,1,1,1,1,70,,1,0,0,0,1,38.0,,,,1,2,1,1,7
202100045141,2021-04-04 20:00:00,2021,4,4,20,0,75,75117,AVENUE MAC MAHON,48.877294,2.29428,Plein jour,En agglomération,Hors intersection,Normale,Deux véhicules - côté,4,2,3,3,2,1,1,0,1,50,,3,1,0,0,2,35.0,56.0,,,1,2,1,1,3
202100045142,2021-04-04 18:25:00,2021,4,4,18,25,75,75115,BOULEVARD LEFEBVRE,48.828975,2.299729,Plein jour,En agglomération,Hors intersection,Normale,Autre collision,4,2,0,1,1,1,1,-1,5,25,,2,1,0,0,1,36.0,,,,1,2,1,1,6
202100045143,2021-04-03 12:40:00,2021,4,3,12,40,75,75120,COURS DE VINCENNES,48.847488,2.406195,Plein jour,En agglomération,Intersection en X,Normale,Trois véhicules et plus - collisions multiples,4,2,8,0,1,1,1,0,1,50,,5,3,0,0,2,29.0,70.0,,,1,2,2,1,5
202100045144,2021-04-04 16:06:00,2021,4,4,16,6,75,75107,BOULEVARD DES INVALIDES,48.853674,2.314736,Plein jour,En agglomération,Intersection en T,Normale,Autre collision,4,2,5,1,1,1,1,-1,5,50,,1,0,0,0,1,54.0,,,,1,2,3,1,6
202100045145,2021-04-04 14:09:00,2021,4,4,14,9,75,75107,RUE PIERRE LEROUX,48.849473,2.31901,Plein jour,En agglomération,Intersection en T,Normale,Autre collision,4,-1,1,0,1,1,1,0,1,50,,1,0,0,0,1,29.0,,,,1,2,3,1,6
202100045146,2021-04-11 22:24:00,2021,4,11,22,24,94,94078,PARIS (R DE),48.73878,2.446857,Nuit avec éclairage allumé,En agglomération,Hors intersection,Normale,Deux véhicules - arrière,2,-1,4,0,1,1,1,0,1,50,,2,1,0,0,1,24.0,24.0,,,5,2,1,1,2
202100045147,2021-04-04 17:15:00,2021,4,4,17,15,94,94068,Avenue Beaurepaire,48.791793,2.474073,Plein jour,En agglomération,Intersection en X,Normale,Deux véhicules - côté,4,2,2,0,1,1,1,0,1,30,,2,1,0,0,1,46.0,63.0,,,1,2,2,1,3
202100045148,2021-04-04 21:30:00,2021,4,4,21,30,94,94076,STALINGRAD (AV DE),48.78405,2.36724,Nuit avec éclairage allumé,En agglomération,Hors intersection,Normale,Deux véhicules - côté,3,1,3,2,1,1,1,0,5,50,,2,1,0,1,0,,32.0,,,5,2,1,1,3
202100045149,2021-04-04 19:05:00,2021,4,4,19,5,94,94076,PAUL VAILLANT COUTURIER (AV),48.7946,2.36034,Plein jour,En agglomération,Hors intersection,Normale,Deux véhicules - arrière,4,2,2,0,1,1,1,5,1,50,,2,1,0,0,1,29.0,32.0,,,1,2,1,1,2
202100045150,2021-04-04 14:00:00,2021,4,4,14,0,94,94076,Rue Ambroise Croizat,48.801447,2.359491,Plein jour,En agglomération,Autre intersection,Normale,Deux véhicules - côté,4,2,2,0,1,1,1,0,1,50,,3,2,0,0,1,63.0,18.0,,,1,2,9,1,3
202100045151,2021-04-04 16:30:00,2021,4,4,16,30,94,94028,FOCH(AVENUE DU MARECHAL),48.781245,2.437381,Plein jour,En agglomération,Autre intersection,Normale,Deux véhicules - arrière,2,2,5,0,1,1,1,0,1,50,,3,1,0,0,2,54.0,19.0,,,1,2,9,1,2
202100045152,2021-04-04 13:40:00,2021,4,4,13,40,93,93059,PARIS (RUE DE),48.9664147593,2.3611538738,Plein jour,En agglomération,Intersection en X,Normale,Deux véhicules - côté,4,1,1,0,1,1,1,0,1,30,,2,1,0,0,1,40.0,58.0,,,1,2,2,1,3
202100045153,2021-04-04 18:25:00,2021,4,4,18,25,93,93031,PARIS (RUE DE),48.954757898,2.3078491239,Plein jour,En agglomération,Intersection en X,Normale,Deux véhicules - côté,3,2,5,0,1,1,1,0,1,50,,2,1,0,0,1,27.0,61.0,,,1,2,2,1,3
202100045154,2021-04-04 20:11:00,2021,4,4,20,11,93,93066,LENINE (AVENUE) NR 28 A 62 ET 13 A 41,48.9403098651,2.3679645888,Crépuscule ou aube,Hors agglomération,Autre intersection,Normale,Deux véhicules - arrière,3,1,2,0,3,1,1,9,1,50,,5,3,0,0,2,37.0,24.0,,,2,1,9,1,2
202100045155,2021-04-04 19:45:00,2021,4,4,19,45,93,93048,PARIS (RUE DE),48.8563862552,2.4257129823,Crépuscule ou aube,En agglomération,Hors intersection,Normale,Deux véhicules - arrière,4,2,2,0,1,1,1,0,1,30,,2,1,0,0,1,23.0,21.0,,,2,2,1,1,2
202100045156,2021-04-04 08:30:00,2021,4,4,8,30,93,93048,REPUBLIQUE (RUE DE LA),48.8526186322,2.417927761,Plein jour,En agglomération,Intersection en X,Normale,Deux véhicules - côté,4,2,4,1,1,1,1,0,1,50,,2,1,0,1,0,24.0,51.0,,,1,2,2,1,3
202100045157,2021-04-04 01:05:00,2021,4,4,1,5,93,93032,JEAN JAURES (AVENUE),48.88295,2.52698,Nuit sans éclairage public,En agglomération,Intersection en T,Normale,Deux véhicules - côté,3,2,2,0,1,1,1,0,1,50,,3,1,0,0,2,32.0,22.0,,,3,2,3,1,3
202100045158,2021-04-04 08:20:00,2021,4,4,8,20,93,93013,LINDBERGH (CARREFOUR),48.94246,2.43008,Plein jour,En agglomération,Giratoire,Normale,Autre collision,1,1,2,0,1,2,1,5,4,50,,5,2,0,0,3,36.0,,,,1,2,6,1,6
202100045159,2021-04-04 10:20:00,2021,4,4,10,20,93,93001,DANIELLE CASANOVA (RUE)  => 54/57,48.9154916957,2.3999409063,Plein jour,En agglomération,Intersection en X,Normale,Deux véhicules - côté,3,2,2,0,1,1,1,0,1,50,,2,1,0,0,1,20.0,42.0,,,1,2,2,1,3
202100045160,2021-04-04 18:25:00,2021,4,4,18,25,92,92062,DE DION BOUTON (QUAI) DU 1 AU 28,48.8853964243,2.25130409,Plein jour,En agglomération,Hors intersection,Normale,Deux véhicules - arrière,3,2,6,0,1,1,1,0,1,50,,4,3,0,0,1,51.0,34.0,,,1,2,1,1,2
202100045161,2021-04-04 21:04:00,2021,4,4,21,4,92,92040,PDT ROOSEVELT (QUAI DU),48.8317907183,2.2626256943,Crépuscule ou aube,En agglomération,Hors intersection,Normale,Deux véhicules - frontale,3,1,3,0,1,1,1,0,1,50,,2,1,0,0,1,20.0,31.0,,,2,2,1,1,1
202100045162,2021-04-04 12:36:00,2021,4,4,12,36,92,92024,VICTOR HUGO (BD),48.90084,2.31595,Plein jour,En agglomération,Intersection en X,Normale,Deux véhicules - côté,3,3,2,0,1,1,1,0,1,50,,2,1,0,0,1,32.0,59.0,,,1,2,2,1,3
202100045163,2021-04-04 20:45:00,2021,4,4,20,45,67,67535,"5, rue du Stade",48.913859,7.423775,Nuit avec éclairage allumé,En agglomération,Intersection en Y,Normale,Autre collision,4,2,2,0,2,2,1,0,3,50,,3,0,0,0,3,36.0,,,,5,2,4,1,6
202100045164,2021-04-05 10:55:00,2021,4,5,10,55,48,48002,AUTOROUTE A75 PK 115+690,44.878571,3.244604,Plein jour,Hors agglomération,Hors intersection,Normale,Autre collision,1,2,4,0,2,2,1,0,2,130,,1,0,0,1,0,75.0,,,,1,1,1,1,6
202100045165,2021-04-02 20:40:00,2021,4,2,20,40,30,30286,D981,43.985999,4.455578,Nuit sans éclairage public,Hors agglomération,Hors intersection,Normale,Sans collision,3,2,2,0,1,2,1,0,1,80,,1,0,0,1,0,50.0,,,,3,1,1,1,7
202100045166,2021-04-03 16:45:00,2021,4,3,16,45,57,57295,D38,48.795749,6.606134,Plein jour,Hors agglomération,Intersection en T,Normale,Deux véhicules - frontale,3,2,2,0,2,1,1,0,1,80,,2,1,0,1,0,38.0,30.0,,,1,1,3,1,1
202100045167,2021-04-05 00:15:00,2021,4,5,0,15,59,59270,Route de Petit Fayt,50.1112185043,3.8082298069,Nuit sans éclairage public,Hors agglomération,Hors intersection,Normale,Autre collision,3,2,2,0,1,3,1,8,3,-1,,1,0,0,1,0,19.0,,,,3,1,1,1,6
202100045168,2021-04-03 11:30:00,2021,4,3,11,30,82,82136,Route de Campsas,43.90468,1.384814,Plein jour,Hors agglomération,Intersection en X,Temps éblouissant,Deux véhicules - côté,3,2,2,0,1,3,1,0,1,80,,3,2,0,0,1,29.0,48.0,,,1,1,2,7,3
202100045169,2021-04-02 19:10:00,2021,4,2,19,10,33,33382,Lieu Dit Rabut,45.127005,-0.517771,Plein jour,Hors agglomération,Hors intersection,Normale,Sans collision,4,2,2,0,1,2,1,0,3,80,,2,1,0,1,0,46.0,,,,1,1,1,1,7
202100045170,2021-04-04 20:10:00,2021,4,4,20,10,33,33059,,44.774604,-0.243925,Plein jour,Hors agglomération,Intersection en X,Normale,Autre collision,3,2,2,0,1,1,1,0,3,80,,1,0,0,1,0,33.0,,,,1,1,2,1,6
202100045171,2021-03-24 15:30:00,2021,3,24,15,30,71,71263,Rue de Bram,46.629006,5.219091,Plein jour,En agglomération,Hors intersection,Normale,Deux véhicules - frontale,3,2,2,0,2,3,1,2,1,50,,2,1,0,0,1,49.0,85.0,,,1,2,1,1,1
202100045172,2021-04-04 15:30:00,2021,4,4,15,30,61,61464,D958,48.617853,0.151598,Plein jour,Hors agglomération,Hors intersection,Normale,Sans collision,3,2,2,0,2,2,1,2,1,50,,1,0,0,1,0,21.0,,,,1,1,1,1,7
202100045173,2021-04-04 17:00:00,2021,4,4,17,0,12,12090,Lieu dit LA GARDE - RD598,44.392549,2.473319,Plein jour,Hors agglomération,Hors intersection,Normale,Deux véhicules - frontale,3,2,2,0,1,2,1,0,1,80,,4,3,0,1,0,22.0,15.0,,,1,1,1,1,1
202100045174,2021-04-04 10:30:00,2021,4,4,10,30,39,39361,,47.236719,5.529814,Plein jour,Hors agglomération,Hors intersection,Normale,Autre collision,4,2,2,0,2,3,1,2,1,70,,1,0,0,1,0,50.0,,,,1,1,1,1,6
202100045175,2021-04-03 09:30:00,2021,4,3,9,30,44,44129,11 Rue de Verdun,47.435167,-2.090154,Plein jour,En agglomération,Hors intersection,Normale,Autre collision,9,2,2,0,2,1,1,0,8,30,,2,1,0,1,0,32.0,,,,1,2,1,1,6
202100045176,2021-04-05 19:00:00,2021,4,5,19,0,35,35259,la baudouinais,48.568308,-1.643337,Plein jour,Hors agglomération,Hors intersection,Normale,Sans collision,3,2,2,0,1,3,1,0,3,80,,1,0,1,0,0,36.0,,,,1,1,1,1,7
202100045177,2021-04-04 11:40:00,2021,4,4,11,40,35,35331,Les 3 Routes,48.074549,-1.896145,Plein jour,Hors agglomération,Intersection en X,Normale,Deux véhicules - côté,3,2,2,0,2,1,1,5,1,80,,2,0,0,2,0,25.0,73.0,,,1,1,2,1,3
202100045178,2021-04-04 22:08:00,2021,4,4,22,8,29,29111,49 Rue du Général de Gaulle,48.579394,-4.211508,Nuit avec éclairage allumé,En agglomération,Hors intersection,Normale,Autre collision,3,2,2,0,1,3,1,0,4,50,,1,0,0,1,0,54.0,,,,5,2,1,1,6
202100045179,2021-04-04 18:15:00,2021,4,4,18,15,64,64094,D936,43.464071,-1.249781,Plein jour,Hors agglomération,Hors intersection,Normale,Sans collision,3,-1,2,0,1,2,1,0,3,80,,1,0,0,1,0,33.0,,,,1,1,1,1,7
202100045180,2021-04-04 13:45:00,2021,4,4,13,45,43,43111,Route de Ribains,44.842149,3.823594,Plein jour,Hors agglomération,Intersection en T,Normale,Deux véhicules - côté,3,2,2,0,1,1,1,0,1,50,,2,1,0,0,1,19.0,34.0,,,1,1,3,1,3
202100045181,2021-04-04 19:00:00,2021,4,4,19,0,27,27002,14 bis Rue du Pressoir,48.759029,1.108635,Crépuscule ou aube,En agglomération,Hors intersection,Normale,Sans collision,4,2,2,0,1,1,1,0,1,50,,1,0,0,1,0,45.0,,,,2,2,1,1,7
202100045182,2021-04-03 15:55:00,2021,4,3,15,55,27,27198,Rue de Verdun,48.870742,1.076864,Plein jour,En agglomération,Hors intersection,Normale,Autre collision,3,2,2,0,1,1,1,0,4,50,,1,0,1,0,0,70.0,,,,1,2,1,1,6
202100045183,2021-04-04 19:30:00,2021,4,4,19,30,30,30147,D982,44.019727,4.054095,Plein jour,Hors agglomération,Hors intersection,Normale,Sans collision,3,2,2,0,1,3,1,0,3,80,,2,1,0,1,0,26.0,,,,1,1,1,1,7
202100045184,2021-04-05 08:30:00,2021,4,5,8,30,978,97801,"RN7, Cripple Gate",18.080284,-63.070664,Plein jour,En agglomération,Hors intersection,Normale,Deux véhicules - frontale,2,2,2,0,2,3,1,0,1,50,,2,1,0,1,0,65.0,60.0,,,1,2,1,1,1
202100045185,2021-04-05 11:15:00,2021,4,5,11,15,74,74081,Bd du Chevran,46.060137,6.586223,Plein jour,En agglomération,Hors intersection,Normale,Deux véhicules - côté,4,2,2,0,4,1,1,0,1,50,,4,3,0,1,0,16.0,28.0,,,1,2,1,1,3
202100045186,2021-04-04 19:25:00,2021,4,4,19,25,49,49321,A11 pk 296+492,47.427173,-0.930727,Plein jour,Hors agglomération,Hors intersection,Normale,Autre collision,1,3,2,0,1,1,1,0,2,130,,1,0,0,1,0,24.0,,,,1,1,1,1,6
202100045187,2021-04-03 21:40:00,2021,4,3,21,40,987,98729,pk 07+800 AFAREAITU,-17.542161,-149.775324,Nuit sans éclairage public,Hors agglomération,Hors intersection,Normale,Sans collision,2,2,2,1,1,4,1,0,1,60,,2,1,0,1,0,21.0,,,,3,1,1,1,7
202100045188,2021-04-04 10:15:00,2021,4,4,10,15,987,98747,RT3 le Afaahiti PK 2+900,-17.7463241945,-149.2020235062,Plein jour,Hors agglomération,Hors intersection,Normale,Deux véhicules - frontale,2,2,2,0,1,1,1,0,1,60,,5,4,0,1,0,25.0,49.0,,,1,1,1,1,1
202100045189,2021-04-05 08:15:00,2021,4,5,8,15,976,97615,route nationale 4,-12.799707,45.27763,Plein jour,En agglomération,Hors intersection,Normale,Autre collision,2,2,2,0,1,1,1,0,1,50,,2,1,0,1,0,30.0,,,,1,2,1,1,6
202100045190,2021-04-04 10:50:00,2021,4,4,10,50,37,37072,D751,47.1866404833,0.2206415981,Plein jour,Hors agglomération,Intersection en X,Normale,Deux véhicules - côté,3,2,2,0,1,3,1,5,1,90,,2,1,0,1,0,77.0,41.0,,,1,1,2,1,3
202100045191,2021-04-05 12:30:00,2021,4,5,12,30,11,11192,ROUTE DEPATEMENTALE 28,43.299119,2.051525,Plein jour,Hors agglomération,Hors intersection,Normale,Deux véhicules - frontale,3,2,2,0,1,1,1,0,1,80,,2,1,0,1,0,67.0,59.0,,,1,1,1,1,1
202100045192,2021-04-02 10:10:00,2021,4,2,10,10,34,34299,D64,43.264613,3.284225,Plein jour,Hors agglomération,Hors intersection,Temps éblouissant,Deux véhicules - côté,3,2,2,0,1,1,1,0,1,90,,2,1,0,0,1,25.0,72.0,,,1,1,1,7,3
202100045193,2021-04-04 18:30:00,2021,4,4,18,30,34,34342,D986,43.750761,3.758097,Plein jour,Hors agglomération,Hors intersection,Normale,Deux véhicules - arrière,3,-1,2,0,1,1,2,0,1,90,,2,1,0,0,1,36.0,48.0,,,1,1,1,1,2
202100045194,2021-04-03 17:30:00,2021,4,3,17,30,34,34058,D68,43.681121,3.945841,Plein jour,Hors agglomération,Hors intersection,Normale,Trois véhicules et plus - collisions multiples,7,2,2,0,1,1,1,0,1,90,,4,2,0,1,1,30.0,21.0,,,1,1,1,1,5
202100045195,2021-04-02 17:23:00,2021,4,2,17,23,13,13041,D7,43.471227,5.459256,Plein jour,Hors agglomération,Hors intersection,Normale,Deux véhicules - frontale,7,2,1,0,1,3,1,0,1,90,,2,0,0,0,2,24.0,50.0,,,1,1,1,1,1
202100045196,2021-04-04 12:27:00,2021,4,4,12,27,26,26170,Avenue du Vercors,44.898957,4.97438,Plein jour,Hors agglomération,Hors intersection,Normale,Autre collision,3,2,2,0,1,3,1,0,8,80,,1,0,0,1,0,80.0,,,,1,1,1,1,6
202100045197,2021-04-04 16:50:00,2021,4,4,16,50,56,56176,Lieu Dit Ker Anna,47.688139,-2.958042,Plein jour,Hors agglomération,Hors intersection,Normale,Autre collision,3,2,2,0,1,1,1,0,3,80,,2,1,1,0,0,71.0,,,,1,1,1,1,6
202100045198,2021-04-05 00:15:00,2021,4,5,0,15,80,80721,rue de l'amboise,50.170783,1.644924,Nuit sans éclairage public,Hors agglomération,Hors intersection,Normale,Sans collision,4,2,2,0,1,2,1,0,3,80,,3,2,0,0,1,20.0,,,,3,1,1,1,7
202100045199,2021-04-04 12:05:00,2021,4,4,12,5,13,13213,A507 sens Aubagne- Marseille,43.329821,5.405346,Plein jour,Hors agglomération,Hors intersection,Normale,Trois véhicules et plus - collisions multiples,1,1,3,0,1,1,1,0,1,70,,8,4,0,0,4,20.0,30.0,,,1,1,1,1,5
202100045200,2021-04-04 02:15:00,2021,4,4,2,15,13,13071,A7-Sens Lyon vers Marseille,43.4090148354,5.2864515781,Nuit sans éclairage public,Hors agglomération,Hors intersection,Normale,Autre collision,1,3,2,0,1,1,1,0,3,110,,1,0,0,0,1,26.0,,,,3,1,1,1,6
202100045201,2021-04-03 06:45:00,2021,4,3,6,45,13,13071,A7-Sens Marseille vers Lyon,43.40677,5.32669,Crépuscule ou aube,Hors agglomération,Hors intersection,Normale,Trois véhicules et plus - en chaîne,1,-1,2,0,1,1,1,0,1,110,,5,2,0,0,3,,26.0,,,2,1,1,1,4
202100045202,2021-04-04 15:50:00,2021,4,4,15,50,95,95604, A1,49.1056030188,2.5510853676,Plein jour,Hors agglomération,Hors intersection,Normale,Autre collision,1,3,6,0,1,1,1,0,1,130,,2,0,0,0,2,22.0,,,,1,1,1,1,6
202100045203,2021-04-02 20:20:00,2021,4,2,20,20,94,94018,A4,48.81726,2.42169,Crépuscule ou aube,Hors agglomération,Hors intersection,Normale,Autre collision,1,3,10,0,1,1,1,0,2,90,,1,0,1,0,0,41.0,,,,2,1,1,1,6
202100045204,2021-03-17 11:34:00,2021,3,17,11,34,44,44109,COUBERTIN ( BD PIERRE DE ),47.2282575444,-1.5870019198,Plein jour,En agglomération,Autre intersection,Normale,Autre collision,4,-1,2,2,1,1,1,0,8,30,,2,1,0,1,0,86.0,,,,1,2,9,1,6
202100045205,2021-04-02 16:00:00,2021,4,2,16,0,974,97416,PERE MAITRE(RUE DU),-21.28575,55.469,Plein jour,En agglomération,Autre intersection,Normale,Deux véhicules - frontale,4,2,2,0,2,1,1,0,1,50,,5,3,0,0,2,39.0,37.0,,,1,2,9,1,1
202100045206,2021-04-03 16:15:00,2021,4,3,16,15,69,69387,GAMBETTA (CR),45.75531,4.84278,Plein jour,En agglomération,Passage à niveau,Temps éblouissant,Deux véhicules - côté,4,2,4,0,1,1,1,4,1,50,,3,1,0,0,2,46.0,51.0,,,1,2,8,7,3
202100045207,2021-04-03 13:50:00,2021,4,3,13,50,69,69199,ARSENAL (DE L') (ALL),45.7129856754,4.855055809,Plein jour,En agglomération,Intersection en T,Normale,Autre collision,7,3,3,0,1,1,1,0,1,50,,2,1,0,1,0,23.0,,,,1,2,3,1,6
202100045208,2021-04-02 19:30:00,2021,4,2,19,30,972,97213,ROUTE DEPARTEMENTALE 3,14.65135,-60.98573,Nuit sans éclairage public,Hors agglomération,Hors intersection,Normale,Autre collision,9,-1,1,0,1,3,1,0,8,20,,2,0,0,0,2,21.0,,,,3,1,1,1,6
202100045209,2021-04-03 12:30:00,2021,4,3,12,30,972,97213,AUTOROUTE A1,14.60356,-61.00207,Plein jour,En agglomération,Hors intersection,Normale,Deux véhicules - arrière,1,2,4,0,1,1,1,0,1,90,,4,3,0,0,1,42.0,50.0,,,1,2,1,1,2
202100045210,2021-04-03 16:44:00,2021,4,3,16,44,69,69149,GRANDE RUE                          (GR),45.71206,4.80271,Plein jour,En agglomération,Intersection en T,Normale,Deux véhicules - frontale,7,2,2,0,2,1,1,0,1,50,,2,1,0,0,1,71.0,18.0,,,1,2,3,1,1
202100045211,2021-04-03 16:20:00,2021,4,3,16,20,69,69382,SMITH (R),45.7421391734,4.82185887,Plein jour,En agglomération,Intersection en X,Normale,Deux véhicules - côté,4,1,1,2,1,1,1,0,6,50,,2,1,0,0,1,,28.0,,,1,2,2,1,3
202100045212,2021-04-02 18:30:00,2021,4,2,18,30,69,69034,MARGNOLLES (DE) (R),45.78409,4.83519,Plein jour,En agglomération,Hors intersection,Normale,Trois véhicules et plus - en chaîne,4,2,2,1,2,1,1,0,1,50,,4,3,0,0,1,29.0,,,,1,2,1,1,4
202100045213,2021-04-01 08:50:00,2021,4,1,8,50,69,69202,MARECHAL FOCH (DU) (AV),45.74914,4.79645,Plein jour,En agglomération,Hors intersection,Normale,Deux véhicules - côté,4,2,2,2,1,1,1,0,1,50,,2,1,0,0,1,85.0,29.0,,,1,2,1,1,3
202100045214,2021-03-30 20:30:00,2021,3,30,20,30,69,69384,HERBOUVILLE (D') (CR),45.7790598624,4.8410660144,Nuit avec éclairage allumé,En agglomération,Intersection à plus de 4 branches,Normale,Deux véhicules - côté,4,3,5,3,1,1,1,0,1,50,,2,1,0,0,1,33.0,40.0,,,5,2,5,1,3
202100045215,2021-04-03 11:40:00,2021,4,3,11,40,91,91377,AV DU PDT SALVADOR ALLENDE,48.73227,2.26556,Plein jour,En agglomération,Giratoire,Normale,Deux véhicules - côté,3,1,3,1,1,2,1,5,1,50,,7,3,0,0,4,50.0,38.0,,,1,2,6,1,3
202100045216,2021-04-02 22:40:00,2021,4,2,22,40,91,91161,RTE DE LONGJUMEAU,48.7062,2.297,Nuit avec éclairage allumé,En agglomération,Hors intersection,Normale,Deux véhicules - frontale,4,2,2,0,2,1,1,0,1,50,,2,1,0,1,0,48.0,34.0,,,5,2,1,1,1
202100045217,2021-04-02 19:45:00,2021,4,2,19,45,91,91432,AV CHARLES DE GAULLE,48.705246,2.33974,Plein jour,En agglomération,Intersection en X,Normale,Deux véhicules - côté,3,2,3,0,1,1,1,0,1,50,,3,2,0,0,1,22.0,43.0,,,1,2,2,1,3
202100045218,2021-04-03 14:25:00,2021,4,3,14,25,83,83069,SAINT JACQUES (RUE),43.11085,6.12421,Plein jour,En agglomération,Intersection en X,Normale,Deux véhicules - côté,4,2,2,0,1,1,1,0,1,50,,3,2,0,0,1,45.0,24.0,,,1,2,2,1,3
202100045219,2021-04-03 13:05:00,2021,4,3,13,5,82,82121,boulevard d' Occitanie,44.04405,1.38481,Plein jour,En agglomération,Hors intersection,Normale,Deux véhicules - côté,4,3,2,0,1,1,1,0,1,70,,6,1,0,0,5,54.0,33.0,,,1,2,1,1,3
202100045220,2021-04-03 11:00:00,2021,4,3,11,0,71,71306,ALOUETTES (AVENUE DES),46.6823852097,4.3621169085,Plein jour,En agglomération,Intersection en X,Normale,Deux véhicules - côté,4,2,4,0,1,1,1,0,1,50,,2,1,0,1,0,18.0,20.0,,,1,2,2,1,3
202100045221,2021-04-03 15:50:00,2021,4,3,15,50,71,71153,81 Avenue de la République,46.7920880809,4.4479179025,Plein jour,En agglomération,Hors intersection,Normale,Deux véhicules - arrière,4,2,2,0,1,1,2,0,1,50,,2,1,0,0,1,26.0,21.0,,,1,2,1,1,2