accident_id,datetime,annee,mois,jour,heure,minute,departement,commune_insee,adresse,latitude,longitude,luminosite,agglomeration,intersection,meteo,collision,catr,circ,nbv,vosp,prof,plan,surf,infra,situ,vma,nb_vehicules,nb_usagers,nb_indemnes,nb_tues,nb_blesses_hosp,nb_blesses_legers,age_cond_1,age_cond_2,veh_type_cond_1,veh_type_cond_2,lum_code,agg_code,int_code,atm_code,col_code
202100045222,2021-04-03 18:55:00,2021,4,3,18,55,61,61077,D'ALENCON (RUE ),48.43956,0.12368,Plein jour,En agglomération,Autre intersection,Normale,Sans collision,4,2,2,0,1,1,1,0,1,50,,1,0,0,1,0,83.0,,,,1,2,9,1,7
202100045223,2021-04-03 15:25:00,2021,4,3,15,25,61,61117,Rue Guéramé,48.42562,0.0632,Plein jour,En agglomération,Giratoire,Normale,Deux véhicules - côté,4,2,1,0,2,1,1,5,1,50,,2,1,0,0,1,17.0,57.0,,,1,2,6,1,3
202100045224,2021-04-03 22:55:00,2021,4,3,22,55,59,59650,GUESDE (RUE JULES),50.7106624222,3.2336550951,Nuit avec éclairage allumé,En agglomération,Hors intersection,Normale,Deux véhicules - frontale,7,2,2,0,1,1,1,0,1,50,,4,0,0,0,4,28.0,22.0,,,5,2,1,1,1
202100045225,2021-04-03 09:55:00,2021,4,3,9,55,50,50129,ABBAYE (RUE DE L'),49.64564,-1.63851,Plein jour,En agglomération,Hors intersection,Normale,Deux véhicules - arrière,3,2,5,0,1,1,1,0,1,50,,2,1,0,0,1,48.0,24.0,,,1,2,1,1,2
202100045226,2021-04-03 15:48:00,2021,4,3,15,48,49,49007,AYRAULT,47.477441854,-0.5536981315,Plein jour,En agglomération,Hors intersection,Normale,Deux véhicules - côté,4,2,4,2,1,1,1,0,1,50,,3,2,0,0,1,18.0,,,,1,2,1,1,3
202100045227,2021-03-19 17:00:00,2021,3,19,17,0,42,42218,Rue Faure Belon,45.433241,4.388527,Plein jour,En agglomération,Hors intersection,Normale,Autre collision,4,1,1,0,1,1,1,0,1,50,,2,1,0,1,0,,,,,1,2,1,1,6
202100045228,2021-04-03 16:30:00,2021,4,3,16,30,35,35278,LIBERATION (AVENUE DE LA),48.15401,-1.65235,Plein jour,Hors agglomération,Hors intersection,Normale,Deux véhicules - arrière,4,2,2,0,1,3,1,0,1,70,,6,5,0,0,1,22.0,44.0,,,1,1,1,1,2
202100045229,2021-04-03 12:30:00,2021,4,3,12,30,33,33063,Avenue Emile Counord,44.86369,-0.57553,Plein jour,En agglomération,Intersection en T,Normale,Deux véhicules - côté,4,2,2,0,1,1,1,0,1,50,,2,1,0,0,1,33.0,53.0,,,1,2,3,1,3
202100045230,2021-04-03 11:15:00,2021,4,3,11,15,26,26198,8 Rue Pierre Julien,44.555662,4.749666,Plein jour,En agglomération,Hors intersection,Normale,Autre collision,4,1,1,0,1,1,1,0,1,30,,2,1,0,0,1,38.0,,,,1,2,1,1,6
202100045231,2021-04-02 08:00:00,2021,4,2,8,0,22,22113,CORDIERS (RUE DES),48.73113,-3.44666,Plein jour,En agglomération,Intersection en T,Normale,Deux véhicules - côté,4,2,2,0,1,1,1,0,1,30,,2,1,0,0,1,58.0,17.0,,,1,2,3,1,3
202100045232,2021-04-02 14:15:00,2021,4,2,14,15,14,14079,D20,49.324206,0.03549,Plein jour,Hors agglomération,Hors intersection,Normale,Deux véhicules - arrière,3,2,2,0,2,3,1,0,1,80,,2,0,0,0,2,33.0,67.0,,,1,1,1,1,2
202100045233,2021-04-03 14:50:00,2021,4,3,14,50,13,13209,MICHELET (BOULEVARD),43.26003,5.3981,Plein jour,En agglomération,Hors intersection,Normale,Deux véhicules - arrière,4,-1,0,0,1,1,1,0,1,50,,3,1,0,0,2,73.0,35.0,,,1,2,1,1,2
202100045234,2021-03-30 11:15:00,2021,3,30,11,15,13,13208,LOUIS BONNEFON (PLACE),43.2542129676,5.3824156523,Plein jour,En agglomération,Hors intersection,Normale,Autre collision,4,2,4,0,1,1,1,0,1,50,,2,1,0,0,1,77.0,,,,1,2,1,1,6
202100045235,2021-04-03 09:30:00,2021,4,3,9,30,13,13212,EMILE CAILLOL (RUE),43.3025,5.4159,Plein jour,En agglomération,Hors intersection,Normale,Autre collision,4,2,1,0,1,1,1,0,1,50,,2,1,0,0,1,60.0,,,,1,2,1,1,6
202100045236,2021-03-30 13:50:00,2021,3,30,13,50,12,12145,JAURES JEAN (AVENUE),44.10851,3.08144,Plein jour,En agglomération,Hors intersection,Normale,Deux véhicules - arrière,3,2,2,0,1,1,1,0,1,50,,2,1,0,0,1,15.0,33.0,,,1,2,1,1,2
202100045237,2021-04-03 10:45:00,2021,4,3,10,45,01,01451,PARIS (ROUTE DE),46.252062,5.211283,Plein jour,En agglomération,Giratoire,Normale,Autre collision,3,2,2,0,1,1,1,0,1,50,,2,1,0,0,1,22.0,,,,1,2,6,1,6
202100045238,2021-04-03 16:15:00,2021,4,3,16,15,75,75119,BOULEVARD SERURIER,48.877207,2.406676,Plein jour,En agglomération,Intersection en X,Normale,Deux véhicules - côté,4,1,2,0,1,1,1,0,1,50,,2,1,0,0,1,44.0,20.0,,,1,2,2,1,3
202100045239,2021-04-02 20:00:00,2021,4,2,20,0,75,75119,AVENUE DE LA PORTE DU PRE SAINT GERVAIS,48.878883,2.401875,Nuit avec éclairage allumé,En agglomération,Intersection en X,Normale,Deux véhicules - côté,4,3,3,0,2,1,1,0,1,50,,3,2,0,0,1,22.0,18.0,,,5,2,2,1,3
202100045240,2021-04-02 19:10:00,2021,4,2,19,10,75,75119,AVENUE DE LAUMIERE,48.883241,2.381099,Plein jour,En agglomération,Intersection en T,Normale,Deux véhicules - côté,4,2,2,0,2,1,1,0,1,50,,2,1,0,0,1,35.0,18.0,,,1,2,3,1,3
202100045241,2021-04-01 23:15:00,2021,4,1,23,15,75,75118,RUE CHAMPIONNET,48.895763,2.340576,Nuit avec éclairage allumé,En agglomération,Hors intersection,Normale,Autre collision,4,2,0,0,1,1,1,0,1,50,,1,0,0,0,1,25.0,,,,5,2,1,1,6
202100045242,2021-04-03 21:20:00,2021,4,3,21,20,75,75115,RUE DE VAUGIRARD,48.838316,2.298447,Nuit avec éclairage allumé,En agglomération,Intersection en X,Normale,Trois véhicules et plus - collisions multiples,4,1,2,0,1,1,1,0,1,30,,3,2,0,0,1,37.0,25.0,,,5,2,2,1,5
202100045243,2021-04-03 19:15:00,2021,4,3,19,15,75,75115,AVENUE ALBERT BARTHOLOME,48.8287044325,2.2958153486,Plein jour,En agglomération,Intersection en T,Normale,Deux véhicules - côté,4,2,2,0,1,1,1,0,1,50,,2,1,0,0,1,20.0,21.0,,,1,2,3,1,3
202100045244,2021-04-03 19:20:00,2021,4,3,19,20,75,75114,AVENUE DU GENERAL LECLERC,48.8295913276,2.3284519812,Plein jour,En agglomération,Intersection en X,Normale,Autre collision,4,2,4,0,1,1,1,0,1,50,,3,2,0,0,1,24.0,43.0,,,1,2,2,1,6
202100045245,2021-04-03 13:30:00,2021,4,3,13,30,75,75112,CARREFOUR DE BEAUTE,48.827248,2.464549,Plein jour,En agglomération,Intersection en X,Normale,Deux véhicules - frontale,4,1,2,0,1,1,1,0,1,50,,2,1,0,0,1,,30.0,,,1,2,2,1,1
202100045246,2021-04-02 21:42:00,2021,4,2,21,42,75,75111,RUE JEAN PIERRE TIMBAUD,48.867655,2.377284,Nuit avec éclairage allumé,En agglomération,Intersection en X,Normale,Deux véhicules - côté,4,1,1,0,2,1,1,0,1,50,,2,0,0,0,2,29.0,19.0,,,5,2,2,1,3
202100045247,2021-04-03 17:00:00,2021,4,3,17,0,75,75108,VOIE GEORGES POMPIDOU,48.864985,2.313695,Plein jour,En agglomération,Intersection en X,Normale,Deux véhicules - arrière,4,2,6,0,1,1,1,0,1,50,,3,1,0,0,2,,60.0,,,1,2,2,1,2
202100045248,2021-04-03 20:15:00,2021,4,3,20,15,75,75104,RUE DU PAS DE LA MULE,48.8560645168,2.3665906572,Nuit avec éclairage allumé,En agglomération,Place,Normale,Autre collision,4,1,2,0,1,1,1,0,1,30,,2,1,0,0,1,32.0,,,,5,2,7,1,6
202100045249,2021-04-03 12:55:00,2021,4,3,12,55,75,75103,RUE DU TEMPLE,48.861898,2.35692,Plein jour,En agglomération,Intersection en X,Normale,Deux véhicules - côté,4,1,1,0,1,1,1,0,1,30,,3,2,0,0,1,59.0,66.0,,,1,2,2,1,3
202100045250,2021-04-02 17:58:00,2021,4,2,17,58,94,94078,CARNOT (AV),48.73305,2.45081,Plein jour,En agglomération,Hors intersection,Normale,Deux véhicules - côté,3,2,1,0,1,1,1,0,1,50,,2,1,0,0,1,40.0,28.0,,,1,2,1,1,3
202100045251,2021-04-02 14:30:00,2021,4,2,14,30,94,94068,Rue du Pont de Créteil,48.79985871,2.47091677,Plein jour,En agglomération,Hors intersection,Normale,Deux véhicules - arrière,3,3,4,0,1,1,1,0,1,30,,2,1,0,0,1,51.0,20.0,,,1,2,1,1,2
202100045252,2021-04-03 16:30:00,2021,4,3,16,30,94,94043,Rue de la Convention,48.81214,2.35712,Plein jour,En agglomération,Autre intersection,Temps éblouissant,Deux véhicules - frontale,3,2,2,0,1,1,1,0,1,30,,2,1,0,0,1,30.0,31.0,,,1,2,9,7,1
202100045253,2021-04-03 16:11:00,2021,4,3,16,11,94,94077,PASTEUR (AV),48.73763,2.42145,Plein jour,En agglomération,Intersection en X,Normale,Deux véhicules - côté,4,2,2,0,1,1,1,0,1,50,,2,1,0,0,1,51.0,23.0,,,1,2,2,1,3
202100045254,2021-04-03 19:55:00,2021,4,3,19,55,93,93046,EMILE GERARD AVENUE,48.9203467104,2.5221186876,Plein jour,En agglomération,Hors intersection,Normale,Autre collision,4,2,2,0,1,1,1,0,1,50,,2,1,0,0,1,17.0,,,,1,2,1,1,6
202100045255,2021-04-03 16:00:00,2021,4,3,16,0,93,93032,ABBESSES  (CHEMIN D'ACCES AUX),48.87702,2.55735,Plein jour,En agglomération,Autre intersection,Normale,Deux véhicules - arrière,4,2,2,0,2,3,1,8,1,50,,3,2,0,0,1,51.0,49.0,,,1,2,9,1,2
202100045256,2021-04-03 18:08:00,2021,4,3,18,8,93,93029,LEJEUNE (AVENUE),48.91966,2.47087,Plein jour,En agglomération,Intersection en X,Normale,Deux véhicules - côté,4,2,2,0,1,1,1,0,1,50,,2,1,0,0,1,43.0,19.0,,,1,2,2,1,3
202100045257,2021-04-03 20:15:00,2021,4,3,20,15,93,93047,GABRIEL PERI  (AVENUE),48.89322,2.55248,Nuit avec éclairage allumé,En agglomération,Intersection en X,Normale,Deux véhicules - côté,4,2,2,0,1,1,1,0,1,50,,2,0,0,0,2,28.0,20.0,,,5,2,2,1,3
202100045258,2021-04-03 16:10:00,2021,4,3,16,10,93,93007,Avenue Eugène le Moign,48.9281802098,2.4681498749,Plein jour,En agglomération,Hors intersection,Normale,Deux véhicules - frontale,4,2,2,0,1,1,1,0,1,50,,2,1,0,0,1,38.0,74.0,,,1,2,1,1,1
202100045259,2021-04-03 02:20:00,2021,4,3,2,20,93,93007,JOSEPH DARRIET (RUE),48.94622,2.45584,Nuit avec éclairage allumé,En agglomération,Hors intersection,Normale,Autre collision,4,1,1,0,1,1,1,0,1,50,,2,0,0,0,2,22.0,,,,5,2,1,1,6
202100045260,2021-04-03 17:45:00,2021,4,3,17,45,93,93007,PETRODVORETZ (RUE),48.949220027,2.4545541652,Plein jour,En agglomération,Hors intersection,Normale,Autre collision,4,2,2,0,1,1,1,0,1,50,,6,5,0,0,1,27.0,21.0,,,1,2,1,1,6
202100045261,2021-04-03 18:20:00,2021,4,3,18,20,92,92078,VERDUN (AVENUE) (IMPAIRS 27 AU 73),48.935542235,2.3325117351,Plein jour,En agglomération,Hors intersection,Normale,Deux véhicules - côté,3,2,2,1,1,1,1,0,5,50,,2,1,0,0,1,58.0,,,,1,2,1,1,3
202100045262,2021-04-03 16:00:00,2021,4,3,16,0,92,92064,CARNOT,48.8461750355,2.2239026427,Plein jour,En agglomération,Hors intersection,Normale,Deux véhicules - côté,3,4,4,0,1,1,1,5,1,50,,3,2,0,0,1,43.0,25.0,,,1,2,1,1,3
202100045263,2021-04-03 11:15:00,2021,4,3,11,15,92,92035,Général de Gaulle  ( avenue du ),48.9127077305,2.2537274659,Plein jour,En agglomération,Intersection en X,Normale,Deux véhicules - côté,3,2,3,0,1,1,1,0,1,50,,2,1,0,0,1,19.0,68.0,,,1,2,2,1,3
202100045264,2021-04-03 20:20:00,2021,4,3,20,20,92,92026,RÉPUBLIQUE ( DE 01 A 31 ET DE 02 A 52 ),48.899968,2.246622,Crépuscule ou aube,En agglomération,Hors intersection,Normale,Deux véhicules - côté,3,2,2,0,1,1,1,0,1,50,,2,1,0,0,1,19.0,30.0,,,2,2,1,1,3
202100045265,2021-04-03 14:30:00,2021,4,3,14,30,92,92026,STRASBOURG,48.89243,2.24957,Plein jour,En agglomération,Hors intersection,Normale,Deux véhicules - côté,4,2,2,0,2,1,1,0,1,30,,2,0,0,2,0,68.0,18.0,,,1,2,1,1,3
202100045266,2021-04-04 10:30:00,2021,4,4,10,30,83,83043,route départementale 41,43.206318,6.295016,Plein jour,Hors agglomération,Hors intersection,Normale,Trois véhicules et plus - collisions multiples,3,2,2,0,2,2,1,0,1,80,,3,0,0,2,1,56.0,54.0,,,1,1,1,1,5
202100045267,2021-04-03 16:00:00,2021,4,3,16,0,51,51065,Rue de Sompuis,48.718135,4.511991,Plein jour,Hors agglomération,Hors intersection,Normale,Sans collision,4,2,2,0,1,4,1,0,3,80,,4,0,0,2,2,19.0,,,,1,1,1,1,7
202100045268,2021-04-03 15:55:00,2021,4,3,15,55,24,24372,Jevah - D6089,45.143153,0.557621,Plein jour,Hors agglomération,Intersection en X,Normale,Deux véhicules - arrière,3,2,2,0,1,1,1,0,1,80,,2,1,0,1,0,59.0,60.0,,,1,1,2,1,2
202100045269,2021-04-03 14:30:00,2021,4,3,14,30,38,38160,D41,45.493089,4.975176,Plein jour,Hors agglomération,Intersection en X,Normale,Deux véhicules - côté,3,2,2,0,1,1,1,0,1,80,,3,1,0,0,2,64.0,27.0,,,1,1,2,1,3
202100045270,2021-04-02 16:40:00,2021,4,2,16,40,41,41104,27 Rue de Morest,47.597565,1.447449,Plein jour,Hors agglomération,Hors intersection,Normale,Autre collision,3,2,2,0,2,3,1,0,8,90,,1,0,0,1,0,50.0,,,,1,1,1,1,6
202100045271,2021-04-03 15:50:00,2021,4,3,15,50,68,68145,Rue de vienne,48.073971,7.405429,Plein jour,En agglomération,Hors intersection,Normale,Deux véhicules - côté,3,2,2,0,1,1,1,0,1,50,,3,2,0,0,1,29.0,61.0,,,1,2,1,1,3
202100045272,2021-04-04 11:30:00,2021,4,4,11,30,974,97404,D17,-21.261561,55.339398,Plein jour,Hors agglomération,Hors intersection,Normale,Deux véhicules - frontale,3,2,2,0,2,3,1,0,1,90,,2,1,0,1,0,20.0,72.0,,,1,1,1,1,1
202100045273,2021-04-04 16:10:00,2021,4,4,16,10,01,01157,933,46.024299,4.75267,Plein jour,Hors agglomération,Intersection en X,Normale,Deux véhicules - côté,3,2,2,0,1,1,1,0,1,80,,2,1,0,1,0,30.0,36.0,,,1,1,2,1,3
202100045274,2021-04-04 11:30:00,2021,4,4,11,30,76,76220,D920/D58,49.870494,1.323037,Plein jour,En agglomération,Intersection en X,Normale,Autre collision,3,2,2,0,1,1,1,0,1,50,,2,1,0,0,1,25.0,,,,1,2,2,1,6
202100045275,2021-04-04 18:20:00,2021,4,4,18,20,42,42271,Route de Saint-Paul,45.487599,4.571737,Plein jour,En agglomération,Hors intersection,Normale,Deux véhicules - côté,7,2,2,0,1,1,1,0,1,50,,2,1,0,0,1,14.0,76.0,,,1,2,1,1,3
202100045276,2021-04-04 18:45:00,2021,4,4,18,45,71,71004,D673,46.803381,4.940431,Plein jour,Hors agglomération,Intersection en X,Normale,Deux véhicules - côté,3,2,2,0,1,1,1,0,1,80,,6,4,0,2,0,20.0,66.0,,,1,1,2,1,3
202100045277,2021-04-02 15:12:00,2021,4,2,15,12,19,19241,route départementale 174E4,45.7135447468,2.0776532691,Plein jour,Hors agglomération,Hors intersection,Normale,Autre collision,3,2,2,0,2,2,1,0,1,90,,1,0,0,0,1,20.0,,,,1,1,1,1,6
202100045278,2021-03-11 12:45:00,2021,3,11,12,45,56,56015,Le Rendez Vous,47.632067,-2.55886,Plein jour,Hors agglomération,Hors intersection,Normale,Deux véhicules - côté,4,2,2,0,1,1,1,0,1,80,,2,1,0,1,0,28.0,53.0,,,1,1,1,1,3
202100045279,2021-04-03 18:45:00,2021,4,3,18,45,74,74310,D5,45.829654,6.059417,Plein jour,Hors agglomération,Intersection en Y,Normale,Deux véhicules - arrière,3,2,2,0,1,1,1,0,1,80,,5,3,0,0,2,37.0,79.0,,,1,1,4,1,2
202100045280,2021-04-04 11:55:00,2021,4,4,11,55,74,74011,D5,45.9242,6.172262,Plein jour,En agglomération,Hors intersection,Normale,Deux véhicules - arrière,3,2,2,0,2,2,1,0,1,50,,2,1,0,0,1,58.0,18.0,,,1,2,1,1,2
202100045281,2021-04-04 06:30:00,2021,4,4,6,30,2B,2B242,RT 10,42.400263,9.531004,Plein jour,En agglomération,Hors intersection,Normale,Autre collision,2,2,2,0,1,1,1,0,3,50,,1,0,0,1,0,18.0,,,,1,2,1,1,6
202100045282,2021-04-04 03:15:00,2021,4,4,3,15,49,49311,D53 PR2+529,47.38638,-0.070746,Nuit sans éclairage public,Hors agglomération,Hors intersection,Normale,Autre collision,3,2,2,0,1,1,1,0,1,80,,2,0,1,1,0,17.0,,,,3,1,1,1,6
202100045283,2021-04-04 17:25:00,2021,4,4,17,25,12,12213,D30,44.163271,2.957884,Plein jour,En agglomération,Intersection en Y,Normale,Autre collision,3,2,2,0,2,1,1,0,1,50,,2,0,0,1,1,30.0,,,,1,2,4,1,6
202100045284,2021-04-04 18:55:00,2021,4,4,18,55,42,42052,Route de Fleury,46.167167,4.158143,Plein jour,Hors agglomération,Hors intersection,Normale,Deux véhicules - côté,3,2,2,0,2,3,1,0,1,70,,2,1,0,1,0,48.0,63.0,,,1,1,1,1,3
202100045285,2021-04-04 18:24:00,2021,4,4,18,24,47,47049,45 Allee des Promenades,44.443225,0.621656,Plein jour,En agglomération,Hors intersection,Normale,Autre collision,3,3,4,0,1,1,1,0,1,50,,3,2,0,1,0,80.0,,,,1,2,1,1,6
202100045286,2021-04-03 11:50:00,2021,4,3,11,50,47,47195,Route de Bordeaux,44.144961,0.329499,Plein jour,En agglomération,Giratoire,Normale,Trois véhicules et plus - en chaîne,3,2,2,0,1,1,1,0,1,50,,4,3,0,0,1,40.0,59.0,,,1,2,6,1,4
202100045287,2021-04-03 11:10:00,2021,4,3,11,10,44,44151,Rue de la Gare,47.303156,-2.306131,Plein jour,Hors agglomération,Hors intersection,Normale,Deux véhicules - côté,4,2,2,0,1,1,1,0,1,50,,2,1,0,0,1,21.0,54.0,,,1,1,1,1,3
202100045288,2021-04-03 15:15:00,2021,4,3,15,15,44,44192,D723,47.268771,-1.987658,Plein jour,Hors agglomération,Hors intersection,Normale,Trois véhicules et plus - en chaîne,3,2,2,0,1,1,1,0,1,70,,3,2,0,1,0,36.0,59.0,,,1,1,1,1,4
202100045289,2021-04-03 12:00:00,2021,4,3,12,0,44,44131,D13,47.127024,-2.147784,Plein jour,Hors agglomération,Intersection en T,Normale,Deux véhicules - frontale,3,2,2,0,1,1,1,0,1,70,,2,1,0,1,0,16.0,79.0,,,1,1,3,1,1
202100045290,2021-03-29 08:00:00,2021,3,29,8,0,35,35207,Rue Francis Monnoyeur,48.1157604894,-1.5320443511,Plein jour,En agglomération,Intersection en T,Normale,Deux véhicules - frontale,3,2,2,0,1,1,1,0,1,50,,3,2,0,1,0,26.0,72.0,,,1,2,3,1,1
202100045291,2021-03-31 15:15:00,2021,3,31,15,15,35,35271,D115,48.491084,-1.222143,Plein jour,Hors agglomération,Hors intersection,Normale,Sans collision,3,2,2,0,1,1,1,0,1,80,,1,0,0,1,0,52.0,,,,1,1,1,1,7
202100045292,2021-04-04 17:15:00,2021,4,4,17,15,29,29146,Lieu Dit la Trinite,47.918616,-3.81581,Plein jour,Hors agglomération,Intersection en X,Temps éblouissant,Deux véhicules - côté,3,2,2,0,1,1,1,5,1,80,,3,1,0,1,1,82.0,24.0,,,1,1,2,7,3
202100045293,2021-04-03 14:50:00,2021,4,3,14,50,02,02665,D1,49.233713,3.370163,Plein jour,Hors agglomération,Intersection en X,Normale,Deux véhicules - côté,3,2,2,0,2,1,1,5,1,80,,4,3,0,1,0,23.0,38.0,,,1,1,2,1,3
202100045294,2021-04-03 18:40:00,2021,4,3,18,40,01,01457,Route des Communes,46.199167,4.994021,Plein jour,En agglomération,Hors intersection,Normale,Autre collision,3,2,2,0,3,1,1,0,3,50,,1,0,0,1,0,50.0,,,,1,2,1,1,6
202100045295,2021-04-04 15:30:00,2021,4,4,15,30,26,26097,79 Chemin des Pres,44.71729,4.834564,Plein jour,Hors agglomération,Hors intersection,Normale,Deux véhicules - frontale,4,2,1,0,2,2,1,0,1,80,,3,1,1,0,1,18.0,26.0,,,1,1,1,1,1
202100045296,2021-04-04 12:10:00,2021,4,4,12,10,54,54292,D9,48.5256860426,6.4391899111,Plein jour,Hors agglomération,Hors intersection,Normale,Sans collision,3,2,2,0,2,2,1,0,3,80,,1,0,0,0,1,59.0,,,,1,1,1,1,7
202100045297,2021-04-04 11:50:00,2021,4,4,11,50,54,54059,RD 44  ,48.8672555239,6.1997652055,Plein jour,Hors agglomération,Hors intersection,Normale,Deux véhicules - frontale,3,2,2,0,1,1,1,0,1,80,,5,0,0,4,1,29.0,22.0,,,1,1,1,1,1
202100045298,2021-04-03 14:45:00,2021,4,3,14,45,06,06032,Avenue du Trois Septembre,43.721781,7.404501,Plein jour,En agglomération,Giratoire,Normale,Sans collision,7,2,2,0,2,1,1,5,1,30,,1,0,0,0,1,18.0,,,,1,2,6,1,7
202100045299,2021-04-04 19:10:00,2021,4,4,19,10,14,14726,Impasse du Hamel aux Durands,48.853972,-0.657055,Plein jour,Hors agglomération,Intersection en X,Normale,Deux véhicules - arrière,3,2,2,0,2,1,1,0,1,90,,2,1,0,1,0,47.0,15.0,,,1,1,2,1,2
202100045300,2021-04-03 18:15:00,2021,4,3,18,15,14,14589,D167,49.003139,-0.30045,Plein jour,En agglomération,Hors intersection,Normale,Sans collision,3,2,2,0,1,1,1,0,1,50,,1,0,0,0,1,16.0,,,,1,2,1,1,7
202100045301,2021-04-03 17:30:00,2021,4,3,17,30,05,05009,RN 85 - PR 000+200,44.805506,5.955588,Plein jour,Hors agglomération,Hors intersection,Normale,Autre collision,2,2,2,0,2,2,1,0,3,80,,1,0,0,0,1,57.0,,,,1,1,1,1,6
202100045302,2021-04-04 17:25:00,2021,4,4,17,25,64,64068,13 Rue de Labat,43.141569,-0.252526,Plein jour,En agglomération,Hors intersection,Normale,Sans collision,4,2,2,0,1,1,1,9,8,50,,1,0,0,1,0,18.0,,,,1,2,1,1,7
202100045303,2021-04-02 13:56:00,2021,4,2,13,56,10,10233,D7,48.518308,3.910154,Plein jour,Hors agglomération,Hors intersection,Normale,Autre collision,3,2,2,0,1,1,1,0,1,80,,1,0,0,1,0,67.0,,,,1,1,1,1,6
202100045304,2021-04-03 19:25:00,2021,4,3,19,25,36,36005,,46.735986,1.844786,Plein jour,Hors agglomération,Hors intersection,Temps éblouissant,Sans collision,3,2,2,0,1,1,1,0,3,80,,1,0,0,1,0,52.0,,,,1,1,1,7,7
202100045305,2021-04-03 12:00:00,2021,4,3,12,0,16,16383,Lieu-Dit Puy Martin,45.794398,0.191301,Plein jour,En agglomération,Hors intersection,Normale,Autre collision,3,2,2,0,2,1,1,0,1,50,,2,1,0,1,0,42.0,,,,1,2,1,1,6
202100045306,2021-04-04 15:30:00,2021,4,4,15,30,16,16009,Lieu-Dit Le Pâturage,45.958698,0.554338,Plein jour,Hors agglomération,Hors intersection,Temps éblouissant,Autre collision,4,2,2,0,1,1,1,0,1,80,,2,0,0,2,0,28.0,,,,1,1,1,7,6
202100045307,2021-04-03 15:30:00,2021,4,3,15,30,16,16380,,45.392543,-0.212302,Plein jour,Hors agglomération,Hors intersection,Normale,Deux véhicules - frontale,3,2,2,0,1,1,1,0,1,90,,6,0,0,2,4,65.0,24.0,,,1,1,1,1,1
202100045308,2021-04-02 17:15:00,2021,4,2,17,15,07,07276,D 120,44.909265,4.466114,Plein jour,Hors agglomération,Hors intersection,Normale,Sans collision,3,2,2,0,1,3,1,0,1,80,,1,0,0,0,1,35.0,,,,1,1,1,1,7
202100045309,2021-04-03 15:00:00,2021,4,3,15,0,07,07204,RD 120,44.993667,4.38273,Plein jour,Hors agglomération,Hors intersection,Normale,Sans collision,3,2,2,0,2,3,1,0,1,80,,1,0,0,1,0,60.0,,,,1,1,1,1,7
202100045310,2021-04-03 18:30:00,2021,4,3,18,30,24,24133,Residence les Bruyeres,45.535506,0.972928,Plein jour,En agglomération,Hors intersection,Normale,Autre collision,4,2,2,0,1,2,1,0,1,50,,2,0,0,1,1,15.0,,,,1,2,1,1,6
202100045311,2021-04-04 15:50:00,2021,4,4,15,50,17,17140,Route des Huîtres,45.917363,-1.227036,Plein jour,Hors agglomération,Hors intersection,Normale,Trois véhicules et plus - collisions multiples,4,2,2,0,1,1,1,0,1,80,,3,2,0,1,0,23.0,35.0,,,1,1,1,1,5
202100045312,2021-04-02 23:30:00,2021,4,2,23,30,48,48009,La Sagnette - Javols (Javols),44.66396,3.335863,Nuit sans éclairage public,Hors agglomération,Hors intersection,Normale,Sans collision,4,2,2,0,2,3,1,0,1,80,,3,1,0,1,1,51.0,,,,3,1,1,1,7
202100045313,2021-04-04 07:30:00,2021,4,4,7,30,48,48099,Route Départementale 888,44.491194,3.24727,Crépuscule ou aube,Hors agglomération,Hors intersection,Normale,Autre collision,3,2,2,0,1,2,1,0,3,90,,1,0,0,1,0,18.0,,,,2,1,1,1,6
202100045314,2021-04-04 13:50:00,2021,4,4,13,50,48,48126,D50,44.631726,3.40662,Plein jour,Hors agglomération,Hors intersection,Normale,Sans collision,3,2,2,0,1,1,1,0,3,90,,1,0,0,0,1,77.0,,,,1,1,1,1,7
202100045315,2021-04-02 16:45:00,2021,4,2,16,45,88,88114,rue francois de neufchateau,48.18841,5.881344,Plein jour,En agglomération,Hors intersection,Temps éblouissant,Autre collision,6,-1,-1,0,1,2,1,9,1,-1,,4,3,0,0,1,24.0,,,,1,2,1,7,6
202100045316,2021-04-03 17:45:00,2021,4,3,17,45,88,88465,Route d'Oncourt,48.25158,6.386635,Plein jour,Hors agglomération,Intersection en T,Normale,Deux véhicules - côté,4,2,2,0,3,1,1,0,1,-1,,2,1,0,0,1,65.0,18.0,,,1,1,3,1,3
202100045317,2021-04-03 20:30:00,2021,4,3,20,30,971,97103,La Jaille,16.252207,-61.583675,Nuit avec éclairage allumé,En agglomération,Autre intersection,Normale,Autre collision,2,1,4,0,1,1,1,3,1,90,,2,1,1,0,0,31.0,,,,5,2,9,1,6
202100045318,2021-04-03 13:15:00,2021,4,3,13,15,17,17444,A10,45.690383,-0.647464,Plein jour,Hors agglomération,Hors intersection,Normale,Deux véhicules - côté,1,3,4,3,1,1,1,0,2,130,,6,5,0,1,0,36.0,41.0,,,1,1,1,1,3
202100045319,2021-04-03 17:20:00,2021,4,3,17,20,33,33005,Avenue Jean Marcel Despagne,44.755042,-1.090897,Plein jour,En agglomération,Hors intersection,Normale,Deux véhicules - côté,3,2,2,1,1,3,1,0,1,50,,4,3,0,0,1,68.0,38.0,,,1,2,1,1,3