accident_id,datetime,annee,mois,jour,heure,minute,departement,commune_insee,adresse,latitude,longitude,luminosite,agglomeration,intersection,meteo,collision,catr,circ,nbv,vosp,prof,plan,surf,infra,situ,vma,nb_vehicules,nb_usagers,nb_indemnes,nb_tues,nb_blesses_hosp,nb_blesses_legers,age_cond_1,age_cond_2,veh_type_cond_1,veh_type_cond_2,lum_code,agg_code,int_code,atm_code,col_code
202100045320,2021-04-04 17:00:00,2021,4,4,17,0,34,34145,Avenue du Vidourle,43.691739,4.162391,Plein jour,Hors agglomération,Intersection en T,Normale,Deux véhicules - côté,2,3,2,3,1,1,1,5,1,80,,2,1,0,1,0,55.0,52.0,,,1,1,3,1,3
202100045321,2021-04-03 16:45:00,2021,4,3,16,45,34,34344,Allée des Goélands,43.567892,4.098249,Plein jour,En agglomération,Hors intersection,Normale,Autre collision,4,2,2,0,1,1,1,0,1,50,,2,1,0,0,1,70.0,,,,1,2,1,1,6
202100045322,2021-04-04 14:39:00,2021,4,4,14,39,83,83035,Dn8,43.242739,5.799524,Plein jour,Hors agglomération,Hors intersection,Normale,Sans collision,3,2,2,0,2,2,1,0,3,80,,1,0,0,1,0,50.0,,,,1,1,1,1,7
202100045323,2021-03-30 13:40:00,2021,3,30,13,40,83,83037,Départementale 5,43.372733,5.973849,Plein jour,Hors agglomération,Hors intersection,Normale,Trois véhicules et plus - en chaîne,3,2,2,0,2,1,1,0,1,80,,3,2,0,0,1,,41.0,,,1,1,1,1,4
202100045324,2021-04-03 15:00:00,2021,4,3,15,0,89,89206,D943,47.971422,3.431275,Plein jour,Hors agglomération,Hors intersection,Normale,Trois véhicules et plus - en chaîne,3,2,2,0,1,1,1,0,1,70,,3,2,0,0,1,44.0,53.0,,,1,1,1,1,4
202100045325,2021-04-03 16:05:00,2021,4,3,16,5,52,52488,Rue Principale,47.991594,5.287194,Plein jour,En agglomération,Intersection en T,Normale,Sans collision,3,2,2,0,2,1,1,0,4,50,,2,0,0,2,0,45.0,,,,1,2,3,1,7
202100045326,2021-04-03 16:45:00,2021,4,3,16,45,42,42328,Route du Soleillant,45.577508,3.993359,Plein jour,Hors agglomération,Hors intersection,Normale,Sans collision,3,2,2,0,2,2,1,0,1,80,,1,0,0,0,1,29.0,,,,1,1,1,1,7
202100045327,2021-04-03 21:10:00,2021,4,3,21,10,33,33393,,44.980266,-0.149056,Nuit sans éclairage public,Hors agglomération,Giratoire,Normale,Sans collision,3,2,2,0,1,1,1,0,1,80,,1,0,0,1,0,54.0,,,,3,1,6,1,7
202100045328,2021-04-04 16:20:00,2021,4,4,16,20,60,60575,Rue du 8 Mai 1945,49.282014,2.194573,Plein jour,Hors agglomération,Hors intersection,Normale,Autre collision,4,2,2,0,2,1,1,0,3,80,,3,1,0,0,2,46.0,,,,1,1,1,1,6
202100045329,2021-04-04 07:13:00,2021,4,4,7,13,80,80335,autoroute A29 PK 229+600 sens st Quentin- Amiens,49.85799,2.776752,Crépuscule ou aube,Hors agglomération,Hors intersection,Normale,Autre collision,1,3,4,0,1,2,1,0,1,130,,1,0,0,0,1,42.0,,,,2,1,1,1,6
202100045330,2021-04-02 15:00:00,2021,4,2,15,0,62,62366,D341,50.41757,2.577453,Plein jour,Hors agglomération,Hors intersection,Normale,Autre collision,3,2,2,0,2,1,1,0,3,50,,2,0,0,2,0,87.0,,,,1,1,1,1,6
202100045331,2021-04-03 15:22:00,2021,4,3,15,22,13,13215,A7-Sens Marseille vers Lyon,43.35905,5.36224,Plein jour,Hors agglomération,Hors intersection,Normale,Autre collision,1,1,3,0,1,1,1,0,1,90,,2,0,0,0,2,21.0,,,,1,1,1,1,6
202100045332,2021-04-03 14:53:00,2021,4,3,14,53,13,13005,A50-Sens Marseille vers Aubagne,43.277315,5.587181,Plein jour,Hors agglomération,Hors intersection,Normale,Sans collision,1,1,4,0,1,1,1,0,1,110,,1,0,0,0,1,33.0,,,,1,1,1,1,7
202100045333,2021-04-03 04:30:00,2021,4,3,4,30,33,33167,,44.83378,-0.500296,Nuit avec éclairage allumé,Hors agglomération,Hors intersection,Normale,Autre collision,2,3,6,0,2,3,1,0,1,90,,1,0,0,0,1,24.0,,,,5,1,1,1,6
202100045334,2021-04-02 20:00:00,2021,4,2,20,0,91,91340,AUTOROUTE A6,48.60369,2.4369,Plein jour,Hors agglomération,Hors intersection,Normale,Sans collision,1,1,4,0,1,1,1,0,3,110,,2,0,0,2,0,50.0,,,,1,1,1,1,7
202100045335,2021-04-02 19:20:00,2021,4,2,19,20,91,91064,RN 118,48.74887,2.21861,Plein jour,Hors agglomération,Hors intersection,Normale,Deux véhicules - côté,2,1,2,0,1,1,1,0,1,90,,2,1,0,0,1,36.0,40.0,,,1,1,1,1,3
202100045336,2021-04-02 21:00:00,2021,4,2,21,0,78,78646,RN12,48.7918,2.09688,Nuit sans éclairage public,Hors agglomération,Hors intersection,Normale,Sans collision,2,3,4,0,1,1,9,0,1,110,,1,0,0,0,1,32.0,,,,3,1,1,1,7
202100045337,2021-04-02 22:05:00,2021,4,2,22,5,93,93051,A4,48.8361710985,2.558127345,Nuit avec éclairage allumé,Hors agglomération,Hors intersection,Normale,Deux véhicules - arrière,1,3,4,0,1,1,1,0,1,110,,2,1,0,0,1,58.0,42.0,,,5,1,1,1,2
202100045338,2021-01-28 16:24:00,2021,1,28,16,24,05,05061,SILOS ( RUE DES ),44.56601,6.08772,Plein jour,En agglomération,Hors intersection,Pluie légère,Deux véhicules - arrière,4,2,2,0,1,1,2,0,1,50,,4,2,0,0,2,41.0,53.0,,,1,2,1,2,2
202100045339,2021-01-13 18:02:00,2021,1,13,18,2,05,05061,GEORGES POMPIDOU ( BD),44.55634,6.07925,Nuit avec éclairage allumé,En agglomération,Hors intersection,Normale,Autre collision,4,2,3,0,1,1,2,0,1,50,,3,2,0,0,1,65.0,,,,5,2,1,1,6
202100045340,2021-04-02 11:35:00,2021,4,2,11,35,974,97411,Rue Félix Guyon,-20.87882,55.45445,Plein jour,En agglomération,Hors intersection,Normale,Autre collision,4,2,2,0,2,1,1,0,4,50,,2,1,0,0,1,59.0,,,,1,2,1,1,6
202100045341,2021-04-02 07:30:00,2021,4,2,7,30,974,97411,LITTORAL (ROUTE 1 DU),-20.87679,55.41388,Plein jour,Hors agglomération,Hors intersection,Normale,Trois véhicules et plus - en chaîne,2,1,2,0,1,1,1,0,1,90,,3,2,0,0,1,23.0,29.0,,,1,1,1,1,4
202100045342,2021-03-31 16:30:00,2021,3,31,16,30,974,97411,Boulevard de Saint François,-20.90011,55.46373,Plein jour,En agglomération,Hors intersection,Temps couvert,Deux véhicules - frontale,3,2,2,0,2,3,2,0,1,50,,2,1,0,0,1,67.0,60.0,,,1,2,1,8,1
202100045343,2021-03-31 15:15:00,2021,3,31,15,15,974,97411,Rue du Maréchal Leclerc,-20.88277,55.46219,Plein jour,En agglomération,Intersection en T,Pluie légère,Deux véhicules - côté,4,2,4,3,1,1,1,0,1,50,,2,1,0,0,1,38.0,42.0,,,1,2,3,2,3
202100045344,2021-04-02 20:22:00,2021,4,2,20,22,973,97302,PAYEE (MADAME),4.9410998581,-52.3304262758,Nuit avec éclairage allumé,En agglomération,Hors intersection,Pluie légère,Autre collision,4,1,1,0,1,1,2,0,1,50,,3,2,0,0,1,52.0,,,,5,2,1,2,6
202100045345,2021-04-02 15:27:00,2021,4,2,15,27,973,97302,MONTABO (ROUTE DE) 2,4.936395984,-52.2965483666,Plein jour,En agglomération,Hors intersection,Normale,Deux véhicules - côté,3,2,1,0,1,1,1,0,1,50,,2,1,0,0,1,30.0,18.0,,,1,2,1,1,3
202100045346,2021-04-01 22:00:00,2021,4,1,22,0,973,97302,ZEPHIR (ROCADE),4.9332529888,-52.3096509994,Nuit avec éclairage allumé,En agglomération,Intersection en X,Normale,Deux véhicules - côté,3,-1,2,0,1,1,1,0,1,50,,2,0,0,0,2,23.0,29.0,,,5,2,2,1,3
202100045347,2021-04-02 15:15:00,2021,4,2,15,15,69,69388,ETATS-UNIS (DES) (BD),45.7264723901,4.8700118065,Plein jour,En agglomération,Hors intersection,Normale,Autre collision,4,2,2,3,1,1,1,9,6,50,,2,1,0,0,1,35.0,,,,1,2,1,1,6
202100045348,2021-04-02 06:40:00,2021,4,2,6,40,69,69199,EMILE ZOLA (R),45.7105846164,4.8571479321,Crépuscule ou aube,En agglomération,Intersection en X,Normale,Deux véhicules - côté,4,1,1,2,1,1,1,0,1,50,,2,1,0,0,1,30.0,31.0,,,2,2,2,1,3
202100045349,2021-04-02 10:40:00,2021,4,2,10,40,972,97209,RD 41 (ROCADE),14.6098,-61.0655,Plein jour,Hors agglomération,Hors intersection,Normale,Autre collision,3,3,6,0,2,2,1,0,1,60,,2,1,0,0,1,35.0,,,,1,1,1,1,6
202100045350,2021-02-22 22:15:00,2021,2,22,22,15,69,69389,PAUL SEDAILLIAN (Q),45.79112,4.81891,Nuit avec éclairage allumé,En agglomération,Hors intersection,Normale,Sans collision,4,2,2,3,1,1,1,0,6,50,,2,1,0,0,1,19.0,,,,5,2,1,1,7
202100045351,2021-04-02 19:20:00,2021,4,2,19,20,91,91201,BD HENRI BARBUSSE,48.68102,2.4091,Plein jour,En agglomération,Hors intersection,Normale,Deux véhicules - côté,3,2,0,0,1,1,1,5,1,50,,2,1,0,0,1,,57.0,,,1,2,1,1,3
202100045352,2021-04-02 19:00:00,2021,4,2,19,0,91,91687,CARNOT (RUE),48.680623,2.384285,Plein jour,En agglomération,Hors intersection,Normale,Autre collision,4,-1,2,0,3,3,1,1,1,30,,3,2,0,1,0,23.0,,,,1,2,1,1,6
202100045353,2021-04-02 10:16:00,2021,4,2,10,16,91,91589,AV GABRIEL PERI,48.68936,2.35433,Plein jour,En agglomération,Hors intersection,Normale,Deux véhicules - côté,4,2,2,0,1,1,1,9,1,50,,2,1,0,0,1,67.0,42.0,,,1,2,1,1,3
202100045354,2021-04-01 16:45:00,2021,4,1,16,45,91,91223,DE GAULLE (AVENUE CHARLES),48.423634,2.153209,Plein jour,Hors agglomération,Hors intersection,Normale,Autre collision,3,-1,2,0,1,1,1,0,1,30,,2,1,0,0,1,68.0,,,,1,1,1,1,6
202100045355,2021-04-01 15:25:00,2021,4,1,15,25,91,91223,R.D.20,48.43318,2.16721,Plein jour,Hors agglomération,Autre intersection,Normale,Trois véhicules et plus - collisions multiples,3,2,4,0,1,1,1,0,1,50,,4,2,0,0,2,32.0,59.0,,,1,1,9,1,5
202100045356,2021-03-16 23:05:00,2021,3,16,23,5,90,90076,MARONNIERS (RUE DES),47.6335905875,6.9002348185,Nuit sans éclairage public,Hors agglomération,Hors intersection,Pluie légère,Autre collision,3,2,2,0,1,3,2,0,1,80,,1,0,0,0,1,58.0,,,,3,1,1,2,6
202100045357,2021-04-01 17:03:00,2021,4,1,17,3,87,87085,VIGENAL (BOULEVARD DU),45.85266,1.25921,Plein jour,En agglomération,Intersection en X,Normale,Autre collision,4,3,5,0,1,1,1,5,1,50,,2,1,0,1,0,38.0,,,,1,2,2,1,6
202100045358,2021-04-01 07:18:00,2021,4,1,7,18,87,87085,ALLENDE (QUAI SALVADOR),45.82112,1.263,Nuit avec éclairage allumé,En agglomération,Intersection en X,Normale,Deux véhicules - côté,2,4,5,0,1,1,1,0,1,50,,2,1,0,0,1,73.0,52.0,,,5,2,2,1,3
202100045359,2021-04-02 16:55:00,2021,4,2,16,55,83,83069,DENIS (AVENUE ALPHONSE),43.12099,6.13436,Plein jour,En agglomération,Hors intersection,Temps éblouissant,Autre collision,4,2,2,1,2,1,1,0,1,30,,2,1,0,0,1,26.0,,,,1,2,1,7,6
202100045360,2021-04-02 17:20:00,2021,4,2,17,20,83,83061,AVENUE DE LA CORNICHE D'AZUR,43.388348,6.724551,Plein jour,En agglomération,Hors intersection,Normale,Deux véhicules - côté,3,2,2,0,1,1,1,0,1,50,,2,0,0,1,1,56.0,73.0,,,1,2,1,1,3
202100045361,2021-04-01 17:56:00,2021,4,1,17,56,80,80725,RD 210,49.859047971,2.2553622723,Plein jour,En agglomération,Hors intersection,Normale,Trois véhicules et plus - en chaîne,3,2,2,0,2,1,1,0,1,80,,7,3,0,0,4,42.0,34.0,,,1,2,1,1,4
202100045362,2021-04-01 17:30:00,2021,4,1,17,30,80,80674,DEFENSE PASSIVE (AVENUE DE LA),49.90938,2.32763,Plein jour,En agglomération,Hors intersection,Normale,Trois véhicules et plus - en chaîne,4,2,3,0,1,1,1,0,1,50,,6,4,0,0,2,48.0,34.0,,,1,2,1,1,4
202100045363,2021-03-24 10:51:00,2021,3,24,10,51,78,78686,GENERAL LECLERC (AVENUE DU),48.80411,2.16964,Plein jour,En agglomération,Intersection en X,Normale,Deux véhicules - côté,3,2,2,0,1,1,1,5,1,50,,2,1,0,0,1,46.0,44.0,,,1,2,2,1,3
202100045364,2021-04-03 00:50:00,2021,4,3,0,50,78,78133,MANTES (ROUTE DE),48.907221,2.04754,Nuit avec éclairage allumé,En agglomération,Hors intersection,Normale,Autre collision,3,3,2,0,1,1,1,0,1,50,,1,0,0,0,1,57.0,,,,5,2,1,1,6
202100045365,2021-04-01 13:20:00,2021,4,1,13,20,74,74298,CHARCOT (RUE J.B.),46.18837,6.25152,Plein jour,En agglomération,Intersection en T,Normale,Deux véhicules - côté,4,2,2,0,2,2,1,0,1,50,,2,1,0,0,1,25.0,48.0,,,1,2,3,1,3
202100045366,2021-04-01 07:59:00,2021,4,1,7,59,74,74012,DUSSONCHET (RUE JEAN-PHILIPPE),46.18837,6.24346,Plein jour,En agglomération,Autre intersection,Normale,Deux véhicules - arrière,4,1,1,0,1,2,1,5,1,50,,2,1,0,0,1,33.0,55.0,,,1,2,9,1,2
202100045367,2021-04-02 12:46:00,2021,4,2,12,46,72,72181,KLOTZ HENRI-PIERRE (AV),48.0193,0.16815,Plein jour,En agglomération,Hors intersection,Normale,Deux véhicules - côté,4,-1,2,3,2,1,1,9,6,50,,2,1,0,0,1,27.0,29.0,,,1,2,1,1,3
202100045368,2021-04-02 18:55:00,2021,4,2,18,55,71,71306,MACON (RUE DE),46.67361,4.37423,Plein jour,En agglomération,Hors intersection,Normale,Deux véhicules - côté,4,2,2,0,1,1,1,0,1,50,,2,1,0,0,1,54.0,20.0,,,1,2,1,1,3
202100045369,2021-04-01 13:00:00,2021,4,1,13,0,71,71270,70 Route de Lyon,46.290796,4.813389,Plein jour,En agglomération,Hors intersection,Normale,Autre collision,3,2,4,0,1,1,1,0,4,70,,2,1,0,0,1,42.0,,,,1,2,1,1,6
202100045370,2021-04-02 18:15:00,2021,4,2,18,15,71,71468,16 Route de la Beaujarde,46.8134795166,4.4967333685,Plein jour,Hors agglomération,Autre intersection,Normale,Deux véhicules - côté,3,2,-1,0,1,2,1,0,1,-1,,2,1,0,1,0,21.0,24.0,,,1,1,9,1,3
202100045371,2021-04-02 18:30:00,2021,4,2,18,30,64,64129,BAYONNE DE,43.29941,-0.39167,Plein jour,En agglomération,Intersection en T,Normale,Deux véhicules - arrière,4,2,2,0,1,1,1,0,1,50,,2,1,0,0,1,55.0,43.0,,,1,2,3,1,2
202100045372,2021-04-02 15:45:00,2021,4,2,15,45,64,64445,LOUIS SALLENAVE,43.3169,-0.36029,Plein jour,En agglomération,Autre intersection,Normale,Deux véhicules - côté,6,-1,0,0,1,1,1,0,1,10,,2,1,0,0,1,21.0,23.0,,,1,2,9,1,3
202100045373,2021-04-01 15:45:00,2021,4,1,15,45,64,64024,BAYONNE (AVENUE DE),43.48115,-1.51121,Plein jour,En agglomération,Autre intersection,Normale,Sans collision,3,3,4,3,1,1,1,0,1,50,,1,0,0,1,0,26.0,,,,1,2,9,1,7
202100045374,2021-04-01 20:01:00,2021,4,1,20,1,63,63113,BRUGIERE (BD AMBROISE),45.78972,3.11793,Nuit avec éclairage allumé,En agglomération,Intersection en X,Normale,Deux véhicules - arrière,7,3,4,0,1,1,1,0,1,50,,2,1,0,0,1,19.0,28.0,,,5,2,2,1,2
202100045375,2021-04-01 18:04:00,2021,4,1,18,4,63,63032,RESISTANCE (RUE DE LA),45.7504817467,3.0886006607,Plein jour,En agglomération,Hors intersection,Normale,Autre collision,7,2,2,0,1,1,1,0,1,50,,2,1,0,0,1,47.0,,,,1,2,1,1,6
202100045376,2021-03-12 16:30:00,2021,3,12,16,30,62,62427,KENNEDY (BD JOHN FITZGERALD),50.424626,2.957493,Plein jour,En agglomération,Hors intersection,Normale,Autre collision,4,2,1,0,1,1,1,0,1,30,,2,1,0,1,0,80.0,,,,1,2,1,1,6
202100045377,2021-03-18 09:05:00,2021,3,18,9,5,59,59153,D935,50.44485,3.59027,Plein jour,Hors agglomération,Hors intersection,Temps couvert,Deux véhicules - frontale,3,2,2,1,1,3,1,2,1,70,,4,0,0,1,3,19.0,64.0,,,1,1,1,8,1
202100045378,2021-04-02 15:30:00,2021,4,2,15,30,59,59421,MIRABEAU (RUE),50.70628,3.12988,Plein jour,En agglomération,Hors intersection,Normale,Autre collision,7,2,2,0,1,1,1,0,1,50,,2,1,0,0,1,48.0,,,,1,2,1,1,6
202100045379,2021-03-31 13:55:00,2021,3,31,13,55,59,59234,MOULIN (RUE JEAN),50.39919,3.04322,Plein jour,En agglomération,Hors intersection,Normale,Deux véhicules - côté,4,2,2,0,2,1,1,0,1,50,,2,1,0,1,0,24.0,37.0,,,1,2,1,1,3
202100045380,2021-04-01 19:00:00,2021,4,1,19,0,56,56107,ROUTE DEPARTEMENTALE 29,47.72396,-3.38252,Crépuscule ou aube,Hors agglomération,Hors intersection,Normale,Deux véhicules - arrière,3,3,4,0,4,2,1,0,1,70,,2,1,0,0,1,47.0,46.0,,,2,1,1,1,2
202100045381,2021-04-02 13:55:00,2021,4,2,13,55,51,51474,Rue Pasteur,49.2586676264,3.9881926775,Plein jour,En agglomération,Intersection en T,Normale,Deux véhicules - côté,4,2,2,0,1,1,1,0,1,50,,3,1,0,0,2,34.0,53.0,,,1,2,3,1,3
202100045382,2021-04-02 13:45:00,2021,4,2,13,45,51,51454,Rue de Venise,49.2491428808,4.0369553178,Plein jour,En agglomération,Intersection en X,Normale,Deux véhicules - côté,4,2,3,1,1,1,1,5,1,50,,3,2,0,0,1,22.0,16.0,,,1,2,2,1,3
202100045383,2021-04-01 18:45:00,2021,4,1,18,45,50,50203,HIPPODROME (rue de l'),49.60357,-1.60243,Plein jour,En agglomération,Intersection en X,Normale,Deux véhicules - côté,4,1,1,0,2,1,1,5,1,50,,2,1,0,0,1,18.0,51.0,,,1,2,2,1,3
202100045384,2021-04-01 08:55:00,2021,4,1,8,55,50,50129,PONT TOURNANT,49.63916,-1.62059,Plein jour,En agglomération,Intersection en Y,Normale,Deux véhicules - arrière,4,2,3,0,1,1,1,0,1,50,,2,1,0,0,1,41.0,15.0,,,1,2,4,1,2
202100045385,2021-04-02 18:02:00,2021,4,2,18,2,49,49007,PORTET BOULEVARD,47.45122,-0.5617,Plein jour,En agglomération,Hors intersection,Normale,Autre collision,4,2,2,0,1,1,1,0,1,50,,2,1,0,0,1,39.0,,,,1,2,1,1,6
202100045386,2021-03-30 05:36:00,2021,3,30,5,36,49,49007,SAINT LEONARD,47.4587543667,-0.5179120985,Nuit avec éclairage allumé,En agglomération,Hors intersection,Normale,Autre collision,4,2,2,0,1,1,1,1,1,50,,2,1,0,0,1,24.0,,,,5,2,1,1,6
202100045387,2021-03-31 11:10:00,2021,3,31,11,10,49,49007,JAURES,47.45738,-0.52317,Plein jour,En agglomération,Hors intersection,Normale,Autre collision,4,2,2,0,1,1,1,0,1,50,,1,0,0,0,1,13.0,,,,1,2,1,1,6
202100045388,2021-04-01 21:00:00,2021,4,1,21,0,47,47001,DELPECH (AV. GEORGES),44.21081,0.60924,Nuit avec éclairage allumé,En agglomération,Hors intersection,Normale,Autre collision,3,2,2,0,1,1,1,0,1,50,,2,1,0,0,1,18.0,16.0,,,5,2,1,1,6
202100045389,2021-04-01 09:05:00,2021,4,1,9,5,47,47001,SCALIGER (BOULEVARD),44.2066344335,0.6138611223,Plein jour,En agglomération,Intersection en Y,Normale,Deux véhicules - côté,4,2,2,0,1,1,1,0,1,50,,2,1,0,0,1,47.0,51.0,,,1,2,4,1,3
202100045390,2021-04-02 12:00:00,2021,4,2,12,0,45,45232,1878 Rue du General de Gaulle,47.867699,1.87658,Plein jour,En agglomération,Hors intersection,Normale,Autre collision,4,2,2,0,1,1,1,0,1,50,,2,1,0,0,1,64.0,,,,1,2,1,1,6
202100045391,2021-04-02 08:55:00,2021,4,2,8,55,45,45169,Rue du Val d’Orléans,47.92398,1.84468,Plein jour,En agglomération,Intersection en X,Normale,Deux véhicules - côté,4,2,3,0,1,1,1,0,1,50,,2,1,0,0,1,51.0,75.0,,,1,2,2,1,3
202100045392,2021-04-02 18:00:00,2021,4,2,18,0,44,44109,RUE DE LA BOTTIERE,47.2391,-1.52025,Plein jour,En agglomération,Hors intersection,Normale,Autre collision,4,2,2,-1,1,1,1,0,1,30,,2,1,0,1,0,,,,,1,2,1,1,6
202100045393,2021-04-01 19:40:00,2021,4,1,19,40,41,41018,THIERRY (RUE AUGUSTIN),47.58202,1.32281,Plein jour,En agglomération,Hors intersection,Normale,Deux véhicules - frontale,4,1,2,0,2,2,1,0,1,30,,2,1,0,0,1,29.0,27.0,,,1,2,1,1,1
202100045394,2021-04-01 08:30:00,2021,4,1,8,30,37,37233,BONNIN (AVENUE JEAN),47.39556789,0.71073867,Plein jour,En agglomération,Giratoire,Normale,Sans collision,4,2,2,0,1,1,1,0,1,50,,1,0,0,0,1,26.0,,,,1,2,6,1,7
202100045395,2021-04-02 07:36:00,2021,4,2,7,36,37,37214,MAISONS BLANCHES (QUAI DES),47.3943155223,0.6509132803,Plein jour,En agglomération,Hors intersection,Normale,Sans collision,4,2,2,0,1,3,1,0,1,50,,1,0,0,0,1,30.0,,,,1,2,1,1,7
202100045396,2021-04-01 22:57:00,2021,4,1,22,57,37,37261,HEURTELOUP (BOULEVARD),47.3913175589,0.6957997534,Nuit avec éclairage allumé,En agglomération,Hors intersection,Normale,Autre collision,4,3,6,0,1,1,1,0,1,50,,2,1,0,0,1,43.0,47.0,,,5,2,1,1,6
202100045397,2021-04-01 16:30:00,2021,4,1,16,30,37,37208,ROCHEPINARD (RUE DE),47.3720194727,0.7208969665,Plein jour,En agglomération,Hors intersection,Normale,Sans collision,4,1,1,0,1,1,1,0,1,50,,1,0,0,0,1,80.0,,,,1,2,1,1,7
202100045398,2021-04-01 15:44:00,2021,4,1,15,44,37,37261,GRAMMONT (AVENUE DE),47.3764261029,0.694379735,Plein jour,En agglomération,Hors intersection,Normale,Autre collision,4,2,4,0,1,1,1,0,1,50,,2,1,0,0,1,27.0,82.0,,,1,2,1,1,6
202100045399,2021-04-02 18:44:00,2021,4,2,18,44,33,33063,Cours Maréchal Juin,44.835957,-0.58342,Plein jour,En agglomération,Intersection en Y,Normale,Deux véhicules - arrière,4,3,6,2,1,1,1,5,1,50,,2,1,0,0,1,34.0,63.0,,,1,2,4,1,2
202100045400,2021-04-02 08:55:00,2021,4,2,8,55,33,33063,Avenue Thiers,44.84304,-0.55527,Plein jour,En agglomération,Hors intersection,Normale,Deux véhicules - côté,4,3,6,3,1,1,1,4,6,50,,2,1,0,0,1,15.0,30.0,,,1,2,1,1,3
202100045401,2021-04-02 18:40:00,2021,4,2,18,40,30,30007,ROQUE (RUE DE LA),44.12675,4.07724,Plein jour,En agglomération,Hors intersection,Normale,Deux véhicules - côté,4,2,2,0,2,1,1,0,1,30,,2,1,0,0,1,50.0,59.0,,,1,2,1,1,3
202100045402,2021-04-02 17:41:00,2021,4,2,17,41,29,29039,Boulevard Bougainville,47.8705926603,-3.9234586475,Plein jour,En agglomération,Hors intersection,Normale,Autre collision,4,2,2,1,1,3,1,0,1,50,,2,1,0,0,1,71.0,,,,1,2,1,1,6
202100045403,2021-04-01 12:30:00,2021,4,1,12,30,29,29019,Rue Mathieu Donnart,48.3996,-4.48577,Plein jour,En agglomération,Hors intersection,Normale,Deux véhicules - côté,4,2,2,0,1,1,1,0,1,50,,2,1,0,0,1,43.0,48.0,,,1,2,1,1,3
202100045404,2021-04-02 13:53:00,2021,4,2,13,53,25,25056,LAGRANGE  AVENUE LEO,47.24491,6.00345,Plein jour,En agglomération,Hors intersection,Normale,Trois véhicules et plus - en chaîne,3,2,4,0,1,1,1,0,1,30,,4,3,0,0,1,66.0,36.0,,,1,2,1,1,4
202100045405,2021-03-26 17:00:00,2021,3,26,17,0,22,22215,FROS (RUE DU),48.500475,-2.800925,Plein jour,En agglomération,Hors intersection,Normale,Deux véhicules - côté,4,-1,2,0,1,1,1,0,1,50,,2,1,0,0,1,33.0,34.0,,,1,2,1,1,3
202100045406,2021-04-01 19:15:00,2021,4,1,19,15,18,18213,RN 151,47.09803,2.46838,Plein jour,Hors agglomération,Intersection en T,Normale,Deux véhicules - côté,2,2,2,0,1,1,1,5,1,50,,2,0,1,1,0,15.0,25.0,,,1,1,3,1,3
202100045407,2021-04-02 15:30:00,2021,4,2,15,30,14,14118,Boulevard de Rethel,49.16966,-0.33366,Plein jour,En agglomération,Giratoire,Normale,Deux véhicules - côté,4,1,2,0,1,1,1,5,1,50,,2,1,0,0,1,52.0,44.0,,,1,2,6,1,3
202100045408,2021-04-03 01:15:00,2021,4,3,1,15,13,13208,MENDES FRANCE (AVENUE),43.255631,5.376503,Nuit avec éclairage allumé,En agglomération,Hors intersection,Normale,Autre collision,4,2,2,0,1,1,1,0,1,50,,1,0,0,0,1,17.0,,,,5,2,1,1,6
202100045409,2021-04-02 16:30:00,2021,4,2,16,30,13,13205,SAKAKINI (BOULEVARD),43.2931145761,5.4014210955,Plein jour,En agglomération,Hors intersection,Normale,Deux véhicules - frontale,4,2,4,0,1,1,1,0,1,50,,2,1,0,1,0,30.0,25.0,,,1,2,1,1,1
202100045410,2021-04-02 09:05:00,2021,4,2,9,5,13,13210,ROMAIN ROLLAND (BOULEVARD),43.274734,5.415492,Plein jour,En agglomération,Autre intersection,Normale,Deux véhicules - côté,4,2,4,0,1,1,1,0,1,50,,3,2,0,0,1,52.0,52.0,,,1,2,9,1,3
202100045411,2021-03-31 19:00:00,2021,3,31,19,0,13,13206,ARMENY (RUE D'),43.291182,5.38077,Plein jour,En agglomération,Intersection en T,Normale,Deux véhicules - côté,4,1,2,0,2,1,1,0,6,50,,2,1,0,1,0,,18.0,,,1,2,3,1,3
202100045412,2021-04-02 15:42:00,2021,4,2,15,42,10,10387,CHALMEL (RUE),48.2960755339,4.062712267,Plein jour,En agglomération,Hors intersection,Normale,Autre collision,4,2,2,0,1,1,1,0,1,50,,2,1,0,1,0,37.0,,,,1,2,1,1,6
202100045413,2021-04-02 08:59:00,2021,4,2,8,59,10,10081,ROCADE OUEST (RD 610),48.32173,4.02566,Plein jour,Hors agglomération,Hors intersection,Normale,Deux véhicules - arrière,3,1,4,0,1,3,1,0,1,110,,2,1,0,0,1,37.0,32.0,,,1,1,1,1,2
202100045414,2021-04-01 12:20:00,2021,4,1,12,20,10,10343,MAURICE ROMAGNON (RUE),48.2807558896,4.0891885757,Plein jour,En agglomération,Hors intersection,Normale,Autre collision,4,2,2,0,1,1,1,0,1,50,,2,1,0,0,1,35.0,,,,1,2,1,1,6
202100045415,2021-04-02 10:25:00,2021,4,2,10,25,06,06088,MARCEAU (R.),43.70745,7.26588,Plein jour,En agglomération,Hors intersection,Normale,Autre collision,4,1,2,0,1,1,1,0,1,50,,2,0,0,0,2,50.0,,,,1,2,1,1,6
202100045416,2021-04-02 13:25:00,2021,4,2,13,25,06,06069,MARIGARDE (ROUTE DE LA),43.653675,6.935996,Plein jour,En agglomération,Hors intersection,Normale,Deux véhicules - côté,3,2,2,0,2,2,1,0,1,50,,2,1,0,0,1,71.0,37.0,,,1,2,1,1,3