accident_id,datetime,annee,mois,jour,heure,minute,departement,commune_insee,adresse,latitude,longitude,luminosite,agglomeration,intersection,meteo,collision,catr,circ,nbv,vosp,prof,plan,surf,infra,situ,vma,nb_vehicules,nb_usagers,nb_indemnes,nb_tues,nb_blesses_hosp,nb_blesses_legers,age_cond_1,age_cond_2,veh_type_cond_1,veh_type_cond_2,lum_code,agg_code,int_code,atm_code,col_code
202100045417,2021-04-02 13:15:00,2021,4,2,13,15,06,06030,DOLCE FARNIENTE (CHEMIN DU),43.56564,7.01995,Plein jour,En agglomération,Autre intersection,Normale,Autre collision,4,1,1,0,1,1,1,9,1,50,,2,1,1,0,0,26.0,,,,1,2,9,1,6
202100045418,2021-04-02 16:10:00,2021,4,2,16,10,75,75117,PORTE DE CHAMPERRET,48.884578,2.286301,Plein jour,En agglomération,Hors intersection,Normale,Trois véhicules et plus - collisions multiples,4,1,4,0,1,1,1,0,1,70,,3,2,0,0,1,64.0,23.0,,,1,2,1,1,5
202100045419,2021-04-01 11:10:00,2021,4,1,11,10,75,75112,ECHANGEUR BERCY,48.826719711,2.3912376165,Plein jour,En agglomération,Hors intersection,Normale,Deux véhicules - côté,4,1,2,0,1,1,1,0,1,50,,4,3,0,1,0,29.0,25.0,,,1,2,1,1,3
202100045420,2021-04-01 19:40:00,2021,4,1,19,40,75,75120,AVENUE DU DOCTEUR GLEY,48.877236,2.410014,Plein jour,En agglomération,Intersection en X,Normale,Deux véhicules - côté,4,1,3,1,1,1,1,0,1,50,,3,2,0,0,1,30.0,24.0,,,1,2,2,1,3
202100045421,2021-04-02 10:25:00,2021,4,2,10,25,75,75119,PLACE AUGUSTE BARON,48.90015,2.387308,Plein jour,En agglomération,Place,Normale,Deux véhicules - côté,4,-1,1,0,1,1,1,0,1,50,,2,1,0,0,1,,29.0,,,1,2,7,1,3
202100045422,2021-04-02 16:30:00,2021,4,2,16,30,75,75117,RUE CARDINET,48.889699,2.316682,Plein jour,En agglomération,Intersection en T,Normale,Autre collision,4,2,2,0,1,1,1,0,1,50,,2,0,0,0,2,24.0,,,,1,2,3,1,6
202100045423,2021-04-02 07:55:00,2021,4,2,7,55,75,75117,AVENUE DE VILLIERS,48.881735,2.314582,Plein jour,En agglomération,Intersection en Y,Normale,Deux véhicules - côté,4,2,2,0,1,1,1,0,1,50,,2,1,0,0,1,34.0,24.0,,,1,2,4,1,3
202100045424,2021-04-02 18:05:00,2021,4,2,18,5,75,75116,AVENUE RAYMOND POINCARE,48.86625,2.286216,Plein jour,En agglomération,Intersection en X,Normale,Trois véhicules et plus - en chaîne,4,2,2,0,1,1,1,0,1,50,,4,3,0,0,1,35.0,60.0,,,1,2,2,1,4
202100045425,2021-04-02 10:50:00,2021,4,2,10,50,75,75116,AVENUE VICTOR HUGO,48.868818,2.283328,Plein jour,En agglomération,Intersection en T,Normale,Deux véhicules - côté,4,2,2,0,1,1,1,0,1,30,,2,1,0,0,1,52.0,,,,1,2,3,1,3
202100045426,2021-04-02 08:00:00,2021,4,2,8,0,75,75115,RUE DE LA CROIX NIVERT,48.83998,2.290365,Plein jour,En agglomération,Intersection en X,Normale,Autre collision,4,2,3,0,1,1,1,0,1,50,,3,0,0,0,3,31.0,,,,1,2,2,1,6
202100045427,2021-04-02 17:30:00,2021,4,2,17,30,75,75112,COURS DES MARECHAUX,48.844576,2.438766,Plein jour,En agglomération,Intersection en X,Normale,Deux véhicules - côté,4,2,2,0,1,1,1,0,1,50,,3,1,0,0,2,17.0,41.0,,,1,2,2,1,3
202100045428,2021-04-02 15:00:00,2021,4,2,15,0,75,75111,AVENUE PARMENTIER,48.858422,2.380015,Plein jour,En agglomération,Intersection en X,Normale,Autre collision,4,2,2,0,1,1,1,0,4,30,,2,1,0,0,1,29.0,,,,1,2,2,1,6
202100045429,2021-04-02 11:43:00,2021,4,2,11,43,75,75110,RUE LA FAYETTE,48.878978,2.355753,Plein jour,En agglomération,Intersection en X,Normale,Deux véhicules - côté,4,2,4,0,1,1,1,0,1,50,,2,0,0,0,2,30.0,23.0,,,1,2,2,1,3
202100045430,2021-04-01 18:15:00,2021,4,1,18,15,75,75107,RUE DU BAC,48.85342,2.323762,Plein jour,En agglomération,Hors intersection,Normale,Autre collision,4,1,1,0,1,1,1,0,1,50,,2,1,0,0,1,33.0,,,,1,2,1,1,6
202100045431,2021-04-02 02:30:00,2021,4,2,2,30,75,75103,BOULEVARD SAINT MARTIN,48.868231,2.360434,Nuit avec éclairage allumé,En agglomération,Hors intersection,Normale,Sans collision,4,2,2,0,2,1,1,0,1,50,,1,0,0,0,1,26.0,,,,5,2,1,1,7
202100045432,2021-04-02 18:30:00,2021,4,2,18,30,75,75109,PLACE DE CLICHY,48.883447,2.327683,Plein jour,En agglomération,Place,Normale,Autre collision,4,1,3,3,1,1,1,0,1,50,,2,1,0,0,1,,,,,1,2,7,1,6
202100045433,2021-04-02 15:40:00,2021,4,2,15,40,75,75104,RUE DU RENARD,48.858353,2.351939,Plein jour,En agglomération,Intersection en X,Normale,Autre collision,4,1,3,0,1,1,1,8,1,50,,2,1,0,0,1,24.0,,,,1,2,2,1,6
202100045434,2021-03-31 17:45:00,2021,3,31,17,45,75,75104,RUE SAINT ANTOINE,48.85338,2.367659,Plein jour,En agglomération,Intersection en T,Normale,Sans collision,4,2,2,1,1,1,1,-1,5,50,,1,0,0,0,1,36.0,,,,1,2,3,1,7
202100045435,2021-04-02 14:45:00,2021,4,2,14,45,94,94068,Avenue Guynemer,48.78824,2.48527,Plein jour,En agglomération,Intersection en X,Normale,Deux véhicules - côté,4,2,2,0,1,1,1,0,1,30,,3,2,0,0,1,37.0,63.0,,,1,2,2,1,3
202100045436,2021-04-02 20:50:00,2021,4,2,20,50,94,94037,PAUL VAILLANT COUTURIER (AV),48.81678,2.333709,Nuit avec éclairage allumé,En agglomération,Intersection en T,Normale,Deux véhicules - côté,4,2,2,0,2,1,1,0,1,30,,2,1,0,0,1,34.0,44.0,,,5,2,3,1,3
202100045437,2021-04-02 17:35:00,2021,4,2,17,35,94,94041,GEORGES GOSNAT (AV),48.81348,2.38898,Plein jour,En agglomération,Hors intersection,Normale,Deux véhicules - côté,3,2,3,0,1,1,1,0,4,50,,2,1,0,0,1,55.0,35.0,,,1,2,1,1,3
202100045438,2021-04-02 16:15:00,2021,4,2,16,15,94,94041,Bd Paul Vaillant Couturier,48.81468,2.40188,Plein jour,En agglomération,Hors intersection,Normale,Autre collision,3,1,3,3,1,1,1,0,1,10,,2,1,0,0,1,34.0,,,,1,2,1,1,6
202100045439,2021-04-02 15:05:00,2021,4,2,15,5,94,94041,Avenue Danielle Casanova,48.81325,2.38513,Plein jour,En agglomération,Hors intersection,Normale,Autre collision,3,2,2,0,1,1,1,0,1,30,,2,1,0,0,1,40.0,,,,1,2,1,1,6
202100045440,2021-04-02 16:35:00,2021,4,2,16,35,94,94069,MARECHAL DE LATTRE DE TASSIGNY (AV),48.81994,2.42024,Plein jour,En agglomération,Autre intersection,Normale,Deux véhicules - côté,3,1,2,1,2,1,1,0,5,30,,2,1,0,0,1,48.0,30.0,,,1,2,9,1,3
202100045441,2021-04-02 21:20:00,2021,4,2,21,20,94,94052,Boulevard des 2 Communes,48.840519,2.474235,Plein jour,En agglomération,Intersection en X,Normale,Deux véhicules - côté,4,2,2,0,2,1,1,0,1,50,,4,3,0,0,1,24.0,25.0,,,1,2,2,1,3
202100045442,2021-04-02 13:45:00,2021,4,2,13,45,93,93072,MAXIME GORKI (BOULEVARD) DES N°89 A ...,48.9465,2.38643,Plein jour,En agglomération,Intersection en T,Normale,Autre collision,3,3,6,3,1,1,1,5,1,50,,2,1,0,0,1,29.0,,,,1,2,3,1,6
202100045443,2021-04-01 21:50:00,2021,4,1,21,50,93,93071,GEORGES DENANCE (RUE),48.93139,2.53807,Nuit avec éclairage allumé,En agglomération,Hors intersection,Normale,Autre collision,4,2,2,0,1,1,1,0,1,50,,1,0,0,0,1,22.0,,,,5,2,1,1,6
202100045444,2021-04-01 12:34:00,2021,4,1,12,34,93,93066,LIBERATION RD14 (BOULEVARD),48.9222912973,2.3434111476,Plein jour,En agglomération,Hors intersection,Normale,Deux véhicules - arrière,3,2,2,0,1,1,1,0,1,50,,2,1,0,0,1,27.0,55.0,,,1,2,1,1,2
202100045445,2021-04-02 13:42:00,2021,4,2,13,42,93,93077,NEUILLY (RUE DE),48.88199,2.51462,Plein jour,En agglomération,Intersection en T,Normale,Deux véhicules - côté,3,2,2,0,1,1,1,0,1,50,,2,1,0,0,1,27.0,17.0,,,1,2,3,1,3
202100045446,2021-04-02 09:50:00,2021,4,2,9,50,93,93048,HENRI BARBUSSE (BOULEVARD),48.8674812287,2.4421746408,Plein jour,En agglomération,Hors intersection,Normale,Autre collision,3,1,1,0,1,1,1,0,1,30,,2,1,0,0,1,,,,,1,2,1,1,6
202100045447,2021-04-01 19:45:00,2021,4,1,19,45,93,93006,STALINGRAD AV.,48.8729683817,2.4291861285,Plein jour,En agglomération,Hors intersection,Normale,Deux véhicules - côté,3,2,2,3,1,1,1,0,1,50,,2,1,0,0,1,32.0,28.0,,,1,2,1,1,3
202100045448,2021-04-02 16:00:00,2021,4,2,16,0,93,93032,SAINT GERMAIN  (RUE),48.88455,2.53201,Plein jour,En agglomération,Intersection en T,Normale,Deux véhicules - côté,3,2,4,0,1,1,1,0,1,50,,2,1,0,0,1,44.0,14.0,,,1,2,3,1,3
202100045449,2021-04-02 13:00:00,2021,4,2,13,0,93,93032,PAUL VAILLANT COUTURIER (RUE),48.8656809565,2.5641061341,Plein jour,En agglomération,Intersection en T,Normale,Deux véhicules - côté,3,1,2,0,1,1,1,5,1,50,,2,1,0,1,0,41.0,47.0,,,1,2,3,1,3
202100045450,2021-04-02 09:47:00,2021,4,2,9,47,93,93066,FORT DE LA BRICHE,48.94222,2.34174,Plein jour,En agglomération,Hors intersection,Normale,Deux véhicules - arrière,4,2,8,0,1,1,1,5,1,50,,2,1,0,0,1,25.0,34.0,,,1,2,1,1,2
202100045451,2021-04-02 01:50:00,2021,4,2,1,50,93,93010,AULNAY (ROUTE) COTE PAIRE DE 2 A FIN,48.9119927902,2.4813707918,Nuit avec éclairage allumé,En agglomération,Hors intersection,Normale,Autre collision,4,2,2,0,1,1,1,0,4,50,,1,0,0,0,1,20.0,,,,5,2,1,1,6
202100045452,2021-04-02 16:00:00,2021,4,2,16,0,93,93008,BARBUSSE (AVENUE HENRI) A30,48.90837,2.42747,Plein jour,En agglomération,Intersection en T,Normale,Deux véhicules - côté,4,2,4,0,1,1,1,0,1,50,,2,1,0,0,1,27.0,20.0,,,1,2,3,1,3
202100045453,2021-04-02 12:03:00,2021,4,2,12,3,93,93001,JEAN JAURES (AVE) 55 A 129,48.9066117165,2.395259589,Plein jour,En agglomération,Hors intersection,Normale,Trois véhicules et plus - collisions multiples,3,2,4,1,1,1,1,0,1,50,,3,2,0,0,1,24.0,32.0,,,1,2,1,1,5
202100045454,2021-04-01 08:30:00,2021,4,1,8,30,92,92063,ROSIERS (RUE DES),48.87047,2.20708,Plein jour,En agglomération,Intersection en X,Normale,Deux véhicules - côté,4,2,2,0,1,1,1,0,1,50,,2,1,0,0,1,38.0,42.0,,,1,2,2,1,3
202100045455,2021-03-30 08:30:00,2021,3,30,8,30,92,92063,HABY SOMMER (RUE),48.87588,2.18642,Plein jour,En agglomération,Hors intersection,Normale,Deux véhicules - arrière,4,2,2,0,2,1,1,0,1,50,,2,1,0,0,1,24.0,45.0,,,1,2,1,1,2
202100045456,2021-04-02 09:40:00,2021,4,2,9,40,92,92051,JACQUES DULUD (RUE),48.88081,2.26683,Plein jour,En agglomération,Hors intersection,Normale,Deux véhicules - côté,4,1,1,0,1,1,1,0,1,50,,2,1,0,0,1,36.0,74.0,,,1,2,1,1,3
202100045457,2021-04-02 08:45:00,2021,4,2,8,45,92,92049,VERDIER AVENUE AUTRES N°,48.8161608643,2.3086497188,Plein jour,En agglomération,Hors intersection,Normale,Autre collision,4,2,2,0,1,1,1,0,1,50,,2,1,0,1,0,22.0,,,,1,2,1,1,6
202100045458,2021-04-02 14:10:00,2021,4,2,14,10,92,92040,RODIN (BOULEVARD),48.8165699747,2.2533720732,Plein jour,En agglomération,Hors intersection,Normale,Deux véhicules - arrière,3,2,2,1,2,1,1,0,1,30,,3,2,0,0,1,29.0,29.0,,,1,2,1,1,2
202100045459,2021-04-02 14:30:00,2021,4,2,14,30,92,92040,ABBE DERRY (DE L'),48.82245,2.27969,Plein jour,En agglomération,Hors intersection,Normale,Deux véhicules - côté,4,1,1,0,1,1,1,0,1,50,,2,1,0,0,1,33.0,32.0,,,1,2,1,1,3
202100045460,2021-04-02 16:25:00,2021,4,2,16,25,92,92036,JEAN JAURES (RUE) (35/+),48.9269541644,2.2947143018,Plein jour,En agglomération,Hors intersection,Normale,Autre collision,3,2,2,0,1,1,1,0,1,50,,2,1,0,0,1,,,,,1,2,1,1,6
202100045461,2021-04-02 15:20:00,2021,4,2,15,20,92,92026,Boulevard Circulaire,48.8909017899,2.2476804256,Plein jour,En agglomération,Intersection en T,Normale,Deux véhicules - frontale,3,4,3,1,3,3,1,0,5,50,,2,1,0,0,1,33.0,46.0,,,1,2,3,1,1
202100045462,2021-04-02 18:20:00,2021,4,2,18,20,92,92024,VICTOR HUGO (BD),48.9027138994,2.318893075,Plein jour,En agglomération,Intersection en T,Normale,Deux véhicules - côté,3,2,4,0,1,1,1,0,1,50,,2,1,0,0,1,41.0,29.0,,,1,2,3,1,3
202100045463,2021-04-02 19:00:00,2021,4,2,19,0,974,97415,Rue Jean Albany,-21.077948,55.268097,Nuit sans éclairage public,En agglomération,Hors intersection,Normale,Deux véhicules - frontale,3,2,2,0,2,3,1,0,1,50,,2,1,0,0,1,43.0,53.0,,,3,2,1,1,1
202100045464,2021-04-02 18:20:00,2021,4,2,18,20,35,35135,Les Naudieres,48.23428,-1.968356,Plein jour,Hors agglomération,Hors intersection,Normale,Deux véhicules - frontale,3,2,2,0,1,3,1,0,1,80,,2,1,0,1,0,52.0,16.0,,,1,1,1,1,1
202100045465,2021-04-03 10:15:00,2021,4,3,10,15,26,26140,Route Departementale 52,45.122218,5.107827,Plein jour,Hors agglomération,Hors intersection,Vent fort / tempête,Deux véhicules - frontale,3,2,2,0,1,3,1,0,1,80,,2,1,1,0,0,43.0,42.0,,,1,1,1,6,1
202100045466,2021-04-02 19:25:00,2021,4,2,19,25,83,83004,A8 PK 114.300,43.4514027167,6.5053224564,Plein jour,Hors agglomération,Hors intersection,Normale,Autre collision,1,1,3,3,1,3,1,0,1,130,,2,1,0,0,1,27.0,,,,1,1,1,1,6
202100045467,2021-04-02 16:20:00,2021,4,2,16,20,01,01288,D89e,46.1998382198,5.9377066791,Plein jour,Hors agglomération,Hors intersection,Normale,Deux véhicules - frontale,3,2,2,0,1,4,1,0,1,80,,2,1,0,1,0,15.0,38.0,,,1,1,1,1,1
202100045468,2021-03-29 23:30:00,2021,3,29,23,30,971,97109,Rue Pierre et Rene Hincelin,15.994954,-61.705023,Nuit sans éclairage public,En agglomération,Hors intersection,Pluie légère,Autre collision,4,2,2,0,2,2,2,0,8,50,,1,0,0,1,0,47.0,,,,3,2,1,2,6
202100045469,2021-04-02 12:15:00,2021,4,2,12,15,34,34259,RN109 PK 10+350,43.631614,3.763107,Plein jour,Hors agglomération,Hors intersection,Normale,Deux véhicules - arrière,2,3,4,0,1,1,1,0,1,110,,2,1,0,0,1,47.0,25.0,,,1,1,1,1,2
202100045470,2021-04-02 16:45:00,2021,4,2,16,45,56,56078,D152 - LE FORT DU LOCH,47.749229,-3.5087,Plein jour,Hors agglomération,Intersection en T,Normale,Deux véhicules - frontale,3,2,2,0,1,1,1,0,1,70,,3,1,0,1,1,42.0,30.0,,,1,1,3,1,1
202100045471,2021-04-03 16:30:00,2021,4,3,16,30,77,77109,D75,48.612995,3.189662,Plein jour,En agglomération,Hors intersection,Normale,Sans collision,3,2,2,0,1,1,1,0,3,80,,2,0,0,1,1,21.0,,,,1,2,1,1,7
202100045472,2021-02-25 17:10:00,2021,2,25,17,10,82,82112,Route des Vergers,44.104344,1.104587,Plein jour,En agglomération,Intersection en T,Normale,Deux véhicules - côté,3,2,2,0,1,1,1,0,1,50,,2,1,0,1,0,57.0,45.0,,,1,2,3,1,3
202100045473,2021-04-02 17:30:00,2021,4,2,17,30,63,63424,Rue des Cuillères,45.93652,3.252876,Plein jour,En agglomération,Intersection en X,Normale,Deux véhicules - côté,4,2,2,0,1,1,1,0,1,50,,2,1,0,1,0,16.0,42.0,,,1,2,2,1,3
202100045474,2021-04-03 16:34:00,2021,4,3,16,34,29,29189,Croix du Tinduff (Élimination des déchets),48.3406734976,-4.3755987951,Plein jour,Hors agglomération,Autre intersection,Normale,Deux véhicules - frontale,4,2,2,0,1,3,1,0,1,30,,2,1,0,1,0,49.0,61.0,,,1,1,9,1,1
202100045475,2021-04-03 12:10:00,2021,4,3,12,10,68,68141,2 Route de Didenheim,47.701513,7.281768,Plein jour,En agglomération,Intersection en T,Normale,Deux véhicules - côté,3,2,2,0,1,1,1,0,1,50,,3,1,0,1,1,50.0,59.0,,,1,2,3,1,3
202100045476,2021-04-03 00:20:00,2021,4,3,0,20,44,44216,La Petite Senardiere,46.973554,-1.364322,Nuit sans éclairage public,Hors agglomération,Hors intersection,Normale,Autre collision,3,2,2,0,2,1,1,0,1,80,,2,1,0,1,0,36.0,,,,3,1,1,1,6
202100045477,2021-04-02 14:00:00,2021,4,2,14,0,44,44158,Route de Coueron,47.274003,-1.779329,Plein jour,En agglomération,Giratoire,Normale,Deux véhicules - côté,3,2,2,0,1,2,1,5,1,50,,2,1,0,0,1,57.0,47.0,,,1,2,6,1,3
202100045478,2021-03-23 18:50:00,2021,3,23,18,50,29,29068,VC7- VC2 Lieu dit Le Rest,48.549562,-3.997736,Plein jour,Hors agglomération,Intersection en X,Normale,Deux véhicules - côté,4,2,2,0,1,1,1,5,1,80,,2,1,0,1,0,62.0,24.0,,,1,1,2,1,3
202100045479,2021-04-03 15:00:00,2021,4,3,15,0,29,29207,Rue des Genêts,48.536798,-3.789382,Plein jour,En agglomération,Hors intersection,Normale,Autre collision,4,2,2,0,1,3,1,0,3,30,,1,0,1,0,0,87.0,,,,1,2,1,1,6
202100045480,2021-04-03 16:25:00,2021,4,3,16,25,29,29056,Lieu-dit Guerrus,48.4366424404,-4.2939886755,Plein jour,Hors agglomération,Intersection en Y,Normale,Deux véhicules - arrière,3,2,2,0,1,1,1,5,1,80,,2,1,0,0,1,44.0,21.0,,,1,1,4,1,2
202100045481,2021-04-03 15:15:00,2021,4,3,15,15,31,31430,D817,43.100861,0.605863,Plein jour,Hors agglomération,Intersection en X,Normale,Deux véhicules - côté,3,2,2,0,1,1,1,0,1,80,,3,1,0,1,1,29.0,22.0,,,1,1,2,1,3
202100045482,2021-04-03 16:40:00,2021,4,3,16,40,31,31033,2 Chemin de la Gravette,43.355336,1.478353,Plein jour,En agglomération,Hors intersection,Normale,Autre collision,3,2,2,0,2,3,1,0,4,50,,1,0,0,0,1,26.0,,,,1,2,1,1,6
202100045483,2021-03-31 16:45:00,2021,3,31,16,45,38,38314,Rue du Pontet,45.42927,6.02496,Plein jour,Hors agglomération,Hors intersection,Normale,Sans collision,3,2,2,0,2,3,1,0,8,80,,2,0,0,2,0,91.0,,,,1,1,1,1,7
202100045484,2021-04-02 12:55:00,2021,4,2,12,55,38,38126,118 Avenue de l'Eygala,45.212074,5.757791,Plein jour,En agglomération,Hors intersection,Normale,Deux véhicules - arrière,7,2,2,3,3,1,1,0,8,50,,2,1,0,0,1,77.0,,,,1,2,1,1,2
202100045485,2021-04-03 14:00:00,2021,4,3,14,0,26,26146,1 Route de Rochecourbiere,44.416416,4.909483,Plein jour,En agglomération,Intersection en T,Vent fort / tempête,Deux véhicules - frontale,3,2,2,0,2,4,1,0,1,50,,3,2,0,1,0,29.0,20.0,,,1,2,3,6,1
202100045486,2021-04-03 10:40:00,2021,4,3,10,40,54,54415,31 Rue de Serre,48.9832799684,6.0217684516,Plein jour,En agglomération,Hors intersection,Normale,Autre collision,3,2,2,0,1,1,1,0,1,30,,2,1,0,0,1,96.0,,,,1,2,1,1,6
202100045487,2021-04-03 05:45:00,2021,4,3,5,45,50,50232,La fauvisière,49.121495,-1.307395,Nuit sans éclairage public,Hors agglomération,Hors intersection,Normale,Autre collision,4,2,2,0,1,1,1,0,1,80,,1,0,0,0,1,44.0,,,,3,1,1,1,6
202100045488,2021-03-29 15:30:00,2021,3,29,15,30,07,07049,Pont des deux eaux / croisement D578-D281,44.838807,4.33121,Plein jour,Hors agglomération,Hors intersection,Normale,Sans collision,3,2,2,0,1,2,1,0,3,80,,1,0,0,0,1,24.0,,,,1,1,1,1,7
202100045489,2021-04-02 16:15:00,2021,4,2,16,15,24,24510,D703,44.836749,1.095774,Plein jour,Hors agglomération,Hors intersection,Normale,Deux véhicules - frontale,3,2,3,0,1,1,1,0,1,90,,4,3,1,0,0,57.0,45.0,,,1,1,1,1,1
202100045490,2021-04-03 14:15:00,2021,4,3,14,15,24,24317,D60,45.008074,1.347885,Plein jour,Hors agglomération,Hors intersection,Normale,Trois véhicules et plus - en chaîne,3,2,2,0,1,4,1,0,1,80,,3,2,1,0,0,69.0,48.0,,,1,1,1,1,4
202100045491,2021-04-03 10:15:00,2021,4,3,10,15,30,30317,RD 986L,43.92309,4.562888,Plein jour,Hors agglomération,Intersection en X,Normale,Deux véhicules - côté,3,2,2,0,1,1,1,0,1,80,,2,1,0,1,0,32.0,42.0,,,1,1,2,1,3
202100045492,2021-04-02 21:10:00,2021,4,2,21,10,30,30305,1657 Route d'Ales,44.166183,4.129395,Nuit sans éclairage public,Hors agglomération,Hors intersection,Normale,Deux véhicules - côté,3,2,2,0,1,1,1,0,1,70,,2,1,0,1,0,24.0,25.0,,,3,1,1,1,3
202100045493,2021-04-02 22:14:00,2021,4,2,22,14,88,88441,chemin communal de sans vallois jésonville,48.153873,6.107154,Nuit sans éclairage public,Hors agglomération,Hors intersection,Normale,Autre collision,4,2,2,0,1,2,1,0,3,80,,2,0,1,0,1,23.0,,,,3,1,1,1,6
202100045494,2021-04-02 23:15:00,2021,4,2,23,15,85,85299,D115,46.406565,-0.883595,Nuit sans éclairage public,En agglomération,Hors intersection,Normale,Autre collision,3,2,2,0,1,2,1,0,3,50,,1,0,0,1,0,22.0,,,,3,2,1,1,6
202100045495,2021-04-02 22:20:00,2021,4,2,22,20,10,10444,A5 PK 90+800,48.242569,3.610503,Nuit sans éclairage public,Hors agglomération,Autre intersection,Normale,Autre collision,1,3,4,0,1,1,1,0,3,130,,3,0,0,0,3,19.0,,,,3,1,9,1,6
202100045496,2021-04-02 21:50:00,2021,4,2,21,50,13,13091,Henri Barbusse,43.623083,5.295796,Nuit avec éclairage allumé,En agglomération,Intersection en X,Normale,Deux véhicules - côté,7,2,2,0,2,1,1,0,1,-1,,3,1,0,1,1,55.0,21.0,,,5,2,2,1,3
202100045497,2021-03-27 08:00:00,2021,3,27,8,0,38,38530,"A43, PK 028+750",45.614743,5.200031,Plein jour,Hors agglomération,Hors intersection,Normale,Deux véhicules - frontale,1,1,3,0,1,1,1,8,1,90,,4,0,0,1,3,59.0,44.0,,,1,1,1,1,1
202100045498,2021-03-28 19:05:00,2021,3,28,19,5,988,98821,Route du littoral - RM24/Voie privé,-22.147145,166.242371,Nuit sans éclairage public,Hors agglomération,Intersection en T,Normale,Autre collision,4,2,2,0,1,1,1,0,3,90,,1,0,0,1,0,25.0,,,,3,1,3,1,6
202100045499,2021-04-02 07:00:00,2021,4,2,7,0,976,97608,Boulevard des Crabes,-12.782141,45.25779,Plein jour,En agglomération,Hors intersection,Normale,Deux véhicules - côté,2,1,1,0,1,2,1,9,8,30,,4,3,0,0,1,42.0,56.0,,,1,2,1,1,3
202100045500,2021-04-02 19:45:00,2021,4,2,19,45,18,18055,7 Rue de l'Abbe Emile Trouzier,46.9944,2.118607,Crépuscule ou aube,En agglomération,Hors intersection,Temps éblouissant,Autre collision,4,2,2,0,1,1,1,0,1,50,,2,1,0,1,0,65.0,,,,2,2,1,7,6
202100045501,2021-04-03 15:29:00,2021,4,3,15,29,83,83108,D5,43.3474332397,5.9720134743,Plein jour,Hors agglomération,Hors intersection,Normale,Autre collision,3,2,2,0,1,1,1,0,8,80,,2,0,2,0,0,40.0,,,,1,1,1,1,6
202100045502,2021-04-02 12:25:00,2021,4,2,12,25,13,13015,avenue pierre de brossolette,43.457358,5.413079,Plein jour,En agglomération,Intersection en X,Normale,Deux véhicules - frontale,7,2,2,0,2,4,1,0,1,50,,2,1,0,1,0,34.0,69.0,,,1,2,2,1,1
202100045503,2021-04-03 10:25:00,2021,4,3,10,25,89,89029,D606,47.929931,3.511741,Plein jour,Hors agglomération,Hors intersection,Normale,Deux véhicules - arrière,3,2,3,0,1,1,1,0,1,80,,5,0,0,0,5,39.0,65.0,,,1,1,1,1,2
202100045504,2021-04-03 10:25:00,2021,4,3,10,25,89,89029,D606,47.925797,3.511409,Plein jour,Hors agglomération,Hors intersection,Normale,Deux véhicules - frontale,3,2,3,0,1,1,1,0,1,80,,4,0,1,0,3,22.0,88.0,,,1,1,1,1,1
202100045505,2021-04-02 18:30:00,2021,4,2,18,30,10,10216,D677,48.659631,4.187741,Plein jour,Hors agglomération,Hors intersection,Normale,Autre collision,3,2,2,0,1,1,1,0,3,90,,1,0,0,0,1,28.0,,,,1,1,1,1,6
202100045506,2021-03-20 16:40:00,2021,3,20,16,40,67,67301,Route de Brumath,48.755936,7.650404,Plein jour,En agglomération,Hors intersection,Normale,Sans collision,3,2,2,3,1,1,1,0,1,50,,1,0,0,0,1,15.0,,,,1,2,1,1,7
202100045507,2021-04-02 15:08:00,2021,4,2,15,8,67,67122,D143,48.644076,7.339748,Plein jour,Hors agglomération,Hors intersection,Normale,Autre collision,3,2,2,0,2,2,1,0,1,80,,2,1,0,1,0,17.0,17.0,,,1,1,1,1,6
202100045508,2021-04-01 15:08:00,2021,4,1,15,8,38,38474,Avenue de Romans,45.20069,5.66872,Plein jour,En agglomération,Hors intersection,Normale,Autre collision,7,2,3,3,1,1,1,9,1,50,,4,3,1,0,0,28.0,,,,1,2,1,1,6
202100045509,2021-04-02 18:10:00,2021,4,2,18,10,26,26347,86 Avenue du President Roosevelt,45.064041,4.857754,Plein jour,En agglomération,Hors intersection,Normale,Deux véhicules - frontale,2,2,2,0,1,3,1,0,1,50,,4,2,0,1,1,30.0,61.0,,,1,2,1,1,1
202100045510,2021-04-02 17:40:00,2021,4,2,17,40,69,69022,SOUVERNIR FRANCAIS (DU) (R),45.79722,4.548023,Plein jour,En agglomération,Place,Normale,Sans collision,3,2,2,0,1,1,1,0,1,50,,1,0,0,1,0,15.0,,,,1,2,7,1,7
202100045511,2021-03-30 20:50:00,2021,3,30,20,50,31,31291,Chemin de Tournefeuille,43.598155,1.271866,Nuit sans éclairage public,En agglomération,Hors intersection,Normale,Autre collision,3,2,2,0,2,2,1,0,1,50,,1,0,0,1,0,62.0,,,,3,2,1,1,6
202100045512,2021-04-02 08:05:00,2021,4,2,8,5,17,17220,D 142 E1 chadenac,45.526179,-0.443085,Plein jour,Hors agglomération,Intersection en X,Normale,Deux véhicules - côté,3,2,2,0,1,1,1,0,1,80,,3,1,0,1,1,71.0,31.0,,,1,1,2,1,3
202100045513,2021-04-03 10:15:00,2021,4,3,10,15,56,56007,Place de la Republique,47.666334,-2.983308,Plein jour,En agglomération,Hors intersection,Normale,Autre collision,4,1,1,0,1,1,1,0,1,20,,2,1,0,1,0,58.0,,,,1,2,1,1,6