accident_id,datetime,annee,mois,jour,heure,minute,departement,commune_insee,adresse,latitude,longitude,luminosite,agglomeration,intersection,meteo,collision,catr,circ,nbv,vosp,prof,plan,surf,infra,situ,vma,nb_vehicules,nb_usagers,nb_indemnes,nb_tues,nb_blesses_hosp,nb_blesses_legers,age_cond_1,age_cond_2,veh_type_cond_1,veh_type_cond_2,lum_code,agg_code,int_code,atm_code,col_code
202100045514,2021-04-03 16:30:00,2021,4,3,16,30,22,22213,Le Bouillon,48.502005,-1.998246,Plein jour,Hors agglomération,Hors intersection,Normale,Deux véhicules - frontale,3,2,2,0,4,3,1,0,1,80,,2,1,0,1,0,29.0,45.0,,,1,1,1,1,1
202100045515,2021-04-03 19:45:00,2021,4,3,19,45,80,80628,Rue du Bois,49.751684,2.550781,Plein jour,En agglomération,Intersection en Y,Normale,Autre collision,3,2,2,0,1,1,1,0,4,50,,1,0,0,0,1,54.0,,,,1,2,4,1,6
202100045516,2021-04-02 16:30:00,2021,4,2,16,30,13,13117,A7-Sens Lyon vers Marseille,43.43042,5.25911,Plein jour,Hors agglomération,Hors intersection,Normale,Deux véhicules - côté,1,1,2,0,1,1,1,0,1,110,,2,1,0,1,0,32.0,34.0,,,1,1,1,1,3
202100045517,2021-04-02 17:05:00,2021,4,2,17,5,13,13106,A7-Sens Marseille vers Lyon,43.38956,5.35094,Plein jour,Hors agglomération,Hors intersection,Normale,Deux véhicules - arrière,1,3,3,0,1,1,1,0,1,90,,2,1,0,0,1,27.0,41.0,,,1,1,1,1,2
202100045518,2021-03-31 16:19:00,2021,3,31,16,19,13,13210,A50-Sens Marseille vers Aubagne,43.28431,5.405308,Plein jour,Hors agglomération,Hors intersection,Normale,Deux véhicules - arrière,1,-1,2,0,1,1,1,0,1,90,,3,1,0,0,2,64.0,19.0,,,1,1,1,1,2
202100045519,2021-04-01 18:00:00,2021,4,1,18,0,69,69290,A46,45.70007,4.96687,Plein jour,Hors agglomération,Hors intersection,Normale,Deux véhicules - arrière,1,1,1,0,2,3,1,3,1,70,,6,5,0,1,0,55.0,25.0,,,1,1,1,1,2
202100045520,2021-04-02 09:40:00,2021,4,2,9,40,69,69290,A43   3.865 A 9.894,45.69726,4.97811,Plein jour,Hors agglomération,Hors intersection,Normale,Deux véhicules - côté,1,1,4,0,1,1,1,0,1,90,,3,0,0,0,3,25.0,61.0,,,1,1,1,1,3
202100045521,2021-04-02 08:45:00,2021,4,2,8,45,33,33122,AUTOROUTE A 63,44.74642,-0.70295,Plein jour,Hors agglomération,Hors intersection,Normale,Deux véhicules - côté,1,3,1,0,1,1,1,0,1,50,,2,1,0,0,1,,62.0,,,1,1,1,1,3
202100045522,2021-04-02 16:05:00,2021,4,2,16,5,91,91136,RD188 PROVINCE / A10 PROVINCE,48.716574,2.267613,Plein jour,Hors agglomération,Hors intersection,Normale,Deux véhicules - côté,3,3,2,0,1,1,1,0,1,70,,2,1,0,0,1,57.0,27.0,,,1,1,1,1,3
202100045523,2021-04-01 15:05:00,2021,4,1,15,5,94,94038,AUTOROUTE A6A,48.7876582956,2.3449126072,Plein jour,Hors agglomération,Hors intersection,Normale,Trois véhicules et plus - en chaîne,1,3,6,0,1,1,1,0,1,90,,10,7,0,0,3,35.0,26.0,,,1,1,1,1,4
202100045524,2021-04-02 07:20:00,2021,4,2,7,20,92,92036,A86,48.9353674804,2.2648550687,Plein jour,Hors agglomération,Hors intersection,Normale,Deux véhicules - côté,1,3,4,0,1,1,1,0,1,90,,2,1,0,0,1,34.0,40.0,,,1,1,1,1,3
202100045525,2021-04-01 01:15:00,2021,4,1,1,15,78,78423,A12 W,48.794,2.0411,Nuit sans éclairage public,Hors agglomération,Hors intersection,Normale,Autre collision,1,3,2,0,1,1,1,0,1,90,,2,0,1,0,1,27.0,,,,3,1,1,1,6
202100045526,2021-04-02 17:45:00,2021,4,2,17,45,95,95527,A3,48.9869215053,2.5086188698,Plein jour,Hors agglomération,Hors intersection,Normale,Deux véhicules - côté,1,3,-1,0,1,1,1,0,1,70,,2,1,0,0,1,30.0,76.0,,,1,1,1,1,3
202100045527,2021-04-02 21:10:00,2021,4,2,21,10,94,94052,A86.EXT,48.84329,2.49259,Nuit avec éclairage allumé,Hors agglomération,Hors intersection,Normale,Autre collision,1,1,3,0,1,1,1,1,2,90,,1,0,0,0,1,25.0,,,,5,1,1,1,6
202100045528,2021-01-15 16:10:00,2021,1,15,16,10,95,95019,COUTURIER PAUL VAILLANT (AVENUE),48.983195,2.419929,Plein jour,En agglomération,Hors intersection,Normale,Autre collision,4,2,2,0,1,1,1,0,1,50,,2,1,0,0,1,35.0,,,,1,2,1,1,6
202100045529,2021-01-29 07:35:00,2021,1,29,7,35,76,76351,REPUBLIQUE (COURS DE LA),49.496,0.12689,Crépuscule ou aube,En agglomération,Intersection en X,Pluie légère,Autre collision,4,2,5,1,1,1,2,0,1,50,,2,1,0,1,0,62.0,,,,2,2,2,2,6
202100045530,2021-04-01 12:00:00,2021,4,1,12,0,976,97611,tsoundzou-Cadjifouteni ( rue ),-12.80487,45.21065,Plein jour,En agglomération,Hors intersection,Normale,Sans collision,2,2,0,0,1,1,1,0,1,50,,2,1,0,0,1,65.0,,,,1,2,1,1,7
202100045531,2021-04-01 10:40:00,2021,4,1,10,40,974,97409,PATELIN (chemin),-20.9716480329,55.6746317986,Plein jour,Hors agglomération,Hors intersection,Normale,Deux véhicules - arrière,4,2,2,0,1,1,1,0,1,50,,2,1,0,0,1,21.0,54.0,,,1,1,1,1,2
202100045532,2021-04-01 15:25:00,2021,4,1,15,25,973,97302,BADUEL (ROUTE DE),4.93457,-52.31139,Plein jour,En agglomération,Hors intersection,Normale,Deux véhicules - arrière,3,2,1,0,1,1,1,0,1,50,,2,1,0,1,0,57.0,56.0,,,1,2,1,1,2
202100045533,2021-04-01 11:17:00,2021,4,1,11,17,973,97302,LAFAURIE (CITE),4.9320163056,-52.3239111944,Plein jour,En agglomération,Autre intersection,Normale,Autre collision,4,2,1,0,1,1,1,0,1,50,,2,1,0,0,1,56.0,22.0,,,1,2,9,1,6
202100045534,2021-03-09 15:05:00,2021,3,9,15,5,973,97302,COLLERY (ZONE INDUSTRIELLE),4.9016262164,-52.3265002472,Plein jour,En agglomération,Hors intersection,Normale,Deux véhicules - côté,4,2,1,0,1,1,1,0,1,30,,2,1,0,1,0,48.0,21.0,,,1,2,1,1,3
202100045535,2021-04-01 16:00:00,2021,4,1,16,0,69,69386,EMERAUDES (DES) (R),45.76886,4.8602,Plein jour,En agglomération,Hors intersection,Normale,Deux véhicules - arrière,4,2,2,1,1,1,1,0,1,50,,3,2,0,0,1,22.0,58.0,,,1,2,1,1,2
202100045536,2021-04-01 15:45:00,2021,4,1,15,45,69,69259,FRANCIS DE PRESSENSE                (AV),45.72733,4.86199,Plein jour,En agglomération,Intersection en X,Normale,Deux véhicules - côté,4,3,5,1,1,1,1,5,1,50,,4,3,0,0,1,71.0,19.0,,,1,2,2,1,3
202100045537,2021-04-01 15:05:00,2021,4,1,15,5,69,69276,GEORGES LADOIRE (R),45.6667871225,4.8486262986,Plein jour,En agglomération,Hors intersection,Normale,Deux véhicules - côté,4,1,1,0,1,1,1,0,1,50,,2,1,0,0,1,25.0,35.0,,,1,2,1,1,3
202100045538,2021-04-01 13:50:00,2021,4,1,13,50,69,69383,ST ANTOINE (R),45.7629350549,4.8638052866,Plein jour,En agglomération,Intersection en X,Normale,Deux véhicules - frontale,4,2,3,1,1,1,1,0,1,50,,2,1,0,0,1,49.0,88.0,,,1,2,2,1,1
202100045539,2021-04-01 12:15:00,2021,4,1,12,15,972,97213,ROUTE NATIONALE 1,14.61829,-61.0052,Plein jour,Hors agglomération,Giratoire,Normale,Trois véhicules et plus - en chaîne,2,1,4,0,1,3,1,0,1,90,,4,3,0,0,1,63.0,27.0,,,1,1,6,1,4
202100045540,2021-03-30 21:05:00,2021,3,30,21,5,972,97213,AUTOROUTE A1,14.6168,-61.0164,Nuit avec éclairage allumé,Hors agglomération,Hors intersection,Normale,Deux véhicules - arrière,1,-1,6,0,1,1,1,0,1,90,,2,1,0,0,1,56.0,22.0,,,5,1,1,1,2
202100045541,2021-04-01 13:35:00,2021,4,1,13,35,972,97209,MOI LAMINAIRE (RUE),14.5988,-61.04324,Plein jour,Hors agglomération,Hors intersection,Normale,Autre collision,4,2,2,0,1,1,1,0,1,50,,2,1,0,0,1,49.0,,,,1,1,1,1,6
202100045542,2021-03-30 11:45:00,2021,3,30,11,45,972,97209,PROFESSEUR RAYMOND GARCIN (RUE DU),14.622,-61.07805,Plein jour,Hors agglomération,Intersection en X,Normale,Deux véhicules - côté,3,2,2,0,1,1,1,0,1,30,,3,2,0,0,1,68.0,72.0,,,1,1,2,1,3
202100045543,2021-04-01 16:30:00,2021,4,1,16,30,69,69385,ROGER RADISSON (R),45.7604114386,4.8188541229,Plein jour,En agglomération,Hors intersection,Temps éblouissant,Deux véhicules - côté,4,-1,2,0,3,1,1,0,1,50,,2,1,0,0,1,21.0,,,,1,2,1,7,3
202100045544,2021-04-01 16:10:00,2021,4,1,16,10,69,69034,STRASBOURG (DE) (RTE),45.7997253517,4.8768031597,Plein jour,En agglomération,Intersection en T,Normale,Autre collision,7,2,3,0,2,1,1,0,1,50,,1,0,0,0,1,47.0,,,,1,2,3,1,6
202100045545,2021-04-01 15:40:00,2021,4,1,15,40,971,97101,GRAND CAMP(SECTION),16.25381,-61.53938,Plein jour,Hors agglomération,Hors intersection,Normale,Trois véhicules et plus - en chaîne,2,1,2,0,2,1,1,0,1,90,,4,1,0,2,1,46.0,25.0,,,1,1,1,1,4
202100045546,2021-03-27 17:00:00,2021,3,27,17,0,971,97101,CARAQUE,16.2623467784,-61.4892339706,Plein jour,Hors agglomération,Hors intersection,Normale,Deux véhicules - côté,4,2,2,0,2,2,1,0,1,50,,2,0,0,0,2,28.0,41.0,,,1,1,1,1,3
202100045547,2021-03-26 22:00:00,2021,3,26,22,0,971,97113,SECTION MARE-GAILLARD,16.2151,-61.43858,Nuit avec éclairage allumé,En agglomération,Hors intersection,Normale,Autre collision,2,2,2,3,1,1,1,0,1,50,,2,1,0,1,0,21.0,,,,5,2,1,1,6
202100045548,2021-03-23 16:00:00,2021,3,23,16,0,971,97113,RN4-ROND POINT SAINT FELIX,16.20752,-61.4571,Plein jour,Hors agglomération,Giratoire,Normale,Trois véhicules et plus - collisions multiples,2,2,2,0,1,1,1,9,1,70,,3,1,1,0,1,50.0,47.0,,,1,1,6,1,5
202100045549,2021-04-01 08:40:00,2021,4,1,8,40,91,91339,RTE NATIONALE 20,48.6348,2.26612,Plein jour,En agglomération,Hors intersection,Normale,Deux véhicules - côté,3,1,3,0,2,1,1,0,1,70,,2,1,0,0,1,45.0,,,,1,2,1,1,3
202100045550,2021-03-30 13:00:00,2021,3,30,13,0,91,91421,RAYMOND POMIER (RUE),48.70379,2.44332,Plein jour,En agglomération,Intersection en X,Normale,Deux véhicules - côté,2,2,2,0,2,1,1,0,1,50,,6,3,0,0,3,36.0,17.0,,,1,2,2,1,3
202100045551,2021-04-01 07:47:00,2021,4,1,7,47,90,90010,DANJOUTIN (RUE DE),47.62875,6.86496,Plein jour,En agglomération,Hors intersection,Normale,Deux véhicules - côté,3,2,2,0,1,1,1,5,1,50,,2,1,0,1,0,46.0,37.0,,,1,2,1,1,3
202100045552,2021-03-02 13:55:00,2021,3,2,13,55,89,89236,,48.17748,3.29445,Plein jour,En agglomération,Hors intersection,Normale,Deux véhicules - arrière,4,2,1,0,1,2,1,0,1,50,,2,1,0,1,0,49.0,78.0,,,1,2,1,1,2
202100045553,2021-02-02 16:25:00,2021,2,2,16,25,30,30351,PERI AVENUE GABRIEL,43.95652,4.79309,Plein jour,En agglomération,Hors intersection,Normale,Autre collision,3,2,2,0,1,1,1,0,1,50,,2,1,0,1,0,42.0,,,,1,2,1,1,6
202100045554,2021-03-31 13:25:00,2021,3,31,13,25,83,83137,FOCH (AVE DU MARECHAL),43.12679,5.92287,Plein jour,En agglomération,Intersection en Y,Normale,Deux véhicules - côté,7,1,4,0,1,2,1,0,1,50,,2,1,0,0,1,52.0,21.0,,,1,2,4,1,3
202100045555,2021-03-30 13:30:00,2021,3,30,13,30,80,80021,ALSACE LORRAINE (BOULEVARD D'),49.89302,2.30779,Plein jour,En agglomération,Hors intersection,Normale,Autre collision,4,2,2,0,3,1,1,0,1,50,,2,1,0,0,1,46.0,24.0,,,1,2,1,1,6
202100045556,2021-04-01 09:00:00,2021,4,1,9,0,79,79081,Rue du Stade,46.34567,-0.37585,Plein jour,En agglomération,Hors intersection,Normale,Sans collision,3,2,2,0,1,1,9,0,1,50,,1,0,0,0,1,20.0,,,,1,2,1,1,7
202100045557,2021-03-29 11:30:00,2021,3,29,11,30,78,78646,BOURDONNAIS (RUE DES),48.79485,2.12885,Plein jour,En agglomération,Hors intersection,Normale,Autre collision,4,1,1,0,2,1,1,0,1,30,,3,1,0,1,1,15.0,,,,1,2,1,1,6
202100045558,2021-04-01 09:10:00,2021,4,1,9,10,78,78586,ROOSEVELT (PRESIDENT),48.94458,2.16902,Plein jour,En agglomération,Intersection en X,Normale,Deux véhicules - côté,4,2,2,0,2,1,1,0,1,50,,2,1,0,1,0,17.0,32.0,,,1,2,2,1,3
202100045559,2021-04-01 14:05:00,2021,4,1,14,5,77,77186,ANDRE MAGINOT (BOULEVARD),48.40424,2.69128,Plein jour,En agglomération,Hors intersection,Normale,Deux véhicules - côté,3,2,2,0,1,1,1,0,1,50,,2,1,0,1,0,26.0,35.0,,,1,2,1,1,3
202100045560,2021-04-01 19:00:00,2021,4,1,19,0,76,76322,Avenue Franklin Roosevelt,49.4006,1.0532,Plein jour,En agglomération,Intersection en T,Normale,Deux véhicules - côté,4,2,2,0,1,1,1,0,1,50,,2,1,0,0,1,35.0,51.0,,,1,2,3,1,3
202100045561,2021-03-31 08:02:00,2021,3,31,8,2,74,74010,FRANCS TIREURS,45.90663,6.12539,Plein jour,En agglomération,Hors intersection,Normale,Autre collision,4,1,1,0,1,1,1,0,1,30,,2,1,0,0,1,47.0,,,,1,2,1,1,6
202100045562,2021-04-01 19:30:00,2021,4,1,19,30,72,72181,BUDAPEST (RUE DE),48.01874,0.2064,Plein jour,En agglomération,Hors intersection,Normale,Autre collision,4,2,2,0,2,1,1,0,1,50,,3,0,0,0,3,46.0,,,,1,2,1,1,6
202100045563,2021-04-01 10:15:00,2021,4,1,10,15,72,72181,BOLLEE (AV) N° IMP 1 A 63,48.00396,0.20264,Plein jour,En agglomération,Giratoire,Normale,Deux véhicules - côté,4,1,2,2,1,1,1,0,1,50,,2,1,0,0,1,69.0,37.0,,,1,2,6,1,3
202100045564,2021-03-31 10:30:00,2021,3,31,10,30,72,72181,MAILLETS (RUE DES) N° PAIRS 14 ET >,48.01254,0.20645,Plein jour,En agglomération,Hors intersection,Normale,Deux véhicules - côté,4,2,2,0,1,1,1,0,1,50,,2,1,0,0,1,63.0,60.0,,,1,2,1,1,3
202100045565,2021-03-31 10:48:00,2021,3,31,10,48,69,69115,ECOSSAIS (DE L') (R),45.9759428388,4.7289119697,Plein jour,Hors agglomération,Hors intersection,Normale,Deux véhicules - côté,4,2,2,0,1,1,1,0,3,50,,3,1,0,0,2,36.0,83.0,,,1,1,1,1,3
202100045566,2021-04-01 13:40:00,2021,4,1,13,40,69,69091,ABRICOTIERS (DES) (CHM),45.57393,4.78981,Plein jour,En agglomération,Hors intersection,Normale,Deux véhicules - frontale,4,2,2,0,1,1,1,0,1,50,,2,1,0,0,1,12.0,43.0,,,1,2,1,1,1
202100045567,2021-03-31 06:00:00,2021,3,31,6,0,69,69091,GEORGES LEVY (Q),45.58303,4.77701,Nuit avec éclairage allumé,En agglomération,Intersection en T,Normale,Deux véhicules - côté,7,2,3,1,1,3,1,0,1,50,,2,1,0,1,0,18.0,25.0,,,5,2,3,1,3
202100045568,2021-04-01 14:45:00,2021,4,1,14,45,67,67180,FORSTHEIM (ROUTE DE),48.83312,7.77167,Plein jour,En agglomération,Hors intersection,Normale,Autre collision,4,2,2,0,1,1,1,9,1,30,,2,1,0,0,1,43.0,62.0,,,1,2,1,1,6
202100045569,2021-04-01 07:50:00,2021,4,1,7,50,65,65440,JOLIOT CURIE (RUE),43.224859,0.078669,Plein jour,En agglomération,Hors intersection,Normale,Autre collision,4,2,2,0,1,1,1,0,1,50,,2,1,0,1,0,35.0,,,,1,2,1,1,6
202100045570,2021-03-31 16:45:00,2021,3,31,16,45,64,64102,REPUBLIQUE (PLACE DE LA),43.49569,-1.47003,Plein jour,En agglomération,Hors intersection,Normale,Sans collision,4,2,3,3,1,3,1,0,6,50,,1,0,0,1,0,53.0,,,,1,2,1,1,7
202100045571,2021-03-31 14:30:00,2021,3,31,14,30,64,64102,VAINSOT (RUE),43.49411,-1.4531,Plein jour,En agglomération,Intersection en X,Normale,Trois véhicules et plus - collisions multiples,3,2,-1,0,1,2,1,5,1,50,,6,2,0,0,4,18.0,25.0,,,1,2,2,1,5
202100045572,2021-03-31 13:45:00,2021,3,31,13,45,64,64102,PAUL PRAS (AVENUE),43.48311,-1.47674,Plein jour,En agglomération,Autre intersection,Normale,Autre collision,4,2,2,0,1,1,1,9,1,50,,2,1,0,1,0,25.0,,,,1,2,9,1,6
202100045573,2021-03-31 11:20:00,2021,3,31,11,20,64,64102,BARTHES (CHEMIN DES),43.4954,-1.49415,Plein jour,En agglomération,Autre intersection,Normale,Autre collision,6,-1,-1,0,1,1,1,9,8,20,,2,1,0,0,1,35.0,,,,1,2,9,1,6
202100045574,2021-03-31 21:18:00,2021,3,31,21,18,63,63113,FOREST /Clémentel,45.79987,3.11212,Nuit avec éclairage allumé,En agglomération,Intersection à plus de 4 branches,Normale,Deux véhicules - côté,7,3,8,0,1,1,1,5,1,50,,2,1,0,0,1,,27.0,,,5,2,5,1,3
202100045575,2021-03-31 17:29:00,2021,3,31,17,29,63,63113,CHAMBRETTES /Meuniers,45.7673,3.10465,Plein jour,En agglomération,Intersection en X,Normale,Deux véhicules - côté,4,2,2,0,1,1,1,0,1,50,,2,1,0,0,1,35.0,44.0,,,1,2,2,1,3
202100045576,2021-03-25 21:40:00,2021,3,25,21,40,59,59360,REPUBLIQUE BOULEVARD DE LA,50.60781,3.01607,Nuit avec éclairage allumé,En agglomération,Intersection en X,Normale,Deux véhicules - côté,7,2,2,1,1,1,1,0,1,50,,2,1,0,0,1,31.0,,,,5,2,2,1,3
202100045577,2021-03-27 03:00:00,2021,3,27,3,0,59,59343,DOUAI RUE DE       N° PAIR,50.58288,3.08939,Nuit avec éclairage allumé,En agglomération,Autre intersection,Normale,Autre collision,4,1,1,0,3,3,1,9,1,50,,3,0,0,1,2,34.0,,,,5,2,9,1,6
202100045578,2021-03-31 13:50:00,2021,3,31,13,50,59,59155,MALO CELESTIN,51.02421,2.39721,Plein jour,En agglomération,Hors intersection,Normale,Deux véhicules - côté,3,2,2,0,1,1,1,0,1,50,,3,1,0,1,1,73.0,26.0,,,1,2,1,1,3
202100045579,2021-03-30 17:10:00,2021,3,30,17,10,57,57672,VINGTIEME CORPS (BOULEVARD DU),49.35972,6.15957,Plein jour,En agglomération,Intersection en T,Normale,Deux véhicules - côté,4,2,3,0,1,1,1,0,1,50,,2,1,0,0,1,20.0,14.0,,,1,2,3,1,3
202100045580,2021-03-29 17:35:00,2021,3,29,17,35,57,57306,RUISSEAU (RUE DU),49.33913,6.07868,Plein jour,En agglomération,Intersection en T,Normale,Trois véhicules et plus - collisions multiples,3,2,2,0,1,1,1,0,1,50,,3,2,0,0,1,62.0,38.0,,,1,2,3,1,5
202100045581,2021-04-01 18:20:00,2021,4,1,18,20,54,54395,MOTHE (RUE DE LA),48.68993,6.20032,Plein jour,En agglomération,Intersection en X,Normale,Deux véhicules - côté,4,2,3,0,1,1,1,0,1,50,,2,0,0,1,1,26.0,27.0,,,1,2,2,1,3
202100045582,2021-04-01 14:15:00,2021,4,1,14,15,54,54395,LECLERC (AV. DU GENE,48.6825726232,6.1842810092,Plein jour,En agglomération,Intersection en X,Normale,Deux véhicules - côté,4,2,3,0,1,1,1,0,1,50,,2,1,0,1,0,39.0,21.0,,,1,2,2,1,3
202100045583,2021-03-31 17:50:00,2021,3,31,17,50,54,54184,BRIGACHTAL (AVENUE DE),48.70757,6.24126,Plein jour,En agglomération,Hors intersection,Normale,Trois véhicules et plus - en chaîne,4,2,2,0,1,1,1,0,1,70,,5,4,0,0,1,52.0,57.0,,,1,2,1,1,4
202100045584,2021-03-31 14:25:00,2021,3,31,14,25,54,54265,RD 570,48.64078,6.18227,Plein jour,Hors agglomération,Hors intersection,Normale,Autre collision,7,2,2,1,1,1,1,-1,1,50,,2,1,0,0,1,25.0,23.0,,,1,1,1,1,6
202100045585,2021-03-26 19:45:00,2021,3,26,19,45,53,53054,BEAUFORT (Rue de l'Amiral),48.1,-0.8,Nuit sans éclairage public,Hors agglomération,Hors intersection,Normale,Sans collision,4,2,2,0,1,3,1,2,3,50,,4,2,0,1,0,,,,,3,1,1,1,7
202100045586,2021-03-30 07:20:00,2021,3,30,7,20,49,49328,KLEBER (PLACE),47.26325,-0.08016,Crépuscule ou aube,En agglomération,Hors intersection,Normale,Autre collision,4,2,2,1,1,1,1,0,1,30,,3,2,0,1,0,28.0,,,,2,2,1,1,6
202100045587,2021-03-31 08:20:00,2021,3,31,8,20,49,49007,CARNOT,47.47537,-0.54854,Plein jour,En agglomération,Intersection en T,Normale,Deux véhicules - côté,4,2,2,0,1,1,1,0,1,50,,2,1,0,0,1,28.0,26.0,,,1,2,3,1,3
202100045588,2021-03-31 14:40:00,2021,3,31,14,40,45,45286,Avenue Jacques Douffiagues,47.88935,1.92971,Plein jour,En agglomération,Intersection en X,Normale,Autre collision,4,2,2,0,1,1,1,0,1,50,,3,2,1,0,0,39.0,,,,1,2,2,1,6
202100045589,2021-04-01 10:40:00,2021,4,1,10,40,45,45208,Avenue de Verdun,47.998477,2.747704,Plein jour,En agglomération,Hors intersection,Normale,Deux véhicules - côté,3,2,2,2,1,1,1,0,1,50,,2,1,0,0,1,50.0,69.0,,,1,2,1,1,3
202100045590,2021-04-01 09:15:00,2021,4,1,9,15,44,44143,PERIPHERIQUE SUD,47.16689,-1.52156,Plein jour,Hors agglomération,Hors intersection,Normale,Deux véhicules - arrière,2,3,0,0,1,1,1,0,1,90,,2,1,0,0,1,57.0,59.0,,,1,1,1,1,2
202100045591,2021-03-31 17:10:00,2021,3,31,17,10,43,43157,Route Nationale 88,45.0000292431,3.8741876666,Plein jour,Hors agglomération,Hors intersection,Normale,Sans collision,2,2,2,0,1,2,1,5,1,50,,1,0,0,1,0,58.0,,,,1,1,1,1,7
202100045592,2021-04-01 17:00:00,2021,4,1,17,0,38,38185,Avenue Léon Blum,45.16259,5.71639,Plein jour,En agglomération,Hors intersection,Normale,Autre collision,4,2,2,1,1,1,1,0,5,50,,2,1,0,0,1,44.0,22.0,,,1,2,1,1,6
202100045593,2021-03-31 14:00:00,2021,3,31,14,0,37,37233,ATELIERS (RUE DES),47.3866511116,0.716672682,Plein jour,En agglomération,Intersection en T,Normale,Autre collision,4,2,3,0,1,1,1,0,4,50,,2,1,0,0,1,19.0,53.0,,,1,2,3,1,6
202100045594,2021-03-30 14:20:00,2021,3,30,14,20,37,37233,DUCLOS (AVENUE JACQUES),47.3784929701,0.7190465333,Plein jour,En agglomération,Intersection en X,Normale,Autre collision,4,2,0,0,1,1,1,0,1,50,,2,1,0,1,0,47.0,43.0,,,1,2,2,1,6
202100045595,2021-04-01 07:45:00,2021,4,1,7,45,35,35238,ALMA (DE L'),48.09737,-1.674964,Plein jour,En agglomération,Intersection en X,Normale,Deux véhicules - côté,4,2,2,0,1,1,1,5,1,50,,2,1,0,0,1,15.0,65.0,,,1,2,2,1,3
202100045596,2021-03-30 13:35:00,2021,3,30,13,35,34,34032,LIBERTE (BD DE LA),43.3387,3.22509,Plein jour,En agglomération,Intersection en Y,Normale,Deux véhicules - côté,4,2,2,0,2,1,1,0,1,50,,2,1,0,1,0,29.0,23.0,,,1,2,4,1,3
202100045597,2021-04-01 07:50:00,2021,4,1,7,50,32,32013,JEAN DE LA FONTAINE,43.64015,0.59494,Crépuscule ou aube,En agglomération,Hors intersection,Normale,Deux véhicules - côté,4,2,2,0,1,1,1,0,1,50,,2,1,0,0,1,69.0,65.0,,,2,2,1,1,3
202100045598,2021-04-01 21:20:00,2021,4,1,21,20,31,31555,LYON (AV DE) DU 1AU 37,43.61411,1.45095,Nuit avec éclairage allumé,En agglomération,Autre intersection,Normale,Autre collision,7,2,3,3,1,1,1,0,1,50,,2,1,0,0,1,38.0,,,,5,2,9,1,6
202100045599,2021-04-01 00:40:00,2021,4,1,0,40,31,31555,EISENHOWER (AVENUE DU GENERAL),43.554477,1.410606,Nuit avec éclairage allumé,En agglomération,Hors intersection,Normale,Sans collision,7,3,5,0,1,1,1,0,1,70,,2,0,0,1,1,37.0,,,,5,2,1,1,7
202100045600,2021-03-31 13:15:00,2021,3,31,13,15,31,31555,REVEL (RTE DE) DU 1AU 73,43.57684,1.48692,Plein jour,En agglomération,Hors intersection,Normale,Deux véhicules - côté,7,-1,1,0,1,1,1,0,1,50,,2,1,1,0,0,80.0,53.0,,,1,2,1,1,3
202100045601,2021-04-01 02:25:00,2021,4,1,2,25,29,29019,Rue de Quimper,48.40113,-4.454,Nuit avec éclairage allumé,En agglomération,Hors intersection,Normale,Sans collision,4,2,2,0,3,1,2,0,1,50,,2,0,0,0,2,21.0,,,,5,2,1,1,7
202100045602,2021-04-01 21:10:00,2021,4,1,21,10,27,27375,PARC (CH. DU) RTE DE SEINE A FALAISES,49.22132,1.17303,Nuit avec éclairage allumé,En agglomération,Hors intersection,Normale,Autre collision,4,-1,2,1,1,1,1,0,1,50,,1,0,0,0,1,41.0,,,,5,2,1,1,6
202100045603,2021-03-31 11:27:00,2021,3,31,11,27,23,23096,AUVERGNE (AVENUE),46.1659,1.888,Plein jour,En agglomération,Autre intersection,Normale,Autre collision,4,2,2,0,1,1,1,9,8,10,,2,1,0,0,1,58.0,,,,1,2,9,1,6
202100045604,2021-03-31 18:51:00,2021,3,31,18,51,19,19272,Lucien Sampeix (Av),45.2536917724,1.763949393,Plein jour,En agglomération,Hors intersection,Normale,Deux véhicules - arrière,3,2,2,0,1,1,1,0,1,50,,2,1,0,0,1,19.0,21.0,,,1,2,1,1,2
202100045605,2021-03-19 17:30:00,2021,3,19,17,30,13,13056,SAUSSET,43.368841,5.084414,Plein jour,Hors agglomération,Hors intersection,Pluie légère,Deux véhicules - frontale,7,2,2,0,1,3,2,0,1,90,,2,1,0,1,0,51.0,53.0,,,1,1,1,2,1
202100045606,2021-04-01 18:25:00,2021,4,1,18,25,13,13215,BERNABO (Bd),43.337233,5.355687,Plein jour,En agglomération,Hors intersection,Normale,Autre collision,4,2,2,0,2,1,1,9,1,50,,2,1,0,1,0,20.0,,,,1,2,1,1,6
202100045607,2021-04-01 17:20:00,2021,4,1,17,20,13,13204,SAINT JUST (AVENUE DE),43.315437,5.403697,Plein jour,En agglomération,Hors intersection,Normale,Deux véhicules - frontale,4,2,2,0,1,1,1,0,1,50,,2,1,0,1,0,37.0,59.0,,,1,2,1,1,1
202100045608,2021-04-01 07:50:00,2021,4,1,7,50,13,13206,BONNEFOY (RUE),43.2862836355,5.3748284492,Crépuscule ou aube,En agglomération,Hors intersection,Normale,Deux véhicules - côté,4,2,2,0,1,1,1,0,1,50,,2,1,0,1,0,21.0,16.0,,,2,2,1,1,3
202100045609,2021-04-01 09:00:00,2021,4,1,9,0,13,13209,HORTICULTUR (RUE DE L'),43.256836,5.410208,Plein jour,En agglomération,Hors intersection,Normale,Autre collision,4,2,2,0,1,3,1,0,1,50,,2,1,0,1,0,87.0,,,,1,2,1,1,6
202100045610,2021-04-01 08:30:00,2021,4,1,8,30,13,13205,BAILLE (BOULEVARD),43.2877323858,5.3905723363,Plein jour,En agglomération,Hors intersection,Normale,Deux véhicules - côté,4,2,5,3,2,1,1,0,1,50,,2,1,0,0,1,28.0,18.0,,,1,2,1,1,3