accident_id,datetime,annee,mois,jour,heure,minute,departement,commune_insee,adresse,latitude,longitude,luminosite,agglomeration,intersection,meteo,collision,catr,circ,nbv,vosp,prof,plan,surf,infra,situ,vma,nb_vehicules,nb_usagers,nb_indemnes,nb_tues,nb_blesses_hosp,nb_blesses_legers,age_cond_1,age_cond_2,veh_type_cond_1,veh_type_cond_2,lum_code,agg_code,int_code,atm_code,col_code
202100045611,2021-04-01 17:45:00,2021,4,1,17,45,13,13063,BELVAL CHEMIN DE,43.5833,5.0,Plein jour,Hors agglomération,Hors intersection,Normale,Deux véhicules - frontale,4,2,2,0,1,1,1,0,1,80,,2,1,0,0,1,40.0,29.0,,,1,1,1,1,1
202100045612,2021-04-01 13:20:00,2021,4,1,13,20,13,13005,NATIONALE 8,43.2870092221,5.5843212531,Plein jour,En agglomération,Hors intersection,Normale,Autre collision,7,-1,2,0,1,1,1,0,4,50,,2,1,0,0,1,31.0,,,,1,2,1,1,6
202100045613,2021-03-26 10:00:00,2021,3,26,10,0,12,12176,ESPALION (ROUTE D'),44.36596,2.58665,Plein jour,En agglomération,Hors intersection,Normale,Autre collision,6,-1,-1,0,1,1,1,8,8,50,,2,1,0,1,0,69.0,,,,1,2,1,1,6
202100045614,2021-03-31 14:45:00,2021,3,31,14,45,11,11262,ESPAGNE (AVENUE D'),43.1695691266,2.9886607102,Plein jour,En agglomération,Giratoire,Normale,Deux véhicules - côté,4,3,2,0,1,1,1,0,1,50,,2,1,1,0,0,77.0,52.0,,,1,2,6,1,3
202100045615,2021-04-01 15:50:00,2021,4,1,15,50,06,06088,SAINT-AUGUSTIN (AV. DE),43.67093,7.21767,Plein jour,En agglomération,Hors intersection,Normale,Autre collision,4,1,1,0,1,1,1,0,1,50,,2,1,0,0,1,53.0,,,,1,2,1,1,6
202100045616,2021-04-01 18:15:00,2021,4,1,18,15,06,06027,CHENES AVENUE DES,43.662063,7.168397,Plein jour,En agglomération,Intersection en T,Normale,Deux véhicules - côté,4,2,0,0,3,1,1,0,1,50,,2,1,0,0,1,54.0,60.0,,,1,2,3,1,3
202100045617,2021-04-01 18:30:00,2021,4,1,18,30,06,06123,GLYCINES AVENUE DES,43.659387,7.181884,Plein jour,En agglomération,Autre intersection,Normale,Deux véhicules - côté,4,-1,1,0,1,1,1,9,1,50,,2,1,0,0,1,19.0,60.0,,,1,2,9,1,3
202100045618,2021-04-01 14:43:00,2021,4,1,14,43,06,06123,DE GAULLE GENERAL AVENUE,43.669269,7.191553,Plein jour,En agglomération,Hors intersection,Normale,Deux véhicules - arrière,7,-1,2,0,1,1,1,0,1,50,,2,0,0,0,2,16.0,24.0,,,1,2,1,1,2
202100045619,2021-04-01 15:39:00,2021,4,1,15,39,03,03185,96 Avenue Jules Guesde,46.33955,2.581527,Plein jour,En agglomération,Intersection en T,Normale,Deux véhicules - côté,3,2,2,0,2,1,1,0,1,50,,2,1,0,1,0,19.0,54.0,,,1,2,3,1,3
202100045620,2021-04-01 11:27:00,2021,4,1,11,27,75,75109,BOULEVARD DE CLICHY,48.884136,2.32899,Plein jour,En agglomération,Hors intersection,Normale,Autre collision,4,2,6,3,1,1,1,0,1,30,,2,1,0,1,0,66.0,,,,1,2,1,1,6
202100045621,2021-03-31 20:48:00,2021,3,31,20,48,75,75120,BOULEVARD DE MENILMONTANT,48.8641491083,2.3861275663,Nuit avec éclairage allumé,En agglomération,Intersection en X,Normale,Deux véhicules - côté,4,1,3,1,1,1,1,0,1,50,,3,1,0,0,2,32.0,16.0,,,5,2,2,1,3
202100045622,2021-03-31 12:30:00,2021,3,31,12,30,75,75119,RUE HENRI RIBIERE,48.877702,2.395617,Plein jour,En agglomération,Intersection à plus de 4 branches,Normale,Autre collision,4,1,1,0,1,1,1,0,1,50,,1,0,0,1,0,75.0,,,,1,2,5,1,6
202100045623,2021-04-01 11:30:00,2021,4,1,11,30,75,75117,BOULEVARD DE DOUAUMONT,48.896659,2.309585,Plein jour,En agglomération,Intersection en X,Normale,Autre collision,4,1,1,0,1,1,1,0,1,50,,2,0,0,0,2,36.0,,,,1,2,2,1,6
202100045624,2021-04-01 13:50:00,2021,4,1,13,50,75,75116,RUE OCTAVE FEUILLET,48.861695,2.27185,Plein jour,En agglomération,Hors intersection,Normale,Deux véhicules - côté,4,1,0,0,1,1,1,0,1,50,,2,1,0,0,1,45.0,30.0,,,1,2,1,1,3
202100045625,2021-04-01 11:45:00,2021,4,1,11,45,75,75116,BOULEVARD LANNES,48.864325,2.269637,Plein jour,En agglomération,Hors intersection,Normale,Deux véhicules - côté,4,2,2,0,1,1,1,0,1,50,,2,1,0,0,1,60.0,48.0,,,1,2,1,1,3
202100045626,2021-03-31 19:30:00,2021,3,31,19,30,75,75116,AVENUE D IENA,48.8671825955,2.2953647375,Plein jour,En agglomération,Intersection en X,Normale,Deux véhicules - arrière,4,3,1,0,2,1,1,0,1,50,,2,1,0,0,1,45.0,56.0,,,1,2,2,1,2
202100045627,2021-03-31 18:15:00,2021,3,31,18,15,75,75116,AVENUE DU MAHATMA GANDHI,48.8758272872,2.2621589899,Plein jour,En agglomération,Intersection en X,Normale,Deux véhicules - côté,4,2,2,0,1,1,1,0,1,50,,2,1,0,0,1,74.0,39.0,,,1,2,2,1,3
202100045628,2021-03-31 17:05:00,2021,3,31,17,5,75,75115,RUE DE VAUGIRARD,48.837234,2.296445,Plein jour,En agglomération,Intersection en X,Normale,Sans collision,4,1,2,0,1,1,1,0,1,50,,2,1,0,0,1,43.0,,,,1,2,2,1,7
202100045629,2021-04-01 22:40:00,2021,4,1,22,40,75,75113,BOULEVARD DE L HOPITAL,48.833172,2.356768,Nuit avec éclairage allumé,En agglomération,Intersection en X,Normale,Autre collision,4,1,2,3,3,1,1,0,1,50,,1,0,0,0,1,30.0,,,,5,2,2,1,6
202100045630,2021-04-01 18:45:00,2021,4,1,18,45,75,75113,BOULEVARD AUGUSTE BLANQUI,48.830801,2.345365,Plein jour,En agglomération,Hors intersection,Normale,Autre collision,4,1,2,1,1,1,1,-1,5,50,,2,0,0,0,2,56.0,,,,1,2,1,1,6
202100045631,2021-03-31 19:40:00,2021,3,31,19,40,75,75113,BOULEVARD SAINT MARCEL,48.837117,2.353079,Plein jour,En agglomération,Intersection en T,Normale,Deux véhicules - côté,4,2,4,3,1,1,1,-1,6,50,,2,1,0,0,1,57.0,26.0,,,1,2,3,1,3
202100045632,2021-04-01 09:40:00,2021,4,1,9,40,75,75112,AVENUE DAUMESNIL,48.835355,2.406608,Plein jour,En agglomération,Intersection en X,Normale,Deux véhicules - côté,4,1,2,0,1,1,1,0,1,50,,2,0,0,0,2,24.0,35.0,,,1,2,2,1,3
202100045633,2021-04-01 14:25:00,2021,4,1,14,25,75,75111,PLACE DE LA NATION,48.84896,2.396056,Plein jour,En agglomération,Place,Normale,Deux véhicules - côté,4,1,0,0,1,2,1,0,1,50,,2,1,0,0,1,35.0,51.0,,,1,2,7,1,3
202100045634,2021-04-01 12:10:00,2021,4,1,12,10,75,75111,RUE OBERKAMPF,48.865928,2.378554,Plein jour,En agglomération,Intersection en T,Normale,Autre collision,4,1,1,0,2,1,1,0,1,50,,2,1,0,1,0,33.0,,,,1,2,3,1,6
202100045635,2021-04-01 13:20:00,2021,4,1,13,20,75,75110,BOULEVARD DE MAGENTA,48.875784,2.356515,Plein jour,En agglomération,Intersection en T,Normale,Deux véhicules - côté,4,3,4,1,2,3,1,-1,5,50,,2,1,0,0,1,30.0,26.0,,,1,2,3,1,3
202100045636,2021-04-01 09:00:00,2021,4,1,9,0,75,75110,QUAI DE VALMY,48.882497,2.369231,Plein jour,En agglomération,Intersection en Y,Normale,Autre collision,4,1,5,1,1,1,1,0,1,30,,1,0,0,0,1,38.0,,,,1,2,4,1,6
202100045637,2021-04-01 18:35:00,2021,4,1,18,35,75,75109,BOULEVARD HAUSSMANN,48.873421,2.329698,Plein jour,En agglomération,Intersection en T,Normale,Deux véhicules - côté,4,1,3,1,1,1,1,-1,6,50,,2,1,0,0,1,33.0,59.0,,,1,2,3,1,3
202100045638,2021-04-01 14:05:00,2021,4,1,14,5,75,75108,RUE MARBEUF,48.870112,2.306578,Plein jour,En agglomération,Intersection en X,Normale,Deux véhicules - arrière,4,1,2,0,1,1,1,0,1,50,,2,1,0,0,1,42.0,20.0,,,1,2,2,1,2
202100045639,2021-04-01 13:30:00,2021,4,1,13,30,75,75108,RUE DU GENERAL FOY,48.877885,2.318142,Plein jour,En agglomération,Intersection en X,Normale,Deux véhicules - côté,4,2,2,0,2,1,1,0,1,50,,2,1,0,0,1,27.0,49.0,,,1,2,2,1,3
202100045640,2021-03-31 14:35:00,2021,3,31,14,35,75,75101,RUE DE RIVOLI,48.864413,2.330124,Plein jour,En agglomération,Intersection en T,Normale,Deux véhicules - arrière,4,2,3,1,1,1,1,-1,5,30,,2,1,0,0,1,14.0,20.0,,,1,2,3,1,2
202100045641,2021-04-01 17:45:00,2021,4,1,17,45,94,94081,Rue Léon Geffroy,48.78196,2.40779,Plein jour,En agglomération,Giratoire,Normale,Deux véhicules - côté,4,3,2,0,1,2,1,0,1,50,,2,1,0,0,1,38.0,42.0,,,1,2,6,1,3
202100045642,2021-04-01 10:10:00,2021,4,1,10,10,94,94044,DELAPORTE (AV),48.75236,2.47259,Plein jour,En agglomération,Autre intersection,Normale,Deux véhicules - côté,3,2,2,0,1,1,1,0,1,50,,2,1,0,0,1,33.0,26.0,,,1,2,9,1,3
202100045643,2021-03-31 18:30:00,2021,3,31,18,30,94,94068,Boulevard Maurice Berteaux,48.81069,2.46989,Plein jour,En agglomération,Hors intersection,Normale,Deux véhicules - arrière,3,3,4,0,1,1,1,0,1,30,,2,1,0,0,1,29.0,20.0,,,1,2,1,1,2
202100045644,2021-04-01 12:30:00,2021,4,1,12,30,94,94076,MAXIME GORKI (BD),48.78717,2.36783,Plein jour,En agglomération,Hors intersection,Normale,Autre collision,3,2,2,1,1,1,1,0,1,20,,2,1,0,0,1,,,,,1,2,1,1,6
202100045645,2021-04-01 11:30:00,2021,4,1,11,30,94,94076,PAUL VAILLANT COUTURIER (AV),48.79462,2.36025,Plein jour,En agglomération,Autre intersection,Normale,Deux véhicules - côté,3,-1,4,0,1,1,1,0,1,50,,2,0,0,0,2,30.0,30.0,,,1,2,9,1,3
202100045646,2021-04-01 19:44:00,2021,4,1,19,44,94,94028,Avenue de la République,48.7913,2.4648,Plein jour,En agglomération,Hors intersection,Normale,Deux véhicules - côté,4,2,2,0,1,1,1,0,1,30,,2,1,0,0,1,42.0,55.0,,,1,2,1,1,3
202100045647,2021-04-01 08:20:00,2021,4,1,8,20,94,94019,Rue du Monument,48.80508,2.55783,Plein jour,En agglomération,Intersection en X,Normale,Deux véhicules - côté,4,1,1,0,1,1,1,8,1,30,,2,1,0,0,1,22.0,28.0,,,1,2,2,1,3
202100045648,2021-04-01 06:30:00,2021,4,1,6,30,94,94071,Rue de Boissy,48.76438,2.52542,Nuit sans éclairage public,En agglomération,Intersection en Y,Normale,Deux véhicules - côté,4,2,4,0,1,1,1,0,1,50,,2,1,0,0,1,59.0,22.0,,,3,2,4,1,3
202100045649,2021-04-01 14:30:00,2021,4,1,14,30,93,93073,LAFONTAINE (AVENUE),48.95718,2.5776,Plein jour,En agglomération,Hors intersection,Normale,Autre collision,4,2,1,0,1,1,1,0,1,50,,1,0,0,0,1,69.0,,,,1,2,1,1,6
202100045650,2021-04-01 17:19:00,2021,4,1,17,19,93,93072,MAXIME GORKI (BOULEVARD) DES N°1 AU 87,48.9496,2.3861,Plein jour,En agglomération,Hors intersection,Normale,Deux véhicules - arrière,3,1,4,0,1,1,1,0,1,50,,2,1,0,0,1,38.0,52.0,,,1,2,1,1,2
202100045651,2021-04-01 05:05:00,2021,4,1,5,5,93,93066,FRANCE ANATOLE (BOULEVARD) NR AUTRES,48.92668,2.35198,Crépuscule ou aube,En agglomération,Hors intersection,Normale,Autre collision,3,2,4,0,1,1,1,0,4,50,,1,0,1,0,0,36.0,,,,2,2,1,1,6
202100045652,2021-03-30 11:20:00,2021,3,30,11,20,93,93066,LANGUEDOC,48.9258739146,2.3726027339,Plein jour,En agglomération,Autre intersection,Normale,Autre collision,4,2,1,0,1,1,1,0,4,30,,1,0,0,1,0,17.0,,,,1,2,9,1,6
202100045653,2021-04-01 22:30:00,2021,4,1,22,30,93,93064,LISBONNE (RUE DE),48.8824,2.4689,Nuit avec éclairage allumé,En agglomération,Giratoire,Normale,Autre collision,4,2,2,0,1,1,1,0,8,50,,2,0,0,0,2,20.0,,,,5,2,6,1,6
202100045654,2021-04-01 19:10:00,2021,4,1,19,10,93,93048,WALWEIN (AVENUE),48.8620489113,2.4452705764,Plein jour,En agglomération,Autre intersection,Normale,Deux véhicules - côté,4,2,2,0,1,1,1,0,1,30,,3,1,0,0,2,,18.0,,,1,2,9,1,3
202100045655,2021-03-31 10:30:00,2021,3,31,10,30,93,93045,PARIS RUE DE,48.87938,2.41499,Plein jour,En agglomération,Hors intersection,Normale,Autre collision,3,2,2,0,1,1,1,0,1,50,,3,1,0,0,2,29.0,,,,1,2,1,1,6
202100045656,2021-04-01 00:00:00,2021,4,1,0,0,93,93029,STALINGRAD (RUE DE) A10,48.91563,2.42634,Nuit avec éclairage allumé,En agglomération,Intersection en T,Normale,Deux véhicules - frontale,3,2,4,0,2,1,1,2,1,50,,6,1,0,0,5,27.0,,,,5,2,3,1,1
202100045657,2021-04-01 22:10:00,2021,4,1,22,10,93,93005,ANATOLE FRANCE (AVENUE),48.9371148983,2.4945574186,Nuit avec éclairage allumé,En agglomération,Hors intersection,Normale,Deux véhicules - côté,4,2,2,0,1,1,1,0,1,50,,2,1,0,0,1,45.0,41.0,,,5,2,1,1,3
202100045658,2021-03-31 20:25:00,2021,3,31,20,25,93,93005,EDGAR DEGAS (RUE),48.9560849897,2.4961674516,Crépuscule ou aube,En agglomération,Hors intersection,Normale,Deux véhicules - côté,4,3,2,0,1,1,1,0,1,50,,2,1,0,1,0,20.0,24.0,,,2,2,1,1,3
202100045659,2021-04-01 12:40:00,2021,4,1,12,40,93,93005,GENERAL GALLIENI (BOULEVARD DU),48.931368452,2.4956012338,Plein jour,En agglomération,Hors intersection,Normale,Autre collision,4,2,2,0,1,1,1,0,4,50,,2,1,0,0,1,,,,,1,2,1,1,6
202100045660,2021-04-01 13:36:00,2021,4,1,13,36,93,93001,JEAN JAURES (AVE)  => 53,48.9041995865,2.392528343,Plein jour,En agglomération,Hors intersection,Normale,Deux véhicules - arrière,3,1,2,0,1,1,1,0,1,50,,2,1,0,0,1,39.0,28.0,,,1,2,1,1,2
202100045661,2021-04-01 07:35:00,2021,4,1,7,35,92,92026,CIRCULAIRE BLD,48.8895357341,2.2503036261,Plein jour,En agglomération,Intersection en T,Normale,Deux véhicules - côté,3,3,2,1,1,1,1,0,5,50,,2,1,0,0,1,31.0,52.0,,,1,2,3,1,3
202100045662,2021-04-01 18:13:00,2021,4,1,18,13,92,92040,GUYNEMER,48.83104,2.27888,Crépuscule ou aube,En agglomération,Intersection en T,Normale,Deux véhicules - arrière,3,1,2,0,1,1,1,0,1,30,,5,0,0,2,3,21.0,32.0,,,2,2,3,1,2
202100045663,2021-03-08 08:10:00,2021,3,8,8,10,92,92040,LEON BLUM (PLACE),48.8211270761,2.2605872154,Plein jour,En agglomération,Place,Normale,Sans collision,3,-1,0,0,1,1,1,9,1,50,,1,0,0,0,1,55.0,,,,1,2,7,1,7
202100045664,2021-03-03 22:40:00,2021,3,3,22,40,92,92040,PDT ROOSEVELT (QUAI DU),48.8333232554,2.2641170025,Nuit avec éclairage allumé,En agglomération,Hors intersection,Normale,Sans collision,3,1,2,1,1,1,1,0,5,50,,1,0,0,0,1,46.0,,,,5,2,1,1,7
202100045665,2021-04-01 15:30:00,2021,4,1,15,30,92,92036,JEAN PERRIN (RUE),48.9348616662,2.2912019491,Plein jour,En agglomération,Hors intersection,Normale,Deux véhicules - frontale,4,1,1,0,1,1,1,0,1,50,,2,1,0,0,1,14.0,30.0,,,1,2,1,1,1
202100045666,2021-04-01 19:15:00,2021,4,1,19,15,92,92025,BOURNARD (RUE DU),48.9231556907,2.2537852093,Plein jour,En agglomération,Intersection en T,Normale,Deux véhicules - côté,3,2,4,1,1,1,1,0,5,50,,2,1,0,0,1,20.0,53.0,,,1,2,3,1,3
202100045667,2021-04-01 17:20:00,2021,4,1,17,20,92,92036,BAS ( RUE DES ),48.9158219754,2.295852167,Plein jour,En agglomération,Intersection en Y,Normale,Trois véhicules et plus - collisions multiples,3,1,1,0,1,1,1,0,1,50,,4,3,0,0,1,25.0,46.0,,,1,2,4,1,5
202100045668,2021-04-02 07:00:00,2021,4,2,7,0,974,97415,47 rue St Louis,-21.006698,55.276283,Plein jour,En agglomération,Hors intersection,Normale,Deux véhicules - côté,4,2,2,0,1,1,1,0,1,30,,3,2,1,0,0,56.0,20.0,,,1,2,1,1,3
202100045669,2021-04-01 12:00:00,2021,4,1,12,0,67,67061,Rue de Babenhausen,48.829212,7.484356,Plein jour,En agglomération,Hors intersection,Normale,Autre collision,4,2,2,3,1,1,1,9,1,30,,4,1,0,0,3,19.0,,,,1,2,1,1,6
202100045670,2021-04-01 17:37:00,2021,4,1,17,37,06,06149,3151 Route de Laghet,43.747669,7.346823,Plein jour,Hors agglomération,Hors intersection,Temps éblouissant,Sans collision,7,2,2,0,2,2,1,0,3,80,,1,0,0,1,0,59.0,,,,1,1,1,7,7
202100045671,2021-04-01 16:00:00,2021,4,1,16,0,34,34111,D4 PK54+80,43.961407,3.706083,Plein jour,Hors agglomération,Hors intersection,Normale,Sans collision,3,-1,1,0,1,1,1,0,6,-1,,1,0,0,1,0,53.0,,,,1,1,1,1,7
202100045672,2021-04-02 09:59:00,2021,4,2,9,59,22,22067,17Le Derff rd 787,48.534311,-3.188996,Plein jour,Hors agglomération,Hors intersection,Normale,Trois véhicules et plus - en chaîne,3,2,2,0,1,1,1,0,1,80,,3,2,1,0,0,66.0,56.0,,,1,1,1,1,4
202100045673,2021-03-31 13:20:00,2021,3,31,13,20,62,62473,cd 188,50.600809,2.447151,Plein jour,Hors agglomération,Hors intersection,Normale,Autre collision,3,2,2,0,1,1,1,0,1,70,,1,0,0,1,0,36.0,,,,1,1,1,1,6
202100045674,2021-03-31 17:30:00,2021,3,31,17,30,62,62584,Chemin du Halage,50.585933,2.596373,Plein jour,En agglomération,Hors intersection,Normale,Deux véhicules - côté,4,2,2,0,2,1,1,0,1,50,,2,1,0,1,0,67.0,73.0,,,1,2,1,1,3
202100045675,2021-03-30 11:30:00,2021,3,30,11,30,56,56078,Lieu-dit le Poux,47.776663,-3.467184,Plein jour,Hors agglomération,Hors intersection,Temps éblouissant,Autre collision,4,2,2,0,3,2,1,0,3,80,,2,0,0,2,0,90.0,,,,1,1,1,7,6
202100045676,2021-04-02 13:30:00,2021,4,2,13,30,74,74167,D1508,45.7645192789,6.3489483014,Plein jour,Hors agglomération,Intersection en X,Normale,Deux véhicules - arrière,3,2,2,0,1,1,1,0,1,80,,2,0,0,1,1,41.0,56.0,,,1,1,2,1,2
202100045677,2021-04-01 20:30:00,2021,4,1,20,30,79,79236,Puy Thareau,46.77387,-0.701462,Nuit sans éclairage public,Hors agglomération,Hors intersection,Normale,Sans collision,4,2,2,0,1,1,1,0,1,80,,1,0,0,1,0,20.0,,,,3,1,1,1,7
202100045678,2021-03-31 14:35:00,2021,3,31,14,35,80,80142,Rue de Molliens,49.883312,2.069013,Plein jour,En agglomération,Intersection en Y,Normale,Deux véhicules - côté,3,2,2,0,1,3,1,0,1,50,,3,2,0,0,1,47.0,57.0,,,1,2,4,1,3
202100045679,2021-03-28 17:15:00,2021,3,28,17,15,33,33150,,44.678312,0.128177,Plein jour,Hors agglomération,Hors intersection,Temps éblouissant,Sans collision,3,2,2,0,2,3,1,0,3,80,,1,0,0,1,0,47.0,,,,1,1,1,7,7
202100045680,2021-01-24 18:30:00,2021,1,24,18,30,61,61064,Les Champs Gassiers,48.670782,0.344819,Crépuscule ou aube,Hors agglomération,Hors intersection,Normale,Sans collision,3,2,2,0,1,1,2,0,1,80,,2,1,0,1,0,19.0,,,,2,1,1,1,7
202100045681,2021-04-02 16:10:00,2021,4,2,16,10,12,12268,D 242,44.564415,2.462676,Plein jour,Hors agglomération,Hors intersection,Normale,Autre collision,3,2,2,0,1,1,1,0,1,80,,1,0,0,0,1,29.0,,,,1,1,1,1,6
202100045682,2021-03-31 17:48:00,2021,3,31,17,48,31,31341,D17,43.725018,1.247549,Plein jour,Hors agglomération,Hors intersection,Normale,Deux véhicules - frontale,3,2,2,0,1,1,1,5,1,80,,2,0,0,0,2,48.0,34.0,,,1,1,1,1,1
202100045683,2021-03-26 14:15:00,2021,3,26,14,15,26,26040,D93,44.549622,5.537281,Plein jour,Hors agglomération,Hors intersection,Normale,Autre collision,3,2,2,0,1,2,1,0,3,80,,1,0,0,1,0,23.0,,,,1,1,1,1,6
202100045684,2021-04-02 13:45:00,2021,4,2,13,45,72,72284,D338,48.29229,0.09921,Plein jour,Hors agglomération,Hors intersection,Normale,Autre collision,3,2,2,0,1,2,1,0,1,90,,4,3,1,0,0,45.0,44.0,,,1,1,1,1,6
202100045685,2021-03-30 21:00:00,2021,3,30,21,0,06,06079,Boulevard des Roses,43.54727,6.92946,Nuit avec éclairage allumé,En agglomération,Hors intersection,Normale,Sans collision,4,2,2,0,1,3,1,0,1,50,,1,0,0,1,0,25.0,,,,5,2,1,1,7
202100045686,2021-03-27 14:05:00,2021,3,27,14,5,14,14143,Le Haut Villais (vacquerie (La Vacquerie),49.092853,-0.831978,Plein jour,Hors agglomération,Hors intersection,Normale,Trois véhicules et plus - collisions multiples,3,2,2,0,2,2,1,0,1,80,,4,1,2,1,0,23.0,23.0,,,1,1,1,1,5
202100045687,2021-04-01 16:15:00,2021,4,1,16,15,64,64198,chemin de labastide,43.36715,-0.521475,Plein jour,Hors agglomération,Hors intersection,Normale,Autre collision,4,-1,2,0,1,1,1,0,1,80,,2,1,0,0,1,61.0,,,,1,1,1,1,6
202100045688,2021-04-02 16:20:00,2021,4,2,16,20,18,18006,D953,46.953906,2.543265,Plein jour,Hors agglomération,Hors intersection,Normale,Deux véhicules - frontale,3,2,2,0,1,1,1,0,1,80,,5,1,0,3,1,23.0,42.0,,,1,1,1,1,1
202100045689,2021-04-02 07:40:00,2021,4,2,7,40,16,16276,Lieu-Dit Le Maine Neuf,45.455568,-0.148146,Crépuscule ou aube,Hors agglomération,Hors intersection,Normale,Autre collision,4,2,2,0,1,1,1,0,3,90,,1,0,0,0,1,32.0,,,,2,1,1,1,6
202100045690,2021-04-01 14:30:00,2021,4,1,14,30,04,04013,RD 4085,44.134371,5.971053,Plein jour,Hors agglomération,Hors intersection,Normale,Autre collision,3,2,2,0,1,3,1,2,8,80,,1,0,0,1,0,20.0,,,,1,1,1,1,6
202100045691,2021-04-02 09:45:00,2021,4,2,9,45,10,10162,Autoroute A5 PK 137+150,48.217467,4.229908,Plein jour,Hors agglomération,Hors intersection,Normale,Sans collision,1,3,4,0,1,1,1,0,8,130,,2,0,0,0,2,47.0,,,,1,1,1,1,7
202100045692,2021-04-02 14:35:00,2021,4,2,14,35,31,31202,A62 pk 201.300,43.844451,1.324196,Plein jour,Hors agglomération,Hors intersection,Normale,Autre collision,1,3,5,0,1,1,1,0,2,130,,2,1,1,0,0,77.0,,,,1,1,1,1,6
202100045693,2021-04-01 15:30:00,2021,4,1,15,30,68,68118,1 Rue des Noyers,47.739274,7.416527,Plein jour,En agglomération,Intersection en T,Normale,Deux véhicules - côté,3,2,2,0,1,1,1,0,8,50,,2,1,0,0,1,56.0,13.0,,,1,2,3,1,3
202100045694,2021-04-01 17:15:00,2021,4,1,17,15,45,45257,Lieu dit Les motteux,47.865695,2.738514,Plein jour,Hors agglomération,Giratoire,Normale,Autre collision,3,2,2,0,1,2,1,0,3,90,,1,0,1,0,0,72.0,,,,1,1,6,1,6
202100045695,2021-03-23 14:30:00,2021,3,23,14,30,91,91579,D31,48.540563,2.351933,Plein jour,Hors agglomération,Giratoire,Temps éblouissant,Deux véhicules - arrière,3,1,2,0,1,2,1,0,1,30,,2,1,0,1,0,71.0,79.0,,,1,1,6,7,2
202100045696,2021-04-01 18:19:00,2021,4,1,18,19,66,66145,RD 23,42.643242,2.82421,Plein jour,Hors agglomération,Hors intersection,Normale,Deux véhicules - côté,3,2,2,0,1,1,1,0,1,80,,2,1,1,0,0,40.0,62.0,,,1,1,1,1,3
202100045697,2021-04-01 08:15:00,2021,4,1,8,15,34,34154,283 Grand Rue Francois Mitterrand,43.616421,4.010793,Plein jour,En agglomération,Intersection en X,Normale,Deux véhicules - côté,4,1,1,0,1,1,1,0,1,30,,2,1,0,0,1,64.0,45.0,,,1,2,2,1,3
202100045698,2021-04-01 12:45:00,2021,4,1,12,45,74,74250,route départementale 12,46.047376,6.375608,Plein jour,Hors agglomération,Hors intersection,Normale,Deux véhicules - frontale,3,2,2,0,1,4,1,0,1,80,,2,1,0,0,1,26.0,25.0,,,1,1,1,1,1
202100045699,2021-03-24 14:15:00,2021,3,24,14,15,73,73065,Rue de Saint-Ombre,45.594522,5.905323,Plein jour,En agglomération,Giratoire,Normale,Deux véhicules - arrière,4,1,1,0,1,2,1,5,1,50,,2,1,0,0,1,48.0,80.0,,,1,2,6,1,2
202100045700,2021-03-29 14:51:00,2021,3,29,14,51,73,73303,D1508 Route d'Annecy,45.7496864802,6.4103112984,Plein jour,En agglomération,Hors intersection,Normale,Deux véhicules - arrière,3,2,2,0,1,1,1,0,1,50,,3,1,0,0,2,35.0,26.0,,,1,2,1,1,2
202100045701,2021-04-01 00:30:00,2021,4,1,0,30,38,38003,Route des Falques,45.32606,4.86575,Nuit avec éclairage allumé,Hors agglomération,Hors intersection,Normale,Autre collision,3,2,2,0,1,1,1,0,8,70,,1,0,0,1,0,25.0,,,,5,1,1,1,6
202100045702,2021-04-02 16:20:00,2021,4,2,16,20,38,38087,Chemin des Roues,45.576415,4.805419,Plein jour,En agglomération,Intersection en T,Normale,Autre collision,3,2,2,0,1,1,1,2,1,50,,2,1,0,1,0,89.0,,,,1,2,3,1,6
202100045703,2021-04-02 02:25:00,2021,4,2,2,25,26,26064,870 Chemin des Sables,44.889332,5.025533,Nuit sans éclairage public,Hors agglomération,Hors intersection,Normale,Sans collision,4,-1,1,0,2,1,9,0,8,-1,,1,0,0,1,0,47.0,,,,3,1,1,1,7
202100045704,2021-03-31 10:15:00,2021,3,31,10,15,69,69283,8 MAI 1945 (DU) (R),45.6629416393,4.9561080337,Plein jour,En agglomération,Intersection en X,Normale,Autre collision,4,1,1,0,1,1,1,0,1,50,,3,1,0,0,2,81.0,,,,1,2,2,1,6
202100045705,2021-04-02 15:40:00,2021,4,2,15,40,33,33256,,44.972085,-0.624912,Plein jour,En agglomération,Intersection en T,Normale,Deux véhicules - côté,3,2,2,0,1,1,1,0,1,50,,2,0,0,1,1,25.0,40.0,,,1,2,3,1,3
202100045706,2021-03-23 18:15:00,2021,3,23,18,15,33,33227,,44.538114,-0.242289,Plein jour,En agglomération,Giratoire,Normale,Deux véhicules - côté,2,2,2,-1,1,1,1,0,1,50,,2,1,0,1,0,67.0,51.0,,,1,2,6,1,3
202100045707,2021-03-26 20:56:00,2021,3,26,20,56,33,33422,,44.812712,-0.744089,Nuit sans éclairage public,En agglomération,Giratoire,Normale,Autre collision,3,2,2,0,1,1,1,0,3,70,,1,0,0,1,0,39.0,,,,3,2,6,1,6
202100045708,2021-04-02 17:25:00,2021,4,2,17,25,50,50230,La Motterie,49.586288,-1.640997,Plein jour,Hors agglomération,Hors intersection,Normale,Deux véhicules - frontale,3,2,2,0,1,3,1,0,1,80,,2,0,0,1,1,35.0,58.0,,,1,1,1,1,1