accident_id,datetime,annee,mois,jour,heure,minute,departement,commune_insee,adresse,latitude,longitude,luminosite,agglomeration,intersection,meteo,collision,catr,circ,nbv,vosp,prof,plan,surf,infra,situ,vma,nb_vehicules,nb_usagers,nb_indemnes,nb_tues,nb_blesses_hosp,nb_blesses_legers,age_cond_1,age_cond_2,veh_type_cond_1,veh_type_cond_2,lum_code,agg_code,int_code,atm_code,col_code
202100045709,2021-03-29 07:40:00,2021,3,29,7,40,27,27188,route départementale 321,49.297122,1.069681,Plein jour,Hors agglomération,Hors intersection,Temps éblouissant,Deux véhicules - arrière,3,2,2,0,1,1,1,0,1,70,,2,1,0,1,0,28.0,55.0,,,1,1,1,7,2
202100045710,2021-04-01 16:40:00,2021,4,1,16,40,59,59250,2150 Rue Faidherbe,50.583953,2.901611,Plein jour,En agglomération,Hors intersection,Normale,Sans collision,7,2,2,0,1,1,1,0,1,50,,1,0,0,0,1,65.0,,,,1,2,1,1,7
202100045711,2021-03-31 14:45:00,2021,3,31,14,45,59,59011,Rue Jean Batiste Lebas,50.529344,2.931204,Plein jour,En agglomération,Hors intersection,Normale,Autre collision,7,2,2,0,1,1,1,0,3,50,,2,1,0,0,1,,,,,1,2,1,1,6
202100045712,2021-04-01 08:50:00,2021,4,1,8,50,13,13055,A507 sens Marseille - Aubagne,43.2920141532,5.4243070303,Plein jour,Hors agglomération,Hors intersection,Normale,Deux véhicules - arrière,1,1,4,0,1,1,1,1,1,70,,2,1,0,0,1,39.0,39.0,,,1,1,1,1,2
202100045713,2021-04-01 06:25:00,2021,4,1,6,25,13,13056,A55-Sens Martigues vers Marseille,43.39655,5.04521,Nuit sans éclairage public,Hors agglomération,Hors intersection,Normale,Autre collision,1,1,2,0,2,3,1,0,1,70,,1,0,0,1,0,29.0,,,,3,1,1,1,6
202100045714,2021-03-31 23:00:00,2021,3,31,23,0,69,69266,RD383 ,45.75591,4.90877,Nuit avec éclairage allumé,Hors agglomération,Hors intersection,Normale,Deux véhicules - arrière,7,3,3,0,1,1,1,0,1,70,,2,1,0,0,1,33.0,24.0,,,5,1,1,1,2
202100045715,2021-03-31 19:40:00,2021,3,31,19,40,59,59569,AUTOROUTE A21,50.380736,3.140471,Crépuscule ou aube,Hors agglomération,Hors intersection,Normale,Autre collision,1,-1,4,0,1,1,1,0,1,110,,1,0,0,1,0,37.0,,,,2,1,1,1,6
202100045716,2021-03-31 18:45:00,2021,3,31,18,45,91,91064,RN 118,48.7556,2.22357,Plein jour,Hors agglomération,Hors intersection,Normale,Trois véhicules et plus - en chaîne,2,1,2,0,1,1,1,0,1,90,,4,3,0,0,1,37.0,44.0,,,1,1,1,1,4
202100045717,2021-03-31 23:45:00,2021,3,31,23,45,95,95607,A115,49.01364,2.21904,Nuit sans éclairage public,Hors agglomération,Hors intersection,Normale,Sans collision,1,3,6,0,2,1,1,0,1,70,,1,0,0,0,1,30.0,,,,3,1,1,1,7
202100045718,2021-04-01 09:10:00,2021,4,1,9,10,77,77294,A104,48.9753545688,2.5843539086,Plein jour,Hors agglomération,Hors intersection,Normale,Sans collision,1,3,6,0,1,1,9,0,1,70,,1,0,0,0,1,48.0,,,,1,1,1,1,7
202100045719,2021-03-31 17:00:00,2021,3,31,17,0,77,77083,A4.W,48.8305211233,2.6099670705,Plein jour,Hors agglomération,Hors intersection,Normale,Deux véhicules - côté,1,-1,4,0,1,1,1,0,1,110,,2,1,0,0,1,60.0,39.0,,,1,1,1,1,3
202100045720,2021-03-23 17:55:00,2021,3,23,17,55,65,65440,VERDUN (PLACE DE),43.23313,0.0742,Plein jour,En agglomération,Hors intersection,Normale,Autre collision,4,1,2,0,1,1,1,0,1,50,,2,1,0,0,1,35.0,,,,1,2,1,1,6
202100045721,2021-03-23 13:55:00,2021,3,23,13,55,82,82121,ABBAYE (RUE DE L'),44.00535,1.35601,Plein jour,En agglomération,Hors intersection,Normale,Autre collision,3,2,2,0,1,1,1,0,1,50,,3,1,0,0,2,73.0,,,,1,2,1,1,6
202100045722,2021-03-24 13:10:00,2021,3,24,13,10,33,33281,Avenue Jean Perrin,44.83803,-0.67057,Plein jour,En agglomération,Hors intersection,Normale,Autre collision,4,2,2,0,1,1,1,0,1,50,,2,1,0,0,1,22.0,,,,1,2,1,1,6
202100045723,2021-03-24 12:15:00,2021,3,24,12,15,32,32013,RETHOURIE (CHEMIN DE LA),43.64409,0.59922,Plein jour,En agglomération,Hors intersection,Normale,,4,2,2,0,2,3,1,0,1,30,,2,1,0,1,0,53.0,,,,1,2,1,1,-1
202100045724,2021-01-13 14:00:00,2021,1,13,14,0,25,25056,VESOUL RUE DE (sup 52),47.2517,6.0174,Plein jour,En agglomération,Intersection en T,Pluie légère,Autre collision,4,2,2,0,2,1,2,0,1,50,,3,1,0,0,2,30.0,56.0,,,1,2,3,2,6
202100045725,2021-03-31 16:50:00,2021,3,31,16,50,974,97411,JAURES (BOULEVARD JEAN),-20.89759,55.47531,Plein jour,En agglomération,Giratoire,Pluie légère,Sans collision,4,1,2,0,1,2,2,0,1,50,,1,0,0,0,1,57.0,,,,1,2,6,2,7
202100045726,2021-03-31 09:00:00,2021,3,31,9,0,974,97411,Rue du Général de Gaulle,-20.88558,55.45231,Plein jour,En agglomération,Hors intersection,Normale,Deux véhicules - arrière,4,1,1,2,1,1,1,0,1,30,,3,2,0,0,1,47.0,52.0,,,1,2,1,1,2
202100045727,2021-03-31 12:00:00,2021,3,31,12,0,973,97302,PALMISTES(PLACE DES),4.9394739532,-52.3343564943,Plein jour,En agglomération,Intersection en X,Normale,Autre collision,4,1,1,0,1,1,1,0,1,50,,2,1,0,0,1,60.0,,,,1,2,2,1,6
202100045728,2021-04-01 02:00:00,2021,4,1,2,0,69,69387,CLAUDE BERNARD (Q),45.74796,4.83373,Nuit avec éclairage allumé,En agglomération,Intersection en X,Normale,Autre collision,4,1,4,0,1,1,1,0,1,50,,1,0,0,0,1,26.0,,,,5,2,2,1,6
202100045729,2021-03-31 09:55:00,2021,3,31,9,55,972,97213,MORNE PITAULT (ROUTE DE),14.6174576623,-60.95954597,Plein jour,Hors agglomération,Autre intersection,Normale,Deux véhicules - frontale,2,2,2,0,1,4,1,0,1,50,,2,1,0,1,0,56.0,64.0,,,1,1,9,1,1
202100045730,2021-01-21 14:10:00,2021,1,21,14,10,972,97213,Z I LES MANGLES,14.6175424449,-61.0220575333,Plein jour,Hors agglomération,Autre intersection,Normale,Deux véhicules - côté,4,3,2,0,4,3,1,0,6,50,,8,2,0,0,6,57.0,63.0,,,1,1,9,1,3
202100045731,2021-03-31 18:20:00,2021,3,31,18,20,69,69385,BARTHELEMY BUYER (AV),45.76355,4.79658,Plein jour,En agglomération,Hors intersection,Normale,Sans collision,4,2,3,0,1,1,1,0,1,50,,1,0,0,0,1,47.0,,,,1,2,1,1,7
202100045732,2021-03-26 19:35:00,2021,3,26,19,35,69,69385,GARENNE (DE LA) (R),45.7499812114,4.7811833024,Nuit avec éclairage allumé,En agglomération,Intersection en T,Pluie légère,Sans collision,4,2,1,0,1,1,2,0,1,50,,1,0,0,0,1,21.0,,,,5,2,3,2,7
202100045733,2021-03-01 17:55:00,2021,3,1,17,55,2A,2A004,ACHILLE PERETTI RUE,41.93781,8.74367,Plein jour,En agglomération,Hors intersection,Normale,Autre collision,4,-1,1,0,2,1,1,0,1,50,,2,1,0,1,0,16.0,,,,1,2,1,1,6
202100045734,2021-03-31 07:40:00,2021,3,31,7,40,91,91589,RUE DE CHAMPAGNE,48.68797,2.35781,Plein jour,En agglomération,Giratoire,Normale,Deux véhicules - côté,3,2,2,0,1,1,1,0,1,50,,2,1,0,0,1,41.0,25.0,,,1,2,6,1,3
202100045735,2021-03-30 17:40:00,2021,3,30,17,40,86,86041,Rue du Sentier,46.603032,0.376885,Plein jour,En agglomération,Giratoire,Normale,Deux véhicules - côté,4,2,2,0,1,2,1,5,1,50,,2,1,0,1,0,69.0,23.0,,,1,2,6,1,3
202100045736,2021-03-31 09:05:00,2021,3,31,9,5,83,83069,MOULIN (AVENUE JEAN),43.111525,6.129949,Plein jour,En agglomération,Hors intersection,Normale,Autre collision,4,2,2,0,1,1,1,0,4,50,,2,1,0,0,1,,,,,1,2,1,1,6
202100045737,2021-03-29 11:55:00,2021,3,29,11,55,80,80021,GENERAL FOY (AVENUE DU ),49.8898090199,2.2818701871,Plein jour,En agglomération,Hors intersection,Normale,Autre collision,4,2,2,0,1,1,1,0,1,50,,2,1,0,0,1,19.0,,,,1,2,1,1,6
202100045738,2021-03-31 08:45:00,2021,3,31,8,45,78,78486,D61 / Petite Rue Verte,48.69304,1.84827,Plein jour,En agglomération,Intersection en X,Normale,Deux véhicules - côté,3,2,2,0,1,1,1,5,1,50,,2,0,0,1,1,46.0,40.0,,,1,2,2,1,3
202100045739,2021-03-30 14:37:00,2021,3,30,14,37,77,77373,AV DU DUC DE DANTZIG,48.80724,2.61364,Plein jour,En agglomération,Intersection en T,Normale,Deux véhicules - côté,4,2,2,0,1,1,1,0,1,30,,2,1,0,1,0,24.0,23.0,,,1,2,3,1,3
202100045740,2021-03-31 15:20:00,2021,3,31,15,20,71,71445,DOLE (ROUTE),46.7750037523,4.893579036,Plein jour,En agglomération,Intersection en X,Normale,Deux véhicules - côté,4,2,2,0,1,1,1,0,1,50,,2,1,0,0,1,34.0,63.0,,,1,2,2,1,3
202100045741,2021-03-31 18:50:00,2021,3,31,18,50,69,69264,LEONARD CIMETIERE (R),45.98066,4.73112,Plein jour,En agglomération,Intersection en X,Normale,Deux véhicules - côté,4,2,2,0,1,1,1,0,1,50,,3,2,0,0,1,40.0,33.0,,,1,2,2,1,3
202100045742,2021-03-28 18:20:00,2021,3,28,18,20,68,68066,SPECK (CHEMIN DE LA),48.0645,7.35771,Plein jour,En agglomération,Autre intersection,Normale,Autre collision,4,2,2,0,1,1,1,0,1,30,,2,1,0,1,0,24.0,40.0,,,1,2,9,1,6
202100045743,2021-03-30 17:15:00,2021,3,30,17,15,67,67482,COLMAR (AVENUE DE),48.562808,7.752574,Plein jour,En agglomération,Passage à niveau,Normale,Deux véhicules - côté,4,3,4,3,1,3,1,4,1,50,,2,1,0,0,1,48.0,50.0,,,1,2,8,1,3
202100045744,2021-03-31 15:20:00,2021,3,31,15,20,66,66136,R D 900,42.70998,2.86982,Plein jour,Hors agglomération,Hors intersection,Normale,Trois véhicules et plus - en chaîne,3,3,4,0,1,1,1,0,1,110,,4,1,1,2,0,75.0,88.0,,,1,1,1,1,4
202100045745,2021-03-30 11:35:00,2021,3,30,11,35,66,66136,DALBIEZ (AVENUE VICTOR),42.6895372229,2.8845168817,Plein jour,En agglomération,Intersection en X,Normale,Deux véhicules - frontale,4,2,4,0,1,1,1,5,1,50,,2,1,0,0,1,26.0,25.0,,,1,2,2,1,1
202100045746,2021-03-30 13:53:00,2021,3,30,13,53,66,66136,KENNEDY (BD JOHN-FITZGERALD),42.68982,2.90257,Plein jour,En agglomération,Hors intersection,Normale,Autre collision,4,3,4,0,1,1,1,0,1,50,,2,1,0,0,1,22.0,,,,1,2,1,1,6
202100045747,2021-03-30 11:45:00,2021,3,30,11,45,64,64445,ORLEANS D',43.29904,-0.37273,Plein jour,En agglomération,Intersection en X,Normale,Deux véhicules - côté,4,2,2,0,1,1,1,9,1,30,,2,1,0,0,1,28.0,19.0,,,1,2,2,1,3
202100045748,2021-03-31 07:45:00,2021,3,31,7,45,64,64102,SOULT (AVENUE MARECHAL),43.48646,-1.48835,Plein jour,En agglomération,Hors intersection,Normale,Deux véhicules - côté,3,2,1,0,2,1,1,0,1,50,,2,1,0,0,1,29.0,15.0,,,1,2,1,1,3
202100045749,2021-03-30 14:20:00,2021,3,30,14,20,64,64102,BASQUE (AVENUE DU GRAND),43.4918,-1.45376,Plein jour,En agglomération,Hors intersection,Normale,Deux véhicules - côté,3,2,4,0,1,3,1,0,1,50,,2,1,0,1,0,63.0,34.0,,,1,2,1,1,3
202100045750,2021-03-29 14:55:00,2021,3,29,14,55,64,64024,MAIGNON (ROUTE DE),43.47937,-1.50645,Plein jour,En agglomération,Hors intersection,Normale,Deux véhicules - arrière,4,3,2,0,1,1,1,0,1,30,,2,1,0,0,1,36.0,38.0,,,1,2,1,1,2
202100045751,2021-03-31 06:50:00,2021,3,31,6,50,63,63113,MALLET / Mallet,45.76388,3.09157,Crépuscule ou aube,En agglomération,Intersection en X,Normale,Deux véhicules - côté,4,2,2,0,1,1,1,0,1,50,,2,1,0,0,1,41.0,44.0,,,2,2,2,1,3
202100045752,2021-02-19 15:15:00,2021,2,19,15,15,62,62250,SALENGRO (R ROGER),50.458359541,2.9480963236,Plein jour,En agglomération,Hors intersection,Normale,Deux véhicules - arrière,3,2,2,0,1,1,1,0,1,50,,2,1,0,1,0,49.0,32.0,,,1,2,1,1,2
202100045753,2021-03-25 17:35:00,2021,3,25,17,35,62,62628,DIX MARS (D DU),50.431723,2.88439,Plein jour,Hors agglomération,Hors intersection,Normale,Deux véhicules - frontale,4,2,2,0,1,1,1,2,1,50,,5,0,0,2,3,39.0,29.0,,,1,1,1,1,1
202100045754,2021-03-31 03:30:00,2021,3,31,3,30,59,59650,VOLTAIRE (RUE),50.71099,3.19655,Nuit avec éclairage allumé,En agglomération,Intersection en X,Normale,Deux véhicules - côté,4,2,2,0,1,1,1,0,1,50,,3,0,0,0,3,18.0,20.0,,,5,2,2,1,3
202100045755,2021-03-28 21:45:00,2021,3,28,21,45,54,54528,RD960,48.65418,5.87293,Nuit sans éclairage public,Hors agglomération,Hors intersection,Normale,Sans collision,3,2,2,0,1,1,1,0,1,80,,2,0,0,1,1,24.0,,,,3,1,1,1,7
202100045756,2021-03-31 17:40:00,2021,3,31,17,40,51,51454,Route de Cormontreuil,49.2302798631,4.0506988764,Plein jour,En agglomération,Hors intersection,Temps éblouissant,Autre collision,3,2,2,0,1,3,1,0,1,50,,1,0,0,0,1,62.0,,,,1,2,1,7,6
202100045757,2021-03-30 12:55:00,2021,3,30,12,55,50,50203,ROUGES TERRES (LES),49.61271,-1.60115,Plein jour,En agglomération,Intersection en X,Normale,Trois véhicules et plus - en chaîne,2,3,4,0,2,1,1,0,1,50,,3,2,0,0,1,65.0,57.0,,,1,2,2,1,4
202100045758,2021-03-31 15:30:00,2021,3,31,15,30,49,49007,PAUL BERT,47.46635,-0.55307,Plein jour,En agglomération,Hors intersection,Normale,Deux véhicules - côté,4,2,4,2,1,1,1,0,5,50,,2,1,0,0,1,54.0,58.0,,,1,2,1,1,3
202100045759,2021-03-31 13:35:00,2021,3,31,13,35,49,49267,CHANTERIE,47.47731,-0.50663,Plein jour,En agglomération,Hors intersection,Normale,Sans collision,4,2,2,0,1,1,1,0,1,50,,1,0,0,0,1,48.0,,,,1,2,1,1,7
202100045760,2021-03-30 12:20:00,2021,3,30,12,20,45,45208,Boulevard Paul Baudin,47.999735,2.733539,Plein jour,En agglomération,Intersection en T,Normale,Deux véhicules - côté,4,2,2,0,1,1,1,0,1,50,,6,5,0,0,1,37.0,20.0,,,1,2,3,1,3
202100045761,2021-03-30 15:35:00,2021,3,30,15,35,45,45338,Rue de Bel-Air,47.98111,2.71644,Plein jour,En agglomération,Intersection en X,Normale,Sans collision,4,2,8,0,1,1,1,0,1,50,,1,0,0,1,0,18.0,,,,1,2,2,1,7
202100045762,2021-03-26 17:13:00,2021,3,26,17,13,42,42044,Rue Jean Monnet,45.39664,4.33386,Plein jour,En agglomération,Hors intersection,Pluie légère,Deux véhicules - frontale,4,2,2,0,2,2,2,0,1,50,,5,4,0,0,1,19.0,50.0,,,1,2,1,2,1
202100045763,2021-03-30 18:04:00,2021,3,30,18,4,37,37214,VOISIN (BOULEVARD ANDRE-GEORGES),47.4275414408,0.6585402489,Plein jour,Hors agglomération,Hors intersection,Normale,Autre collision,7,3,4,0,1,1,1,0,1,50,,2,1,0,0,1,56.0,23.0,,,1,1,1,1,6
202100045764,2021-03-31 13:05:00,2021,3,31,13,5,35,35051,ALLIES (BOULEVARD DES),48.10237,-1.61023,Plein jour,Hors agglomération,Giratoire,Normale,Deux véhicules - arrière,4,3,4,0,1,1,1,0,1,50,,3,1,0,0,2,53.0,29.0,,,1,1,6,1,2
202100045765,2021-03-27 17:40:00,2021,3,27,17,40,34,34172,RENOUVIER (BOULEVARD),43.60377,3.86781,Plein jour,Hors agglomération,Hors intersection,Normale,Autre collision,4,2,2,0,1,1,1,0,1,50,,2,1,0,1,0,46.0,,,,1,1,1,1,6
202100045766,2021-03-29 11:10:00,2021,3,29,11,10,34,34032,KENNEDY PRESIDENT (BD DU),43.35514,3.23975,Plein jour,En agglomération,Hors intersection,Normale,Autre collision,4,2,2,0,1,1,1,0,6,50,,2,1,0,0,1,,,,,1,2,1,1,6
202100045767,2021-03-31 16:35:00,2021,3,31,16,35,33,33281,Avenue René Cassin,44.83213,-0.67027,Plein jour,Hors agglomération,Hors intersection,Normale,Deux véhicules - côté,4,2,3,0,2,3,1,0,1,30,,2,1,0,0,1,41.0,42.0,,,1,1,1,1,3
202100045768,2021-03-31 17:40:00,2021,3,31,17,40,33,33529,Avenue Gustave Eiffel,44.61064,-1.13179,Plein jour,En agglomération,Hors intersection,Normale,Deux véhicules - arrière,4,2,2,1,1,1,1,-1,1,50,,2,1,0,0,1,16.0,35.0,,,1,2,1,1,2
202100045769,2021-03-30 13:45:00,2021,3,30,13,45,31,31555,RUE ALBERT LAUTMANN,43.60632,1.43874,Plein jour,En agglomération,Intersection en X,Normale,Deux véhicules - côté,4,1,1,0,1,1,1,0,1,30,,2,1,0,0,1,26.0,37.0,,,1,2,2,1,3
202100045770,2021-03-31 15:30:00,2021,3,31,15,30,25,25462,LIBERATION DE LA (DU 22 A LA FIN),46.908939,6.339267,Plein jour,En agglomération,Giratoire,Temps éblouissant,Autre collision,4,2,2,0,1,1,1,5,1,50,,2,1,0,1,0,20.0,,,,1,2,6,7,6
202100045771,2021-03-31 15:45:00,2021,3,31,15,45,18,18033,LOUIS XI (AVENUE),47.07961,2.38931,Plein jour,En agglomération,Intersection en T,Normale,Deux véhicules - côté,4,2,2,0,1,1,1,0,1,50,,2,1,0,1,0,25.0,37.0,,,1,2,3,1,3
202100045772,2021-03-30 18:15:00,2021,3,30,18,15,14,14118,Boulevard Yves Guillou,49.17236,-0.3812,Plein jour,En agglomération,Intersection en T,Normale,Deux véhicules - côté,4,2,4,0,1,1,1,0,1,50,,2,1,0,0,1,17.0,51.0,,,1,2,3,1,3
202100045773,2021-03-30 13:50:00,2021,3,30,13,50,14,14327,Boulevard de la Grande Delle,49.207,-0.34041,Plein jour,En agglomération,Intersection en X,Normale,Deux véhicules - côté,4,2,2,0,1,1,1,0,1,50,,2,1,0,0,1,47.0,21.0,,,1,2,2,1,3
202100045774,2021-03-29 12:15:00,2021,3,29,12,15,13,13108,VALLABREGUES ( RD 81 ROUTE DE),43.8246041635,4.6485269103,Plein jour,Hors agglomération,Hors intersection,Normale,Sans collision,3,2,2,0,1,3,1,0,1,80,,1,0,0,1,0,19.0,,,,1,1,1,1,7
202100045775,2021-03-31 20:10:00,2021,3,31,20,10,13,13203,BD FERDINAND DE LESSEPS,43.32099,5.37531,Nuit avec éclairage allumé,En agglomération,Hors intersection,Normale,Deux véhicules - frontale,4,1,2,0,1,3,1,0,1,50,,2,1,0,0,1,28.0,40.0,,,5,2,1,1,1
202100045776,2021-03-31 18:00:00,2021,3,31,18,0,13,13211,BUTRIS (TRAVERSE DES),43.299,5.453,Plein jour,En agglomération,Hors intersection,Normale,Deux véhicules - arrière,4,2,2,0,1,1,1,0,1,50,,2,1,0,0,1,49.0,29.0,,,1,2,1,1,2
202100045777,2021-03-31 18:00:00,2021,3,31,18,0,13,13214,LESSEPS (RUE DE),43.3204,5.3723,Plein jour,En agglomération,Hors intersection,Normale,Deux véhicules - arrière,4,1,2,0,1,1,1,0,1,50,,2,1,0,1,0,,27.0,,,1,2,1,1,2
202100045778,2021-03-31 16:00:00,2021,3,31,16,0,13,13213,COROT (AVENUE),43.3238444613,5.4050695097,Plein jour,En agglomération,Hors intersection,Normale,Deux véhicules - arrière,4,2,2,0,1,1,1,0,1,50,,2,1,0,1,0,39.0,21.0,,,1,2,1,1,2
202100045779,2021-03-31 14:45:00,2021,3,31,14,45,13,13215,SAINT LOUIS (AVENUE DE),43.34721,5.35911,Plein jour,En agglomération,Hors intersection,Normale,Autre collision,4,2,2,0,2,1,1,0,1,50,,2,1,0,1,0,39.0,,,,1,2,1,1,6
202100045780,2021-03-30 18:30:00,2021,3,30,18,30,13,13205,LOUBIERE (RUE DE LA),43.28982,5.39048,Plein jour,En agglomération,Intersection en T,Normale,Deux véhicules - côté,4,1,1,0,1,1,1,0,1,50,,2,1,0,1,0,23.0,53.0,,,1,2,3,1,3
202100045781,2021-03-30 16:15:00,2021,3,30,16,15,13,13211,SAINT LOUP (BOULEVARD DE),43.283945,5.435352,Plein jour,En agglomération,Autre intersection,Normale,Sans collision,4,2,4,0,1,1,1,0,1,50,,2,1,0,0,1,40.0,22.0,,,1,2,9,1,7
202100045782,2021-03-28 17:50:00,2021,3,28,17,50,12,12202,MOUTIERS (GIRATOIRE DES),44.36387,2.57478,Plein jour,En agglomération,Giratoire,Normale,Sans collision,2,2,2,0,1,1,1,5,1,50,,2,1,0,0,1,87.0,20.0,,,1,2,6,1,7
202100045783,2021-03-29 09:30:00,2021,3,29,9,30,06,06069,CANNES (ROUTE DE)  -RD 6085-,43.627517,6.95571,Plein jour,En agglomération,Hors intersection,Normale,Sans collision,5,-1,0,0,2,1,1,9,8,10,,1,0,1,0,0,77.0,,,,1,2,1,1,7
202100045784,2021-03-31 18:20:00,2021,3,31,18,20,75,75112,ECHANGEUR BERCY,48.828138,2.3921,Plein jour,En agglomération,Intersection en Y,Normale,Deux véhicules - côté,4,1,2,0,1,2,1,0,1,50,,2,1,0,0,1,38.0,24.0,,,1,2,4,1,3
202100045785,2021-03-31 13:40:00,2021,3,31,13,40,75,75118,PORTE DE CLIGNANCOURT,48.901013,2.349407,Plein jour,En agglomération,Hors intersection,Normale,Deux véhicules - côté,4,1,4,0,1,1,1,0,1,70,,2,1,0,0,1,24.0,30.0,,,1,2,1,1,3
202100045786,2021-03-31 00:40:00,2021,3,31,0,40,75,75120,RUE HAXO,48.875998,2.40255,Nuit avec éclairage allumé,En agglomération,Intersection en X,Normale,Deux véhicules - côté,4,2,2,0,1,1,1,0,1,50,,4,2,0,0,2,29.0,61.0,,,5,2,2,1,3
202100045787,2021-03-31 18:10:00,2021,3,31,18,10,75,75119,AVENUE DE FLANDRE,48.885079,2.370078,Plein jour,En agglomération,Hors intersection,Normale,Deux véhicules - côté,4,1,3,3,1,1,1,-1,6,50,,2,1,0,0,1,24.0,50.0,,,1,2,1,1,3
202100045788,2021-03-31 12:30:00,2021,3,31,12,30,75,75119,AVENUE DE FLANDRE,48.890578,2.37686,Plein jour,En agglomération,Intersection en X,Normale,Deux véhicules - côté,4,3,4,3,1,1,1,0,1,50,,2,1,0,0,1,61.0,67.0,,,1,2,2,1,3
202100045789,2021-03-30 21:15:00,2021,3,30,21,15,75,75118,AVENUE DE LA PORTE DE CLIGNANCOURT,48.89934,2.344169,Nuit avec éclairage allumé,En agglomération,Intersection en X,Normale,Deux véhicules - côté,4,2,6,0,1,1,1,0,1,50,,4,2,0,1,1,48.0,31.0,,,5,2,2,1,3
202100045790,2021-03-31 17:50:00,2021,3,31,17,50,75,75116,PLACE DE COLOMBIE,48.862968,2.269169,Plein jour,En agglomération,Place,Normale,Sans collision,4,1,1,1,1,1,1,-1,5,50,,1,0,0,0,1,53.0,,,,1,2,7,1,7
202100045791,2021-03-31 10:05:00,2021,3,31,10,5,75,75117,RUE LEGENDRE,48.88913,2.322751,Plein jour,En agglomération,Intersection en X,Normale,Autre collision,4,1,1,0,1,1,1,0,1,50,,2,1,0,0,1,24.0,,,,1,2,2,1,6
202100045792,2021-03-29 14:45:00,2021,3,29,14,45,75,75116,ROUTE DES LACS A PASSY,48.858413,2.258892,Plein jour,En agglomération,Intersection en T,Normale,Autre collision,4,2,2,1,1,1,1,-1,5,50,,2,1,0,0,1,82.0,,,,1,2,3,1,6
202100045793,2021-03-29 12:45:00,2021,3,29,12,45,75,75116,AVENUE VICTOR HUGO,48.871559,2.289835,Plein jour,En agglomération,Hors intersection,Normale,Deux véhicules - côté,4,2,2,0,1,1,1,0,1,50,,2,1,0,0,1,37.0,22.0,,,1,2,1,1,3
202100045794,2021-03-31 12:55:00,2021,3,31,12,55,75,75114,BOULEVARD DU MONTPARNASSE,48.84018,2.33483,Plein jour,En agglomération,Intersection en T,Normale,Deux véhicules - côté,4,3,6,0,1,1,1,0,1,50,,2,1,0,0,1,24.0,85.0,,,1,2,3,1,3
202100045795,2021-03-31 18:00:00,2021,3,31,18,0,75,75112,AVENUE DU GENERAL MICHEL BIZOT,48.839779,2.40438,Plein jour,En agglomération,Intersection en X,Normale,Deux véhicules - arrière,4,2,2,0,1,1,1,0,1,50,,2,1,0,0,1,38.0,70.0,,,1,2,2,1,2
202100045796,2021-03-31 15:30:00,2021,3,31,15,30,75,75112,AVENUE DU GENERAL MICHEL BIZOT,48.837688,2.403815,Plein jour,En agglomération,Intersection en T,Normale,Autre collision,4,2,2,0,1,1,1,0,1,50,,2,1,0,0,1,35.0,,,,1,2,3,1,6
202100045797,2021-03-31 14:10:00,2021,3,31,14,10,75,75106,QUAI DE CONTI,48.856431,2.339911,Plein jour,En agglomération,Intersection en T,Normale,Deux véhicules - côté,4,2,2,1,1,1,1,-1,5,50,,2,1,0,0,1,29.0,53.0,,,1,2,3,1,3
202100045798,2021-03-31 19:15:00,2021,3,31,19,15,75,75101,RUE DE RIVOLI,48.864007,2.331345,Plein jour,En agglomération,Intersection en T,Normale,Deux véhicules - arrière,4,2,5,1,1,1,1,-1,5,30,,2,1,0,0,1,55.0,37.0,,,1,2,3,1,2
202100045799,2021-03-30 19:50:00,2021,3,30,19,50,75,75102,RUE SAINT MARC,48.870683,2.338692,Plein jour,En agglomération,Hors intersection,Normale,Sans collision,4,2,2,1,1,1,1,-1,5,50,,1,0,0,0,1,52.0,,,,1,2,1,1,7
202100045800,2021-03-31 11:50:00,2021,3,31,11,50,94,94080,PARIS (AV DE),48.84519,2.43167,Plein jour,En agglomération,Intersection en X,Normale,Deux véhicules - côté,4,3,4,1,1,1,1,0,1,50,,2,1,0,0,1,20.0,,,,1,2,2,1,3
202100045801,2021-03-31 19:10:00,2021,3,31,19,10,94,94046,Avenue du Général Leclerc,48.81426,2.42379,Crépuscule ou aube,En agglomération,Hors intersection,Normale,Deux véhicules - arrière,3,2,4,0,1,1,1,0,1,50,,2,1,0,0,1,24.0,19.0,,,2,2,1,1,2
202100045802,2021-03-31 21:35:00,2021,3,31,21,35,94,94041,Quai Marcel Boyer,48.82173,2.39346,Nuit avec éclairage allumé,En agglomération,Autre intersection,Normale,Deux véhicules - frontale,3,2,7,1,1,1,1,0,5,50,,2,0,0,0,2,30.0,23.0,,,5,2,9,1,1
202100045803,2021-03-31 18:40:00,2021,3,31,18,40,94,94041,PAUL ANDRIEUX (R),48.81254,2.36834,Plein jour,En agglomération,Hors intersection,Normale,Deux véhicules - côté,3,2,3,0,1,1,1,0,1,50,,1,0,0,0,1,34.0,,,,1,2,1,1,3
202100045804,2021-03-31 21:15:00,2021,3,31,21,15,94,94021,Boulevard Circulaire Min,48.766733,2.354028,Nuit avec éclairage allumé,En agglomération,Hors intersection,Normale,Sans collision,4,1,2,0,1,1,1,0,1,50,,1,0,0,0,1,29.0,,,,5,2,1,1,7
202100045805,2021-03-30 16:05:00,2021,3,30,16,5,94,94011,RHIN ET DANUBE(RUE DU),48.77179,2.49019,Plein jour,En agglomération,Hors intersection,Normale,Deux véhicules - côté,3,3,4,0,1,1,1,0,1,50,,2,1,0,0,1,,,,,1,2,1,1,3
202100045806,2021-03-31 09:30:00,2021,3,31,9,30,94,94022,Rue Rouget de Lisle,48.7629303844,2.403707656,Plein jour,En agglomération,Intersection en X,Normale,Deux véhicules - côté,3,3,12,0,1,1,1,0,1,30,,2,1,0,0,1,32.0,78.0,,,1,2,2,1,3