accident_id,datetime,annee,mois,jour,heure,minute,departement,commune_insee,adresse,latitude,longitude,luminosite,agglomeration,intersection,meteo,collision,catr,circ,nbv,vosp,prof,plan,surf,infra,situ,vma,nb_vehicules,nb_usagers,nb_indemnes,nb_tues,nb_blesses_hosp,nb_blesses_legers,age_cond_1,age_cond_2,veh_type_cond_1,veh_type_cond_2,lum_code,agg_code,int_code,atm_code,col_code
202100045807,2021-03-31 17:45:00,2021,3,31,17,45,93,93078,GARE (AVENUE DE LA),48.94542,2.56499,Plein jour,En agglomération,Hors intersection,Normale,Autre collision,4,-1,1,0,1,1,1,0,1,50,,3,1,0,0,2,28.0,,,,1,2,1,1,6
202100045808,2021-03-31 18:36:00,2021,3,31,18,36,93,93072,VAL DU MOULIN (ALLEE DU),48.9539331418,2.3904931849,Plein jour,En agglomération,Hors intersection,Normale,Deux véhicules - côté,4,-1,2,0,1,1,1,0,1,30,,2,1,0,0,1,46.0,9.0,,,1,2,1,1,3
202100045809,2021-03-30 10:15:00,2021,3,30,10,15,93,93066,CARNOT (BOULEVARD),48.9383333742,2.3532866337,Plein jour,En agglomération,Autre intersection,Normale,Autre collision,4,1,2,3,1,2,1,4,1,50,,2,1,0,0,1,39.0,,,,1,2,9,1,6
202100045810,2021-03-28 18:00:00,2021,3,28,18,0,93,93066,FRANCE ANATOLE (BOULEVARD) NR AUTRES,48.9183,2.3417,Plein jour,En agglomération,Intersection en T,Normale,Deux véhicules - côté,3,2,3,0,1,1,1,0,1,50,,2,1,0,0,1,32.0,29.0,,,1,2,3,1,3
202100045811,2021-03-31 13:25:00,2021,3,31,13,25,93,93077,PARC (RUE DU),48.88114,2.52624,Plein jour,En agglomération,Intersection en X,Normale,Deux véhicules - côté,4,1,1,0,1,1,1,5,1,50,,2,1,0,0,1,73.0,31.0,,,1,2,2,1,3
202100045812,2021-03-31 10:06:00,2021,3,31,10,6,93,93062,GENERAL DE GAULLE (PLACE DU),48.8902576532,2.5123286247,Plein jour,En agglomération,Giratoire,Normale,Deux véhicules - côté,4,4,4,0,1,2,1,5,1,50,,3,2,0,0,1,20.0,31.0,,,1,2,6,1,3
202100045813,2021-03-31 20:39:00,2021,3,31,20,39,93,93055,JEAN LOLIVE (AVENUE)(55/73.62/86),48.891192045,2.4023738069,Nuit avec éclairage allumé,En agglomération,Hors intersection,Normale,Autre collision,3,3,2,1,1,1,1,0,1,50,,2,1,0,0,1,42.0,49.0,,,5,2,1,1,6
202100045814,2021-03-31 21:20:00,2021,3,31,21,20,93,93008,SALLE PABLO NERUDA,48.9060865289,2.4455673612,Nuit avec éclairage allumé,En agglomération,Hors intersection,Normale,Autre collision,3,1,3,3,1,1,1,0,1,50,,2,1,0,0,1,27.0,,,,5,2,1,1,6
202100045815,2021-03-31 16:53:00,2021,3,31,16,53,93,93008,LENINE (BOULEVARD),48.9064820471,2.4411299043,Plein jour,En agglomération,Intersection en T,Normale,Deux véhicules - côté,4,-1,2,0,1,1,1,6,1,50,,2,1,0,1,0,25.0,49.0,,,1,2,3,1,3
202100045816,2021-03-31 13:00:00,2021,3,31,13,0,93,93008,VAILLANT COUTURIER (AVENUE PAUL),48.910532,2.442128,Plein jour,En agglomération,Autre intersection,Normale,Deux véhicules - arrière,3,1,2,0,1,1,1,0,1,50,,2,1,0,0,1,21.0,54.0,,,1,2,9,1,2
202100045817,2021-03-30 18:57:00,2021,3,30,18,57,92,92051,GENERAL KOENIG (BOULEVARD DU),48.88102848,2.2518977016,Plein jour,En agglomération,Autre intersection,Normale,Deux véhicules - côté,3,2,4,0,1,1,1,0,1,50,,4,3,0,1,0,21.0,39.0,,,1,2,9,1,3
202100045818,2021-03-31 18:30:00,2021,3,31,18,30,92,92050,REPUBLIQUE AVENUE DE LA,48.910125515,2.2187286615,Plein jour,En agglomération,Hors intersection,Normale,Deux véhicules - côté,3,-1,2,0,1,1,1,0,1,50,,2,1,0,0,1,48.0,22.0,,,1,2,1,1,3
202100045819,2021-03-31 15:30:00,2021,3,31,15,30,92,92050,CLEMENCEAU GEORGES AVENUE N°IMPAIR,48.8864993259,2.2093678324,Plein jour,En agglomération,Intersection en T,Normale,Deux véhicules - côté,3,4,4,1,1,1,1,5,5,50,,2,1,0,0,1,25.0,49.0,,,1,2,3,1,3
202100045820,2021-03-31 15:30:00,2021,3,31,15,30,92,92050,RENAN ERNEST RUE,48.8962040288,2.1887522936,Plein jour,En agglomération,Intersection en T,Normale,Autre collision,4,-1,2,0,1,1,1,0,1,50,,2,1,0,0,1,,,,,1,2,3,1,6
202100045821,2021-03-31 12:45:00,2021,3,31,12,45,92,92050,REPUBLIQUE AVENUE DE LA,48.91,2.2184,Plein jour,En agglomération,Hors intersection,Normale,Deux véhicules - côté,3,2,2,0,1,1,1,0,1,50,,2,1,0,0,1,22.0,24.0,,,1,2,1,1,3
202100045822,2021-03-31 17:25:00,2021,3,31,17,25,92,92035,Verdun 1916 ( avenue de ),48.9046438637,2.2327888012,Plein jour,En agglomération,Hors intersection,Normale,Deux véhicules - côté,3,3,2,0,1,1,1,0,1,50,,2,1,0,0,1,64.0,61.0,,,1,2,1,1,3
202100045823,2021-03-31 18:20:00,2021,3,31,18,20,92,92024,RUE DU 08 MAI 1945,48.8982576742,2.310154438,Plein jour,En agglomération,Intersection en X,Normale,Deux véhicules - côté,3,1,3,1,1,1,1,0,5,50,,2,1,0,0,1,25.0,29.0,,,1,2,2,1,3
202100045824,2021-03-31 13:45:00,2021,3,31,13,45,39,39009,,46.843324,5.918505,Plein jour,Hors agglomération,Intersection en T,Temps éblouissant,Deux véhicules - côté,3,2,2,0,1,1,1,0,1,80,,2,1,0,1,0,55.0,69.0,,,1,1,3,7,3
202100045825,2021-03-26 19:17:00,2021,3,26,19,17,11,11061,D623,43.1240858462,2.1269861282,Crépuscule ou aube,Hors agglomération,Intersection en X,Normale,Deux véhicules - frontale,3,2,2,3,1,1,1,5,1,80,,2,1,1,0,0,27.0,24.0,,,2,1,2,1,1
202100045826,2021-03-29 05:30:00,2021,3,29,5,30,49,49244,Le Bois Gat Chenu (la Pommeraye),47.351745,-0.847552,Nuit avec éclairage allumé,En agglomération,Hors intersection,Normale,Deux véhicules - frontale,4,2,2,0,1,1,1,0,8,50,,2,1,0,1,0,20.0,59.0,,,5,2,1,1,1
202100045827,2021-03-31 17:45:00,2021,3,31,17,45,62,62897,1 Route de Lumbres,50.676934,2.070646,Plein jour,En agglomération,Hors intersection,Temps éblouissant,Deux véhicules - arrière,3,2,2,0,1,1,1,0,1,50,,6,3,0,1,2,17.0,39.0,,,1,2,1,7,2
202100045828,2021-03-29 08:26:00,2021,3,29,8,26,95,95313,44 Avenue de Paris,49.1105297744,2.2252072624,Plein jour,En agglomération,Hors intersection,Normale,Deux véhicules - côté,3,-1,2,0,1,1,1,0,4,-1,,2,1,0,0,1,13.0,20.0,,,1,2,1,1,3
202100045829,2021-03-31 20:00:00,2021,3,31,20,0,42,42162,Route de Roanne,46.019056,4.000354,Crépuscule ou aube,Hors agglomération,Intersection en T,Normale,Deux véhicules - côté,3,-1,2,0,1,1,1,0,1,80,,2,1,0,0,1,43.0,28.0,,,2,1,3,1,3
202100045830,2021-03-31 19:25:00,2021,3,31,19,25,31,31113,Rue de Labége,43.51721,1.501817,Plein jour,En agglomération,Hors intersection,Normale,Deux véhicules - frontale,4,1,1,0,1,3,1,0,1,30,,2,1,0,0,1,38.0,10.0,,,1,2,1,1,1
202100045831,2021-03-12 18:30:00,2021,3,12,18,30,11,11111,La Guirlande,43.207397,2.801685,Plein jour,Hors agglomération,Hors intersection,Normale,Deux véhicules - arrière,3,2,2,0,1,1,1,0,1,80,,4,2,0,1,1,44.0,27.0,,,1,1,1,1,2
202100045832,2021-04-01 09:10:00,2021,4,1,9,10,26,26085,Autoroute du Soleil,44.49446,4.767437,Plein jour,Hors agglomération,Hors intersection,Normale,Deux véhicules - arrière,1,1,3,0,1,1,1,0,1,130,,3,2,0,0,1,31.0,39.0,,,1,1,1,1,2
202100045833,2021-03-31 09:10:00,2021,3,31,9,10,01,01075,D75,46.035936,4.812307,Plein jour,Hors agglomération,Hors intersection,Normale,Sans collision,3,2,2,0,2,2,1,0,3,80,,1,0,0,0,1,81.0,,,,1,1,1,1,7
202100045834,2021-04-01 09:00:00,2021,4,1,9,0,01,01354,Rue Blaise Pascal,46.242095,6.021854,Plein jour,En agglomération,Intersection en X,Normale,Deux véhicules - côté,4,2,2,0,2,1,1,5,1,50,,2,1,0,1,0,44.0,34.0,,,1,2,2,1,3
202100045835,2021-04-01 14:00:00,2021,4,1,14,0,65,65447,D817,43.191078,0.231298,Plein jour,En agglomération,Hors intersection,Normale,Deux véhicules - côté,3,2,2,0,1,1,1,0,1,70,,3,2,0,1,0,41.0,29.0,,,1,2,1,1,3
202100045836,2021-04-01 08:44:00,2021,4,1,8,44,48,48099,Autoroute A75 PK 160+700,44.517753,3.240988,Plein jour,Hors agglomération,Hors intersection,Normale,Deux véhicules - arrière,1,3,4,0,4,1,1,0,1,130,,2,1,0,1,0,38.0,57.0,,,1,1,1,1,2
202100045837,2021-04-01 17:20:00,2021,4,1,17,20,57,57603,1 Rue de Saint Exupery,49.4795,5.955618,Plein jour,En agglomération,Intersection en T,Normale,Deux véhicules - côté,3,2,2,0,2,1,1,0,1,50,,3,2,0,1,0,46.0,33.0,,,1,2,3,1,3
202100045838,2021-04-01 15:00:00,2021,4,1,15,0,57,57273,D65,49.32157,6.576862,Plein jour,Hors agglomération,Hors intersection,Normale,Sans collision,3,2,2,0,4,1,1,0,1,80,,1,0,0,1,0,55.0,,,,1,1,1,1,7
202100045839,2021-03-31 16:00:00,2021,3,31,16,0,56,56205,D199,47.560021,-2.70452,Plein jour,Hors agglomération,Intersection en X,Normale,Sans collision,3,2,2,0,1,3,1,0,1,80,,1,0,0,1,0,63.0,,,,1,1,2,1,7
202100045840,2021-04-01 12:12:00,2021,4,1,12,12,2B,2B123,rt 10,42.027352,9.414082,Plein jour,Hors agglomération,Hors intersection,Normale,Deux véhicules - frontale,2,2,2,0,3,1,1,0,1,80,,2,1,0,1,0,61.0,43.0,,,1,1,1,1,1
202100045841,2021-04-01 06:45:00,2021,4,1,6,45,32,32305,Avenue du Catalan,43.820101,-0.08748,Crépuscule ou aube,Hors agglomération,Hors intersection,Normale,Autre collision,3,2,2,0,1,1,1,0,1,80,,1,0,0,1,0,20.0,,,,2,1,1,1,6
202100045842,2021-03-30 16:17:00,2021,3,30,16,17,71,71035,D82,46.478734,4.791973,Plein jour,Hors agglomération,Hors intersection,Normale,Sans collision,3,2,2,0,1,3,1,0,3,80,,1,0,0,1,0,47.0,,,,1,1,1,1,7
202100045843,2021-03-31 18:10:00,2021,3,31,18,10,61,61008,Route de Paris,48.741938,0.555528,Plein jour,En agglomération,Hors intersection,Normale,Sans collision,3,2,2,0,1,3,1,0,1,50,,2,1,0,1,0,21.0,,,,1,2,1,1,7
202100045844,2021-04-01 18:30:00,2021,4,1,18,30,61,61081,Les Cocagnes,48.629094,0.199599,Plein jour,Hors agglomération,Intersection en Y,Normale,Deux véhicules - côté,3,2,2,0,2,1,1,0,1,90,,3,2,0,1,0,27.0,16.0,,,1,1,4,1,3
202100045845,2021-04-01 18:05:00,2021,4,1,18,5,55,55132,Rue Derriere l'Isle,48.611698,5.084911,Plein jour,En agglomération,Hors intersection,Normale,Deux véhicules - frontale,4,2,2,0,1,3,1,0,1,50,,2,1,0,1,0,30.0,46.0,,,1,2,1,1,1
202100045846,2021-04-01 16:55:00,2021,4,1,16,55,42,42177,Rue de la République,46.142515,4.10813,Plein jour,En agglomération,Hors intersection,Normale,Deux véhicules - côté,3,2,2,0,1,1,1,0,1,50,,2,1,0,0,1,18.0,57.0,,,1,2,1,1,3
202100045847,2021-03-31 18:10:00,2021,3,31,18,10,46,46204,Les vitarelles,44.689716,1.556671,Plein jour,Hors agglomération,Intersection en X,Normale,Deux véhicules - côté,3,2,2,0,1,1,1,0,1,80,,2,0,0,0,2,84.0,22.0,,,1,1,2,1,3
202100045848,2021-03-31 17:06:00,2021,3,31,17,6,25,25411,10 Avenue Charles de Gaulle,47.057383,6.611297,Plein jour,En agglomération,Giratoire,Normale,Deux véhicules - côté,3,2,2,0,2,1,1,5,1,50,,2,1,0,0,1,,29.0,,,1,2,6,1,3
202100045849,2021-03-31 18:20:00,2021,3,31,18,20,25,25254,Le Casse-croûte,46.851482,6.378443,Plein jour,Hors agglomération,Hors intersection,Normale,Sans collision,3,2,2,0,2,3,1,0,3,80,,1,0,0,1,0,25.0,,,,1,1,1,1,7
202100045850,2021-03-24 16:55:00,2021,3,24,16,55,44,44154,Pôle de Bresse (Arrêt de bus),47.247809,-2.162271,Plein jour,En agglomération,Hors intersection,Normale,Deux véhicules - côté,6,-1,-1,0,1,1,1,0,1,50,,2,1,0,0,1,16.0,36.0,,,1,2,1,1,3
202100045851,2021-03-31 09:35:00,2021,3,31,9,35,35,35220,4 Rue d'Amanlis,48.009291,-1.433748,Plein jour,En agglomération,Intersection en Y,Normale,Autre collision,3,2,2,0,1,3,1,0,1,50,,3,2,0,1,0,38.0,,,,1,2,4,1,6
202100045852,2021-03-31 12:05:00,2021,3,31,12,5,31,31347,croisement de la départementale D6 et la D632,43.398267,0.794154,Plein jour,Hors agglomération,Intersection en X,Normale,Deux véhicules - côté,3,2,2,0,1,1,1,0,1,80,,2,1,0,0,1,43.0,21.0,,,1,1,2,1,3
202100045853,2021-04-01 09:15:00,2021,4,1,9,15,38,38271,Rue Charles de Gaulle,45.193164,5.819879,Plein jour,En agglomération,Hors intersection,Normale,Deux véhicules - arrière,7,2,2,1,1,1,1,0,1,50,,2,1,0,0,1,82.0,20.0,,,1,2,1,1,2
202100045854,2021-04-01 09:00:00,2021,4,1,9,0,50,50484,Place de la Motte,48.57616,-1.09248,Plein jour,En agglomération,Intersection en T,Normale,Deux véhicules - frontale,4,2,2,0,1,2,1,0,1,50,,2,1,0,1,0,20.0,57.0,,,1,2,3,1,1
202100045855,2021-03-31 16:40:00,2021,3,31,16,40,50,50168,La Bellerie,48.611218,-1.274253,Plein jour,Hors agglomération,Hors intersection,Normale,Deux véhicules - côté,3,2,2,0,1,1,1,0,3,80,,3,0,0,0,3,44.0,17.0,,,1,1,1,1,3
202100045856,2021-04-01 09:45:00,2021,4,1,9,45,90,90052,ZAC du Mont Jean,47.737386,6.835594,Plein jour,En agglomération,Giratoire,Normale,Deux véhicules - arrière,3,1,1,0,1,2,1,5,1,30,,2,1,0,0,1,45.0,75.0,,,1,2,6,1,2
202100045857,2021-03-31 23:45:00,2021,3,31,23,45,64,64256,rue francis jammes,43.39525,-1.314463,Nuit avec éclairage allumé,En agglomération,Hors intersection,Normale,Sans collision,4,2,2,0,2,1,1,0,1,50,,1,0,0,1,0,18.0,,,,5,2,1,1,7
202100045858,2021-03-31 18:00:00,2021,3,31,18,0,43,43152,Rond-point du Collet,45.0662591493,3.8507992029,Plein jour,Hors agglomération,Giratoire,Temps éblouissant,Deux véhicules - côté,2,2,2,0,1,2,1,0,1,80,,2,1,0,1,0,56.0,26.0,,,1,1,6,7,3
202100045859,2021-04-01 17:30:00,2021,4,1,17,30,04,04076,RD 4202,43.952417,6.842337,Plein jour,Hors agglomération,Hors intersection,Normale,Autre collision,3,2,2,0,1,2,1,0,3,80,,3,0,2,1,0,35.0,,,,1,1,1,1,6
202100045860,2021-03-31 13:45:00,2021,3,31,13,45,17,17236,Chez guerin nord,45.335028,-0.593433,Plein jour,Hors agglomération,Hors intersection,Normale,Deux véhicules - côté,3,2,2,0,1,3,1,0,1,80,,4,3,0,1,0,22.0,15.0,,,1,1,1,1,3
202100045861,2021-04-01 14:20:00,2021,4,1,14,20,52,52187,route départemental 25,48.367411,5.354697,Plein jour,Hors agglomération,Hors intersection,Normale,Sans collision,3,1,1,0,1,1,1,0,1,90,,2,1,0,1,0,23.0,20.0,,,1,1,1,1,7
202100045862,2021-03-31 17:40:00,2021,3,31,17,40,08,08039,Rue d'Ecry,49.458819,4.090243,Plein jour,En agglomération,Hors intersection,Normale,Deux véhicules - arrière,3,2,2,0,1,2,1,0,1,50,,2,1,0,0,1,43.0,58.0,,,1,2,1,1,2
202100045863,2021-04-01 08:50:00,2021,4,1,8,50,88,88294,Départementale 6,48.250669,6.352179,Plein jour,Hors agglomération,Autre intersection,Normale,Deux véhicules - frontale,3,2,2,0,2,2,1,0,1,80,,2,1,0,0,1,49.0,21.0,,,1,1,9,1,1
202100045864,2021-03-31 14:20:00,2021,3,31,14,20,69,69028,JOANNA (DE LA) (R),45.715948,4.691012,Plein jour,En agglomération,Intersection en X,Normale,Deux véhicules - côté,4,2,2,0,1,1,1,0,1,30,,2,1,1,0,0,55.0,14.0,,,1,2,2,1,3
202100045865,2021-03-30 06:45:00,2021,3,30,6,45,971,97129,Rn 2 Comté de Lohéac,16.339437,-61.716945,Plein jour,Hors agglomération,Hors intersection,Normale,Sans collision,2,2,2,0,1,3,1,0,1,70,,1,0,0,1,0,29.0,,,,1,1,1,1,7
202100045866,2021-03-30 17:30:00,2021,3,30,17,30,37,37072,route de saumur,47.149861532,0.2322473884,Plein jour,En agglomération,Hors intersection,Normale,Sans collision,3,2,2,0,1,1,1,0,1,50,,2,0,0,0,2,66.0,,,,1,2,1,1,7
202100045867,2021-04-01 11:50:00,2021,4,1,11,50,2A,2A247,D859,41.567434,9.257226,Plein jour,Hors agglomération,Hors intersection,Normale,Autre collision,3,2,2,0,1,1,1,8,1,80,,2,1,0,1,0,73.0,,,,1,1,1,1,6
202100045868,2021-03-31 19:20:00,2021,3,31,19,20,13,13027,D28,43.877526,4.834349,Plein jour,Hors agglomération,Giratoire,Normale,Deux véhicules - côté,3,2,2,0,1,1,1,0,1,80,,4,3,0,1,0,31.0,64.0,,,1,1,6,1,3
202100045869,2021-03-26 07:45:00,2021,3,26,7,45,89,89206,7 Boulevard de Godalming,47.976243,3.422302,Plein jour,En agglomération,Hors intersection,Normale,Autre collision,4,2,2,0,3,1,1,0,1,30,,2,1,0,0,1,49.0,,,,1,2,1,1,6
202100045870,2021-03-31 08:50:00,2021,3,31,8,50,67,67118,Piste cyclable du canal de la Bruche,48.574662,7.692372,Plein jour,En agglomération,Hors intersection,Normale,Deux véhicules - côté,9,2,1,1,1,3,1,0,1,-1,,2,1,0,1,0,61.0,23.0,,,1,2,1,1,3
202100045871,2021-03-31 18:45:00,2021,3,31,18,45,67,67348,187 Route d'Ottrott,48.463418,7.455838,Crépuscule ou aube,Hors agglomération,Hors intersection,Normale,Autre collision,3,2,2,0,1,1,1,0,3,80,,2,1,0,1,0,49.0,53.0,,,2,1,1,1,6
202100045872,2021-03-31 12:15:00,2021,3,31,12,15,42,42094,Route de Civens,45.750533,4.226367,Plein jour,En agglomération,Intersection en T,Normale,Deux véhicules - côté,3,2,2,0,2,1,1,0,1,50,,3,1,0,1,1,18.0,52.0,,,1,2,3,1,3
202100045873,2021-04-01 15:00:00,2021,4,1,15,0,38,38449,Rue de la Fuly,45.630977,5.101712,Plein jour,Hors agglomération,Hors intersection,Normale,Deux véhicules - frontale,3,2,2,0,1,1,1,0,1,80,,2,1,0,0,1,51.0,28.0,,,1,1,1,1,1
202100045874,2021-03-26 17:30:00,2021,3,26,17,30,07,07138,Rue des Mouliniers,44.587021,4.438519,Plein jour,En agglomération,Hors intersection,Pluie légère,Autre collision,4,2,2,0,2,2,2,0,4,50,,1,0,0,1,0,65.0,,,,1,2,1,2,6
202100045875,2021-03-31 17:15:00,2021,3,31,17,15,69,69249,RONTALON (DE) (RTE),45.6792951711,4.6502369642,Plein jour,En agglomération,Intersection en Y,Normale,Autre collision,3,2,2,0,1,1,1,0,1,50,,2,1,0,0,1,55.0,,,,1,2,4,1,6
202100045876,2021-03-31 17:45:00,2021,3,31,17,45,69,69117,RD306,45.8565923895,4.7381329536,Plein jour,Hors agglomération,Intersection en T,Normale,Deux véhicules - côté,7,2,2,0,2,1,1,0,1,80,,2,1,0,0,1,84.0,18.0,,,1,1,3,1,3
202100045877,2021-04-01 11:55:00,2021,4,1,11,55,16,16097,Lieu-Dit Mongot,45.753107,-0.338902,Plein jour,Hors agglomération,Hors intersection,Normale,Autre collision,3,2,2,0,2,3,1,0,3,80,,3,1,0,2,0,22.0,,,,1,1,1,1,6
202100045878,2021-04-01 07:30:00,2021,4,1,7,30,85,85293,,47.00624,-1.10318,Crépuscule ou aube,Hors agglomération,Hors intersection,Normale,Deux véhicules - côté,3,2,2,0,1,1,1,0,1,80,,2,1,0,1,0,53.0,15.0,,,2,1,1,1,3
202100045879,2021-03-29 18:55:00,2021,3,29,18,55,35,35363,rue de la rivaudière,48.01335,-1.70794,Plein jour,En agglomération,Hors intersection,Normale,Sans collision,4,-1,2,0,1,1,1,0,1,50,,1,0,1,0,0,58.0,,,,1,2,1,1,7
202100045880,2021-04-01 13:05:00,2021,4,1,13,5,27,27070,RD2,49.288089,1.414061,Plein jour,Hors agglomération,Hors intersection,Normale,Autre collision,3,2,2,0,1,2,1,0,8,80,,1,0,0,1,0,20.0,,,,1,1,1,1,6
202100045881,2021-03-31 18:00:00,2021,3,31,18,0,94,94038,AUTOROUTE A6A,48.77563,2.34653,Plein jour,Hors agglomération,Hors intersection,Normale,Trois véhicules et plus - collisions multiples,1,2,12,0,1,1,1,0,1,90,,4,2,0,0,2,20.0,56.0,,,1,1,1,1,5
202100045882,2021-03-31 13:00:00,2021,3,31,13,0,75,75114,ECHANGEUR ORLEANS,48.8171044154,2.3346932532,Plein jour,En agglomération,Hors intersection,Normale,Autre collision,4,1,2,0,2,3,1,1,1,70,,2,0,0,0,2,28.0,,,,1,2,1,1,6
202100045883,2021-03-31 17:10:00,2021,3,31,17,10,92,92036,A86,48.936748257,2.2920407186,Plein jour,Hors agglomération,Hors intersection,Normale,Deux véhicules - côté,1,3,4,0,1,1,1,0,1,90,,2,1,0,0,1,24.0,45.0,,,1,1,1,1,3
202100045884,2021-03-30 17:30:00,2021,3,30,17,30,92,92036,A86,48.9357640852,2.2872224731,Plein jour,Hors agglomération,Hors intersection,Normale,Trois véhicules et plus - en chaîne,1,3,6,0,1,1,1,0,1,90,,4,1,0,0,3,47.0,39.0,,,1,1,1,1,4
202100045885,2021-03-31 18:30:00,2021,3,31,18,30,77,77121,A4,48.8314626854,2.6816071424,Plein jour,Hors agglomération,Hors intersection,Normale,Deux véhicules - arrière,1,-1,3,0,1,1,1,0,1,110,,3,1,0,0,2,21.0,21.0,,,1,1,1,1,2
202100045886,2021-03-30 21:00:00,2021,3,30,21,0,94,94069,A4,48.8165584712,2.4494408898,Nuit sans éclairage public,Hors agglomération,Hors intersection,Normale,Autre collision,1,1,2,0,1,3,1,0,1,70,,3,2,0,0,1,32.0,41.0,,,3,1,1,1,6
202100045887,2021-03-25 11:30:00,2021,3,25,11,30,69,69383,LACASSAGNE                          (AV),45.7532,4.86898,Plein jour,En agglomération,Autre intersection,Normale,Autre collision,4,2,4,3,1,1,1,0,1,50,,2,1,0,0,1,30.0,,,,1,2,9,1,6
202100045888,2021-03-18 14:07:00,2021,3,18,14,7,84,84087,DALADIER (BD EDOUARD),44.13872,4.80618,Plein jour,En agglomération,Hors intersection,Vent fort / tempête,Autre collision,2,-1,2,0,1,1,1,9,1,50,,2,1,0,1,0,42.0,,,,1,2,1,6,6
202100045889,2021-03-04 12:05:00,2021,3,4,12,5,83,83050,BROSSOLETTE(AVENUE  PIERRE),43.5309787292,6.4472536223,Plein jour,Hors agglomération,Hors intersection,Normale,Autre collision,3,-1,1,0,1,4,1,0,1,20,,2,1,0,1,0,22.0,,,,1,1,1,1,6
202100045890,2021-03-25 09:30:00,2021,3,25,9,30,38,38185,Rue des Alliés,45.17223,5.72247,Plein jour,En agglomération,Hors intersection,Normale,Autre collision,7,2,4,1,1,1,1,0,1,50,,2,1,0,1,0,76.0,,,,1,2,1,1,6
202100045891,2021-03-23 13:25:00,2021,3,23,13,25,29,29019,35 Rue de Kerbloas,48.40689,-4.500053,Plein jour,En agglomération,Autre intersection,Normale,Autre collision,4,1,1,0,1,1,1,0,1,50,,2,1,0,0,1,39.0,,,,1,2,9,1,6
202100045892,2021-03-26 12:10:00,2021,3,26,12,10,976,97611,m'tsapere-Said Café (rue),-12.79947,45.20904,Plein jour,En agglomération,Autre intersection,Normale,Autre collision,4,2,0,0,2,3,1,0,1,50,,2,1,0,1,0,37.0,,,,1,2,9,1,6
202100045893,2021-02-26 07:46:00,2021,2,26,7,46,976,97611,mgombani-Mahabou angle rue du commerce (,-12.78384,45.23043,Plein jour,En agglomération,Hors intersection,Normale,Autre collision,2,2,0,0,2,1,1,0,1,50,,2,1,0,0,1,30.0,,,,1,2,1,1,6
202100045894,2021-03-26 11:55:00,2021,3,26,11,55,78,78551,LYAUTEY (DU MARECHAL),48.8949,2.0955,Plein jour,En agglomération,Intersection en X,Normale,Autre collision,3,1,1,0,1,1,1,9,1,50,,2,1,0,1,0,25.0,,,,1,2,2,1,6
202100045895,2021-03-29 16:40:00,2021,3,29,16,40,94,94069,A4,48.81719,2.43047,Plein jour,Hors agglomération,Hors intersection,Normale,Deux véhicules - arrière,1,-1,4,0,1,1,1,0,1,90,,2,1,0,0,1,59.0,32.0,,,1,1,1,1,2
202100045896,2021-01-19 09:00:00,2021,1,19,9,0,93,93077,ROSNY (AVENUE DE),48.88295,2.4987,Plein jour,En agglomération,Autre intersection,Pluie légère,Sans collision,3,1,2,0,1,1,2,0,1,50,,2,1,0,0,1,25.0,46.0,,,1,2,9,2,7
202100045897,2021-01-19 20:00:00,2021,1,19,20,0,94,94079,FRIEDBERG (BD DE),48.8359,2.5469,Nuit avec éclairage allumé,Hors agglomération,Hors intersection,Normale,Deux véhicules - arrière,3,1,1,0,2,1,1,0,1,70,,2,1,0,0,1,61.0,41.0,,,5,1,1,1,2
202100045898,2021-03-20 11:10:00,2021,3,20,11,10,62,62310,ESTAIRES ( RUE D '),50.544344,2.653696,Plein jour,En agglomération,Hors intersection,Normale,Autre collision,3,2,2,0,1,1,1,0,1,50,,2,1,0,1,0,60.0,,,,1,2,1,1,6
202100045899,2021-03-27 20:10:00,2021,3,27,20,10,75,75113,PORTE D ITALIE,48.816512339,2.3642116785,Nuit avec éclairage allumé,En agglomération,Intersection en Y,Normale,Trois véhicules et plus - en chaîne,4,1,2,0,1,1,1,0,1,70,,4,3,0,0,1,32.0,64.0,,,5,2,4,1,4
202100045900,2021-03-27 19:10:00,2021,3,27,19,10,75,75116,BOULEVARD SUCHET,48.857987,2.265083,Nuit sans éclairage public,En agglomération,Hors intersection,Normale,Autre collision,4,-1,2,0,1,1,1,0,4,50,,2,1,0,1,0,21.0,,,,3,2,1,1,6
202100045901,2021-03-25 08:55:00,2021,3,25,8,55,94,94041,Avenue Maurice Thorez,48.811891,2.381951,Plein jour,En agglomération,Hors intersection,Pluie légère,Deux véhicules - frontale,4,1,2,1,2,1,2,0,1,50,,4,3,0,0,1,42.0,44.0,,,1,2,1,2,1
202100045902,2021-02-18 12:40:00,2021,2,18,12,40,93,93013,JAURES (AVENUE JEAN) DE 28 A 62,48.9330244769,2.424498315,Plein jour,En agglomération,Hors intersection,Pluie légère,Deux véhicules - côté,4,2,2,0,1,1,2,0,1,50,,3,2,0,1,0,49.0,18.0,,,1,2,1,2,3
202100045903,2021-01-03 14:55:00,2021,1,3,14,55,93,93064,DE GAULLE (AV DU GENERAL) 58/49 - FIN,48.8775382359,2.481194401,Plein jour,En agglomération,Autre intersection,Normale,Deux véhicules - côté,3,2,2,0,1,1,1,0,8,50,,2,1,0,0,1,18.0,41.0,,,1,2,9,1,3