accident_id,datetime,annee,mois,jour,heure,minute,departement,commune_insee,adresse,latitude,longitude,luminosite,agglomeration,intersection,meteo,collision,catr,circ,nbv,vosp,prof,plan,surf,infra,situ,vma,nb_vehicules,nb_usagers,nb_indemnes,nb_tues,nb_blesses_hosp,nb_blesses_legers,age_cond_1,age_cond_2,veh_type_cond_1,veh_type_cond_2,lum_code,agg_code,int_code,atm_code,col_code
202100045904,2021-03-30 17:00:00,2021,3,30,17,0,974,97416,MITTERAND (AVENUE DU PDT),-21.34505,55.48505,Plein jour,En agglomération,Hors intersection,Normale,Sans collision,4,2,2,0,1,1,1,0,1,50,,1,0,0,1,0,49.0,,,,1,2,1,1,7
202100045905,2021-03-30 10:10:00,2021,3,30,10,10,974,97411,FOUCQUE (AVENUE HIPPOLYTE),-20.89881,55.48676,Plein jour,En agglomération,Hors intersection,Normale,Deux véhicules - arrière,4,2,2,0,2,1,1,0,1,50,,3,0,0,0,3,27.0,20.0,,,1,2,1,1,2
202100045906,2021-03-30 09:20:00,2021,3,30,9,20,974,97411,GOYAVIERS (ROUTE DE),-20.906702,55.416493,Plein jour,Hors agglomération,Hors intersection,Normale,Deux véhicules - arrière,3,2,2,0,1,2,1,0,1,50,,2,1,0,0,1,28.0,26.0,,,1,1,1,1,2
202100045907,2021-03-29 11:10:00,2021,3,29,11,10,974,97409,Rue Quatre Epices,-20.97468,55.65616,Plein jour,Hors agglomération,Autre intersection,Normale,Deux véhicules - frontale,4,2,2,0,1,1,1,0,1,50,,2,1,0,1,0,55.0,26.0,,,1,1,9,1,1
202100045908,2021-03-29 22:20:00,2021,3,29,22,20,973,97302,FELIX EBOUE(ROCADE),4.9322942222,-52.3111009722,Nuit avec éclairage allumé,En agglomération,Hors intersection,Normale,Deux véhicules - côté,3,2,2,0,1,1,1,0,1,50,,2,1,0,0,1,70.0,26.0,,,5,2,1,1,3
202100045909,2021-01-31 00:01:00,2021,1,31,0,1,69,69259,AMBROISE CROIZAT                    (BD),45.70311,4.88773,Nuit avec éclairage allumé,En agglomération,Intersection en X,Normale,Sans collision,7,3,4,0,4,1,1,5,1,50,,1,0,0,0,1,29.0,,,,5,2,2,1,7
202100045910,2021-03-30 16:30:00,2021,3,30,16,30,69,69259,TACHE VELIN (DE) (CHM),45.7151132046,4.8687297106,Plein jour,En agglomération,Hors intersection,Normale,Deux véhicules - frontale,4,2,2,0,1,1,1,0,1,30,,2,1,0,0,1,20.0,59.0,,,1,2,1,1,1
202100045911,2021-03-30 11:15:00,2021,3,30,11,15,69,69199,JEAN JAURES                         (AV),45.7120608519,4.8550726382,Plein jour,En agglomération,Intersection en X,Normale,Deux véhicules - arrière,7,2,3,1,1,1,1,0,1,50,,2,1,0,0,1,71.0,53.0,,,1,2,2,1,2
202100045912,2021-03-29 21:15:00,2021,3,29,21,15,69,69286,EUROPE (DE L')                      (AV),45.81219,4.88976,Nuit avec éclairage allumé,En agglomération,Intersection en T,Normale,Deux véhicules - côté,4,3,2,0,1,1,1,0,1,50,,3,0,0,0,3,21.0,19.0,,,5,2,3,1,3
202100045913,2021-03-29 20:50:00,2021,3,29,20,50,69,69385,GRANGES (DES) (R),45.75489,4.8012,Nuit avec éclairage allumé,En agglomération,Hors intersection,Normale,Sans collision,4,1,1,0,1,1,1,9,1,50,,1,0,0,0,1,28.0,,,,5,2,1,1,7
202100045914,2021-03-30 12:00:00,2021,3,30,12,0,2B,2B033,CAMPINCHI >= NR 40 -RUE,42.7029,9.4502,Plein jour,En agglomération,Hors intersection,Normale,,4,1,1,0,1,1,1,0,1,50,,2,1,0,1,0,45.0,,,,1,2,1,1,-1
202100045915,2021-03-30 23:21:00,2021,3,30,23,21,95,95582,RUE D ARGENTEUIL,48.966852,2.256363,Nuit avec éclairage allumé,En agglomération,Intersection en T,Normale,Deux véhicules - arrière,3,2,2,0,2,1,1,2,1,50,,2,1,0,1,0,32.0,,,,5,2,3,1,2
202100045916,2021-03-29 12:30:00,2021,3,29,12,30,95,95252,SQUARE DE LA SOURCE,48.9829678065,2.2355675697,Plein jour,En agglomération,Hors intersection,Normale,Autre collision,4,1,1,0,1,1,1,0,1,50,,2,1,0,1,0,46.0,,,,1,2,1,1,6
202100045917,2021-03-30 13:30:00,2021,3,30,13,30,91,91471,MONTJAY (AVENUE DE),48.685811,2.183442,Plein jour,En agglomération,Hors intersection,Normale,Sans collision,4,2,2,0,1,1,1,0,1,30,,2,1,0,0,1,51.0,,,,1,2,1,1,7
202100045918,2021-03-29 17:09:00,2021,3,29,17,9,87,87085,MONTARAUDS (RUE DES),45.87231,1.2914,Plein jour,En agglomération,Intersection en X,Normale,Deux véhicules - côté,4,-1,2,0,1,1,1,0,1,50,,3,2,0,0,1,28.0,37.0,,,1,2,2,1,3
202100045919,2021-03-29 21:15:00,2021,3,29,21,15,86,86194,Rue de l’Intendant le Nain,46.591045,0.340315,Nuit avec éclairage allumé,En agglomération,Hors intersection,Normale,Autre collision,4,2,3,0,1,1,1,2,1,50,,2,1,0,0,1,31.0,,,,5,2,1,1,6
202100045920,2021-03-26 17:40:00,2021,3,26,17,40,80,80021,GEORGES POMPIDOU (AVENUE),49.90174,2.28389,Plein jour,En agglomération,Hors intersection,Normale,Deux véhicules - côté,4,-1,4,0,1,1,1,0,1,50,,2,1,0,0,1,30.0,36.0,,,1,2,1,1,3
202100045921,2021-03-26 15:15:00,2021,3,26,15,15,80,80021,CHATEAU MILAN (RUE DU),49.9014036986,2.2832511409,Plein jour,En agglomération,Hors intersection,Normale,Deux véhicules - côté,4,2,5,0,1,1,1,0,1,50,,2,1,0,0,1,71.0,33.0,,,1,2,1,1,3
202100045922,2021-03-26 07:35:00,2021,3,26,7,35,80,80489,JOLIOT CURIE (RUE),49.8713,2.35965,Plein jour,En agglomération,Intersection en T,Normale,Deux véhicules - frontale,4,2,2,0,3,1,1,0,1,50,,2,1,0,0,1,28.0,29.0,,,1,2,3,1,1
202100045923,2021-03-30 13:25:00,2021,3,30,13,25,78,78440,PIERRE CURIE (RUE),48.993982,1.918482,Plein jour,En agglomération,Autre intersection,Temps éblouissant,Deux véhicules - arrière,4,2,2,0,1,1,1,9,1,50,,2,0,0,0,2,35.0,35.0,,,1,2,9,7,2
202100045924,2021-03-30 13:45:00,2021,3,30,13,45,77,77285,BOIS GUYOT (RUE DU),48.538849,2.624155,Plein jour,En agglomération,Autre intersection,Normale,Deux véhicules - côté,4,2,2,0,1,1,1,0,1,30,,2,0,0,1,1,12.0,34.0,,,1,2,9,1,3
202100045925,2021-03-30 13:40:00,2021,3,30,13,40,72,72181,BATAILLE (RUE DE LA),47.99075,0.20765,Plein jour,En agglomération,Intersection en X,Normale,Deux véhicules - côté,4,1,1,0,1,1,1,0,1,50,,2,1,0,0,1,23.0,35.0,,,1,2,2,1,3
202100045926,2021-03-29 16:20:00,2021,3,29,16,20,72,72181,JACOBINS (PL DES),48.00775,0.19883,Plein jour,En agglomération,Giratoire,Normale,Deux véhicules - côté,4,2,4,2,1,1,1,5,1,50,,2,1,0,0,1,40.0,56.0,,,1,2,6,1,3
202100045927,2021-03-29 12:38:00,2021,3,29,12,38,72,72181,WILBUR WRIGHT (RUE),48.0078,0.1985,Plein jour,En agglomération,Giratoire,Normale,Deux véhicules - côté,4,2,4,0,3,1,1,5,1,50,,2,1,0,0,1,54.0,43.0,,,1,2,6,1,3
202100045928,2021-03-29 18:50:00,2021,3,29,18,50,69,69266,JEAN JAURES (R),45.75816,4.88515,Plein jour,En agglomération,Intersection en X,Normale,Autre collision,4,2,2,0,1,1,1,0,1,50,,2,1,0,0,1,80.0,,,,1,2,2,1,6
202100045929,2021-03-29 19:10:00,2021,3,29,19,10,67,67218,STRASBOURG (AVENUE DE),48.54289,7.73591,Crépuscule ou aube,En agglomération,Passage à niveau,Normale,Autre collision,4,3,6,1,1,1,1,4,1,50,,2,1,0,0,1,,37.0,,,2,2,8,1,6
202100045930,2021-03-29 18:50:00,2021,3,29,18,50,67,67482,ATHENES (PLACE D ),48.578994,7.768202,Plein jour,En agglomération,Intersection en T,Normale,Deux véhicules - côté,4,3,2,3,1,1,1,0,1,25,,2,1,0,0,1,19.0,62.0,,,1,2,3,1,3
202100045931,2021-03-28 12:40:00,2021,3,28,12,40,67,67180,STRASBOURG (ROUTE DE),48.81029,7.7819,Plein jour,En agglomération,Intersection en X,Normale,Deux véhicules - côté,3,4,4,0,1,2,1,5,1,50,,7,5,0,0,2,54.0,50.0,,,1,2,2,1,3
202100045932,2021-03-30 17:05:00,2021,3,30,17,5,65,65440,CARNOT (RUE),43.219628,0.070767,Plein jour,En agglomération,Hors intersection,Normale,Trois véhicules et plus - en chaîne,4,2,2,0,1,1,1,0,1,50,,3,2,0,0,1,49.0,52.0,,,1,2,1,1,4
202100045933,2021-03-30 14:29:00,2021,3,30,14,29,65,65440,SEPTEMBRE (RUE DU IV),43.22882,0.083084,Plein jour,En agglomération,Intersection en X,Normale,Deux véhicules - côté,4,2,2,0,1,1,1,0,1,50,,2,1,0,0,1,72.0,21.0,,,1,2,2,1,3
202100045934,2021-03-13 11:50:00,2021,3,13,11,50,62,62427,MONTPENCHER (R),50.42174,2.94817,Plein jour,En agglomération,Hors intersection,Normale,Autre collision,3,-1,1,0,1,1,1,6,1,50,,2,1,0,0,1,89.0,,,,1,2,1,1,6
202100045935,2021-03-30 09:00:00,2021,3,30,9,0,59,59279,ROUGE PORTE (LIEU DIT),50.7831684619,3.1136369705,Plein jour,Hors agglomération,Hors intersection,Temps éblouissant,Autre collision,4,2,1,0,1,3,1,0,1,50,,1,0,0,0,1,22.0,,,,1,1,1,7,6
202100045936,2021-03-29 16:15:00,2021,3,29,16,15,59,59122,BART (BOULEVARD JEAN),50.182428,3.227524,Plein jour,En agglomération,Giratoire,Normale,Trois véhicules et plus - collisions multiples,4,-1,2,0,1,3,1,0,1,50,,3,2,0,0,1,44.0,46.0,,,1,2,6,1,5
202100045937,2021-03-29 20:10:00,2021,3,29,20,10,54,54357,MADON (RUE DU),48.7008758295,6.1352596539,Nuit avec éclairage allumé,En agglomération,Hors intersection,Normale,Deux véhicules - côté,4,2,2,0,1,3,1,0,1,30,,2,1,0,0,1,50.0,23.0,,,5,2,1,1,3
202100045938,2021-03-29 12:35:00,2021,3,29,12,35,54,54328,SECOURS (RUE DU),48.6204,6.15996,Plein jour,En agglomération,Hors intersection,Normale,Autre collision,4,2,2,0,1,2,1,0,4,30,,2,0,0,0,2,49.0,,,,1,2,1,1,6
202100045939,2021-03-30 18:55:00,2021,3,30,18,55,49,49353,SAINT LEONARD,47.45802,-0.5147,Plein jour,En agglomération,Hors intersection,Normale,Deux véhicules - côté,4,2,2,0,1,1,1,0,1,50,,2,1,0,0,1,27.0,45.0,,,1,2,1,1,3
202100045940,2021-03-30 07:55:00,2021,3,30,7,55,45,45075,Rue des Muids,47.8855546678,1.8193369668,Plein jour,En agglomération,Intersection en X,Normale,Deux véhicules - côté,4,2,2,0,1,1,1,0,1,50,,2,1,0,0,1,16.0,31.0,,,1,2,2,1,3
202100045941,2021-03-30 07:40:00,2021,3,30,7,40,45,45234,Avenue Jean Zay,47.90445,1.9168,Crépuscule ou aube,En agglomération,Hors intersection,Normale,Autre collision,4,1,4,0,1,1,1,5,1,50,,2,1,0,0,1,49.0,,,,2,2,1,1,6
202100045942,2021-03-30 18:40:00,2021,3,30,18,40,44,44109,BOULEVARD GUY MOLLET,47.24703,-1.55541,Plein jour,En agglomération,Hors intersection,Normale,Deux véhicules - côté,4,2,2,1,1,1,1,0,5,50,,2,1,0,1,0,26.0,19.0,,,1,2,1,1,3
202100045943,2021-03-21 10:30:00,2021,3,21,10,30,42,42218,Lieu dit Condamine,45.4539543012,4.2658694727,Plein jour,Hors agglomération,Hors intersection,Normale,Sans collision,4,2,2,0,1,1,1,0,3,80,,1,0,0,0,1,57.0,,,,1,1,1,1,7
202100045944,2021-03-30 08:58:00,2021,3,30,8,58,37,37261,GANCE (BOULEVARD ABEL),47.4300468536,0.7050969796,Plein jour,En agglomération,Giratoire,Temps éblouissant,Autre collision,3,2,4,0,1,3,1,5,1,50,,2,1,0,0,1,47.0,47.0,,,1,2,6,7,6
202100045945,2021-03-30 06:26:00,2021,3,30,6,26,37,37261,GRAND-MARCHE (PLACE DU),47.3937424202,0.6805174536,Nuit avec éclairage allumé,En agglomération,Hors intersection,Normale,Sans collision,4,1,1,0,1,1,1,0,1,30,,1,0,0,0,1,24.0,,,,5,2,1,1,7
202100045946,2021-03-30 09:15:00,2021,3,30,9,15,35,35238,LIBERTE (BD DE LA),48.10812,-1.68271,Plein jour,En agglomération,Hors intersection,Normale,Deux véhicules - côté,4,3,4,2,1,1,1,0,5,30,,2,1,0,0,1,43.0,53.0,,,1,2,1,1,3
202100045947,2021-03-30 17:50:00,2021,3,30,17,50,33,33162,Avenue Jean Mermoz,44.86154,-0.66604,Plein jour,En agglomération,Hors intersection,Normale,Deux véhicules - frontale,4,2,2,0,1,1,1,0,1,50,,2,1,0,0,1,30.0,31.0,,,1,2,1,1,1
202100045948,2021-03-07 12:40:00,2021,3,7,12,40,31,31555,AV DE GRANDE BRETAGNE,43.602117,1.410023,Plein jour,En agglomération,Autre intersection,Normale,Trois véhicules et plus - collisions multiples,4,2,4,3,1,1,1,9,1,50,,6,1,0,0,5,28.0,,,,1,2,9,1,5
202100045949,2021-03-27 03:15:00,2021,3,27,3,15,31,31555,RTE DE SEYSSES,43.55089,1.39406,Nuit avec éclairage allumé,En agglomération,Intersection en T,Normale,Deux véhicules - côté,7,2,2,0,1,1,1,0,1,50,,4,3,0,0,1,25.0,25.0,,,5,2,3,1,3
202100045950,2021-03-30 18:00:00,2021,3,30,18,0,31,31483,ARRIEU ANSELME (AVENUE),43.11055,0.71729,Plein jour,En agglomération,Hors intersection,Normale,Deux véhicules - arrière,3,2,2,0,1,1,1,0,1,30,,5,1,0,0,4,44.0,20.0,,,1,2,1,1,2
202100045951,2021-03-29 11:40:00,2021,3,29,11,40,29,29232,Boulevard Flandres Dunkerque1940,47.980035,-4.0845222469,Plein jour,En agglomération,Hors intersection,Normale,Deux véhicules - côté,3,3,4,0,2,1,1,0,1,70,,2,1,0,0,1,53.0,37.0,,,1,2,1,1,3
202100045952,2021-03-30 09:03:00,2021,3,30,9,3,29,29151,N12,48.59284,-3.81909,Plein jour,Hors agglomération,Hors intersection,Normale,Autre collision,2,2,4,0,1,1,1,0,3,90,,1,0,0,1,0,55.0,,,,1,1,1,1,6
202100045953,2021-03-30 04:00:00,2021,3,30,4,0,29,29039,N165,47.92286,-3.89106,Nuit sans éclairage public,Hors agglomération,Hors intersection,Normale,Autre collision,2,3,4,0,1,1,1,3,3,110,,1,0,0,0,1,54.0,,,,3,1,1,1,6
202100045954,2021-03-30 17:27:00,2021,3,30,17,27,27,27229,HUGO (RUE VICTOR),49.02245,1.15092,Plein jour,En agglomération,Intersection en X,Temps éblouissant,Deux véhicules - frontale,4,2,2,0,1,1,1,0,1,30,,2,1,0,1,0,18.0,18.0,,,1,2,2,7,1
202100045955,2021-03-30 07:45:00,2021,3,30,7,45,26,26362,Avenue de Chabeuil,44.92643,4.91857,Crépuscule ou aube,En agglomération,Autre intersection,Normale,Autre collision,4,2,0,0,1,1,1,0,8,50,,2,0,0,0,2,59.0,,,,2,2,9,1,6
202100045956,2021-03-29 19:00:00,2021,3,29,19,0,26,26362,Avenue de Romans,44.934937,4.908227,Plein jour,En agglomération,Intersection en T,Normale,Deux véhicules - côté,4,2,2,0,2,1,1,0,1,50,,3,1,0,0,2,21.0,41.0,,,1,2,3,1,3
202100045957,2021-03-29 17:55:00,2021,3,29,17,55,25,25056,FRANCHE COMTE RUE DE,47.22296,5.975339,Plein jour,En agglomération,Hors intersection,Normale,Autre collision,4,2,2,0,1,1,1,0,1,30,,2,1,0,0,1,,,,,1,2,1,1,6
202100045958,2021-03-31 00:18:00,2021,3,31,0,18,13,13209,LAETITIA (AVENUE),43.27338,5.41016,Nuit avec éclairage allumé,En agglomération,Intersection en T,Normale,Deux véhicules - frontale,4,2,2,0,1,1,1,0,1,30,,3,2,0,1,0,27.0,20.0,,,5,2,3,1,1
202100045959,2021-03-28 23:45:00,2021,3,28,23,45,13,13213,CHUTES LAVIE (AVENUE),43.31571,5.39882,Nuit avec éclairage allumé,En agglomération,Hors intersection,Normale,Deux véhicules - côté,4,2,2,0,1,3,1,0,1,50,,7,5,0,0,2,26.0,30.0,,,5,2,1,1,3
202100045960,2021-03-30 08:45:00,2021,3,30,8,45,13,13047,RADOLFZELL AVENUE DE,43.499158,4.98746,Plein jour,En agglomération,Hors intersection,Normale,Autre collision,4,2,2,0,1,1,1,9,1,50,,2,1,0,0,1,,,,,1,2,1,1,6
202100045961,2021-03-30 14:15:00,2021,3,30,14,15,13,13005,PALUDS (AVENUE DES),43.2907,5.59511,Plein jour,En agglomération,Hors intersection,Normale,Deux véhicules - côté,4,2,2,0,1,1,1,0,1,50,,2,1,0,0,1,69.0,32.0,,,1,2,1,1,3
202100045962,2021-03-30 18:40:00,2021,3,30,18,40,12,12145,LANGUEDOC (AVENUE DU),44.090278,3.079095,Plein jour,En agglomération,Hors intersection,Normale,Deux véhicules - arrière,3,2,2,0,2,1,1,0,1,50,,3,2,0,0,1,49.0,28.0,,,1,2,1,1,2
202100045963,2021-03-29 20:09:00,2021,3,29,20,9,10,10081,GENERAL SARRAIL (AVE),48.311474,4.052933,Plein jour,En agglomération,Autre intersection,Normale,Deux véhicules - côté,3,2,2,0,1,1,1,0,1,50,,2,1,0,0,1,23.0,35.0,,,1,2,9,1,3
202100045964,2021-03-29 17:56:00,2021,3,29,17,56,10,10387,ETIENNE PEDRON (RUE),48.31646,4.07449,Plein jour,En agglomération,Hors intersection,Temps éblouissant,Deux véhicules - arrière,4,2,2,0,1,1,1,0,1,50,,2,1,0,0,1,51.0,40.0,,,1,2,1,7,2
202100045965,2021-03-29 14:29:00,2021,3,29,14,29,10,10387,GOURNAY (RUE DE),48.29827,4.0904,Plein jour,En agglomération,Hors intersection,Normale,Autre collision,4,1,1,0,1,1,1,0,1,50,,2,1,0,0,1,45.0,,,,1,2,1,1,6
202100045966,2021-03-23 08:10:00,2021,3,23,8,10,07,07102,Chemin des MULETS,44.93293,4.85961,Plein jour,En agglomération,Hors intersection,Normale,Deux véhicules - arrière,4,3,2,0,1,1,1,0,1,70,,2,0,0,0,2,43.0,30.0,,,1,2,1,1,2
202100045967,2021-03-30 17:10:00,2021,3,30,17,10,75,75116,PORTE DE SAINT CLOUD,48.8350106635,2.2610386969,Plein jour,En agglomération,Intersection en Y,Normale,Deux véhicules - arrière,4,1,4,0,2,2,1,0,1,70,,2,1,0,0,1,33.0,45.0,,,1,2,4,1,2
202100045968,2021-03-29 18:05:00,2021,3,29,18,5,75,75116,PORTE DE SAINT CLOUD,48.840538,2.254101,Plein jour,En agglomération,Hors intersection,Normale,Deux véhicules - côté,4,1,4,0,1,1,1,1,1,70,,2,1,0,0,1,32.0,44.0,,,1,2,1,1,3
202100045969,2021-03-30 09:10:00,2021,3,30,9,10,75,75114,RUE RAYMOND LOSSERAND,48.833706,2.317679,Plein jour,En agglomération,Intersection en T,Normale,Autre collision,4,1,1,0,1,1,1,0,1,30,,2,1,1,0,0,35.0,,,,1,2,3,1,6
202100045970,2021-03-29 17:01:00,2021,3,29,17,1,75,75101,RUE DE RIVOLI,48.866293,2.324181,Plein jour,En agglomération,Intersection en T,Normale,Deux véhicules - côté,4,3,3,3,1,1,1,-1,6,50,,2,0,0,1,1,30.0,53.0,,,1,2,3,1,3
202100045971,2021-03-29 14:00:00,2021,3,29,14,0,75,75105,RUE GEOFFROY SAINT HILAIRE,48.838408,2.357057,Plein jour,En agglomération,Intersection en X,Normale,Autre collision,4,1,1,0,2,1,1,0,1,30,,2,1,0,0,1,84.0,,,,1,2,2,1,6
202100045972,2021-03-30 21:30:00,2021,3,30,21,30,75,75120,AVENUE LEON GAUMONT,48.849251,2.416188,Nuit avec éclairage allumé,En agglomération,Intersection en X,Normale,Deux véhicules - côté,4,2,2,0,1,1,1,0,1,50,,2,1,0,0,1,32.0,,,,5,2,2,1,3
202100045973,2021-03-30 11:15:00,2021,3,30,11,15,75,75117,PLACE DE LA REPUBLIQUE DOMINICAINE,48.8804489381,2.3086363077,Plein jour,En agglomération,Place,Normale,Deux véhicules - côté,4,2,3,0,1,1,1,0,1,50,,2,1,0,0,1,31.0,35.0,,,1,2,7,1,3
202100045974,2021-03-30 09:05:00,2021,3,30,9,5,75,75117,AVENUE DES TERNES,48.880352,2.286801,Plein jour,En agglomération,Intersection en T,Normale,Deux véhicules - côté,4,2,6,0,1,1,1,0,1,50,,3,2,0,0,1,62.0,,,,1,2,3,1,3
202100045975,2021-03-29 16:45:00,2021,3,29,16,45,75,75117,BOULEVARD DU BOIS LE PRETRE,48.899665606,2.3190662591,Plein jour,En agglomération,Intersection en T,Normale,Autre collision,4,3,2,0,2,1,1,0,4,50,,1,0,0,0,1,49.0,,,,1,2,3,1,6
202100045976,2021-03-30 14:48:00,2021,3,30,14,48,75,75116,RUE DE LONGCHAMP,48.865837,2.282277,Plein jour,En agglomération,Hors intersection,Normale,Deux véhicules - côté,4,2,2,0,1,1,1,0,1,30,,2,1,0,0,1,,17.0,,,1,2,1,1,3
202100045977,2021-03-29 19:30:00,2021,3,29,19,30,75,75116,AVENUE DU MAHATMA GANDHI,48.875857,2.262207,Crépuscule ou aube,En agglomération,Intersection en X,Normale,Deux véhicules - côté,4,2,2,0,1,1,1,0,1,50,,2,1,0,0,1,34.0,28.0,,,2,2,2,1,3
202100045978,2021-03-29 17:50:00,2021,3,29,17,50,75,75114,RUE DU FAUBOURG SAINT JACQUES,48.833572,2.336321,Plein jour,En agglomération,Place,Normale,Deux véhicules - côté,4,2,5,0,1,1,1,0,1,50,,2,1,0,0,1,59.0,91.0,,,1,2,7,1,3
202100045979,2021-03-30 16:45:00,2021,3,30,16,45,75,75113,RUE DE LA GLACIERE,48.834974,2.344993,Plein jour,En agglomération,Intersection en X,Normale,Deux véhicules - côté,4,2,2,0,1,1,1,0,1,30,,2,1,0,0,1,47.0,26.0,,,1,2,2,1,3
202100045980,2021-03-30 07:45:00,2021,3,30,7,45,75,75112,AVENUE DU DOCTEUR ARNOLD NETTER,48.843936,2.405555,Plein jour,En agglomération,Hors intersection,Normale,Deux véhicules - arrière,4,2,2,1,1,1,1,0,1,50,,2,1,0,0,1,39.0,20.0,,,1,2,1,1,2
202100045981,2021-03-30 08:40:00,2021,3,30,8,40,75,75110,BOULEVARD DE MAGENTA,48.87767,2.354836,Plein jour,En agglomération,Hors intersection,Normale,Deux véhicules - côté,4,1,1,1,1,1,1,-1,5,30,,2,0,0,0,2,38.0,18.0,,,1,2,1,1,3
202100045982,2021-03-30 09:55:00,2021,3,30,9,55,75,75108,PLACE SAINT AUGUSTIN,48.8746650264,2.3203658088,Plein jour,En agglomération,Place,Normale,Autre collision,4,3,4,0,1,1,1,0,1,50,,2,1,0,0,1,30.0,,,,1,2,7,1,6
202100045983,2021-03-29 21:15:00,2021,3,29,21,15,75,75108,PLACE DE LA CONCORDE,48.864334813,2.3204702139,Nuit avec éclairage allumé,En agglomération,Place,Normale,Autre collision,4,2,4,1,1,1,1,-1,5,50,,1,0,0,0,1,53.0,,,,5,2,7,1,6
202100045984,2021-03-30 16:45:00,2021,3,30,16,45,75,75104,RUE JULES COUSIN,48.8519,2.363111,Plein jour,En agglomération,Intersection en X,Normale,Autre collision,4,1,1,0,1,1,1,0,1,30,,2,1,0,0,1,66.0,,,,1,2,2,1,6
202100045985,2021-03-30 14:50:00,2021,3,30,14,50,75,75101,BOULEVARD DE SEBASTOPOL,48.862951,2.350645,Plein jour,En agglomération,Intersection en T,Normale,Sans collision,4,2,5,1,1,1,1,-1,5,50,,1,0,0,0,1,24.0,,,,1,2,3,1,7
202100045986,2021-03-30 11:55:00,2021,3,30,11,55,75,75104,RUE DE RIVOLI,48.85574,2.358992,Plein jour,En agglomération,Intersection en T,Normale,Autre collision,4,1,3,0,1,1,1,0,1,30,,2,1,0,0,1,31.0,,,,1,2,3,1,6
202100045987,2021-03-30 08:25:00,2021,3,30,8,25,75,75101,RUE MOLIERE,48.865021,2.335874,Plein jour,En agglomération,Hors intersection,Normale,Sans collision,4,-1,1,0,1,1,1,0,1,50,,1,0,0,0,1,32.0,,,,1,2,1,1,7
202100045988,2021-03-29 17:50:00,2021,3,29,17,50,94,94052,STRASBOURG (BD DE),48.845107,2.488953,Plein jour,En agglomération,Hors intersection,Normale,Autre collision,3,2,3,0,2,1,1,0,1,50,,2,1,0,0,1,35.0,,,,1,2,1,1,6
202100045989,2021-03-30 22:00:00,2021,3,30,22,0,94,94076,REPUBLIQUE (AV DE LA),48.78737,2.35418,Nuit avec éclairage allumé,En agglomération,Intersection en T,Normale,Deux véhicules - côté,3,2,2,0,1,1,1,0,1,50,,4,3,0,0,1,22.0,25.0,,,5,2,3,1,3
202100045990,2021-03-30 09:20:00,2021,3,30,9,20,94,94019,Rue Condorcet,48.798329,2.542664,Plein jour,En agglomération,Hors intersection,Normale,Deux véhicules - côté,4,2,2,0,1,1,1,0,1,50,,2,1,0,0,1,58.0,58.0,,,1,2,1,1,3
202100045991,2021-03-29 10:20:00,2021,3,29,10,20,94,94055,FRANCOIS DE PAULE (R),48.78804,2.53976,Plein jour,En agglomération,Intersection en T,Normale,Deux véhicules - côté,4,2,2,0,1,1,1,0,1,50,,2,1,0,0,1,33.0,69.0,,,1,2,3,1,3
202100045992,2021-03-29 23:12:00,2021,3,29,23,12,93,93059,BABEUF (RUE),48.96126,2.37158,Nuit avec éclairage allumé,En agglomération,Intersection en T,Normale,Deux véhicules - côté,4,2,2,0,1,1,1,0,1,50,,3,1,0,0,2,27.0,34.0,,,5,2,3,1,3
202100045993,2021-03-29 18:30:00,2021,3,29,18,30,93,93064,MERMOZ (RUE JEAN),48.8801220583,2.4882788141,Plein jour,En agglomération,Hors intersection,Normale,Deux véhicules - côté,4,2,2,0,1,1,1,0,1,50,,2,1,0,0,1,19.0,28.0,,,1,2,1,1,3
202100045994,2021-03-30 19:00:00,2021,3,30,19,0,93,93048,LAGNY (RUE DE),48.8491973896,2.4225370244,Plein jour,En agglomération,Autre intersection,Normale,Deux véhicules - frontale,3,1,2,2,1,1,1,0,1,30,,2,1,0,0,1,23.0,55.0,,,1,2,9,1,1
202100045995,2021-03-29 09:10:00,2021,3,29,9,10,93,93063,JAURES RUE JEAN,48.877861807,2.4466493726,Plein jour,En agglomération,Intersection en T,Normale,Deux véhicules - côté,4,2,2,0,1,1,1,0,1,50,,2,1,0,0,1,35.0,56.0,,,1,2,3,1,3
202100045996,2021-03-30 12:50:00,2021,3,30,12,50,93,93030,HUIT-MAI-1945 (AVENUE DU),48.9451099716,2.4350498042,Plein jour,En agglomération,Intersection en T,Normale,Deux véhicules - côté,3,3,2,3,1,1,1,8,1,30,,2,1,0,0,1,31.0,79.0,,,1,2,3,1,3
202100045997,2021-03-29 18:55:00,2021,3,29,18,55,92,92063,MOLIERE (RUE),48.8774213787,2.1879006922,Plein jour,En agglomération,Hors intersection,Normale,Deux véhicules - côté,4,2,1,0,1,1,1,0,1,50,,2,1,0,0,1,51.0,34.0,,,1,2,1,1,3
202100045998,2021-03-29 18:50:00,2021,3,29,18,50,92,92063,DOUMER (AVENUE PAUL) NORD,48.8830394042,2.1894711256,Plein jour,En agglomération,Intersection en T,Normale,Deux véhicules - côté,3,3,4,0,1,1,1,5,1,50,,2,1,0,0,1,47.0,24.0,,,1,2,3,1,3
202100045999,2021-03-29 19:15:00,2021,3,29,19,15,92,92051,"BINEAU (BOULEVARD, N°53 A 131 ET 52 A 13",48.8872476922,2.2806018591,Plein jour,En agglomération,Hors intersection,Normale,Autre collision,3,3,4,1,1,1,1,0,1,50,,3,2,0,0,1,30.0,,,,1,2,1,1,6