accident_id,datetime,annee,mois,jour,heure,minute,departement,commune_insee,adresse,latitude,longitude,luminosite,agglomeration,intersection,meteo,collision,catr,circ,nbv,vosp,prof,plan,surf,infra,situ,vma,nb_vehicules,nb_usagers,nb_indemnes,nb_tues,nb_blesses_hosp,nb_blesses_legers,age_cond_1,age_cond_2,veh_type_cond_1,veh_type_cond_2,lum_code,agg_code,int_code,atm_code,col_code
202100046000,2021-03-28 19:15:00,2021,3,28,19,15,92,92051,"VICTOR HUGO (BOULEVARD, N° 9 A 49 ET 16",48.8912318571,2.2752622515,Plein jour,En agglomération,Intersection en T,Normale,Trois véhicules et plus - collisions multiples,4,2,2,0,1,1,1,0,1,50,,4,3,0,0,1,71.0,30.0,,,1,2,3,1,5
202100046001,2021-03-30 21:39:00,2021,3,30,21,39,92,92026,GAMBETTA,48.8933276635,2.2475371187,Nuit avec éclairage non allumé,En agglomération,Hors intersection,Normale,Deux véhicules - arrière,3,1,1,1,1,1,1,0,1,50,,2,1,0,0,1,23.0,28.0,,,4,2,1,1,2
202100046002,2021-03-30 08:45:00,2021,3,30,8,45,92,92025,AGENT SARRE (AV DE L'),48.9248394752,2.2666746673,Plein jour,En agglomération,Intersection en X,Normale,Deux véhicules - côté,3,2,0,0,1,1,1,0,1,50,,2,1,0,0,1,23.0,49.0,,,1,2,2,1,3
202100046003,2021-03-31 18:45:00,2021,3,31,18,45,37,37123,Lieu Dit les Passetemps,47.3321846926,0.3985955168,Plein jour,Hors agglomération,Hors intersection,Normale,Autre collision,3,2,2,0,2,1,1,0,3,80,,3,0,1,0,2,20.0,,,,1,1,1,1,6
202100046004,2021-03-30 22:20:00,2021,3,30,22,20,52,52327,route départementale 384A,48.617658,4.892789,Nuit avec éclairage non allumé,En agglomération,Hors intersection,Normale,Autre collision,3,2,2,0,2,1,1,0,4,70,,1,0,1,0,0,23.0,,,,4,2,1,1,6
202100046005,2021-03-30 06:45:00,2021,3,30,6,45,80,80117,PK 152.500,50.035533,2.043715,Plein jour,Hors agglomération,Hors intersection,Normale,Autre collision,1,3,1,3,1,1,1,8,1,50,,2,1,0,1,0,75.0,,,,1,1,1,1,6
202100046006,2021-03-31 18:06:00,2021,3,31,18,6,33,33187,,44.584792,-0.086383,Plein jour,En agglomération,Autre intersection,Normale,Autre collision,3,2,2,0,1,1,1,9,1,50,,2,1,0,1,0,,,,,1,2,9,1,6
202100046007,2021-03-31 18:30:00,2021,3,31,18,30,10,10191,D610,48.33363,4.096227,Plein jour,Hors agglomération,Hors intersection,Normale,Deux véhicules - arrière,3,3,4,0,1,1,1,0,1,110,,2,1,0,0,1,48.0,44.0,,,1,1,1,1,2
202100046008,2021-03-31 05:45:00,2021,3,31,5,45,974,97422,Rue du Docteur Henri Roussel,-21.281057,55.513967,Crépuscule ou aube,En agglomération,Hors intersection,Pluie légère,Deux véhicules - côté,9,2,2,0,2,1,2,0,1,50,,2,1,0,1,0,73.0,,,,2,2,1,2,3
202100046009,2021-03-31 15:00:00,2021,3,31,15,0,84,84135,Chemin de Massillan (Pont),44.232958,4.796761,Plein jour,Hors agglomération,Hors intersection,Normale,Sans collision,4,2,2,0,2,1,1,0,1,50,,1,0,0,1,0,64.0,,,,1,1,1,1,7
202100046010,2021-03-29 14:00:00,2021,3,29,14,0,46,46148,781 Route de Castelnau,44.33734,1.532249,Plein jour,Hors agglomération,Hors intersection,Normale,Deux véhicules - côté,3,2,2,0,1,1,1,0,1,70,,2,1,0,1,0,17.0,45.0,,,1,1,1,1,3
202100046011,2021-03-29 23:00:00,2021,3,29,23,0,37,37266,Autoroute A10 PK217+000,47.3079137551,0.6913424001,Nuit sans éclairage public,Hors agglomération,Hors intersection,Normale,Deux véhicules - côté,1,3,3,0,3,2,1,8,1,90,,2,1,0,0,1,30.0,60.0,,,3,1,1,1,3
202100046012,2021-03-30 07:05:00,2021,3,30,7,5,60,60152,N31,49.396871,2.604929,Crépuscule ou aube,Hors agglomération,Hors intersection,Normale,Deux véhicules - arrière,2,2,2,0,1,1,1,0,1,90,,2,1,0,0,1,70.0,48.0,,,2,1,1,1,2
202100046013,2021-03-29 17:30:00,2021,3,29,17,30,33,33523,,44.747499,-0.264589,Plein jour,Hors agglomération,Hors intersection,Temps éblouissant,Deux véhicules - frontale,3,2,2,0,1,1,1,0,1,80,,2,0,1,0,1,53.0,82.0,,,1,1,1,7,1
202100046014,2021-03-26 18:50:00,2021,3,26,18,50,33,33140,D121,44.778772,-0.339645,Crépuscule ou aube,Hors agglomération,Intersection en T,Normale,Autre collision,3,2,2,0,1,1,1,0,3,70,,1,0,0,1,0,40.0,,,,2,1,3,1,6
202100046015,2021-03-31 13:50:00,2021,3,31,13,50,89,89134,D606,47.474688,4.018174,Plein jour,Hors agglomération,Intersection en T,Normale,Deux véhicules - frontale,3,2,2,0,1,3,1,0,1,50,,2,0,0,0,2,50.0,19.0,,,1,1,3,1,1
202100046016,2021-03-30 16:20:00,2021,3,30,16,20,68,68338,D11,48.093904,7.229562,Plein jour,Hors agglomération,Hors intersection,Normale,Sans collision,3,2,2,0,2,2,9,0,1,80,,1,0,0,1,0,48.0,,,,1,1,1,1,7
202100046017,2021-03-31 10:09:00,2021,3,31,10,9,25,25623,GRANDE RUE,47.226009,6.441797,Plein jour,En agglomération,Autre intersection,Temps éblouissant,Deux véhicules - côté,3,2,2,0,2,1,1,0,1,50,,2,1,0,1,0,70.0,44.0,,,1,2,9,7,3
202100046018,2021-03-14 12:00:00,2021,3,14,12,0,44,44069,D192,47.296823,-2.393875,Plein jour,En agglomération,Hors intersection,Vent fort / tempête,Deux véhicules - côté,3,2,2,1,1,3,1,0,1,50,,2,1,0,1,0,72.0,34.0,,,1,2,1,6,3
202100046019,2021-03-30 17:25:00,2021,3,30,17,25,38,38363,RD519,45.346075,5.077931,Plein jour,En agglomération,Giratoire,Normale,Deux véhicules - côté,3,1,1,0,1,3,1,0,1,50,,2,1,0,0,1,83.0,62.0,,,1,2,6,1,3
202100046020,2021-03-29 17:10:00,2021,3,29,17,10,70,70168,D28,47.807834,6.194888,Plein jour,Hors agglomération,Hors intersection,Normale,Sans collision,3,2,2,0,1,1,1,0,3,80,,1,0,0,1,0,23.0,,,,1,1,1,1,7
202100046021,2021-03-30 17:51:00,2021,3,30,17,51,60,60509,rue Jean Moulin,49.3063523664,2.6042125224,Plein jour,En agglomération,Autre intersection,Temps éblouissant,Autre collision,3,2,2,0,1,1,1,0,1,50,,2,1,0,0,1,79.0,,,,1,2,9,7,6
202100046022,2021-03-31 06:30:00,2021,3,31,6,30,45,45141,D965-PR1+1,47.588081,2.933919,Crépuscule ou aube,Hors agglomération,Hors intersection,Normale,Autre collision,3,2,2,0,1,1,1,0,3,80,,5,2,0,2,1,49.0,,,,2,1,1,1,6
202100046023,2021-03-30 17:43:00,2021,3,30,17,43,85,85172,Le Marquisat,46.81414,-2.00478,Plein jour,Hors agglomération,Hors intersection,Normale,Deux véhicules - arrière,3,2,2,0,1,1,1,0,1,80,,2,0,0,1,1,16.0,42.0,,,1,1,1,1,2
202100046024,2021-03-30 18:15:00,2021,3,30,18,15,27,27534,D52,49.257209,1.050568,Plein jour,Hors agglomération,Hors intersection,Normale,Deux véhicules - frontale,3,2,2,0,1,3,1,0,1,80,,2,1,0,1,0,56.0,17.0,,,1,1,1,1,1
202100046025,2021-03-30 14:40:00,2021,3,30,14,40,28,28251,D308.4,48.725451,1.447017,Plein jour,Hors agglomération,Intersection en X,Normale,Deux véhicules - côté,3,2,2,0,1,1,1,0,1,80,,2,0,0,0,2,70.0,38.0,,,1,1,2,1,3
202100046026,2021-03-27 18:35:00,2021,3,27,18,35,37,37281,Les Herbes Blanches,47.4472505457,0.7895841091,Plein jour,Hors agglomération,Intersection en T,Normale,Deux véhicules - arrière,3,2,2,0,1,1,1,0,1,80,,2,1,0,0,1,48.0,21.0,,,1,1,3,1,2
202100046027,2021-03-29 18:10:00,2021,3,29,18,10,52,52093,Place de Verdun,47.804584,5.435057,Plein jour,En agglomération,Intersection en T,Temps éblouissant,Deux véhicules - côté,3,2,2,0,1,1,1,0,1,50,,2,1,0,0,1,15.0,35.0,,,1,2,3,7,3
202100046028,2021-03-29 16:33:00,2021,3,29,16,33,08,08363,59 Avenue Jean-baptiste Clément,49.935203,4.640388,Plein jour,En agglomération,Hors intersection,Temps éblouissant,Deux véhicules - côté,3,2,2,0,2,2,1,0,1,50,,2,1,0,0,1,34.0,50.0,,,1,2,1,7,3
202100046029,2021-03-30 19:05:00,2021,3,30,19,5,88,88465,Rue Pierre de Coubertin,48.246351,6.425945,Crépuscule ou aube,En agglomération,Hors intersection,Temps éblouissant,Autre collision,4,3,2,0,1,1,1,0,1,50,,2,1,0,1,0,68.0,,,,2,2,1,7,6
202100046030,2021-03-30 17:20:00,2021,3,30,17,20,76,76533,A29,49.500061,0.275431,Plein jour,Hors agglomération,Hors intersection,Normale,Sans collision,1,3,4,0,1,1,1,0,1,110,,2,1,0,0,1,,42.0,,,1,1,1,1,7
202100046031,2021-03-31 11:30:00,2021,3,31,11,30,57,57289,"AUTOROUTE A4 - PK 391+300, sens Strasbourg - Paris",49.043494,7.041121,Plein jour,Hors agglomération,Hors intersection,Normale,Deux véhicules - arrière,1,3,4,0,1,1,1,0,1,130,,3,2,0,0,1,21.0,49.0,,,1,1,1,1,2
202100046032,2021-03-31 11:50:00,2021,3,31,11,50,45,45039,Allee des Fauvettes,47.789178,2.378148,Plein jour,En agglomération,Intersection en T,Normale,Deux véhicules - côté,4,2,2,0,1,1,1,0,1,50,,3,2,0,0,1,57.0,67.0,,,1,2,3,1,3
202100046033,2021-03-31 16:15:00,2021,3,31,16,15,83,83042,274 Avenue Saint Maur,43.256315,6.528188,Plein jour,En agglomération,Hors intersection,Normale,Deux véhicules - côté,3,2,2,0,1,1,1,0,1,50,,2,1,0,1,0,57.0,43.0,,,1,2,1,1,3
202100046034,2021-03-30 13:26:00,2021,3,30,13,26,70,70026,27 Rue des Giranaux - rue de Rigny,47.458683,5.601745,Plein jour,En agglomération,Intersection en T,Normale,Autre collision,4,-1,2,0,1,1,1,0,4,50,,1,0,0,1,0,20.0,,,,1,2,3,1,6
202100046035,2021-03-30 15:30:00,2021,3,30,15,30,55,55258,D8,48.774267,5.69372,Plein jour,Hors agglomération,Hors intersection,Normale,Deux véhicules - arrière,3,2,2,0,1,1,1,0,1,80,,2,1,0,1,0,53.0,32.0,,,1,1,1,1,2
202100046036,2021-03-30 10:00:00,2021,3,30,10,0,38,38377,Rue René Duchamp,45.566975,5.45049,Plein jour,En agglomération,Hors intersection,Normale,Autre collision,4,2,2,0,1,1,1,0,1,50,,2,1,0,0,1,29.0,,,,1,2,1,1,6
202100046037,2021-03-30 16:20:00,2021,3,30,16,20,69,69028,PONT PINAY (DU) (RTE),45.720683,4.679275,Plein jour,Hors agglomération,Hors intersection,Normale,Deux véhicules - arrière,3,2,2,0,2,1,1,0,1,80,,2,1,0,0,1,36.0,51.0,,,1,1,1,1,2
202100046038,2021-03-30 15:45:00,2021,3,30,15,45,31,31568,croisement CD.2  -  CD.11,43.480079,1.691165,Plein jour,Hors agglomération,Intersection en X,Normale,Deux véhicules - côté,3,2,2,0,2,1,1,5,1,-1,,2,1,0,1,0,62.0,86.0,,,1,1,2,1,3
202100046039,2021-03-28 19:30:00,2021,3,28,19,30,72,72264,Rue des Jumeaux,47.830984,-0.325583,Nuit avec éclairage allumé,En agglomération,Autre intersection,Normale,Autre collision,3,2,2,0,2,3,1,0,3,50,,1,0,0,1,0,23.0,,,,5,2,9,1,6
202100046040,2021-03-27 15:45:00,2021,3,27,15,45,14,14228,Avenue de la Basilique,49.298018,-0.371062,Plein jour,En agglomération,Intersection en X,Normale,Deux véhicules - côté,3,2,2,0,1,1,1,0,1,50,,3,1,0,0,2,47.0,25.0,,,1,2,2,1,3
202100046041,2021-03-30 11:20:00,2021,3,30,11,20,22,22178,6 Rue Saint-fiacre,48.695868,-3.007802,Plein jour,En agglomération,Hors intersection,Normale,Deux véhicules - arrière,3,2,2,0,1,1,1,0,1,50,,2,1,0,1,0,75.0,82.0,,,1,2,1,1,2
202100046042,2021-03-31 14:05:00,2021,3,31,14,5,60,60116,D137,49.3158418775,2.3662049934,Plein jour,Hors agglomération,Intersection en T,Temps éblouissant,Deux véhicules - côté,3,2,2,0,2,1,1,0,1,80,,2,1,0,1,0,44.0,30.0,,,1,1,3,7,3
202100046043,2021-03-30 17:30:00,2021,3,30,17,30,60,60439,rue des pinsons,49.315931,2.315594,Plein jour,En agglomération,Autre intersection,Normale,Deux véhicules - frontale,5,1,1,0,1,1,1,9,8,50,,2,1,0,0,1,56.0,8.0,,,1,2,9,1,1
202100046044,2021-03-30 16:30:00,2021,3,30,16,30,60,60342,RD 1016,49.297297,2.452226,Plein jour,Hors agglomération,Hors intersection,Normale,Trois véhicules et plus - en chaîne,3,3,4,0,4,1,1,2,1,110,,4,1,0,1,2,28.0,38.0,,,1,1,1,1,4
202100046045,2021-03-31 18:15:00,2021,3,31,18,15,60,60103,D931,49.4125749635,2.2174487113,Plein jour,Hors agglomération,Intersection en Y,Normale,Deux véhicules - côté,2,1,-1,-1,1,1,1,2,1,-1,,3,0,0,0,3,68.0,35.0,,,1,1,4,1,3
202100046046,2021-03-27 08:15:00,2021,3,27,8,15,59,59497,Rue d'Oudoff,50.719159,2.360552,Plein jour,Hors agglomération,Hors intersection,Normale,Sans collision,4,2,2,0,1,1,1,0,3,80,,1,0,1,0,0,71.0,,,,1,1,1,1,7
202100046047,2021-03-30 15:20:00,2021,3,30,15,20,13,13055,A507 sens Marseille - Aubagne,43.28697,5.50547,Plein jour,Hors agglomération,Hors intersection,Normale,Sans collision,1,1,3,0,1,1,1,1,1,70,,1,0,0,0,1,46.0,,,,1,1,1,1,7
202100046048,2021-03-30 08:24:00,2021,3,30,8,24,13,13211,A50-Sens Marseille vers Aubagne,43.28792,5.50098,Plein jour,Hors agglomération,Hors intersection,Normale,Deux véhicules - côté,1,1,3,0,1,1,1,0,1,90,,2,1,0,0,1,37.0,20.0,,,1,1,1,1,3
202100046049,2021-03-29 13:30:00,2021,3,29,13,30,13,13071,A5502D-Sens Marseille vers A55-Martigues,43.398064,5.297929,Plein jour,Hors agglomération,Hors intersection,Normale,Sans collision,1,-1,2,0,1,1,1,0,1,90,,3,1,0,0,2,25.0,,,,1,1,1,1,7
202100046050,2021-03-30 09:45:00,2021,3,30,9,45,33,33249,,44.880783,-0.510596,Plein jour,Hors agglomération,Hors intersection,Normale,Trois véhicules et plus - en chaîne,2,3,8,0,1,1,1,0,1,90,,3,2,0,1,0,48.0,25.0,,,1,1,1,1,4
202100046051,2021-03-30 16:35:00,2021,3,30,16,35,91,91363,AUTOROUTE A10,48.66913,2.19326,Plein jour,Hors agglomération,Hors intersection,Normale,Sans collision,1,1,1,0,1,1,1,0,1,70,,1,0,0,0,1,28.0,,,,1,1,1,1,7
202100046052,2021-03-30 21:00:00,2021,3,30,21,0,93,93048,AUTOROUTE A3,48.87167,2.4332,Nuit sans éclairage public,Hors agglomération,Hors intersection,Normale,Deux véhicules - arrière,1,3,9,0,1,1,1,0,1,70,,2,1,0,0,1,,25.0,,,3,1,1,1,2
202100046053,2021-03-30 19:20:00,2021,3,30,19,20,93,93027,AUTOROUTE A86,48.92222,2.37766,Plein jour,Hors agglomération,Hors intersection,Normale,Trois véhicules et plus - collisions multiples,1,3,1,0,2,1,1,0,1,70,,3,1,0,0,2,31.0,43.0,,,1,1,1,1,5
202100046054,2021-03-30 10:55:00,2021,3,30,10,55,95,95488,AUTOROUTE A15,49.0129801013,2.1491154178,Plein jour,Hors agglomération,Hors intersection,Normale,Deux véhicules - arrière,1,3,7,0,3,1,1,0,1,90,,2,1,0,0,1,28.0,45.0,,,1,1,1,1,2
202100046055,2021-03-30 17:50:00,2021,3,30,17,50,94,94042,A4,48.82748,2.4702,Plein jour,Hors agglomération,Hors intersection,Normale,Deux véhicules - arrière,1,3,8,0,1,1,1,0,1,90,,2,1,0,1,0,23.0,44.0,,,1,1,1,1,2
202100046056,2021-03-30 08:00:00,2021,3,30,8,0,93,93051,A4,48.8359,2.5629,Plein jour,Hors agglomération,Hors intersection,Normale,Trois véhicules et plus - collisions multiples,1,1,3,0,1,1,1,0,1,110,,5,4,0,0,1,28.0,41.0,,,1,1,1,1,5
202100046057,2021-03-29 18:30:00,2021,3,29,18,30,94,94069,A4,48.81674,2.44706,Plein jour,Hors agglomération,Hors intersection,Normale,Trois véhicules et plus - en chaîne,1,3,6,0,1,1,1,0,1,90,,3,2,0,1,0,22.0,29.0,,,1,1,1,1,4
202100046058,2021-01-27 05:35:00,2021,1,27,5,35,976,97611,m'tsapere-Nationale 2 (route),-12.78698,45.22551,Crépuscule ou aube,En agglomération,Hors intersection,Normale,Autre collision,2,2,0,0,1,1,1,0,1,50,,2,1,0,0,1,33.0,,,,2,2,1,1,6
202100046059,2021-03-29 07:10:00,2021,3,29,7,10,974,97416,LEBLOND 2 (RUE MARIUS ET ARY),-21.3363779135,55.470110178,Plein jour,En agglomération,Intersection en X,Normale,Deux véhicules - frontale,4,1,2,0,1,1,1,6,1,50,,2,1,0,0,1,49.0,,,,1,2,2,1,1
202100046060,2021-03-29 08:35:00,2021,3,29,8,35,973,97302,BADUEL (ROUTE DE),4.93675,-52.31467,Plein jour,En agglomération,Hors intersection,Normale,Autre collision,3,2,1,0,1,1,1,0,1,50,,2,1,0,0,1,32.0,,,,1,2,1,1,6
202100046061,2021-03-29 14:20:00,2021,3,29,14,20,69,69387,TONY GARNIER                        (AV),45.7262453572,4.8377487339,Plein jour,En agglomération,Intersection en X,Normale,Deux véhicules - côté,4,3,7,0,1,1,1,0,1,50,,2,1,0,0,1,66.0,32.0,,,1,2,2,1,3
202100046062,2021-03-29 15:10:00,2021,3,29,15,10,69,69388,MARIUS BERLIET (R),45.7389562157,4.8665356636,Plein jour,En agglomération,Intersection en X,Normale,Deux véhicules - côté,4,1,2,3,1,1,1,0,1,50,,2,0,0,0,2,41.0,26.0,,,1,2,2,1,3
202100046063,2021-03-29 13:30:00,2021,3,29,13,30,69,69382,PERRACHE (Q),45.7343381635,4.8181663753,Plein jour,En agglomération,Intersection en X,Normale,Deux véhicules - côté,4,1,4,0,1,1,1,0,1,50,,3,1,0,0,2,57.0,55.0,,,1,2,2,1,3
202100046064,2021-03-25 15:20:00,2021,3,25,15,20,69,69081,VALVERT                                 ,45.77063,4.7884,Plein jour,En agglomération,Giratoire,Normale,Deux véhicules - côté,9,4,3,0,1,3,1,5,1,50,,2,1,0,0,1,53.0,67.0,,,1,2,6,1,3
202100046065,2021-03-27 20:20:00,2021,3,27,20,20,971,97113,RN4 - SECTION RIVIERA,16.21759,-61.49429,Nuit avec éclairage allumé,Hors agglomération,Hors intersection,Normale,Deux véhicules - côté,2,2,2,0,1,4,1,5,1,70,,3,1,0,0,2,31.0,66.0,,,5,1,1,1,3
202100046066,2021-03-29 15:30:00,2021,3,29,15,30,95,95268,RUE DU TIERS POT,48.9672142502,2.3981416225,Plein jour,En agglomération,Hors intersection,Temps éblouissant,Autre collision,4,2,2,0,1,1,1,0,1,50,,2,1,0,0,1,49.0,,,,1,2,1,7,6
202100046067,2021-03-29 08:25:00,2021,3,29,8,25,95,95060,RONSARD (RUE),49.0379459936,2.2093968855,Plein jour,En agglomération,Hors intersection,Normale,Autre collision,4,2,2,0,1,1,1,0,8,50,,2,1,0,1,0,36.0,,,,1,2,1,1,6
202100046068,2021-03-29 20:50:00,2021,3,29,20,50,83,83050,GRASSE(ROUTE VIEILLE  DE),43.542568,6.487419,Nuit avec éclairage allumé,En agglomération,Hors intersection,Normale,Deux véhicules - arrière,4,2,2,0,2,4,1,0,1,50,,2,1,0,0,1,37.0,35.0,,,5,2,1,1,2
202100046069,2021-03-28 16:40:00,2021,3,28,16,40,83,83050,DE GAULLE(ROND POINT CHARLES),43.5198,6.47236,Plein jour,En agglomération,Giratoire,Normale,Deux véhicules - arrière,3,1,2,0,1,3,1,5,1,50,,3,1,0,0,2,19.0,59.0,,,1,2,6,1,2
202100046070,2021-03-29 15:40:00,2021,3,29,15,40,77,77350,CD NUMERO 471,48.76796,2.70733,Plein jour,Hors agglomération,Hors intersection,Normale,Deux véhicules - côté,3,2,2,0,1,1,1,0,1,80,,2,1,0,0,1,24.0,,,,1,1,1,1,3
202100046071,2021-03-27 17:40:00,2021,3,27,17,40,74,74119,DUPAS (AVENUE DU GENERAL) RD 1005,46.40185,6.58694,Plein jour,En agglomération,Hors intersection,Normale,Autre collision,3,1,2,0,1,1,1,0,1,50,,3,1,0,0,2,34.0,,,,1,2,1,1,6
202100046072,2021-03-28 16:15:00,2021,3,28,16,15,72,72181,MONTAIGU (RUE DE),47.98921,0.16221,Plein jour,En agglomération,Hors intersection,Normale,Sans collision,4,2,2,0,2,1,1,0,4,50,,2,1,0,0,1,56.0,,,,1,2,1,1,7
202100046073,2021-03-29 21:00:00,2021,3,29,21,0,69,69290,HENRI MARECHAL (R),45.69554,4.94153,Nuit avec éclairage allumé,En agglomération,Intersection en T,Normale,Deux véhicules - côté,4,2,4,2,1,1,1,0,1,50,,3,2,0,0,1,31.0,20.0,,,5,2,3,1,3
202100046074,2021-03-28 19:20:00,2021,3,28,19,20,69,69266,LAFONTAINE (R),45.76039,4.8799,Crépuscule ou aube,En agglomération,Hors intersection,Normale,Autre collision,4,2,2,0,1,1,1,0,1,50,,2,0,0,0,2,55.0,,,,2,2,1,1,6
202100046075,2021-03-28 14:00:00,2021,3,28,14,0,67,67218,ANDRE MALRAUX (AVENUE),48.525352,7.721271,Plein jour,En agglomération,Hors intersection,Normale,Deux véhicules - côté,4,3,2,0,1,1,1,0,1,50,,2,1,0,0,1,20.0,24.0,,,1,2,1,1,3
202100046076,2021-03-29 13:35:00,2021,3,29,13,35,66,66136,ALBERT MARCELLIN,42.6892,2.89325,Plein jour,En agglomération,Hors intersection,Normale,Deux véhicules - côté,4,2,2,0,1,1,1,0,1,50,,2,1,0,0,1,23.0,35.0,,,1,2,1,1,3
202100046077,2021-03-28 15:20:00,2021,3,28,15,20,64,64237,GABIZOS DU,43.27894,-0.3753,Plein jour,En agglomération,Intersection en T,Normale,Deux véhicules - côté,3,2,2,0,2,3,1,0,1,50,,2,1,0,0,1,51.0,41.0,,,1,2,3,1,3
202100046078,2021-03-25 15:55:00,2021,3,25,15,55,64,64348,NORD SUD VOIE,43.32252,-0.39021,Plein jour,Hors agglomération,Hors intersection,Normale,Deux véhicules - arrière,3,2,2,0,1,1,1,0,1,70,,2,1,0,0,1,38.0,30.0,,,1,1,1,1,2
202100046079,2021-03-28 17:50:00,2021,3,28,17,50,64,64102,MOUNEDE (AVENUE DE),43.4984,-1.45496,Plein jour,En agglomération,Hors intersection,Normale,Sans collision,4,2,3,1,1,1,1,0,1,30,,1,0,0,0,1,49.0,,,,1,2,1,1,7
202100046080,2021-03-24 12:46:00,2021,3,24,12,46,63,63032,PARC (AVENUE DU),45.754102596,3.0968950468,Plein jour,En agglomération,Hors intersection,Normale,Autre collision,4,2,2,0,1,1,1,0,1,50,,2,1,0,0,1,74.0,,,,1,2,1,1,6
202100046081,2021-03-29 02:46:00,2021,3,29,2,46,63,63113,JOUHAUX (BD LEON),45.79616,3.11692,Nuit avec éclairage allumé,En agglomération,Hors intersection,Normale,Autre collision,7,3,4,0,1,1,1,0,1,50,,1,0,0,0,1,20.0,,,,5,2,1,1,6
202100046082,2021-03-28 15:58:00,2021,3,28,15,58,63,63075,Voltaire /Claussat,45.77861,3.06244,Plein jour,En agglomération,Giratoire,Normale,Deux véhicules - côté,7,2,2,0,1,1,1,0,1,50,,2,1,0,0,1,21.0,77.0,,,1,2,6,1,3
202100046083,2021-03-28 09:15:00,2021,3,28,9,15,63,63113,BERTHELOT (BOULEVARD),45.77727,3.07275,Plein jour,En agglomération,Intersection en X,Normale,Deux véhicules - côté,4,1,2,0,1,1,1,0,1,50,,5,1,0,0,4,30.0,33.0,,,1,2,2,1,3
202100046084,2021-03-29 19:15:00,2021,3,29,19,15,59,59599,PIATS (RUE DES),50.7237269586,3.172262013,Plein jour,En agglomération,Hors intersection,Normale,Autre collision,4,2,2,0,1,1,1,0,1,50,,2,1,0,0,1,30.0,,,,1,2,1,1,6
202100046085,2021-03-29 20:20:00,2021,3,29,20,20,59,59360,EPINETTE RUE N° IMPAIRS DU 01 AU 103,50.6169479189,3.0240297318,Nuit avec éclairage allumé,En agglomération,Intersection en X,Normale,Deux véhicules - côté,7,2,2,0,1,1,1,0,1,50,,2,1,0,0,1,51.0,19.0,,,5,2,2,1,3
202100046086,2021-03-28 12:00:00,2021,3,28,12,0,59,59368,POMPIDOU G. RUE DU PDT.7 -141,50.65514,3.06506,Plein jour,En agglomération,Hors intersection,Normale,Autre collision,7,3,3,0,1,1,1,0,1,50,,2,1,0,0,1,38.0,,,,1,2,1,1,6
202100046087,2021-03-27 17:05:00,2021,3,27,17,5,57,57221,GARE (RUE DE LA),49.32861,6.11989,Plein jour,En agglomération,Hors intersection,Normale,Autre collision,4,1,1,0,1,1,1,0,3,50,,1,0,0,1,0,41.0,,,,1,2,1,1,6
202100046088,2021-03-23 19:00:00,2021,3,23,19,0,56,56260,SAINTE-ANNE (ROUTE),47.66229,-2.77853,Plein jour,En agglomération,Intersection en X,Normale,Deux véhicules - côté,4,2,2,0,1,1,1,0,1,50,,2,1,0,0,1,30.0,19.0,,,1,2,2,1,3
202100046089,2021-03-27 21:11:00,2021,3,27,21,11,56,56121,CARNOT (RUE  LAZARE ),47.74215,-3.36113,Nuit avec éclairage allumé,En agglomération,Hors intersection,Normale,Autre collision,4,2,2,0,1,1,1,0,3,30,,1,0,0,0,1,22.0,,,,5,2,1,1,6
202100046090,2021-03-26 13:10:00,2021,3,26,13,10,56,56121,Rue de Carnel,47.74026,-3.36878,Plein jour,En agglomération,Intersection en X,Normale,Deux véhicules - côté,4,2,2,0,1,1,1,0,1,50,,2,1,0,0,1,34.0,17.0,,,1,2,2,1,3
202100046091,2021-03-29 15:55:00,2021,3,29,15,55,54,54431,METZ (AVENUE DE),48.91772,6.06331,Plein jour,En agglomération,Intersection en T,Normale,Deux véhicules - côté,3,2,3,0,1,1,1,0,1,50,,2,1,0,0,1,34.0,29.0,,,1,2,3,1,3
202100046092,2021-03-29 17:36:00,2021,3,29,17,36,51,51454,Rue Gabriel Voisin,49.2353177287,4.0699014642,Plein jour,En agglomération,Intersection en X,Normale,Deux véhicules - côté,4,2,3,2,1,1,1,0,1,50,,2,1,0,0,1,46.0,27.0,,,1,2,2,1,3
202100046093,2021-03-29 13:25:00,2021,3,29,13,25,51,51454,Rue Roger Aubry,49.2276447418,4.0246619735,Plein jour,En agglomération,Hors intersection,Temps éblouissant,Sans collision,4,2,2,0,1,2,1,0,3,50,,1,0,0,0,1,54.0,,,,1,2,1,7,7
202100046094,2021-03-29 11:30:00,2021,3,29,11,30,51,51454,Rue Bruyant,49.2591547535,4.0162981904,Plein jour,En agglomération,Hors intersection,Normale,Sans collision,4,1,1,0,1,3,1,0,1,50,,1,0,0,0,1,63.0,,,,1,2,1,1,7
202100046095,2021-03-29 08:05:00,2021,3,29,8,5,51,51454,Rue Chabaud,49.2502238437,4.0268394078,Plein jour,En agglomération,Intersection en T,Normale,Deux véhicules - côté,4,1,1,0,1,1,1,0,1,50,,2,1,0,0,1,28.0,19.0,,,1,2,3,1,3
202100046096,2021-03-28 05:15:00,2021,3,28,5,15,50,50173,ARAGO (RUE),49.65175,-1.66703,Nuit avec éclairage allumé,En agglomération,Intersection en Y,Normale,Autre collision,4,2,2,0,1,2,9,0,3,50,,1,0,0,0,1,46.0,,,,5,2,4,1,6