accident_id,datetime,annee,mois,jour,heure,minute,departement,commune_insee,adresse,latitude,longitude,luminosite,agglomeration,intersection,meteo,collision,catr,circ,nbv,vosp,prof,plan,surf,infra,situ,vma,nb_vehicules,nb_usagers,nb_indemnes,nb_tues,nb_blesses_hosp,nb_blesses_legers,age_cond_1,age_cond_2,veh_type_cond_1,veh_type_cond_2,lum_code,agg_code,int_code,atm_code,col_code
202100046097,2021-03-28 21:40:00,2021,3,28,21,40,50,50203,AXE NORD SUD,49.60682,-1.59136,Nuit sans éclairage public,Hors agglomération,Hors intersection,Normale,Autre collision,2,3,4,0,3,1,1,0,1,90,,1,0,0,0,1,26.0,,,,3,1,1,1,6
202100046098,2021-03-26 18:20:00,2021,3,26,18,20,49,49328,rond point du general arnold,47.25997,-0.08874,Plein jour,En agglomération,Hors intersection,Pluie forte,Deux véhicules - côté,4,4,2,0,1,2,2,0,1,30,,2,1,0,0,1,27.0,22.0,,,1,2,1,3,3
202100046099,2021-03-28 12:00:00,2021,3,28,12,0,49,49099,RD 752,46.99533,-0.89279,Plein jour,En agglomération,Giratoire,Normale,Sans collision,3,2,2,0,1,3,1,0,1,50,,1,0,0,1,0,52.0,,,,1,2,6,1,7
202100046100,2021-03-26 14:00:00,2021,3,26,14,0,49,49099,RICHARD (BOULEVARD GUSTAVE),47.06638,-0.88167,Plein jour,Hors agglomération,Intersection en T,Normale,Autre collision,4,2,2,0,2,1,1,0,4,50,,1,0,0,1,0,64.0,,,,1,1,3,1,6
202100046101,2021-03-29 14:20:00,2021,3,29,14,20,49,49007,ATLANTIQUE  AVENUE DE L',47.4647447026,-0.5748203316,Plein jour,Hors agglomération,Hors intersection,Normale,Trois véhicules et plus - en chaîne,3,2,4,0,1,1,1,0,1,90,,3,2,0,0,1,47.0,54.0,,,1,1,1,1,4
202100046102,2021-03-24 16:25:00,2021,3,24,16,25,38,38544,RENTE(CHEMIN DE LA),45.5033291578,4.8943018913,Plein jour,Hors agglomération,Hors intersection,Normale,Sans collision,3,2,2,0,2,1,1,0,1,80,,1,0,0,1,0,70.0,,,,1,1,1,1,7
202100046103,2021-03-29 23:25:00,2021,3,29,23,25,38,38151,Echangeur du Rondeau,45.15904,5.70222,Nuit sans éclairage public,Hors agglomération,Hors intersection,Normale,Sans collision,7,1,1,0,1,3,1,3,8,70,,2,0,0,1,1,18.0,,,,3,1,1,1,7
202100046104,2021-03-28 17:00:00,2021,3,28,17,0,37,37261,SAVONNIERES (ROUTE DE),47.3696272716,0.6717155267,Plein jour,En agglomération,Hors intersection,Normale,Deux véhicules - côté,4,2,3,0,1,1,1,0,1,50,,2,0,0,0,2,23.0,71.0,,,1,2,1,1,3
202100046105,2021-03-28 13:05:00,2021,3,28,13,5,37,37261,BOUZIGNAC (JARDIN GUILLAUME),47.3749989793,0.7111809688,Plein jour,En agglomération,Hors intersection,Normale,Autre collision,6,-1,-1,0,1,1,1,0,1,50,,2,1,0,0,1,44.0,,,,1,2,1,1,6
202100046106,2021-03-29 18:50:00,2021,3,29,18,50,35,35278,ROBIQUETTE ( BOULEVARD DE LA ),48.14006,-1.69971,Plein jour,Hors agglomération,Intersection en T,Temps éblouissant,Deux véhicules - frontale,4,2,2,2,1,1,1,0,1,50,,4,2,0,1,1,34.0,42.0,,,1,1,3,7,1
202100046107,2021-03-29 16:35:00,2021,3,29,16,35,35,35238,NANTES (DE),48.09238,-1.69148,Plein jour,En agglomération,Intersection en T,Normale,Deux véhicules - côté,4,2,3,2,1,1,1,0,5,50,,2,1,0,0,1,21.0,65.0,,,1,2,3,1,3
202100046108,2021-03-29 13:45:00,2021,3,29,13,45,35,35281,PILATE (RUE DE LA),48.0925,-1.69472,Plein jour,En agglomération,Hors intersection,Normale,Autre collision,4,2,2,0,1,1,1,0,1,50,,2,1,0,0,1,51.0,,,,1,2,1,1,6
202100046109,2021-03-28 19:05:00,2021,3,28,19,5,33,33249,Esplanade François Mitterrand,44.8736368824,-0.5172918101,Plein jour,En agglomération,Hors intersection,Normale,Autre collision,9,-1,-1,3,1,2,1,0,6,1,,2,1,0,0,1,,,,,1,2,1,1,6
202100046110,2021-03-29 17:30:00,2021,3,29,17,30,33,33529,Parc de stationnement Les Océanides,44.61407,-1.11743,Plein jour,En agglomération,Autre intersection,Normale,Deux véhicules - côté,6,-1,-1,0,1,1,1,0,1,50,,2,1,0,0,1,21.0,24.0,,,1,2,9,1,3
202100046111,2021-03-29 08:40:00,2021,3,29,8,40,29,29232,35 Rue de Kerjestin,47.9842001372,-4.1308998808,Plein jour,En agglomération,Hors intersection,Normale,Autre collision,4,2,2,0,1,1,1,0,4,50,,2,1,0,0,1,36.0,,,,1,2,1,1,6
202100046112,2021-03-29 16:10:00,2021,3,29,16,10,28,28220,LECLERC (RUE DU MARECHAL),48.42843,1.46026,Plein jour,En agglomération,Intersection en X,Normale,Deux véhicules - côté,4,2,-1,0,1,1,1,9,1,50,,2,1,0,1,0,31.0,28.0,,,1,2,2,1,3
202100046113,2021-03-29 23:05:00,2021,3,29,23,5,27,27681,IVRY (ROUTE D'),49.08276,1.47764,Nuit avec éclairage allumé,En agglomération,Intersection en T,Normale,Autre collision,4,2,1,0,1,1,1,0,3,50,,3,0,0,0,3,22.0,,,,5,2,3,1,6
202100046114,2021-03-29 13:15:00,2021,3,29,13,15,27,27562,HERMAND (RUE GEORGES),49.09609,1.43709,Plein jour,En agglomération,Intersection en Y,Normale,Deux véhicules - côté,4,2,1,0,2,2,1,0,1,50,,3,0,0,0,3,38.0,24.0,,,1,2,4,1,3
202100046115,2021-03-29 21:25:00,2021,3,29,21,25,27,27229,FOCH (AVENUE DU MARECHAL),49.0240422,1.1255525,Nuit avec éclairage allumé,En agglomération,Intersection en X,Normale,Deux véhicules - frontale,3,2,-1,-1,1,1,1,5,1,-1,,2,0,0,1,1,21.0,57.0,,,5,2,2,1,1
202100046116,2021-03-29 13:53:00,2021,3,29,13,53,25,25462,SAINT ETIENNE FAUBOURG,46.90029,6.36101,Plein jour,En agglomération,Intersection en X,Normale,Autre collision,4,2,3,0,1,1,1,5,1,50,,2,1,0,0,1,36.0,,,,1,2,2,1,6
202100046117,2021-03-27 19:40:00,2021,3,27,19,40,25,25388,AUDINCOURT (ROUTE D'),47.49773,6.80668,Nuit avec éclairage allumé,En agglomération,Hors intersection,Normale,Autre collision,3,2,4,0,2,2,1,0,4,50,,1,0,0,1,0,24.0,,,,5,2,1,1,6
202100046118,2021-03-29 17:00:00,2021,3,29,17,0,25,25056,JOUCHOUX RUE AUGUSTE,47.23725,5.98843,Plein jour,En agglomération,Hors intersection,Normale,Autre collision,4,2,2,0,1,1,1,0,1,50,,2,1,0,0,1,30.0,,,,1,2,1,1,6
202100046119,2021-03-29 11:20:00,2021,3,29,11,20,18,18033,DORMOY (AVENUE MARX),47.09349,2.40266,Plein jour,En agglomération,Hors intersection,Normale,Deux véhicules - frontale,4,2,1,0,2,2,1,0,1,50,,2,1,0,1,0,31.0,22.0,,,1,2,1,1,1
202100046120,2021-03-29 07:25:00,2021,3,29,7,25,15,15014,Boulevard du Pont Rouge,44.92848,2.44876,Crépuscule ou aube,En agglomération,Hors intersection,Normale,Deux véhicules - arrière,4,2,2,0,1,1,1,0,1,30,,2,1,0,0,1,19.0,19.0,,,2,2,1,1,2
202100046121,2021-03-29 11:15:00,2021,3,29,11,15,14,14118,Boulevard Aristide Briand,49.17826,-0.36225,Plein jour,En agglomération,Intersection en Y,Temps éblouissant,Deux véhicules - côté,4,2,3,0,1,1,1,0,1,50,,2,1,0,0,1,55.0,54.0,,,1,2,4,7,3
202100046122,2021-03-28 20:20:00,2021,3,28,20,20,13,13108,RD 99 ROUTE DE SAINT REMY,43.80039,4.67311,Crépuscule ou aube,Hors agglomération,Hors intersection,Normale,Deux véhicules - côté,3,2,2,0,1,1,1,0,1,80,,3,1,0,0,2,22.0,60.0,,,2,1,1,1,3
202100046123,2021-03-29 19:00:00,2021,3,29,19,0,13,13204,BLANCARDE (BOULEVARD),43.30331,5.4038,Plein jour,En agglomération,Hors intersection,Normale,Deux véhicules - frontale,4,2,2,0,2,1,1,0,1,50,,2,1,0,1,0,24.0,28.0,,,1,2,1,1,1
202100046124,2021-03-29 16:39:00,2021,3,29,16,39,13,13214,SAINTE MARTHE (chemin),43.31541,5.38827,Plein jour,En agglomération,Hors intersection,Normale,Deux véhicules - frontale,4,1,4,0,1,1,1,0,1,50,,2,1,0,0,1,,,,,1,2,1,1,1
202100046125,2021-03-29 03:40:00,2021,3,29,3,40,13,13210,CAPELETTE (AVENUE DE LA),43.280685,5.407509,Nuit avec éclairage allumé,En agglomération,Hors intersection,Normale,Deux véhicules - arrière,7,2,4,0,1,1,1,0,1,50,,2,1,0,0,1,21.0,46.0,,,5,2,1,1,2
202100046126,2021-03-29 22:20:00,2021,3,29,22,20,13,13063,DANIEL PAUL AVENUE,43.5898,5.00953,Nuit avec éclairage allumé,En agglomération,Hors intersection,Normale,Autre collision,4,2,2,0,1,3,1,0,1,50,,2,1,0,0,1,,,,,5,2,1,1,6
202100046127,2021-03-29 08:00:00,2021,3,29,8,0,13,13047,SAINT EXUPERY AVENUE,43.523109,4.978935,Plein jour,En agglomération,Hors intersection,Normale,Trois véhicules et plus - en chaîne,4,2,2,0,1,1,1,0,1,50,,3,2,0,1,0,17.0,55.0,,,1,2,1,1,4
202100046128,2021-03-29 14:15:00,2021,3,29,14,15,13,13005,CEINTURE DE CAMPS MAJOR (CHEMIN DE),43.29651,5.58282,Plein jour,En agglomération,Giratoire,Normale,Deux véhicules - côté,7,1,2,2,1,2,1,5,1,30,,2,1,0,1,0,65.0,57.0,,,1,2,6,1,3
202100046129,2021-03-29 09:50:00,2021,3,29,9,50,13,13001,BERRE (ROUTE DE),43.53271,5.41597,Plein jour,En agglomération,Intersection en X,Normale,Deux véhicules - côté,7,1,1,0,1,1,1,0,1,50,,2,1,0,0,1,,76.0,,,1,2,2,1,3
202100046130,2021-03-25 18:05:00,2021,3,25,18,5,09,09122,RESISTANCE (AVENUE DE LA),42.963139,1.595847,Plein jour,En agglomération,Hors intersection,Normale,Deux véhicules - côté,4,2,2,0,1,1,1,0,1,50,,2,1,0,1,0,59.0,58.0,,,1,2,1,1,3
202100046131,2021-03-29 14:25:00,2021,3,29,14,25,06,06027,GAUDE AVENUE DE LA,43.66554,7.15389,Plein jour,En agglomération,Hors intersection,Normale,Sans collision,7,2,3,0,1,1,1,0,1,50,,1,0,0,0,1,17.0,,,,1,2,1,1,7
202100046132,2021-03-29 09:00:00,2021,3,29,9,0,06,06027,PASSAU RUE DE,43.663889,7.15233,Plein jour,En agglomération,Intersection en X,Normale,Trois véhicules et plus - collisions multiples,4,1,2,0,1,1,1,0,1,50,,3,2,0,0,1,57.0,62.0,,,1,2,2,1,5
202100046133,2021-03-26 17:58:00,2021,3,26,17,58,05,05061,CHABANAS (RUE DE ),44.55867,6.06439,Plein jour,En agglomération,Hors intersection,Normale,Autre collision,4,2,2,0,2,3,1,0,1,50,,2,1,0,0,1,49.0,64.0,,,1,2,1,1,6
202100046134,2021-03-28 19:50:00,2021,3,28,19,50,75,75116,PORTE D AUTEUIL,48.8494580729,2.2522240877,Nuit avec éclairage allumé,En agglomération,Intersection en Y,Normale,Deux véhicules - arrière,4,-1,4,0,1,1,1,0,1,70,,3,2,0,0,1,20.0,51.0,,,5,2,4,1,2
202100046135,2021-02-19 15:01:00,2021,2,19,15,1,75,75113,AVENUE D ITALIE,48.823013,2.358247,Plein jour,En agglomération,Intersection en T,Normale,Deux véhicules - arrière,4,2,2,0,1,1,1,0,1,50,,2,1,0,1,0,41.0,28.0,,,1,2,3,1,2
202100046136,2021-03-29 17:20:00,2021,3,29,17,20,75,75105,RUE BUFFON,48.842732,2.36195,Plein jour,En agglomération,Hors intersection,Normale,Deux véhicules - côté,4,-1,2,1,1,1,1,-1,5,30,,2,1,0,0,1,34.0,41.0,,,1,2,1,1,3
202100046137,2021-03-29 13:43:00,2021,3,29,13,43,75,75119,RUE BOTZARIS,48.879585,2.389524,Plein jour,En agglomération,Intersection en X,Normale,Deux véhicules - côté,4,2,2,0,2,1,1,0,1,50,,2,1,0,0,1,47.0,41.0,,,1,2,2,1,3
202100046138,2021-03-28 19:15:00,2021,3,28,19,15,75,75118,BOULEVARD NEY,48.897799,2.337434,Plein jour,En agglomération,Intersection en X,Normale,Deux véhicules - côté,4,1,1,0,1,1,1,0,1,50,,2,1,0,1,0,66.0,7.0,,,1,2,2,1,3
202100046139,2021-03-29 14:35:00,2021,3,29,14,35,75,75114,PLACE DU VINGT CINQ AOUT 1944,48.8230502299,2.3254914126,Plein jour,En agglomération,Place,Normale,Deux véhicules - arrière,4,1,2,0,1,1,1,0,1,50,,2,1,0,0,1,50.0,38.0,,,1,2,7,1,2
202100046140,2021-03-29 18:30:00,2021,3,29,18,30,75,75112,QUAI DE BERCY,48.83538,2.379812,Plein jour,En agglomération,Hors intersection,Normale,Deux véhicules - arrière,4,3,3,0,1,1,1,0,1,50,,2,0,0,0,2,39.0,47.0,,,1,2,1,1,2
202100046141,2021-03-29 17:10:00,2021,3,29,17,10,75,75111,RUE SAINT MAUR,48.860181,2.382063,Plein jour,En agglomération,Intersection en X,Normale,Autre collision,4,1,1,0,1,1,1,9,1,30,,1,0,0,0,1,38.0,,,,1,2,2,1,6
202100046142,2021-03-29 19:50:00,2021,3,29,19,50,75,75110,RUE LOUIS BLANC,48.881712,2.364082,Plein jour,En agglomération,Hors intersection,Normale,Deux véhicules - côté,4,1,2,0,2,1,1,0,1,50,,2,1,0,0,1,,37.0,,,1,2,1,1,3
202100046143,2021-03-28 17:46:00,2021,3,28,17,46,94,94046,PROFESSEUR CADIOT (AV DU),48.80439,2.43252,Plein jour,En agglomération,Autre intersection,Normale,Deux véhicules - côté,3,2,4,0,1,1,1,0,1,50,,2,1,0,0,1,36.0,15.0,,,1,2,9,1,3
202100046144,2021-03-29 18:30:00,2021,3,29,18,30,94,94041,Rue Hoche,48.81227,2.37401,Plein jour,En agglomération,Hors intersection,Normale,Deux véhicules - côté,4,1,1,3,1,1,1,6,1,20,,2,1,0,0,1,30.0,7.0,,,1,2,1,1,3
202100046145,2021-03-29 13:00:00,2021,3,29,13,0,94,94041,MOLIERE (R),48.81555,2.3933,Plein jour,En agglomération,Hors intersection,Normale,Deux véhicules - arrière,3,2,1,0,1,1,1,0,1,50,,2,1,0,0,1,40.0,,,,1,2,1,1,2
202100046146,2021-03-29 00:30:00,2021,3,29,0,30,94,94033,Av de Lattre de Tassigny,48.85398,2.49307,Nuit avec éclairage allumé,En agglomération,Intersection en T,Normale,Deux véhicules - côté,3,1,2,0,1,1,1,5,1,50,,3,1,0,0,2,34.0,35.0,,,5,2,3,1,3
202100046147,2021-03-29 19:30:00,2021,3,29,19,30,94,94018,MARECHAL DE LATTRE DE TASSIGNY (AV DU),48.823178481,2.4198211174,Plein jour,En agglomération,Hors intersection,Normale,Deux véhicules - côté,3,1,7,2,1,1,1,0,1,30,,2,1,0,1,0,61.0,43.0,,,1,2,1,1,3
202100046148,2021-03-29 18:30:00,2021,3,29,18,30,93,93073,CHAPIT RE ( RUE DU),48.96725,2.56774,Plein jour,En agglomération,Hors intersection,Normale,Sans collision,3,2,2,0,2,1,1,0,1,50,,1,0,0,0,1,23.0,,,,1,2,1,1,7
202100046149,2021-03-29 18:40:00,2021,3,29,18,40,93,93031,NOYER BOSSU (IMPASSE DU),48.9562755119,2.2985222588,Plein jour,En agglomération,Hors intersection,Normale,Autre collision,4,-1,1,0,1,1,1,0,1,30,,2,1,0,0,1,,,,,1,2,1,1,6
202100046150,2021-03-29 10:00:00,2021,3,29,10,0,93,93079,JEAN JAURES (AV),48.9641139546,2.3486630269,Plein jour,En agglomération,Hors intersection,Normale,Autre collision,4,2,2,0,1,1,1,0,1,50,,2,1,0,0,1,31.0,,,,1,2,1,1,6
202100046151,2021-03-28 23:05:00,2021,3,28,23,5,93,93029,HENRI BARBUSSE (AVE) N°2-124,48.91928,2.45006,Nuit avec éclairage allumé,En agglomération,Hors intersection,Normale,Deux véhicules - frontale,3,2,2,0,1,1,1,0,1,50,,2,1,0,0,1,,37.0,,,5,2,1,1,1
202100046152,2021-03-29 13:10:00,2021,3,29,13,10,93,93027,JAURES (AVENUE JEAN),48.923234,2.405742,Plein jour,En agglomération,Hors intersection,Normale,Autre collision,3,-1,2,1,1,1,1,0,5,50,,2,1,0,0,1,,,,,1,2,1,1,6
202100046153,2021-03-29 22:15:00,2021,3,29,22,15,92,92046,Charles de gaulle,48.8234921339,2.2999459505,Nuit avec éclairage allumé,En agglomération,Autre intersection,Normale,Deux véhicules - côté,3,3,2,0,1,1,1,0,1,50,,2,1,0,0,1,28.0,33.0,,,5,2,9,1,3
202100046154,2021-03-29 20:05:00,2021,3,29,20,5,92,92073,ROOSVELT (AVENUE FRANKLIN),48.8732752003,2.2214001417,Nuit avec éclairage allumé,En agglomération,Hors intersection,Normale,Sans collision,3,2,3,0,2,1,1,0,1,50,,1,0,0,0,1,65.0,,,,5,2,1,1,7
202100046155,2021-03-29 19:25:00,2021,3,29,19,25,92,92076,JOFFRE,48.8444652269,2.155046314,Plein jour,En agglomération,Intersection en X,Normale,Autre collision,4,2,2,0,1,1,1,0,1,50,,1,0,0,0,1,77.0,,,,1,2,2,1,6
202100046156,2021-03-28 22:20:00,2021,3,28,22,20,92,92036,PETITES MURAILLES (RUE DES),48.9318611006,2.2977299784,Nuit avec éclairage allumé,En agglomération,Hors intersection,Normale,Sans collision,4,2,2,0,1,1,1,0,1,50,,1,0,0,0,1,24.0,,,,5,2,1,1,7
202100046157,2021-03-28 19:00:00,2021,3,28,19,0,92,92025,PRESIDENT SALVADOR ALLENDE (RUE DU),48.9190271678,2.2259733081,Plein jour,En agglomération,Intersection en X,Normale,Deux véhicules - côté,4,1,1,0,1,1,1,0,1,50,,3,2,0,0,1,56.0,45.0,,,1,2,2,1,3
202100046158,2021-03-29 14:00:00,2021,3,29,14,0,92,92012,SILLY (RUE DE) 1/87 - 2/88,48.83561,2.23238,Plein jour,En agglomération,Intersection en X,Normale,Sans collision,4,2,2,1,1,1,1,0,5,50,,2,0,0,0,1,,,,,1,2,2,1,7
202100046159,2021-03-29 13:30:00,2021,3,29,13,30,92,92012,REINE (ROUTE DE LA) 39/107 BIS,48.8392153181,2.2455400229,Plein jour,En agglomération,Intersection en X,Normale,Deux véhicules - côté,3,2,4,0,1,1,1,0,1,50,,2,1,0,0,1,40.0,50.0,,,1,2,2,1,3
202100046160,2021-03-30 08:00:00,2021,3,30,8,0,50,50167,21 Rue des Ecoles,48.712106,-1.49653,Crépuscule ou aube,En agglomération,Hors intersection,Temps éblouissant,Autre collision,4,1,1,0,2,1,1,0,1,50,,2,1,0,1,0,51.0,,,,2,2,1,7,6
202100046161,2021-03-30 08:25:00,2021,3,30,8,25,17,17171,D18,45.857449,-0.759476,Plein jour,Hors agglomération,Intersection en X,Temps éblouissant,Deux véhicules - côté,3,2,2,0,1,1,1,0,1,80,,2,1,0,1,0,55.0,27.0,,,1,1,2,7,3
202100046162,2021-03-30 07:15:00,2021,3,30,7,15,91,91001,D721,48.344966,2.180874,Plein jour,Hors agglomération,Hors intersection,Normale,Autre collision,3,2,2,0,1,1,1,0,3,80,,1,0,1,0,0,56.0,,,,1,1,1,1,6
202100046163,2021-03-26 10:15:00,2021,3,26,10,15,41,41031,rd 956,47.539637,1.406937,Plein jour,Hors agglomération,Hors intersection,Normale,Deux véhicules - arrière,3,3,4,0,1,1,1,0,1,90,,4,2,0,1,1,48.0,29.0,,,1,1,1,1,2
202100046164,2021-03-29 15:10:00,2021,3,29,15,10,95,95452,RD 85,49.128009,2.301247,Plein jour,Hors agglomération,Hors intersection,Normale,Deux véhicules - frontale,3,2,2,0,1,3,1,0,1,70,,3,2,0,0,1,28.0,52.0,,,1,1,1,1,1
202100046165,2021-03-30 05:45:00,2021,3,30,5,45,22,22272,NATIONALE 12 PR 86+290,48.550421,-3.111159,Nuit sans éclairage public,Hors agglomération,Hors intersection,Normale,Sans collision,2,3,4,0,1,1,1,0,3,110,,1,0,1,0,0,70.0,,,,3,1,1,1,7
202100046166,2021-03-29 18:40:00,2021,3,29,18,40,77,77240,D934,48.786467,3.2494,Plein jour,Hors agglomération,Intersection en T,Normale,Deux véhicules - arrière,3,2,1,0,1,2,1,0,1,-1,,2,0,0,0,2,32.0,26.0,,,1,1,3,1,2
202100046167,2021-03-29 17:45:00,2021,3,29,17,45,56,56165,Le Bois Hellio (Monterrein),47.894068,-2.33967,Plein jour,Hors agglomération,Hors intersection,Normale,Autre collision,4,2,2,0,1,2,1,0,3,50,,2,0,0,1,1,45.0,,,,1,1,1,1,6
202100046168,2021-03-26 15:10:00,2021,3,26,15,10,56,56078,Z.A. Pen Mané (Arrêt de bus),47.80659,-3.461804,Plein jour,Hors agglomération,Hors intersection,Normale,Autre collision,3,3,2,0,1,1,1,0,1,70,,2,1,0,1,0,21.0,,,,1,1,1,1,6
202100046169,2021-03-30 09:25:00,2021,3,30,9,25,80,80215,D925,50.141101,1.991229,Plein jour,Hors agglomération,Hors intersection,Normale,Deux véhicules - arrière,3,2,2,0,1,1,1,0,1,80,,4,0,0,0,4,81.0,49.0,,,1,1,1,1,2
202100046170,2021-03-24 17:45:00,2021,3,24,17,45,69,69006,BAGATELLE (DE) (CHM),45.967031,4.332042,Plein jour,En agglomération,Hors intersection,Normale,Deux véhicules - frontale,3,2,2,0,1,1,1,0,1,-1,,3,1,0,0,2,76.0,32.0,,,1,2,1,1,1
202100046171,2021-03-30 16:05:00,2021,3,30,16,5,71,71263,9 Route de Dijon,46.6427500086,5.2094015091,Plein jour,En agglomération,Hors intersection,Normale,Deux véhicules - côté,3,2,2,0,1,1,1,0,1,50,,2,1,0,1,0,41.0,25.0,,,1,2,1,1,3
202100046172,2021-03-30 08:54:00,2021,3,30,8,54,61,61048,RD 912,48.516892,0.460004,Plein jour,Hors agglomération,Intersection en T,Normale,Deux véhicules - arrière,3,2,2,0,1,3,1,5,1,90,,2,1,0,1,0,18.0,22.0,,,1,1,3,1,2
202100046173,2021-03-29 22:20:00,2021,3,29,22,20,55,55215,27 Rue du Docteur Herique,48.51134,5.508631,Nuit avec éclairage non allumé,En agglomération,Autre intersection,Normale,Sans collision,9,1,1,0,4,3,1,0,1,50,,1,0,0,0,1,32.0,,,,4,2,9,1,7
202100046174,2021-03-30 17:25:00,2021,3,30,17,25,68,68267,D19,47.766929,7.232673,Plein jour,Hors agglomération,Intersection en X,Normale,Deux véhicules - arrière,3,2,2,0,1,1,1,0,1,80,,4,3,0,1,0,35.0,16.0,,,1,1,2,1,2
202100046175,2021-03-26 19:20:00,2021,3,26,19,20,44,44187,La Pitardiere,47.217656,-2.019064,Crépuscule ou aube,Hors agglomération,Hors intersection,Normale,Autre collision,3,2,2,0,2,3,1,0,3,80,,1,0,1,0,0,26.0,,,,2,1,1,1,6
202100046176,2021-03-28 18:30:00,2021,3,28,18,30,29,29266,Kerambloc’H,48.471115,-3.965356,Plein jour,Hors agglomération,Hors intersection,Normale,Autre collision,3,2,2,0,1,2,1,0,3,80,,3,1,0,2,0,24.0,,,,1,1,1,1,6
202100046177,2021-03-29 17:55:00,2021,3,29,17,55,31,31574,1560 avenue de TOULOUSE,43.445776,1.421034,Plein jour,En agglomération,Intersection en T,Normale,Deux véhicules - côté,3,2,2,0,1,1,1,0,1,50,,3,0,0,1,2,43.0,47.0,,,1,2,3,1,3
202100046178,2021-02-22 20:30:00,2021,2,22,20,30,64,64160,Allée Anne de Neubourg,43.357778,-1.396036,Nuit avec éclairage allumé,En agglomération,Intersection en X,Normale,Autre collision,3,2,2,0,2,1,1,0,1,50,,2,1,0,0,1,57.0,,,,5,2,2,1,6
202100046179,2021-03-30 07:25:00,2021,3,30,7,25,10,10376,D443,48.203289,4.441803,Plein jour,Hors agglomération,Autre intersection,Temps éblouissant,Deux véhicules - frontale,3,2,2,0,1,1,1,0,1,80,,2,1,1,0,0,23.0,32.0,,,1,1,9,7,1
202100046180,2021-03-29 15:00:00,2021,3,29,15,0,53,53243,la jaslerie,48.155141,-0.877608,Plein jour,Hors agglomération,Intersection en X,Normale,Deux véhicules - côté,4,2,2,0,1,1,1,0,1,80,,2,1,0,1,0,23.0,53.0,,,1,1,2,1,3
202100046181,2021-03-30 08:20:00,2021,3,30,8,20,85,85295,Rue de l'Asson,46.982818,-1.233905,Plein jour,En agglomération,Intersection en T,Normale,Deux véhicules - frontale,3,2,2,0,1,1,1,0,1,50,,2,1,0,1,0,18.0,35.0,,,1,2,3,1,1
202100046182,2021-03-30 16:30:00,2021,3,30,16,30,30,30006,Rue Roger Bernard,43.684619,4.210213,Plein jour,En agglomération,Intersection en T,Normale,Autre collision,4,1,1,0,1,1,1,0,1,30,,2,1,0,0,1,21.0,,,,1,2,3,1,6
202100046183,2021-03-29 20:40:00,2021,3,29,20,40,72,72386,Autoroute A28,48.047691,0.293498,Nuit sans éclairage public,Hors agglomération,Hors intersection,Normale,Autre collision,1,1,1,0,1,2,1,3,1,-1,,1,0,0,0,1,35.0,,,,3,1,1,1,6
202100046184,2021-03-30 14:35:00,2021,3,30,14,35,45,45242,Autoroute 77-Pk 41+900,47.875505,2.691661,Plein jour,Hors agglomération,Hors intersection,Normale,Autre collision,1,3,4,0,1,1,1,0,2,130,,2,0,0,2,0,70.0,,,,1,1,1,1,6
202100046185,2021-03-28 15:30:00,2021,3,28,15,30,971,97103,rue bongout 971,16.271791,-61.566782,Plein jour,En agglomération,Hors intersection,Pluie légère,Sans collision,4,2,2,0,1,1,2,0,1,50,,1,0,0,1,0,16.0,,,,1,2,1,2,7
202100046186,2021-03-27 14:00:00,2021,3,27,14,0,988,98817,RP1 - RM6,-22.230911,166.541319,Plein jour,En agglomération,Intersection en X,Normale,Sans collision,3,2,2,1,1,1,1,0,1,50,,1,0,0,1,0,33.0,,,,1,2,2,1,7
202100046187,2021-03-27 22:00:00,2021,3,27,22,0,971,97104,Route de Morne Mabouya,16.023133,-61.74612,Nuit sans éclairage public,En agglomération,Hors intersection,Normale,Deux véhicules - frontale,2,2,2,0,4,2,1,0,1,50,,2,1,0,0,1,22.0,44.0,,,3,2,1,1,1
202100046188,2021-03-29 08:50:00,2021,3,29,8,50,45,45157,D25-PR 15 + 400,48.153207,2.375252,Plein jour,Hors agglomération,Hors intersection,Normale,Autre collision,3,2,2,0,1,2,1,0,3,80,,1,0,0,1,0,51.0,,,,1,1,1,1,6
202100046189,2021-03-30 08:45:00,2021,3,30,8,45,34,34151,Avenue Charles Corbieres,43.663087,4.171645,Plein jour,En agglomération,Giratoire,Temps éblouissant,Autre collision,3,2,2,0,1,1,1,0,1,50,,2,1,0,1,0,40.0,,,,1,2,6,7,6
202100046190,2021-03-30 12:40:00,2021,3,30,12,40,71,71176,D982,46.462853,4.011221,Plein jour,Hors agglomération,Hors intersection,Normale,Deux véhicules - arrière,3,2,2,0,1,2,1,0,1,70,,2,1,0,0,1,33.0,66.0,,,1,1,1,1,2
202100046191,2021-03-26 11:00:00,2021,3,26,11,0,67,67067,2 A rue de Geudertheim,48.72866,7.716882,Plein jour,En agglomération,Hors intersection,Normale,Deux véhicules - côté,3,2,2,2,1,1,1,0,4,50,,2,1,0,1,0,30.0,77.0,,,1,2,1,1,3
202100046192,2021-03-29 16:00:00,2021,3,29,16,0,79,79116,48 Avenue de Ségora,46.829993,-0.344569,Plein jour,Hors agglomération,Intersection en T,Normale,Sans collision,3,2,2,0,1,1,1,0,1,50,,1,0,0,0,1,62.0,,,,1,1,3,1,7