accident_id,datetime,annee,mois,jour,heure,minute,departement,commune_insee,adresse,latitude,longitude,luminosite,agglomeration,intersection,meteo,collision,catr,circ,nbv,vosp,prof,plan,surf,infra,situ,vma,nb_vehicules,nb_usagers,nb_indemnes,nb_tues,nb_blesses_hosp,nb_blesses_legers,age_cond_1,age_cond_2,veh_type_cond_1,veh_type_cond_2,lum_code,agg_code,int_code,atm_code,col_code
202100046193,2021-03-30 15:30:00,2021,3,30,15,30,14,14066,Route de Courseulles,49.329541,-0.43396,Plein jour,En agglomération,Intersection en Y,Normale,Autre collision,3,2,2,0,1,2,9,8,1,50,,1,0,0,0,1,45.0,,,,1,2,4,1,6
202100046194,2021-03-29 17:20:00,2021,3,29,17,20,22,22067,Pont Caffin,48.532166,-3.165457,Plein jour,Hors agglomération,Intersection en T,Normale,Deux véhicules - côté,3,2,2,0,2,3,1,0,1,80,,2,0,0,0,2,53.0,36.0,,,1,1,3,1,3
202100046195,2021-03-29 15:20:00,2021,3,29,15,20,22,22162,Route de Kergrist,48.779053,-3.072106,Plein jour,Hors agglomération,Intersection en X,Normale,Deux véhicules - arrière,4,-1,2,0,1,1,1,0,1,50,,2,0,0,2,0,20.0,19.0,,,1,1,2,1,2
202100046196,2021-03-30 08:30:00,2021,3,30,8,30,60,60141,Route de Chantilly,49.191174,2.45795,Plein jour,En agglomération,Intersection en T,Normale,Deux véhicules - côté,3,2,2,0,1,1,1,0,1,50,,2,1,0,1,0,44.0,40.0,,,1,2,3,1,3
202100046197,2021-03-27 19:35:00,2021,3,27,19,35,62,62865,Rue Nobled,50.324841,2.995148,Nuit sans éclairage public,Hors agglomération,Hors intersection,Normale,Sans collision,4,2,2,0,1,1,1,0,3,80,,1,0,0,1,0,28.0,,,,3,1,1,1,7
202100046198,2021-03-29 19:55:00,2021,3,29,19,55,59,59053,Rue du Quesnoy,50.297475,3.778396,Plein jour,En agglomération,Hors intersection,Normale,Sans collision,3,2,2,0,2,1,1,0,4,50,,1,0,1,0,0,28.0,,,,1,2,1,1,7
202100046199,2021-03-30 17:55:00,2021,3,30,17,55,59,59011,Rue du Docteur Schaffner,50.531346,2.938489,Plein jour,En agglomération,Intersection en Y,Normale,Sans collision,4,2,2,0,1,1,1,5,1,30,,2,1,0,1,0,54.0,20.0,,,1,2,4,1,7
202100046200,2021-03-29 18:50:00,2021,3,29,18,50,13,13055,A507 sens Aubagne- Marseille,43.3104,5.42459,Plein jour,Hors agglomération,Hors intersection,Normale,Deux véhicules - arrière,1,1,3,0,1,1,1,1,1,70,,2,1,0,0,1,27.0,43.0,,,1,1,1,1,2
202100046201,2021-03-27 20:20:00,2021,3,27,20,20,57,57041,Autoroute A30,49.4095021,5.920372,Nuit sans éclairage public,Hors agglomération,Hors intersection,Normale,Deux véhicules - arrière,1,-1,4,0,1,1,1,0,1,110,,2,0,0,0,2,24.0,34.0,,,3,1,1,1,2
202100046202,2021-03-29 15:45:00,2021,3,29,15,45,91,91340,AUTOROUTE A6,48.6,2.43977,Plein jour,Hors agglomération,Hors intersection,Normale,Deux véhicules - côté,1,3,6,0,1,1,1,0,1,110,,3,1,0,0,2,26.0,55.0,,,1,1,1,1,3
202100046203,2021-03-29 07:09:00,2021,3,29,7,9,91,91661,RD 188 CHEVREUSE,48.69651,2.2271,Crépuscule ou aube,Hors agglomération,Hors intersection,Normale,Deux véhicules - frontale,3,2,2,0,1,1,1,0,1,90,,3,0,0,3,0,40.0,37.0,,,2,1,1,1,1
202100046204,2021-03-29 07:45:00,2021,3,29,7,45,78,78140,A13,48.960443,1.930959,Plein jour,Hors agglomération,Hors intersection,Normale,Deux véhicules - arrière,1,3,6,0,2,1,1,0,1,110,,2,1,0,0,1,44.0,19.0,,,1,1,1,1,2
202100046205,2021-03-28 18:10:00,2021,3,28,18,10,78,78073,A12 W,48.802766,2.048116,Plein jour,Hors agglomération,Hors intersection,Normale,Sans collision,1,1,1,0,2,2,1,3,1,50,,1,0,0,0,1,28.0,,,,1,1,1,1,7
202100046206,2021-03-27 19:00:00,2021,3,27,19,0,78,78490,RN12 EXT,48.80047,1.97273,Crépuscule ou aube,Hors agglomération,Hors intersection,Temps couvert,Deux véhicules - arrière,2,3,6,0,1,1,1,0,1,110,,2,0,0,0,2,26.0,43.0,,,2,1,1,8,2
202100046207,2021-03-29 07:30:00,2021,3,29,7,30,94,94073,A86 EXT,48.7706,2.38576,Plein jour,Hors agglomération,Hors intersection,Normale,Autre collision,1,1,3,0,1,1,1,0,8,90,,1,0,0,0,1,62.0,,,,1,1,1,1,6
202100046208,2021-03-28 19:00:00,2021,3,28,19,0,69,69199,FRERES PERRET (DES) (AV),45.68634,4.84686,Plein jour,Hors agglomération,Hors intersection,Normale,Deux véhicules - côté,7,2,2,0,1,1,1,0,1,70,,2,1,0,0,1,20.0,28.0,,,1,1,1,1,3
202100046209,2021-03-27 12:20:00,2021,3,27,12,20,69,69259,DOCTEUR COBLOD (DU)                 (BD),45.7015300858,4.890884757,Plein jour,En agglomération,Giratoire,Normale,Deux véhicules - côté,4,1,2,0,1,2,1,0,1,50,,2,1,0,0,1,24.0,57.0,,,1,2,6,1,3
202100046210,2021-03-27 14:20:00,2021,3,27,14,20,972,97213,ROUTE DEPARTEMENTALE 3,14.66221,-60.99465,Plein jour,Hors agglomération,Hors intersection,Normale,Deux véhicules - frontale,3,-1,2,0,1,2,1,0,1,50,,2,0,0,1,1,68.0,46.0,,,1,1,1,1,1
202100046211,2021-03-22 19:45:00,2021,3,22,19,45,69,69382,DOCTEUR GAILLETON (DU) (Q),45.75151,4.83286,Nuit avec éclairage allumé,En agglomération,Hors intersection,Normale,Deux véhicules - arrière,4,1,4,3,1,1,1,0,1,50,,2,1,0,0,1,28.0,21.0,,,5,2,1,1,2
202100046212,2021-03-13 18:10:00,2021,3,13,18,10,69,69286,COMBATTANTS EN AFN 1952-1962 (DES) (AV),45.81514,4.89365,Crépuscule ou aube,En agglomération,Intersection en T,Pluie légère,Deux véhicules - côté,4,2,2,0,2,1,2,0,1,50,,6,5,0,0,1,47.0,20.0,,,2,2,3,2,3
202100046213,2021-03-28 05:00:00,2021,3,28,5,0,91,91201,RUE VICTOR HUGO,48.6825,2.4177,Nuit avec éclairage allumé,En agglomération,Intersection en T,Normale,Autre collision,4,2,2,0,3,1,1,0,1,50,,2,1,0,0,1,,,,,5,2,3,1,6
202100046214,2021-03-27 10:55:00,2021,3,27,10,55,91,91114,RTE NATIONALE 6,48.68059,2.49344,Plein jour,En agglomération,Hors intersection,Temps éblouissant,Deux véhicules - arrière,2,3,4,0,1,1,1,6,1,50,,3,2,0,0,1,48.0,53.0,,,1,2,1,7,2
202100046215,2021-03-28 19:15:00,2021,3,28,19,15,88,88209,GERMAIN CREUSE (RUE),48.18981,6.42948,Plein jour,En agglomération,Giratoire,Normale,Deux véhicules - côté,4,2,2,0,1,1,1,0,1,50,,2,1,0,1,0,38.0,19.0,,,1,2,6,1,3
202100046216,2021-03-28 15:35:00,2021,3,28,15,35,83,83137,MARSEILLE (ROUTE DE),43.128739,5.88806,Plein jour,En agglomération,Hors intersection,Normale,Autre collision,3,2,2,0,1,1,1,0,1,30,,2,1,0,0,1,18.0,,,,1,2,1,1,6
202100046217,2021-03-28 13:50:00,2021,3,28,13,50,83,83069,AGREVE  (AVENUE JEAN),43.08198,6.15402,Plein jour,En agglomération,Giratoire,Normale,Deux véhicules - côté,4,1,2,0,1,2,1,0,1,50,,2,1,0,0,1,20.0,58.0,,,1,2,6,1,3
202100046218,2021-03-27 17:30:00,2021,3,27,17,30,83,83069,CRIVELLI (RUE),43.1184109132,6.129632748,Plein jour,En agglomération,Hors intersection,Normale,Autre collision,4,1,1,0,1,1,1,0,1,50,,2,1,0,0,1,31.0,,,,1,2,1,1,6
202100046219,2021-03-28 15:30:00,2021,3,28,15,30,78,78586,VAILLANT (EDOUARD),48.94057,2.17768,Plein jour,En agglomération,Hors intersection,Normale,Autre collision,4,2,1,0,2,1,1,0,1,50,,1,0,0,0,1,38.0,,,,1,2,1,1,6
202100046220,2021-03-28 13:27:00,2021,3,28,13,27,78,78440,MAURICE BELLONTE (ALLEE),48.98853,1.91256,Plein jour,En agglomération,Intersection en T,Normale,Autre collision,3,1,1,0,1,1,1,0,1,50,,3,2,0,1,0,46.0,,,,1,2,3,1,6
202100046221,2021-03-28 16:50:00,2021,3,28,16,50,77,77390,AV AUGUSTE RENOIR,48.79475,2.65984,Plein jour,En agglomération,Giratoire,Normale,Sans collision,4,2,2,0,1,3,9,0,1,50,,1,0,0,0,1,19.0,,,,1,2,6,1,7
202100046222,2021-03-28 16:10:00,2021,3,28,16,10,69,69256,SALVADOR ALLENDE (AV),45.78075,4.92336,Plein jour,En agglomération,Intersection en X,Normale,Deux véhicules - côté,4,2,2,0,1,1,1,0,1,50,,2,1,0,1,0,20.0,22.0,,,1,2,2,1,3
202100046223,2021-03-28 16:45:00,2021,3,28,16,45,64,64545,CORNICHE (ROUTE DE LA),43.3864,-1.711225,Plein jour,Hors agglomération,Intersection en T,Normale,Deux véhicules - frontale,3,2,2,0,1,1,1,0,1,70,,3,1,0,0,2,30.0,58.0,,,1,1,3,1,1
202100046224,2021-03-28 15:10:00,2021,3,28,15,10,62,62193,HENRY HENON (PONT),50.96162,1.8476,Plein jour,En agglomération,Hors intersection,Vent fort / tempête,Autre collision,4,2,2,0,1,1,1,2,1,30,,2,1,0,1,0,30.0,,,,1,2,1,6,6
202100046225,2021-03-26 12:00:00,2021,3,26,12,0,62,62193,BOURDELLE (RUE A.),50.950402,1.890812,Plein jour,En agglomération,Hors intersection,Normale,Autre collision,4,2,1,0,1,1,1,0,1,30,,3,1,0,1,1,62.0,,,,1,2,1,1,6
202100046226,2021-03-28 15:50:00,2021,3,28,15,50,49,49007,MEIGNANNE,47.48169,-0.57578,Plein jour,En agglomération,Intersection en X,Normale,Deux véhicules - côté,4,-1,2,0,1,1,1,0,1,50,,4,2,0,0,2,42.0,33.0,,,1,2,2,1,3
202100046227,2021-03-27 12:50:00,2021,3,27,12,50,35,35278,PORTE DE MAUREPAS,48.1425,-1.66327,Plein jour,Hors agglomération,Giratoire,Normale,Deux véhicules - arrière,9,2,2,0,1,2,1,5,1,70,,3,2,0,0,1,22.0,39.0,,,1,1,6,1,2
202100046228,2021-03-27 20:45:00,2021,3,27,20,45,35,35115,GROSLAY (BD DE),48.36504,-1.18486,Nuit avec éclairage allumé,En agglomération,Hors intersection,Normale,Autre collision,4,2,2,0,2,3,1,0,4,50,,3,0,0,0,3,30.0,,,,5,2,1,1,6
202100046229,2021-03-27 16:45:00,2021,3,27,16,45,30,30243,ANDUZE (VIEILLE ROUTE D'),44.0857,4.06058,Plein jour,Hors agglomération,Intersection en T,Normale,Sans collision,4,2,2,0,1,1,1,0,1,50,,1,0,0,1,0,59.0,,,,1,1,3,1,7
202100046230,2021-03-28 20:30:00,2021,3,28,20,30,13,13210,VERDILLON (RUE),43.275873,5.423134,Nuit avec éclairage allumé,En agglomération,Hors intersection,Normale,Deux véhicules - arrière,4,-1,2,0,1,1,1,0,1,50,,2,1,0,0,1,,37.0,,,5,2,1,1,2
202100046231,2021-03-28 18:50:00,2021,3,28,18,50,13,13208,POMEGUES (TRAVERSE DE),43.2514431547,5.3854535708,Plein jour,En agglomération,Hors intersection,Normale,Deux véhicules - côté,4,1,1,0,1,1,1,0,1,50,,2,1,0,0,1,20.0,18.0,,,1,2,1,1,3
202100046232,2021-03-28 17:35:00,2021,3,28,17,35,13,13209,SAINTE MARGUERITE (BOULEVARD),43.265397,5.408808,Plein jour,En agglomération,Hors intersection,Normale,Deux véhicules - arrière,4,2,4,0,1,1,1,0,1,50,,2,1,0,1,0,,51.0,,,1,2,1,1,2
202100046233,2021-03-28 13:40:00,2021,3,28,13,40,13,13203,FÉLIX PYAT (RUE),43.320789,5.374729,Plein jour,En agglomération,Intersection en X,Normale,Deux véhicules - côté,7,-1,6,0,1,1,1,0,1,50,,3,1,0,0,2,35.0,40.0,,,1,2,2,1,3
202100046234,2021-03-27 20:15:00,2021,3,27,20,15,13,13204,MARÉCHAL JUIN (BOULEVARD),43.31191,5.404,Nuit avec éclairage allumé,En agglomération,Hors intersection,Normale,Deux véhicules - côté,4,3,4,0,1,1,1,0,1,50,,3,1,0,0,2,27.0,43.0,,,5,2,1,1,3
202100046235,2021-03-27 18:10:00,2021,3,27,18,10,13,13210,ANDRE BARDON (rue),43.283595,5.426401,Plein jour,En agglomération,Hors intersection,Normale,Deux véhicules - arrière,4,1,2,0,1,1,1,0,1,50,,3,2,0,0,1,31.0,33.0,,,1,2,1,1,2
202100046236,2021-03-27 15:40:00,2021,3,27,15,40,13,13202,CAMILLE PELLETAN (AVENUE),43.30393,5.37401,Plein jour,En agglomération,Hors intersection,Normale,Deux véhicules - côté,4,2,3,3,1,1,1,0,1,50,,2,1,0,0,1,47.0,31.0,,,1,2,1,1,3
202100046237,2021-03-25 02:40:00,2021,3,25,2,40,13,13216,ROVE (ROUTE DU),43.35678,5.28644,Nuit avec éclairage allumé,Hors agglomération,Hors intersection,Normale,Autre collision,7,2,2,0,1,1,1,0,8,50,,2,0,0,0,2,21.0,,,,5,1,1,1,6
202100046238,2021-03-27 17:05:00,2021,3,27,17,5,13,13028,ROVARCH (AVENUE PIERRE),43.1894896748,5.6286946086,Plein jour,En agglomération,Giratoire,Normale,Deux véhicules - côté,7,1,1,0,1,1,1,0,1,50,,2,1,0,0,1,17.0,47.0,,,1,2,6,1,3
202100046239,2021-03-28 15:45:00,2021,3,28,15,45,13,13028,ROOSEVELT (AVENUE FRANKLIN ),43.1832,5.61622,Plein jour,En agglomération,Autre intersection,Normale,Trois véhicules et plus - collisions multiples,7,2,2,0,1,1,1,6,1,30,,4,2,0,0,2,61.0,21.0,,,1,2,9,1,5
202100046240,2021-03-28 18:15:00,2021,3,28,18,15,02,02738,GEORGES CLEMENCEAU,49.65385,3.28532,Plein jour,En agglomération,Hors intersection,Normale,Sans collision,4,2,2,0,1,2,1,0,4,50,,1,0,0,1,0,36.0,,,,1,2,1,1,7
202100046241,2021-03-28 21:00:00,2021,3,28,21,0,75,75119,BOULEVARD PERIPHERIQUE,48.9002134895,2.3766555306,Nuit avec éclairage allumé,En agglomération,Intersection en Y,Normale,Deux véhicules - arrière,4,1,4,0,1,1,1,0,1,70,,2,1,0,0,1,29.0,26.0,,,5,2,4,1,2
202100046242,2021-03-28 20:28:00,2021,3,28,20,28,75,75119,AVENUE DE LA PORTE CHAUMONT,48.886299,2.396364,Nuit avec éclairage allumé,En agglomération,Intersection en X,Normale,Sans collision,4,2,4,0,4,3,1,0,1,50,,2,1,0,0,1,29.0,,,,5,2,2,1,7
202100046243,2021-03-28 14:40:00,2021,3,28,14,40,75,75116,QUAI LOUIS BLERIOT,48.840717,2.268239,Plein jour,En agglomération,Intersection en T,Normale,Autre collision,4,1,1,0,1,1,1,0,1,50,,1,0,0,0,1,28.0,,,,1,2,3,1,6
202100046244,2021-03-28 17:30:00,2021,3,28,17,30,75,75115,BOULEVARD VICTOR,48.835399,2.281022,Plein jour,En agglomération,Intersection en T,Normale,Sans collision,4,1,3,0,1,1,1,0,1,50,,1,0,0,0,1,32.0,,,,1,2,3,1,7
202100046245,2021-03-28 21:50:00,2021,3,28,21,50,75,75113,RUE DE TOLBIAC,48.827695,2.371356,Nuit avec éclairage allumé,En agglomération,Intersection à plus de 4 branches,Normale,Deux véhicules - frontale,4,2,4,0,1,1,1,0,1,50,,2,1,0,0,1,19.0,21.0,,,5,2,5,1,1
202100046246,2021-03-28 13:25:00,2021,3,28,13,25,75,75102,RUE GRENETA,48.865223,2.35142,Plein jour,En agglomération,Intersection en X,Normale,Deux véhicules - côté,4,1,1,0,1,1,1,0,1,30,,2,1,0,0,1,19.0,34.0,,,1,2,2,1,3
202100046247,2021-03-28 18:10:00,2021,3,28,18,10,94,94067,Avenue du Général de Gaulle,48.837867,2.41797,Plein jour,En agglomération,Hors intersection,Normale,Deux véhicules - arrière,3,2,2,0,1,1,1,0,1,30,,2,1,0,0,1,43.0,86.0,,,1,2,1,1,2
202100046248,2021-03-28 15:00:00,2021,3,28,15,0,94,94078,Avenue de Choisy,48.748288,2.435474,Plein jour,En agglomération,Hors intersection,Normale,Deux véhicules - côté,3,2,2,0,1,1,1,0,1,50,,2,1,0,0,1,59.0,27.0,,,1,2,1,1,3
202100046249,2021-03-28 18:50:00,2021,3,28,18,50,94,94058,Rue du Canal,48.8510959666,2.5129723549,Plein jour,En agglomération,Hors intersection,Normale,Deux véhicules - arrière,4,1,1,0,1,1,1,6,1,30,,3,1,0,0,2,36.0,41.0,,,1,2,1,1,2
202100046250,2021-03-28 11:15:00,2021,3,28,11,15,94,94041,Rue Amédée Huon,48.80392,2.38432,Plein jour,En agglomération,Hors intersection,Normale,Autre collision,4,2,2,0,1,1,1,0,1,30,,2,1,0,0,1,32.0,,,,1,2,1,1,6
202100046251,2021-03-28 18:30:00,2021,3,28,18,30,94,94034,Avenue de la Cerisaie,48.753793,2.326345,Plein jour,En agglomération,Intersection en X,Temps éblouissant,Deux véhicules - côté,3,2,2,0,1,1,1,0,1,50,,4,2,0,0,2,34.0,40.0,,,1,2,2,7,3
202100046252,2021-03-28 11:00:00,2021,3,28,11,0,94,94018,ILE MARTINET,48.81949,2.40413,Plein jour,En agglomération,Hors intersection,Normale,Sans collision,9,-1,2,1,1,1,1,0,5,30,,1,0,0,0,1,78.0,,,,1,2,1,1,7
202100046253,2021-03-27 13:20:00,2021,3,27,13,20,93,93006,GALLIENI  AV.,48.86038,2.41543,Plein jour,En agglomération,Autre intersection,Normale,Autre collision,3,2,2,0,1,1,1,0,1,50,,3,1,0,0,2,,,,,1,2,9,1,6
202100046254,2021-03-28 19:25:00,2021,3,28,19,25,93,93031,GALLIENI (AVENUE),48.9654,2.30012,Plein jour,En agglomération,Hors intersection,Normale,Autre collision,3,2,2,0,1,1,1,0,1,50,,2,1,0,0,1,20.0,,,,1,2,1,1,6
202100046255,2021-03-28 09:07:00,2021,3,28,9,7,93,93031,HUIT MAI 1945 (RUE DU),48.9550145018,2.3013973981,Plein jour,En agglomération,Hors intersection,Normale,Deux véhicules - arrière,4,2,2,0,1,1,1,0,1,50,,2,1,0,0,1,33.0,40.0,,,1,2,1,1,2
202100046256,2021-03-28 07:17:00,2021,3,28,7,17,92,92062,BERGERES (RD-PT DES) DU 111 AU 115,48.88522,2.22631,Crépuscule ou aube,En agglomération,Giratoire,Normale,Deux véhicules - côté,3,1,2,1,1,3,1,2,1,50,,4,1,0,0,3,23.0,54.0,,,2,2,6,1,3
202100046257,2021-03-28 18:15:00,2021,3,28,18,15,39,39129,,46.663306,5.946941,Plein jour,Hors agglomération,Hors intersection,Normale,Deux véhicules - côté,2,2,2,0,2,3,1,0,1,80,,3,1,0,2,0,72.0,59.0,,,1,1,1,1,3
202100046258,2021-03-28 19:00:00,2021,3,28,19,0,47,47145,Belloc,44.133435,0.67177,Crépuscule ou aube,Hors agglomération,Hors intersection,Temps éblouissant,Autre collision,3,2,2,0,4,3,1,0,3,70,,1,0,0,1,0,27.0,,,,2,1,1,7,6
202100046259,2021-03-29 13:50:00,2021,3,29,13,50,08,08053,31 Rue Henri Dunant,49.676307,4.989043,Plein jour,En agglomération,Hors intersection,Temps éblouissant,Deux véhicules - frontale,3,2,2,0,1,1,1,0,1,50,,2,1,0,1,0,36.0,23.0,,,1,2,1,7,1
202100046260,2021-03-27 11:30:00,2021,3,27,11,30,972,97231,Av de l'Imperatrice Josephine,14.537753,-61.034213,Plein jour,En agglomération,Hors intersection,Normale,Autre collision,3,2,2,0,2,3,1,0,1,50,,3,2,0,0,1,70.0,,,,1,2,1,1,6
202100046261,2021-03-28 16:50:00,2021,3,28,16,50,84,84037,Ancien Chemin de Caderousse à Avignon,44.052592,4.804636,Plein jour,Hors agglomération,Hors intersection,Normale,Autre collision,4,-1,1,0,1,1,9,0,8,-1,,1,0,0,1,0,56.0,,,,1,1,1,1,6
202100046262,2021-03-28 17:50:00,2021,3,28,17,50,34,34114,A750,43.641003,3.571827,Plein jour,Hors agglomération,Hors intersection,Normale,Deux véhicules - arrière,1,3,2,0,1,1,1,0,1,110,,3,0,0,0,3,27.0,21.0,,,1,1,1,1,2
202100046263,2021-03-27 09:45:00,2021,3,27,9,45,69,69133,19 MARS 1962 (DU) (R),45.6369120118,4.7810462654,Plein jour,En agglomération,Hors intersection,Normale,Deux véhicules - frontale,4,2,2,0,1,2,1,0,1,50,,3,0,0,0,3,35.0,37.0,,,1,2,1,1,1
202100046264,2021-03-28 16:20:00,2021,3,28,16,20,19,19017,Route de l'Auvergnassou,45.0123320476,1.8763649034,Plein jour,Hors agglomération,Hors intersection,Normale,Sans collision,3,2,2,0,2,3,1,0,3,90,,1,0,0,0,1,44.0,,,,1,1,1,1,7
202100046265,2021-03-29 18:25:00,2021,3,29,18,25,56,56122,Le Bas des Grées,47.998631,-2.383813,Plein jour,Hors agglomération,Hors intersection,Normale,Deux véhicules - frontale,3,2,2,0,1,2,1,0,1,80,,3,1,0,1,1,49.0,31.0,,,1,1,1,1,1
202100046266,2021-03-26 21:15:00,2021,3,26,21,15,56,56206,Le Poteau D767,47.702065,-2.767138,Nuit sans éclairage public,Hors agglomération,Hors intersection,Normale,Deux véhicules - frontale,3,4,2,0,1,4,1,8,1,50,,3,0,2,1,0,20.0,48.0,,,3,1,1,1,1
202100046267,2021-03-28 17:10:00,2021,3,28,17,10,65,65025,70 Avenue Robert Coll,43.005189,-0.083937,Plein jour,En agglomération,Hors intersection,Normale,Deux véhicules - arrière,3,2,2,0,1,1,1,0,1,50,,2,1,0,0,1,18.0,16.0,,,1,2,1,1,2
202100046268,2021-03-28 18:55:00,2021,3,28,18,55,65,65002,N21,43.158784,-0.017467,Plein jour,Hors agglomération,Intersection en T,Normale,Deux véhicules - frontale,2,2,3,0,1,1,1,5,1,70,,2,1,0,1,0,50.0,41.0,,,1,1,3,1,1
202100046269,2021-03-28 17:00:00,2021,3,28,17,0,33,33423,Allee Ronald Barton,45.154954,-0.745102,Plein jour,Hors agglomération,Hors intersection,Normale,Sans collision,4,2,2,0,1,3,1,0,3,80,,3,2,0,1,0,37.0,,,,1,1,1,1,7
202100046270,2021-03-29 04:45:00,2021,3,29,4,45,89,89151,Pont Pourri,48.1183838444,3.1523060869,Nuit sans éclairage public,Hors agglomération,Hors intersection,Normale,Sans collision,3,2,2,0,1,1,1,0,1,80,,2,1,0,1,0,,39.0,,,3,1,1,1,7
202100046271,2021-03-28 23:31:00,2021,3,28,23,31,29,29189,Fiiliger (Arrêt de bus),48.375566,-4.38002,Nuit avec éclairage allumé,Hors agglomération,Hors intersection,Normale,Sans collision,7,2,2,0,1,1,1,0,3,70,,1,0,0,1,0,27.0,,,,5,1,1,1,7
202100046272,2021-03-28 18:05:00,2021,3,28,18,5,44,44158,La Lande Cognue,47.261692,-1.761643,Plein jour,Hors agglomération,Hors intersection,Normale,Autre collision,3,2,2,0,1,1,1,0,1,70,,2,1,0,1,0,39.0,65.0,,,1,1,1,1,6
202100046273,2021-03-27 15:50:00,2021,3,27,15,50,44,44158,La Censive,47.2859118292,-1.8118033904,Plein jour,Hors agglomération,Hors intersection,Normale,Deux véhicules - frontale,3,2,2,0,1,1,1,0,1,80,,5,2,0,2,1,35.0,44.0,,,1,1,1,1,1
202100046274,2021-03-28 16:15:00,2021,3,28,16,15,31,31311,19 Route des Vins,43.813045,1.539922,Plein jour,En agglomération,Hors intersection,Normale,Autre collision,4,2,2,0,1,2,1,0,8,50,,1,0,0,1,0,21.0,,,,1,2,1,1,6
202100046275,2021-03-28 16:45:00,2021,3,28,16,45,02,02032,Rue d'Haubenizel,49.778219,3.118921,Plein jour,Hors agglomération,Hors intersection,Normale,Sans collision,9,-1,2,0,1,1,9,0,8,50,,1,0,0,1,0,31.0,,,,1,1,1,1,7
202100046276,2021-03-27 02:00:00,2021,3,27,2,0,03,03313,Route de Cérilly,46.580457,2.800612,Nuit sans éclairage public,Hors agglomération,Hors intersection,Normale,Autre collision,3,2,2,0,1,3,2,0,3,90,,1,0,0,1,0,21.0,,,,3,1,1,1,6
202100046277,2021-03-28 16:40:00,2021,3,28,16,40,15,15108,La Baraque Neuve (Saint-Just),44.898641,3.226896,Plein jour,Hors agglomération,Intersection en T,Temps éblouissant,Deux véhicules - arrière,3,2,2,0,1,3,1,0,1,90,,2,0,0,0,2,22.0,52.0,,,1,1,3,7,2
202100046278,2021-03-12 22:30:00,2021,3,12,22,30,50,50490,Chemin de Coutances,49.360732,-1.743471,Nuit sans éclairage public,Hors agglomération,Intersection en X,Normale,Deux véhicules - côté,4,2,2,0,1,1,1,0,1,50,,4,2,0,0,2,35.0,20.0,,,3,1,2,1,3
202100046279,2021-03-27 10:30:00,2021,3,27,10,30,50,50260,7 Route du Moulin (Bellefontaine),48.687214,-0.980396,Plein jour,Hors agglomération,Hors intersection,Temps éblouissant,Deux véhicules - arrière,3,2,2,0,2,1,1,0,1,80,,2,1,0,1,0,77.0,51.0,,,1,1,1,7,2
202100046280,2021-03-29 13:45:00,2021,3,29,13,45,83,83045,D554,43.469849,6.053402,Plein jour,Hors agglomération,Hors intersection,Normale,Autre collision,3,2,1,0,2,4,1,0,3,80,,2,0,0,1,1,27.0,,,,1,1,1,1,6
202100046281,2021-03-29 10:15:00,2021,3,29,10,15,60,60287,D130,49.613145,3.069612,Plein jour,Hors agglomération,Hors intersection,Normale,Autre collision,3,2,2,0,1,1,1,0,3,80,,1,0,0,1,0,65.0,,,,1,1,1,1,6
202100046282,2021-03-29 08:30:00,2021,3,29,8,30,45,45095,42 grande rue,48.071025,2.133569,Plein jour,En agglomération,Hors intersection,Normale,Autre collision,3,2,2,0,1,1,1,0,1,50,,2,1,0,1,0,53.0,,,,1,2,1,1,6
202100046283,2021-03-29 02:45:00,2021,3,29,2,45,64,64362,CD 14,43.339187,-1.068914,Nuit sans éclairage public,Hors agglomération,Hors intersection,Normale,Sans collision,3,2,2,0,1,2,1,0,1,80,,2,0,0,1,1,43.0,,,,3,1,1,1,7
202100046284,2021-03-29 10:30:00,2021,3,29,10,30,64,64153,RD 104,43.513094,-0.194401,Plein jour,Hors agglomération,Intersection en T,Normale,Deux véhicules - côté,3,2,2,0,1,1,1,0,1,80,,3,1,0,2,0,47.0,74.0,,,1,1,3,1,3
202100046285,2021-03-27 19:30:00,2021,3,27,19,30,18,18081,D66,46.992782,2.579556,Nuit sans éclairage public,Hors agglomération,Hors intersection,Normale,Autre collision,3,2,2,0,2,4,1,0,3,80,,1,0,0,1,0,44.0,,,,3,1,1,1,6
202100046286,2021-03-28 14:50:00,2021,3,28,14,50,07,07291,CD 4 - Lieu-dit Le Laval,44.400876,4.476217,Plein jour,Hors agglomération,Hors intersection,Normale,Trois véhicules et plus - en chaîne,3,2,2,0,2,1,1,0,1,80,,9,2,0,5,2,19.0,52.0,,,1,1,1,1,4
202100046287,2021-03-29 08:30:00,2021,3,29,8,30,23,23114,Rierette,46.175521,2.37384,Plein jour,Hors agglomération,Hors intersection,Normale,Sans collision,3,2,2,0,1,1,1,0,8,90,,1,0,0,1,0,14.0,,,,1,1,1,1,7
202100046288,2021-03-28 04:00:00,2021,3,28,4,0,37,37023,bois de beaumont,47.171280044,1.2054414405,Nuit sans éclairage public,Hors agglomération,Hors intersection,Normale,Autre collision,3,2,2,0,3,3,1,0,3,80,,6,0,0,4,2,32.0,,,,3,1,1,1,6
202100046289,2021-03-28 18:30:00,2021,3,28,18,30,08,08284,D988,49.914839,4.647861,Plein jour,Hors agglomération,Hors intersection,Normale,Sans collision,3,2,2,0,2,4,1,0,1,80,,1,0,0,1,0,22.0,,,,1,1,1,1,7