accident_id,datetime,annee,mois,jour,heure,minute,departement,commune_insee,adresse,latitude,longitude,luminosite,agglomeration,intersection,meteo,collision,catr,circ,nbv,vosp,prof,plan,surf,infra,situ,vma,nb_vehicules,nb_usagers,nb_indemnes,nb_tues,nb_blesses_hosp,nb_blesses_legers,age_cond_1,age_cond_2,veh_type_cond_1,veh_type_cond_2,lum_code,agg_code,int_code,atm_code,col_code
202100046290,2021-03-26 19:30:00,2021,3,26,19,30,33,33002,Départementale 9,44.5126619807,-0.051881969,Crépuscule ou aube,Hors agglomération,Intersection en X,Normale,Deux véhicules - côté,1,3,2,-1,1,1,1,7,1,-1,,2,1,1,0,0,49.0,61.0,,,2,1,2,1,3
202100046291,2021-03-28 18:40:00,2021,3,28,18,40,95,95256,4 Avenue Eugene Freyssinet,49.04821,2.192877,Plein jour,En agglomération,Hors intersection,Normale,Autre collision,4,-1,2,0,1,1,1,0,1,30,,2,1,0,1,0,19.0,,,,1,2,1,1,6
202100046292,2021-03-28 17:40:00,2021,3,28,17,40,24,24454,Les Taules,44.974817,0.123274,Plein jour,Hors agglomération,Hors intersection,Normale,Autre collision,4,2,2,0,1,3,1,0,1,80,,1,0,0,1,0,52.0,,,,1,1,1,1,6
202100046293,2021-03-28 00:30:00,2021,3,28,0,30,30,30347,D135,43.731267,4.272952,Nuit sans éclairage public,Hors agglomération,Intersection en X,Normale,Autre collision,3,2,2,0,1,1,1,0,1,80,,4,3,0,0,1,29.0,21.0,,,3,1,2,1,6
202100046294,2021-03-27 08:25:00,2021,3,27,8,25,74,74143,RN 205,45.898939,6.783435,Plein jour,Hors agglomération,Hors intersection,Pluie légère,Autre collision,2,1,2,0,2,4,2,0,1,70,,1,0,0,0,1,25.0,,,,1,1,1,2,6
202100046295,2021-03-28 16:30:00,2021,3,28,16,30,06,06088,"A8, PK 189.400 chaussée nord",43.70052,7.188256,Plein jour,Hors agglomération,Hors intersection,Normale,Deux véhicules - côté,1,3,5,0,1,1,1,7,1,50,,4,3,0,0,1,23.0,57.0,,,1,1,1,1,3
202100046296,2021-03-28 04:50:00,2021,3,28,4,50,34,34022,A9,43.661073,4.001191,Nuit sans éclairage public,Hors agglomération,Hors intersection,Normale,Autre collision,1,3,5,0,1,1,1,0,2,130,,1,0,0,1,0,73.0,,,,3,1,1,1,6
202100046297,2021-03-28 12:00:00,2021,3,28,12,0,974,97422,26 Rue Albert Fréjaville,-21.283786,55.509221,Plein jour,En agglomération,Hors intersection,Normale,Deux véhicules - arrière,9,2,2,0,2,1,1,0,1,50,,2,1,0,1,0,64.0,17.0,,,1,2,1,1,2
202100046298,2021-03-25 11:55:00,2021,3,25,11,55,971,97125,Rue Martin Luther King,16.257805,-61.27241,Plein jour,En agglomération,Hors intersection,Normale,Deux véhicules - côté,3,2,2,0,2,2,1,0,1,50,,2,1,0,0,1,49.0,35.0,,,1,2,1,1,3
202100046299,2021-03-28 20:20:00,2021,3,28,20,20,77,77248,D89,48.928315,2.799644,Nuit sans éclairage public,Hors agglomération,Intersection en Y,Normale,Autre collision,3,2,2,0,4,3,1,0,3,80,,3,0,0,1,2,32.0,,,,3,1,4,1,6
202100046300,2021-03-29 10:00:00,2021,3,29,10,0,77,77339,route départmentale 16,48.378431,2.499754,Plein jour,Hors agglomération,Intersection en X,Normale,Deux véhicules - côté,3,2,2,0,1,1,1,0,1,70,,2,1,0,1,0,73.0,19.0,,,1,1,2,1,3
202100046301,2021-03-28 14:00:00,2021,3,28,14,0,95,95627,Route départementale 64,49.1399555446,2.0964854737,Plein jour,Hors agglomération,Hors intersection,Normale,Deux véhicules - côté,3,2,2,0,1,2,1,0,1,80,,4,2,0,1,1,49.0,31.0,,,1,1,1,1,3
202100046302,2021-03-28 12:00:00,2021,3,28,12,0,66,66008,18 Route d'Elne,42.551161301,3.0174118947,Plein jour,En agglomération,Intersection en Y,Normale,Deux véhicules - côté,3,2,2,0,1,1,1,0,1,50,,3,2,0,1,0,70.0,50.0,,,1,2,4,1,3
202100046303,2021-03-29 09:30:00,2021,3,29,9,30,34,34143,Mèze,43.440017,3.626141,Plein jour,Hors agglomération,Hors intersection,Normale,Deux véhicules - côté,3,2,2,0,1,1,1,0,3,90,,2,0,0,0,2,77.0,38.0,,,1,1,1,1,3
202100046304,2021-03-29 17:00:00,2021,3,29,17,0,13,13022,Route Nationale 559a,43.227694,5.586183,Plein jour,Hors agglomération,Hors intersection,Normale,Deux véhicules - frontale,7,2,2,0,2,3,1,0,1,80,,2,1,0,1,0,56.0,25.0,,,1,1,1,1,1
202100046305,2021-03-28 15:50:00,2021,3,28,15,50,13,13022,D559,43.215013,5.580111,Plein jour,Hors agglomération,Hors intersection,Normale,Trois véhicules et plus - collisions multiples,7,2,2,0,4,3,1,0,1,70,,4,0,1,2,1,64.0,64.0,,,1,1,1,1,5
202100046306,2021-03-13 15:00:00,2021,3,13,15,0,13,13022,route départementale 559A,43.224161,5.58305,Plein jour,Hors agglomération,Intersection en T,Normale,Deux véhicules - côté,1,1,-1,-1,1,3,1,3,1,-1,,3,1,0,0,2,30.0,40.0,,,1,1,3,1,3
202100046307,2021-03-29 10:15:00,2021,3,29,10,15,13,13100,Avenue du 19 Mars 1962,43.793181,4.830959,Plein jour,En agglomération,Hors intersection,Normale,Trois véhicules et plus - en chaîne,3,2,2,0,1,1,1,0,1,50,,1,0,0,0,1,20.0,,,,1,2,1,1,4
202100046308,2021-03-26 15:55:00,2021,3,26,15,55,70,70026,Avenue Jean-jaurès,47.462139,5.583957,Plein jour,En agglomération,Intersection en Y,Normale,Deux véhicules - côté,3,2,2,0,1,1,1,0,1,50,,2,1,0,1,0,16.0,71.0,,,1,2,4,1,3
202100046309,2021-03-28 17:05:00,2021,3,28,17,5,68,68211,33 Rue Principale,47.87196,7.006426,Plein jour,En agglomération,Hors intersection,Normale,Deux véhicules - côté,3,2,2,0,2,1,1,0,1,50,,2,1,0,0,1,34.0,8.0,,,1,2,1,1,3
202100046310,2021-03-27 15:15:00,2021,3,27,15,15,38,38468,Rue de Gampaloud,45.330549,4.825898,Plein jour,Hors agglomération,Intersection en X,Temps éblouissant,Deux véhicules - côté,4,2,2,0,1,1,1,0,1,80,,2,1,0,0,1,20.0,69.0,,,1,1,2,7,3
202100046311,2021-03-27 13:40:00,2021,3,27,13,40,69,69204,MARECHAL FOCH (AV),45.6878417711,4.7868265856,Plein jour,En agglomération,Intersection en T,Normale,Deux véhicules - côté,7,2,2,1,1,1,1,0,1,50,,3,2,0,1,0,49.0,74.0,,,1,2,3,1,3
202100046312,2021-03-28 17:00:00,2021,3,28,17,0,65,65320,Rue du Montaigu,43.120973,0.10613,Plein jour,En agglomération,Intersection en X,Normale,Deux véhicules - frontale,4,2,2,0,1,1,1,0,1,50,,2,1,0,1,0,61.0,48.0,,,1,2,2,1,1
202100046313,2021-03-29 15:20:00,2021,3,29,15,20,40,40123,Avenue Hosseleyre,43.797088,-1.137214,Plein jour,Hors agglomération,Hors intersection,Normale,Sans collision,4,2,2,0,1,1,1,0,3,80,,1,0,0,0,1,20.0,,,,1,1,1,1,7
202100046314,2021-03-27 14:20:00,2021,3,27,14,20,85,85112,D32,46.586304,-1.762056,Plein jour,Hors agglomération,Hors intersection,Normale,Deux véhicules - frontale,3,2,2,0,2,4,8,2,1,70,,2,1,0,1,0,71.0,39.0,,,1,1,1,1,1
202100046315,2021-03-11 06:20:00,2021,3,11,6,20,44,44047,177 Boulevard de la Libération,47.213888,-1.698825,Nuit sans éclairage public,En agglomération,Hors intersection,Pluie forte,Deux véhicules - arrière,9,2,2,0,1,1,2,0,1,50,,2,1,0,0,1,41.0,43.0,,,3,2,1,3,2
202100046316,2021-03-28 17:50:00,2021,3,28,17,50,35,35332,14 Rue de la Chenais Avril,47.810945,-1.544484,Plein jour,En agglomération,Hors intersection,Normale,Deux véhicules - arrière,3,-1,2,0,1,1,1,0,1,50,,2,1,0,1,0,46.0,55.0,,,1,2,1,1,2
202100046317,2021-03-28 18:24:00,2021,3,28,18,24,13,13033,A55-Sens Martigues vers Marseille,43.38,5.20819,Plein jour,Hors agglomération,Hors intersection,Normale,Deux véhicules - frontale,1,-1,2,0,1,1,1,0,2,110,,5,3,0,1,1,19.0,28.0,,,1,1,1,1,1
202100046318,2021-03-28 16:15:00,2021,3,28,16,15,13,13026,A55-Sens Marseille vers Martigues,43.37393,5.18131,Plein jour,Hors agglomération,Hors intersection,Normale,Deux véhicules - arrière,1,1,2,0,1,1,1,0,1,110,,2,1,0,0,1,40.0,77.0,,,1,1,1,1,2
202100046319,2021-03-27 19:55:00,2021,3,27,19,55,13,13215,A7-Sens Marseille vers Lyon,43.3754402615,5.3606404859,Nuit avec éclairage allumé,Hors agglomération,Hors intersection,Normale,Autre collision,1,1,2,0,2,2,1,3,1,50,,2,0,1,0,1,19.0,,,,5,1,1,1,6
202100046320,2021-03-23 18:05:00,2021,3,23,18,5,13,13071,A7-Sens Lyon vers Marseille,43.40607,5.32324,Plein jour,Hors agglomération,Hors intersection,Normale,Deux véhicules - côté,1,1,3,0,1,1,1,0,1,110,,3,0,0,0,3,45.0,61.0,,,1,1,1,1,3
202100046321,2021-03-28 07:10:00,2021,3,28,7,10,69,69250,A89,45.82019,4.721046,Crépuscule ou aube,Hors agglomération,Hors intersection,Normale,Deux véhicules - arrière,1,3,4,0,1,1,1,0,1,110,,2,0,0,0,2,27.0,53.0,,,2,1,1,1,2
202100046322,2021-03-26 16:25:00,2021,3,26,16,25,67,67482,M351,48.58664,7.71677,Plein jour,Hors agglomération,Hors intersection,Normale,Trois véhicules et plus - en chaîne,7,3,3,0,1,1,1,0,1,90,,5,2,0,0,3,61.0,29.0,,,1,1,1,1,4
202100046323,2021-03-26 16:00:00,2021,3,26,16,0,67,67482,M35,48.57641,7.72754,Plein jour,Hors agglomération,Hors intersection,Normale,Trois véhicules et plus - en chaîne,7,1,4,0,1,1,1,0,1,90,,5,2,0,0,3,28.0,49.0,,,1,1,1,1,4
202100046324,2021-03-28 08:15:00,2021,3,28,8,15,33,33249,Rocade Rive Droite A630,44.872073,-0.505757,Plein jour,Hors agglomération,Hors intersection,Normale,Autre collision,2,3,6,0,1,1,1,0,2,90,,1,0,0,0,1,39.0,,,,1,1,1,1,6
202100046325,2021-03-28 09:00:00,2021,3,28,9,0,92,92064,A13,48.8397194355,2.219539694,Plein jour,Hors agglomération,Hors intersection,Normale,Sans collision,1,3,4,0,1,2,1,2,1,70,,1,0,0,0,1,42.0,,,,1,1,1,1,7
202100046326,2021-03-28 19:10:00,2021,3,28,19,10,93,93066,AUTOROUTE A1,48.90396,2.35878,Crépuscule ou aube,Hors agglomération,Hors intersection,Autre,Trois véhicules et plus - collisions multiples,1,3,8,0,1,1,1,1,1,70,,4,3,0,0,1,44.0,36.0,,,2,1,1,9,5
202100046327,2021-03-27 23:40:00,2021,3,27,23,40,95,95252,A15,48.9864156095,2.210611208,Nuit sans éclairage public,Hors agglomération,Hors intersection,Normale,Deux véhicules - arrière,1,3,6,0,1,1,1,0,1,110,,6,5,0,0,1,22.0,20.0,,,3,1,1,1,2
202100046328,2021-03-27 19:10:00,2021,3,27,19,10,95,95424, A15,48.99076,2.19376,Plein jour,Hors agglomération,Hors intersection,Normale,Deux véhicules - arrière,1,3,7,0,2,2,1,0,1,70,,2,1,0,0,1,58.0,54.0,,,1,1,1,1,2
202100046329,2021-03-27 18:30:00,2021,3,27,18,30,974,97411,JAURES (BOULEVARD JEAN),-20.88991,55.46313,Nuit avec éclairage allumé,Hors agglomération,Hors intersection,Pluie légère,Sans collision,2,1,3,0,1,1,2,0,1,90,,1,0,0,0,1,30.0,,,,5,1,1,2,7
202100046330,2021-03-26 06:55:00,2021,3,26,6,55,973,97302,CABASSOU (ROUTE DE),4.91925,-52.31755,Plein jour,En agglomération,Autre intersection,Normale,Deux véhicules - côté,4,2,2,0,1,1,1,0,1,50,,3,2,0,0,1,44.0,31.0,,,1,2,9,1,3
202100046331,2021-03-24 19:25:00,2021,3,24,19,25,69,69387,MARSEILLE (DE) (R),45.74764,4.83735,Nuit avec éclairage allumé,En agglomération,Intersection en X,Normale,Sans collision,4,1,1,0,1,1,1,0,1,50,,1,0,0,0,1,36.0,,,,5,2,2,1,7
202100046332,2021-03-27 01:40:00,2021,3,27,1,40,69,69387,BERTHELOT                           (AV),45.74348,4.84725,Nuit avec éclairage allumé,En agglomération,Intersection en X,Pluie légère,Deux véhicules - côté,4,1,2,0,1,3,2,0,1,50,,3,2,0,0,1,38.0,26.0,,,5,2,2,2,3
202100046333,2021-03-27 04:15:00,2021,3,27,4,15,69,69034,NOBERTO GOMES MOREIRA (CHM),45.78828,4.86418,Nuit avec éclairage allumé,En agglomération,Hors intersection,Normale,Sans collision,4,1,3,0,1,4,2,9,1,50,,1,0,0,0,1,25.0,,,,5,2,1,1,7
202100046334,2021-02-24 19:15:00,2021,2,24,19,15,69,69389,SAINT CYR (DE) (R),45.78232,4.80717,Nuit avec éclairage allumé,En agglomération,Hors intersection,Normale,Deux véhicules - côté,4,2,3,0,1,1,1,0,1,50,,2,1,0,0,1,33.0,28.0,,,5,2,1,1,3
202100046335,2021-03-27 15:00:00,2021,3,27,15,0,95,95424,GRANDE RUE,48.9875842614,2.1897749042,Plein jour,En agglomération,Intersection en Y,Temps couvert,Autre collision,4,1,2,0,2,1,1,0,1,50,,3,1,0,0,2,24.0,,,,1,2,4,8,6
202100046336,2021-03-27 00:35:00,2021,3,27,0,35,95,95582,RD 14,48.96732,2.273355,Nuit avec éclairage allumé,En agglomération,Giratoire,Pluie légère,Autre collision,3,1,2,0,1,2,2,0,1,50,,5,4,0,1,0,21.0,,,,5,2,6,2,6
202100046337,2021-03-27 16:30:00,2021,3,27,16,30,91,91097,RUE GEORGES COUBARD,48.694936,2.536173,Plein jour,En agglomération,Hors intersection,Normale,Deux véhicules - côté,3,2,0,0,1,1,1,0,1,50,,2,1,0,0,1,25.0,17.0,,,1,2,1,1,3
202100046338,2021-03-27 03:00:00,2021,3,27,3,0,85,85191,GUTEMBERG RUE (SECTEUR 311),46.68387,-1.4299,Nuit avec éclairage allumé,En agglomération,Hors intersection,Normale,Autre collision,3,2,2,0,1,1,1,5,1,50,,1,0,0,0,1,18.0,,,,5,2,1,1,6
202100046339,2021-03-27 08:25:00,2021,3,27,8,25,81,81060,Avenue Albert Thomas,44.04511,2.15815,Plein jour,En agglomération,Hors intersection,Normale,Deux véhicules - frontale,4,2,2,0,2,4,1,0,1,50,,6,2,0,0,4,22.0,45.0,,,1,2,1,1,1
202100046340,2021-03-27 12:50:00,2021,3,27,12,50,78,78440,CROIX VERTE (RUE DE LA),48.98795,1.92544,Plein jour,En agglomération,Intersection en T,Normale,Deux véhicules - côté,4,2,2,0,1,1,1,0,1,50,,3,2,0,0,1,40.0,31.0,,,1,2,3,1,3
202100046341,2021-03-22 14:00:00,2021,3,22,14,0,78,78384,RD154,48.95881,1.97963,Plein jour,Hors agglomération,Giratoire,Normale,Sans collision,3,1,2,0,1,2,1,9,1,50,,1,0,0,0,1,34.0,,,,1,1,6,1,7
202100046342,2021-03-27 22:50:00,2021,3,27,22,50,76,76540,CHASTELLAIN. AVENUE JACQUES,49.43574,1.09561,Nuit avec éclairage allumé,En agglomération,Hors intersection,Normale,Sans collision,4,2,3,0,1,1,1,2,4,30,,1,0,0,1,0,37.0,,,,5,2,1,1,7
202100046343,2021-03-01 11:15:00,2021,3,1,11,15,74,74012,INDUSTRIE (RUE DE L'),46.19325,6.23415,Plein jour,En agglomération,Hors intersection,Normale,Deux véhicules - arrière,4,2,2,0,1,1,1,0,1,50,,2,1,0,0,1,24.0,51.0,,,1,2,1,1,2
202100046344,2021-03-27 19:15:00,2021,3,27,19,15,69,69266,LUXEMBOURG (DU) (R),45.74945,4.9144,Nuit avec éclairage allumé,En agglomération,Hors intersection,Normale,Deux véhicules - arrière,4,1,1,0,1,1,1,0,1,50,,5,3,0,0,2,,28.0,,,5,2,1,1,2
202100046345,2021-03-26 17:03:00,2021,3,26,17,3,65,65226,RN21,43.223238,0.032766,Plein jour,Hors agglomération,Hors intersection,Normale,Trois véhicules et plus - en chaîne,2,3,4,0,1,1,1,0,1,90,,6,0,0,0,6,33.0,74.0,,,1,1,1,1,4
202100046346,2021-03-26 18:50:00,2021,3,26,18,50,65,65047,NOVEMBRE (RUE DU XI),43.25017,0.08957,Plein jour,En agglomération,Intersection en X,Normale,Deux véhicules - côté,3,2,2,0,1,1,1,0,1,50,,5,4,0,0,1,33.0,20.0,,,1,2,2,1,3
202100046347,2021-03-27 18:15:00,2021,3,27,18,15,64,64483,LARREA DOMINIQUE (RUE),43.399532,-1.63909,Plein jour,En agglomération,Hors intersection,Normale,Deux véhicules - arrière,4,2,2,0,1,1,1,0,1,50,,2,1,0,0,1,16.0,42.0,,,1,2,1,1,2
202100046348,2021-03-27 16:15:00,2021,3,27,16,15,64,64445,GASTON PHOEBUS,43.30225,-0.37767,Plein jour,En agglomération,Intersection en X,Normale,Deux véhicules - côté,4,1,1,0,1,1,1,0,1,50,,3,1,0,0,2,79.0,63.0,,,1,2,2,1,3
202100046349,2021-03-27 14:30:00,2021,3,27,14,30,64,64024,rue de pichot,43.4645317131,-1.5336455405,Plein jour,En agglomération,Hors intersection,Normale,Deux véhicules - côté,4,2,2,0,1,1,1,0,1,50,,3,2,0,1,0,71.0,36.0,,,1,2,1,1,3
202100046350,2021-03-27 15:50:00,2021,3,27,15,50,59,59352,VISCOURT (RUE),50.73883,3.10142,Plein jour,Hors agglomération,Hors intersection,Normale,Deux véhicules - côté,4,2,2,0,1,1,1,0,1,50,,3,0,0,0,3,21.0,21.0,,,1,1,1,1,3
202100046351,2021-03-27 14:50:00,2021,3,27,14,50,56,56260,LUSCANEN (GIRATOIRE DE),47.66121,-2.79458,Plein jour,En agglomération,Giratoire,Normale,Deux véhicules - arrière,4,1,2,0,1,2,1,5,1,50,,2,1,0,0,1,31.0,60.0,,,1,2,6,1,2
202100046352,2021-03-27 13:15:00,2021,3,27,13,15,47,47031,Allée Larroumet et Lagarde,44.179,0.622,Plein jour,En agglomération,Intersection en T,Normale,Deux véhicules - côté,4,2,1,0,1,1,1,0,1,50,,4,1,0,0,3,21.0,24.0,,,1,2,3,1,3
202100046353,2021-03-27 19:40:00,2021,3,27,19,40,37,37214,DE GAULLE (BD CHARLES),47.4145240123,0.669906479,Nuit avec éclairage allumé,En agglomération,Intersection en T,Normale,Autre collision,4,2,4,0,1,1,1,0,1,50,,2,1,0,0,1,32.0,53.0,,,5,2,3,1,6
202100046354,2021-03-27 14:25:00,2021,3,27,14,25,37,37261,D976 - Route de St Avertin,47.3650490392,0.7107601532,Plein jour,En agglomération,Hors intersection,Normale,Deux véhicules - arrière,4,4,2,0,1,1,1,0,1,50,,2,1,0,0,1,35.0,23.0,,,1,2,1,1,2
202100046355,2021-03-26 09:45:00,2021,3,26,9,45,15,15014,Boulevard du Pavatou,44.9324,2.4494,Plein jour,En agglomération,Hors intersection,Normale,Sans collision,4,2,2,0,1,1,1,0,1,50,,1,0,0,0,1,43.0,,,,1,2,1,1,7
202100046356,2021-03-27 20:00:00,2021,3,27,20,0,13,13210,MIREILLE LAUZE (BOULEVARD),43.2848786764,5.4213694753,Nuit avec éclairage allumé,En agglomération,Hors intersection,Normale,Deux véhicules - côté,4,2,2,0,1,2,1,0,1,50,,1,0,0,0,1,23.0,,,,5,2,1,1,3
202100046357,2021-03-27 12:10:00,2021,3,27,12,10,13,13213,POILUS (AVENUE DES),43.3225796938,5.4559645672,Plein jour,En agglomération,Hors intersection,Normale,Deux véhicules - côté,4,2,2,0,1,1,1,0,1,50,,2,1,0,1,0,23.0,33.0,,,1,2,1,1,3
202100046358,2021-03-27 10:50:00,2021,3,27,10,50,13,13209,ROMAIN ROLLAND (BOULEVARD),43.268879699,5.4041480954,Plein jour,En agglomération,Hors intersection,Normale,Deux véhicules - côté,4,2,4,0,1,1,1,0,1,50,,2,1,0,0,1,52.0,46.0,,,1,2,1,1,3
202100046359,2021-03-26 21:29:00,2021,3,26,21,29,13,13206,PRADO (AVENUE DU),43.28395,5.38452,Nuit avec éclairage allumé,En agglomération,Intersection en X,Normale,Deux véhicules - côté,4,1,1,0,1,1,1,0,1,50,,3,1,0,0,2,21.0,26.0,,,5,2,2,1,3
202100046360,2021-03-26 16:20:00,2021,3,26,16,20,06,06069,PAGNOL (BOULEVARD MARCEL),43.64519,6.94134,Plein jour,En agglomération,Intersection en T,Normale,Deux véhicules - côté,4,2,2,0,2,1,1,0,1,50,,2,1,0,0,1,46.0,19.0,,,1,2,3,1,3
202100046361,2021-03-27 21:10:00,2021,3,27,21,10,06,06123,GARE ROUTE DE LA,43.662037,7.193936,Nuit avec éclairage allumé,En agglomération,Hors intersection,Normale,Autre collision,7,2,1,0,1,1,1,0,1,50,,2,0,0,0,2,23.0,,,,5,2,1,1,6
202100046362,2021-03-26 08:15:00,2021,3,26,8,15,02,02738,32EME R.I (BOULEVARD),49.6459,3.2889,Plein jour,En agglomération,Hors intersection,Normale,Deux véhicules - arrière,4,2,2,0,1,1,1,0,1,50,,5,3,0,0,2,41.0,42.0,,,1,2,1,1,2
202100046363,2021-03-27 12:45:00,2021,3,27,12,45,75,75114,BOULEVARD PERIPHERIQUE EXTERIEUR SUD,48.8246640194,2.3046140542,Plein jour,En agglomération,Intersection en Y,Normale,Deux véhicules - côté,4,1,3,0,1,1,1,1,1,70,,2,1,0,0,1,32.0,26.0,,,1,2,4,1,3
202100046364,2021-03-26 14:45:00,2021,3,26,14,45,75,75105,PLACE PAUL PAINLEVE,48.850277,2.34455,Plein jour,En agglomération,Intersection en X,Normale,Deux véhicules - côté,4,1,1,0,1,1,1,0,1,50,,2,1,0,1,0,49.0,26.0,,,1,2,2,1,3
202100046365,2021-03-25 20:30:00,2021,3,25,20,30,75,75111,BOULEVARD BEAUMARCHAIS,48.8579192999,2.3679874976,Nuit avec éclairage allumé,En agglomération,Hors intersection,Normale,Deux véhicules - arrière,4,2,4,1,1,1,1,-1,5,50,,2,0,0,1,1,28.0,18.0,,,5,2,1,1,2
202100046366,2021-03-26 22:10:00,2021,3,26,22,10,75,75106,PLACE EDMOND ROSTAND,48.8475085923,2.3404399505,Nuit avec éclairage allumé,En agglomération,Place,Pluie légère,Sans collision,4,1,2,3,1,1,2,0,1,50,,1,0,0,0,1,66.0,,,,5,2,7,2,7
202100046367,2021-03-27 16:37:00,2021,3,27,16,37,75,75120,RUE DU CAPITAINE TARRON,48.865388,2.40871,Plein jour,En agglomération,Intersection en Y,Normale,Trois véhicules et plus - collisions multiples,4,1,2,1,2,1,1,-1,5,50,,4,1,0,1,2,33.0,33.0,,,1,2,4,1,5
202100046368,2021-03-25 13:25:00,2021,3,25,13,25,75,75120,BOULEVARD DE CHARONNE,48.849802,2.399137,Plein jour,En agglomération,Intersection en T,Normale,Sans collision,4,3,2,0,1,1,2,0,1,50,,1,0,0,0,1,42.0,,,,1,2,3,1,7
202100046369,2021-03-27 19:15:00,2021,3,27,19,15,75,75119,RUE BOTZARIS,48.8759848782,2.3813301025,Nuit avec éclairage allumé,En agglomération,Intersection à plus de 4 branches,Normale,Sans collision,4,2,2,0,4,2,1,0,1,50,,1,0,0,0,1,31.0,,,,5,2,5,1,7
202100046370,2021-03-27 14:15:00,2021,3,27,14,15,75,75119,RUE DE CRIMEE,48.891079,2.376285,Plein jour,En agglomération,Hors intersection,Normale,Deux véhicules - côté,4,1,2,3,1,1,1,0,1,50,,2,1,0,0,1,23.0,41.0,,,1,2,1,1,3
202100046371,2021-03-26 22:30:00,2021,3,26,22,30,75,75119,AVENUE JEAN JAURES,48.8832179531,2.3716319802,Nuit avec éclairage allumé,En agglomération,Hors intersection,Pluie légère,Autre collision,4,1,2,1,1,1,2,0,1,20,,2,1,0,0,1,,38.0,,,5,2,1,2,6
202100046372,2021-03-26 19:55:00,2021,3,26,19,55,75,75117,RUE GUY MOQUET,48.89301,2.327434,Nuit avec éclairage allumé,En agglomération,Intersection à plus de 4 branches,Pluie légère,Deux véhicules - arrière,4,2,2,0,1,1,2,0,1,30,,2,1,0,0,1,34.0,27.0,,,5,2,5,2,2
202100046373,2021-03-27 17:20:00,2021,3,27,17,20,75,75116,RUE DU COMMANDANT GUILBAUD,48.8399967787,2.2515588999,Plein jour,En agglomération,Hors intersection,Normale,Autre collision,4,3,2,0,1,1,1,0,1,50,,1,0,0,0,1,93.0,,,,1,2,1,1,6
202100046374,2021-03-25 20:55:00,2021,3,25,20,55,75,75116,ALLEE DU BORD DE L EAU,48.852872,2.226322,Nuit avec éclairage allumé,En agglomération,Intersection en T,Normale,Autre collision,4,2,4,0,1,1,1,0,1,50,,1,0,0,0,1,55.0,,,,5,2,3,1,6
202100046375,2021-03-27 10:05:00,2021,3,27,10,5,75,75115,QUAI DE GRENELLE,48.852906,2.286571,Plein jour,En agglomération,Intersection en T,Normale,Deux véhicules - frontale,4,2,1,1,1,1,1,-1,5,50,,2,0,0,0,2,37.0,20.0,,,1,2,3,1,1
202100046376,2021-03-26 08:40:00,2021,3,26,8,40,75,75115,RUE DE LA CONVENTION,48.839573,2.29125,Plein jour,En agglomération,Hors intersection,Normale,Sans collision,4,2,2,0,1,1,1,0,1,50,,1,0,0,0,1,20.0,,,,1,2,1,1,7
202100046377,2021-03-26 11:25:00,2021,3,26,11,25,75,75114,RUE D ALESIA,48.82783,2.330499,Plein jour,En agglomération,Intersection en X,Normale,Autre collision,4,1,0,1,1,1,1,8,1,50,,2,1,0,0,1,34.0,,,,1,2,2,1,6
202100046378,2021-03-25 12:15:00,2021,3,25,12,15,75,75114,RUE D ALESIA,48.83114,2.317147,Plein jour,En agglomération,Intersection en T,Pluie légère,Trois véhicules et plus - en chaîne,4,2,4,3,1,1,2,-1,6,50,,3,1,0,0,2,27.0,28.0,,,1,2,3,2,4
202100046379,2021-03-27 15:30:00,2021,3,27,15,30,75,75113,RUE DE LA GLACIERE,48.827952,2.34244,Plein jour,En agglomération,Hors intersection,Normale,Deux véhicules - côté,4,1,2,0,1,1,1,0,1,50,,2,1,0,0,1,18.0,68.0,,,1,2,1,1,3
202100046380,2021-03-26 12:40:00,2021,3,26,12,40,75,75112,AVENUE DAUMESNIL,48.841248,2.388427,Plein jour,En agglomération,Hors intersection,Normale,Deux véhicules - côté,4,2,2,1,2,1,1,-1,5,50,,2,1,0,0,1,30.0,41.0,,,1,2,1,1,3
202100046381,2021-03-26 09:30:00,2021,3,26,9,30,75,75112,RUE ROLAND BARTHES,48.8443864143,2.3775837759,Plein jour,En agglomération,Hors intersection,Normale,Autre collision,4,2,2,0,1,1,1,0,1,30,,1,0,0,0,1,33.0,,,,1,2,1,1,6
202100046382,2021-03-26 16:50:00,2021,3,26,16,50,75,75112,BOULEVARD DIDEROT,48.847947,2.392022,Plein jour,En agglomération,Hors intersection,Normale,Autre collision,4,2,2,0,2,1,1,0,1,50,,3,1,0,0,2,30.0,,,,1,2,1,1,6
202100046383,2021-03-26 09:20:00,2021,3,26,9,20,75,75108,RUE D ARTOIS,48.872660056,2.3081980147,Plein jour,En agglomération,Intersection en Y,Normale,Deux véhicules - côté,4,1,1,0,1,1,1,0,1,50,,2,1,0,0,1,51.0,60.0,,,1,2,4,1,3
202100046384,2021-03-25 17:10:00,2021,3,25,17,10,75,75108,PLACE CHARLES DE GAULLE,48.874116,2.29586,Plein jour,En agglomération,Place,Normale,Deux véhicules - côté,4,1,6,0,1,1,1,0,1,50,,2,1,0,0,1,44.0,30.0,,,1,2,7,1,3
202100046385,2021-03-27 08:05:00,2021,3,27,8,5,75,75104,BOULEVARD DU PALAIS,48.856189,2.346502,Plein jour,En agglomération,Intersection en X,Normale,Deux véhicules - arrière,4,1,1,3,1,1,1,-1,6,50,,2,1,0,0,1,31.0,37.0,,,1,2,2,1,2