accident_id,datetime,annee,mois,jour,heure,minute,departement,commune_insee,adresse,latitude,longitude,luminosite,agglomeration,intersection,meteo,collision,catr,circ,nbv,vosp,prof,plan,surf,infra,situ,vma,nb_vehicules,nb_usagers,nb_indemnes,nb_tues,nb_blesses_hosp,nb_blesses_legers,age_cond_1,age_cond_2,veh_type_cond_1,veh_type_cond_2,lum_code,agg_code,int_code,atm_code,col_code
202100046386,2021-03-25 18:30:00,2021,3,25,18,30,75,75101,BOULEVARD DE SEBASTOPOL,48.861988,2.350163,Crépuscule ou aube,En agglomération,Intersection en T,Normale,Deux véhicules - côté,4,2,5,1,1,1,1,-1,5,30,,2,1,0,0,1,19.0,51.0,,,2,2,3,1,3
202100046387,2021-03-25 11:15:00,2021,3,25,11,15,75,75102,RUE VIVIENNE,48.869353,2.340331,Plein jour,En agglomération,Intersection en T,Temps couvert,Autre collision,4,2,2,1,1,1,1,-1,5,30,,2,1,0,0,1,32.0,,,,1,2,3,8,6
202100046388,2021-03-24 08:45:00,2021,3,24,8,45,94,94067,Avenue Gambetta,48.8446,2.42014,Plein jour,En agglomération,Hors intersection,Normale,Autre collision,4,2,2,0,1,1,1,0,1,50,,1,0,0,0,1,33.0,,,,1,2,1,1,6
202100046389,2021-03-25 16:55:00,2021,3,25,16,55,94,94052,Avenue de Joinville,48.83108,2.46876,Plein jour,En agglomération,Autre intersection,Normale,Deux véhicules - côté,3,1,1,1,1,1,1,0,5,50,,2,1,0,0,1,18.0,55.0,,,1,2,9,1,3
202100046390,2021-03-27 14:05:00,2021,3,27,14,5,94,94043,CHARLES GIDE (AV),48.80815,2.35709,Plein jour,En agglomération,Autre intersection,Normale,Deux véhicules - côté,3,3,6,0,2,1,1,0,1,50,,3,2,0,0,1,31.0,50.0,,,1,2,9,1,3
202100046391,2021-03-26 12:35:00,2021,3,26,12,35,94,94073,Rue du Fossé Bazin,48.7681,2.37318,Plein jour,En agglomération,Intersection en T,Normale,Autre collision,3,2,2,0,1,1,1,0,1,50,,1,0,0,0,1,47.0,,,,1,2,3,1,6
202100046392,2021-03-27 14:50:00,2021,3,27,14,50,94,94019,Avenue Boileau,48.80634,2.55417,Plein jour,En agglomération,Hors intersection,Normale,Autre collision,4,2,2,0,1,1,1,0,1,50,,2,1,0,1,0,51.0,,,,1,2,1,1,6
202100046393,2021-03-27 17:30:00,2021,3,27,17,30,94,94002,Rue Emile Zola / Quai Blanqui,48.79823,2.42051,Plein jour,En agglomération,Intersection à plus de 4 branches,Temps couvert,Deux véhicules - côté,4,2,3,0,1,1,1,0,1,50,,2,1,0,0,1,32.0,38.0,,,1,2,5,8,3
202100046394,2021-03-26 15:55:00,2021,3,26,15,55,93,93073,MAHEUX (RUE DU MOULIN),48.9765134917,2.5579654381,Plein jour,En agglomération,Intersection en X,Normale,Deux véhicules - côté,3,2,2,0,1,1,1,0,1,50,,2,1,0,0,1,21.0,50.0,,,1,2,2,1,3
202100046395,2021-03-27 15:00:00,2021,3,27,15,0,93,93066,CARNOT (BOULEVARD),48.9383087081,2.3532919981,Plein jour,En agglomération,Hors intersection,Normale,Deux véhicules - côté,4,1,1,0,1,1,1,0,1,50,,4,3,0,0,1,24.0,39.0,,,1,2,1,1,3
202100046396,2021-03-26 16:00:00,2021,3,26,16,0,93,93077,GALLIENI (AVENUE DU GENERAL),48.8912437218,2.5077495526,Plein jour,En agglomération,Intersection en T,Normale,Autre collision,4,2,2,0,1,1,1,1,1,50,,2,1,0,0,1,47.0,,,,1,2,3,1,6
202100046397,2021-03-27 15:50:00,2021,3,27,15,50,93,93055,JEAN LOLIVE (AVENUE)(1/55 2/60),48.89157,2.40498,Plein jour,En agglomération,Hors intersection,Normale,Deux véhicules - côté,3,3,4,1,1,1,1,0,1,50,,2,1,0,1,0,35.0,46.0,,,1,2,1,1,3
202100046398,2021-03-26 06:26:00,2021,3,26,6,26,93,93050,GENERAL DE GAULLE (AVENUE),48.85689,2.53075,Plein jour,En agglomération,Intersection en X,Normale,Deux véhicules - côté,3,3,2,0,1,1,1,9,1,50,,2,0,0,0,2,47.0,26.0,,,1,2,2,1,3
202100046399,2021-03-26 02:05:00,2021,3,26,2,5,93,93046,POSTES CHEMIN DES,48.90784,2.53116,Nuit avec éclairage allumé,En agglomération,Hors intersection,Normale,Deux véhicules - arrière,4,2,2,0,1,1,1,0,1,50,,2,1,0,0,1,,38.0,,,5,2,1,1,2
202100046400,2021-03-26 18:30:00,2021,3,26,18,30,93,93010,RUE DE PARIS,48.904027,2.470546,Plein jour,En agglomération,Intersection en X,Normale,Autre collision,3,3,4,0,1,1,1,0,4,50,,1,0,0,0,1,37.0,,,,1,2,2,1,6
202100046401,2021-03-27 18:10:00,2021,3,27,18,10,93,93005,HENRI MATISSE (RUE),48.9562157775,2.5019477905,Plein jour,En agglomération,Hors intersection,Normale,Deux véhicules - arrière,4,1,1,0,1,1,1,0,1,50,,2,1,0,0,1,42.0,,,,1,2,1,1,2
202100046402,2021-03-26 22:15:00,2021,3,26,22,15,93,93005,JACQUES DUCLOS [CD44] (RUE),48.9462040641,2.4933637549,Nuit avec éclairage allumé,En agglomération,Intersection en T,Pluie légère,Deux véhicules - côté,3,1,4,0,2,1,2,0,1,50,,2,1,0,0,1,32.0,29.0,,,5,2,3,2,3
202100046403,2021-03-26 11:17:00,2021,3,26,11,17,92,92051,"CHARLES DE GAULLE (AVENUE, N° 18 A 116)",48.88189,2.26872,Plein jour,En agglomération,Hors intersection,Normale,Autre collision,2,1,1,0,1,1,1,0,1,50,,1,0,0,0,1,24.0,,,,1,2,1,1,6
202100046404,2021-03-10 12:50:00,2021,3,10,12,50,92,92051,"VILLIERS (RUE DE, N° 21 A 59)",48.8876933691,2.2822889686,Plein jour,En agglomération,Hors intersection,Normale,Deux véhicules - côté,4,2,2,0,1,1,1,0,1,50,,2,1,0,0,1,80.0,25.0,,,1,2,1,1,3
202100046405,2021-03-27 18:45:00,2021,3,27,18,45,92,92044,BAUDIN (RUE) 27A83 ET 36 A84,48.8969698907,2.2819456458,Plein jour,En agglomération,Intersection en X,Normale,Deux véhicules - côté,4,1,2,0,1,1,1,0,1,50,,2,1,0,0,1,22.0,25.0,,,1,2,2,1,3
202100046406,2021-03-26 18:06:00,2021,3,26,18,6,92,92040,EGALITE ( DE L'),48.81686,2.26051,Crépuscule ou aube,En agglomération,Hors intersection,Normale,Deux véhicules - côté,3,2,0,0,1,1,1,0,1,30,,2,1,0,1,0,59.0,21.0,,,2,2,1,1,3
202100046407,2021-04-06 16:55:00,2021,4,6,16,55,92,92002,FRANCOIS SOMMER (AVENUE),48.73366,2.30774,Plein jour,En agglomération,Intersection en T,Neige / grêle,Deux véhicules - côté,4,2,2,0,1,1,2,0,1,50,,2,1,0,0,1,40.0,23.0,,,1,2,3,4,3
202100046408,2021-03-27 10:40:00,2021,3,27,10,40,26,26301,1170 Avenue General de Gaulle,45.120409,4.984381,Plein jour,En agglomération,Hors intersection,Normale,Autre collision,3,2,2,0,1,1,1,0,1,50,,2,1,0,0,1,36.0,,,,1,2,1,1,6
202100046409,2021-03-26 23:55:00,2021,3,26,23,55,22,22190,5 Rue des Perrières,48.527282,-2.086148,Nuit avec éclairage non allumé,En agglomération,Hors intersection,Normale,Sans collision,3,2,2,0,1,3,1,0,8,50,,1,0,0,1,0,27.0,,,,4,2,1,1,7
202100046410,2021-03-28 13:00:00,2021,3,28,13,0,45,45178,D2160-PR 42 + 200,48.001463,2.55187,Plein jour,Hors agglomération,Hors intersection,Normale,Autre collision,3,2,2,0,2,1,1,0,3,80,,1,0,0,1,0,33.0,,,,1,1,1,1,6
202100046411,2021-03-27 18:55:00,2021,3,27,18,55,17,17298,Rue de Chez Garnier,45.647828,-0.705035,Plein jour,Hors agglomération,Hors intersection,Normale,Sans collision,3,2,2,0,1,4,1,0,3,80,,2,1,0,0,1,20.0,,,,1,1,1,1,7
202100046412,2021-03-27 17:45:00,2021,3,27,17,45,34,34343,D32 pr10,43.727274,3.667095,Plein jour,Hors agglomération,Hors intersection,Normale,Sans collision,3,2,2,0,1,1,1,0,3,90,,3,0,0,3,0,53.0,,,,1,1,1,1,7
202100046413,2021-03-27 16:17:00,2021,3,27,16,17,31,31547,Départementale 12,43.504274,1.248289,Plein jour,Hors agglomération,Hors intersection,Autre,Deux véhicules - côté,3,2,2,0,1,1,1,0,1,80,,2,1,0,1,0,30.0,62.0,,,1,1,1,9,3
202100046414,2021-03-26 17:30:00,2021,3,26,17,30,81,81284,N88,43.9150078773,2.1222646505,Plein jour,Hors agglomération,Hors intersection,Pluie légère,Deux véhicules - côté,2,3,4,0,1,1,2,0,1,90,,2,1,0,0,1,46.0,32.0,,,1,1,1,2,3
202100046415,2021-03-27 18:55:00,2021,3,27,18,55,972,97217,Habitation la Duprey,14.463475,-60.885901,Nuit avec éclairage allumé,En agglomération,Hors intersection,Normale,Deux véhicules - côté,2,3,2,0,1,1,1,0,1,50,,3,2,1,0,0,39.0,38.0,,,5,2,1,1,3
202100046416,2021-03-27 08:45:00,2021,3,27,8,45,63,63206,lieu-dit la prade,45.969385,2.978094,Plein jour,Hors agglomération,Hors intersection,Normale,Autre collision,3,2,2,0,1,3,9,0,3,70,,1,0,0,1,0,51.0,,,,1,1,1,1,6
202100046417,2021-03-28 14:30:00,2021,3,28,14,30,01,01173,D1005,46.351402,6.057856,Plein jour,Hors agglomération,Hors intersection,Normale,Deux véhicules - côté,3,2,2,0,2,3,1,0,1,80,,2,1,0,0,1,76.0,24.0,,,1,1,1,1,3
202100046418,2021-03-28 06:45:00,2021,3,28,6,45,35,35097,La Basse Tuillerie,48.035615,-1.2012,Nuit sans éclairage public,Hors agglomération,Hors intersection,Normale,Autre collision,3,2,2,0,1,3,1,0,3,80,,1,0,1,0,0,22.0,,,,3,1,1,1,6
202100046419,2021-03-28 07:15:00,2021,3,28,7,15,91,91666,Route de Montlhéry,48.669734,2.19578,Crépuscule ou aube,En agglomération,Hors intersection,Normale,Deux véhicules - frontale,3,2,2,0,1,1,1,0,1,50,,2,1,1,0,0,32.0,23.0,,,2,2,1,1,1
202100046420,2021-03-27 14:10:00,2021,3,27,14,10,42,42271,Impasse des Pins,45.495391,4.566364,Plein jour,En agglomération,Hors intersection,Normale,Sans collision,4,4,2,0,1,1,1,0,1,30,,1,0,0,1,0,22.0,,,,1,2,1,1,7
202100046421,2021-03-27 17:45:00,2021,3,27,17,45,22,22051,Le Guérida (Dolo),48.3925406129,-2.3413884828,Plein jour,Hors agglomération,Intersection en X,Normale,Deux véhicules - côté,3,2,2,0,4,1,1,0,1,80,,3,1,0,0,2,19.0,54.0,,,1,1,2,1,3
202100046422,2021-03-26 10:40:00,2021,3,26,10,40,51,51574,D2,48.858955,4.430881,Plein jour,Hors agglomération,Hors intersection,Normale,Sans collision,3,2,2,0,2,2,1,0,1,80,,1,0,0,0,1,18.0,,,,1,1,1,1,7
202100046423,2021-03-28 15:20:00,2021,3,28,15,20,59,59485,Rue de Viesly,50.164151,3.433796,Plein jour,En agglomération,Hors intersection,Normale,Deux véhicules - frontale,4,2,2,0,3,1,1,0,1,50,,3,0,0,1,2,21.0,24.0,,,1,2,1,1,1
202100046424,2021-03-27 16:15:00,2021,3,27,16,15,67,67183,D23,48.935867,7.021152,Plein jour,Hors agglomération,Hors intersection,Normale,Deux véhicules - frontale,3,2,2,0,1,1,1,0,1,80,,2,1,0,1,0,64.0,43.0,,,1,1,1,1,1
202100046425,2021-03-26 18:30:00,2021,3,26,18,30,2B,2B050,RT 30,42.559308,8.798826,Crépuscule ou aube,Hors agglomération,Hors intersection,Normale,Trois véhicules et plus - collisions multiples,2,2,2,0,1,1,1,0,1,70,,3,2,0,0,1,33.0,29.0,,,2,1,1,1,5
202100046426,2021-03-28 06:00:00,2021,3,28,6,0,82,82042,Cazillac,44.250072,1.196394,Nuit sans éclairage public,Hors agglomération,Hors intersection,Normale,Autre collision,3,2,2,0,2,4,1,0,3,80,,2,1,0,1,0,19.0,,,,3,1,1,1,6
202100046427,2021-03-28 12:00:00,2021,3,28,12,0,71,71482,RD 680 PK 60+650,46.853691,4.352796,Plein jour,Hors agglomération,Hors intersection,Normale,Autre collision,3,2,2,0,3,2,1,9,1,80,,1,0,0,1,0,24.0,,,,1,1,1,1,6
202100046428,2021-03-28 14:50:00,2021,3,28,14,50,71,71284,Route de Cruzille,46.5218370113,4.8014551188,Plein jour,Hors agglomération,Hors intersection,Normale,Sans collision,3,2,2,0,2,2,1,0,3,80,,1,0,0,1,0,60.0,,,,1,1,1,1,7
202100046429,2021-03-28 14:55:00,2021,3,28,14,55,71,71584,2 Rue du Champ Colon,46.4439318507,4.8554296419,Plein jour,En agglomération,Intersection à plus de 4 branches,Normale,Sans collision,4,2,1,0,2,1,1,0,1,50,,1,0,0,1,0,41.0,,,,1,2,5,1,7
202100046430,2021-03-28 00:05:00,2021,3,28,0,5,89,89264,Rd 42,48.16879,2.988732,Nuit sans éclairage public,Hors agglomération,Hors intersection,Normale,Sans collision,3,2,2,0,1,1,1,0,3,80,,2,0,1,0,1,19.0,,,,3,1,1,1,7
202100046431,2021-03-27 18:00:00,2021,3,27,18,0,63,63215,D211,45.952231,3.20274,Plein jour,Hors agglomération,Hors intersection,Normale,Deux véhicules - frontale,3,2,2,0,1,1,1,0,1,80,,5,0,3,2,0,28.0,39.0,,,1,1,1,1,1
202100046432,2021-03-27 16:30:00,2021,3,27,16,30,63,63368,Lieu-dit Les coins,45.6998727392,3.3351786732,Plein jour,Hors agglomération,Hors intersection,Normale,Deux véhicules - côté,3,2,2,0,1,1,1,0,1,80,,2,1,0,1,0,54.0,51.0,,,1,1,1,1,3
202100046433,2021-03-27 14:15:00,2021,3,27,14,15,49,49331,Quai Jean Jaurès,47.686124,-0.870597,Plein jour,En agglomération,Autre intersection,Normale,Deux véhicules - frontale,4,2,2,0,1,3,1,0,1,50,,2,1,0,0,1,18.0,18.0,,,1,2,9,1,1
202100046434,2021-03-27 17:30:00,2021,3,27,17,30,42,42139,Route de Dunières,45.278797,4.387096,Plein jour,Hors agglomération,Hors intersection,Normale,Deux véhicules - frontale,3,2,2,0,1,3,1,0,1,80,,2,1,0,1,0,56.0,22.0,,,1,1,1,1,1
202100046435,2021-03-28 17:00:00,2021,3,28,17,0,46,46240,D32,44.799652,1.620387,Plein jour,Hors agglomération,Hors intersection,Normale,Autre collision,3,2,2,0,2,2,1,0,3,80,,1,0,0,1,0,26.0,,,,1,1,1,1,6
202100046436,2021-03-26 11:40:00,2021,3,26,11,40,86,86073,D24,46.676298,0.009619,Plein jour,Hors agglomération,Intersection en X,Normale,Deux véhicules - côté,3,2,2,0,1,1,1,0,1,80,,3,1,0,1,1,37.0,53.0,,,1,1,2,1,3
202100046437,2021-03-27 21:30:00,2021,3,27,21,30,39,39046,,46.3206,5.898038,Nuit sans éclairage public,Hors agglomération,Hors intersection,Normale,Autre collision,4,2,2,0,1,3,1,0,3,80,,2,1,0,0,1,32.0,,,,3,1,1,1,6
202100046438,2021-03-27 17:00:00,2021,3,27,17,0,39,39572,,46.932763,5.750163,Plein jour,Hors agglomération,Hors intersection,Normale,Sans collision,3,2,2,0,1,1,1,0,1,80,,1,0,0,1,0,55.0,,,,1,1,1,1,7
202100046439,2021-03-27 11:45:00,2021,3,27,11,45,39,39171,130 Rue du Champ Beaulieu,46.667915,5.457917,Plein jour,En agglomération,Hors intersection,Normale,Deux véhicules - frontale,3,2,2,0,1,3,1,0,1,50,,2,1,0,0,1,54.0,31.0,,,1,2,1,1,1
202100046440,2021-03-28 06:15:00,2021,3,28,6,15,44,44043,la colline,47.097473,-1.2708317,Nuit sans éclairage public,Hors agglomération,Hors intersection,Normale,Autre collision,4,2,2,0,1,3,1,0,3,80,,1,0,0,1,0,21.0,,,,3,1,1,1,6
202100046441,2021-03-27 16:45:00,2021,3,27,16,45,44,44107,Route de l'Océan,47.430457,-1.333954,Plein jour,Hors agglomération,Intersection en X,Normale,Deux véhicules - frontale,3,2,2,0,1,1,1,0,1,50,,3,2,0,1,0,49.0,17.0,,,1,1,2,1,1
202100046442,2021-03-27 18:30:00,2021,3,27,18,30,29,29266,D712 - Lieu dit Keravel,48.517777,-3.925585,Plein jour,Hors agglomération,Hors intersection,Normale,Autre collision,3,2,2,0,2,2,1,0,3,80,,4,2,0,2,0,22.0,,,,1,1,1,1,6
202100046443,2021-03-28 17:50:00,2021,3,28,17,50,29,29267,Lieu Dit Lesren,48.165009,-3.90665,Plein jour,Hors agglomération,Hors intersection,Normale,Autre collision,4,2,2,0,1,1,1,0,8,80,,1,0,0,1,0,19.0,,,,1,1,1,1,6
202100046444,2021-03-28 12:50:00,2021,3,28,12,50,38,38287,504 Chemin du Devey,45.424811,5.484769,Plein jour,En agglomération,Intersection en T,Normale,Deux véhicules - frontale,3,2,2,0,1,1,1,0,1,80,,2,1,0,1,0,44.0,18.0,,,1,2,3,1,1
202100046445,2021-03-28 17:45:00,2021,3,28,17,45,03,03167,Lieu Dit Barrage de Rochebut,46.241335,2.53722,Plein jour,Hors agglomération,Hors intersection,Normale,Autre collision,3,2,2,0,2,3,1,0,1,70,,2,0,0,2,0,61.0,,,,1,1,1,1,6
202100046446,2021-03-28 17:05:00,2021,3,28,17,5,72,72294,3 Rue des Alpes Mancelles,48.351081,-0.077962,Plein jour,En agglomération,Hors intersection,Normale,Autre collision,3,2,2,0,2,1,1,0,3,50,,2,0,0,1,1,46.0,,,,1,2,1,1,6
202100046447,2021-03-27 11:40:00,2021,3,27,11,40,72,72175,Haut Bois,47.73047,0.058204,Plein jour,Hors agglomération,Hors intersection,Normale,Sans collision,4,2,2,0,1,2,1,0,1,90,,1,0,0,0,1,12.0,,,,1,1,1,1,7
202100046448,2021-03-27 12:40:00,2021,3,27,12,40,45,45272,951 Rue de Gautray,47.811847,1.952643,Plein jour,En agglomération,Hors intersection,Normale,Trois véhicules et plus - en chaîne,4,2,2,0,1,1,1,0,1,50,,3,1,0,1,1,51.0,62.0,,,1,2,1,1,4
202100046449,2021-03-28 09:10:00,2021,3,28,9,10,45,45193,Place de l'Eglise,47.764552,2.021071,Plein jour,En agglomération,Intersection en X,Normale,Deux véhicules - côté,3,2,2,0,1,1,1,0,1,50,,2,1,0,1,0,71.0,22.0,,,1,2,2,1,3
202100046450,2021-03-28 14:30:00,2021,3,28,14,30,64,64490,chemin satali,43.236049,-1.303114,Plein jour,En agglomération,Hors intersection,Normale,Sans collision,4,2,2,0,2,2,1,0,1,50,,1,0,0,0,1,16.0,,,,1,2,1,1,7
202100046451,2021-03-22 16:45:00,2021,3,22,16,45,10,10323,Rue Louis Pasteur,48.51783,3.728002,Plein jour,En agglomération,Autre intersection,Normale,Autre collision,4,1,1,0,1,1,1,0,1,30,,2,1,0,0,1,22.0,,,,1,2,9,1,6
202100046452,2021-03-27 16:45:00,2021,3,27,16,45,16,16200,Agglo Le Moulin à Vent,45.863548,0.182133,Plein jour,En agglomération,Intersection en T,Normale,Deux véhicules - côté,3,2,2,0,1,1,1,0,1,50,,3,1,0,2,0,77.0,15.0,,,1,2,3,1,3
202100046453,2021-03-27 20:00:00,2021,3,27,20,0,21,21567,D36,47.106544,4.491048,Nuit sans éclairage public,Hors agglomération,Hors intersection,Normale,Sans collision,3,2,2,0,1,2,1,0,3,80,,1,0,0,1,0,38.0,,,,3,1,1,1,7
202100046454,2021-03-27 11:05:00,2021,3,27,11,5,24,24352,Avenue Guy de Larigaudie,45.237785,0.348473,Plein jour,En agglomération,Intersection en T,Normale,Deux véhicules - côté,3,2,2,0,1,1,1,0,1,50,,2,1,0,1,0,60.0,34.0,,,1,2,3,1,3
202100046455,2021-03-27 19:45:00,2021,3,27,19,45,27,27167,Rue du Val Infray,49.317199,0.596121,Nuit sans éclairage public,Hors agglomération,Hors intersection,Normale,Autre collision,4,2,2,0,2,1,1,0,1,80,,1,0,0,1,0,45.0,,,,3,1,1,1,6
202100046456,2021-03-25 13:58:00,2021,3,25,13,58,17,17316,Canton de Bordeau,45.443798,-0.289325,Plein jour,Hors agglomération,Hors intersection,Normale,Sans collision,3,2,2,0,1,1,1,0,1,80,,2,0,0,1,1,83.0,,,,1,1,1,1,7
202100046457,2021-03-24 17:45:00,2021,3,24,17,45,68,68278,A 35 PK 104+000,47.744734,7.421168,Plein jour,Hors agglomération,Hors intersection,Normale,Deux véhicules - arrière,1,3,4,0,1,1,1,0,1,130,,2,1,0,0,1,38.0,30.0,,,1,1,1,1,2
202100046458,2021-03-28 16:30:00,2021,3,28,16,30,95,95580,RD16,49.087134,2.541211,Plein jour,Hors agglomération,Hors intersection,Normale,Deux véhicules - côté,3,2,2,0,1,1,1,0,1,80,,4,1,0,0,3,35.0,54.0,,,1,1,1,1,3
202100046459,2021-03-27 21:40:00,2021,3,27,21,40,11,11144,RD 6009 - PR 048+500,42.8818547923,2.9927693357,Nuit sans éclairage public,Hors agglomération,Hors intersection,Normale,Deux véhicules - frontale,3,2,2,0,1,1,1,0,1,80,,2,1,1,0,0,57.0,48.0,,,3,1,1,1,1
202100046460,2021-02-13 11:10:00,2021,2,13,11,10,973,97305,PK 12 RN.1,4.919136,-52.381901,Plein jour,Hors agglomération,Hors intersection,Normale,Deux véhicules - arrière,2,2,2,0,1,1,1,0,1,80,,2,1,0,1,0,41.0,35.0,,,1,1,1,1,2
202100046461,2021-03-27 18:40:00,2021,3,27,18,40,971,97117,Route de Caillebot,16.312633,-61.365402,Nuit sans éclairage public,Hors agglomération,Intersection en T,Normale,Deux véhicules - frontale,3,2,2,0,1,1,1,0,1,80,,2,1,1,0,0,29.0,47.0,,,3,1,3,1,1
202100046462,2021-03-28 10:45:00,2021,3,28,10,45,66,66099,D615,42.548354,2.753084,Plein jour,Hors agglomération,Hors intersection,Normale,Deux véhicules - frontale,3,2,2,0,2,1,1,0,1,80,,2,0,1,1,0,78.0,59.0,,,1,1,1,1,1
202100046463,2021-03-27 14:35:00,2021,3,27,14,35,83,83138,D562,43.599662,6.698994,Plein jour,Hors agglomération,Hors intersection,Normale,Trois véhicules et plus - collisions multiples,3,2,2,0,2,1,1,0,1,80,,3,2,0,0,1,26.0,61.0,,,1,1,1,1,5
202100046464,2021-03-27 01:20:00,2021,3,27,1,20,06,06077,lieu dit le tournet,43.895357,7.342201,Nuit sans éclairage public,Hors agglomération,Hors intersection,Brouillard / fumée,Sans collision,3,2,2,0,2,1,1,0,8,80,,1,0,1,0,0,38.0,,,,3,1,1,5,7
202100046465,2021-03-28 03:20:00,2021,3,28,3,20,25,25540,Route de Montbéliard,47.5433,6.706619,Nuit sans éclairage public,Hors agglomération,Hors intersection,Normale,Autre collision,4,2,2,0,2,2,1,0,3,80,,1,0,1,0,0,20.0,,,,3,1,1,1,6
202100046466,2021-03-28 17:40:00,2021,3,28,17,40,57,57499,90 Rue Saint-michel,49.07667,7.060947,Plein jour,En agglomération,Hors intersection,Normale,Sans collision,3,2,2,0,2,1,1,0,1,50,,1,0,0,1,0,35.0,,,,1,2,1,1,7
202100046467,2021-03-28 05:55:00,2021,3,28,5,55,74,74201,RD 1201 - route d'Annecy,46.116781,6.096967,Nuit avec éclairage allumé,Hors agglomération,Hors intersection,Normale,Sans collision,3,2,2,0,1,1,1,0,1,70,,1,0,1,0,0,28.0,,,,5,1,1,1,7
202100046468,2021-03-28 05:45:00,2021,3,28,5,45,42,42037,Route de Montbrison,45.666576,4.073557,Crépuscule ou aube,Hors agglomération,Hors intersection,Normale,Autre collision,3,2,2,0,1,2,1,2,1,80,,1,0,0,1,0,22.0,,,,2,1,1,1,6
202100046469,2021-03-28 04:45:00,2021,3,28,4,45,38,38556,Route de la Chapelle,45.382812993,4.8453998566,Nuit sans éclairage public,Hors agglomération,Hors intersection,Normale,Autre collision,3,2,2,0,1,3,1,0,3,80,,2,0,0,1,1,19.0,,,,3,1,1,1,6
202100046470,2021-03-28 09:45:00,2021,3,28,9,45,01,01142,1084 Rue de Genève,45.850818,5.075977,Plein jour,En agglomération,Hors intersection,Normale,Deux véhicules - arrière,3,2,2,0,1,1,1,0,1,30,,3,2,0,0,1,72.0,19.0,,,1,2,1,1,2
202100046471,2021-03-27 17:25:00,2021,3,27,17,25,69,69028,NEUVE (RTE),45.7293750955,4.7031059318,Plein jour,Hors agglomération,Hors intersection,Normale,Deux véhicules - arrière,3,2,2,0,1,1,1,0,1,70,,2,1,0,1,0,59.0,17.0,,,1,1,1,1,2
202100046472,2021-03-27 17:00:00,2021,3,27,17,0,16,16415,85 Route de Guissalle,45.728158,0.110314,Plein jour,Hors agglomération,Hors intersection,Normale,Autre collision,3,2,2,0,2,3,1,0,3,80,,1,0,1,0,0,62.0,,,,1,1,1,1,6
202100046473,2021-03-27 14:05:00,2021,3,27,14,5,33,33038,,45.356576,-0.893428,Plein jour,En agglomération,Hors intersection,Normale,Autre collision,3,2,2,0,1,3,1,0,4,50,,1,0,0,1,0,53.0,,,,1,2,1,1,6
202100046474,2021-03-27 04:10:00,2021,3,27,4,10,14,14160,D158,49.062563,-0.291352,Nuit sans éclairage public,Hors agglomération,Hors intersection,Temps couvert,Autre collision,3,3,4,0,1,1,2,0,3,110,,1,0,0,0,1,27.0,,,,3,1,1,8,6
202100046475,2021-03-27 11:00:00,2021,3,27,11,0,33,33397,AUTOROUTE A 10,44.893971,-0.498595,Plein jour,Hors agglomération,Hors intersection,Normale,Deux véhicules - côté,1,3,6,0,1,1,1,0,1,110,,3,2,0,0,1,57.0,38.0,,,1,1,1,1,3
202100046476,2021-03-27 05:40:00,2021,3,27,5,40,33,33063,ROCADE A 630,44.887036,-0.570967,Crépuscule ou aube,Hors agglomération,Hors intersection,Normale,Trois véhicules et plus - collisions multiples,1,3,6,0,1,1,1,0,1,90,,3,1,0,1,1,32.0,26.0,,,2,1,1,1,5
202100046477,2021-03-27 18:30:00,2021,3,27,18,30,78,78402,A13,48.964085,1.775474,Plein jour,Hors agglomération,Hors intersection,Temps couvert,Trois véhicules et plus - en chaîne,1,3,6,0,1,1,1,0,1,130,,4,0,0,0,4,27.0,26.0,,,1,1,1,8,4
202100046478,2021-03-26 20:00:00,2021,3,26,20,0,78,78524,A13,48.841625,2.104561,Nuit sans éclairage public,Hors agglomération,Hors intersection,Pluie forte,Deux véhicules - arrière,1,1,4,0,1,1,2,0,1,110,,3,2,0,0,1,26.0,27.0,,,3,1,1,3,2
202100046479,2021-03-26 18:05:00,2021,3,26,18,5,78,78545,A12 W,48.81591,2.062247,Plein jour,Hors agglomération,Hors intersection,Normale,Deux véhicules - arrière,1,3,4,0,1,1,1,0,1,110,,2,1,0,0,1,43.0,32.0,,,1,1,1,1,2
202100046480,2021-03-27 14:15:00,2021,3,27,14,15,95,95488,A15,49.01085,2.154,Plein jour,Hors agglomération,Hors intersection,Normale,Trois véhicules et plus - en chaîne,1,3,8,0,1,1,1,1,1,110,,3,1,0,0,2,29.0,33.0,,,1,1,1,1,4
202100046481,2021-03-27 12:40:00,2021,3,27,12,40,95,95042,RN 104,49.05899,2.30356,Plein jour,Hors agglomération,Hors intersection,Normale,Trois véhicules et plus - en chaîne,2,3,4,0,1,1,1,0,1,110,,3,2,0,0,1,25.0,25.0,,,1,1,1,1,4
202100046482,2021-03-26 11:00:00,2021,3,26,11,0,95,95678,RN 184,49.0642631784,2.2138264282,Plein jour,Hors agglomération,Hors intersection,Normale,Autre collision,2,3,4,0,1,1,1,0,1,110,,1,0,0,0,1,26.0,,,,1,1,1,1,6