accident_id,datetime,annee,mois,jour,heure,minute,departement,commune_insee,adresse,latitude,longitude,luminosite,agglomeration,intersection,meteo,collision,catr,circ,nbv,vosp,prof,plan,surf,infra,situ,vma,nb_vehicules,nb_usagers,nb_indemnes,nb_tues,nb_blesses_hosp,nb_blesses_legers,age_cond_1,age_cond_2,veh_type_cond_1,veh_type_cond_2,lum_code,agg_code,int_code,atm_code,col_code
202100046483,2021-03-26 13:00:00,2021,3,26,13,0,93,93066,AUTOROUTE A1,48.9186405346,2.3576148273,Plein jour,Hors agglomération,Hors intersection,Normale,Autre collision,1,3,8,0,1,1,1,0,1,90,,1,0,0,0,1,33.0,,,,1,1,1,1,6
202100046484,2021-03-27 10:00:00,2021,3,27,10,0,77,77373,RN104,48.7816,2.61594,Plein jour,Hors agglomération,Hors intersection,Normale,Sans collision,2,3,4,0,1,1,1,0,1,110,,1,0,0,1,0,42.0,,,,1,1,1,1,7
202100046485,2021-01-18 14:20:00,2021,1,18,14,20,91,91312,VAUHALLAN (ROUTE),48.73748,2.2256,Plein jour,En agglomération,Hors intersection,Normale,Sans collision,6,-1,0,0,1,1,1,9,8,5,,2,1,0,0,1,64.0,,,,1,2,1,1,7
202100046486,2021-03-26 08:00:00,2021,3,26,8,0,974,97411,JAURES (BOULEVARD JEAN),-20.89969,55.48013,Plein jour,En agglomération,Hors intersection,Normale,Autre collision,4,1,0,0,1,1,1,0,1,70,,2,1,0,0,1,68.0,,,,1,2,1,1,6
202100046487,2021-03-26 15:30:00,2021,3,26,15,30,69,69388,ETATS UNIS (DES) (BD),45.7324200916,4.8653776646,Plein jour,En agglomération,Hors intersection,Normale,Autre collision,4,3,2,3,1,1,1,9,1,50,,2,1,0,1,0,,,,,1,2,1,1,6
202100046488,2021-03-25 22:10:00,2021,3,25,22,10,972,97209,WALTER GUITTEAUD (RUE),14.61235,-61.04013,Nuit sans éclairage public,En agglomération,Hors intersection,Normale,Autre collision,4,2,2,0,2,1,1,0,1,50,,1,0,0,0,1,30.0,,,,3,2,1,1,6
202100046489,2021-03-26 17:30:00,2021,3,26,17,30,69,69389,BARTHELEMY BUYER                    (AV),45.76362,4.79667,Plein jour,En agglomération,Hors intersection,Pluie légère,Autre collision,4,2,3,0,1,1,2,0,1,50,,2,1,0,0,1,59.0,,,,1,2,1,2,6
202100046490,2021-03-26 12:35:00,2021,3,26,12,35,971,97120,NELSON MANDELA,16.2416160836,-61.5312051773,Plein jour,En agglomération,Hors intersection,Pluie légère,Deux véhicules - arrière,3,3,2,0,1,1,2,0,1,50,,2,1,0,0,1,38.0,60.0,,,1,2,1,2,2
202100046491,2021-03-19 07:50:00,2021,3,19,7,50,95,95427,GENERAL DE GAULLE (AVENUE DU),48.97380642,2.3491537571,Plein jour,En agglomération,Intersection en X,Normale,Deux véhicules - côté,4,2,2,0,2,2,1,0,1,50,,3,1,0,0,2,16.0,24.0,,,1,2,2,1,3
202100046492,2021-03-25 13:15:00,2021,3,25,13,15,91,91103,AV DES MARRONNIERS,48.615,2.304,Plein jour,En agglomération,Intersection en T,Normale,Deux véhicules - frontale,3,1,0,0,1,1,1,0,1,50,,2,1,0,0,1,42.0,32.0,,,1,2,3,1,1
202100046493,2021-03-25 12:02:00,2021,3,25,12,2,91,91692,SAINTONGE(AVENUE DE),48.67995,2.16306,Plein jour,En agglomération,Intersection en X,Normale,Deux véhicules - côté,4,2,2,0,1,1,1,0,1,50,,2,1,0,0,1,41.0,32.0,,,1,2,2,1,3
202100046494,2021-03-25 17:45:00,2021,3,25,17,45,91,91174,AV DU 8 MAI 1945,48.61145,2.46142,Plein jour,En agglomération,Hors intersection,Normale,Trois véhicules et plus - en chaîne,3,2,2,0,1,1,1,0,1,50,,4,2,0,0,2,,47.0,,,1,2,1,1,4
202100046495,2021-03-25 15:18:00,2021,3,25,15,18,87,87085,CASSEAUX (AVE DES) (VC),45.84,1.28415,Plein jour,En agglomération,Hors intersection,Normale,Sans collision,4,2,2,0,2,1,1,0,1,50,,1,0,0,1,0,65.0,,,,1,2,1,1,7
202100046496,2021-03-16 16:50:00,2021,3,16,16,50,30,30011,TAVEL AVENUE DE,43.96005,4.7505,Plein jour,En agglomération,Giratoire,Normale,Autre collision,3,2,2,0,2,1,1,0,1,50,,1,0,1,0,0,82.0,,,,1,2,6,1,6
202100046497,2021-03-25 13:05:00,2021,3,25,13,5,83,83126,Ytzhak RABIN - D63,43.1148364518,5.8720046282,Plein jour,En agglomération,Giratoire,Normale,Deux véhicules - côté,7,3,2,0,1,2,1,5,1,50,,2,1,0,1,0,31.0,26.0,,,1,2,6,1,3
202100046498,2021-03-25 07:55:00,2021,3,25,7,55,83,83069,GODILLOT  ( AVENUE ALEXIS ),43.11359,6.12347,Plein jour,En agglomération,Hors intersection,Normale,Autre collision,7,1,1,0,1,1,1,0,1,50,,2,1,0,0,1,67.0,,,,1,2,1,1,6
202100046499,2021-03-24 08:16:00,2021,3,24,8,16,83,83069,AEROPORT (AVENUE DE L'),43.095,6.13682,Plein jour,En agglomération,Hors intersection,Normale,Deux véhicules - côté,7,2,4,0,1,1,1,0,1,70,,2,1,0,0,1,30.0,62.0,,,1,2,1,1,3
202100046500,2021-03-25 16:00:00,2021,3,25,16,0,77,77487,MADELEINE (CHEMIN DE LA),48.5364,2.70341,Plein jour,Hors agglomération,Intersection en X,Normale,Deux véhicules - côté,3,2,2,0,1,1,1,0,8,80,,4,1,0,1,2,54.0,30.0,,,1,1,2,1,3
202100046501,2021-03-26 17:15:00,2021,3,26,17,15,74,74012,RESISTANCE (RUE DE LA),46.19726,6.25244,Plein jour,En agglomération,Hors intersection,Normale,Autre collision,4,2,3,0,2,1,1,0,1,50,,2,1,0,0,1,32.0,15.0,,,1,2,1,1,6
202100046502,2021-03-26 16:15:00,2021,3,26,16,15,74,74010,CITEE,45.8931,6.1207,Plein jour,En agglomération,Hors intersection,Normale,Autre collision,4,2,2,0,1,1,1,0,1,50,,2,1,0,0,1,42.0,,,,1,2,1,1,6
202100046503,2021-03-26 18:51:00,2021,3,26,18,51,71,71270,ROUTE DE CHARBONNIERES,46.37219,4.8339,Plein jour,Hors agglomération,Intersection en T,Normale,Deux véhicules - côté,3,2,2,0,1,1,1,9,1,80,,2,0,0,2,0,45.0,19.0,,,1,1,3,1,3
202100046504,2021-03-26 13:53:00,2021,3,26,13,53,66,66136,LECLERC (AVENUE DU GENERAL),42.70154,2.89156,Plein jour,En agglomération,Hors intersection,Normale,Autre collision,4,2,3,0,1,1,1,0,1,50,,2,1,0,0,1,40.0,,,,1,2,1,1,6
202100046505,2021-03-26 16:05:00,2021,3,26,16,5,64,64545,RD810,43.36873,-1.68462,Plein jour,Hors agglomération,Hors intersection,Normale,Trois véhicules et plus - collisions multiples,3,2,2,0,1,1,1,0,1,50,,3,2,0,0,1,38.0,36.0,,,1,1,1,1,5
202100046506,2021-03-26 11:15:00,2021,3,26,11,15,64,64483,ITHURRALDE ANDRE (AVENUE),43.392418,-1.653082,Plein jour,En agglomération,Intersection en T,Normale,Trois véhicules et plus - collisions multiples,3,2,2,0,1,1,1,0,1,50,,4,3,0,0,1,72.0,36.0,,,1,2,3,1,5
202100046507,2021-03-26 13:55:00,2021,3,26,13,55,64,64284,8 MAI 1945 DU,43.2816,-0.38739,Plein jour,En agglomération,Hors intersection,Normale,Deux véhicules - côté,3,2,2,0,1,1,1,0,1,50,,2,1,0,0,1,74.0,21.0,,,1,2,1,1,3
202100046508,2021-03-26 07:46:00,2021,3,26,7,46,64,64024,giratoire du parc montaury,43.48039,-1.5093,Plein jour,En agglomération,Giratoire,Normale,Sans collision,4,2,2,0,1,1,2,0,1,50,,1,0,0,0,1,16.0,,,,1,2,6,1,7
202100046509,2021-03-26 06:37:00,2021,3,26,6,37,64,64102,SOULT (AVENUE MARECHAL),43.4851885246,-1.494010413,Nuit avec éclairage allumé,En agglomération,Intersection en T,Normale,Deux véhicules - côté,3,3,4,3,1,1,1,5,1,50,,2,0,0,1,1,63.0,22.0,,,5,2,3,1,3
202100046510,2021-03-21 22:40:00,2021,3,21,22,40,63,63113,SABLON (COURS),45.77356,3.09002,Nuit avec éclairage allumé,En agglomération,Intersection en X,Normale,Deux véhicules - côté,4,2,4,0,1,1,1,0,1,50,,3,1,0,0,2,26.0,32.0,,,5,2,2,1,3
202100046511,2021-03-26 10:26:00,2021,3,26,10,26,63,63113,LIBERATION (AVENUE DE LA),45.75882,3.08126,Plein jour,En agglomération,Intersection en T,Normale,Deux véhicules - côté,4,2,2,0,1,1,1,0,1,50,,2,1,0,0,1,43.0,46.0,,,1,2,3,1,3
202100046512,2021-03-25 16:31:00,2021,3,25,16,31,63,63113,LAVOISIERS /Fontgiève,45.78231,3.07288,Plein jour,En agglomération,Intersection en X,Normale,Deux véhicules - côté,7,1,2,0,1,1,1,0,1,50,,2,1,0,0,1,34.0,19.0,,,1,2,2,1,3
202100046513,2021-03-25 16:18:00,2021,3,25,16,18,63,63113,Nadaud/Briand,45.77012,3.07619,Plein jour,En agglomération,Intersection en T,Normale,Deux véhicules - côté,4,1,2,1,1,1,1,0,1,50,,2,1,0,0,1,24.0,51.0,,,1,2,3,1,3
202100046514,2021-03-24 16:59:00,2021,3,24,16,59,63,63113,PAINLEVE (RUE PAUL),45.77875,3.10722,Plein jour,En agglomération,Hors intersection,Normale,Deux véhicules - frontale,4,2,2,0,1,1,1,0,1,50,,2,1,0,0,1,20.0,50.0,,,1,2,1,1,1
202100046515,2021-03-26 10:25:00,2021,3,26,10,25,59,59599,ROOSEVELT (RUE FRANKLIN),50.7270925322,3.1668197637,Plein jour,En agglomération,Giratoire,Normale,Autre collision,4,2,2,0,1,1,1,0,1,50,,2,1,0,0,1,79.0,,,,1,2,6,1,6
202100046516,2021-03-26 17:45:00,2021,3,26,17,45,59,59350,NATIONALE RUE N°RESTE IMPAIRS,50.6326523472,3.0521677985,Plein jour,En agglomération,Intersection en X,Normale,Deux véhicules - côté,4,2,3,1,1,1,1,5,1,50,,2,1,0,0,1,17.0,24.0,,,1,2,2,1,3
202100046517,2021-03-23 09:55:00,2021,3,23,9,55,54,54025,ROBIN (RUE DU BOIS),48.6665403825,6.2448098883,Plein jour,En agglomération,Hors intersection,Normale,Autre collision,4,2,2,0,1,1,1,0,1,30,,1,0,0,0,1,52.0,,,,1,2,1,1,6
202100046518,2021-03-26 09:14:00,2021,3,26,9,14,54,54498,SARREGUEMINES (ROUTE DE),48.7143,6.2522,Plein jour,En agglomération,Hors intersection,Normale,Autre collision,7,2,2,2,1,1,1,-1,1,50,,3,2,1,0,0,58.0,41.0,,,1,2,1,1,6
202100046519,2021-03-26 08:10:00,2021,3,26,8,10,54,54395,PHALSBOURG (RUE DE),48.6834,6.18133,Plein jour,En agglomération,Hors intersection,Normale,Autre collision,4,1,1,2,1,1,1,-1,1,30,,2,1,0,0,1,40.0,,,,1,2,1,1,6
202100046520,2021-03-26 06:30:00,2021,3,26,6,30,54,54274,FORGES DU NORD ET DE L'EST (RUE DES),48.6716191507,6.2054400504,Plein jour,En agglomération,Intersection en T,Normale,Deux véhicules - arrière,4,2,3,0,3,1,1,0,1,30,,2,1,0,0,1,56.0,32.0,,,1,2,3,1,2
202100046521,2021-03-25 09:40:00,2021,3,25,9,40,54,54304,BOIS GRONEE (AVENUE DU),48.679339,6.142399,Plein jour,En agglomération,Intersection en X,Normale,Deux véhicules - côté,4,3,5,0,1,1,1,0,1,50,,3,2,0,0,1,56.0,43.0,,,1,2,2,1,3
202100046522,2021-03-26 08:35:00,2021,3,26,8,35,51,51454,Rond-Point de l'Ordre National du Mérite,49.2423332049,4.0247083399,Plein jour,En agglomération,Giratoire,Normale,Deux véhicules - côté,4,-1,4,0,1,1,1,0,1,50,,2,1,0,0,1,31.0,55.0,,,1,2,6,1,3
202100046523,2021-03-25 18:10:00,2021,3,25,18,10,51,51454,Boulevard des Bouches du Rhône,49.2323926503,4.0183573356,Plein jour,En agglomération,Intersection en X,Normale,Deux véhicules - côté,4,-1,2,0,1,1,1,0,1,50,,2,1,0,0,1,17.0,49.0,,,1,2,2,1,3
202100046524,2021-03-25 07:05:00,2021,3,25,7,5,50,50602,GAMBETTA (RUE),49.64155,-1.5802,Crépuscule ou aube,En agglomération,Intersection en X,Normale,Deux véhicules - côté,4,2,4,0,1,1,1,0,1,50,,2,1,0,0,1,51.0,16.0,,,2,2,2,1,3
202100046525,2021-03-26 13:46:00,2021,3,26,13,46,49,49007,ARBRISSEL,47.44623,-0.5695,Plein jour,En agglomération,Intersection en X,Normale,Deux véhicules - côté,4,2,2,0,1,1,1,0,1,50,,2,1,0,0,1,33.0,60.0,,,1,2,2,1,3
202100046526,2021-03-26 11:40:00,2021,3,26,11,40,49,49007,bretelle ATLANTIQUE AVENUE DE L',47.46901,-0.59964,Plein jour,En agglomération,Intersection en Y,Normale,Deux véhicules - arrière,3,1,4,0,1,1,1,0,1,70,,2,1,0,0,1,22.0,36.0,,,1,2,4,1,2
202100046527,2021-03-26 05:50:00,2021,3,26,5,50,49,49007,QUAI LIGNY,47.47058,-0.5615,Nuit avec éclairage allumé,En agglomération,Hors intersection,Normale,Sans collision,3,2,4,0,1,1,1,0,1,50,,1,0,0,0,1,20.0,,,,5,2,1,1,7
202100046528,2021-03-26 18:23:00,2021,3,26,18,23,37,37261,GIRAUDEAU (RUE),47.386097529,0.6766601752,Plein jour,En agglomération,Intersection en X,Normale,Deux véhicules - côté,4,2,3,0,1,1,1,0,1,50,,4,2,0,0,2,22.0,43.0,,,1,2,2,1,3
202100046529,2021-03-25 15:20:00,2021,3,25,15,20,37,37261,Daniel Mayer,47.4187,0.692,Plein jour,En agglomération,Hors intersection,Temps éblouissant,Autre collision,4,2,2,2,1,3,1,0,8,50,,2,1,0,0,1,66.0,,,,1,2,1,7,6
202100046530,2021-03-26 16:15:00,2021,3,26,16,15,35,35238,Rue du Bosphore,48.08235,-1.68005,Plein jour,En agglomération,Hors intersection,Temps couvert,Autre collision,4,1,2,0,1,1,2,0,1,30,,4,3,0,0,1,23.0,,,,1,2,1,8,6
202100046531,2021-03-23 17:45:00,2021,3,23,17,45,34,34172,PAS DU LOUP (RUE DU),43.5992519682,3.8470293581,Plein jour,En agglomération,Intersection en T,Normale,Deux véhicules - côté,4,2,2,1,1,1,1,5,1,50,,2,1,0,1,0,12.0,68.0,,,1,2,3,1,3
202100046532,2021-03-25 16:50:00,2021,3,25,16,50,33,33063,Avenue Thiers,44.8500637361,-0.5440602412,Plein jour,En agglomération,Intersection en T,Normale,Trois véhicules et plus - en chaîne,4,3,6,0,1,1,1,0,1,50,,5,1,0,0,4,51.0,33.0,,,1,2,3,1,4
202100046533,2021-03-26 15:30:00,2021,3,26,15,30,31,31555,SEJOURNE (AV PAUL) DU 1AU 16,43.60595,1.42823,Plein jour,En agglomération,Intersection en X,Normale,Deux véhicules - côté,4,2,4,3,4,1,1,0,6,50,,2,0,0,0,2,26.0,36.0,,,1,2,2,1,3
202100046534,2021-03-21 10:40:00,2021,3,21,10,40,31,31555,AV DU GENERAL EISENHOWER,43.56194,1.39085,Plein jour,En agglomération,Intersection en T,Normale,Deux véhicules - côté,4,3,3,0,1,1,1,0,1,50,,5,1,0,0,4,73.0,39.0,,,1,2,3,1,3
202100046535,2021-03-26 18:55:00,2021,3,26,18,55,30,30189,LECLERC GENERAL (AVENUE),43.82994,4.37081,Crépuscule ou aube,En agglomération,Autre intersection,Temps couvert,Deux véhicules - côté,4,2,2,1,1,1,1,0,1,50,,2,1,0,0,1,72.0,18.0,,,2,2,9,8,3
202100046536,2021-03-26 14:45:00,2021,3,26,14,45,25,25462,ROCADE G.POMPIDOU ( DE 0 A 6),46.89789,6.35965,Plein jour,En agglomération,Hors intersection,Normale,Deux véhicules - arrière,2,2,2,1,1,3,1,2,1,50,,2,1,0,0,1,21.0,35.0,,,1,2,1,1,2
202100046537,2021-03-26 08:20:00,2021,3,26,8,20,17,17306,AMPERE,45.63126,-1.00056,Plein jour,En agglomération,Hors intersection,Normale,Deux véhicules - frontale,4,2,2,2,1,1,1,0,1,50,,2,1,0,1,0,26.0,16.0,,,1,2,1,1,1
202100046538,2021-03-26 08:05:00,2021,3,26,8,5,15,15014,avenue Charles de Gaulle,44.90775,2.42122,Plein jour,En agglomération,Hors intersection,Normale,Deux véhicules - arrière,2,2,2,0,1,1,1,0,1,50,,2,1,0,0,1,42.0,29.0,,,1,2,1,1,2
202100046539,2021-03-26 07:50:00,2021,3,26,7,50,13,13054,ROLAND CORRAO (AV ),43.42035,5.21952,Plein jour,En agglomération,Intersection en T,Temps couvert,Deux véhicules - côté,4,2,2,0,1,1,1,0,1,50,,3,2,0,1,0,42.0,42.0,,,1,2,3,8,3
202100046540,2021-03-26 22:15:00,2021,3,26,22,15,13,13209,MICHELET (BOULEVARD),43.26446,5.39555,Nuit avec éclairage allumé,En agglomération,Hors intersection,Normale,Deux véhicules - arrière,4,1,1,0,1,1,1,0,1,50,,2,1,0,0,1,48.0,,,,5,2,1,1,2
202100046541,2021-03-26 14:50:00,2021,3,26,14,50,13,13210,MAURIAC (RUE),43.2732303377,5.4202821621,Plein jour,En agglomération,Hors intersection,Normale,Deux véhicules - côté,4,-1,0,0,1,1,1,0,4,50,,2,1,0,0,1,29.0,14.0,,,1,2,1,1,3
202100046542,2021-03-26 11:55:00,2021,3,26,11,55,13,13212,SAINT JULIEN (AVENUE DE ),43.30447,5.41436,Plein jour,En agglomération,Hors intersection,Normale,Deux véhicules - arrière,4,-1,2,0,2,1,1,0,1,30,,2,1,0,0,1,44.0,34.0,,,1,2,1,1,2
202100046543,2021-03-26 09:20:00,2021,3,26,9,20,13,13201,FRANKLIN ROOSEVELT (COURS)   1 A 37,43.29905,5.38663,Plein jour,En agglomération,Intersection en X,Normale,Trois véhicules et plus - en chaîne,4,2,2,0,2,1,1,5,1,50,,3,1,0,0,2,42.0,37.0,,,1,2,2,1,4
202100046544,2021-03-25 23:15:00,2021,3,25,23,15,13,13202,FORBIN (RUE DE),43.30532,5.36931,Nuit avec éclairage allumé,En agglomération,Intersection en X,Normale,Deux véhicules - côté,4,1,2,0,2,1,1,0,1,50,,2,1,0,0,1,25.0,19.0,,,5,2,2,1,3
202100046545,2021-03-25 13:55:00,2021,3,25,13,55,13,13201,BD MAURICE BOURDET,43.3028834893,5.3793700651,Plein jour,En agglomération,Hors intersection,Normale,Autre collision,4,-1,1,0,1,1,1,0,1,50,,2,1,0,1,0,26.0,,,,1,2,1,1,6
202100046546,2021-03-26 09:30:00,2021,3,26,9,30,09,09225,MIREPOIX ROUTE DE,43.10269,1.63083,Plein jour,En agglomération,Hors intersection,Normale,Deux véhicules - arrière,3,2,2,0,2,1,1,2,1,50,,3,1,0,0,2,69.0,74.0,,,1,2,1,1,2
202100046547,2021-03-26 17:00:00,2021,3,26,17,0,06,06088,MANDARINIERS (AV. DES),43.67975,7.22133,Plein jour,En agglomération,Hors intersection,Normale,Autre collision,9,-1,1,0,4,2,1,9,1,50,,3,1,0,0,2,30.0,,,,1,2,1,1,6
202100046548,2021-03-26 07:45:00,2021,3,26,7,45,06,06027,NICE AVENUE DE (RN7),43.65621,7.155,Plein jour,En agglomération,Intersection en T,Normale,Autre collision,7,2,3,0,1,1,1,0,1,50,,2,1,0,1,0,23.0,52.0,,,1,2,3,1,6
202100046549,2021-03-23 18:10:00,2021,3,23,18,10,13,13211,A50-Sens Marseille vers Aubagne,43.28641,5.50841,Plein jour,Hors agglomération,Hors intersection,Normale,Trois véhicules et plus - en chaîne,1,1,3,0,1,1,1,0,1,90,,5,2,0,0,3,60.0,50.0,,,1,1,1,1,4
202100046550,2021-03-24 19:00:00,2021,3,24,19,0,13,13019,A51-Sens Aix en Provence vers Marseille,43.42058,5.368478,Plein jour,Hors agglomération,Hors intersection,Normale,Trois véhicules et plus - collisions multiples,1,-1,2,0,1,1,1,0,1,70,,3,1,0,0,2,20.0,43.0,,,1,1,1,1,5
202100046551,2021-03-24 14:55:00,2021,3,24,14,55,13,13071,A55 - Sens Marseille vers Martigues,43.38836,5.30499,Plein jour,Hors agglomération,Hors intersection,Normale,Trois véhicules et plus - collisions multiples,1,-1,3,0,3,1,1,0,1,90,,11,0,0,0,11,27.0,50.0,,,1,1,1,1,5
202100046552,2021-03-25 19:30:00,2021,3,25,19,30,69,69382,M7,45.74124,4.82428,Nuit avec éclairage allumé,Hors agglomération,Hors intersection,Normale,Trois véhicules et plus - en chaîne,7,3,3,0,1,1,1,0,1,70,,4,1,0,0,3,51.0,60.0,,,5,1,1,1,4
202100046553,2021-03-09 16:30:00,2021,3,9,16,30,01,01043,A42   9.500 A 9.720,45.82028,4.9924,Plein jour,Hors agglomération,Hors intersection,Normale,Trois véhicules et plus - collisions multiples,1,3,6,0,1,1,1,7,1,90,,3,2,0,0,1,34.0,36.0,,,1,1,1,1,5
202100046554,2021-03-26 21:20:00,2021,3,26,21,20,33,33550,AUTOROUTE A 62,44.778827,-0.557464,Nuit avec éclairage non allumé,Hors agglomération,Hors intersection,Pluie légère,Autre collision,1,1,2,0,1,2,2,3,1,70,,1,0,0,0,1,20.0,,,,4,1,1,2,6
202100046555,2021-03-26 18:15:00,2021,3,26,18,15,33,33013,RN89,44.866251,-0.48597,Plein jour,Hors agglomération,Hors intersection,Normale,Deux véhicules - arrière,2,3,4,0,1,3,1,0,1,90,,2,1,0,0,1,39.0,32.0,,,1,1,1,1,2
202100046556,2021-03-26 16:20:00,2021,3,26,16,20,78,78423,A12 W,48.794448,2.041164,Plein jour,Hors agglomération,Autre intersection,Normale,Autre collision,1,3,4,0,1,2,1,0,1,70,,1,0,0,0,1,42.0,,,,1,1,9,1,6
202100046557,2021-03-25 21:30:00,2021,3,25,21,30,78,78640,N118,48.77608,2.22252,Nuit sans éclairage public,Hors agglomération,Hors intersection,Normale,Autre collision,2,3,4,0,1,1,1,0,1,90,,1,0,0,0,1,29.0,,,,3,1,1,1,6
202100046558,2021-03-14 15:30:00,2021,3,14,15,30,94,94042,A4,48.82801,2.47309,Plein jour,Hors agglomération,Hors intersection,Normale,Trois véhicules et plus - en chaîne,1,-1,4,0,1,1,1,0,1,90,,4,3,0,0,1,23.0,47.0,,,1,1,1,1,4
202100046559,2021-01-19 16:10:00,2021,1,19,16,10,13,13204,ALEX. FLEMING (BOULEVARD),43.3142420023,5.406190753,Plein jour,En agglomération,Hors intersection,Normale,Autre collision,4,4,3,0,1,1,1,9,4,50,,2,1,0,1,0,,,,,1,2,1,1,6
202100046560,2021-03-24 17:35:00,2021,3,24,17,35,976,97611,passamanty-Vahibé ( route ),-12.80097,45.20607,Crépuscule ou aube,En agglomération,Giratoire,Normale,Deux véhicules - frontale,3,2,0,0,1,1,1,0,1,50,,2,1,0,0,1,30.0,64.0,,,2,2,6,1,1
202100046561,2021-03-23 08:45:00,2021,3,23,8,45,974,97416,ANCIENNE RN 1,-21.31664,55.44211,Plein jour,Hors agglomération,Hors intersection,Temps éblouissant,Deux véhicules - côté,4,2,2,0,2,1,1,0,1,50,,2,1,0,0,1,,71.0,,,1,1,1,7,3
202100046562,2021-02-17 18:25:00,2021,2,17,18,25,973,97302,ROUTE NATIONALE 1,4.89931,-52.32653,Crépuscule ou aube,Hors agglomération,Hors intersection,Normale,Deux véhicules - côté,2,2,4,0,2,1,1,9,1,90,,2,1,0,1,0,21.0,37.0,,,2,1,1,1,3
202100046563,2021-03-25 14:15:00,2021,3,25,14,15,973,97302,CALIMBE(LOTISSEMENT),4.91882,-52.3145,Plein jour,En agglomération,Hors intersection,Normale,Deux véhicules - côté,4,2,1,0,1,2,1,0,1,50,,2,1,0,0,1,31.0,47.0,,,1,2,1,1,3
202100046564,2021-03-25 18:10:00,2021,3,25,18,10,69,69259,ARISTIDE BRUANT (R),45.69647,4.87018,Plein jour,En agglomération,Hors intersection,Normale,Deux véhicules - arrière,4,2,2,0,1,1,1,0,1,50,,2,1,0,0,1,,50.0,,,1,2,1,1,2
202100046565,2021-03-25 07:40:00,2021,3,25,7,40,69,69383,AMIRAL COURBET (DE L') (R),45.7507697196,4.8810478449,Crépuscule ou aube,En agglomération,Hors intersection,Normale,Autre collision,4,1,1,0,1,1,1,0,1,50,,2,1,0,0,1,,,,,2,2,1,1,6
202100046566,2021-03-25 06:50:00,2021,3,25,6,50,972,97213,BOIS D'INDE (CITE),14.62643,-61.0134,Plein jour,Hors agglomération,Hors intersection,Normale,Autre collision,4,2,2,0,2,1,1,0,1,30,,3,2,0,1,0,21.0,,,,1,1,1,1,6
202100046567,2021-03-25 10:45:00,2021,3,25,10,45,972,97209,RAVINE VILAINE (CHEMIN DEPARTEMENTAL DE),14.6322266762,-61.0597229013,Plein jour,En agglomération,Hors intersection,Normale,Trois véhicules et plus - en chaîne,3,2,2,0,2,1,1,0,1,50,,3,1,0,0,2,33.0,68.0,,,1,2,1,1,4
202100046568,2021-03-25 18:30:00,2021,3,25,18,30,69,69381,MARTINIERE (DE LA) (R),45.76816,4.83177,Plein jour,En agglomération,Autre intersection,Normale,Deux véhicules - frontale,4,2,2,0,2,1,1,0,1,50,,2,1,0,0,1,40.0,25.0,,,1,2,9,1,1
202100046569,2021-03-25 03:10:00,2021,3,25,3,10,69,69244,M6,45.7720679819,4.7902965546,Nuit sans éclairage public,En agglomération,Hors intersection,Normale,Sans collision,7,1,1,0,2,2,1,3,1,50,,1,0,0,0,1,20.0,,,,3,2,1,1,7
202100046570,2021-03-17 17:40:00,2021,3,17,17,40,2A,2A004,MADAME MERE BD,41.91383,8.72514,Plein jour,En agglomération,Hors intersection,Normale,Deux véhicules - côté,4,2,2,0,2,1,1,9,1,50,,2,1,0,0,1,20.0,12.0,,,1,2,1,1,3
202100046571,2021-03-01 08:35:00,2021,3,1,8,35,95,95427,SABLONS (RUE DES),48.95847,2.333152,Plein jour,En agglomération,Hors intersection,Normale,Autre collision,4,2,2,0,1,1,1,0,1,30,,2,1,0,0,1,,,,,1,2,1,1,6
202100046572,2021-03-24 08:20:00,2021,3,24,8,20,91,91433,R.D. 20,48.46136,2.17911,Plein jour,Hors agglomération,Hors intersection,Normale,Deux véhicules - arrière,3,3,4,0,1,1,1,0,1,90,,2,0,0,0,2,23.0,35.0,,,1,1,1,1,2
202100046573,2021-03-25 16:15:00,2021,3,25,16,15,90,90076,MARONNIERS (RUE DES),47.63301,6.90209,Plein jour,Hors agglomération,Hors intersection,Normale,Deux véhicules - frontale,3,2,2,0,1,2,1,0,1,80,,3,0,0,2,1,29.0,48.0,,,1,1,1,1,1
202100046574,2021-03-25 10:15:00,2021,3,25,10,15,87,87085,SAINTE ANNE (RUE DE),45.81758,1.27428,Plein jour,En agglomération,Intersection en T,Pluie légère,Deux véhicules - côté,4,2,2,0,1,1,2,0,1,50,,2,1,0,0,1,39.0,66.0,,,1,2,3,2,3
202100046575,2021-03-23 15:13:00,2021,3,23,15,13,87,87048,REPUBLIQUE (RUE DE LA),45.79224,1.23396,Plein jour,En agglomération,Hors intersection,Normale,Deux véhicules - arrière,4,2,2,0,1,1,1,0,1,50,,2,1,0,0,1,40.0,16.0,,,1,2,1,1,2
202100046576,2021-03-21 19:32:00,2021,3,21,19,32,84,84087,PALUD (CHEMIN),44.12012,4.84546,Crépuscule ou aube,Hors agglomération,Autre intersection,Normale,Deux véhicules - frontale,4,2,2,0,1,1,1,0,1,50,,1,0,0,1,0,55.0,,,,2,1,9,1,1
202100046577,2021-03-24 08:30:00,2021,3,24,8,30,81,81004,LUDE (BD ET ALLEE DU),43.92182,2.14928,Plein jour,En agglomération,Giratoire,Normale,Autre collision,4,2,2,0,1,3,1,5,1,50,,2,1,0,0,1,45.0,,,,1,2,6,1,6
202100046578,2021-03-23 16:15:00,2021,3,23,16,15,80,80021,SAINT GERMAIN (RUE),49.8962977265,2.2962605953,Plein jour,En agglomération,Hors intersection,Normale,Autre collision,4,-1,3,0,1,1,1,0,1,50,,2,1,0,0,1,79.0,,,,1,2,1,1,6