accident_id,datetime,annee,mois,jour,heure,minute,departement,commune_insee,adresse,latitude,longitude,luminosite,agglomeration,intersection,meteo,collision,catr,circ,nbv,vosp,prof,plan,surf,infra,situ,vma,nb_vehicules,nb_usagers,nb_indemnes,nb_tues,nb_blesses_hosp,nb_blesses_legers,age_cond_1,age_cond_2,veh_type_cond_1,veh_type_cond_2,lum_code,agg_code,int_code,atm_code,col_code
202100046579,2021-03-23 11:45:00,2021,3,23,11,45,80,80021,SAINT LEU (RUE),49.8971823554,2.3006916046,Plein jour,Hors agglomération,Hors intersection,Normale,Deux véhicules - arrière,4,1,1,0,1,1,1,0,1,50,,2,1,0,0,1,36.0,23.0,,,1,1,1,1,2
202100046580,2021-03-23 09:30:00,2021,3,23,9,30,80,80021,ROUEN (RUE DE),49.88715,2.28341,Plein jour,En agglomération,Hors intersection,Normale,Deux véhicules - côté,4,2,4,0,1,1,1,0,1,50,,2,1,0,0,1,24.0,51.0,,,1,2,1,1,3
202100046581,2021-03-23 08:15:00,2021,3,23,8,15,80,80021,ABBEVILLE (RUE D'),49.90782,2.26505,Plein jour,En agglomération,Hors intersection,Normale,Deux véhicules - côté,4,2,-1,0,1,2,1,0,1,50,,2,1,0,0,1,28.0,71.0,,,1,2,1,1,3
202100046582,2021-03-23 07:40:00,2021,3,23,7,40,80,80021,GENERAL LECLERC (RUE DU ),49.8977094699,2.2953646126,Plein jour,En agglomération,Hors intersection,Normale,Autre collision,4,2,3,0,1,1,1,0,1,30,,2,1,0,0,1,,,,,1,2,1,1,6
202100046583,2021-03-24 16:40:00,2021,3,24,16,40,78,78015,MARC (BD NOEL),48.982103,2.061541,Plein jour,En agglomération,Hors intersection,Normale,Autre collision,4,-1,2,0,1,1,1,0,1,50,,2,1,0,1,0,57.0,,,,1,2,1,1,6
202100046584,2021-03-24 15:55:00,2021,3,24,15,55,77,77350,RUE FRANCOIS DE TESSAN,48.758413,2.700437,Plein jour,En agglomération,Hors intersection,Normale,Autre collision,4,-1,2,0,1,1,1,9,8,50,,1,0,0,1,0,30.0,,,,1,2,1,1,6
202100046585,2021-03-24 09:05:00,2021,3,24,9,5,74,74012,MERMOZ RUE JEAN),46.19557,6.25154,Plein jour,En agglomération,Hors intersection,Normale,Deux véhicules - arrière,4,2,2,0,1,1,1,0,1,50,,2,1,0,0,1,35.0,40.0,,,1,2,1,1,2
202100046586,2021-03-24 13:00:00,2021,3,24,13,0,73,73065,Rue Dijoud / D201,45.566385,5.937998,Plein jour,En agglomération,Intersection en T,Normale,Deux véhicules - côté,3,2,3,2,1,1,1,-1,1,50,,2,1,0,1,0,69.0,25.0,,,1,2,3,1,3
202100046587,2021-03-25 18:00:00,2021,3,25,18,0,69,69266,4 AOUT 1789 (DU) (R),45.76844,4.9053,Plein jour,En agglomération,Hors intersection,Normale,Trois véhicules et plus - en chaîne,4,2,3,0,2,1,1,0,1,50,,5,3,0,0,2,39.0,33.0,,,1,2,1,1,4
202100046588,2021-03-23 12:39:00,2021,3,23,12,39,69,69115,ECOSSAIS (DE L') (R),45.97904,4.73032,Plein jour,En agglomération,Giratoire,Normale,Deux véhicules - côté,3,2,4,0,2,1,1,0,1,50,,2,1,0,0,1,24.0,17.0,,,1,2,6,1,3
202100046589,2021-03-24 10:50:00,2021,3,24,10,50,67,67218,INDUSTRIE (RUE DE L ),48.53618,7.7324,Plein jour,En agglomération,Hors intersection,Normale,Deux véhicules - côté,4,2,2,0,1,1,1,0,1,50,,2,1,0,0,1,51.0,46.0,,,1,2,1,1,3
202100046590,2021-03-25 17:16:00,2021,3,25,17,16,65,65440,DALEAS (RUE),43.225669,0.082263,Plein jour,En agglomération,Intersection en T,Normale,Deux véhicules - côté,4,2,2,0,1,1,1,0,1,50,,2,1,0,0,1,27.0,33.0,,,1,2,3,1,3
202100046591,2021-03-25 17:50:00,2021,3,25,17,50,64,64445,EMILE GARET,43.30091,-0.36174,Plein jour,En agglomération,Intersection en X,Normale,Deux véhicules - côté,4,2,2,0,1,1,1,9,1,50,,2,1,0,0,1,25.0,60.0,,,1,2,2,1,3
202100046592,2021-03-25 17:40:00,2021,3,25,17,40,64,64445,JEAN MERMOZ,43.32083,-0.37906,Plein jour,En agglomération,Intersection en X,Normale,Deux véhicules - côté,4,2,2,0,1,1,1,9,1,50,,2,1,0,0,1,68.0,26.0,,,1,2,2,1,3
202100046593,2021-03-25 08:00:00,2021,3,25,8,0,64,64102,SAINT BERNARD (CHEMIN DE),43.50264,-1.48395,Plein jour,En agglomération,Hors intersection,Normale,Deux véhicules - arrière,4,2,2,0,1,1,1,0,1,50,,3,0,0,0,3,37.0,35.0,,,1,2,1,1,2
202100046594,2021-03-16 21:00:00,2021,3,16,21,0,62,62498,SAINT THEODORE (R ),50.427326,2.815037,Nuit avec éclairage allumé,En agglomération,Intersection en X,Vent fort / tempête,Deux véhicules - côté,4,1,1,0,1,1,2,0,1,50,,2,1,0,1,0,39.0,39.0,,,5,2,2,6,3
202100046595,2021-03-23 18:20:00,2021,3,23,18,20,62,62119,BRUAY ( AVENUE DE ),50.52298,2.627578,Plein jour,En agglomération,Giratoire,Normale,Deux véhicules - côté,3,1,2,0,1,2,1,0,1,50,,3,2,0,1,0,48.0,48.0,,,1,2,6,1,3
202100046596,2021-03-24 12:14:00,2021,3,24,12,14,59,59291,MARECHAL FOCH (AVENUE DU),50.254562,3.907926,Plein jour,En agglomération,Hors intersection,Normale,Deux véhicules - côté,4,1,1,0,1,4,1,0,1,50,,2,1,0,1,0,47.0,13.0,,,1,2,1,1,3
202100046597,2021-03-25 07:50:00,2021,3,25,7,50,50,50147,SAINT MALO,49.05164,-1.45249,Plein jour,En agglomération,Hors intersection,Normale,Deux véhicules - côté,3,2,2,0,1,1,1,0,1,50,,2,0,0,0,2,36.0,67.0,,,1,2,1,1,3
202100046598,2021-03-24 12:15:00,2021,3,24,12,15,50,50129,Robert LECOUVEY,49.63062,-1.60424,Plein jour,En agglomération,Intersection en T,Normale,Deux véhicules - côté,4,2,2,0,1,2,1,0,1,50,,2,1,0,0,1,14.0,28.0,,,1,2,3,1,3
202100046599,2021-03-24 08:00:00,2021,3,24,8,0,49,49007,SCHUMANN BOULEVARD,47.48939,-0.52691,Plein jour,En agglomération,Hors intersection,Normale,Autre collision,4,2,1,0,1,1,1,0,1,50,,2,1,0,0,1,42.0,,,,1,2,1,1,6
202100046600,2021-03-24 08:55:00,2021,3,24,8,55,47,47323,GABEL(RUE DE ),44.41,0.713,Plein jour,En agglomération,Hors intersection,Normale,Autre collision,4,2,2,0,1,3,1,0,1,50,,2,1,0,1,0,60.0,,,,1,2,1,1,6
202100046601,2021-03-25 17:30:00,2021,3,25,17,30,45,45232,Rue Flandres Dunkerque,47.839708,1.913642,Plein jour,En agglomération,Hors intersection,Normale,Autre collision,6,-1,-1,0,1,1,1,0,1,-1,,1,0,0,1,0,45.0,,,,1,2,1,1,6
202100046602,2021-03-23 18:00:00,2021,3,23,18,0,44,44184,COUBERTIN (AVENUE PIERRE DE),47.270527,-2.233214,Plein jour,En agglomération,Hors intersection,Normale,Autre collision,4,2,0,1,1,1,1,0,5,50,,2,1,0,0,1,20.0,,,,1,2,1,1,6
202100046603,2021-03-25 15:35:00,2021,3,25,15,35,42,42237,Lieu dit les Barraques,45.4458340764,4.4655157984,Plein jour,Hors agglomération,Hors intersection,Normale,Autre collision,4,-1,2,0,2,2,1,0,1,50,,2,1,0,1,0,20.0,,,,1,1,1,1,6
202100046604,2021-01-28 07:35:00,2021,1,28,7,35,42,42305,Boulevard Georges Pompidou,45.4680116132,4.4119519852,Nuit sans éclairage public,En agglomération,Hors intersection,Normale,Trois véhicules et plus - collisions multiples,7,2,2,0,1,1,1,0,1,70,,4,2,0,1,1,43.0,25.0,,,3,2,1,1,5
202100046605,2021-01-27 12:40:00,2021,1,27,12,40,42,42218,Rue Jean Parot,45.4294959078,4.4229336865,Plein jour,En agglomération,Hors intersection,Normale,Autre collision,4,2,2,0,2,1,1,0,4,50,,4,1,0,0,3,19.0,,,,1,2,1,1,6
202100046606,2021-03-25 11:41:00,2021,3,25,11,41,38,38421,Avenue Benoit Frachon,45.179,5.75532,Plein jour,En agglomération,Intersection en X,Normale,Deux véhicules - côté,4,2,4,3,1,1,1,5,1,30,,3,2,0,1,0,52.0,24.0,,,1,2,2,1,3
202100046607,2021-03-25 07:20:00,2021,3,25,7,20,38,38185,Cours de la Libération,45.18021,5.71672,Crépuscule ou aube,En agglomération,Intersection en X,Normale,Deux véhicules - côté,7,3,7,2,1,1,1,0,1,50,,2,1,1,0,0,39.0,31.0,,,2,2,2,1,3
202100046608,2021-03-24 21:10:00,2021,3,24,21,10,34,34198,KOENING (AVENUE MARECHAL),43.5583866152,3.9549436096,Nuit avec éclairage allumé,En agglomération,Hors intersection,Normale,Autre collision,4,2,2,0,1,2,1,0,4,50,,2,0,0,0,2,20.0,,,,5,2,1,1,6
202100046609,2021-03-25 15:00:00,2021,3,25,15,0,33,33550,Route de Toulouse,44.779534194,-0.5661924948,Plein jour,En agglomération,Hors intersection,Normale,Trois véhicules et plus - en chaîne,4,2,5,3,1,1,1,0,1,50,,3,2,0,0,1,63.0,47.0,,,1,2,1,1,4
202100046610,2021-03-25 12:40:00,2021,3,25,12,40,33,33550,Rue Pablo Neruda,44.78589,-0.58145,Plein jour,En agglomération,Hors intersection,Pluie légère,Deux véhicules - arrière,4,2,2,1,1,1,2,0,1,50,,2,1,0,0,1,32.0,42.0,,,1,2,1,2,2
202100046611,2021-03-24 13:10:00,2021,3,24,13,10,33,33063,Rue Maréchal Joffre,44.8352,-0.57879,Plein jour,En agglomération,Place,Normale,Deux véhicules - frontale,4,2,2,0,1,1,1,0,1,30,,2,1,0,0,1,70.0,25.0,,,1,2,7,1,1
202100046612,2021-03-25 17:30:00,2021,3,25,17,30,31,31555,FAUBOURG BONNEFOY (RUE DU) DU 1AU 231,43.61788,1.45534,Plein jour,En agglomération,Hors intersection,Normale,Deux véhicules - côté,7,2,1,0,1,1,1,0,1,50,,3,2,0,0,1,40.0,18.0,,,1,2,1,1,3
202100046613,2021-03-24 20:21:00,2021,3,24,20,21,29,29019,Boulevard Léon Blum,48.40739,-4.48507,Nuit avec éclairage allumé,En agglomération,Intersection en X,Pluie légère,Deux véhicules - côté,4,2,2,0,4,1,2,5,1,50,,2,1,0,1,0,32.0,21.0,,,5,2,2,2,3
202100046614,2021-03-23 17:45:00,2021,3,23,17,45,29,29019,Rue Pierre Loti,48.38245,-4.5043,Plein jour,En agglomération,Intersection en T,Normale,Autre collision,4,-1,2,0,1,1,1,5,1,30,,2,1,0,0,1,25.0,,,,1,2,3,1,6
202100046615,2021-03-24 17:05:00,2021,3,24,17,5,27,27681,SAINT MARCEL (RUE DE),49.0887602155,1.4662368453,Plein jour,En agglomération,Intersection en T,Normale,Autre collision,4,-1,2,0,1,1,1,0,1,50,,2,1,0,0,1,46.0,,,,1,2,3,1,6
202100046616,2021-03-24 09:05:00,2021,3,24,9,5,27,27299,BRIAND (AVENUE ARISTIDE),49.0504,1.1646,Plein jour,En agglomération,Intersection en T,Normale,Deux véhicules - côté,3,2,2,0,1,1,1,0,1,30,,2,1,0,0,1,51.0,51.0,,,1,2,3,1,3
202100046617,2021-03-25 17:49:00,2021,3,25,17,49,17,17300,VERDUN   PLACE DE,46.161866,-1.153519,Plein jour,En agglomération,Intersection en T,Normale,Deux véhicules - côté,4,1,1,1,1,1,1,0,5,30,,2,1,0,0,1,72.0,20.0,,,1,2,3,1,3
202100046618,2021-03-24 08:50:00,2021,3,24,8,50,14,14101,N814,49.16681,-0.42892,Plein jour,En agglomération,Hors intersection,Normale,Autre collision,2,3,4,0,1,1,1,0,1,130,,2,0,0,0,2,25.0,,,,1,2,1,1,6
202100046619,2021-03-25 21:05:00,2021,3,25,21,5,13,13215,SAINT ANTOINE (AVENUE DE),43.38328,5.35838,Nuit avec éclairage allumé,En agglomération,Intersection en T,Normale,Deux véhicules - côté,4,2,2,0,1,1,1,0,1,50,,2,1,0,0,1,39.0,57.0,,,5,2,3,1,3
202100046620,2021-03-25 12:30:00,2021,3,25,12,30,13,13208,LOUIS REGE (RUE),43.2814825216,5.3909521518,Plein jour,En agglomération,Hors intersection,Normale,Deux véhicules - côté,4,1,4,0,1,1,1,1,1,30,,5,2,0,0,3,49.0,43.0,,,1,2,1,1,3
202100046621,2021-03-25 09:45:00,2021,3,25,9,45,13,13211,AUDIENCE (RUE DE L'),43.2963383281,5.4859979817,Plein jour,En agglomération,Intersection en T,Normale,Deux véhicules - côté,4,2,2,0,1,1,1,0,1,50,,2,1,0,0,1,30.0,63.0,,,1,2,3,1,3
202100046622,2021-03-24 09:30:00,2021,3,24,9,30,13,13002,DES TERMES (ROUTE) RD 908,43.3846154485,5.5531306125,Plein jour,Hors agglomération,Hors intersection,Normale,Deux véhicules - frontale,4,2,2,0,2,2,1,0,1,70,,2,1,0,0,1,45.0,37.0,,,1,1,1,1,1
202100046623,2021-03-24 17:05:00,2021,3,24,17,5,10,10357,GENERAL DE GAULLE (RUE DU),48.29764,4.1324,Plein jour,En agglomération,Intersection en X,Normale,Deux véhicules - côté,6,-1,-1,0,1,1,1,0,1,50,,2,1,0,0,1,52.0,21.0,,,1,2,2,1,3
202100046624,2021-03-24 16:50:00,2021,3,24,16,50,10,10333,CROIX ROUGE (RUE DE LA ),48.27403,4.05836,Plein jour,En agglomération,Hors intersection,Normale,Autre collision,3,2,2,0,1,1,1,0,1,50,,2,1,0,0,1,,,,,1,2,1,1,6
202100046625,2021-03-25 18:15:00,2021,3,25,18,15,09,09225,TOULOUSE AVENUE DE,43.12016,1.61115,Plein jour,En agglomération,Hors intersection,Normale,Deux véhicules - arrière,4,2,3,0,1,1,1,0,1,50,,3,2,0,0,1,26.0,19.0,,,1,2,1,1,2
202100046626,2021-03-25 12:20:00,2021,3,25,12,20,07,07281,GROSS-UMSTADT (AVENUE DE),44.94404,4.85732,Plein jour,En agglomération,Hors intersection,Normale,Deux véhicules - arrière,3,1,2,2,1,1,1,0,1,50,,2,1,0,0,1,34.0,48.0,,,1,2,1,1,2
202100046627,2021-03-25 17:40:00,2021,3,25,17,40,06,06088,CARLONE (BD),43.693826,7.238989,Plein jour,En agglomération,Hors intersection,Normale,Sans collision,4,2,1,0,2,1,1,0,1,50,,2,1,0,1,0,58.0,,,,1,2,1,1,7
202100046628,2021-03-25 10:50:00,2021,3,25,10,50,06,06088,FLIREY (AV. DE),43.72112,7.275319,Plein jour,En agglomération,Hors intersection,Normale,Deux véhicules - arrière,4,-1,3,0,1,1,1,0,1,50,,2,1,0,1,0,65.0,89.0,,,1,2,1,1,2
202100046629,2021-03-25 12:15:00,2021,3,25,12,15,75,75115,BOULEVARD PERIPHERIQUE,48.835316,2.26949,Plein jour,En agglomération,Hors intersection,Normale,Trois véhicules et plus - en chaîne,4,1,4,0,1,1,1,0,1,70,,3,2,0,0,1,46.0,58.0,,,1,2,1,1,4
202100046630,2021-03-24 18:00:00,2021,3,24,18,0,75,75112,PORT DE BERCY,48.827141,2.39103,Plein jour,En agglomération,Hors intersection,Normale,Deux véhicules - arrière,4,1,4,0,1,1,1,0,1,70,,2,1,0,0,1,23.0,61.0,,,1,2,1,1,2
202100046631,2021-03-23 08:05:00,2021,3,23,8,5,75,75115,BOULEVARD PERIPHERIQUE EXTERIEUR SUD,48.834762,2.265418,Plein jour,En agglomération,Hors intersection,Normale,Deux véhicules - arrière,4,1,4,0,1,1,1,0,1,70,,3,2,0,1,0,54.0,57.0,,,1,2,1,1,2
202100046632,2021-03-24 12:54:00,2021,3,24,12,54,75,75111,BOULEVARD VOLTAIRE,48.8537,2.386987,Plein jour,En agglomération,Hors intersection,Normale,Deux véhicules - côté,4,2,4,2,1,1,1,-1,5,50,,2,1,0,1,0,21.0,26.0,,,1,2,1,1,3
202100046633,2021-03-25 20:30:00,2021,3,25,20,30,75,75120,RUE BELGRAND,48.864683,2.404154,Nuit avec éclairage allumé,En agglomération,Intersection en X,Normale,Deux véhicules - côté,4,2,4,0,1,1,1,0,1,50,,2,1,0,0,1,19.0,28.0,,,5,2,2,1,3
202100046634,2021-03-25 10:10:00,2021,3,25,10,10,75,75120,AVENUE GAMBETTA,48.863168,2.388567,Plein jour,En agglomération,Hors intersection,Pluie légère,Trois véhicules et plus - collisions multiples,4,2,4,1,2,1,2,-1,5,50,,3,1,0,1,1,,51.0,,,1,2,1,2,5
202100046635,2021-03-25 19:15:00,2021,3,25,19,15,75,75119,RUE GEORGES AURIC,48.884924,2.386205,Nuit sans éclairage public,En agglomération,Intersection en Y,Normale,Autre collision,4,1,1,0,2,1,1,0,1,50,,1,0,0,0,1,54.0,,,,3,2,4,1,6
202100046636,2021-03-24 21:10:00,2021,3,24,21,10,75,75119,AVENUE JEAN JAURES,48.885923,2.382206,Nuit avec éclairage allumé,En agglomération,Intersection en X,Normale,Deux véhicules - côté,4,4,4,3,1,1,1,-1,6,50,,2,1,0,0,1,31.0,31.0,,,5,2,2,1,3
202100046637,2021-03-25 08:30:00,2021,3,25,8,30,75,75116,AVENUE FOCH,48.872687,2.284557,Plein jour,En agglomération,Intersection en X,Pluie légère,Deux véhicules - côté,4,2,4,0,1,1,2,0,1,50,,2,1,0,0,1,,22.0,,,1,2,2,2,3
202100046638,2021-03-25 07:55:00,2021,3,25,7,55,75,75115,RUE DE VAUGIRARD,48.842874,2.312379,Crépuscule ou aube,En agglomération,Intersection en X,Pluie légère,Sans collision,4,1,2,1,1,1,2,-1,5,50,,1,0,0,0,1,40.0,,,,2,2,2,2,7
202100046639,2021-03-25 13:00:00,2021,3,25,13,0,75,75114,AVENUE DU MAINE,48.829106,2.326352,Plein jour,En agglomération,Intersection en Y,Normale,Deux véhicules - arrière,4,2,4,0,1,1,1,0,1,50,,2,1,0,0,1,22.0,47.0,,,1,2,4,1,2
202100046640,2021-03-25 11:35:00,2021,3,25,11,35,75,75113,RUE DU CHATEAU DES RENTIERS,48.831142,2.360986,Plein jour,En agglomération,Hors intersection,Pluie légère,Autre collision,4,2,2,0,1,1,2,0,1,30,,2,1,0,0,1,27.0,,,,1,2,1,2,6
202100046641,2021-03-25 14:48:00,2021,3,25,14,48,75,75111,AVENUE DE LA REPUBLIQUE,48.86648,2.368146,Plein jour,En agglomération,Intersection en Y,Normale,Deux véhicules - côté,4,2,4,1,1,1,1,-1,5,50,,2,1,0,0,1,31.0,51.0,,,1,2,4,1,3
202100046642,2021-03-25 10:25:00,2021,3,25,10,25,75,75111,BOULEVARD VOLTAIRE,48.854093,2.386332,Plein jour,En agglomération,Hors intersection,Temps couvert,Autre collision,4,2,2,1,1,1,2,-1,5,50,,2,1,0,0,1,22.0,,,,1,2,1,8,6
202100046643,2021-03-24 20:40:00,2021,3,24,20,40,75,75111,BOULEVARD BEAUMARCHAIS,48.855804,2.368492,Nuit avec éclairage allumé,En agglomération,Intersection en X,Normale,Deux véhicules - arrière,4,2,4,3,1,1,1,0,1,50,,2,1,0,0,1,26.0,19.0,,,5,2,2,1,2
202100046644,2021-03-25 18:00:00,2021,3,25,18,0,75,75110,RUE EUGENE VARLIN,48.87881,2.363798,Plein jour,En agglomération,Hors intersection,Normale,Autre collision,4,2,2,1,1,1,1,-1,5,30,,2,1,0,0,1,36.0,,,,1,2,1,1,6
202100046645,2021-03-25 09:00:00,2021,3,25,9,0,75,75110,RUE DES VINAIGRIERS,48.873156,2.36219,Plein jour,En agglomération,Hors intersection,Pluie légère,Deux véhicules - côté,4,2,2,0,1,1,2,0,1,30,,2,1,0,0,1,54.0,29.0,,,1,2,1,2,3
202100046646,2021-03-25 08:45:00,2021,3,25,8,45,75,75110,RUE DU FAUBOURG DU TEMPLE,48.871797,2.376247,Plein jour,En agglomération,Hors intersection,Pluie légère,Deux véhicules - côté,4,1,2,0,1,1,2,0,1,50,,2,1,0,0,1,34.0,37.0,,,1,2,1,2,3
202100046647,2021-03-25 16:00:00,2021,3,25,16,0,75,75109,RUE LA BRUYERE,48.879725,2.332806,Plein jour,En agglomération,Intersection en T,Normale,Deux véhicules - côté,4,1,1,0,1,1,1,0,1,30,,2,1,0,0,1,57.0,14.0,,,1,2,3,1,3
202100046648,2021-03-25 16:00:00,2021,3,25,16,0,75,75104,RUE SAINT ANTOINE,48.853948,2.364729,Plein jour,En agglomération,Intersection en T,Normale,Deux véhicules - côté,4,2,4,1,1,1,1,-1,5,30,,3,2,0,0,1,69.0,30.0,,,1,2,3,1,3
202100046649,2021-03-24 17:00:00,2021,3,24,17,0,94,94068,HENRI REGNAULT (R),48.7981,2.50911,Plein jour,En agglomération,Hors intersection,Normale,Deux véhicules - côté,4,2,2,0,1,1,1,0,1,30,,2,1,0,0,1,85.0,85.0,,,1,2,1,1,3
202100046650,2021-03-25 14:40:00,2021,3,25,14,40,94,94043,FONTAINEBLEAU (AV DE),48.81493,2.36074,Plein jour,En agglomération,Hors intersection,Normale,Autre collision,3,2,4,0,1,1,1,0,1,50,,2,1,0,0,1,59.0,,,,1,2,1,1,6
202100046651,2021-03-25 14:45:00,2021,3,25,14,45,94,94041,MARCEL HARTMANN (R),48.80522,2.38905,Plein jour,En agglomération,Giratoire,Normale,Deux véhicules - arrière,3,1,1,0,1,1,1,0,1,50,,2,1,0,0,1,50.0,27.0,,,1,2,6,1,2
202100046652,2021-03-25 12:20:00,2021,3,25,12,20,94,94073,PAUL VAILLANT COUTURIER (R),48.76265,2.39362,Plein jour,En agglomération,Hors intersection,Pluie légère,Autre collision,4,2,2,0,1,1,2,8,1,50,,2,1,0,0,1,37.0,,,,1,2,1,2,6
202100046653,2021-03-25 09:00:00,2021,3,25,9,0,94,94017,MUSSELBURGH (R DE),48.809,2.519,Plein jour,En agglomération,Hors intersection,Normale,Deux véhicules - frontale,4,2,2,0,1,1,2,0,1,30,,2,1,0,0,1,,,,,1,2,1,1,1
202100046654,2021-03-25 18:20:00,2021,3,25,18,20,94,94075,Rue de Brunoy,48.708551,2.529489,Plein jour,En agglomération,Hors intersection,Normale,Deux véhicules - côté,4,2,2,0,2,1,1,0,1,50,,2,1,0,0,1,31.0,31.0,,,1,2,1,1,3
202100046655,2021-03-25 19:50:00,2021,3,25,19,50,94,94002,Rue Paul Vaillant Couturier,48.81418,2.41543,Nuit avec éclairage allumé,En agglomération,Hors intersection,Normale,Autre collision,4,1,2,3,1,1,1,0,4,50,,2,0,0,0,2,23.0,,,,5,2,1,1,6
202100046656,2021-03-25 17:40:00,2021,3,25,17,40,93,93071,GABRIEL PERI (RUE),48.9432964025,2.5330639564,Plein jour,En agglomération,Hors intersection,Normale,Autre collision,4,2,2,0,1,1,1,9,1,50,,2,1,0,0,1,53.0,,,,1,2,1,1,6
202100046657,2021-03-25 10:15:00,2021,3,25,10,15,93,93070,FRUCTIDOR(RUE),48.9009624375,2.3259185424,Plein jour,En agglomération,Hors intersection,Normale,Trois véhicules et plus - collisions multiples,4,2,2,0,1,1,1,0,1,50,,3,2,0,0,1,34.0,31.0,,,1,2,1,1,5
202100046658,2021-03-25 17:00:00,2021,3,25,17,0,93,93062,OUEST (BOULEVARD DE L'),48.90109,2.51182,Plein jour,En agglomération,Hors intersection,Normale,Deux véhicules - arrière,4,2,2,1,1,1,1,0,1,30,,2,1,0,0,1,39.0,37.0,,,1,2,1,1,2
202100046659,2021-03-25 08:30:00,2021,3,25,8,30,93,93055,Avenue du Général Leclerc,48.9002948374,2.4105066061,Plein jour,En agglomération,Hors intersection,Pluie légère,Autre collision,3,2,2,0,1,1,2,0,1,50,,2,1,0,0,1,31.0,,,,1,2,1,2,6
202100046660,2021-03-24 15:47:00,2021,3,24,15,47,93,93055,AISNE (QUAI DE ),48.8953757314,2.4055257781,Plein jour,En agglomération,Autre intersection,Temps éblouissant,Autre collision,4,2,2,1,1,1,1,9,5,30,,2,0,0,0,2,14.0,,,,1,2,9,7,6
202100046661,2021-03-25 07:50:00,2021,3,25,7,50,93,93053,VAILLANT COUTURIER (RUE),48.8882212862,2.4591886997,Plein jour,En agglomération,Autre intersection,Pluie légère,Autre collision,3,1,1,0,1,1,2,6,1,50,,2,1,0,0,1,,,,,1,2,9,2,6
202100046662,2021-03-24 22:04:00,2021,3,24,22,4,93,93051,BUTTE VERTE,48.84138,2.57913,Nuit avec éclairage allumé,En agglomération,Hors intersection,Normale,Autre collision,4,2,2,0,1,2,1,0,1,50,,3,0,0,0,3,27.0,,,,5,2,1,1,6
202100046663,2021-03-25 08:39:00,2021,3,25,8,39,93,93032,ARTS  (AVENUE DES - COTE PAIR),48.88516,2.54752,Plein jour,En agglomération,Hors intersection,Pluie légère,Autre collision,4,2,2,0,2,1,2,9,1,50,,2,1,0,0,1,41.0,,,,1,2,1,2,6
202100046664,2021-03-25 16:15:00,2021,3,25,16,15,93,93079,CLAUDE DEBUSSY,48.9675,2.34592,Plein jour,En agglomération,Hors intersection,Normale,Deux véhicules - côté,4,2,1,0,1,1,1,0,1,50,,3,2,0,0,1,32.0,39.0,,,1,2,1,1,3
202100046665,2021-03-25 17:59:00,2021,3,25,17,59,92,92078,GALLIENI (BD) (1 A 79 ET 22 A 102),48.9252447364,2.3260679841,Plein jour,En agglomération,Hors intersection,Normale,Trois véhicules et plus - collisions multiples,3,2,2,1,1,1,1,0,1,50,,4,3,0,0,1,25.0,22.0,,,1,2,1,1,5
202100046666,2021-03-24 15:15:00,2021,3,24,15,15,92,92036,LOUIS ROCHE (AVENUE) (47/151),48.9296271652,2.3093537986,Plein jour,En agglomération,Intersection en T,Normale,Deux véhicules - côté,3,2,2,0,1,1,1,0,1,50,,2,1,0,1,0,38.0,38.0,,,1,2,3,1,3
202100046667,2021-03-23 21:17:00,2021,3,23,21,17,92,92036,PRINCIPALE DU PORT (ROUTE) (19/+),48.937712,2.277321,Nuit avec éclairage allumé,En agglomération,Hors intersection,Normale,Deux véhicules - côté,4,2,4,0,1,1,1,0,1,50,,2,1,1,0,0,32.0,29.0,,,5,2,1,1,3
202100046668,2021-03-25 18:00:00,2021,3,25,18,0,92,92007,FOCH (AVENUE DU MARECHAL) AUTRES NUMEROS,48.7906740904,2.299874872,Crépuscule ou aube,En agglomération,Hors intersection,Normale,Autre collision,3,2,2,0,2,1,1,0,8,50,,1,0,0,0,1,22.0,,,,2,2,1,1,6
202100046669,2021-03-25 19:40:00,2021,3,25,19,40,44,44077,20 Rue de la Piéta,47.517518,-1.474569,Nuit avec éclairage non allumé,En agglomération,Hors intersection,Normale,Autre collision,3,2,2,0,1,1,1,5,4,-1,,1,0,0,0,1,32.0,,,,4,2,1,1,6
202100046670,2021-03-26 14:30:00,2021,3,26,14,30,24,24449,La Cornue,44.998553,0.222816,Plein jour,Hors agglomération,Hors intersection,Normale,Autre collision,3,2,2,0,1,1,1,-1,3,90,,1,0,1,0,0,84.0,,,,1,1,1,1,6
202100046671,2021-03-25 09:30:00,2021,3,25,9,30,60,60107,D1016,49.380145,2.436057,Plein jour,Hors agglomération,Hors intersection,Pluie légère,Autre collision,3,3,4,0,1,1,2,0,1,110,,1,0,0,0,1,20.0,,,,1,1,1,2,6
202100046672,2021-03-26 17:49:00,2021,3,26,17,49,68,68250,D505,47.937647,7.2324,Plein jour,En agglomération,Intersection en X,Normale,Deux véhicules - côté,3,2,2,0,1,2,1,0,1,50,,2,1,0,0,1,12.0,83.0,,,1,2,2,1,3
202100046673,2021-03-25 17:40:00,2021,3,25,17,40,44,44024,rue de bel air,47.169157,-1.720192,Plein jour,En agglomération,Intersection en Y,Normale,Deux véhicules - côté,7,2,2,0,1,1,1,0,1,30,,2,1,0,1,0,23.0,47.0,,,1,2,4,1,3
202100046674,2021-03-24 18:00:00,2021,3,24,18,0,74,74026,R des Garennes,45.958494,6.041404,Plein jour,En agglomération,Hors intersection,Normale,Sans collision,4,2,2,0,2,3,1,0,1,50,,2,1,0,0,1,53.0,,,,1,2,1,1,7