accident_id,datetime,annee,mois,jour,heure,minute,departement,commune_insee,adresse,latitude,longitude,luminosite,agglomeration,intersection,meteo,collision,catr,circ,nbv,vosp,prof,plan,surf,infra,situ,vma,nb_vehicules,nb_usagers,nb_indemnes,nb_tues,nb_blesses_hosp,nb_blesses_legers,age_cond_1,age_cond_2,veh_type_cond_1,veh_type_cond_2,lum_code,agg_code,int_code,atm_code,col_code
202100046675,2021-03-25 07:30:00,2021,3,25,7,30,21,21485,7 Route de Paris,47.337158,4.969327,Plein jour,En agglomération,Intersection en Y,Normale,Autre collision,1,1,1,0,2,1,1,9,1,70,,2,1,1,0,0,54.0,,,,1,2,4,1,6
202100046676,2021-03-25 07:00:00,2021,3,25,7,0,83,83097,Intersection D23 Route de TRETS / Chemin des grosses Pierres,43.496322,5.72919,Plein jour,Hors agglomération,Hors intersection,Normale,Deux véhicules - côté,3,2,2,0,1,3,1,0,1,70,,2,0,0,1,1,20.0,67.0,,,1,1,1,1,3
202100046677,2021-03-26 18:50:00,2021,3,26,18,50,30,30117,D6113,43.697697,4.585333,Crépuscule ou aube,Hors agglomération,Hors intersection,Temps couvert,Deux véhicules - frontale,3,2,2,0,1,1,1,0,1,80,,3,0,1,1,1,49.0,20.0,,,2,1,1,8,1
202100046678,2021-03-25 09:30:00,2021,3,25,9,30,56,56189,Le Poteau,47.955147,-2.721502,Plein jour,Hors agglomération,Hors intersection,Brouillard / fumée,Deux véhicules - arrière,3,2,2,0,1,1,2,0,1,80,,3,2,0,0,1,78.0,39.0,,,1,1,1,5,2
202100046679,2021-03-26 16:00:00,2021,3,26,16,0,76,76159,Route de Calvaille,49.7833837276,0.6481970846,Plein jour,Hors agglomération,Hors intersection,Pluie forte,Sans collision,4,2,2,0,2,3,2,0,8,50,,1,0,0,1,0,71.0,,,,1,1,1,3,7
202100046680,2021-03-26 11:30:00,2021,3,26,11,30,79,79290,2 Rue du Grand Bois,46.438286,-0.59647,Plein jour,En agglomération,Hors intersection,Normale,Sans collision,4,2,2,0,1,1,1,0,1,50,,2,1,0,0,1,60.0,,,,1,2,1,1,7
202100046681,2021-03-24 22:52:00,2021,3,24,22,52,2A,2A006,Cardiglione,41.9876502024,8.722076585,Nuit sans éclairage public,Hors agglomération,Hors intersection,Normale,Autre collision,3,2,2,0,1,1,1,0,1,80,,1,0,0,1,0,59.0,,,,3,1,1,1,6
202100046682,2021-03-21 23:00:00,2021,3,21,23,0,2B,2B236,route de poggio di nazza,42.052766,9.295421,Nuit sans éclairage public,Hors agglomération,Hors intersection,Normale,Autre collision,3,2,2,0,2,2,1,2,3,80,,2,1,0,1,0,23.0,,,,3,1,1,1,6
202100046683,2021-03-21 11:15:00,2021,3,21,11,15,2B,2B341,RT 20 - PK 68+920,42.223846,9.179678,Plein jour,Hors agglomération,Hors intersection,Normale,,2,2,2,0,2,2,1,0,3,80,,1,0,0,0,1,45.0,,,,1,1,1,1,-1
202100046684,2021-03-26 12:30:00,2021,3,26,12,30,32,32053,Cd 139,43.38902,0.607038,Plein jour,Hors agglomération,Hors intersection,Normale,Sans collision,3,2,2,0,1,1,1,0,1,80,,1,0,0,1,0,87.0,,,,1,1,1,1,7
202100046685,2021-03-26 10:00:00,2021,3,26,10,0,11,11257,D3,43.151113,2.474724,Plein jour,Hors agglomération,Hors intersection,Normale,Deux véhicules - côté,3,2,2,0,1,3,1,0,1,80,,2,1,0,1,0,63.0,51.0,,,1,1,1,1,3
202100046686,2021-03-26 17:00:00,2021,3,26,17,0,41,41235,D357,47.912502,0.837815,Plein jour,Hors agglomération,Intersection en X,Normale,Trois véhicules et plus - collisions multiples,3,2,2,0,1,1,1,0,1,80,,4,2,0,2,0,18.0,39.0,,,1,1,2,1,5
202100046687,2021-03-26 11:15:00,2021,3,26,11,15,39,39408,,46.589446,5.711907,Plein jour,Hors agglomération,Hors intersection,Normale,Deux véhicules - côté,3,2,2,0,1,1,1,0,1,80,,2,1,0,0,1,77.0,33.0,,,1,1,1,1,3
202100046688,2021-03-26 12:10:00,2021,3,26,12,10,73,73188,D925 / D69A,45.626839,6.342008,Plein jour,En agglomération,Intersection en T,Normale,Deux véhicules - côté,3,2,2,0,1,1,1,0,1,50,,3,1,0,0,2,20.0,19.0,,,1,2,3,1,3
202100046689,2021-03-24 03:38:00,2021,3,24,3,38,40,40317,Avenue du Général de Gaulle,43.688093,-1.34089,Nuit sans éclairage public,En agglomération,Hors intersection,Normale,Autre collision,3,2,2,0,1,1,1,0,3,50,,1,0,0,1,0,23.0,,,,3,2,1,1,6
202100046690,2021-03-25 22:15:00,2021,3,25,22,15,17,17243,D134,45.252127,-0.271182,Nuit sans éclairage public,Hors agglomération,Hors intersection,Normale,Autre collision,3,2,2,0,2,1,1,0,3,80,,1,0,0,1,0,20.0,,,,3,1,1,1,6
202100046691,2021-03-26 09:35:00,2021,3,26,9,35,48,48155,Route du Serre de la can - Face au commerce Petit Chariot,44.219116,3.808844,Plein jour,En agglomération,Hors intersection,Normale,Autre collision,4,2,2,0,2,1,1,0,1,50,,2,1,0,1,0,76.0,,,,1,2,1,1,6
202100046692,2021-03-25 15:50:00,2021,3,25,15,50,52,52354,D122,47.788191,5.362723,Plein jour,Hors agglomération,Hors intersection,Normale,Autre collision,3,2,2,0,1,1,1,0,1,80,,3,2,0,0,1,37.0,69.0,,,1,1,1,1,6
202100046693,2021-03-26 13:15:00,2021,3,26,13,15,08,08491,1 Avenue Jean Jaurès,49.737275,4.855057,Plein jour,En agglomération,Hors intersection,Normale,Autre collision,3,2,2,0,1,4,1,0,1,50,,2,1,0,0,1,20.0,,,,1,2,1,1,6
202100046694,2021-03-25 13:35:00,2021,3,25,13,35,35,35275,N12,48.161899,-1.855756,Plein jour,Hors agglomération,Hors intersection,Normale,Autre collision,2,3,4,0,1,3,1,0,2,110,,1,0,0,1,0,84.0,,,,1,1,1,1,6
202100046695,2021-03-26 15:35:00,2021,3,26,15,35,13,13037,Chemin des Gilbertes et des Vignes,43.538703,5.201576,Plein jour,Hors agglomération,Hors intersection,Normale,Deux véhicules - frontale,4,2,2,0,1,1,1,0,3,50,,1,0,0,0,1,47.0,,,,1,1,1,1,1
202100046696,2021-03-23 08:55:00,2021,3,23,8,55,34,34327,autoroute A709-PK003+700-SENS NORD,43.654149,3.989936,Plein jour,Hors agglomération,Hors intersection,Normale,Deux véhicules - côté,1,1,1,0,1,3,1,3,1,70,,2,1,0,1,0,35.0,50.0,,,1,1,1,1,3
202100046697,2021-03-25 14:15:00,2021,3,25,14,15,34,34199,Route de Montpellier,43.467135,3.429698,Plein jour,En agglomération,Hors intersection,Normale,Deux véhicules - côté,3,2,2,0,1,1,1,0,1,50,,2,1,0,1,0,75.0,75.0,,,1,2,1,1,3
202100046698,2021-03-25 18:30:00,2021,3,25,18,30,13,13107,Route de Gardanne,43.444733,5.440571,Plein jour,En agglomération,Hors intersection,Normale,Deux véhicules - côté,7,2,2,0,1,3,1,0,1,70,,2,1,0,0,1,50.0,20.0,,,1,2,1,1,3
202100046699,2021-03-25 16:56:00,2021,3,25,16,56,52,52449,Chemin de l'Étang,47.835795,5.322329,Plein jour,Hors agglomération,Hors intersection,Normale,Autre collision,4,-1,1,0,4,1,1,9,3,50,,1,0,0,1,0,21.0,,,,1,1,1,1,6
202100046700,2021-03-23 07:30:00,2021,3,23,7,30,54,54305,D321,48.7426717382,6.1853162744,Plein jour,Hors agglomération,Hors intersection,Normale,Trois véhicules et plus - en chaîne,3,2,2,0,1,1,1,0,1,70,,3,1,0,0,2,32.0,23.0,,,1,1,1,1,4
202100046701,2021-03-26 15:00:00,2021,3,26,15,0,26,26064,7 Rue des Fougères,44.907441,5.017276,Plein jour,Hors agglomération,Hors intersection,Temps couvert,Autre collision,3,2,2,2,1,2,1,0,8,80,,2,0,1,0,1,75.0,,,,1,1,1,8,6
202100046702,2021-03-26 16:27:00,2021,3,26,16,27,17,17336,Route Nationale 137,45.791732,-0.727503,Plein jour,Hors agglomération,Intersection en X,Normale,Deux véhicules - frontale,3,2,2,3,1,1,1,5,1,90,,2,1,0,1,0,51.0,72.0,,,1,1,2,1,1
202100046703,2021-03-25 21:30:00,2021,3,25,21,30,27,27474,D110,49.30274,1.238172,Nuit sans éclairage public,Hors agglomération,Hors intersection,Normale,Autre collision,3,2,2,0,1,1,1,0,3,70,,2,1,0,1,0,29.0,,,,3,1,1,1,6
202100046704,2021-03-22 11:00:00,2021,3,22,11,0,27,27022,Rue de la Chartreuse,49.170141,1.347376,Plein jour,En agglomération,Hors intersection,Normale,Sans collision,4,2,2,0,1,1,1,0,1,50,,1,0,0,0,1,46.0,,,,1,2,1,1,7
202100046705,2021-03-26 07:50:00,2021,3,26,7,50,59,59357,D649,50.296303,3.843327,Plein jour,Hors agglomération,Autre intersection,Normale,Sans collision,3,3,2,0,1,1,1,0,1,110,,1,0,0,1,0,32.0,,,,1,1,9,1,7
202100046706,2021-03-25 07:45:00,2021,3,25,7,45,13,13055,A507 sens Marseille - Aubagne,43.3050959432,5.4255037307,Plein jour,Hors agglomération,Hors intersection,Normale,Trois véhicules et plus - en chaîne,1,1,3,0,1,1,1,1,1,70,,3,1,0,0,2,28.0,43.0,,,1,1,1,1,4
202100046707,2021-03-24 16:50:00,2021,3,24,16,50,13,13210,A50-Sens Marseille vers Aubagne,43.28499,5.42826,Plein jour,Hors agglomération,Hors intersection,Normale,Trois véhicules et plus - en chaîne,1,1,4,0,1,1,1,0,1,90,,4,2,0,0,2,51.0,29.0,,,1,1,1,1,4
202100046708,2021-03-24 14:30:00,2021,3,24,14,30,13,13071,A55-Sens Martigues vers Marseille,43.396243,5.298855,Plein jour,Hors agglomération,Hors intersection,Normale,Autre collision,1,1,3,0,1,1,8,0,1,90,,1,0,0,0,1,21.0,,,,1,1,1,1,6
202100046709,2021-03-24 11:35:00,2021,3,24,11,35,13,13071,A55 - Sens Marseille vers Martigues,43.37939,5.3171,Plein jour,Hors agglomération,Hors intersection,Normale,Deux véhicules - arrière,1,1,3,0,2,1,1,0,1,110,,2,1,0,0,1,27.0,33.0,,,1,1,1,1,2
202100046710,2021-03-24 09:15:00,2021,3,24,9,15,13,13211,A50-Sens Aubagne vers Marseille,43.288,5.50116,Plein jour,Hors agglomération,Hors intersection,Normale,Trois véhicules et plus - en chaîne,1,3,3,0,1,1,1,0,1,90,,3,1,0,0,2,67.0,56.0,,,1,1,1,1,4
202100046711,2021-03-24 07:40:00,2021,3,24,7,40,13,13055,A507 sens Aubagne- Marseille,43.3299,5.4031,Plein jour,Hors agglomération,Hors intersection,Normale,Deux véhicules - arrière,1,1,3,0,1,1,1,1,1,70,,2,1,0,0,1,31.0,29.0,,,1,1,1,1,2
202100046712,2021-03-25 18:00:00,2021,3,25,18,0,33,33281,ROCADE A 630,44.848697,-0.668891,Plein jour,Hors agglomération,Hors intersection,Normale,Deux véhicules - arrière,1,3,6,0,1,1,1,3,1,90,,3,2,0,0,1,84.0,55.0,,,1,1,1,1,2
202100046713,2021-03-22 18:10:00,2021,3,22,18,10,33,33162,ROCADE A 630,44.86356,-0.655284,Plein jour,Hors agglomération,Hors intersection,Normale,Trois véhicules et plus - en chaîne,1,3,4,0,1,1,1,8,1,70,,7,5,0,0,2,20.0,44.0,,,1,1,1,1,4
202100046714,2021-03-25 14:10:00,2021,3,25,14,10,78,78217,A13,48.963206,1.837368,Plein jour,Hors agglomération,Hors intersection,Normale,Deux véhicules - arrière,1,3,6,0,1,1,1,0,1,130,,5,0,0,0,5,46.0,48.0,,,1,1,1,1,2
202100046715,2021-03-25 07:30:00,2021,3,25,7,30,93,93078,AUTOROUTE A104,48.9637,2.5509,Crépuscule ou aube,Hors agglomération,Hors intersection,Pluie légère,Trois véhicules et plus - collisions multiples,1,1,8,0,1,1,2,0,1,90,,3,2,0,0,1,33.0,32.0,,,2,1,1,2,5
202100046716,2021-03-25 12:00:00,2021,3,25,12,0,77,77294,A104,48.97259,2.57566,Plein jour,Hors agglomération,Hors intersection,Normale,Deux véhicules - arrière,1,3,8,0,1,1,1,0,1,90,,2,1,0,0,1,34.0,25.0,,,1,1,1,1,2
202100046717,2021-03-25 07:45:00,2021,3,25,7,45,94,94017,A4,48.8264762717,2.5200291693,Plein jour,Hors agglomération,Hors intersection,Pluie légère,Deux véhicules - côté,1,3,4,0,1,1,2,0,1,110,,3,2,0,0,1,27.0,32.0,,,1,1,1,2,3
202100046718,2021-03-24 07:45:00,2021,3,24,7,45,94,94033,A86.INT,48.84917,2.49047,Plein jour,Hors agglomération,Hors intersection,Normale,Autre collision,1,-1,3,0,1,1,1,0,1,90,,1,0,0,0,1,35.0,,,,1,1,1,1,6
202100046719,2021-03-24 07:50:00,2021,3,24,7,50,94,94017,A4,48.8267111767,2.5225882774,Plein jour,Hors agglomération,Hors intersection,Normale,Deux véhicules - arrière,1,1,3,0,1,1,1,0,1,110,,2,1,0,0,1,61.0,25.0,,,1,1,1,1,2
202100046720,2021-01-08 09:40:00,2021,1,8,9,40,92,92025,MENELOTTE 2A 50 (AV),48.9237840543,2.2595961392,Plein jour,En agglomération,Intersection en X,Normale,Autre collision,3,2,2,0,1,1,1,0,1,50,,4,3,0,0,1,24.0,,,,1,2,2,1,6
202100046721,2021-01-16 09:12:00,2021,1,16,9,12,25,25056,ILE DE FRANCE AVENUE DE L',47.21795,5.96443,Plein jour,En agglomération,Giratoire,Normale,Autre collision,4,2,2,0,1,1,1,5,1,50,,2,1,0,0,1,28.0,,,,1,2,6,1,6
202100046722,2021-03-24 13:55:00,2021,3,24,13,55,976,97611,m'tsapere-Mosquée Maevantana (ruelle ),-12.788,45.21966,Plein jour,En agglomération,Hors intersection,Normale,Deux véhicules - arrière,4,2,0,0,1,1,1,0,1,50,,2,1,0,0,1,42.0,,,,1,2,1,1,2
202100046723,2021-03-23 19:10:00,2021,3,23,19,10,974,97407,BREST (BOULEVARD),-20.9346780202,55.2960067415,Nuit avec éclairage allumé,En agglomération,Hors intersection,Normale,Sans collision,4,2,2,0,1,1,1,0,1,50,,1,0,0,0,1,19.0,,,,5,2,1,1,7
202100046724,2021-03-24 07:25:00,2021,3,24,7,25,973,97302,CRIQUE FOUILLEE (ROND POINT),4.89701925,-52.3288035278,Plein jour,En agglomération,Hors intersection,Normale,Autre collision,2,1,2,0,1,2,1,5,1,50,,2,1,0,0,1,,65.0,,,1,2,1,1,6
202100046725,2021-03-24 16:00:00,2021,3,24,16,0,69,69387,GAMBETTA (CR),45.75088,4.85555,Plein jour,En agglomération,Hors intersection,Normale,Autre collision,4,2,4,3,1,1,1,0,1,50,,2,1,0,0,1,50.0,,,,1,2,1,1,6
202100046726,2021-03-24 10:15:00,2021,3,24,10,15,69,69199,YVES FARGE                          (BD),45.70556,4.8563,Plein jour,En agglomération,Intersection en T,Normale,Deux véhicules - côté,4,-1,2,0,2,2,1,0,1,50,,2,1,0,0,1,23.0,47.0,,,1,2,3,1,3
202100046727,2021-03-23 10:45:00,2021,3,23,10,45,69,69386,VITTON (CR),45.77008,4.85915,Plein jour,En agglomération,Intersection en T,Normale,Deux véhicules - côté,4,2,4,2,1,1,1,0,1,50,,2,1,0,1,0,22.0,19.0,,,1,2,3,1,3
202100046728,2021-03-24 18:30:00,2021,3,24,18,30,972,97213,FLORAINDRE ( RUE DE),14.61805,-61.00139,Plein jour,En agglomération,Hors intersection,Normale,Sans collision,4,1,0,0,1,1,1,0,8,50,,1,0,0,1,0,22.0,,,,1,2,1,1,7
202100046729,2021-03-24 16:20:00,2021,3,24,16,20,69,69385,FULCHIRON (Q),45.7516662059,4.8216889501,Plein jour,En agglomération,Intersection en X,Normale,Deux véhicules - côté,4,1,2,1,1,1,1,0,1,50,,2,1,0,1,0,,45.0,,,1,2,2,1,3
202100046730,2021-03-24 11:26:00,2021,3,24,11,26,69,69389,BARTHELEMY BUYER (AV),45.7634,4.80051,Plein jour,En agglomération,Intersection en T,Normale,Deux véhicules - côté,4,2,2,0,1,1,1,0,1,50,,2,1,0,0,1,33.0,35.0,,,1,2,3,1,3
202100046731,2021-03-24 20:20:00,2021,3,24,20,20,95,95063,PL GRAND CERF,48.9233337997,2.2079441103,Nuit avec éclairage allumé,En agglomération,Hors intersection,Normale,Deux véhicules - côté,4,1,1,0,1,3,1,0,1,50,,2,1,0,1,0,23.0,23.0,,,5,2,1,1,3
202100046732,2021-03-24 15:50:00,2021,3,24,15,50,91,91425,RTE D ORLEANS RN 20,48.63991,2.26807,Plein jour,En agglomération,Autre intersection,Normale,Deux véhicules - côté,3,3,3,0,2,1,1,5,1,50,,2,1,0,0,1,39.0,14.0,,,1,2,9,1,3
202100046733,2021-03-24 14:50:00,2021,3,24,14,50,91,91421,NATIONALE 6 (GLACIERE),48.70669,2.44312,Plein jour,Hors agglomération,Hors intersection,Normale,Trois véhicules et plus - collisions multiples,2,3,4,0,1,1,1,0,1,90,,5,4,0,0,1,29.0,42.0,,,1,1,1,1,5
202100046734,2021-03-24 08:30:00,2021,3,24,8,30,91,91691,CAMILLE GUERIN,48.7149,2.4929,Plein jour,En agglomération,Intersection en T,Normale,Deux véhicules - côté,4,1,1,0,4,1,1,0,1,50,,2,1,0,0,1,68.0,61.0,,,1,2,3,1,3
202100046735,2021-03-24 08:30:00,2021,3,24,8,30,91,91027,AV HENRI DUNANT,48.710785,2.388383,Plein jour,En agglomération,Intersection en T,Temps éblouissant,Autre collision,3,2,2,0,1,1,1,0,1,50,,2,1,0,0,1,30.0,,,,1,2,3,7,6
202100046736,2021-03-23 10:20:00,2021,3,23,10,20,91,91432,AV BLAISE PASCAL,48.695903,2.334616,Plein jour,En agglomération,Intersection en T,Normale,Deux véhicules - côté,4,2,2,0,1,1,1,0,1,50,,2,1,0,0,1,19.0,44.0,,,1,2,3,1,3
202100046737,2021-03-23 12:40:00,2021,3,23,12,40,91,91433,R.D. 20,48.46213,2.17975,Plein jour,Hors agglomération,Autre intersection,Normale,Deux véhicules - arrière,3,1,1,3,1,1,1,3,1,50,,2,1,0,1,0,35.0,53.0,,,1,1,9,1,2
202100046738,2021-03-23 17:01:00,2021,3,23,17,1,87,87085,VALADON (RUE SUZANNE),45.84392,1.2861,Plein jour,En agglomération,Hors intersection,Normale,Autre collision,4,2,2,0,1,2,1,0,1,50,,2,1,0,0,1,27.0,38.0,,,1,2,1,1,6
202100046739,2021-03-05 08:20:00,2021,3,5,8,20,85,85191,Rue du Président de Gaulle,46.67137,-1.42117,Plein jour,En agglomération,Intersection en X,Normale,Deux véhicules - côté,4,2,0,0,2,1,1,0,1,50,,2,1,0,1,0,21.0,35.0,,,1,2,2,1,3
202100046740,2021-03-23 08:40:00,2021,3,23,8,40,85,85191,D160,46.68461,-1.38495,Plein jour,Hors agglomération,Hors intersection,Normale,Trois véhicules et plus - en chaîne,3,2,2,0,1,1,1,0,1,80,,3,2,0,0,1,61.0,60.0,,,1,1,1,1,4
202100046741,2021-03-20 19:10:00,2021,3,20,19,10,76,76540,RONDEAUX. AVENUE JEAN,49.4296,1.0717,Plein jour,En agglomération,Hors intersection,Normale,Autre collision,7,2,6,3,1,1,1,-1,1,50,,2,1,0,0,1,47.0,,,,1,2,1,1,6
202100046742,2021-03-13 09:30:00,2021,3,13,9,30,76,76108,HAIE. RUE DE LA,49.4652310612,1.112713775,Plein jour,En agglomération,Hors intersection,Pluie légère,Sans collision,4,2,2,0,1,1,2,0,4,50,,2,0,0,1,1,84.0,,,,1,2,1,2,7
202100046743,2021-03-16 16:20:00,2021,3,16,16,20,76,76540,GRAND MARE. AVENUE DE LA,49.460334,1.133114,Plein jour,En agglomération,Hors intersection,Pluie légère,Deux véhicules - frontale,7,2,2,0,2,1,2,0,1,30,,2,1,0,0,1,,70.0,,,1,2,1,2,1
202100046744,2021-03-23 17:00:00,2021,3,23,17,0,72,72181,RIBAY (RUE DU),48.01437,0.15864,Plein jour,En agglomération,Hors intersection,Normale,Deux véhicules - côté,4,2,2,0,1,1,1,0,1,50,,2,1,0,0,1,19.0,62.0,,,1,2,1,1,3
202100046745,2021-03-16 08:25:00,2021,3,16,8,25,70,70550,SAINT GEORGES (RUE),47.62394,6.1595,Plein jour,En agglomération,Hors intersection,Normale,Autre collision,4,1,1,0,2,1,1,0,1,50,,2,1,0,0,1,44.0,,,,1,2,1,1,6
202100046746,2021-03-10 13:55:00,2021,3,10,13,55,70,70550,VERDUN (RUE),47.61795,6.1581,Plein jour,En agglomération,Intersection en X,Normale,Deux véhicules - côté,4,2,2,0,1,1,1,5,1,50,,2,0,0,0,2,27.0,17.0,,,1,2,2,1,3
202100046747,2021-03-24 23:39:00,2021,3,24,23,39,69,69275,JEAN JAURES (AV),45.7699851862,4.9527901411,Nuit avec éclairage allumé,En agglomération,Passage à niveau,Normale,Autre collision,7,3,2,0,1,1,1,4,6,50,,3,2,0,0,1,21.0,,,,5,2,8,1,6
202100046748,2021-03-24 16:00:00,2021,3,24,16,0,69,69264,DESMOULINS CAMILLE (R),45.994695152,4.739315629,Plein jour,En agglomération,Intersection en T,Normale,Deux véhicules - côté,4,2,2,0,1,1,1,5,1,50,,2,1,0,0,1,23.0,15.0,,,1,2,3,1,3
202100046749,2021-03-24 19:50:00,2021,3,24,19,50,64,64445,GASSIOT,43.29831,-0.37132,Nuit avec éclairage allumé,En agglomération,Intersection en T,Normale,Deux véhicules - côté,4,1,1,0,1,1,1,0,1,30,,2,1,0,0,1,22.0,30.0,,,5,2,3,1,3
202100046750,2021-03-24 07:00:00,2021,3,24,7,0,62,62617,BLUM (RUE LEON),50.47764,2.67789,Crépuscule ou aube,En agglomération,Giratoire,Normale,Sans collision,4,2,-1,0,1,1,1,0,1,-1,,1,0,0,0,1,31.0,,,,2,2,6,1,7
202100046751,2021-03-24 15:05:00,2021,3,24,15,5,59,59368,REPUBLIQUE AV DE LA ( N°501-825),50.64919,3.07874,Plein jour,En agglomération,Intersection en X,Temps éblouissant,Autre collision,7,1,0,0,1,1,1,0,1,50,,2,1,0,0,1,48.0,,,,1,2,2,7,6
202100046752,2021-03-19 17:00:00,2021,3,19,17,0,59,59155,PASTEUR,51.01873,2.37937,Plein jour,En agglomération,Autre intersection,Normale,Autre collision,3,1,1,0,1,1,1,0,1,50,,2,1,0,1,0,33.0,,,,1,2,9,1,6
202100046753,2021-03-23 12:25:00,2021,3,23,12,25,57,57463,MIXTE (PONT ),49.13464,6.17669,Plein jour,En agglomération,Intersection en Y,Normale,Deux véhicules - côté,7,2,2,0,2,1,1,0,1,50,,2,1,0,1,0,29.0,30.0,,,1,2,4,1,3
202100046754,2021-03-24 17:00:00,2021,3,24,17,0,51,51454,Rue de Venise,49.2464529106,4.0316386922,Plein jour,En agglomération,Hors intersection,Normale,Deux véhicules - arrière,4,1,2,0,1,1,1,0,1,50,,2,1,0,0,1,61.0,30.0,,,1,2,1,1,2
202100046755,2021-03-24 14:50:00,2021,3,24,14,50,51,51108,Rue Etienne Oehmichen,48.9493862988,4.3411262126,Plein jour,En agglomération,Intersection en X,Normale,Deux véhicules - côté,4,2,2,0,1,1,1,0,1,50,,2,1,0,1,0,35.0,20.0,,,1,2,2,1,3
202100046756,2021-02-02 15:05:00,2021,2,2,15,5,42,42218,Rue Benoit Malon,45.4426275764,4.3821565658,Plein jour,En agglomération,Intersection en X,Normale,Deux véhicules - côté,4,1,1,0,1,1,1,0,1,50,,2,1,0,0,1,20.0,48.0,,,1,2,2,1,3
202100046757,2021-03-23 17:15:00,2021,3,23,17,15,37,37261,FRANCE (PLACE ANATOLE),47.3966817456,0.6861305236,Plein jour,En agglomération,Hors intersection,Normale,Sans collision,4,-1,2,0,1,1,1,0,4,50,,2,1,0,0,1,16.0,12.0,,,1,2,1,1,7
202100046758,2021-03-22 17:30:00,2021,3,22,17,30,37,37261,NIESSEL (AVENUE DU GENERAL),47.3638100628,0.6969374041,Plein jour,En agglomération,Hors intersection,Normale,Deux véhicules - arrière,4,2,2,0,1,1,1,0,1,50,,2,1,0,0,1,,55.0,,,1,2,1,1,2
202100046759,2021-03-23 18:10:00,2021,3,23,18,10,34,34172,PONT JUVENAL (AVENUE DU),43.60699,3.88313,Plein jour,En agglomération,Hors intersection,Normale,Deux véhicules - frontale,4,3,2,0,2,3,1,1,1,50,,2,1,0,0,1,43.0,37.0,,,1,2,1,1,1
202100046760,2021-03-24 13:55:00,2021,3,24,13,55,31,31555,PECH (RUE DU) DU 6AU 60,43.59276,1.41237,Plein jour,En agglomération,Intersection en T,Normale,Deux véhicules - côté,4,1,1,0,1,1,1,0,1,50,,3,2,0,0,1,44.0,34.0,,,1,2,3,1,3
202100046761,2021-03-24 15:20:00,2021,3,24,15,20,28,28134,PASTRE (RUE),48.7343162063,1.3731864095,Plein jour,En agglomération,Intersection en X,Normale,Deux véhicules - frontale,4,1,2,0,2,1,1,0,1,50,,2,1,0,0,1,14.0,65.0,,,1,2,2,1,1
202100046762,2021-03-24 11:25:00,2021,3,24,11,25,26,26198,Rue Charles Chabert,44.558165,4.745316,Plein jour,En agglomération,Intersection en X,Normale,Deux véhicules - côté,4,1,1,0,1,1,1,0,1,30,,2,1,0,0,1,34.0,26.0,,,1,2,2,1,3
202100046763,2021-03-24 15:10:00,2021,3,24,15,10,24,24037,GAMBETTA (PLACE),44.84372,0.49286,Plein jour,En agglomération,Hors intersection,Normale,Autre collision,4,1,1,0,1,1,1,0,1,50,,2,1,0,1,0,89.0,,,,1,2,1,1,6
202100046764,2021-03-24 17:45:00,2021,3,24,17,45,17,17300,116 PK RN137 ROCHEFORT JUSTICE,46.17392,-1.201954,Plein jour,Hors agglomération,Hors intersection,Normale,Deux véhicules - côté,2,3,4,0,1,1,1,0,1,90,,2,1,0,0,1,65.0,26.0,,,1,1,1,1,3
202100046765,2021-03-23 08:05:00,2021,3,23,8,5,14,14030,Rue de l’Abbaye,49.20366,-0.42207,Plein jour,En agglomération,Hors intersection,Normale,Deux véhicules - côté,3,2,2,0,1,1,1,0,1,50,,2,1,0,0,1,58.0,44.0,,,1,2,1,1,3
202100046766,2021-03-24 13:30:00,2021,3,24,13,30,13,13201,HENRI BARBUSSE (RUE),43.2970441863,5.3742201626,Plein jour,En agglomération,Intersection en T,Normale,Deux véhicules - côté,4,2,2,0,4,2,1,0,1,50,,2,1,0,0,1,68.0,29.0,,,1,2,3,1,3
202100046767,2021-03-24 12:30:00,2021,3,24,12,30,13,13211,VALENTINE (ROUTE DE LA),43.2901752356,5.4712360875,Plein jour,En agglomération,Hors intersection,Normale,Deux véhicules - arrière,4,2,2,0,1,1,1,0,1,50,,2,1,0,0,1,39.0,26.0,,,1,2,1,1,2
202100046768,2021-03-24 10:20:00,2021,3,24,10,20,13,13215,AMPERE (BOULEVARD),43.33951,5.3726,Plein jour,En agglomération,Giratoire,Normale,Deux véhicules - côté,4,1,2,0,1,1,1,5,1,30,,2,1,1,0,0,49.0,25.0,,,1,2,6,1,3
202100046769,2021-03-24 07:35:00,2021,3,24,7,35,13,13208,MONTREDON (AVENUE DE),43.24,5.37,Plein jour,En agglomération,Intersection en T,Normale,Deux véhicules - frontale,4,2,2,0,1,1,1,0,1,50,,3,2,0,1,0,68.0,19.0,,,1,2,3,1,1
202100046770,2021-03-23 18:05:00,2021,3,23,18,5,13,13075,L'ENJOLRAS (AVE DE),43.3376,5.45281,Crépuscule ou aube,En agglomération,Intersection en T,Normale,Deux véhicules - côté,7,2,2,0,1,1,1,0,1,50,,2,1,0,0,1,37.0,33.0,,,2,2,3,1,3
202100046771,2021-03-24 16:50:00,2021,3,24,16,50,13,13001,EGUILLES (ROUTE D'),43.5419706408,5.4056230058,Plein jour,Hors agglomération,Hors intersection,Normale,Autre collision,7,2,2,1,2,1,1,8,5,50,,2,1,0,1,0,84.0,,,,1,1,1,1,6