accident_id,datetime,annee,mois,jour,heure,minute,departement,commune_insee,adresse,latitude,longitude,luminosite,agglomeration,intersection,meteo,collision,catr,circ,nbv,vosp,prof,plan,surf,infra,situ,vma,nb_vehicules,nb_usagers,nb_indemnes,nb_tues,nb_blesses_hosp,nb_blesses_legers,age_cond_1,age_cond_2,veh_type_cond_1,veh_type_cond_2,lum_code,agg_code,int_code,atm_code,col_code
202100046772,2021-03-24 10:00:00,2021,3,24,10,0,09,09122,SIBIAN (AVENUE DE),42.96536,1.59494,Plein jour,En agglomération,Hors intersection,Normale,Deux véhicules - côté,3,1,0,0,2,1,1,0,1,50,,2,0,0,0,2,20.0,52.0,,,1,2,1,1,3
202100046773,2021-03-24 12:10:00,2021,3,24,12,10,06,06088,SMOLETT (R.),43.701694,7.289804,Plein jour,En agglomération,Intersection en X,Normale,Deux véhicules - côté,4,1,1,0,1,1,1,0,1,30,,2,0,0,1,1,26.0,48.0,,,1,2,2,1,3
202100046774,2021-03-23 18:05:00,2021,3,23,18,5,06,06030,ROOSEVELT (AVENUE FRANKLIN)CANNET,43.57752,6.99818,Crépuscule ou aube,En agglomération,Autre intersection,Normale,Autre collision,4,-1,2,0,1,1,1,0,1,50,,2,1,0,1,0,18.0,,,,2,2,9,1,6
202100046775,2021-03-23 15:00:00,2021,3,23,15,0,75,75112,PORTE DE CHARENTON,48.831344,2.404078,Plein jour,En agglomération,Hors intersection,Normale,Trois véhicules et plus - en chaîne,4,1,4,0,1,1,1,1,1,70,,3,2,0,0,1,25.0,37.0,,,1,2,1,1,4
202100046776,2021-03-23 12:50:00,2021,3,23,12,50,75,75112,ECHANGEUR BERCY,48.826891,2.389731,Plein jour,En agglomération,Intersection en Y,Normale,Deux véhicules - côté,4,1,2,0,3,3,1,0,1,50,,2,1,0,0,1,51.0,34.0,,,1,2,4,1,3
202100046777,2021-03-24 20:00:00,2021,3,24,20,0,75,75120,RUE DES FOUGERES,48.873387,2.410265,Nuit avec éclairage allumé,En agglomération,Intersection en T,Normale,Deux véhicules - frontale,4,1,1,1,2,1,1,-1,5,50,,2,1,0,0,1,,49.0,,,5,2,3,1,1
202100046778,2021-03-24 08:30:00,2021,3,24,8,30,75,75117,BOULEVARD PEREIRE,48.88784,2.307088,Nuit avec éclairage allumé,En agglomération,Intersection en X,Normale,Deux véhicules - côté,4,1,1,0,1,1,1,0,1,50,,2,1,0,1,0,,25.0,,,5,2,2,1,3
202100046779,2021-03-23 10:55:00,2021,3,23,10,55,75,75117,RUE BOURSAULT,48.884076,2.319899,Plein jour,En agglomération,Hors intersection,Normale,Autre collision,4,1,1,0,1,1,1,0,1,30,,2,1,0,0,1,52.0,,,,1,2,1,1,6
202100046780,2021-03-24 08:00:00,2021,3,24,8,0,75,75116,RUE DE LONGCHAMP,48.867625,2.277017,Plein jour,En agglomération,Intersection en X,Normale,Autre collision,4,3,2,0,2,1,1,0,1,50,,2,1,0,0,1,41.0,,,,1,2,2,1,6
202100046781,2021-03-23 16:25:00,2021,3,23,16,25,75,75116,ALLEE DE LONGCHAMP,48.874927,2.271105,Plein jour,En agglomération,Intersection en X,Normale,Deux véhicules - côté,4,2,0,0,1,1,1,0,1,50,,2,1,0,0,1,20.0,54.0,,,1,2,2,1,3
202100046782,2021-03-23 11:45:00,2021,3,23,11,45,75,75116,RUE OCTAVE FEUILLET,48.8623762066,2.2706119716,Plein jour,En agglomération,Intersection en X,Normale,Deux véhicules - côté,4,1,1,0,1,1,1,0,1,50,,2,1,0,0,1,,,,,1,2,2,1,3
202100046783,2021-03-24 10:55:00,2021,3,24,10,55,75,75115,BOULEVARD PASTEUR,48.841518,2.314018,Plein jour,En agglomération,Intersection en X,Normale,Autre collision,4,1,1,1,2,1,1,-1,5,50,,1,0,0,0,1,67.0,,,,1,2,2,1,6
202100046784,2021-03-24 13:20:00,2021,3,24,13,20,75,75115,RUE DE LA CONVENTION,48.837232,2.296436,Plein jour,En agglomération,Intersection en X,Normale,Deux véhicules - côté,4,2,3,0,2,1,1,0,1,50,,2,1,0,0,1,26.0,57.0,,,1,2,2,1,3
202100046785,2021-03-24 06:45:00,2021,3,24,6,45,75,75114,BOULEVARD JOURDAN,48.820548,2.337422,Crépuscule ou aube,En agglomération,Hors intersection,Normale,Autre collision,4,1,2,0,2,1,1,0,1,50,,2,1,0,0,1,33.0,,,,2,2,1,1,6
202100046786,2021-03-24 16:55:00,2021,3,24,16,55,75,75113,BOULEVARD DU GENERAL JEAN SIMON,48.824176,2.376809,Plein jour,En agglomération,Intersection en X,Normale,Deux véhicules - côté,4,1,2,0,1,1,1,0,1,50,,2,1,0,0,1,29.0,24.0,,,1,2,2,1,3
202100046787,2021-03-24 06:10:00,2021,3,24,6,10,75,75113,BOULEVARD MASSENA,48.822681,2.372855,Crépuscule ou aube,En agglomération,Intersection en Y,Normale,Sans collision,4,3,4,0,2,1,1,0,1,50,,1,0,0,0,1,29.0,,,,2,2,4,1,7
202100046788,2021-03-24 19:15:00,2021,3,24,19,15,75,75112,AVENUE DAUMESNIL,48.844831,2.380447,Nuit avec éclairage allumé,En agglomération,Intersection en Y,Normale,Deux véhicules - côté,4,2,2,1,1,1,1,-1,5,50,,2,1,0,0,1,,57.0,,,5,2,4,1,3
202100046789,2021-03-24 13:40:00,2021,3,24,13,40,75,75112,COURS DE VINCENNES,48.8468962641,2.411160463,Plein jour,En agglomération,Intersection en X,Normale,Deux véhicules - arrière,4,3,2,0,1,2,1,0,1,50,,2,1,0,0,1,25.0,29.0,,,1,2,2,1,2
202100046790,2021-03-24 12:00:00,2021,3,24,12,0,75,75109,RUE LA FAYETTE,48.872944,2.333245,Plein jour,En agglomération,Intersection à plus de 4 branches,Temps éblouissant,Autre collision,4,1,2,1,1,1,1,0,1,50,,2,0,0,0,2,26.0,,,,1,2,5,7,6
202100046791,2021-03-24 18:05:00,2021,3,24,18,5,75,75104,RUE SAINT ANTOINE,48.854776,2.362418,Plein jour,En agglomération,Intersection en T,Normale,Deux véhicules - frontale,4,2,4,2,1,3,1,-1,5,30,,2,0,0,0,2,45.0,45.0,,,1,2,3,1,1
202100046792,2021-03-24 16:56:00,2021,3,24,16,56,75,75103,RUE DUPETIT THOUARS,48.865144,2.362245,Plein jour,En agglomération,Intersection en T,Normale,Deux véhicules - frontale,4,1,1,2,1,1,1,-1,5,30,,2,1,0,0,1,33.0,38.0,,,1,2,3,1,1
202100046793,2021-03-24 12:55:00,2021,3,24,12,55,75,75103,RUE DE TURBIGO,48.8654593987,2.3560798849,Crépuscule ou aube,En agglomération,Intersection en X,Normale,Autre collision,4,1,2,1,1,1,1,-1,5,50,,2,1,0,0,1,,,,,2,2,2,1,6
202100046794,2021-03-03 20:40:00,2021,3,3,20,40,94,94080,PARIS (AV DE),48.845005,2.434286,Nuit avec éclairage allumé,En agglomération,Hors intersection,Normale,Deux véhicules - côté,3,2,4,0,1,1,1,0,1,50,,2,1,0,0,1,30.0,,,,5,2,1,1,3
202100046795,2021-03-24 17:20:00,2021,3,24,17,20,94,94021,PETIT LEROY (R DU),48.76742,2.3598,Plein jour,En agglomération,Autre intersection,Normale,Autre collision,4,2,2,0,1,1,1,0,1,30,,2,1,0,0,1,50.0,,,,1,2,9,1,6
202100046796,2021-03-24 12:00:00,2021,3,24,12,0,94,94033,MARECHAL JOFFRE (AV DU),48.85295,2.48408,Plein jour,En agglomération,Autre intersection,Normale,Autre collision,6,-1,0,3,1,1,1,9,6,10,,2,1,1,0,0,33.0,,,,1,2,9,1,6
202100046797,2021-03-24 17:40:00,2021,3,24,17,40,94,94077,POINCARE (AV),48.7344,2.41946,Plein jour,En agglomération,Hors intersection,Normale,Deux véhicules - côté,4,1,1,0,1,1,1,0,1,30,,2,1,0,0,1,17.0,38.0,,,1,2,1,1,3
202100046798,2021-03-24 18:22:00,2021,3,24,18,22,94,94022,REPUBLIQUE (AV DE LA),48.759775,2.408577,Plein jour,En agglomération,Hors intersection,Normale,Deux véhicules - arrière,3,1,2,0,1,1,1,0,1,50,,4,1,0,0,3,32.0,,,,1,2,1,1,2
202100046799,2021-03-24 12:50:00,2021,3,24,12,50,94,94077,Rue des Carriéres Morillon,48.72956,2.43621,Plein jour,En agglomération,Hors intersection,Temps éblouissant,Sans collision,4,2,2,0,1,2,1,9,1,50,,1,0,0,1,0,40.0,,,,1,2,1,7,7
202100046800,2021-03-23 17:15:00,2021,3,23,17,15,94,94022,Avenue d’Alfortville,48.770691,2.413664,Plein jour,En agglomération,Autre intersection,Normale,Trois véhicules et plus - en chaîne,3,2,2,0,1,1,1,0,1,50,,3,2,0,0,1,,46.0,,,1,2,9,1,4
202100046801,2021-03-24 18:28:00,2021,3,24,18,28,93,93070,JEAN-JAURES (BD),48.913101135,2.3351097107,Plein jour,En agglomération,Hors intersection,Normale,Autre collision,3,3,2,0,1,1,1,0,1,50,,2,1,0,0,1,26.0,,,,1,2,1,1,6
202100046802,2021-03-24 12:45:00,2021,3,24,12,45,93,93077,GRANDE RUE,48.88259,2.51822,Plein jour,En agglomération,Intersection en X,Normale,Deux véhicules - côté,3,2,2,0,1,1,1,0,1,50,,2,1,0,0,1,52.0,27.0,,,1,2,2,1,3
202100046803,2021-03-24 18:07:00,2021,3,24,18,7,93,93051,MEDERIC (AVENUE),48.83012,2.5604,Plein jour,En agglomération,Hors intersection,Normale,Autre collision,4,2,2,0,1,1,1,0,1,50,,4,3,0,0,1,50.0,,,,1,2,1,1,6
202100046804,2021-03-24 09:45:00,2021,3,24,9,45,93,93051,RU DE NESLE (BOULEVARD),48.83025,2.58481,Plein jour,En agglomération,Intersection en X,Normale,Deux véhicules - côté,3,2,3,0,1,1,1,0,1,50,,2,1,0,0,1,66.0,21.0,,,1,2,2,1,3
202100046805,2021-03-24 12:50:00,2021,3,24,12,50,93,93050,PINSONS (RUE),48.87158,2.53131,Plein jour,En agglomération,Intersection en T,Normale,Deux véhicules - côté,4,2,2,0,1,1,1,0,1,50,,2,1,0,0,1,25.0,47.0,,,1,2,3,1,3
202100046806,2021-03-24 07:43:00,2021,3,24,7,43,93,93063,JAURES RUE JEAN,48.8770009682,2.4489748478,Plein jour,En agglomération,Autre intersection,Normale,Autre collision,4,1,1,0,1,1,1,9,1,50,,2,1,0,0,1,36.0,,,,1,2,9,1,6
202100046807,2021-03-23 17:00:00,2021,3,23,17,0,93,93029,HENRI BARBUSSE (AVE) N°2-124,48.9173716653,2.4463261626,Plein jour,En agglomération,Hors intersection,Normale,Autre collision,3,2,2,0,1,1,1,0,1,50,,2,1,0,0,1,26.0,,,,1,2,1,1,6
202100046808,2021-03-24 16:10:00,2021,3,24,16,10,93,93014,MAURICE AUDIN (ALLEE),48.9085817364,2.5450769974,Plein jour,En agglomération,Intersection en X,Normale,Deux véhicules - côté,4,1,1,0,2,1,1,0,1,50,,3,2,0,0,1,,35.0,,,1,2,2,1,3
202100046809,2021-03-24 15:15:00,2021,3,24,15,15,93,93001,REPUBLIQUE (AVE DE LA ) => NO 41/50,48.9121752435,2.3837490489,Plein jour,En agglomération,Hors intersection,Normale,Autre collision,3,1,1,0,1,1,1,9,1,10,,2,1,0,0,1,62.0,,,,1,2,1,1,6
202100046810,2021-03-24 17:25:00,2021,3,24,17,25,92,92073,PONT DE SURESNES,48.8669915941,2.2291007638,Plein jour,En agglomération,Hors intersection,Normale,Deux véhicules - arrière,3,3,6,0,2,1,1,2,1,50,,3,1,0,0,2,29.0,20.0,,,1,2,1,1,2
202100046811,2021-03-24 15:15:00,2021,3,24,15,15,92,92035,République ( boulevard de la ),48.907014498,2.2434478998,Plein jour,En agglomération,Intersection en X,Normale,Autre collision,3,2,2,0,1,1,1,0,1,50,,2,1,0,0,1,59.0,,,,1,2,2,1,6
202100046812,2021-03-24 15:45:00,2021,3,24,15,45,92,92026,VERDUN (DE 01 A 61),48.9007562968,2.2604594461,Plein jour,En agglomération,Hors intersection,Normale,Autre collision,3,1,2,0,1,1,1,0,1,50,,2,1,0,0,1,34.0,,,,1,2,1,1,6
202100046813,2021-03-24 08:00:00,2021,3,24,8,0,92,92024,CLICHY (QUAI DE) DE (8 A 60),48.91204,2.31043,Plein jour,En agglomération,Intersection en T,Normale,Deux véhicules - côté,3,3,4,0,1,1,1,0,1,50,,2,1,0,0,1,45.0,27.0,,,1,2,3,1,3
202100046814,2021-03-25 11:20:00,2021,3,25,11,20,43,43117,N102,45.238091,3.459878,Plein jour,Hors agglomération,Hors intersection,Normale,Deux véhicules - côté,2,3,2,0,4,1,1,0,1,80,,2,1,1,0,0,31.0,35.0,,,1,1,1,1,3
202100046815,2021-03-24 06:45:00,2021,3,24,6,45,34,34042,D986,43.877046,3.742476,Crépuscule ou aube,Hors agglomération,Hors intersection,Normale,Autre collision,3,2,2,0,4,2,7,0,3,90,,1,0,0,1,0,47.0,,,,2,1,1,1,6
202100046816,2021-03-25 05:15:00,2021,3,25,5,15,60,60257,Rue du 11 Novembre 1918,49.252022,1.988107,Nuit sans éclairage public,En agglomération,Hors intersection,Pluie légère,Autre collision,4,2,2,0,1,1,2,0,3,80,,1,0,1,0,0,46.0,,,,3,2,1,2,6
202100046817,2021-03-25 07:10:00,2021,3,25,7,10,67,67084,D203,48.344479,7.382496,Plein jour,Hors agglomération,Intersection en T,Normale,Deux véhicules - arrière,3,2,2,0,1,1,1,5,1,80,,2,1,0,0,1,29.0,52.0,,,1,1,3,1,2
202100046818,2021-03-23 16:50:00,2021,3,23,16,50,974,97412,Rue Hippolyte Foucque,-21.374799,55.626274,Plein jour,En agglomération,Hors intersection,Normale,Deux véhicules - frontale,4,2,2,0,2,1,1,0,1,50,,2,1,0,0,1,17.0,,,,1,2,1,1,1
202100046819,2021-03-24 16:00:00,2021,3,24,16,0,42,42253,Route de Combray,46.044214,3.997607,Plein jour,En agglomération,Intersection en X,Temps éblouissant,Deux véhicules - côté,3,2,2,0,1,1,1,5,1,70,,2,1,0,1,0,15.0,35.0,,,1,2,2,7,3
202100046820,2021-03-24 19:15:00,2021,3,24,19,15,83,83070,Avenue du Levant,43.150182,6.403184,Nuit avec éclairage allumé,Hors agglomération,Hors intersection,Normale,Deux véhicules - frontale,3,2,2,0,1,1,1,0,1,70,,2,1,0,1,0,55.0,69.0,,,5,1,1,1,1
202100046821,2021-03-24 18:30:00,2021,3,24,18,30,74,74043,Av du Saleve,46.261829,6.356846,Plein jour,Hors agglomération,Intersection en X,Normale,Autre collision,3,2,2,0,2,3,1,0,1,80,,2,1,0,0,1,32.0,66.0,,,1,1,2,1,6
202100046822,2021-03-24 14:45:00,2021,3,24,14,45,19,19135,D982,45.51014,2.306818,Plein jour,Hors agglomération,Intersection en T,Temps éblouissant,Trois véhicules et plus - collisions multiples,3,2,2,0,2,1,1,0,1,90,,3,2,0,1,0,67.0,62.0,,,1,1,3,7,5
202100046823,2021-03-25 05:35:00,2021,3,25,5,35,78,78291,190 Route Nationale 113,48.970633,1.740341,Nuit sans éclairage public,Hors agglomération,Hors intersection,Pluie légère,Deux véhicules - frontale,3,2,2,1,1,1,2,0,1,80,,2,1,1,0,0,50.0,39.0,,,3,1,1,2,1
202100046824,2021-03-24 07:40:00,2021,3,24,7,40,31,31541,route de Toulouse,43.680482,1.36275,Plein jour,En agglomération,Giratoire,Normale,Autre collision,7,2,2,0,1,1,1,5,1,50,,2,1,0,0,1,33.0,,,,1,2,6,1,6
202100046825,2021-03-25 13:15:00,2021,3,25,13,15,80,80620,D 937,49.934925,2.949958,Plein jour,Hors agglomération,Hors intersection,Normale,Deux véhicules - frontale,3,2,2,0,1,1,2,0,1,70,,3,0,0,3,0,53.0,25.0,,,1,1,1,1,1
202100046826,2021-03-24 05:45:00,2021,3,24,5,45,71,71191,D984,46.8175656141,4.5467948915,Crépuscule ou aube,Hors agglomération,Hors intersection,Normale,Autre collision,3,2,2,0,1,1,1,0,1,80,,1,0,0,1,0,44.0,,,,2,1,1,1,6
202100046827,2021-03-24 18:15:00,2021,3,24,18,15,61,61358,Route Départementale 238,48.73759,0.015342,Plein jour,Hors agglomération,Hors intersection,Normale,Sans collision,3,2,2,0,1,2,1,0,1,90,,1,0,0,1,0,21.0,,,,1,1,1,1,7
202100046828,2021-03-21 19:35:00,2021,3,21,19,35,42,42323,Avenue de la Libération,45.571627,4.273912,Nuit avec éclairage allumé,En agglomération,Intersection en X,Normale,Deux véhicules - côté,3,2,2,0,1,1,1,0,1,50,,2,1,0,1,0,41.0,31.0,,,5,2,2,1,3
202100046829,2021-03-24 18:25:00,2021,3,24,18,25,46,46127,Route du Mont Saint-jean,44.738454,1.373891,Plein jour,En agglomération,Hors intersection,Normale,Autre collision,4,2,2,0,1,3,1,0,1,50,,1,0,0,1,0,16.0,,,,1,2,1,1,6
202100046830,2021-03-22 17:20:00,2021,3,22,17,20,86,86083,RD 611,46.496849,0.200329,Plein jour,Hors agglomération,Hors intersection,Normale,Deux véhicules - frontale,3,2,2,0,1,1,1,0,1,90,,2,1,0,1,0,38.0,37.0,,,1,1,1,1,1
202100046831,2021-03-24 16:20:00,2021,3,24,16,20,68,68082,D2,47.867948,7.360883,Plein jour,Hors agglomération,Giratoire,Normale,Deux véhicules - côté,3,3,2,0,1,1,1,5,1,50,,2,1,0,0,1,55.0,,,,1,1,6,1,3
202100046832,2021-03-23 23:43:00,2021,3,23,23,43,44,44152,56 Hessin,47.467031,-2.005214,Nuit sans éclairage public,Hors agglomération,Hors intersection,Normale,Autre collision,3,2,2,0,1,1,1,0,3,-1,,1,0,0,1,0,50.0,,,,3,1,1,1,6
202100046833,2021-03-23 19:30:00,2021,3,23,19,30,44,44213,D752,47.378563,-1.026278,Nuit avec éclairage non allumé,Hors agglomération,Hors intersection,Normale,Deux véhicules - frontale,3,2,2,0,1,2,1,0,1,80,,4,0,0,0,4,27.0,35.0,,,4,1,1,1,1
202100046834,2021-03-24 18:35:00,2021,3,24,18,35,02,02361,D960,49.906137,3.599042,Plein jour,Hors agglomération,Hors intersection,Normale,Deux véhicules - côté,3,2,2,0,1,1,1,0,1,80,,2,1,0,0,1,,18.0,,,1,1,1,1,3
202100046835,2021-03-25 11:55:00,2021,3,25,11,55,50,50467,D42,49.497817,-1.360288,Plein jour,Hors agglomération,Hors intersection,Normale,Sans collision,3,2,2,0,1,2,1,0,8,80,,1,0,0,1,0,26.0,,,,1,1,1,1,7
202100046836,2021-03-24 09:40:00,2021,3,24,9,40,10,10019,pk 12 D100,48.394718,4.366379,Plein jour,Hors agglomération,Intersection en X,Normale,Deux véhicules - côté,3,2,2,0,2,1,1,5,1,80,,4,2,0,1,1,40.0,60.0,,,1,1,2,1,3
202100046837,2021-03-25 02:00:00,2021,3,25,2,0,16,16195,Route de Boistizon,45.861538,0.461552,Nuit avec éclairage allumé,Hors agglomération,Hors intersection,Normale,Autre collision,3,2,2,0,2,4,1,0,3,70,,3,1,0,1,1,21.0,,,,5,1,1,1,6
202100046838,2021-03-25 17:40:00,2021,3,25,17,40,07,07349,Rue Colette,44.812813,4.791525,Plein jour,En agglomération,Intersection en T,Normale,Autre collision,4,1,1,0,1,1,1,0,1,30,,2,1,0,1,0,47.0,,,,1,2,3,1,6
202100046839,2021-03-19 02:00:00,2021,3,19,2,0,40,40150,LARAOU,43.820711,-1.256078,Nuit sans éclairage public,Hors agglomération,Hors intersection,Normale,Autre collision,3,2,2,0,1,1,1,0,1,80,,1,0,0,1,0,36.0,,,,3,1,1,1,6
202100046840,2021-03-24 17:50:00,2021,3,24,17,50,17,17203,Route départementale D112,46.073376,-0.871565,Plein jour,Hors agglomération,Intersection en T,Normale,Deux véhicules - arrière,3,2,2,0,1,1,1,5,1,80,,2,1,1,0,0,15.0,40.0,,,1,1,3,1,2
202100046841,2021-03-24 17:50:00,2021,3,24,17,50,37,37097,RD95 - PK13+400,47.1634876241,0.890548451,Plein jour,En agglomération,Intersection en X,Normale,Deux véhicules - arrière,3,2,2,0,1,1,1,0,1,50,,2,1,0,1,0,60.0,13.0,,,1,2,2,1,2
202100046842,2021-03-24 15:07:00,2021,3,24,15,7,973,97309,Avenue Just Auguste,4.893486,-52.273808,Plein jour,En agglomération,Intersection en T,Normale,Deux véhicules - frontale,3,2,2,0,1,1,1,0,1,50,,2,1,0,1,0,14.0,71.0,,,1,2,3,1,1
202100046843,2021-03-25 09:30:00,2021,3,25,9,30,37,37226,avenue du Général de Gaulle,47.1154704125,0.6187105411,Plein jour,En agglomération,Giratoire,Normale,Deux véhicules - côté,3,2,2,0,2,1,1,0,1,50,,3,1,1,1,0,47.0,50.0,,,1,2,6,1,3
202100046844,2021-03-24 12:42:00,2021,3,24,12,42,34,34329,D 64,43.250611,3.257189,Plein jour,Hors agglomération,Hors intersection,Normale,Deux véhicules - arrière,3,2,2,0,1,1,1,0,1,90,,2,1,0,1,0,52.0,49.0,,,1,1,1,1,2
202100046845,2021-03-25 18:50:00,2021,3,25,18,50,04,04143,RD 4 / ch des buissonnades,43.884795,5.908413,Crépuscule ou aube,Hors agglomération,Intersection en X,Normale,Deux véhicules - côté,3,2,2,0,1,1,1,0,1,80,,4,0,0,0,4,21.0,21.0,,,2,1,2,1,3
202100046846,2021-03-25 09:00:00,2021,3,25,9,0,13,13034,D74a,43.770016,4.957107,Plein jour,Hors agglomération,Hors intersection,Normale,Deux véhicules - côté,3,2,2,0,2,3,1,0,1,80,,3,0,0,1,2,53.0,64.0,,,1,1,1,1,3
202100046847,2021-03-24 16:30:00,2021,3,24,16,30,13,13035,Avenue Rene Cassin,43.688391,5.03596,Plein jour,En agglomération,Intersection en T,Normale,Deux véhicules - côté,7,3,2,0,1,1,1,0,1,50,,2,1,0,1,0,61.0,64.0,,,1,2,3,1,3
202100046848,2021-03-25 00:00:00,2021,3,25,0,0,42,42251,Route des Etangs,45.686555,4.256931,Nuit sans éclairage public,Hors agglomération,Hors intersection,Normale,Autre collision,3,2,2,0,1,3,1,2,1,80,,1,0,0,1,0,28.0,,,,3,1,1,1,6
202100046849,2021-03-24 11:30:00,2021,3,24,11,30,33,33243,Boulevard de Garderose,44.9030508084,-0.2222075062,Plein jour,En agglomération,Giratoire,Normale,Autre collision,4,2,2,0,1,1,1,0,1,50,,2,1,0,1,0,86.0,,,,1,2,6,1,6
202100046850,2021-03-24 15:30:00,2021,3,24,15,30,33,33449,Rue Maurice Lestage,44.881171,-0.697196,Plein jour,En agglomération,Giratoire,Normale,Deux véhicules - côté,4,2,2,0,1,2,1,9,1,30,,2,1,0,1,0,66.0,15.0,,,1,2,6,1,3
202100046851,2021-03-24 15:07:00,2021,3,24,15,7,33,33019,,44.730927,-0.89412,Plein jour,Hors agglomération,Hors intersection,Normale,Deux véhicules - côté,3,2,2,0,1,1,1,0,1,80,,2,1,0,1,0,48.0,26.0,,,1,1,1,1,3
202100046852,2021-03-10 07:50:00,2021,3,10,7,50,85,85092,Rond point de l'Europe,46.467416,-0.82508,Crépuscule ou aube,En agglomération,Giratoire,Temps couvert,Deux véhicules - côté,3,2,2,0,1,2,1,0,1,50,,2,1,0,1,0,66.0,58.0,,,2,2,6,8,3
202100046853,2021-03-24 04:15:00,2021,3,24,4,15,60,60398,146 Rue de la Libération,49.185571,2.285312,Nuit sans éclairage public,En agglomération,Hors intersection,Normale,Autre collision,3,2,2,0,2,1,1,0,1,50,,1,0,0,1,0,46.0,,,,3,2,1,1,6
202100046854,2021-03-25 14:00:00,2021,3,25,14,0,62,62073,D919,50.33534,2.841001,Plein jour,Hors agglomération,Hors intersection,Normale,Autre collision,3,2,2,0,2,1,1,2,1,80,,2,0,0,1,1,21.0,,,,1,1,1,1,6
202100046855,2021-03-24 08:15:00,2021,3,24,8,15,13,13210,A50-Sens Marseille vers Aubagne,43.2846410172,5.4071831703,Plein jour,Hors agglomération,Hors intersection,Normale,Deux véhicules - côté,1,1,3,0,1,1,1,0,1,90,,2,1,0,0,1,44.0,32.0,,,1,1,1,1,3
202100046856,2021-03-24 17:25:00,2021,3,24,17,25,33,33090,AUTOROUTE A 63,44.776458,-0.647425,Plein jour,Hors agglomération,Hors intersection,Normale,Deux véhicules - côté,1,3,4,0,1,1,1,0,1,110,,2,1,0,0,1,24.0,50.0,,,1,1,1,1,3
202100046857,2021-03-24 11:25:00,2021,3,24,11,25,33,33013,Route Nationale 89,44.868642,-0.501452,Plein jour,Hors agglomération,Hors intersection,Normale,Trois véhicules et plus - en chaîne,2,3,5,0,1,1,1,3,1,50,,3,1,0,0,2,32.0,26.0,,,1,1,1,1,4
202100046858,2021-03-24 14:50:00,2021,3,24,14,50,93,93010,AUTOROUTE A3,48.90625,2.47212,Plein jour,Hors agglomération,Hors intersection,Normale,Trois véhicules et plus - en chaîne,1,3,6,0,1,1,1,0,1,90,,3,2,0,0,1,26.0,59.0,,,1,1,1,1,4
202100046859,2021-01-15 14:47:00,2021,1,15,14,47,81,81004,Place du Maquis,43.92669,2.153464,Plein jour,En agglomération,Hors intersection,Pluie légère,Autre collision,4,2,2,0,1,1,2,0,1,50,,2,1,0,0,1,33.0,,,,1,2,1,2,6
202100046860,2021-03-24 07:50:00,2021,3,24,7,50,988,98818,RUE DU DOCTEUR ESCHEMBRENNER/RUEDU C.A. JOSEPH DU BOUZET,-22.26612,166.39787,Plein jour,En agglomération,Intersection en T,Normale,Autre collision,4,2,2,0,1,1,1,0,1,30,,2,1,0,0,1,30.0,,,,1,2,3,1,6
202100046861,2021-03-23 11:50:00,2021,3,23,11,50,976,97611,mamoudzou centre-Jardin du collège(rue d,-12.77936,45.22491,Plein jour,En agglomération,Hors intersection,Normale,Deux véhicules - arrière,4,2,0,0,1,1,1,0,1,50,,2,1,0,0,1,29.0,45.0,,,1,2,1,1,2
202100046862,2021-03-23 09:21:00,2021,3,23,9,21,974,97411,MALARTIC (RUE),-20.8886,55.4529,Plein jour,En agglomération,Hors intersection,Normale,Deux véhicules - côté,4,2,3,1,1,1,1,0,1,50,,2,1,0,0,1,73.0,71.0,,,1,2,1,1,3
202100046863,2021-03-21 09:00:00,2021,3,21,9,0,974,97411,KARTING (DU),-20.89393,55.50012,Plein jour,En agglomération,Hors intersection,Normale,Deux véhicules - arrière,4,1,2,2,1,1,1,0,1,30,,2,1,0,0,1,43.0,54.0,,,1,2,1,1,2
202100046864,2021-03-20 11:10:00,2021,3,20,11,10,69,69383,DAUPHINE (DU) (R),45.75379,4.87196,Plein jour,En agglomération,Intersection en T,Normale,Deux véhicules - côté,4,2,2,0,1,1,1,0,1,50,,2,1,0,0,1,43.0,27.0,,,1,2,3,1,3
202100046865,2021-03-23 08:30:00,2021,3,23,8,30,69,69199,LOUIS GIRARDET (R),45.7052484267,4.8554965111,Plein jour,En agglomération,Hors intersection,Normale,Deux véhicules - frontale,4,2,2,1,2,1,1,0,1,50,,2,1,0,0,1,39.0,27.0,,,1,2,1,1,1
202100046866,2021-03-23 07:40:00,2021,3,23,7,40,69,69383,FELIX FAURE (AV),45.75529,4.87268,Plein jour,En agglomération,Intersection en T,Normale,Deux véhicules - côté,4,2,2,3,1,1,1,0,1,50,,2,1,0,0,1,51.0,44.0,,,1,2,3,1,3
202100046867,2021-03-22 11:55:00,2021,3,22,11,55,972,97213,ROUTE DEPARTEMENTALE 3,14.6276642369,-60.9892702103,Plein jour,Hors agglomération,Giratoire,Normale,Deux véhicules - arrière,3,3,1,0,1,1,1,0,1,50,,2,1,0,0,1,59.0,83.0,,,1,1,6,1,2
202100046868,2021-03-23 05:50:00,2021,3,23,5,50,972,97209,NELSON MANDELA (BOULEVARD),14.6068,-61.05214,Crépuscule ou aube,En agglomération,Hors intersection,Normale,Autre collision,4,2,2,0,1,1,1,0,1,30,,1,0,0,0,1,21.0,,,,2,2,1,1,6