accident_id,datetime,annee,mois,jour,heure,minute,departement,commune_insee,adresse,latitude,longitude,luminosite,agglomeration,intersection,meteo,collision,catr,circ,nbv,vosp,prof,plan,surf,infra,situ,vma,nb_vehicules,nb_usagers,nb_indemnes,nb_tues,nb_blesses_hosp,nb_blesses_legers,age_cond_1,age_cond_2,veh_type_cond_1,veh_type_cond_2,lum_code,agg_code,int_code,atm_code,col_code
202100046869,2021-03-22 14:02:00,2021,3,22,14,2,69,69384,JACQUES LOUIS HENON (R),45.7796,4.8281,Plein jour,En agglomération,Hors intersection,Normale,Deux véhicules - côté,4,2,2,0,1,1,1,0,1,50,,2,1,0,0,1,53.0,74.0,,,1,2,1,1,3
202100046870,2021-03-20 18:10:00,2021,3,20,18,10,95,95572,BETHUNES (AVENUE DES),49.0378729193,2.1458368951,Plein jour,En agglomération,Hors intersection,Normale,Autre collision,4,3,2,1,1,1,1,0,1,50,,1,0,0,1,0,22.0,,,,1,2,1,1,6
202100046871,2021-03-23 17:50:00,2021,3,23,17,50,91,91589,AV GABRIEL PERI,48.69038,2.35215,Plein jour,En agglomération,Intersection en T,Normale,Deux véhicules - côté,4,2,1,0,1,1,1,0,1,50,,2,0,0,0,2,45.0,20.0,,,1,2,3,1,3
202100046872,2021-03-23 07:40:00,2021,3,23,7,40,91,91286,HENRI ROL TANGUY,48.65332,2.38749,Plein jour,En agglomération,Intersection en X,Normale,Deux véhicules - côté,4,2,2,0,1,1,1,0,1,50,,2,1,0,0,1,52.0,28.0,,,1,2,2,1,3
202100046873,2021-03-22 20:30:00,2021,3,22,20,30,91,91228,RTE NATIONALE 7,48.644374,2.422805,Nuit sans éclairage public,En agglomération,Hors intersection,Normale,Autre collision,3,3,4,1,1,1,1,3,1,50,,2,1,0,1,0,34.0,26.0,,,3,2,1,1,6
202100046874,2021-02-22 17:10:00,2021,2,22,17,10,89,89387,VERDUN (BOULEVARD DE),48.20458,3.28895,Plein jour,En agglomération,Hors intersection,Normale,Deux véhicules - côté,4,2,2,0,1,1,1,0,1,50,,3,1,0,1,1,34.0,18.0,,,1,2,1,1,3
202100046875,2021-03-23 08:49:00,2021,3,23,8,49,87,87048,REPUBLIQUE (RUE DE LA),45.79105,1.23425,Plein jour,En agglomération,Hors intersection,Normale,Autre collision,4,2,1,0,1,1,1,6,1,30,,2,1,0,1,0,39.0,,,,1,2,1,1,6
202100046876,2021-03-19 10:24:00,2021,3,19,10,24,87,87085,LECLERC (AVENUE DU GENERAL),45.84585,1.26059,Plein jour,En agglomération,Intersection en T,Pluie légère,Deux véhicules - arrière,4,2,3,3,2,1,2,0,1,50,,2,1,0,0,1,47.0,52.0,,,1,2,3,2,2
202100046877,2021-02-20 15:50:00,2021,2,20,15,50,86,86194,Boulevard Pont Achard,46.574769,0.3289,Plein jour,En agglomération,Hors intersection,Normale,Deux véhicules - côté,4,3,2,0,2,2,1,0,1,50,,4,3,0,1,0,32.0,42.0,,,1,2,1,1,3
202100046878,2021-03-23 11:00:00,2021,3,23,11,0,83,83137,NOGUES (AVE DU GENERAL),43.127793,5.920794,Plein jour,En agglomération,Hors intersection,Normale,Deux véhicules - arrière,4,1,2,0,2,1,1,0,1,50,,2,1,0,0,1,63.0,35.0,,,1,2,1,1,2
202100046879,2021-03-22 17:10:00,2021,3,22,17,10,83,83062,DRAGUIGNAN (AVENUE DE),43.13779,6.03366,Plein jour,Hors agglomération,Hors intersection,Normale,Trois véhicules et plus - collisions multiples,4,2,2,0,1,3,1,0,1,50,,4,1,0,2,1,,41.0,,,1,1,1,1,5
202100046880,2021-03-23 14:45:00,2021,3,23,14,45,83,83069,AEROPORT (AVENUE DE L'),43.09132,6.14257,Plein jour,En agglomération,Hors intersection,Normale,Deux véhicules - côté,7,2,0,1,1,1,1,0,5,50,,2,1,0,0,1,46.0,57.0,,,1,2,1,1,3
202100046881,2021-03-19 11:50:00,2021,3,19,11,50,80,80021,QUATORZE JUILLET 1789 (AVENUE DU),49.87137,2.28042,Plein jour,En agglomération,Hors intersection,Normale,Deux véhicules - arrière,4,3,4,0,1,1,1,0,1,50,,2,1,0,0,1,33.0,26.0,,,1,2,1,1,2
202100046882,2021-03-20 15:00:00,2021,3,20,15,0,80,80021,PAIX (AVENUE DE LA),49.91164,2.29651,Plein jour,En agglomération,Hors intersection,Normale,Autre collision,4,2,2,0,1,1,1,0,1,30,,2,1,0,0,1,62.0,,,,1,2,1,1,6
202100046883,2021-03-23 07:30:00,2021,3,23,7,30,80,80001,ROUVROY (de),50.1082951229,1.804933548,Plein jour,En agglomération,Hors intersection,Normale,Autre collision,3,2,2,0,1,1,1,0,1,50,,2,1,0,0,1,36.0,,,,1,2,1,1,6
202100046884,2021-03-23 08:55:00,2021,3,23,8,55,78,78367,MARE GRISEAU N°2 (RESIDENCE),48.88345,2.07173,Plein jour,En agglomération,Hors intersection,Normale,Autre collision,4,-1,1,0,2,1,1,0,1,50,,2,1,0,0,1,45.0,62.0,,,1,2,1,1,6
202100046885,2021-03-22 19:20:00,2021,3,22,19,20,77,77251,AV RENE CASSIN,48.62896,2.56692,Crépuscule ou aube,En agglomération,Hors intersection,Normale,Deux véhicules - frontale,3,2,2,0,2,1,1,0,1,50,,2,1,0,0,1,29.0,25.0,,,2,2,1,1,1
202100046886,2021-03-22 17:55:00,2021,3,22,17,55,77,77186,D301e2.gare thomery giratoire duchatel,48.3948,2.76064,Plein jour,Hors agglomération,Autre intersection,Normale,Trois véhicules et plus - collisions multiples,3,2,2,0,1,1,1,0,1,70,,3,1,0,0,2,56.0,52.0,,,1,1,9,1,5
202100046887,2021-03-16 11:55:00,2021,3,16,11,55,76,76540,HAVRE. QUAI (BAS) DU,49.43925,1.08598,Plein jour,En agglomération,Hors intersection,Pluie légère,Sans collision,9,2,1,3,1,1,2,6,6,10,,2,1,0,1,0,32.0,,,,1,2,1,2,7
202100046888,2021-03-19 16:00:00,2021,3,19,16,0,76,76165,SCHEURER KESTNER. RUE,49.280062,1.015306,Plein jour,En agglomération,Hors intersection,Normale,Deux véhicules - frontale,4,2,2,0,1,1,1,0,1,50,,2,1,0,0,1,56.0,24.0,,,1,2,1,1,1
202100046889,2021-03-05 17:45:00,2021,3,5,17,45,76,76322,VOIE RAPIDE SUD 3 (RN 338),49.4132943316,1.0424894647,Plein jour,Hors agglomération,Intersection en Y,Normale,Sans collision,2,1,1,0,2,1,1,3,1,50,,1,0,0,0,1,23.0,,,,1,1,4,1,7
202100046890,2021-03-06 17:50:00,2021,3,6,17,50,76,76351,VALLEE (RUE DE LA),49.49487,0.15445,Plein jour,En agglomération,Intersection en X,Normale,Autre collision,4,2,2,0,1,1,1,0,1,50,,2,1,0,0,1,,,,,1,2,2,1,6
202100046891,2021-02-04 15:20:00,2021,2,4,15,20,76,76351,Quai George V,49.491,0.10984,Plein jour,En agglomération,Intersection en T,Normale,Autre collision,4,1,3,0,1,1,1,0,1,50,,3,2,0,1,0,30.0,,,,1,2,3,1,6
202100046892,2021-03-23 13:45:00,2021,3,23,13,45,74,74012,DE GAULLE (AVENUE CHARLES),46.1836,6.24668,Plein jour,En agglomération,Hors intersection,Normale,Autre collision,3,1,1,0,1,1,1,9,1,50,,2,1,0,0,1,23.0,,,,1,2,1,1,6
202100046893,2021-02-26 15:00:00,2021,2,26,15,0,69,69290,ST BONNET DE MURE (DE) (CHM),45.6897,4.98,Plein jour,Hors agglomération,Hors intersection,Normale,Deux véhicules - arrière,4,2,2,0,1,1,1,0,1,50,,3,0,0,0,3,54.0,48.0,,,1,1,1,1,2
202100046894,2021-03-20 19:10:00,2021,3,20,19,10,67,67482,RIETH (RUE DU),48.60086,7.71491,Plein jour,En agglomération,Intersection en T,Normale,Deux véhicules - côté,4,1,2,0,1,1,1,0,1,50,,3,1,0,1,1,37.0,21.0,,,1,2,3,1,3
202100046895,2021-03-19 13:55:00,2021,3,19,13,55,67,67482,SCHIRMECK (ROUTE DE),48.56815,7.70956,Plein jour,En agglomération,Intersection en T,Normale,Deux véhicules - côté,7,2,4,1,1,1,1,0,5,50,,2,1,0,0,1,42.0,18.0,,,1,2,3,1,3
202100046896,2021-03-23 07:50:00,2021,3,23,7,50,66,66136,R D 900,42.67334,2.86177,Plein jour,Hors agglomération,Hors intersection,Normale,Deux véhicules - arrière,3,3,4,0,1,1,1,0,1,90,,3,1,0,0,2,27.0,43.0,,,1,1,1,1,2
202100046897,2021-03-22 08:50:00,2021,3,22,8,50,66,66136,SACRE-COEUR (CHEMIN DU),42.71778,2.87895,Plein jour,En agglomération,Hors intersection,Normale,Autre collision,4,2,2,0,2,1,1,0,1,30,,2,1,0,0,1,55.0,,,,1,2,1,1,6
202100046898,2021-03-23 17:14:00,2021,3,23,17,14,65,65440,JUIN (BOULEVARD DU MARECHAL),43.23714,0.05658,Plein jour,En agglomération,Hors intersection,Normale,Trois véhicules et plus - en chaîne,3,2,3,0,1,1,1,0,1,50,,4,3,0,0,1,87.0,26.0,,,1,2,1,1,4
202100046899,2021-03-23 17:35:00,2021,3,23,17,35,64,64483,LAHANCHIPIA (AVENUE),43.40113,-1.63405,Plein jour,En agglomération,Hors intersection,Normale,Deux véhicules - frontale,4,2,3,0,1,1,1,0,1,50,,3,1,0,0,2,22.0,21.0,,,1,2,1,1,1
202100046900,2021-03-23 09:45:00,2021,3,23,9,45,64,64189,OLHETTE (ROUTE D'),43.370427,-1.658079,Plein jour,En agglomération,Hors intersection,Normale,Deux véhicules - frontale,3,2,2,0,1,1,1,0,1,50,,2,1,0,0,1,21.0,57.0,,,1,2,1,1,1
202100046901,2021-03-23 17:13:00,2021,3,23,17,13,64,64445,LAURIERS DES,43.30176,-0.34464,Plein jour,En agglomération,Giratoire,Temps éblouissant,Deux véhicules - côté,4,2,2,0,1,3,1,0,1,30,,2,1,0,0,1,61.0,13.0,,,1,2,6,7,3
202100046902,2021-03-23 08:30:00,2021,3,23,8,30,64,64024,MIRAMBEAU (ROUTE DE),43.4757,-1.51023,Plein jour,En agglomération,Intersection en T,Normale,Deux véhicules - côté,4,2,2,0,1,1,1,0,1,50,,2,1,0,0,1,15.0,19.0,,,1,2,3,1,3
202100046903,2021-03-22 08:20:00,2021,3,22,8,20,64,64024,CHAMBRE D'AMOUR (AVENUE DE LA),43.49508,-1.53327,Plein jour,En agglomération,Hors intersection,Normale,Autre collision,4,2,2,0,2,1,1,0,1,50,,2,1,0,1,0,47.0,,,,1,2,1,1,6
202100046904,2021-03-22 18:20:00,2021,3,22,18,20,63,63113,CARNOT (AVENUE),45.776230673,3.0957567147,Plein jour,En agglomération,Hors intersection,Normale,Deux véhicules - côté,4,1,4,3,2,1,1,0,1,50,,2,1,0,0,1,,13.0,,,1,2,1,1,3
202100046905,2021-03-22 17:37:00,2021,3,22,17,37,63,63113,SOUS MARIN CASABIANCA (RUE DU),45.80836,3.10694,Plein jour,En agglomération,Intersection en T,Normale,Deux véhicules - côté,4,2,3,1,1,1,1,0,5,50,,2,1,0,0,1,40.0,45.0,,,1,2,3,1,3
202100046906,2021-03-23 16:30:00,2021,3,23,16,30,59,59009,OUEST BOULEVARD DE L,50.63543,3.12162,Plein jour,En agglomération,Intersection en Y,Normale,Deux véhicules - côté,7,3,7,3,1,1,1,5,1,50,,5,0,0,0,5,52.0,36.0,,,1,2,4,1,3
202100046907,2021-03-13 16:55:00,2021,3,13,16,55,59,59350,GAMBETTA LEON RUE,50.628,3.05109,Plein jour,En agglomération,Hors intersection,Normale,Deux véhicules - arrière,4,2,2,0,1,1,1,0,1,50,,2,1,0,0,1,24.0,30.0,,,1,2,1,1,2
202100046908,2021-03-22 16:55:00,2021,3,22,16,55,54,54329,RUE GAILLARDOT,48.58808,6.49524,Plein jour,En agglomération,Intersection en T,Normale,Deux véhicules - côté,3,2,2,2,1,1,1,-1,1,30,,2,1,0,0,1,38.0,14.0,,,1,2,3,1,3
202100046909,2021-03-19 09:50:00,2021,3,19,9,50,51,51108,Avenue Pierre Semard,48.95139,4.33436,Plein jour,En agglomération,Intersection en T,Normale,Sans collision,3,2,2,0,2,1,1,0,1,50,,2,1,0,0,1,74.0,,,,1,2,3,1,7
202100046910,2021-03-22 17:15:00,2021,3,22,17,15,49,49353,PERREYEUX,47.4571852773,-0.5118915439,Plein jour,En agglomération,Hors intersection,Normale,Deux véhicules - frontale,4,2,2,1,1,1,1,0,5,30,,1,0,0,0,1,77.0,,,,1,2,1,1,1
202100046911,2021-03-22 07:55:00,2021,3,22,7,55,44,44184,MENHIR (RUE DU),47.27967,-2.2058,Plein jour,En agglomération,Intersection en X,Normale,Deux véhicules - côté,4,2,2,0,1,1,1,0,1,50,,2,1,0,0,1,15.0,37.0,,,1,2,2,1,3
202100046912,2021-03-23 08:00:00,2021,3,23,8,0,37,37214,LEBRUN (RUE HENRI),47.4005452795,0.6787405015,Plein jour,En agglomération,Giratoire,Normale,Autre collision,4,2,2,0,2,1,1,5,1,50,,2,1,0,0,1,42.0,25.0,,,1,2,6,1,6
202100046913,2021-03-23 11:00:00,2021,3,23,11,0,35,35238,FOUGERES (RUE DE),48.12573,-1.65502,Plein jour,En agglomération,Hors intersection,Normale,Deux véhicules - côté,4,2,2,1,2,1,1,0,5,50,,2,1,0,0,1,62.0,46.0,,,1,2,1,1,3
202100046914,2021-03-23 08:27:00,2021,3,23,8,27,35,35238,GUEHENNO (JEAN),48.11831,-1.66935,Plein jour,En agglomération,Hors intersection,Normale,Deux véhicules - côté,4,2,2,0,1,1,1,0,4,50,,2,1,0,0,1,21.0,51.0,,,1,2,1,1,3
202100046915,2021-03-23 01:20:00,2021,3,23,1,20,35,35238,BINTINAIS (LIEU-DIT LA),48.07786,-1.66256,Nuit sans éclairage public,Hors agglomération,Hors intersection,Normale,Autre collision,4,-1,0,0,1,1,1,0,3,50,,3,1,0,0,2,,,,,3,1,1,1,6
202100046916,2021-03-23 09:14:00,2021,3,23,9,14,33,33063,Avenue de Labarde,44.88523,-0.54991,Plein jour,En agglomération,Hors intersection,Normale,Deux véhicules - côté,4,2,2,1,1,1,1,0,1,50,,2,1,0,0,1,26.0,37.0,,,1,2,1,1,3
202100046917,2021-03-22 08:49:00,2021,3,22,8,49,31,31555,18 MONTAUDRAN (PERIPH EST A61),43.55453,1.49228,Crépuscule ou aube,Hors agglomération,Hors intersection,Normale,Trois véhicules et plus - en chaîne,1,1,-1,-1,1,1,1,0,1,90,,3,2,0,0,1,27.0,23.0,,,2,1,1,1,4
202100046918,2021-03-21 12:38:00,2021,3,21,12,38,31,31555,VA007418 PONT JUMEAUX A620 Sortie 30,43.60843,1.41083,Plein jour,En agglomération,Hors intersection,Normale,Sans collision,1,-1,0,0,1,1,1,0,1,90,,3,0,0,0,3,37.0,,,,1,2,1,1,7
202100046919,2021-03-18 21:42:00,2021,3,18,21,42,31,31555,RTE D ALBI,43.63855,1.46526,Nuit avec éclairage allumé,En agglomération,Hors intersection,Normale,Deux véhicules - côté,7,2,2,1,1,1,1,0,1,50,,2,1,0,0,1,26.0,24.0,,,5,2,1,1,3
202100046920,2021-03-16 14:19:00,2021,3,16,14,19,31,31555,RUE FRANCOIS LACHAMBRE,43.63341,1.45967,Plein jour,En agglomération,Hors intersection,Normale,Autre collision,4,2,2,0,1,1,1,0,1,50,,2,1,0,0,1,23.0,,,,1,2,1,1,6
202100046921,2021-03-23 20:40:00,2021,3,23,20,40,31,31555,AV JEAN CHAUBET,43.60525,1.47993,Nuit avec éclairage allumé,En agglomération,Intersection en T,Normale,Deux véhicules - côté,7,3,4,0,1,1,1,0,1,50,,2,1,0,0,1,36.0,36.0,,,5,2,3,1,3
202100046922,2021-03-10 21:43:00,2021,3,10,21,43,31,31555,VA007333 LA FAOURETTE A620 Sortie 26,43.57395,1.40986,Nuit sans éclairage public,En agglomération,Hors intersection,Normale,Trois véhicules et plus - collisions multiples,1,-1,0,0,1,1,1,0,1,90,,3,2,0,0,1,25.0,35.0,,,3,2,1,1,5
202100046923,2021-03-10 13:32:00,2021,3,10,13,32,31,31555,FRONTON (AV DE) DU 1AU 176,43.62975,1.43381,Plein jour,En agglomération,Hors intersection,Normale,Deux véhicules - côté,7,2,2,0,1,1,1,0,1,50,,2,1,0,0,1,30.0,27.0,,,1,2,1,1,3
202100046924,2021-03-06 13:35:00,2021,3,6,13,35,31,31555,RUE DE METZ,43.6005300567,1.447378993,Plein jour,En agglomération,Hors intersection,Normale,Autre collision,4,2,2,0,1,1,1,0,1,50,,2,1,0,0,1,19.0,,,,1,2,1,1,6
202100046925,2021-03-09 18:43:00,2021,3,9,18,43,31,31555,12 LES IZARDS (PERIPH EST A62),43.64695,1.44285,Nuit sans éclairage public,Hors agglomération,Hors intersection,Normale,Trois véhicules et plus - en chaîne,1,3,3,0,1,1,1,0,1,90,,4,2,0,0,2,34.0,43.0,,,3,1,1,1,4
202100046926,2021-03-09 18:04:00,2021,3,9,18,4,31,31555,ECHANGEUR SESQUIERES (A62-A620),43.65064,1.42229,Plein jour,Hors agglomération,Hors intersection,Normale,Deux véhicules - côté,1,3,1,0,1,1,1,0,1,90,,2,1,0,0,1,20.0,22.0,,,1,1,1,1,3
202100046927,2021-03-23 15:25:00,2021,3,23,15,25,29,29019,Chemin de Poull ar Horred,48.3817832726,-4.5462808013,Plein jour,Hors agglomération,Giratoire,Normale,Autre collision,4,2,1,0,1,1,1,0,1,50,,2,1,0,0,1,,,,,1,1,6,1,6
202100046928,2021-03-23 16:40:00,2021,3,23,16,40,27,27562,D64,49.09402,1.41801,Plein jour,Hors agglomération,Hors intersection,Normale,Sans collision,3,2,2,0,1,1,1,0,1,80,,1,0,0,0,1,24.0,,,,1,1,1,1,7
202100046929,2021-03-23 12:30:00,2021,3,23,12,30,27,27681,MADELEINE (RUE DE LA),49.08949,1.4823,Plein jour,En agglomération,Intersection en X,Normale,Autre collision,3,2,2,0,1,1,1,0,1,50,,2,1,0,0,1,47.0,,,,1,2,2,1,6
202100046930,2021-03-23 07:55:00,2021,3,23,7,55,27,27681,Avenue de I'le de France,49.08508,1.4987,Plein jour,En agglomération,Intersection en X,Normale,Deux véhicules - côté,3,2,1,0,1,1,1,0,1,50,,2,1,0,0,1,41.0,51.0,,,1,2,2,1,3
202100046931,2021-03-23 07:05:00,2021,3,23,7,5,27,27375,THOREL (PLACE ERNEST),49.2151,1.16836,Plein jour,En agglomération,Giratoire,Normale,Autre collision,4,1,1,3,1,2,9,9,1,50,,3,2,0,0,1,36.0,,,,1,2,6,1,6
202100046932,2021-03-23 11:30:00,2021,3,23,11,30,25,25462,BESANCON (DU 26 AU 72),46.908852,6.349164,Plein jour,En agglomération,Hors intersection,Normale,Deux véhicules - arrière,4,2,2,0,1,1,1,0,1,50,,2,0,0,1,1,37.0,64.0,,,1,2,1,1,2
202100046933,2021-03-23 17:50:00,2021,3,23,17,50,17,17274,116 PK RN137 JUSTICE ROCHEFORT,46.155436,-1.115498,Plein jour,Hors agglomération,Hors intersection,Normale,Sans collision,2,3,4,0,1,1,1,0,2,90,,1,0,0,0,1,54.0,,,,1,1,1,1,7
202100046934,2021-03-23 13:30:00,2021,3,23,13,30,17,17028,GRASSET   AVENUE EDMOND,46.131352,-1.100521,Plein jour,En agglomération,Intersection en T,Temps éblouissant,Deux véhicules - côté,2,1,1,0,2,1,1,3,1,50,,2,0,0,0,2,27.0,23.0,,,1,2,3,7,3
202100046935,2021-03-19 18:05:00,2021,3,19,18,5,14,14118,Rue Maréchal Gallieni,49.17376,-0.3942,Plein jour,En agglomération,Intersection en Y,Normale,Autre collision,4,2,2,0,1,1,1,0,1,50,,2,1,0,1,0,27.0,,,,1,2,4,1,6
202100046936,2021-03-23 18:10:00,2021,3,23,18,10,13,13201,GARIBALDI (BOULEVARD) N° IMPAIRS,43.296879,5.381227,Plein jour,En agglomération,Hors intersection,Normale,Deux véhicules - côté,4,2,4,0,4,1,1,0,1,50,,3,2,0,1,0,19.0,27.0,,,1,2,1,1,3
202100046937,2021-03-23 13:25:00,2021,3,23,13,25,13,13209,HUVEAUNE (BOULEVARD DE),43.2723219898,5.4063074165,Plein jour,En agglomération,Intersection en T,Normale,Trois véhicules et plus - collisions multiples,4,2,2,0,1,1,1,5,1,50,,2,1,0,1,0,21.0,51.0,,,1,2,3,1,5
202100046938,2021-03-22 17:30:00,2021,3,22,17,30,13,13209,LUMINY (AVENUE DE),43.238824,5.435868,Crépuscule ou aube,En agglomération,Hors intersection,Normale,Deux véhicules - frontale,4,2,-1,0,2,2,1,0,1,30,,3,0,0,0,3,21.0,20.0,,,2,2,1,1,1
202100046939,2021-03-23 17:45:00,2021,3,23,17,45,13,13004,AV STALINGRAD,43.66666,4.63333,Plein jour,En agglomération,Intersection en T,Normale,Deux véhicules - côté,4,2,2,0,1,1,1,0,1,50,,2,0,0,1,1,60.0,22.0,,,1,2,3,1,3
202100046940,2021-03-23 06:30:00,2021,3,23,6,30,13,13001,GARDANNE (ROUTE DE ),43.49979,5.40166,Crépuscule ou aube,Hors agglomération,Intersection en T,Normale,Deux véhicules - côté,7,2,2,0,1,1,1,5,1,80,,2,1,1,0,0,52.0,30.0,,,2,1,3,1,3
202100046941,2021-03-21 18:35:00,2021,3,21,18,35,11,11262,CREISSEL (BOULEVARD DE),43.18062,3.028599,Crépuscule ou aube,En agglomération,Hors intersection,Normale,Deux véhicules - côté,6,-1,-1,0,1,1,1,9,1,30,,2,1,0,0,1,21.0,20.0,,,2,2,1,1,3
202100046942,2021-03-23 14:55:00,2021,3,23,14,55,06,06004,BACON BD DU ET BD GARDIOLE,43.56493,7.13746,Plein jour,En agglomération,Hors intersection,Normale,Deux véhicules - côté,4,2,2,0,1,1,1,0,1,50,,2,1,0,0,1,82.0,17.0,,,1,2,1,1,3
202100046943,2021-03-22 14:40:00,2021,3,22,14,40,05,05061,JEAN JAURES ( AVENUE ),44.55141,6.07044,Plein jour,En agglomération,Intersection en T,Normale,Deux véhicules - côté,2,2,2,0,1,1,1,0,1,50,,2,1,0,0,1,43.0,16.0,,,1,2,3,1,3
202100046944,2021-03-22 13:45:00,2021,3,22,13,45,05,05061,EMILE DIDIER ( AV ),44.56418,6.08933,Plein jour,En agglomération,Intersection en T,Normale,Deux véhicules - côté,2,2,2,0,1,1,1,5,1,50,,2,1,0,0,1,70.0,82.0,,,1,2,3,1,3
202100046945,2021-03-18 13:45:00,2021,3,18,13,45,02,02691,HUGO DE 1 A 70 (BD VICTOR),49.8431446,3.279945,Plein jour,En agglomération,Hors intersection,Normale,Autre collision,4,2,2,2,1,1,1,0,1,50,,2,1,1,0,0,85.0,,,,1,2,1,1,6
202100046946,2021-03-23 16:07:00,2021,3,23,16,7,75,75105,BOULEVARD SAINT MARCEL,48.838473,2.357028,Plein jour,En agglomération,Intersection en X,Normale,Autre collision,4,1,2,0,1,1,1,0,1,50,,2,1,0,0,1,34.0,,,,1,2,2,1,6
202100046947,2021-03-23 20:05:00,2021,3,23,20,5,75,75119,RUE D AUBERVILLIERS,48.891216,2.368819,Nuit avec éclairage allumé,En agglomération,Intersection en T,Normale,Autre collision,4,1,1,1,1,1,1,0,1,50,,2,1,0,0,1,,,,,5,2,3,1,6
202100046948,2021-03-23 11:30:00,2021,3,23,11,30,75,75119,AVENUE JEAN JAURES,48.883095,2.371474,Plein jour,En agglomération,Intersection en T,Normale,Deux véhicules - côté,4,2,3,0,1,1,1,0,1,50,,2,1,0,0,1,25.0,60.0,,,1,2,3,1,3
202100046949,2021-03-23 08:00:00,2021,3,23,8,0,75,75119,BOULEVARD SERURIER,48.878851,2.401886,Plein jour,En agglomération,Intersection en X,Temps couvert,Sans collision,4,1,2,0,2,3,1,0,1,50,,1,0,0,0,1,17.0,,,,1,2,2,8,7
202100046950,2021-03-22 13:10:00,2021,3,22,13,10,75,75118,RUE DE LA CHAPELLE,48.897918,2.359409,Plein jour,En agglomération,Hors intersection,Normale,Deux véhicules - côté,4,1,3,3,1,3,1,-1,6,50,,2,1,0,0,1,41.0,30.0,,,1,2,1,1,3
202100046951,2021-03-22 16:10:00,2021,3,22,16,10,75,75116,PLACE VICTOR HUGO,48.8698,2.285587,Plein jour,En agglomération,Place,Normale,Deux véhicules - arrière,4,1,1,0,1,2,1,0,1,50,,2,1,0,0,1,56.0,45.0,,,1,2,7,1,2
202100046952,2021-03-23 10:50:00,2021,3,23,10,50,75,75112,BOULEVARD DE PICPUS,48.846503,2.400021,Plein jour,En agglomération,Intersection en Y,Normale,Autre collision,4,2,4,1,1,1,1,-1,5,30,,2,1,0,0,1,25.0,,,,1,2,4,1,6
202100046953,2021-03-23 09:35:00,2021,3,23,9,35,75,75112,RUE DE CHARENTON,48.837308,2.391208,Plein jour,En agglomération,Intersection en X,Normale,Deux véhicules - côté,4,2,2,0,1,1,1,0,1,50,,2,1,0,0,1,42.0,56.0,,,1,2,2,1,3
202100046954,2021-03-23 17:30:00,2021,3,23,17,30,75,75111,BOULEVARD RICHARD LENOIR,48.857056,2.371203,Plein jour,En agglomération,Intersection en T,Normale,Deux véhicules - côté,4,3,2,1,1,1,1,-1,5,50,,2,1,0,0,1,51.0,34.0,,,1,2,3,1,3
202100046955,2021-03-23 18:15:00,2021,3,23,18,15,75,75104,QUAI HENRI IV,48.8468734163,2.3652607708,Crépuscule ou aube,En agglomération,Intersection en Y,Normale,Deux véhicules - arrière,4,1,2,0,1,1,1,0,1,50,,2,1,0,0,1,52.0,61.0,,,2,2,4,1,2
202100046956,2021-03-23 17:45:00,2021,3,23,17,45,75,75103,BOULEVARD BEAUMARCHAIS,48.8592422772,2.3676878214,Plein jour,En agglomération,Intersection en T,Normale,Deux véhicules - côté,4,2,4,3,1,1,1,-1,6,50,,2,1,0,0,1,41.0,33.0,,,1,2,3,1,3
202100046957,2021-03-23 17:25:00,2021,3,23,17,25,94,94076,Avenue Louis Aragon,48.787908,2.373496,Plein jour,En agglomération,Autre intersection,Normale,Deux véhicules - côté,3,3,2,0,1,1,1,0,1,50,,3,1,0,1,1,30.0,27.0,,,1,2,9,1,3
202100046958,2021-03-23 11:25:00,2021,3,23,11,25,94,94043,FONTAINEBLEAU (AV DE),48.81481,2.36099,Plein jour,En agglomération,Hors intersection,Normale,Autre collision,3,2,5,3,1,1,1,0,6,50,,1,0,0,0,1,19.0,,,,1,2,1,1,6
202100046959,2021-03-23 08:00:00,2021,3,23,8,0,94,94076,REPUBLIQUE (AV DE LA),48.78862,2.36423,Plein jour,En agglomération,Hors intersection,Normale,Autre collision,4,-1,2,0,1,1,1,0,1,50,,2,1,0,0,1,39.0,,,,1,2,1,1,6
202100046960,2021-03-23 07:02:00,2021,3,23,7,2,94,94011,Avenue de la République,48.76732,2.47931,Crépuscule ou aube,En agglomération,Hors intersection,Normale,Autre collision,4,2,2,0,1,1,1,0,1,50,,2,1,0,0,1,32.0,,,,2,2,1,1,6
202100046961,2021-03-22 14:20:00,2021,3,22,14,20,94,94028,Rue du Général Leclerc,48.791062,2.464622,Plein jour,En agglomération,Hors intersection,Normale,Deux véhicules - arrière,4,2,2,0,1,1,1,0,1,50,,2,1,0,0,1,24.0,29.0,,,1,2,1,1,2
202100046962,2021-03-22 21:45:00,2021,3,22,21,45,94,94054,Rue Camille Guérin,48.7485963508,2.4121642113,Nuit avec éclairage allumé,En agglomération,Intersection en X,Normale,Deux véhicules - côté,3,1,-1,0,1,1,1,0,1,50,,2,1,0,0,1,21.0,44.0,,,5,2,2,1,3
202100046963,2021-03-23 15:05:00,2021,3,23,15,5,93,93066,FONTAINE,48.9370292078,2.354902194,Plein jour,En agglomération,Hors intersection,Normale,Autre collision,9,1,1,0,1,1,1,0,1,30,,2,1,0,0,1,60.0,,,,1,2,1,1,6
202100046964,2021-03-19 16:45:00,2021,3,19,16,45,93,93066,CROISAT AMBROISE RD 29 BIS,48.9307,2.35015,Plein jour,En agglomération,Hors intersection,Normale,Autre collision,3,2,2,0,1,1,1,0,1,50,,2,1,0,0,1,43.0,,,,1,2,1,1,6