accident_id,datetime,annee,mois,jour,heure,minute,departement,commune_insee,adresse,latitude,longitude,luminosite,agglomeration,intersection,meteo,collision,catr,circ,nbv,vosp,prof,plan,surf,infra,situ,vma,nb_vehicules,nb_usagers,nb_indemnes,nb_tues,nb_blesses_hosp,nb_blesses_legers,age_cond_1,age_cond_2,veh_type_cond_1,veh_type_cond_2,lum_code,agg_code,int_code,atm_code,col_code
202100046965,2021-03-23 12:40:00,2021,3,23,12,40,93,93027,SAINT-DENIS (RUE DE),48.9313904889,2.3809862137,Plein jour,En agglomération,Hors intersection,Normale,Deux véhicules - côté,3,1,2,0,1,1,1,0,1,50,,2,1,0,0,1,59.0,21.0,,,1,2,1,1,3
202100046966,2021-03-23 18:15:00,2021,3,23,18,15,92,92049,ARNOUX AVENUE MAURICE N°1 A 77,48.8208329483,2.3137242031,Plein jour,En agglomération,Hors intersection,Normale,Autre collision,4,1,2,1,1,1,1,0,1,50,,1,0,0,0,1,45.0,,,,1,2,1,1,6
202100046967,2021-03-23 09:00:00,2021,3,23,9,0,92,92049,REPUBLIQUE AVENUE DE LA N°1 A 79,48.81929,2.32009,Plein jour,En agglomération,Hors intersection,Normale,Deux véhicules - côté,4,1,2,0,1,1,1,0,1,50,,2,1,0,0,1,51.0,44.0,,,1,2,1,1,3
202100046968,2021-03-23 09:10:00,2021,3,23,9,10,92,92012,GENERAL LECLERC (AVENUE DU) 35/FIN - 60/,48.831914709,2.238201499,Plein jour,En agglomération,Intersection en X,Normale,Deux véhicules - côté,3,3,7,0,1,1,1,0,1,50,,2,1,0,0,1,32.0,48.0,,,1,2,2,1,3
202100046969,2021-02-09 17:00:00,2021,2,9,17,0,92,92012,GEORGES SOREL (RUE),48.83516,2.24183,Crépuscule ou aube,En agglomération,Hors intersection,Normale,Autre collision,4,2,2,0,1,1,1,0,4,50,,2,1,0,0,1,,,,,2,2,1,1,6
202100046970,2021-03-10 16:20:00,2021,3,10,16,20,33,33294,,44.612525,-0.088951,Plein jour,En agglomération,Hors intersection,Normale,Autre collision,3,2,2,0,1,3,1,0,3,50,,1,0,0,1,0,64.0,,,,1,2,1,1,6
202100046971,2021-03-23 16:00:00,2021,3,23,16,0,46,46063,D659 LA MALODIE,44.278269,1.354655,Plein jour,Hors agglomération,Hors intersection,Normale,Deux véhicules - côté,3,2,2,0,1,1,1,0,1,70,,2,1,1,0,0,97.0,57.0,,,1,1,1,1,3
202100046972,2021-03-23 18:50:00,2021,3,23,18,50,01,01194,809 Rue Edouard Herriot,45.987207,4.757326,Crépuscule ou aube,En agglomération,Hors intersection,Normale,Trois véhicules et plus - collisions multiples,3,2,2,0,1,1,1,0,1,50,,4,3,0,1,0,27.0,24.0,,,2,2,1,1,5
202100046973,2021-03-23 09:30:00,2021,3,23,9,30,83,83019,Route des Lavandières,43.13950197,6.35760064,Plein jour,En agglomération,Autre intersection,Normale,Deux véhicules - côté,4,-1,2,0,1,1,1,6,6,30,,2,1,0,0,1,85.0,64.0,,,1,2,9,1,3
202100046974,2021-03-23 07:50:00,2021,3,23,7,50,974,97413,Rue Adrien Lagourgue,-21.221831,55.314242,Plein jour,En agglomération,Intersection en T,Normale,Deux véhicules - frontale,3,2,2,0,2,1,1,0,1,50,,2,1,0,1,0,45.0,29.0,,,1,2,3,1,1
202100046975,2021-03-23 10:45:00,2021,3,23,10,45,23,23176,Avenue Jean Jaurès,46.239969,1.479045,Plein jour,En agglomération,Hors intersection,Normale,Autre collision,4,2,2,0,1,1,1,0,1,50,,2,1,0,1,0,29.0,,,,1,2,1,1,6
202100046976,2021-03-24 10:15:00,2021,3,24,10,15,79,79162,Avenue du Marais Poitevin,46.318338,-0.562725,Plein jour,Hors agglomération,Intersection en X,Normale,Sans collision,3,2,3,3,1,1,1,0,1,80,,2,1,1,0,0,64.0,,,,1,1,2,1,7
202100046977,2021-03-23 07:40:00,2021,3,23,7,40,2B,2B342,Mignataja,41.941381,9.391631,Plein jour,Hors agglomération,Hors intersection,Normale,Sans collision,2,2,2,0,1,1,1,0,1,80,,2,1,0,1,0,58.0,66.0,,,1,1,1,1,7
202100046978,2021-03-22 18:30:00,2021,3,22,18,30,80,80440,Route d'Abbeville,50.194278,2.07265,Plein jour,En agglomération,Hors intersection,Normale,Sans collision,3,2,2,0,1,3,1,0,1,50,,1,0,0,1,0,30.0,,,,1,2,1,1,7
202100046979,2021-03-21 14:40:00,2021,3,21,14,40,81,81175,RD 12 vidalet 81630,43.95347,1.585862,Plein jour,Hors agglomération,Hors intersection,Normale,Sans collision,3,2,2,0,1,2,1,0,3,80,,1,0,0,1,0,52.0,,,,1,1,1,1,7
202100046980,2021-03-23 20:25:00,2021,3,23,20,25,49,49080,Le Gravier,47.734164,-0.446792,Nuit sans éclairage public,Hors agglomération,Hors intersection,Normale,Autre collision,4,2,2,0,2,2,1,0,1,80,,2,0,0,2,0,32.0,,,,3,1,1,1,6
202100046981,2021-03-23 17:19:00,2021,3,23,17,19,41,41180,La Chenilliere,47.39507,1.188283,Plein jour,Hors agglomération,Intersection en X,Normale,Trois véhicules et plus - collisions multiples,3,2,2,0,1,1,1,0,1,70,,3,2,0,1,0,28.0,48.0,,,1,1,2,1,5
202100046982,2021-03-23 12:00:00,2021,3,23,12,0,86,86030,D347,46.717826,0.216505,Plein jour,Hors agglomération,Hors intersection,Temps éblouissant,Deux véhicules - frontale,3,2,2,0,1,3,1,0,1,90,,2,1,1,0,0,64.0,55.0,,,1,1,1,7,1
202100046983,2021-03-24 14:45:00,2021,3,24,14,45,39,39202,,46.931166,5.947112,Plein jour,Hors agglomération,Hors intersection,Normale,Autre collision,3,2,2,0,1,2,1,0,3,80,,1,0,0,1,0,28.0,,,,1,1,1,1,6
202100046984,2021-03-24 12:05:00,2021,3,24,12,5,29,29160,Rue des 3 Freres le Roy,48.498077,-4.427746,Plein jour,En agglomération,Hors intersection,Normale,Deux véhicules - arrière,4,3,2,0,1,1,1,5,1,50,,2,1,0,0,1,23.0,32.0,,,1,2,1,1,2
202100046985,2021-03-23 16:35:00,2021,3,23,16,35,31,31587,Route de Villemur,43.796539,1.453189,Plein jour,Hors agglomération,Hors intersection,Normale,Deux véhicules - frontale,3,3,2,0,1,1,1,5,1,70,,6,3,0,1,2,29.0,35.0,,,1,1,1,1,1
202100046986,2021-03-23 12:10:00,2021,3,23,12,10,03,03118,28 Rue Jules Bertin,46.087847,3.197463,Plein jour,En agglomération,Intersection en T,Normale,Deux véhicules - côté,4,2,2,0,2,1,1,0,1,50,,3,1,0,1,1,18.0,21.0,,,1,2,3,1,3
202100046987,2021-03-24 10:00:00,2021,3,24,10,0,50,50484,Boulevard de la Sélune,48.580928,-1.091833,Plein jour,En agglomération,Hors intersection,Normale,Autre collision,4,2,2,0,1,1,1,6,1,50,,2,1,0,1,0,95.0,,,,1,2,1,1,6
202100046988,2021-03-24 13:20:00,2021,3,24,13,20,28,28192,D30.2,48.328262,1.123363,Plein jour,Hors agglomération,Hors intersection,Normale,Autre collision,3,2,2,0,1,1,1,0,3,80,,2,1,0,1,0,63.0,,,,1,1,1,1,6
202100046989,2021-03-24 14:10:00,2021,3,24,14,10,28,28116,Avenue John Fitzgerald Kennedy,48.449699,1.24977,Plein jour,En agglomération,Intersection en T,Normale,Deux véhicules - côté,4,2,2,0,1,1,1,0,1,50,,2,1,0,1,0,9.0,28.0,,,1,2,3,1,3
202100046990,2021-03-24 18:20:00,2021,3,24,18,20,17,17465,Route de l'Océan,45.971555,-0.563554,Plein jour,En agglomération,Hors intersection,Normale,Deux véhicules - frontale,3,2,2,0,2,3,1,0,1,50,,2,1,0,1,0,16.0,29.0,,,1,2,1,1,1
202100046991,2021-03-13 21:30:00,2021,3,13,21,30,37,37050,,47.332223174,0.746117203,Nuit avec éclairage non allumé,Hors agglomération,Giratoire,Pluie légère,Autre collision,3,1,2,0,1,3,2,0,1,90,,1,0,0,1,0,27.0,,,,4,1,6,2,6
202100046992,2021-03-24 08:55:00,2021,3,24,8,55,38,38553,rue louis ganel,45.619193,5.152349,Plein jour,En agglomération,Hors intersection,Normale,Autre collision,6,2,1,0,2,1,1,0,1,50,,2,1,0,0,1,19.0,,,,1,2,1,1,6
202100046993,2021-03-24 07:45:00,2021,3,24,7,45,01,01099,"A42, pk 032+300, sens Geneve/Lyon",45.908188,5.239614,Plein jour,Hors agglomération,Hors intersection,Normale,Deux véhicules - arrière,1,1,4,0,1,1,1,8,1,90,,2,1,0,0,1,61.0,41.0,,,1,1,1,1,2
202100046994,2021-03-23 12:45:00,2021,3,23,12,45,74,74010,Rte de Vieugy,45.859621,6.07928,Plein jour,En agglomération,Intersection en T,Normale,Deux véhicules - côté,3,2,2,0,1,1,1,0,1,50,,2,1,0,1,0,24.0,39.0,,,1,2,3,1,3
202100046995,2021-03-24 08:10:00,2021,3,24,8,10,51,51454,A344,49.227414,4.053408,Plein jour,En agglomération,Hors intersection,Normale,Trois véhicules et plus - en chaîne,1,3,3,0,1,1,1,0,1,90,,5,2,0,1,2,36.0,49.0,,,1,2,1,1,4
202100046996,2021-03-23 08:05:00,2021,3,23,8,5,58,58225,Route de la Gare,46.927627,3.073702,Plein jour,En agglomération,Hors intersection,Normale,Deux véhicules - arrière,3,2,2,0,1,1,1,0,1,50,,5,3,0,0,2,57.0,31.0,,,1,2,1,1,2
202100046997,2021-03-23 17:50:00,2021,3,23,17,50,76,76484,Autoroute A13 pk 113.000,49.342936,1.060095,Plein jour,Hors agglomération,Hors intersection,Normale,Sans collision,1,1,1,0,1,1,1,3,1,110,,1,0,0,0,1,37.0,,,,1,1,1,1,7
202100046998,2021-03-24 07:55:00,2021,3,24,7,55,78,78368,11 route de rambouillet,48.89476,1.867751,Plein jour,En agglomération,Hors intersection,Normale,Deux véhicules - arrière,3,2,2,0,1,3,1,9,1,50,,2,0,0,0,2,33.0,31.0,,,1,2,1,1,2
202100046999,2021-03-24 17:30:00,2021,3,24,17,30,31,31417,33 Rue Principale,43.617778,1.283855,Plein jour,En agglomération,Hors intersection,Temps éblouissant,Autre collision,7,2,2,0,2,3,1,0,1,50,,2,1,0,0,1,61.0,,,,1,2,1,7,6
202100047000,2021-03-24 00:59:00,2021,3,24,0,59,76,76283,Beau Soleil,49.75694954,1.34441928,Nuit sans éclairage public,Hors agglomération,Hors intersection,Normale,Sans collision,3,2,2,0,2,2,1,0,8,80,,3,2,0,0,1,40.0,,,,3,1,1,1,7
202100047001,2021-03-23 07:35:00,2021,3,23,7,35,33,33122,AUTOROUTE A 63,44.727319,-0.729884,Plein jour,Hors agglomération,Hors intersection,Normale,Trois véhicules et plus - en chaîne,1,3,4,0,1,1,1,0,1,130,,5,3,0,0,2,22.0,26.0,,,1,1,1,1,4
202100047002,2021-03-22 07:00:00,2021,3,22,7,0,33,33281,ROCADE A 630,44.839314,-0.675445,Plein jour,Hors agglomération,Hors intersection,Normale,Deux véhicules - côté,1,3,4,0,1,1,1,0,1,90,,2,1,0,0,1,58.0,26.0,,,1,1,1,1,3
202100047003,2021-03-23 17:20:00,2021,3,23,17,20,91,91589,AUTOROUTE A6,48.67683,2.33894,Plein jour,Hors agglomération,Hors intersection,Normale,Trois véhicules et plus - en chaîne,1,3,6,0,2,1,1,0,1,110,,3,1,0,0,2,46.0,48.0,,,1,1,1,1,4
202100047004,2021-03-23 20:40:00,2021,3,23,20,40,95,95394,RN 184,49.05192,2.15542,Nuit sans éclairage public,Hors agglomération,Hors intersection,Normale,Deux véhicules - arrière,2,3,4,0,1,1,1,0,1,110,,2,0,0,0,2,41.0,26.0,,,3,1,1,1,2
202100047005,2021-03-23 20:50:00,2021,3,23,20,50,93,93027,AUTOROUTE A86,48.92847,2.41339,Nuit sans éclairage public,Hors agglomération,Hors intersection,Normale,Deux véhicules - arrière,1,3,7,0,3,3,1,0,1,70,,2,1,0,0,1,25.0,65.0,,,3,1,1,1,2
202100047006,2021-03-23 16:00:00,2021,3,23,16,0,93,93027,BDL,48.92696,2.40339,Plein jour,Hors agglomération,Hors intersection,Normale,Sans collision,1,3,4,0,2,2,1,2,1,50,,1,0,0,0,1,30.0,,,,1,1,1,1,7
202100047007,2021-03-23 17:00:00,2021,3,23,17,0,93,93048,AUTOROUTE A3,48.87313,2.4359,Plein jour,Hors agglomération,Hors intersection,Normale,Deux véhicules - arrière,1,3,10,0,1,1,1,0,1,90,,2,1,0,0,1,36.0,33.0,,,1,1,1,1,2
202100047008,2021-03-23 15:30:00,2021,3,23,15,30,95,95060,A115,49.04308,2.18809,Plein jour,Hors agglomération,Hors intersection,Normale,Sans collision,1,3,5,0,1,1,1,0,1,90,,1,0,0,0,1,66.0,,,,1,1,1,1,7
202100047009,2021-03-23 14:20:00,2021,3,23,14,20,93,93007,AUTOROUTE A3,48.92166,2.48003,Plein jour,Hors agglomération,Hors intersection,Normale,Deux véhicules - côté,1,3,6,0,1,1,1,0,1,90,,2,1,0,0,1,27.0,45.0,,,1,1,1,1,3
202100047010,2021-03-23 08:30:00,2021,3,23,8,30,93,93008,AUTOROUTE A86,48.90594,2.46242,Plein jour,Hors agglomération,Hors intersection,Normale,Deux véhicules - arrière,1,3,8,0,1,1,1,0,1,110,,2,1,0,0,1,40.0,42.0,,,1,1,1,1,2
202100047011,2021-03-23 02:30:00,2021,3,23,2,30,95,95252, A15,48.9768717733,2.2347327893,Nuit sans éclairage public,Hors agglomération,Hors intersection,Normale,Autre collision,1,3,8,0,2,3,1,0,1,110,,3,0,0,0,3,20.0,,,,3,1,1,1,6
202100047012,2021-03-23 09:00:00,2021,3,23,9,0,94,94028,A86 EXT,48.78866,2.44033,Plein jour,Hors agglomération,Hors intersection,Normale,Trois véhicules et plus - en chaîne,1,-1,6,0,1,1,1,0,1,90,,5,2,0,0,3,26.0,33.0,,,1,1,1,1,4
202100047013,2021-03-23 08:40:00,2021,3,23,8,40,77,77514,A104,48.93186,2.62813,Plein jour,Hors agglomération,Hors intersection,Normale,Autre collision,1,-1,2,0,1,1,1,0,1,90,,3,2,0,0,1,35.0,53.0,,,1,1,1,1,6
202100047014,2021-03-22 18:45:00,2021,3,22,18,45,988,98818,RUE AUGUSTE BENEBIG/BOULEVARD EXTERIEUR,-22.27257,166.44955,Plein jour,En agglomération,Intersection en Y,Normale,Deux véhicules - arrière,4,2,3,0,3,1,1,0,1,50,,2,1,0,1,0,29.0,35.0,,,1,2,4,1,2
202100047015,2021-03-22 07:55:00,2021,3,22,7,55,988,98818,ROUTE DE L'ANSE VATA/RUE DU COMMANDANT RIVIERE,-22.28565,166.44803,Plein jour,En agglomération,Intersection en T,Normale,Deux véhicules - côté,4,2,2,0,2,1,1,5,1,50,,2,1,0,0,1,78.0,48.0,,,1,2,3,1,3
202100047016,2021-03-22 16:15:00,2021,3,22,16,15,974,97416,TROIS MARRE (CHEMIN),-21.29863,55.44427,Plein jour,Hors agglomération,Autre intersection,Normale,Deux véhicules - côté,4,-1,2,0,3,1,1,9,1,50,,4,1,0,0,3,44.0,25.0,,,1,1,9,1,3
202100047017,2021-03-22 12:30:00,2021,3,22,12,30,69,69387,JEAN FRANCOIS RACLET (AV),45.7339422789,4.8414646213,Plein jour,En agglomération,Hors intersection,Normale,Deux véhicules - côté,4,2,2,0,1,1,1,0,1,50,,2,1,0,0,1,49.0,29.0,,,1,2,1,1,3
202100047018,2021-03-22 09:20:00,2021,3,22,9,20,69,69259,CHARLES DE GAULLE                   (AV),45.71757,4.8916,Plein jour,En agglomération,Intersection en X,Normale,Deux véhicules - côté,7,2,6,3,1,1,1,0,1,50,,2,1,0,0,1,36.0,80.0,,,1,2,2,1,3
202100047019,2021-03-22 15:45:00,2021,3,22,15,45,972,97213,ROUTE DEPARTEMENTALE 3,14.6304826771,-60.9891128558,Plein jour,Hors agglomération,Hors intersection,Normale,Deux véhicules - frontale,3,2,4,0,1,1,1,0,1,50,,2,0,0,0,2,26.0,56.0,,,1,1,1,1,1
202100047020,2021-03-21 06:20:00,2021,3,21,6,20,972,97213,AUTOROUTE A1,14.61352,-61.01082,Plein jour,Hors agglomération,Hors intersection,Normale,Deux véhicules - arrière,1,3,0,0,1,1,1,0,1,90,,2,1,0,0,1,53.0,37.0,,,1,1,1,1,2
202100047021,2021-03-20 15:00:00,2021,3,20,15,0,971,97101,ROUTE DE BOISVINS,16.2652,-61.48757,Plein jour,Hors agglomération,Hors intersection,Normale,Deux véhicules - arrière,3,2,2,0,1,1,1,0,1,50,,4,3,0,1,0,33.0,43.0,,,1,1,1,1,2
202100047022,2021-03-22 21:25:00,2021,3,22,21,25,95,95063,AV GABRIEL PERI,48.9324209445,2.21086387,Nuit avec éclairage allumé,En agglomération,Hors intersection,Normale,Deux véhicules - arrière,3,2,2,0,1,1,1,8,4,50,,2,0,0,0,2,33.0,46.0,,,5,2,1,1,2
202100047023,2021-03-22 13:20:00,2021,3,22,13,20,91,91477,CESAR FRANCK (RUE),48.71762,2.24045,Plein jour,En agglomération,Intersection en X,Normale,Deux véhicules - côté,4,2,8,0,1,2,1,0,1,50,,2,1,0,0,1,26.0,61.0,,,1,2,2,1,3
202100047024,2021-03-19 10:15:00,2021,3,19,10,15,91,91421,REPUBLIQUE (AVENUE DE LA),48.70673,2.45599,Plein jour,En agglomération,Intersection en T,Normale,Deux véhicules - côté,3,2,2,0,1,1,1,0,1,50,,2,1,0,1,0,61.0,29.0,,,1,2,3,1,3
202100047025,2021-03-22 18:20:00,2021,3,22,18,20,91,91286,DANUBE (AVENUE),48.6543,2.39686,Plein jour,En agglomération,Hors intersection,Normale,Autre collision,3,2,2,0,2,4,1,0,1,30,,2,0,0,0,2,22.0,,,,1,2,1,1,6
202100047026,2021-03-20 14:30:00,2021,3,20,14,30,88,88413,Travaileurs ( rue des ),48.27698,6.956561,Plein jour,En agglomération,Intersection en X,Normale,Deux véhicules - côté,4,2,2,0,1,1,1,0,1,50,,3,1,1,0,0,,45.0,,,1,2,2,1,3
202100047027,2021-03-18 16:40:00,2021,3,18,16,40,87,87085,SERRES (RUE OLIVIER DE),45.84417,1.23503,Plein jour,En agglomération,Hors intersection,Normale,Sans collision,4,2,2,0,1,1,1,0,1,50,,1,0,0,0,1,29.0,,,,1,2,1,1,7
202100047028,2021-03-19 12:03:00,2021,3,19,12,3,80,80021,JACOBINS (RUE DES),49.89168,2.2996,Plein jour,En agglomération,Hors intersection,Normale,Autre collision,4,-1,2,0,1,1,1,0,1,30,,2,1,0,0,1,57.0,,,,1,2,1,1,6
202100047029,2021-03-19 14:10:00,2021,3,19,14,10,80,80021,GENERAL LECLERC (RUE DU ),49.897378,2.295156,Plein jour,En agglomération,Intersection en X,Normale,Deux véhicules - côté,4,1,1,0,1,1,1,0,1,30,,2,1,0,0,1,22.0,48.0,,,1,2,2,1,3
202100047030,2021-03-22 12:25:00,2021,3,22,12,25,77,77409,D133,48.4041195425,2.9752757327,Plein jour,Hors agglomération,Hors intersection,Normale,Deux véhicules - frontale,3,2,3,0,2,3,1,0,1,50,,2,0,0,2,0,17.0,21.0,,,1,1,1,1,1
202100047031,2021-03-06 23:05:00,2021,3,6,23,5,76,76457,DEPARTEMENTALE 3,49.34146,0.96527,Nuit avec éclairage allumé,En agglomération,Hors intersection,Normale,Deux véhicules - côté,7,2,2,0,2,1,1,0,1,50,,7,3,0,1,3,33.0,22.0,,,5,2,1,1,3
202100047032,2021-03-06 12:25:00,2021,3,6,12,25,76,76540,LIBERATION. AVENUE DE LA,49.42582,1.06863,Plein jour,En agglomération,Hors intersection,Normale,Deux véhicules - côté,7,2,2,3,1,1,1,-1,6,50,,2,1,0,1,0,57.0,22.0,,,1,2,1,1,3
202100047033,2021-03-22 07:45:00,2021,3,22,7,45,64,64445,EDOUARD HERRIOT,43.3043414743,-0.3798356652,Plein jour,En agglomération,Intersection en X,Normale,Deux véhicules - côté,4,2,2,0,1,1,1,0,1,50,,2,1,0,0,1,32.0,17.0,,,1,2,2,1,3
202100047034,2021-03-20 17:05:00,2021,3,20,17,5,64,64445,BUROS DE,43.32137,-0.34659,Plein jour,En agglomération,Intersection en T,Normale,Deux véhicules - côté,4,2,2,0,1,1,1,0,1,30,,2,1,0,1,0,61.0,80.0,,,1,2,3,1,3
202100047035,2021-03-17 18:00:00,2021,3,17,18,0,64,64237,PASTEUR,43.2811029269,-0.3794789314,Plein jour,En agglomération,Hors intersection,Normale,Autre collision,4,-1,2,0,1,1,1,0,1,50,,2,1,0,0,1,,,,,1,2,1,1,6
202100047036,2021-03-22 10:10:00,2021,3,22,10,10,59,59636,"Abbé Pierre, rue",50.69598,3.06048,Plein jour,Hors agglomération,Giratoire,Normale,Autre collision,7,2,2,0,1,1,1,0,1,50,,2,1,0,1,0,28.0,,,,1,1,6,1,6
202100047037,2021-03-20 16:25:00,2021,3,20,16,25,56,56162,Boulevard de l’Atlantique,47.70906,-3.44421,Plein jour,Hors agglomération,Hors intersection,Normale,Sans collision,3,2,2,0,1,1,1,0,1,70,,1,0,0,0,1,50.0,,,,1,1,1,1,7
202100047038,2021-03-20 05:40:00,2021,3,20,5,40,45,45285,Rue d’Alleville,47.9209,1.86236,Crépuscule ou aube,En agglomération,Hors intersection,Normale,Deux véhicules - arrière,4,2,2,0,1,2,1,0,1,50,,2,1,0,0,1,31.0,22.0,,,2,2,1,1,2
202100047039,2021-03-13 12:09:00,2021,3,13,12,9,43,43041,3 Rue du Garay,45.04672,3.93297,Plein jour,En agglomération,Hors intersection,Normale,Deux véhicules - frontale,4,2,-1,0,1,1,1,0,1,50,,2,1,0,0,1,42.0,16.0,,,1,2,1,1,1
202100047040,2021-03-22 16:00:00,2021,3,22,16,0,42,42187,Rue Waldeck Rousseau,46.0378303923,4.0615628511,Plein jour,En agglomération,Hors intersection,Temps couvert,Autre collision,4,2,2,0,1,1,1,0,8,30,,2,1,0,1,0,31.0,,,,1,2,1,8,6
202100047041,2021-03-11 15:30:00,2021,3,11,15,30,40,40088,TERCIS (ROUTE DE),43.68604,-1.0783,Plein jour,En agglomération,Intersection en T,Normale,Deux véhicules - côté,3,2,3,0,1,1,1,0,1,70,,2,1,0,1,0,44.0,50.0,,,1,2,3,1,3
202100047042,2021-03-21 15:15:00,2021,3,21,15,15,37,37233,BONNIN (AVENUE JEAN),47.3957427554,0.7063709327,Plein jour,En agglomération,Intersection en T,Normale,Deux véhicules - côté,1,1,2,0,2,2,1,3,1,50,,2,1,0,0,1,27.0,30.0,,,1,2,3,1,3
202100047043,2021-03-20 11:50:00,2021,3,20,11,50,37,37261,LOUIS XI (BOULEVARD),47.3740756605,0.6748115769,Plein jour,En agglomération,Hors intersection,Normale,Autre collision,4,3,4,0,1,1,1,0,1,50,,3,2,0,0,1,48.0,44.0,,,1,2,1,1,6
202100047044,2021-03-22 15:45:00,2021,3,22,15,45,33,33063,Boulevard Joliot-Curie,44.837645,-0.548276,Plein jour,En agglomération,Intersection en T,Normale,Deux véhicules - arrière,4,3,4,0,1,3,1,0,1,50,,2,1,0,0,1,49.0,31.0,,,1,2,3,1,2
202100047045,2021-03-22 15:30:00,2021,3,22,15,30,33,33522,Cours de la Libération,44.8067,-0.59172,Plein jour,En agglomération,Intersection en X,Normale,Trois véhicules et plus - en chaîne,4,3,2,0,1,1,1,8,1,50,,3,1,0,0,2,73.0,22.0,,,1,2,2,1,4
202100047046,2021-03-20 17:30:00,2021,3,20,17,30,30,30189,baillet claude,43.81044,4.36062,Plein jour,En agglomération,Hors intersection,Normale,Autre collision,4,2,4,0,1,1,1,0,1,50,,2,1,0,0,1,59.0,,,,1,2,1,1,6
202100047047,2021-03-22 16:40:00,2021,3,22,16,40,30,30007,LUMIERES (AVE DES FRERES),44.13973,4.08991,Plein jour,En agglomération,Hors intersection,Normale,Autre collision,4,3,2,0,1,1,1,0,8,50,,2,1,0,0,1,71.0,,,,1,2,1,1,6
202100047048,2021-03-22 19:40:00,2021,3,22,19,40,17,17300,STADE   RUE DU,46.16058,-1.17929,Nuit avec éclairage allumé,En agglomération,Intersection en X,Normale,Deux véhicules - côté,4,2,2,0,1,1,1,0,1,30,,2,0,0,0,2,29.0,84.0,,,5,2,2,1,3
202100047049,2021-03-21 08:45:00,2021,3,21,8,45,15,15014,Avenue du Plomb du Cantal,44.91225,2.43686,Plein jour,En agglomération,Autre intersection,Normale,Autre collision,2,3,4,0,1,1,1,5,1,50,,2,1,0,0,1,56.0,,,,1,2,9,1,6
202100047050,2021-03-22 08:25:00,2021,3,22,8,25,14,14118,Rue de Falaise,49.16331,-0.3494,Plein jour,En agglomération,Hors intersection,Normale,Deux véhicules - frontale,4,2,2,0,1,1,1,0,1,50,,2,1,0,0,1,12.0,27.0,,,1,2,1,1,1
202100047051,2021-03-22 11:30:00,2021,3,22,11,30,09,09122,CROS (cours Irénée),42.96781,1.60833,Plein jour,En agglomération,Hors intersection,Normale,Deux véhicules - arrière,3,2,2,0,1,1,1,0,1,50,,3,2,0,0,1,76.0,87.0,,,1,2,1,1,2
202100047052,2021-03-22 14:45:00,2021,3,22,14,45,06,06104,"VERDUN (AVENUE DE, N° 131 ET +)",43.76039,7.47789,Plein jour,En agglomération,Hors intersection,Normale,Autre collision,3,2,2,0,2,1,1,9,1,30,,2,1,0,1,0,23.0,23.0,,,1,2,1,1,6
202100047053,2021-03-22 10:10:00,2021,3,22,10,10,06,06083,MORILLOT (RUE PAUL),43.767679,7.487332,Plein jour,En agglomération,Hors intersection,Normale,Sans collision,4,1,1,0,1,2,1,0,1,50,,1,0,0,1,0,45.0,,,,1,2,1,1,7
202100047054,2021-03-22 18:08:00,2021,3,22,18,8,75,75105,QUAI DE LA TOURNELLE,48.850701,2.352593,Plein jour,En agglomération,Intersection en T,Normale,Deux véhicules - côté,4,2,1,1,1,1,1,-1,5,50,,2,0,0,0,2,53.0,13.0,,,1,2,3,1,3
202100047055,2021-03-19 14:20:00,2021,3,19,14,20,75,75115,RUE PAUL BARRUEL,48.83674,2.306339,Plein jour,En agglomération,Intersection en Y,Normale,Deux véhicules - côté,4,2,2,0,2,1,1,0,1,50,,2,1,0,0,1,33.0,59.0,,,1,2,4,1,3
202100047056,2021-03-22 12:20:00,2021,3,22,12,20,75,75113,BOULEVARD DE L HOPITAL,48.8387045378,2.3608964682,Plein jour,En agglomération,Intersection en Y,Normale,Deux véhicules - côté,4,2,2,0,2,1,1,0,1,50,,3,2,0,0,1,38.0,29.0,,,1,2,4,1,3
202100047057,2021-03-21 19:00:00,2021,3,21,19,0,75,75112,PONT CHARLES DE GAULLE,48.842951,2.369862,Nuit avec éclairage allumé,En agglomération,Hors intersection,Normale,Trois véhicules et plus - en chaîne,4,2,5,0,1,1,1,2,1,50,,3,2,0,0,1,31.0,58.0,,,5,2,1,1,4
202100047058,2021-03-21 19:45:00,2021,3,21,19,45,75,75112,BOULEVARD DIDEROT,48.847606,2.389075,Nuit avec éclairage non allumé,En agglomération,Intersection en X,Normale,Autre collision,4,2,2,0,1,1,1,0,1,50,,3,1,0,0,2,53.0,,,,4,2,2,1,6
202100047059,2021-03-22 14:25:00,2021,3,22,14,25,75,75111,BOULEVARD VOLTAIRE,48.855324,2.38428,Plein jour,En agglomération,Intersection en X,Normale,Deux véhicules - côté,4,2,2,1,1,1,1,-1,5,30,,2,1,0,0,1,42.0,67.0,,,1,2,2,1,3
202100047060,2021-03-22 16:45:00,2021,3,22,16,45,75,75110,RUE DU CHATEAU D EAU,48.869864,2.360715,Plein jour,En agglomération,Intersection en X,Normale,Autre collision,4,4,1,0,1,1,1,0,1,50,,2,0,0,0,2,32.0,,,,1,2,2,1,6
202100047061,2021-03-22 16:05:00,2021,3,22,16,5,94,94003,Avenue Jean Jaurès,48.810659,2.332398,Plein jour,En agglomération,Hors intersection,Normale,Deux véhicules - arrière,3,2,0,0,2,1,1,0,1,50,,2,1,0,0,1,28.0,30.0,,,1,2,1,1,2