accident_id,datetime,annee,mois,jour,heure,minute,departement,commune_insee,adresse,latitude,longitude,luminosite,agglomeration,intersection,meteo,collision,catr,circ,nbv,vosp,prof,plan,surf,infra,situ,vma,nb_vehicules,nb_usagers,nb_indemnes,nb_tues,nb_blesses_hosp,nb_blesses_legers,age_cond_1,age_cond_2,veh_type_cond_1,veh_type_cond_2,lum_code,agg_code,int_code,atm_code,col_code
202100047062,2021-03-22 14:30:00,2021,3,22,14,30,94,94033,DALAYRAC (R),48.84965,2.45643,Plein jour,En agglomération,Intersection en X,Temps couvert,Deux véhicules - frontale,3,2,2,0,1,1,1,5,1,50,,2,1,0,0,1,52.0,32.0,,,1,2,2,8,1
202100047063,2021-03-22 13:20:00,2021,3,22,13,20,93,93077,ROSNY (AVENUE DE),48.88398,2.50043,Plein jour,En agglomération,Hors intersection,Normale,Deux véhicules - côté,3,1,2,0,1,1,1,0,1,50,,2,1,0,0,1,65.0,24.0,,,1,2,1,1,3
202100047064,2021-03-21 16:40:00,2021,3,21,16,40,93,93032,ARISTIDE BRIAND (RUE),48.8827025079,2.5349967315,Plein jour,En agglomération,Intersection en X,Normale,Deux véhicules - côté,3,2,2,0,1,1,1,0,1,50,,4,2,0,0,2,46.0,41.0,,,1,2,2,1,3
202100047065,2021-03-22 13:58:00,2021,3,22,13,58,92,92073,VAILLANT (AVENUE EDOUARD),48.86263,2.20864,Plein jour,En agglomération,Hors intersection,Normale,Autre collision,4,2,2,0,1,1,1,0,1,50,,2,1,0,0,1,52.0,,,,1,2,1,1,6
202100047066,2021-03-22 14:10:00,2021,3,22,14,10,92,92044,DANTON(RUE)75A123 ET 90A134,48.8927987264,2.2813186795,Plein jour,En agglomération,Hors intersection,Normale,Sans collision,4,1,2,1,1,1,1,0,1,50,,2,1,0,0,1,18.0,,,,1,2,1,1,7
202100047067,2021-03-20 19:15:00,2021,3,20,19,15,92,92036,GENERAL DE GAULLE (AVENUE) (PAIRS),48.9332130353,2.3053371906,Plein jour,En agglomération,Hors intersection,Normale,Trois véhicules et plus - collisions multiples,3,2,2,0,1,1,1,0,1,50,,3,1,0,0,2,45.0,43.0,,,1,2,1,1,5
202100047068,2021-03-22 15:15:00,2021,3,22,15,15,92,92004,ARGENTEUIL AV D',48.91048,2.28583,Plein jour,En agglomération,Hors intersection,Temps couvert,Deux véhicules - côté,3,2,2,0,1,1,1,0,1,50,,3,2,0,0,1,23.0,77.0,,,1,2,1,8,3
202100047069,2021-03-23 06:30:00,2021,3,23,6,30,44,44180,La Croix d'Albois (Maumusson),47.453833,-1.118073,Crépuscule ou aube,Hors agglomération,Hors intersection,Normale,Deux véhicules - frontale,3,-1,2,0,1,1,1,0,1,-1,,2,0,0,1,1,55.0,39.0,,,2,1,1,1,1
202100047070,2021-03-23 13:00:00,2021,3,23,13,0,49,49244,L'Ile Bigeard (st Laurent-du-mottay),47.372169,-0.965407,Plein jour,Hors agglomération,Hors intersection,Normale,Autre collision,3,2,2,0,1,1,1,0,1,70,,1,0,0,1,0,53.0,,,,1,1,1,1,6
202100047071,2021-03-22 17:15:00,2021,3,22,17,15,86,86285,D13,46.413245,0.628538,Plein jour,Hors agglomération,Intersection en X,Normale,Deux véhicules - côté,3,2,2,0,1,1,1,0,1,80,,2,1,0,1,0,67.0,30.0,,,1,1,2,1,3
202100047072,2021-03-22 13:30:00,2021,3,22,13,30,06,06149,Route de Villefranche,43.729933,7.309577,Plein jour,Hors agglomération,Hors intersection,Normale,Autre collision,4,2,2,0,2,4,1,0,1,50,,1,0,0,1,0,38.0,,,,1,1,1,1,6
202100047073,2021-03-23 07:50:00,2021,3,23,7,50,31,31253,Route de Saint-clar,43.468101,1.234524,Plein jour,Hors agglomération,Intersection en T,Normale,Deux véhicules - côté,3,2,2,0,1,1,1,0,1,80,,2,0,0,0,2,20.0,31.0,,,1,1,3,1,3
202100047074,2021-03-23 12:10:00,2021,3,23,12,10,10,10030,Route de Troyes,48.3303275059,4.038351774,Plein jour,En agglomération,Giratoire,Normale,Deux véhicules - côté,3,2,2,0,1,1,1,0,1,50,,2,1,1,0,0,71.0,48.0,,,1,2,6,1,3
202100047075,2021-03-23 07:45:00,2021,3,23,7,45,28,28012,RD 927,48.078839,1.162727,Crépuscule ou aube,Hors agglomération,Hors intersection,Temps éblouissant,Deux véhicules - arrière,3,2,2,0,4,1,1,0,1,90,,2,1,0,1,0,22.0,65.0,,,2,1,1,7,2
202100047076,2021-03-21 16:53:00,2021,3,21,16,53,28,28088,9 Place de la Liberté,48.075305,1.34472,Plein jour,En agglomération,Place,Normale,Autre collision,4,1,1,3,1,1,1,6,1,30,,2,1,0,1,0,71.0,,,,1,2,7,1,6
202100047077,2021-03-22 17:40:00,2021,3,22,17,40,972,97221,Rue du Morne Costet,14.523966,-60.974786,Plein jour,En agglomération,Hors intersection,Normale,Autre collision,3,2,2,0,2,1,1,0,1,50,,3,2,0,1,0,60.0,23.0,,,1,2,1,1,6
202100047078,2021-03-22 17:15:00,2021,3,22,17,15,84,84056,D950a,44.1169309509,4.879699945,Plein jour,En agglomération,Hors intersection,Vent fort / tempête,Deux véhicules - frontale,3,2,2,0,1,1,1,0,1,50,,2,1,0,1,0,21.0,,,,1,2,1,6,1
202100047079,2021-03-22 12:55:00,2021,3,22,12,55,26,26337,Autoroute du Soleil,44.680677,4.797335,Plein jour,Hors agglomération,Hors intersection,Normale,Deux véhicules - côté,1,1,3,0,1,1,1,0,1,110,,5,0,0,0,5,55.0,38.0,,,1,1,1,1,3
202100047080,2021-03-23 09:10:00,2021,3,23,9,10,83,83043,Route des Maures,43.235999,6.286775,Plein jour,Hors agglomération,Hors intersection,Normale,Deux véhicules - frontale,3,2,2,0,1,1,1,0,1,80,,2,1,1,0,0,41.0,44.0,,,1,1,1,1,1
202100047081,2021-03-22 16:55:00,2021,3,22,16,55,62,62261,rue des iris,50.481611,1.614689,Plein jour,En agglomération,Hors intersection,Temps éblouissant,Deux véhicules - arrière,4,2,2,0,1,1,1,0,1,50,,2,1,0,1,0,70.0,77.0,,,1,2,1,7,2
202100047082,2021-03-22 12:45:00,2021,3,22,12,45,30,30047,D6113,43.8035,4.4058,Plein jour,Hors agglomération,Giratoire,Vent fort / tempête,Deux véhicules - côté,3,2,2,0,1,2,1,5,1,80,,2,1,0,0,1,33.0,20.0,,,1,1,6,6,3
202100047083,2021-03-22 15:45:00,2021,3,22,15,45,33,33348,,45.358286,-1.002229,Plein jour,Hors agglomération,Intersection en X,Normale,Deux véhicules - côté,3,2,2,0,1,1,1,0,1,80,,3,2,0,1,0,23.0,29.0,,,1,1,2,1,3
202100047084,2021-03-22 16:45:00,2021,3,22,16,45,32,32107,54 Boulevard Saint - Michel,43.953501,0.372891,Plein jour,En agglomération,Hors intersection,Normale,Autre collision,4,2,2,0,1,3,1,0,3,50,,2,0,0,1,1,59.0,,,,1,2,1,1,6
202100047085,2021-03-23 16:55:00,2021,3,23,16,55,63,63055,Rue du Vegou,45.839896,2.816016,Plein jour,En agglomération,Intersection en T,Normale,Deux véhicules - frontale,4,2,2,0,4,2,1,0,1,50,,2,1,0,1,0,14.0,47.0,,,1,2,3,1,1
202100047086,2021-03-23 15:45:00,2021,3,23,15,45,46,46309,Boulevard Louis Jean Malvy,44.895002,1.479278,Plein jour,En agglomération,Hors intersection,Normale,Autre collision,3,2,2,0,2,1,1,0,1,50,,3,2,0,1,0,23.0,,,,1,2,1,1,6
202100047087,2021-03-23 15:30:00,2021,3,23,15,30,38,38229,chemin des pépinières,45.203366,5.769249,Plein jour,En agglomération,Hors intersection,Normale,Sans collision,4,1,1,1,2,2,1,0,1,30,,1,0,0,1,0,23.0,,,,1,2,1,1,7
202100047088,2021-03-22 17:40:00,2021,3,22,17,40,03,03286,RN 7,46.510806,3.356589,Plein jour,Hors agglomération,Hors intersection,Normale,Trois véhicules et plus - en chaîne,2,3,4,0,1,1,1,0,1,110,,4,2,0,0,2,53.0,29.0,,,1,1,1,1,4
202100047089,2021-03-22 18:00:00,2021,3,22,18,0,01,01389,D27b,46.0432097851,4.9382954836,Plein jour,Hors agglomération,Intersection en X,Temps éblouissant,Deux véhicules - côté,3,2,2,0,1,1,1,0,1,80,,2,1,0,0,1,51.0,51.0,,,1,1,2,7,3
202100047090,2021-03-23 14:50:00,2021,3,23,14,50,64,64417,Chemin de la Montjoie,43.1785416585,-0.2572979753,Plein jour,En agglomération,Hors intersection,Normale,Autre collision,3,2,2,0,1,1,1,0,1,50,,2,1,0,1,0,48.0,,,,1,2,1,1,6
202100047091,2021-03-22 19:50:00,2021,3,22,19,50,24,24547,D6089,45.128917,1.314508,Nuit sans éclairage public,En agglomération,Autre intersection,Normale,Deux véhicules - frontale,3,2,2,0,1,1,1,0,3,50,,2,0,0,0,2,51.0,59.0,,,3,2,9,1,1
202100047092,2021-03-23 18:30:00,2021,3,23,18,30,85,85193,Les Ruelles,46.533506,-1.28068,Plein jour,Hors agglomération,Hors intersection,Normale,Sans collision,3,2,2,0,1,1,1,0,1,80,,1,0,0,1,0,17.0,,,,1,1,1,1,7
202100047093,2021-03-23 12:07:00,2021,3,23,12,7,30,30061,D936,43.9142765903,4.2653706372,Plein jour,Hors agglomération,Intersection en T,Normale,Deux véhicules - côté,3,2,2,0,1,1,1,0,1,-1,,2,1,0,1,0,45.0,51.0,,,1,1,3,1,3
202100047094,2021-03-21 15:00:00,2021,3,21,15,0,62,62628,Rue Jean Monnet,50.431332,2.865517,Plein jour,En agglomération,Hors intersection,Temps couvert,Autre collision,4,1,1,0,2,3,1,0,3,50,,2,1,0,1,0,23.0,,,,1,2,1,8,6
202100047095,2021-03-23 07:25:00,2021,3,23,7,25,974,97422,Impasse des Cypres,-21.196521,55.533376,Plein jour,En agglomération,Hors intersection,Normale,Sans collision,4,2,2,0,3,1,1,0,1,50,,1,0,0,0,1,21.0,,,,1,2,1,1,7
202100047096,2021-03-23 08:00:00,2021,3,23,8,0,973,97304,20 Avenue des 2 Lacs,5.162955,-52.651349,Plein jour,En agglomération,Hors intersection,Pluie légère,Deux véhicules - frontale,4,2,2,0,1,1,2,0,1,50,,4,1,0,1,2,34.0,25.0,,,1,2,1,2,1
202100047097,2021-03-23 17:25:00,2021,3,23,17,25,77,77153,Rue Louis Braille,49.049335,2.673449,Plein jour,En agglomération,Intersection en T,Normale,Deux véhicules - côté,3,2,2,0,4,1,1,0,1,50,,5,2,1,0,2,21.0,37.0,,,1,2,3,1,3
202100047098,2021-03-23 16:30:00,2021,3,23,16,30,2B,2B029,D81,42.683816,9.381455,Plein jour,Hors agglomération,Hors intersection,Normale,Deux véhicules - frontale,3,2,2,0,2,3,1,0,1,80,,3,1,0,1,1,75.0,37.0,,,1,1,1,1,1
202100047099,2021-03-23 16:45:00,2021,3,23,16,45,34,34276,Le Galion - Allée Eugene Saumade,43.768638,3.863808,Plein jour,En agglomération,Place,Normale,Autre collision,5,-1,2,0,1,1,9,9,8,-1,,2,1,0,0,1,18.0,,,,1,2,7,1,6
202100047100,2021-03-23 13:05:00,2021,3,23,13,5,83,83104,"les plantiers, D 561",43.613133,5.737975,Plein jour,Hors agglomération,Hors intersection,Normale,Deux véhicules - frontale,3,2,2,0,1,1,1,0,1,70,,4,2,1,1,0,49.0,41.0,,,1,1,1,1,1
202100047101,2021-03-19 11:30:00,2021,3,19,11,30,06,06048,Route Rd 15 la Roseyre,43.789804,7.331439,Plein jour,En agglomération,Hors intersection,Normale,Deux véhicules - frontale,3,2,2,0,1,1,1,0,1,50,,2,1,0,0,1,61.0,29.0,,,1,2,1,1,1
202100047102,2021-03-23 11:00:00,2021,3,23,11,0,68,68246,RD 468,47.989074,7.535827,Plein jour,Hors agglomération,Intersection en T,Normale,Deux véhicules - côté,3,2,2,0,1,1,1,0,1,80,,2,0,0,2,0,70.0,53.0,,,1,1,3,1,3
202100047103,2021-03-23 08:35:00,2021,3,23,8,35,69,69072,MOULIN CARRON (DU) (CHM),45.807149,4.764799,Plein jour,En agglomération,Intersection en T,Normale,Sans collision,4,2,2,0,1,1,1,5,1,50,,1,0,0,1,0,40.0,,,,1,2,3,1,7
202100047104,2021-03-23 18:06:00,2021,3,23,18,6,60,60338,D210,49.35922,2.771259,Plein jour,Hors agglomération,Hors intersection,Normale,Deux véhicules - arrière,3,2,2,0,2,1,1,0,1,50,,4,3,0,0,1,30.0,40.0,,,1,1,1,1,2
202100047105,2021-03-17 21:40:00,2021,3,17,21,40,69,69199,RD383,45.71608,4.84684,Nuit avec éclairage allumé,Hors agglomération,Autre intersection,Normale,Deux véhicules - côté,7,1,4,0,3,3,1,3,1,50,,2,1,0,0,1,60.0,52.0,,,5,1,9,1,3
202100047106,2021-03-19 14:30:00,2021,3,19,14,30,62,62637,AUTOROUTE A1,50.45749,2.97266,Plein jour,Hors agglomération,Hors intersection,Normale,Trois véhicules et plus - en chaîne,1,3,4,0,1,1,1,0,1,130,,4,2,0,2,0,47.0,62.0,,,1,1,1,1,4
202100047107,2021-03-20 03:00:00,2021,3,20,3,0,59,59383,AUTOROUTE A2,50.33929,3.533969,Nuit sans éclairage public,Hors agglomération,Hors intersection,Normale,Autre collision,1,3,4,0,1,1,1,0,1,110,,1,0,1,0,0,24.0,,,,3,1,1,1,6
202100047108,2021-03-22 15:55:00,2021,3,22,15,55,91,91064,RN 118,48.76496,2.22956,Plein jour,Hors agglomération,Hors intersection,Normale,Deux véhicules - arrière,2,3,3,0,2,1,1,0,1,90,,2,1,0,0,1,39.0,39.0,,,1,1,1,1,2
202100047109,2021-03-22 21:20:00,2021,3,22,21,20,93,93066,AUTOROUTE A1,48.91388,2.3577,Nuit avec éclairage allumé,Hors agglomération,Hors intersection,Normale,Sans collision,1,3,8,0,1,1,1,1,1,90,,2,1,0,0,1,32.0,,,,5,1,1,1,7
202100047110,2021-03-22 17:15:00,2021,3,22,17,15,95,95678,RN 184,49.05901,2.21027,Plein jour,Hors agglomération,Hors intersection,Normale,Autre collision,2,3,4,0,1,3,1,0,1,90,,1,0,0,0,1,21.0,,,,1,1,1,1,6
202100047111,2021-03-22 14:10:00,2021,3,22,14,10,95,95018, A15,48.95977,2.27221,Plein jour,Hors agglomération,Hors intersection,Normale,Deux véhicules - arrière,1,3,11,0,1,1,1,0,1,90,,2,0,0,0,2,33.0,38.0,,,1,1,1,1,2
202100047112,2021-03-12 10:35:00,2021,3,12,10,35,93,93008,AUTOROUTE A86,48.9088,2.44935,Plein jour,Hors agglomération,Hors intersection,Autre,Deux véhicules - arrière,1,3,6,0,1,1,1,1,1,90,,2,1,0,0,1,43.0,38.0,,,1,1,1,9,2
202100047113,2021-03-22 08:05:00,2021,3,22,8,5,93,93066,AUTOROUTE A1,48.93352,2.37799,Plein jour,Hors agglomération,Hors intersection,Normale,Deux véhicules - côté,1,3,10,0,1,1,1,0,1,90,,2,1,0,1,0,50.0,38.0,,,1,1,1,1,3
202100047114,2021-03-22 08:35:00,2021,3,22,8,35,95,95572,RN 184,49.03543,2.11632,Plein jour,Hors agglomération,Hors intersection,Normale,Trois véhicules et plus - en chaîne,2,3,4,0,1,1,1,0,1,90,,3,2,0,0,1,52.0,67.0,,,1,1,1,1,4
202100047115,2021-03-22 09:15:00,2021,3,22,9,15,75,75112,A4,48.82,2.46,Plein jour,Hors agglomération,Hors intersection,Normale,Deux véhicules - arrière,1,-1,8,0,1,1,1,0,1,90,,2,1,0,0,1,40.0,44.0,,,1,1,1,1,2
202100047116,2021-03-21 17:30:00,2021,3,21,17,30,69,69386,CREQUI (DE)  (R),45.76813,4.84619,Plein jour,En agglomération,Intersection en X,Normale,Deux véhicules - côté,4,1,1,2,1,1,1,0,1,30,,3,2,0,0,1,29.0,31.0,,,1,2,2,1,3
202100047117,2021-03-21 10:08:00,2021,3,21,10,8,69,69385,AQUEDUCS (DES) (R),45.7581378204,4.7951691851,Plein jour,En agglomération,Hors intersection,Normale,Autre collision,4,-1,1,0,1,1,1,0,1,50,,2,1,0,0,1,86.0,,,,1,2,1,1,6
202100047118,2021-03-20 20:20:00,2021,3,20,20,20,91,91223,MAI 1945 (AVENUE DU 8),48.4411,2.14656,Nuit avec éclairage allumé,En agglomération,Hors intersection,Normale,Autre collision,3,2,2,0,2,1,1,0,3,50,,1,0,0,1,0,37.0,,,,5,2,1,1,6
202100047119,2021-03-21 09:55:00,2021,3,21,9,55,77,77517,D 34 DE CLAYE A CHELLES,48.91079,2.64101,Plein jour,Hors agglomération,Giratoire,Normale,Deux véhicules - arrière,3,-1,3,0,1,3,1,5,1,80,,3,1,0,0,2,72.0,43.0,,,1,1,6,1,2
202100047120,2021-03-20 07:45:00,2021,3,20,7,45,73,73011,FONTANET (AV.) RUISSEAU CHIRIAC A WINNED,45.6599218141,6.3681608197,Plein jour,En agglomération,Giratoire,Normale,Deux véhicules - côté,4,2,2,0,1,2,1,5,1,50,,2,1,0,0,1,24.0,30.0,,,1,2,6,1,3
202100047121,2021-03-21 21:05:00,2021,3,21,21,5,69,69282,REPUBLIQUE (DE LA) (R),45.76669,5.00361,Nuit avec éclairage allumé,En agglomération,Intersection en X,Normale,Deux véhicules - côté,4,2,2,0,1,1,1,0,1,50,,3,2,0,0,1,24.0,27.0,,,5,2,2,1,3
202100047122,2021-03-03 15:10:00,2021,3,3,15,10,59,59560,EPINETTE ROND POINT DE L,50.54779,3.0487,Plein jour,Hors agglomération,Autre intersection,Normale,Deux véhicules - côté,7,1,2,0,1,2,1,0,1,50,,2,1,0,0,1,49.0,42.0,,,1,1,9,1,3
202100047123,2021-03-21 18:35:00,2021,3,21,18,35,44,44109,BOULEVARD GENERAL DE GAULLE,47.2051,-1.5379,Plein jour,En agglomération,Hors intersection,Normale,Deux véhicules - côté,4,3,2,3,1,1,1,0,1,30,,6,5,0,0,1,24.0,38.0,,,1,2,1,1,3
202100047124,2021-03-21 10:10:00,2021,3,21,10,10,44,44135,OCÉAN ( AVENUE DE L' ),47.27319,-2.43213,Plein jour,En agglomération,Intersection en T,Normale,Autre collision,4,2,2,0,1,1,1,5,1,50,,3,1,0,1,1,30.0,73.0,,,1,2,3,1,6
202100047125,2021-03-21 18:35:00,2021,3,21,18,35,35,35238,SAINT-HELIER,48.105985,-1.666524,Plein jour,En agglomération,Hors intersection,Normale,Deux véhicules - côté,4,2,2,1,1,1,1,0,1,50,,2,1,0,0,1,42.0,40.0,,,1,2,1,1,3
202100047126,2021-03-21 02:20:00,2021,3,21,2,20,35,35238,DE LATTRE DE TASSIGNY (BD MARECHAL),48.117852,-1.686266,Nuit avec éclairage allumé,En agglomération,Hors intersection,Normale,Deux véhicules - arrière,4,1,2,2,2,1,1,0,1,50,,3,1,0,0,2,38.0,25.0,,,5,2,1,1,2
202100047127,2021-03-16 13:30:00,2021,3,16,13,30,35,35115,NANCON (RUE DU),48.353102,-1.207807,Plein jour,En agglomération,Hors intersection,Normale,Deux véhicules - frontale,4,1,1,0,1,3,1,0,1,30,,2,1,0,0,1,18.0,20.0,,,1,2,1,1,1
202100047128,2021-03-21 04:00:00,2021,3,21,4,0,29,29019,Rue du Commandant Drogou,48.4043536908,-4.4909620285,Nuit avec éclairage allumé,En agglomération,Hors intersection,Normale,Autre collision,4,2,2,0,1,1,1,0,1,50,,1,0,0,0,1,24.0,,,,5,2,1,1,6
202100047129,2021-03-21 17:30:00,2021,3,21,17,30,29,29019,Rue Traverse,48.38485,-4.48908,Plein jour,En agglomération,Intersection en X,Normale,Deux véhicules - côté,4,-1,2,0,2,1,1,5,1,50,,3,1,0,0,2,37.0,83.0,,,1,2,2,1,3
202100047130,2021-03-21 14:43:00,2021,3,21,14,43,25,25056,TILLEROYES CHEMIN DES,47.24146,5.97856,Plein jour,En agglomération,Intersection en T,Normale,Deux véhicules - côté,4,2,2,0,1,1,1,0,1,50,,2,1,0,0,1,17.0,42.0,,,1,2,3,1,3
202100047131,2021-03-21 17:00:00,2021,3,21,17,0,13,13208,GOUDES (CHEMIN DES),43.226052,5.348336,Plein jour,En agglomération,Hors intersection,Normale,Deux véhicules - frontale,4,2,2,0,1,1,1,0,1,50,,3,0,0,1,2,21.0,28.0,,,1,2,1,1,1
202100047132,2021-03-16 13:40:00,2021,3,16,13,40,13,13028,DULAC (AVENUE GUILLAUME),43.20053,5.62053,Plein jour,En agglomération,Hors intersection,Normale,Deux véhicules - côté,4,2,2,0,1,1,1,0,1,50,,2,1,0,1,0,54.0,40.0,,,1,2,1,1,3
202100047133,2021-03-21 10:50:00,2021,3,21,10,50,11,11069,BUNAU VARILLA -AV-,43.21074,2.34105,Plein jour,En agglomération,Hors intersection,Normale,Autre collision,3,2,2,0,1,1,1,0,1,50,,2,1,0,0,1,42.0,,,,1,2,1,1,6
202100047134,2021-03-21 10:35:00,2021,3,21,10,35,07,07102,SADI-CARNOT (AVEN.) [DU N° AU N°],44.93127,4.877687,Plein jour,En agglomération,Autre intersection,Normale,Deux véhicules - côté,4,3,2,0,1,1,1,0,1,50,,2,1,0,0,1,30.0,75.0,,,1,2,9,1,3
202100047135,2021-03-21 17:00:00,2021,3,21,17,0,06,06027,GRASSE AVENUE DE,43.65899,7.13698,Plein jour,En agglomération,Giratoire,Normale,Deux véhicules - côté,7,1,1,0,1,2,1,0,1,50,,2,1,0,0,1,40.0,44.0,,,1,2,6,1,3
202100047136,2021-03-20 15:52:00,2021,3,20,15,52,75,75113,BOULEVARD DE L HOPITAL,48.832232,2.356061,Plein jour,En agglomération,Place,Normale,Autre collision,4,2,3,0,1,1,1,0,1,50,,2,1,0,1,0,19.0,,,,1,2,7,1,6
202100047137,2021-03-21 16:10:00,2021,3,21,16,10,75,75105,RUE DES ECOLES,48.849117,2.346644,Plein jour,En agglomération,Intersection en X,Normale,Deux véhicules - côté,4,2,3,0,1,1,1,0,1,50,,2,1,0,0,1,53.0,68.0,,,1,2,2,1,3
202100047138,2021-03-21 16:30:00,2021,3,21,16,30,75,75119,AVENUE SIMON BOLIVAR,48.878796,2.374348,Plein jour,En agglomération,Hors intersection,Normale,Deux véhicules - côté,4,2,3,0,1,1,1,0,4,50,,2,1,0,0,1,,19.0,,,1,2,1,1,3
202100047139,2021-03-21 19:10:00,2021,3,21,19,10,75,75114,BOULEVARD JOURDAN,48.822167,2.330363,Nuit avec éclairage allumé,En agglomération,Intersection en X,Normale,Deux véhicules - côté,4,3,2,1,2,1,1,-1,5,50,,3,2,0,0,1,38.0,27.0,,,5,2,2,1,3
202100047140,2021-03-21 11:30:00,2021,3,21,11,30,75,75112,AVENUE DAUMESNIL,48.8360723994,2.405157973,Plein jour,En agglomération,Hors intersection,Normale,Deux véhicules - arrière,4,2,1,0,1,1,1,0,1,50,,3,2,0,0,1,25.0,49.0,,,1,2,1,1,2
202100047141,2021-03-18 19:50:00,2021,3,18,19,50,75,75112,AVENUE DE GRAVELLE,48.824118,2.422038,Nuit avec éclairage allumé,En agglomération,Hors intersection,Normale,Sans collision,4,2,2,0,1,1,1,0,1,50,,1,0,0,0,1,24.0,,,,5,2,1,1,7
202100047142,2021-03-21 14:50:00,2021,3,21,14,50,75,75111,RUE DE LA FOLIE REGNAULT,48.86078,2.386071,Plein jour,En agglomération,Hors intersection,Temps couvert,Deux véhicules - côté,4,2,2,1,1,1,1,-1,5,30,,2,1,0,0,1,34.0,36.0,,,1,2,1,8,3
202100047143,2021-03-20 18:10:00,2021,3,20,18,10,75,75111,BOULEVARD VOLTAIRE,48.854976,2.384849,Plein jour,En agglomération,Hors intersection,Normale,Deux véhicules - côté,4,2,0,0,1,1,1,0,1,50,,2,1,0,0,1,64.0,50.0,,,1,2,1,1,3
202100047144,2021-03-21 12:24:00,2021,3,21,12,24,94,94068,PONT DE CRETEIL - PONT DE CRETEIL (R DU),48.80841,2.47114,Plein jour,En agglomération,Intersection en T,Normale,Deux véhicules - côté,3,3,4,0,1,1,1,0,1,30,,2,1,0,1,0,47.0,50.0,,,1,2,3,1,3
202100047145,2021-03-21 20:45:00,2021,3,21,20,45,93,93063,JAURES RUE JEAN,48.8808174692,2.4419847327,Nuit avec éclairage allumé,En agglomération,Hors intersection,Normale,Autre collision,4,2,2,0,1,1,1,0,1,30,,2,1,1,0,0,22.0,,,,5,2,1,1,6
202100047146,2021-03-21 20:00:00,2021,3,21,20,0,92,92049,DORMOY AVENUE MARX N°2 A 100,48.8099853454,2.3199874163,Nuit avec éclairage allumé,En agglomération,Hors intersection,Normale,Deux véhicules - arrière,3,2,4,0,1,1,1,0,1,50,,2,1,0,0,1,30.0,22.0,,,5,2,1,1,2
202100047147,2021-03-21 11:20:00,2021,3,21,11,20,92,92049,BROSSOLETTE AVENUE PIERRE,48.81281,2.30155,Plein jour,En agglomération,Intersection en T,Normale,Sans collision,3,2,4,1,1,1,1,0,1,50,,1,0,0,0,1,32.0,,,,1,2,3,1,7
202100047148,2021-03-22 15:20:00,2021,3,22,15,20,83,83072,Route du Pont d'Argens,43.466625,6.316817,Plein jour,Hors agglomération,Hors intersection,Normale,Deux véhicules - côté,3,2,2,0,2,3,1,0,1,80,,2,1,0,0,1,25.0,43.0,,,1,1,1,1,3
202100047149,2021-03-22 07:00:00,2021,3,22,7,0,80,80779,A16,50.11107,1.870143,Plein jour,Hors agglomération,Autre intersection,Normale,Autre collision,1,1,4,0,1,1,1,0,1,130,,3,0,0,0,3,36.0,,,,1,1,9,1,6
202100047150,2021-03-19 18:20:00,2021,3,19,18,20,11,11098,A61,43.167635,2.719953,Plein jour,Hors agglomération,Hors intersection,Neige / grêle,Autre collision,1,1,2,0,1,1,9,0,1,130,,3,1,0,2,0,32.0,68.0,,,1,1,1,4,6
202100047151,2021-03-20 16:20:00,2021,3,20,16,20,91,91363,Route de Beauvert,48.645606,2.209625,Plein jour,En agglomération,Hors intersection,Normale,Deux véhicules - côté,3,2,2,0,1,3,1,0,1,50,,2,1,0,0,1,56.0,21.0,,,1,2,1,1,3
202100047152,2021-03-22 17:10:00,2021,3,22,17,10,72,72287,400 Route du Lude,47.847792,0.189729,Plein jour,Hors agglomération,Hors intersection,Normale,Deux véhicules - frontale,3,2,2,0,1,2,1,0,1,90,,6,2,0,0,4,38.0,22.0,,,1,1,1,1,1
202100047153,2021-03-18 14:30:00,2021,3,18,14,30,56,56094,Lieu Dit le Braigno,47.796833,-3.244255,Plein jour,Hors agglomération,Hors intersection,Normale,Sans collision,4,2,2,0,1,1,1,0,1,70,,1,0,1,0,0,58.0,,,,1,1,1,1,7
202100047154,2021-03-17 18:00:00,2021,3,17,18,0,56,56243,Avenue de Geispolsheim,47.653211,-2.720876,Plein jour,En agglomération,Hors intersection,Normale,Autre collision,4,2,2,0,1,1,1,0,1,50,,2,1,0,0,1,47.0,,,,1,2,1,1,6
202100047155,2021-03-22 12:40:00,2021,3,22,12,40,74,74309,D1206,46.132721,6.054455,Plein jour,Hors agglomération,Hors intersection,Normale,Trois véhicules et plus - collisions multiples,3,2,2,0,2,3,1,0,1,80,,3,1,0,1,1,42.0,63.0,,,1,1,1,1,5
202100047156,2021-03-22 06:55:00,2021,3,22,6,55,76,76077,Route du Baillage,49.75916,0.83882,Plein jour,Hors agglomération,Intersection en X,Normale,Deux véhicules - côté,3,2,2,0,1,1,1,5,1,80,,5,0,0,1,4,55.0,27.0,,,1,1,2,1,3
202100047157,2021-03-21 19:00:00,2021,3,21,19,0,32,32054,Lieu dit Breuils,43.695121,0.398694,Plein jour,Hors agglomération,Hors intersection,Normale,Deux véhicules - frontale,4,2,2,0,1,1,1,0,1,80,,3,2,0,1,0,44.0,28.0,,,1,1,1,1,1
202100047158,2021-03-22 10:00:00,2021,3,22,10,0,11,11122,D2113,43.184793,2.588396,Plein jour,En agglomération,Passage à niveau,Vent fort / tempête,Deux véhicules - côté,3,2,2,0,1,1,1,4,6,50,,2,1,0,1,0,40.0,51.0,,,1,2,8,6,3