accident_id,datetime,annee,mois,jour,heure,minute,departement,commune_insee,adresse,latitude,longitude,luminosite,agglomeration,intersection,meteo,collision,catr,circ,nbv,vosp,prof,plan,surf,infra,situ,vma,nb_vehicules,nb_usagers,nb_indemnes,nb_tues,nb_blesses_hosp,nb_blesses_legers,age_cond_1,age_cond_2,veh_type_cond_1,veh_type_cond_2,lum_code,agg_code,int_code,atm_code,col_code
202100047159,2021-03-20 13:05:00,2021,3,20,13,5,71,71014,Route de Chateau-chinon,46.960653,4.282833,Plein jour,Hors agglomération,Hors intersection,Vent fort / tempête,Deux véhicules - côté,3,2,2,0,1,1,1,0,1,80,,2,1,1,0,0,67.0,37.0,,,1,1,1,6,3
202100047160,2021-03-21 13:50:00,2021,3,21,13,50,34,34186,Relais nautique d'Octon,43.650507,3.325235,Plein jour,Hors agglomération,Hors intersection,Normale,Autre collision,6,-1,-1,0,2,1,1,9,1,-1,,1,0,0,1,0,,,,,1,1,1,1,6
202100047161,2021-03-13 17:18:00,2021,3,13,17,18,44,44128,le pigeon blanc,47.562595,-1.864291,Plein jour,Hors agglomération,Hors intersection,Normale,Autre collision,4,2,2,0,1,3,1,0,3,80,,1,0,0,1,0,46.0,,,,1,1,1,1,6
202100047162,2021-03-21 19:38:00,2021,3,21,19,38,31,31517,Mounet,43.332397,1.343347,Nuit sans éclairage public,Hors agglomération,Hors intersection,Normale,Autre collision,3,2,2,0,1,1,1,0,3,80,,4,0,0,1,3,25.0,,,,3,1,1,1,6
202100047163,2021-03-20 09:25:00,2021,3,20,9,25,06,06038,243 chemin du Vignal,43.647993,6.975793,Plein jour,En agglomération,Autre intersection,Normale,Autre collision,4,-1,2,0,4,1,1,0,4,50,,2,1,0,0,1,45.0,,,,1,2,9,1,6
202100047164,2021-03-21 01:20:00,2021,3,21,1,20,64,64191,Avenue de la Gare,43.176527,-0.237907,Nuit avec éclairage allumé,En agglomération,Intersection en Y,Normale,Sans collision,3,2,2,0,3,3,1,0,1,50,,5,1,0,4,0,16.0,,,,5,2,4,1,7
202100047165,2021-03-21 18:00:00,2021,3,21,18,0,73,73082,D204,45.495338,6.073594,Crépuscule ou aube,En agglomération,Hors intersection,Normale,Deux véhicules - frontale,3,2,2,0,2,3,1,0,1,50,,2,1,0,1,0,35.0,49.0,,,2,2,1,1,1
202100047166,2021-03-20 15:00:00,2021,3,20,15,0,07,07349,D86,44.803002,4.786992,Plein jour,Hors agglomération,Hors intersection,Normale,Deux véhicules - côté,3,2,2,0,1,1,1,0,1,80,,2,1,0,0,1,31.0,37.0,,,1,1,1,1,3
202100047167,2021-03-20 15:30:00,2021,3,20,15,30,40,40261,351 Chemin de la Cassiatte,43.668913,-1.235771,Plein jour,En agglomération,Hors intersection,Normale,Autre collision,4,2,2,0,1,1,1,0,8,50,,1,0,0,1,0,35.0,,,,1,2,1,1,6
202100047168,2021-03-19 15:30:00,2021,3,19,15,30,24,24520,D57,44.86393,1.202273,Plein jour,Hors agglomération,Hors intersection,Temps éblouissant,Deux véhicules - côté,3,2,2,0,2,1,1,0,1,80,,4,2,0,0,2,70.0,33.0,,,1,1,1,7,3
202100047169,2021-03-20 18:50:00,2021,3,20,18,50,85,85090,Rue Amiral Alquier,46.83318,-0.859669,Crépuscule ou aube,En agglomération,Intersection en T,Normale,Deux véhicules - côté,3,2,-1,-1,1,1,1,0,1,-1,,2,1,0,1,0,18.0,17.0,,,2,2,3,1,3
202100047170,2021-03-22 14:50:00,2021,3,22,14,50,52,52004,D60,48.4619149395,5.2770509717,Plein jour,Hors agglomération,Hors intersection,Normale,Autre collision,3,2,2,0,2,2,1,0,1,90,,2,1,1,0,0,60.0,,,,1,1,1,1,6
202100047171,2021-03-21 19:10:00,2021,3,21,19,10,978,97801,RN7 - Route de la Savane,18.092441,-63.065944,Nuit avec éclairage allumé,En agglomération,Hors intersection,Normale,Deux véhicules - côté,2,2,2,0,4,1,1,0,1,50,,2,1,0,1,0,55.0,37.0,,,5,2,1,1,3
202100047172,2021-03-22 10:00:00,2021,3,22,10,0,13,13051,D15,43.592436,5.121753,Plein jour,En agglomération,Intersection en T,Normale,Deux véhicules - frontale,7,2,2,1,2,2,1,0,1,50,,2,1,0,0,1,64.0,30.0,,,1,2,3,1,1
202100047173,2021-03-22 17:05:00,2021,3,22,17,5,77,77106,rd66,48.812742,3.177755,Plein jour,En agglomération,Intersection en Y,Normale,Deux véhicules - frontale,3,2,2,0,1,1,1,9,1,50,,2,1,0,0,1,25.0,30.0,,,1,2,4,1,1
202100047174,2021-03-21 16:35:00,2021,3,21,16,35,17,17240,18 Avenue de Royan,45.287033,-0.408817,Plein jour,En agglomération,Hors intersection,Normale,Deux véhicules - frontale,3,2,2,0,2,3,1,0,1,50,,2,1,0,1,0,48.0,37.0,,,1,2,1,1,1
202100047175,2021-03-22 08:45:00,2021,3,22,8,45,21,21405,A6 aire de Tailly,46.968878,4.838657,Plein jour,Hors agglomération,Hors intersection,Normale,Deux véhicules - arrière,1,3,5,0,2,1,1,9,1,50,,2,1,1,0,0,80.0,40.0,,,1,1,1,1,2
202100047176,2021-03-22 04:00:00,2021,3,22,4,0,988,98825,Franco - RT1,-21.208559,164.89161,Nuit sans éclairage public,Hors agglomération,Hors intersection,Normale,Deux véhicules - frontale,2,2,2,0,1,1,1,0,1,110,,2,0,1,1,0,35.0,33.0,,,3,1,1,1,1
202100047177,2021-03-21 18:30:00,2021,3,21,18,30,971,97107,N1,16.034069,-61.572865,Nuit sans éclairage public,Hors agglomération,Hors intersection,Normale,Deux véhicules - arrière,2,3,4,0,1,1,1,0,1,110,,7,5,0,0,2,27.0,19.0,,,3,1,1,1,2
202100047178,2021-03-21 20:00:00,2021,3,21,20,0,972,97230,N1,14.736557,-60.976653,Nuit sans éclairage public,Hors agglomération,Hors intersection,Normale,Trois véhicules et plus - collisions multiples,2,2,2,0,2,2,1,0,1,70,,7,2,0,4,1,29.0,46.0,,,3,1,1,1,5
202100047179,2021-03-21 21:40:00,2021,3,21,21,40,34,34023,RD2 route de sete,43.449134,3.691707,Nuit avec éclairage allumé,En agglomération,Giratoire,Normale,Autre collision,3,2,2,0,4,1,1,0,1,50,,1,0,0,1,0,30.0,,,,5,2,6,1,6
202100047180,2021-03-21 15:40:00,2021,3,21,15,40,13,13030,D8n,43.271321,5.683504,Plein jour,Hors agglomération,Intersection en T,Temps éblouissant,Deux véhicules - côté,7,2,2,0,1,1,1,5,1,80,,2,1,0,1,0,31.0,50.0,,,1,1,3,7,3
202100047181,2021-03-22 15:45:00,2021,3,22,15,45,10,10299,route départementale 441,48.535874,4.083867,Plein jour,Hors agglomération,Hors intersection,Normale,Sans collision,3,2,2,0,1,1,1,0,3,90,,1,0,1,0,0,51.0,,,,1,1,1,1,7
202100047182,2021-03-22 17:30:00,2021,3,22,17,30,69,69094,BORDEAUX (DE) (RTE),45.7392170067,4.6889224648,Plein jour,En agglomération,Intersection en T,Normale,Trois véhicules et plus - collisions multiples,3,2,2,0,2,1,1,0,1,50,,3,2,0,1,0,67.0,37.0,,,1,2,3,1,5
202100047183,2021-03-22 16:30:00,2021,3,22,16,30,69,69154,VAUGNERAY (DE) (RTE),45.754409793,4.6592754781,Plein jour,Hors agglomération,Hors intersection,Normale,Autre collision,3,2,2,0,1,1,1,0,1,-1,,2,1,0,1,0,48.0,,,,1,1,1,1,6
202100047184,2021-03-21 19:00:00,2021,3,21,19,0,17,17099,Les Mitilles,45.264553,-0.287732,Plein jour,Hors agglomération,Hors intersection,Normale,Sans collision,4,2,2,0,1,1,1,0,3,80,,1,0,1,0,0,65.0,,,,1,1,1,1,7
202100047185,2021-03-21 14:00:00,2021,3,21,14,0,40,40283,route de l'adour,43.738933,-1.006172,Plein jour,En agglomération,Hors intersection,Normale,Autre collision,3,2,2,0,2,1,1,0,3,50,,1,0,0,1,0,30.0,,,,1,2,1,1,6
202100047186,2021-03-17 12:50:00,2021,3,17,12,50,33,33179,Avenue Francois Mitterand,44.991801,-0.275769,Plein jour,En agglomération,Hors intersection,Normale,Autre collision,3,2,2,0,1,1,1,0,1,50,,2,1,0,1,0,60.0,,,,1,2,1,1,6
202100047187,2021-03-22 16:30:00,2021,3,22,16,30,33,33056,Boulevard Montesquieu,44.907502,-0.639439,Plein jour,En agglomération,Intersection en X,Normale,Autre collision,4,2,3,1,1,1,1,5,8,50,,2,1,0,1,0,23.0,,,,1,2,2,1,6
202100047188,2021-03-21 09:03:00,2021,3,21,9,3,13,13106,A7-Sens Lyon vers Marseille,43.3908604994,5.3509988213,Plein jour,Hors agglomération,Hors intersection,Pluie légère,Deux véhicules - côté,1,-1,3,0,2,1,1,0,1,90,,2,1,0,0,1,50.0,30.0,,,1,1,1,2,3
202100047189,2021-03-21 02:50:00,2021,3,21,2,50,13,13215,A7-Sens Lyon vers Marseille,43.3645,5.3605,Nuit sans éclairage public,Hors agglomération,Hors intersection,Normale,Deux véhicules - arrière,1,3,3,0,1,1,1,0,1,90,,3,2,1,0,0,27.0,26.0,,,3,1,1,1,2
202100047190,2021-03-12 18:00:00,2021,3,12,18,0,69,69029,A43,45.7272,4.91104,Plein jour,Hors agglomération,Hors intersection,Normale,Deux véhicules - côté,1,3,6,0,1,1,1,0,1,70,,2,1,0,0,1,33.0,33.0,,,1,1,1,1,3
202100047191,2021-03-21 11:05:00,2021,3,21,11,5,33,33143,AUTOROUTE A 10,44.957978,-0.448222,Plein jour,Hors agglomération,Hors intersection,Normale,Deux véhicules - côté,1,3,6,0,2,1,1,2,1,130,,3,1,0,0,2,53.0,18.0,,,1,1,1,1,3
202100047192,2021-03-21 15:55:00,2021,3,21,15,55,91,91553,RN 104,48.63138,2.49977,Plein jour,Hors agglomération,Hors intersection,Normale,Autre collision,2,1,2,0,1,1,1,0,1,110,,1,0,0,0,1,20.0,,,,1,1,1,1,6
202100047193,2021-03-21 04:16:00,2021,3,21,4,16,94,94076,AUTOROUTE A6A,48.796,2.34501,Nuit sans éclairage public,Hors agglomération,Hors intersection,Normale,Autre collision,1,1,3,0,1,1,1,0,1,90,,2,1,0,0,1,21.0,55.0,,,3,1,1,1,6
202100047194,2021-03-21 05:10:00,2021,3,21,5,10,94,94076,AUTOROUTE A6A,48.7925354511,2.3446935815,Nuit sans éclairage public,Hors agglomération,Hors intersection,Normale,Deux véhicules - arrière,1,3,3,0,2,1,1,0,1,70,,2,1,0,0,1,21.0,60.0,,,3,1,1,1,2
202100047195,2021-03-21 09:15:00,2021,3,21,9,15,78,78206,A13,48.946854,1.947665,Plein jour,Hors agglomération,Hors intersection,Normale,Autre collision,1,3,6,0,1,1,1,0,1,130,,2,1,0,0,1,20.0,,,,1,1,1,1,6
202100047196,2021-03-21 15:30:00,2021,3,21,15,30,75,75112,A4,48.8227757025,2.4629199094,Plein jour,Hors agglomération,Hors intersection,Normale,Deux véhicules - arrière,1,1,5,0,1,1,1,0,1,90,,2,1,0,0,1,72.0,59.0,,,1,1,1,1,2
202100047197,2021-03-20 08:00:00,2021,3,20,8,0,77,77146,A4.Y,48.8317,2.64757,Plein jour,Hors agglomération,Hors intersection,Normale,Deux véhicules - côté,1,3,8,0,1,1,1,3,1,110,,2,0,0,0,2,27.0,37.0,,,1,1,1,1,3
202100047198,2021-03-19 17:45:00,2021,3,19,17,45,974,97416,AUBEPINES(ALLEE DES),-21.33849,55.48828,Plein jour,Hors agglomération,Hors intersection,Temps couvert,Autre collision,4,2,2,0,2,1,1,0,1,50,,3,0,0,0,3,22.0,,,,1,1,1,8,6
202100047199,2021-03-20 14:10:00,2021,3,20,14,10,974,97411,STADE DE L'EST (RUE DU),-20.90157,55.50166,Plein jour,En agglomération,Intersection en T,Normale,Deux véhicules - côté,4,2,3,0,1,1,1,0,1,50,,2,1,0,0,1,20.0,69.0,,,1,2,3,1,3
202100047200,2021-03-19 12:45:00,2021,3,19,12,45,973,97302,MONTABO (ROUTE DE) 1,4.9445502462,-52.3104765416,Plein jour,En agglomération,Hors intersection,Normale,Deux véhicules - côté,3,2,2,1,1,1,1,0,5,50,,2,1,0,0,1,29.0,29.0,,,1,2,1,1,3
202100047201,2021-03-20 23:30:00,2021,3,20,23,30,69,69199,PIERRE SEMARD                       (BD),45.7051029566,4.8437894806,Nuit avec éclairage allumé,Hors agglomération,Hors intersection,Normale,Deux véhicules - frontale,7,1,1,0,1,1,1,0,8,50,,3,2,0,0,1,,21.0,,,5,1,1,1,1
202100047202,2021-03-20 21:50:00,2021,3,20,21,50,69,69387,TONY GARNIER                        (AV),45.7266,4.8307,Nuit avec éclairage allumé,En agglomération,Intersection en X,Normale,Deux véhicules - côté,4,1,3,0,1,1,1,0,1,50,,2,1,0,1,0,,54.0,,,5,2,2,1,3
202100047203,2021-03-19 12:20:00,2021,3,19,12,20,69,69388,ETATS UNIS (DES) (BD),45.727054004,4.8695343733,Plein jour,En agglomération,Intersection en X,Normale,Deux véhicules - côté,4,3,4,3,1,1,1,0,1,50,,2,1,0,0,1,30.0,42.0,,,1,2,2,1,3
202100047204,2021-03-20 09:00:00,2021,3,20,9,0,69,69142,FONTANIERES (DE) (CHM),45.7495968222,4.8146282136,Plein jour,En agglomération,Autre intersection,Normale,Deux véhicules - côté,4,2,2,0,1,1,1,0,1,30,,2,1,0,0,1,46.0,62.0,,,1,2,9,1,3
202100047205,2021-03-19 09:00:00,2021,3,19,9,0,69,69381,DE LATTRE DE TASSIGNY               (PT),45.77254,4.83778,Plein jour,En agglomération,Hors intersection,Normale,Autre collision,4,1,2,3,1,1,1,0,1,50,,3,1,0,2,0,25.0,,,,1,2,1,1,6
202100047206,2021-03-20 12:15:00,2021,3,20,12,15,2B,2B120,11 - RT,42.65775,9.44165,Plein jour,Hors agglomération,Hors intersection,Normale,Trois véhicules et plus - en chaîne,2,3,4,0,1,1,1,0,1,70,,3,1,0,0,2,36.0,37.0,,,1,1,1,1,4
202100047207,2021-02-13 08:40:00,2021,2,13,8,40,971,97120,PAUL LACAVE,16.24248,-61.53317,Plein jour,En agglomération,Intersection en T,Normale,Autre collision,4,1,1,0,1,1,1,0,1,50,,2,1,0,0,1,39.0,,,,1,2,3,1,6
202100047208,2021-03-20 15:03:00,2021,3,20,15,3,95,95088,Route de Flandres,48.9599435432,2.4483618364,Plein jour,En agglomération,Hors intersection,Normale,Deux véhicules - côté,3,1,1,0,1,1,1,0,1,50,,2,1,0,0,1,55.0,35.0,,,1,2,1,1,3
202100047209,2021-03-20 17:45:00,2021,3,20,17,45,91,91570,MONTLHERY (RUE),48.63409,2.29613,Plein jour,En agglomération,Hors intersection,Normale,Deux véhicules - arrière,3,2,2,0,1,1,1,0,1,50,,3,2,0,0,1,49.0,,,,1,2,1,1,2
202100047210,2021-03-19 18:00:00,2021,3,19,18,0,91,91377,AV DU PRESIDENT J F KENNEDY,48.73676,2.29347,Plein jour,En agglomération,Autre intersection,Normale,Deux véhicules - côté,3,3,2,1,1,1,1,0,1,70,,2,1,0,0,1,60.0,31.0,,,1,2,9,1,3
202100047211,2021-03-20 18:00:00,2021,3,20,18,0,86,86194,Avenue de l’Europe,46.59197,0.34945,Plein jour,En agglomération,Hors intersection,Normale,Deux véhicules - côté,3,2,2,0,1,1,1,0,1,50,,2,1,0,0,1,52.0,61.0,,,1,2,1,1,3
202100047212,2021-03-20 15:15:00,2021,3,20,15,15,69,69256,JACQUES TATI (R),45.75119,4.93201,Plein jour,En agglomération,Intersection en T,Normale,Deux véhicules - côté,4,2,2,0,1,1,1,0,1,50,,2,1,0,0,1,18.0,23.0,,,1,2,3,1,3
202100047213,2021-03-20 08:55:00,2021,3,20,8,55,69,69266,PAUL KRUGER (AV),45.75588,4.8955,Plein jour,En agglomération,Hors intersection,Normale,Deux véhicules - frontale,4,2,2,0,1,3,1,0,1,50,,2,1,1,0,0,35.0,33.0,,,1,2,1,1,1
202100047214,2021-03-20 14:40:00,2021,3,20,14,40,64,64024,BAB (BOULEVARD DU),43.48807,-1.53577,Plein jour,En agglomération,Hors intersection,Normale,Deux véhicules - arrière,4,2,1,0,1,1,1,0,1,50,,2,1,0,0,1,60.0,59.0,,,1,2,1,1,2
202100047215,2021-03-19 22:05:00,2021,3,19,22,5,63,63113,SAINTE MARIE (RUE),45.79271,3.11385,Nuit avec éclairage allumé,En agglomération,Intersection en X,Normale,Deux véhicules - côté,4,2,2,0,1,1,1,0,1,50,,2,1,0,0,1,26.0,21.0,,,5,2,2,1,3
202100047216,2021-03-20 16:25:00,2021,3,20,16,25,61,61001,COLBERT (BOULEVARD),48.434546,0.076417,Plein jour,En agglomération,Intersection en T,Normale,Trois véhicules et plus - collisions multiples,3,-1,2,0,2,1,1,0,1,50,,3,2,1,0,0,20.0,78.0,,,1,2,3,1,5
202100047217,2021-03-17 14:00:00,2021,3,17,14,0,59,59350,DUNKERQUE AVENUE,50.64464,3.0132,Plein jour,En agglomération,Autre intersection,Pluie légère,Autre collision,7,2,2,0,1,1,2,5,1,50,,4,1,0,0,3,51.0,,,,1,2,9,2,6
202100047218,2021-03-19 19:00:00,2021,3,19,19,0,50,50502,PARIS (quartier de La Madeleine),49.1157,-1.07262,Plein jour,En agglomération,Hors intersection,Normale,Deux véhicules - côté,3,2,2,0,1,1,1,0,1,50,,3,2,0,1,0,36.0,38.0,,,1,2,1,1,3
202100047219,2021-03-20 18:15:00,2021,3,20,18,15,49,49007,SAINT MANS SQUARE,47.48577,-0.51212,Crépuscule ou aube,En agglomération,Hors intersection,Normale,Autre collision,4,2,2,0,1,1,1,0,1,50,,1,0,0,0,1,23.0,,,,2,2,1,1,6
202100047220,2021-03-20 15:25:00,2021,3,20,15,25,45,45208,Place du Patis,48.0011223465,2.7309104204,Plein jour,En agglomération,Autre intersection,Normale,Deux véhicules - côté,6,-1,-1,0,1,1,1,0,1,50,,5,3,0,0,2,16.0,20.0,,,1,2,9,1,3
202100047221,2021-03-20 12:50:00,2021,3,20,12,50,42,42095,Rue Victor Hugo,45.38708,4.28459,Plein jour,En agglomération,Hors intersection,Normale,Deux véhicules - côté,4,2,0,0,1,1,1,0,1,50,,2,1,0,1,0,23.0,28.0,,,1,2,1,1,3
202100047222,2021-03-20 11:15:00,2021,3,20,11,15,37,37261,HEURTELOUP (BOULEVARD),47.3948616635,0.7046113583,Plein jour,En agglomération,Giratoire,Normale,Autre collision,4,2,4,0,1,2,1,0,1,50,,2,1,0,0,1,25.0,45.0,,,1,2,6,1,6
202100047223,2021-03-20 19:15:00,2021,3,20,19,15,35,35238,LORIENT (DE),48.10838,-1.71255,Nuit avec éclairage allumé,En agglomération,Hors intersection,Normale,Autre collision,4,3,4,0,1,1,1,0,1,50,,1,0,0,0,1,36.0,,,,5,2,1,1,6
202100047224,2021-03-20 17:50:00,2021,3,20,17,50,33,33063,Cours Balguerie Stuttenberg,44.86165,-0.56213,Plein jour,En agglomération,Intersection en X,Normale,Deux véhicules - côté,4,1,2,3,1,1,1,5,1,50,,3,2,0,1,0,22.0,13.0,,,1,2,2,1,3
202100047225,2021-03-20 12:55:00,2021,3,20,12,55,33,33065,Voie rapide Bx-Latresne,44.80463,-0.51657,Plein jour,Hors agglomération,Hors intersection,Normale,Trois véhicules et plus - collisions multiples,4,2,2,0,1,1,1,0,1,80,,3,2,0,0,1,22.0,68.0,,,1,1,1,1,5
202100047226,2021-03-20 17:00:00,2021,3,20,17,0,33,33529,Avenue du Général Leclerc,44.6411378275,-1.1508564026,Plein jour,En agglomération,Hors intersection,Normale,Trois véhicules et plus - collisions multiples,3,2,2,0,1,1,1,0,1,50,,4,3,0,0,1,78.0,63.0,,,1,2,1,1,5
202100047227,2021-03-20 15:35:00,2021,3,20,15,35,29,29019,Boulevard Léon Blum,48.4088529625,-4.4853174276,Plein jour,En agglomération,Intersection en X,Normale,Deux véhicules - côté,4,2,2,0,4,1,1,5,1,50,,2,1,0,0,1,50.0,23.0,,,1,2,2,1,3
202100047228,2021-03-19 19:06:00,2021,3,19,19,6,29,29019,,48.398172,-4.482,Plein jour,En agglomération,Intersection à plus de 4 branches,Normale,Deux véhicules - côté,4,1,1,0,1,1,1,0,1,50,,2,1,0,1,0,35.0,34.0,,,1,2,5,1,3
202100047229,2021-03-21 00:15:00,2021,3,21,0,15,17,17200,03 PK RN237 MOULIN JUSTICE RE,46.17967,-1.15279,Nuit sans éclairage public,En agglomération,Hors intersection,Normale,Sans collision,2,3,4,0,1,1,1,0,1,90,,2,0,0,0,2,32.0,,,,3,2,1,1,7
202100047230,2021-03-20 15:30:00,2021,3,20,15,30,14,14118,Cours Montalivet,49.17841,-0.34629,Plein jour,En agglomération,Hors intersection,Normale,Autre collision,4,-1,2,0,1,1,1,0,8,50,,1,0,0,0,1,26.0,,,,1,2,1,1,6
202100047231,2021-03-20 18:00:00,2021,3,20,18,0,13,13209,EMILE ZOLA (RUE),43.247159,5.401488,Plein jour,En agglomération,Hors intersection,Normale,Deux véhicules - arrière,4,1,-1,0,1,1,1,0,1,50,,2,1,0,1,0,42.0,45.0,,,1,2,1,1,2
202100047232,2021-03-20 17:40:00,2021,3,20,17,40,13,13212,Edmond PIRIAN (rue),43.3074,5.4249,Plein jour,En agglomération,Intersection en X,Normale,Deux véhicules - côté,4,1,1,0,2,1,1,5,1,50,,3,1,0,2,0,58.0,42.0,,,1,2,2,1,3
202100047233,2021-03-20 16:25:00,2021,3,20,16,25,13,13208,CLOT BEY (AVENUE),43.262995,5.388442,Plein jour,En agglomération,Intersection en T,Normale,Autre collision,4,2,2,0,1,1,1,0,1,50,,2,1,0,0,1,75.0,,,,1,2,3,1,6
202100047234,2021-03-20 11:15:00,2021,3,20,11,15,13,13215,SAINT ANTOINE (AVENUE DE),43.37855,5.35687,Plein jour,En agglomération,Intersection en T,Normale,Deux véhicules - côté,4,2,3,0,1,1,1,0,1,50,,2,1,0,0,1,,25.0,,,1,2,3,1,3
202100047235,2021-03-20 10:45:00,2021,3,20,10,45,13,13205,BAILLE (BOULEVARD),43.28931,5.39708,Plein jour,En agglomération,Hors intersection,Normale,Deux véhicules - arrière,4,2,2,0,1,1,1,0,1,50,,2,1,0,0,1,25.0,,,,1,2,1,1,2
202100047236,2021-03-20 09:40:00,2021,3,20,9,40,13,13002,ENCO DE BOTTE (RTE),43.3221331421,5.4795520419,Plein jour,En agglomération,Hors intersection,Pluie légère,Deux véhicules - frontale,4,2,2,0,1,1,1,0,1,30,,2,1,0,1,0,24.0,72.0,,,1,2,1,2,1
202100047237,2021-03-19 22:20:00,2021,3,19,22,20,13,13214,PLOMBIERES (BOULEVARD DES),43.3163,5.38377,Nuit avec éclairage allumé,En agglomération,Hors intersection,Normale,Trois véhicules et plus - en chaîne,7,2,2,0,1,1,1,9,1,50,,8,5,0,1,2,40.0,28.0,,,5,2,1,1,4
202100047238,2021-03-20 11:20:00,2021,3,20,11,20,13,13063,CHARLES DE GAULLE AVENUE,43.58599,5.00229,Plein jour,En agglomération,Intersection en Y,Normale,Deux véhicules - côté,7,2,2,0,1,2,1,0,1,50,,4,3,0,0,1,46.0,51.0,,,1,2,4,1,3
202100047239,2021-03-20 10:30:00,2021,3,20,10,30,10,10387,CARNOT (RUE),48.29768,4.06641,Plein jour,En agglomération,Intersection en X,Normale,Deux véhicules - côté,4,2,5,0,1,1,1,0,1,50,,3,2,0,0,1,21.0,25.0,,,1,2,2,1,3
202100047240,2021-03-19 08:50:00,2021,3,19,8,50,06,06088,PENETRANTE DU PAILLON,43.722912,7.288498,Plein jour,En agglomération,Hors intersection,Normale,Trois véhicules et plus - collisions multiples,4,2,2,0,4,1,1,2,1,50,,4,1,0,1,2,36.0,51.0,,,1,2,1,1,5
202100047241,2021-03-20 19:20:00,2021,3,20,19,20,06,06004,GRASSE RTE DE,43.601653,7.083633,Nuit sans éclairage public,Hors agglomération,Giratoire,Normale,Autre collision,3,1,0,0,2,1,1,0,1,50,,1,0,0,1,0,47.0,,,,3,1,6,1,6
202100047242,2021-03-20 12:15:00,2021,3,20,12,15,01,01053,STAND ( RUE DU ),46.19192,5.23219,Plein jour,En agglomération,Intersection en X,Normale,Deux véhicules - côté,3,2,2,0,1,1,1,0,1,50,,5,1,0,0,4,40.0,20.0,,,1,2,2,1,3
202100047243,2021-03-19 09:15:00,2021,3,19,9,15,75,75114,AVENUE DE LA PORTE DE MONTROUGE,48.822663,2.322671,Plein jour,En agglomération,Intersection en X,Normale,Autre collision,4,2,3,3,1,1,1,-1,6,50,,10,0,0,1,9,60.0,,,,1,2,2,1,6
202100047244,2021-03-20 17:40:00,2021,3,20,17,40,75,75118,RUE DE LA CHARBONNIERE,48.884223,2.352407,Plein jour,En agglomération,Intersection en X,Normale,Autre collision,4,1,0,3,1,1,1,0,1,50,,3,2,0,0,1,29.0,,,,1,2,2,1,6
202100047245,2021-03-20 17:15:00,2021,3,20,17,15,75,75117,AVENUE DE LA PORTE DE CHAMPERRET,48.886306,2.286482,Plein jour,En agglomération,Intersection en X,Normale,Deux véhicules - côté,4,2,5,3,1,1,1,0,1,50,,2,0,0,0,2,37.0,24.0,,,1,2,2,1,3
202100047246,2021-03-02 17:30:00,2021,3,2,17,30,75,75116,ROUTE DE LA SEINE A LA BUTTE MORTEMART,48.851508,2.23418,Plein jour,En agglomération,Hors intersection,Normale,Autre collision,4,1,1,1,1,3,1,-1,5,50,,2,1,0,0,1,40.0,,,,1,2,1,1,6
202100047247,2021-03-20 16:55:00,2021,3,20,16,55,75,75115,QUAI DE GRENELLE,48.854438,2.288677,Plein jour,En agglomération,Intersection en X,Normale,Deux véhicules - arrière,4,2,2,0,1,1,1,-1,5,50,,2,1,0,0,1,51.0,41.0,,,1,2,2,1,2
202100047248,2021-03-19 22:50:00,2021,3,19,22,50,75,75112,ROUTE DE LA PYRAMIDE,48.8268962907,2.4546664953,Nuit avec éclairage allumé,En agglomération,Place,Normale,Autre collision,4,2,2,0,1,1,1,0,1,50,,1,0,0,0,1,35.0,,,,5,2,7,1,6
202100047249,2021-03-20 15:00:00,2021,3,20,15,0,75,75111,RUE OBERKAMPF,48.866615,2.381301,Plein jour,En agglomération,Intersection en T,Normale,Deux véhicules - frontale,4,1,1,0,2,1,1,-1,6,50,,2,1,0,0,1,26.0,44.0,,,1,2,3,1,1
202100047250,2021-03-20 15:00:00,2021,3,20,15,0,75,75108,AVENUE DES CHAMPS ELYSEES,48.870084,2.306687,Plein jour,En agglomération,Intersection en T,Normale,Deux véhicules - côté,4,3,4,0,1,1,1,0,1,50,,2,1,0,0,1,70.0,32.0,,,1,2,3,1,3
202100047251,2021-03-20 17:58:00,2021,3,20,17,58,75,75107,RUE DE L UNIVERSITE,48.860984,2.314958,Plein jour,En agglomération,Intersection en X,Normale,Deux véhicules - côté,4,2,3,0,1,1,1,0,1,50,,2,1,0,0,1,28.0,48.0,,,1,2,2,1,3
202100047252,2021-03-20 12:25:00,2021,3,20,12,25,75,75107,RUE DE SEVRES,48.847388,2.318207,Plein jour,En agglomération,Intersection en T,Normale,Deux véhicules - arrière,4,2,2,0,1,1,1,0,1,50,,2,1,0,0,1,67.0,37.0,,,1,2,3,1,2
202100047253,2021-03-20 12:20:00,2021,3,20,12,20,75,75107,QUAI D ORSAY,48.862805,2.311682,Plein jour,En agglomération,Intersection en T,Normale,Deux véhicules - côté,4,2,0,0,1,1,1,0,1,50,,3,1,0,0,2,33.0,48.0,,,1,2,3,1,3
202100047254,2021-03-20 13:00:00,2021,3,20,13,0,75,75101,RUE DE RIVOLI,48.859272,2.345946,Plein jour,En agglomération,Hors intersection,Normale,Autre collision,4,2,0,1,1,1,1,-1,5,30,,1,0,0,0,1,49.0,,,,1,2,1,1,6