accident_id,datetime,annee,mois,jour,heure,minute,departement,commune_insee,adresse,latitude,longitude,luminosite,agglomeration,intersection,meteo,collision,catr,circ,nbv,vosp,prof,plan,surf,infra,situ,vma,nb_vehicules,nb_usagers,nb_indemnes,nb_tues,nb_blesses_hosp,nb_blesses_legers,age_cond_1,age_cond_2,veh_type_cond_1,veh_type_cond_2,lum_code,agg_code,int_code,atm_code,col_code
202100047255,2021-03-20 14:20:00,2021,3,20,14,20,94,94081,MOULIN DE SAQUET (AV DU),48.78993,2.3798,Plein jour,En agglomération,Intersection en T,Normale,Deux véhicules - arrière,4,2,2,0,3,1,1,0,1,50,,2,1,0,0,1,46.0,27.0,,,1,2,3,1,2
202100047256,2021-03-20 16:20:00,2021,3,20,16,20,94,94043,FONTAINEBLEAU (AV DE),48.809,2.362,Plein jour,En agglomération,Hors intersection,Normale,Deux véhicules - arrière,3,2,4,2,1,1,1,0,5,50,,2,1,0,0,1,27.0,43.0,,,1,2,1,1,2
202100047257,2021-03-20 19:15:00,2021,3,20,19,15,94,94073,STALINGRAD (BD DE),48.76781,2.40317,Nuit avec éclairage allumé,En agglomération,Hors intersection,Normale,Autre collision,3,3,2,0,1,1,1,0,1,50,,2,1,0,0,1,,,,,5,2,1,1,6
202100047258,2021-03-20 11:00:00,2021,3,20,11,0,94,94028,Rue Juliette Savar,48.77803,2.46683,Plein jour,En agglomération,Intersection en X,Normale,Deux véhicules - arrière,4,2,2,0,1,1,1,0,1,50,,2,1,0,0,1,17.0,25.0,,,1,2,2,1,2
202100047259,2021-03-20 16:29:00,2021,3,20,16,29,93,93055,LESAULT,48.890221234,2.408739934,Plein jour,En agglomération,Hors intersection,Normale,Autre collision,4,1,1,0,1,1,1,0,8,30,,2,1,0,0,1,45.0,,,,1,2,1,1,6
202100047260,2021-03-20 15:30:00,2021,3,20,15,30,93,93051,ROUGET DE LISLE,48.8455,2.5629,Plein jour,En agglomération,Hors intersection,Normale,Deux véhicules - côté,4,2,0,0,1,1,1,0,1,50,,2,1,0,0,1,37.0,68.0,,,1,2,1,1,3
202100047261,2021-03-20 14:00:00,2021,3,20,14,0,93,93033,MARECHAL JOFFRE (AVENUE),48.86434,2.57533,Plein jour,En agglomération,Hors intersection,Normale,Deux véhicules - arrière,3,2,2,0,1,1,1,5,1,50,,3,2,0,0,1,48.0,48.0,,,1,2,1,1,2
202100047262,2021-03-20 16:40:00,2021,3,20,16,40,93,93049,PARMENTIER (RUE),48.8570740018,2.5014853497,Plein jour,En agglomération,Intersection en X,Normale,Deux véhicules - côté,4,1,1,0,1,1,1,0,1,50,,2,0,0,0,2,45.0,46.0,,,1,2,2,1,3
202100047263,2021-03-20 13:20:00,2021,3,20,13,20,93,93046,CONSUL GENERAL NORDLING AVENUE,48.91642,2.53175,Plein jour,En agglomération,Intersection en X,Normale,Deux véhicules - côté,3,2,4,0,1,1,1,0,1,50,,3,2,0,0,1,20.0,35.0,,,1,2,2,1,3
202100047264,2021-03-20 18:30:00,2021,3,20,18,30,92,92047,REPUBLIQUE,48.8375053822,2.1559307724,Plein jour,En agglomération,Giratoire,Normale,Deux véhicules - côté,3,4,1,0,1,1,1,0,1,50,,2,1,0,0,1,17.0,44.0,,,1,2,6,1,3
202100047265,2021-03-20 17:40:00,2021,3,20,17,40,92,92064,REPUBLIQUE,48.85676,2.21132,Plein jour,En agglomération,Intersection en T,Normale,Autre collision,3,2,2,0,1,1,1,0,1,50,,2,1,0,0,1,27.0,,,,1,2,3,1,6
202100047266,2021-03-20 15:05:00,2021,3,20,15,5,92,92048,REPUBLIQUE (RUE DE LA) N° 2 A 86,48.80989,2.23619,Plein jour,En agglomération,Hors intersection,Normale,Autre collision,3,2,2,0,1,1,1,0,1,30,,2,1,0,0,1,67.0,,,,1,2,1,1,6
202100047267,2021-03-20 18:50:00,2021,3,20,18,50,92,92012,JEAN BAPTISTE CLEMENT (AVENUE) 49/FIN -,48.8447411673,2.2344477475,Crépuscule ou aube,En agglomération,Intersection en X,Normale,Deux véhicules - côté,4,2,3,0,1,1,1,0,1,50,,2,1,0,0,1,41.0,27.0,,,2,2,2,1,3
202100047268,2021-03-20 11:15:00,2021,3,20,11,15,92,92012,JEAN JAURES (BOULEVARD) 217/FIN - 210/FI,48.8278804176,2.246760428,Plein jour,En agglomération,Intersection en X,Normale,Deux véhicules - arrière,4,2,2,0,1,1,1,0,1,50,,2,1,0,0,1,31.0,32.0,,,1,2,2,1,2
202100047269,2021-03-20 11:30:00,2021,3,20,11,30,92,92012,CHATEAU (RUE DU) 127/FIN - 133/FIN,48.84199,2.2388,Plein jour,En agglomération,Intersection en X,Normale,Deux véhicules - côté,4,2,2,0,1,1,1,0,1,30,,2,1,0,0,1,45.0,40.0,,,1,2,2,1,3
202100047270,2021-03-20 08:40:00,2021,3,20,8,40,92,92012,AGUESSEAU (RUE D') 1/89 - 2/82,48.8440592348,2.2364607453,Plein jour,En agglomération,Hors intersection,Normale,Deux véhicules - côté,4,1,1,1,1,1,1,0,4,50,,2,1,0,0,1,41.0,71.0,,,1,2,1,1,3
202100047271,2021-03-20 17:05:00,2021,3,20,17,5,62,62220,Rue Principale,50.419406,2.008721,Plein jour,En agglomération,Intersection en X,Temps éblouissant,Deux véhicules - frontale,3,2,2,0,1,2,1,0,1,50,,3,1,0,1,1,20.0,24.0,,,1,2,2,7,1
202100047272,2021-03-20 17:00:00,2021,3,20,17,0,52,52282,D143,47.997417,5.17912,Plein jour,Hors agglomération,Hors intersection,Normale,Sans collision,3,2,2,0,1,2,1,0,3,80,,1,0,0,1,0,43.0,,,,1,1,1,1,7
202100047273,2021-03-20 18:15:00,2021,3,20,18,15,22,22311,D 768,48.530802,-2.226748,Plein jour,Hors agglomération,Intersection en T,Temps éblouissant,Deux véhicules - arrière,3,2,2,0,1,1,1,0,1,80,,2,1,0,0,1,22.0,86.0,,,1,1,3,7,2
202100047274,2021-03-21 05:20:00,2021,3,21,5,20,33,33154,D674,45.117447,-0.009999,Nuit sans éclairage public,Hors agglomération,Hors intersection,Normale,Autre collision,3,2,2,0,1,2,1,0,3,80,,1,0,1,0,0,25.0,,,,3,1,1,1,6
202100047275,2021-03-21 19:00:00,2021,3,21,19,0,17,17230,116 Boulevard de Suzac,45.576595,-0.981238,Plein jour,Hors agglomération,Hors intersection,Temps couvert,Deux véhicules - côté,3,2,2,0,2,1,1,0,1,80,,2,1,1,0,0,43.0,53.0,,,1,1,1,8,3
202100047276,2021-03-20 16:00:00,2021,3,20,16,0,49,49192,Lieu Dit le Gouchau,47.004653,-0.74339,Plein jour,Hors agglomération,Intersection en T,Normale,Deux véhicules - côté,3,3,2,0,3,1,1,0,1,80,,2,1,0,1,0,19.0,54.0,,,1,1,3,1,3
202100047277,2021-03-20 16:30:00,2021,3,20,16,30,974,97412,Rue Raphaël Babet,-21.379567,55.631273,Plein jour,En agglomération,Intersection en T,Normale,Deux véhicules - frontale,2,2,2,0,2,4,1,0,1,50,,4,3,0,0,1,24.0,33.0,,,1,2,3,1,1
202100047278,2021-03-20 18:10:00,2021,3,20,18,10,974,97401,Chemin Edouard Rivière,-21.235012,55.337622,Plein jour,En agglomération,Hors intersection,Normale,Deux véhicules - arrière,4,2,2,0,1,1,1,0,1,50,,2,1,0,1,0,40.0,25.0,,,1,2,1,1,2
202100047279,2021-03-21 07:59:00,2021,3,21,7,59,42,42317,Route de la Pacaudière,46.240453,3.889892,Plein jour,Hors agglomération,Hors intersection,Normale,Deux véhicules - frontale,3,2,2,0,1,2,1,0,1,80,,2,1,0,1,0,51.0,25.0,,,1,1,1,1,1
202100047280,2021-03-20 17:35:00,2021,3,20,17,35,41,41113,D108 - Petit Pré,47.744742,0.883648,Plein jour,En agglomération,Hors intersection,Normale,Deux véhicules - côté,3,2,2,0,1,1,1,0,1,50,,2,1,0,0,1,31.0,57.0,,,1,2,1,1,3
202100047281,2021-03-21 12:46:00,2021,3,21,12,46,56,56047,Bellevue,48.03158,-2.758287,Plein jour,Hors agglomération,Hors intersection,Normale,Sans collision,3,2,2,0,1,1,1,0,1,80,,2,0,0,1,1,23.0,,,,1,1,1,1,7
202100047282,2021-03-21 10:15:00,2021,3,21,10,15,74,74011,R des Cygnes,45.91019,6.144828,Plein jour,En agglomération,Hors intersection,Normale,Autre collision,4,2,2,0,1,2,1,7,4,50,,3,1,0,0,2,79.0,,,,1,2,1,1,6
202100047283,2021-03-20 23:15:00,2021,3,20,23,15,67,67543,7 Rue du Netzenbach,48.510167,7.273795,Nuit avec éclairage allumé,En agglomération,Hors intersection,Normale,Autre collision,3,2,2,0,1,3,1,0,3,50,,1,0,0,0,1,22.0,,,,5,2,1,1,6
202100047284,2021-03-20 15:55:00,2021,3,20,15,55,79,79061,15 Avenue de Niort,46.265935,-0.219705,Plein jour,En agglomération,Hors intersection,Normale,Autre collision,4,2,2,0,1,1,1,0,1,50,,2,1,0,1,0,16.0,17.0,,,1,2,1,1,6
202100047285,2021-03-21 16:00:00,2021,3,21,16,0,32,32033,Antin,43.674949,0.30957,Plein jour,Hors agglomération,Hors intersection,Normale,Sans collision,3,2,2,0,2,2,1,0,1,80,,1,0,0,1,0,71.0,,,,1,1,1,1,7
202100047286,2021-03-20 16:20:00,2021,3,20,16,20,47,47051,Route de Siailles,44.180196,0.675396,Plein jour,En agglomération,Hors intersection,Normale,Deux véhicules - arrière,3,2,2,0,1,1,1,0,1,50,,3,2,0,1,0,49.0,68.0,,,1,2,1,1,2
202100047287,2021-03-20 19:05:00,2021,3,20,19,5,22,22046,La Croix Duret,48.301074,-2.527961,Crépuscule ou aube,Hors agglomération,Hors intersection,Normale,Deux véhicules - frontale,3,2,2,0,1,3,1,0,1,80,,3,0,0,3,0,30.0,55.0,,,2,1,1,1,1
202100047288,2021-03-19 22:30:00,2021,3,19,22,30,22,22046,Route de Collinee (Saint-Gilles-du-Mené),48.24888,-2.548469,Nuit sans éclairage public,En agglomération,Hors intersection,Normale,Deux véhicules - frontale,3,2,2,0,1,1,1,0,1,50,,5,2,0,0,3,55.0,43.0,,,3,2,1,1,1
202100047289,2021-03-20 17:00:00,2021,3,20,17,0,25,25342,D19,47.168703,6.451313,Plein jour,Hors agglomération,Hors intersection,Normale,Deux véhicules - frontale,3,2,2,0,1,3,1,0,1,80,,2,1,0,1,0,19.0,36.0,,,1,1,1,1,1
202100047290,2021-03-21 12:10:00,2021,3,21,12,10,02,02779,Rue du Fort,49.981723,3.639624,Plein jour,En agglomération,Intersection en T,Normale,Deux véhicules - côté,4,2,2,0,2,1,1,0,1,50,,2,1,0,0,1,22.0,15.0,,,1,2,3,1,3
202100047291,2021-03-20 16:00:00,2021,3,20,16,0,03,03018,D35 PK06,46.253562,3.246546,Plein jour,Hors agglomération,Hors intersection,Normale,Sans collision,3,2,2,0,1,2,1,0,3,90,,2,1,0,0,1,44.0,,,,1,1,1,1,7
202100047292,2021-03-21 01:30:00,2021,3,21,1,30,06,06071,D29,44.093669,6.872021,Nuit sans éclairage public,Hors agglomération,Hors intersection,Normale,Trois véhicules et plus - collisions multiples,3,2,2,0,2,2,1,0,3,80,,3,0,0,3,0,33.0,,,,3,1,1,1,5
202100047293,2021-03-21 11:20:00,2021,3,21,11,20,05,05147,route du domaine rd 945,44.662106,6.108956,Plein jour,Hors agglomération,Hors intersection,Normale,Sans collision,3,2,2,0,1,1,1,0,8,90,,2,0,0,0,2,20.0,,,,1,1,1,1,7
202100047294,2021-03-21 11:25:00,2021,3,21,11,25,85,85073,SAINTE GERMAINE,46.487948,-1.177104,Plein jour,Hors agglomération,Intersection en X,Normale,Deux véhicules - côté,4,2,2,0,1,1,1,5,1,80,,4,2,0,2,0,30.0,32.0,,,1,1,2,1,3
202100047295,2021-03-20 20:00:00,2021,3,20,20,0,27,27107,route de routot,49.38729,0.638307,Nuit sans éclairage public,Hors agglomération,Hors intersection,Normale,Autre collision,3,2,2,0,4,2,1,9,3,80,,3,1,0,1,1,23.0,,,,3,1,1,1,6
202100047296,2021-03-20 16:30:00,2021,3,20,16,30,17,17024,Palud,46.044229,-0.352973,Plein jour,Hors agglomération,Hors intersection,Normale,Sans collision,9,2,2,0,1,1,1,0,8,-1,,2,1,0,0,1,16.0,,,,1,1,1,1,7
202100047297,2021-03-21 11:00:00,2021,3,21,11,0,17,17219,Rue du Grand Breuil,45.833999,-1.098011,Plein jour,En agglomération,Intersection en T,Normale,Deux véhicules - côté,4,2,2,0,1,1,1,0,1,50,,3,1,0,1,1,17.0,35.0,,,1,2,3,1,3
202100047298,2021-03-12 10:20:00,2021,3,12,10,20,37,37150,lieu-dit la besnardière,47.4033969964,0.4071421623,Plein jour,Hors agglomération,Intersection en T,Normale,Deux véhicules - côté,3,2,2,0,1,1,1,0,1,80,,2,1,0,0,1,59.0,88.0,,,1,1,3,1,3
202100047299,2021-03-21 07:30:00,2021,3,21,7,30,988,98820,Tribu de HULUP,-20.640957,166.570544,Plein jour,En agglomération,Hors intersection,Normale,Sans collision,3,2,2,0,1,2,9,0,1,70,,3,1,0,2,0,32.0,,,,1,2,1,1,7
202100047300,2021-03-20 21:00:00,2021,3,20,21,0,973,97311,Avenue Jean Galmot,5.493504,-53.971528,Nuit sans éclairage public,Hors agglomération,Hors intersection,Normale,Autre collision,3,2,2,0,1,1,1,0,1,80,,2,1,0,1,0,23.0,,,,3,1,1,1,6
202100047301,2021-03-21 00:55:00,2021,3,21,0,55,978,97801,RN 7 - quartier de Bellevue,18.059227,-63.085701,Nuit avec éclairage allumé,En agglomération,Autre intersection,Normale,Deux véhicules - côté,2,2,2,0,1,1,1,0,1,50,,3,1,0,2,0,20.0,20.0,,,5,2,9,1,3
202100047302,2021-03-20 16:15:00,2021,3,20,16,15,89,89099,34 Rue Pasteur,47.952821,3.533694,Plein jour,En agglomération,Intersection en T,Normale,Sans collision,3,2,2,0,1,2,1,0,4,50,,1,0,0,0,1,51.0,,,,1,2,3,1,7
202100047303,2021-03-20 14:05:00,2021,3,20,14,5,71,71176,Route de Roanne,46.465595,4.007011,Plein jour,Hors agglomération,Hors intersection,Normale,Deux véhicules - arrière,3,2,2,0,1,1,1,0,1,80,,2,1,0,1,0,47.0,46.0,,,1,1,1,1,2
202100047304,2021-03-20 08:40:00,2021,3,20,8,40,67,67067,Route de Bilwisheim (Pont),48.717148,7.701786,Plein jour,En agglomération,Intersection en X,Normale,Deux véhicules - côté,3,2,1,0,2,1,1,0,1,70,,2,1,0,1,0,33.0,53.0,,,1,2,2,1,3
202100047305,2021-03-19 00:25:00,2021,3,19,0,25,74,74007,D1203,46.070119,6.346536,Nuit avec éclairage allumé,En agglomération,Giratoire,Normale,Autre collision,3,2,2,0,1,1,1,5,8,70,,1,0,0,1,0,27.0,,,,5,2,6,1,6
202100047306,2021-03-20 18:15:00,2021,3,20,18,15,26,26004,5 Avenue du Vivarais,44.974058,5.0264503,Plein jour,En agglomération,Hors intersection,Temps éblouissant,Autre collision,3,-1,2,0,1,1,1,6,1,30,,2,1,0,1,0,37.0,,,,1,2,1,7,6
202100047307,2021-03-20 13:45:00,2021,3,20,13,45,64,64540,D261,43.50127,-1.330708,Plein jour,Hors agglomération,Hors intersection,Normale,Autre collision,3,2,2,0,1,3,1,0,1,70,,4,2,0,2,0,42.0,32.0,,,1,1,1,1,6
202100047308,2021-03-20 23:20:00,2021,3,20,23,20,33,33293,Route d'Yvrac,44.879897,-0.434926,Nuit avec éclairage allumé,En agglomération,Hors intersection,Normale,Autre collision,3,2,2,0,2,2,1,0,3,50,,1,0,0,1,0,19.0,,,,5,2,1,1,6
202100047309,2021-03-21 16:40:00,2021,3,21,16,40,50,50023,Route de Baupte,49.298969,-1.334125,Plein jour,Hors agglomération,Intersection en T,Temps éblouissant,Deux véhicules - côté,3,2,2,0,1,1,1,0,1,80,,2,1,0,1,0,83.0,32.0,,,1,1,3,7,3
202100047310,2021-03-19 17:15:00,2021,3,19,17,15,59,59481,Faubourg Fauroeulx,50.242423,3.647922,Plein jour,En agglomération,Giratoire,Normale,Sans collision,3,2,2,0,1,4,1,5,3,50,,1,0,1,0,0,65.0,,,,1,2,6,1,7
202100047311,2021-03-19 18:40:00,2021,3,19,18,40,13,13071,A51-Sens Aix en Provence vers Marseille,43.4156005261,5.3648632765,Crépuscule ou aube,Hors agglomération,Hors intersection,Normale,Deux véhicules - côté,1,1,4,0,1,1,1,0,1,90,,2,1,0,0,1,25.0,,,,2,1,1,1,3
202100047312,2021-03-19 11:05:00,2021,3,19,11,5,13,13071,A7-Sens Marseille vers Lyon,43.413515,5.280638,Plein jour,Hors agglomération,Hors intersection,Pluie légère,Deux véhicules - arrière,1,-1,3,0,1,1,2,0,1,90,,2,1,0,0,1,28.0,42.0,,,1,1,1,2,2
202100047313,2021-03-19 07:00:00,2021,3,19,7,0,13,13071,A55 - Sens Marseille vers Martigues,43.399446,5.295579,Plein jour,Hors agglomération,Hors intersection,Normale,Autre collision,1,-1,1,0,2,3,1,3,1,50,,2,1,0,0,1,35.0,,,,1,1,1,1,6
202100047314,2021-03-19 11:45:00,2021,3,19,11,45,83,83137,A50 Accès Tunnel Tube Nord,43.12093,5.9435,Plein jour,Hors agglomération,Hors intersection,Pluie légère,Trois véhicules et plus - en chaîne,1,3,6,0,4,1,2,0,1,70,,3,1,0,0,2,45.0,51.0,,,1,1,1,2,4
202100047315,2021-03-20 07:00:00,2021,3,20,7,0,94,94034,AUTOROUTE A6A,48.75433,2.33221,Crépuscule ou aube,Hors agglomération,Hors intersection,Normale,Deux véhicules - arrière,1,1,3,0,1,1,1,0,2,110,,2,1,0,0,1,52.0,25.0,,,2,1,1,1,2
202100047316,2021-03-19 20:35:00,2021,3,19,20,35,78,78133,A14,48.914388,2.040949,Nuit avec éclairage allumé,Hors agglomération,Hors intersection,Normale,Deux véhicules - arrière,1,3,4,0,1,2,1,0,1,110,,2,1,0,0,1,39.0,54.0,,,5,1,1,1,2
202100047317,2021-03-20 21:40:00,2021,3,20,21,40,95,95527,AUTOROUTE A1,48.9934462028,2.5146091151,Nuit sans éclairage public,Hors agglomération,Hors intersection,Normale,Deux véhicules - arrière,1,3,6,0,1,1,1,2,1,110,,2,1,0,0,1,40.0,,,,3,1,1,1,2
202100047318,2021-03-19 21:00:00,2021,3,19,21,0,93,93064,AUTOROUTE A86,48.8845803844,2.4698601413,Nuit avec éclairage non allumé,Hors agglomération,Hors intersection,Normale,Deux véhicules - côté,1,1,1,0,1,2,1,0,1,50,,2,1,0,0,1,,32.0,,,4,1,1,1,3
202100047319,2021-03-20 00:01:00,2021,3,20,0,1,93,93010,AUTOROUTE A3,48.90053,2.46961,Nuit avec éclairage non allumé,Hors agglomération,Hors intersection,Normale,Deux véhicules - arrière,1,3,10,0,1,1,1,0,1,90,,2,1,0,0,1,39.0,22.0,,,4,1,1,1,2
202100047320,2021-03-20 16:00:00,2021,3,20,16,0,77,77258,A4.W,48.8322145565,2.6519243892,Plein jour,Hors agglomération,Hors intersection,Normale,Sans collision,1,1,4,0,1,1,1,0,2,110,,1,0,0,0,1,27.0,,,,1,1,1,1,7
202100047321,2021-01-12 08:00:00,2021,1,12,8,0,62,62033,ROLLE (R KLEBER),50.4637443379,2.8797691894,Nuit avec éclairage allumé,En agglomération,Intersection en X,Pluie forte,Deux véhicules - côté,3,2,2,0,1,1,2,0,1,50,,2,1,0,1,0,17.0,38.0,,,5,2,2,3,3
202100047322,2021-03-19 12:10:00,2021,3,19,12,10,976,97611,m'tsapere-Nationale 2 (route),-12.78376,45.23128,Plein jour,En agglomération,Hors intersection,Normale,Sans collision,2,2,0,0,1,1,1,0,1,50,,2,1,1,0,0,63.0,25.0,,,1,2,1,1,7
202100047323,2021-03-19 08:10:00,2021,3,19,8,10,974,97411,Route de Bois de Nèfles (c.d. 49),-20.89136,55.48029,Plein jour,En agglomération,Hors intersection,Normale,Autre collision,4,2,2,0,1,1,1,0,1,30,,2,1,0,0,1,31.0,,,,1,2,1,1,6
202100047324,2021-03-19 13:40:00,2021,3,19,13,40,69,69259,PIERRE BROSSOLETTE (R),45.72917,4.85859,Plein jour,En agglomération,Hors intersection,Normale,Deux véhicules - arrière,4,2,2,0,1,1,1,0,1,30,,2,1,0,0,1,26.0,31.0,,,1,2,1,1,2
202100047325,2021-03-19 11:30:00,2021,3,19,11,30,69,69199,FRERES PERRET                       (AV),45.69443,4.84432,Plein jour,En agglomération,Hors intersection,Normale,Deux véhicules - côté,4,-1,0,0,1,1,1,0,1,50,,3,1,0,0,2,57.0,48.0,,,1,2,1,1,3
202100047326,2021-03-19 17:20:00,2021,3,19,17,20,972,97209,ANDRE ALIKER (RUE),14.60841,-61.07118,Plein jour,En agglomération,Hors intersection,Normale,Autre collision,4,1,1,0,1,1,2,0,1,30,,2,1,0,0,1,61.0,,,,1,2,1,1,6
202100047327,2021-03-13 06:50:00,2021,3,13,6,50,2A,2A004,Route de Calvi,41.9558316062,8.7826905963,Plein jour,Hors agglomération,Hors intersection,Normale,Sans collision,3,2,2,0,2,2,2,0,2,70,,2,0,1,1,0,18.0,,,,1,1,1,1,7
202100047328,2021-03-17 13:35:00,2021,3,17,13,35,80,80021,ABBAYE (RUE DE L'),49.89572,2.27781,Plein jour,En agglomération,Hors intersection,Pluie légère,Autre collision,4,1,1,0,1,1,2,0,1,50,,1,0,0,0,1,18.0,,,,1,2,1,2,6
202100047329,2021-03-05 18:45:00,2021,3,5,18,45,76,76498,Rue des Frères Sehy,49.4289,1.06958,Nuit avec éclairage allumé,En agglomération,Intersection en X,Normale,Deux véhicules - côté,4,1,1,0,1,1,1,0,1,30,,2,1,0,0,1,22.0,24.0,,,5,2,2,1,3
202100047330,2021-03-17 08:30:00,2021,3,17,8,30,76,76217,PUECH (JEAN),49.92452,1.10369,Plein jour,En agglomération,Intersection en X,Normale,Deux véhicules - côté,4,2,2,0,1,1,1,5,1,50,,4,3,0,0,1,78.0,21.0,,,1,2,2,1,3
202100047331,2021-03-06 11:30:00,2021,3,6,11,30,73,73029,N201 BARBERAZ,45.5595414551,5.9489827548,Plein jour,Hors agglomération,Hors intersection,Normale,Deux véhicules - arrière,2,3,6,0,1,3,1,0,1,90,,3,2,0,0,1,22.0,69.0,,,1,1,1,1,2
202100047332,2021-03-19 10:35:00,2021,3,19,10,35,73,73011,JEUX OLYMPIQUES (AVENUE DES),45.6621566195,6.3729677537,Plein jour,En agglomération,Hors intersection,Temps éblouissant,Autre collision,4,3,2,2,1,1,1,-1,1,50,,2,1,0,1,0,83.0,,,,1,2,1,7,6
202100047333,2021-03-17 17:15:00,2021,3,17,17,15,72,72181,BOURG BELE (RUE DU)  N° PAIRS 124 ET >,47.99595,0.19586,Plein jour,En agglomération,Hors intersection,Normale,Deux véhicules - arrière,4,2,2,0,1,1,1,0,1,50,,2,1,0,0,1,30.0,29.0,,,1,2,1,1,2
202100047334,2021-03-19 09:45:00,2021,3,19,9,45,71,71486,RN 70 (ROUTE EXPRESS),46.63976,4.32782,Plein jour,Hors agglomération,Hors intersection,Normale,Trois véhicules et plus - collisions multiples,2,3,4,0,1,1,1,0,1,110,,3,2,0,0,1,63.0,49.0,,,1,1,1,1,5
202100047335,2021-03-17 13:30:00,2021,3,17,13,30,66,66136,FOURNEYRON (BENOIT),42.68523,2.86374,Plein jour,En agglomération,Hors intersection,Normale,Autre collision,4,2,1,0,1,2,1,0,1,30,,2,1,0,1,0,36.0,,,,1,2,1,1,6
202100047336,2021-03-19 14:20:00,2021,3,19,14,20,64,64445,ALLEES DE MORLAAS DES,43.30446,-0.34895,Plein jour,En agglomération,Hors intersection,Normale,Deux véhicules - arrière,4,1,1,1,1,1,1,0,1,30,,2,1,0,0,1,49.0,81.0,,,1,2,1,1,2
202100047337,2021-03-18 13:35:00,2021,3,18,13,35,64,64122,DASSAULT MARCEL (BD),43.463733,-1.54396,Plein jour,En agglomération,Intersection en T,Normale,Deux véhicules - arrière,3,2,3,0,1,1,1,0,1,70,,2,1,0,0,1,26.0,79.0,,,1,2,3,1,2
202100047338,2021-03-18 14:20:00,2021,3,18,14,20,64,64102,PONTOTS (RUE DES),43.491338,-1.491582,Plein jour,En agglomération,Intersection en X,Normale,Deux véhicules - côté,4,1,0,0,1,1,1,0,1,50,,2,1,0,0,1,46.0,20.0,,,1,2,2,1,3
202100047339,2021-03-17 07:45:00,2021,3,17,7,45,63,63113,Lucie et Raymond Aubrac (Rue),45.78448,3.1098,Plein jour,En agglomération,Hors intersection,Normale,Autre collision,4,2,2,0,1,1,1,0,1,50,,3,1,0,1,1,47.0,,,,1,2,1,1,6
202100047340,2021-03-19 17:00:00,2021,3,19,17,0,59,59512,BRAILLE (RUE LOUIS),50.67674,3.19344,Plein jour,En agglomération,Hors intersection,Normale,Autre collision,4,2,2,2,1,1,1,0,8,50,,2,1,0,1,0,57.0,,,,1,2,1,1,6
202100047341,2021-03-19 07:50:00,2021,3,19,7,50,56,56121,ZOLA ( ET IMP. EMILE ),47.7568,-3.37198,Crépuscule ou aube,En agglomération,Intersection en Y,Normale,Autre collision,4,2,2,0,2,4,1,0,4,30,,1,0,0,0,1,28.0,,,,2,2,4,1,6
202100047342,2021-03-18 12:10:00,2021,3,18,12,10,54,54304,RESISTANCE (AV. DE LA -IMPAIR-),48.6945917202,6.1280208081,Plein jour,En agglomération,Intersection en T,Normale,Deux véhicules - côté,4,2,4,0,3,1,1,0,1,50,,3,1,0,0,2,23.0,32.0,,,1,2,3,1,3
202100047343,2021-03-18 08:25:00,2021,3,18,8,25,54,54395,BAZIN (RUE HENRI) + (SENTIER),48.6967728706,6.1939193308,Plein jour,En agglomération,Hors intersection,Normale,Deux véhicules - côté,4,1,2,2,1,1,1,-1,1,30,,2,1,0,0,1,32.0,21.0,,,1,2,1,1,3
202100047344,2021-03-17 19:30:00,2021,3,17,19,30,54,54395,LIBERATION (AVENUE DE LA),48.6968348337,6.1491988599,Nuit avec éclairage allumé,En agglomération,Hors intersection,Normale,Autre collision,7,2,2,0,1,2,1,0,1,50,,2,1,0,0,1,24.0,,,,5,2,1,1,6
202100047345,2021-03-19 14:35:00,2021,3,19,14,35,51,51454,Avenue de Laon,49.2644285691,4.0270185426,Plein jour,En agglomération,Hors intersection,Normale,Sans collision,3,2,2,0,1,1,1,0,4,50,,2,1,0,0,1,31.0,,,,1,2,1,1,7
202100047346,2021-03-18 17:25:00,2021,3,18,17,25,49,49099,FOCH (AVENUE DU MARECHAL),47.06172,-0.88649,Plein jour,En agglomération,Hors intersection,Normale,Sans collision,4,2,2,0,1,1,1,0,1,50,,2,1,0,1,0,,16.0,,,1,2,1,1,7
202100047347,2021-03-16 16:45:00,2021,3,16,16,45,49,49007,PATTON AVENUE,47.473377,-0.594478,Plein jour,En agglomération,Hors intersection,Normale,Autre collision,4,2,2,0,1,1,1,0,3,50,,2,1,0,0,1,31.0,,,,1,2,1,1,6
202100047348,2021-03-19 06:35:00,2021,3,19,6,35,49,49007,BEDIER BOULEVARD,47.450651459,-0.5526323554,Nuit avec éclairage allumé,En agglomération,Hors intersection,Normale,Deux véhicules - arrière,4,2,4,2,1,1,2,0,1,50,,2,1,0,1,0,36.0,53.0,,,5,2,1,1,2
202100047349,2021-03-18 18:26:00,2021,3,18,18,26,49,49353,QUATORZE JUILLET,47.44631,-0.5016,Crépuscule ou aube,En agglomération,Hors intersection,Normale,Autre collision,4,1,-1,-1,1,3,1,0,1,-1,,1,0,0,0,1,74.0,,,,2,2,1,1,6
202100047350,2021-03-18 12:10:00,2021,3,18,12,10,49,49353,avenue pierre mendès france,47.4492856108,-0.5044368176,Plein jour,En agglomération,Hors intersection,Normale,Autre collision,4,2,2,0,1,1,1,0,1,50,,2,1,0,0,1,71.0,,,,1,2,1,1,6