accident_id,datetime,annee,mois,jour,heure,minute,departement,commune_insee,adresse,latitude,longitude,luminosite,agglomeration,intersection,meteo,collision,catr,circ,nbv,vosp,prof,plan,surf,infra,situ,vma,nb_vehicules,nb_usagers,nb_indemnes,nb_tues,nb_blesses_hosp,nb_blesses_legers,age_cond_1,age_cond_2,veh_type_cond_1,veh_type_cond_2,lum_code,agg_code,int_code,atm_code,col_code
202100047351,2021-03-19 13:05:00,2021,3,19,13,5,45,45302,Rue Passe Debout,47.935614,1.880996,Plein jour,En agglomération,Hors intersection,Normale,Deux véhicules - arrière,4,2,2,0,1,1,1,0,1,50,,2,1,0,0,1,40.0,,,,1,2,1,1,2
202100047352,2021-03-19 11:25:00,2021,3,19,11,25,37,37214,BLOT (RUE LOUIS),47.4016938921,0.6681063855,Plein jour,En agglomération,Hors intersection,Normale,Sans collision,4,2,1,3,2,1,1,1,1,30,,1,0,0,0,1,82.0,,,,1,2,1,1,7
202100047353,2021-03-18 15:20:00,2021,3,18,15,20,37,37261,HEURTELOUP (BOULEVARD),47.3913754603,0.696194172,Plein jour,En agglomération,Hors intersection,Normale,Sans collision,4,3,4,0,1,1,1,0,1,50,,1,0,0,0,1,38.0,,,,1,2,1,1,7
202100047354,2021-03-19 15:28:00,2021,3,19,15,28,35,35206,ROCADE 10-11,48.08148,-1.65424,Plein jour,Hors agglomération,Hors intersection,Normale,Deux véhicules - arrière,2,3,4,0,1,1,1,0,1,90,,3,1,0,0,2,46.0,28.0,,,1,1,1,1,2
202100047355,2021-03-19 18:00:00,2021,3,19,18,0,33,33063,Rue Camille Godard,44.85503,-0.5821,Plein jour,En agglomération,Intersection en X,Normale,Deux véhicules - côté,4,2,2,0,1,1,1,5,1,30,,2,1,0,0,1,32.0,29.0,,,1,2,2,1,3
202100047356,2021-03-19 18:00:00,2021,3,19,18,0,33,33063,Avenue du Maréchal de Lattre de Tassigny,44.85885,-0.62802,Plein jour,En agglomération,Intersection en T,Normale,Deux véhicules - côté,4,2,3,2,1,1,1,5,1,50,,2,1,0,0,1,23.0,17.0,,,1,2,3,1,3
202100047357,2021-03-19 15:15:00,2021,3,19,15,15,33,33200,Rue de los Heros,44.87147,-0.67374,Plein jour,En agglomération,Hors intersection,Normale,Deux véhicules - côté,4,2,0,0,1,1,1,0,1,30,,2,1,0,0,1,23.0,19.0,,,1,2,1,1,3
202100047358,2021-03-19 09:15:00,2021,3,19,9,15,33,33063,Rue Corps Franc Pommies,44.83631,-0.58706,Plein jour,En agglomération,Giratoire,Pluie légère,Autre collision,4,2,2,2,1,3,2,8,8,50,,2,1,0,0,1,54.0,,,,1,2,6,2,6
202100047359,2021-03-19 07:02:00,2021,3,19,7,2,33,33200,Avenue de Magudas,44.858113,-0.677722,Crépuscule ou aube,En agglomération,Giratoire,Pluie légère,Autre collision,4,2,2,2,1,1,2,-1,1,50,,2,1,0,0,1,48.0,,,,2,2,6,2,6
202100047360,2021-03-18 08:00:00,2021,3,18,8,0,33,33249,Rue Pierre Mendes-France,44.88003,-0.515,Plein jour,En agglomération,Intersection en T,Normale,Deux véhicules - côté,4,2,2,2,1,1,1,5,5,50,,2,1,0,0,1,22.0,18.0,,,1,2,3,1,3
202100047361,2021-03-19 09:50:00,2021,3,19,9,50,31,31555,EISENHOWER (AVENUE DU GENERAL),43.56389,1.38649,Plein jour,En agglomération,Hors intersection,Pluie légère,Autre collision,4,2,4,0,1,1,2,0,1,50,,2,1,0,1,0,29.0,,,,1,2,1,2,6
202100047362,2021-03-16 07:15:00,2021,3,16,7,15,31,31555,TRENTIN (BD SILVIO) DU 2AU 110,43.62579,1.43163,Plein jour,En agglomération,Hors intersection,Normale,Deux véhicules - côté,4,2,2,2,1,1,1,0,5,50,,2,1,0,1,0,42.0,64.0,,,1,2,1,1,3
202100047363,2021-03-19 13:45:00,2021,3,19,13,45,29,29039,Rue de Lanriec,47.8692,-3.89456,Plein jour,Hors agglomération,Intersection en Y,Normale,Deux véhicules - côté,3,1,1,0,4,3,1,3,8,50,,2,1,0,0,1,61.0,51.0,,,1,1,4,1,3
202100047364,2021-03-19 16:13:00,2021,3,19,16,13,27,27229,COLBERT (RUE),49.01141,1.17156,Plein jour,En agglomération,Hors intersection,Normale,Deux véhicules - côté,4,2,2,0,1,1,1,0,1,50,,2,1,0,0,1,17.0,20.0,,,1,2,1,1,3
202100047365,2021-03-19 09:15:00,2021,3,19,9,15,26,26198,Rue du Docteur Pinel ,44.557963,4.733788,Plein jour,En agglomération,Giratoire,Normale,Deux véhicules - arrière,4,2,2,0,1,2,1,5,1,50,,2,1,0,0,1,88.0,47.0,,,1,2,6,1,2
202100047366,2021-03-03 17:45:00,2021,3,3,17,45,26,26198,1 Place Saint-Martin,44.5611193,4.752842,Plein jour,En agglomération,Autre intersection,Normale,Autre collision,4,2,2,0,1,3,1,0,1,50,,2,1,0,0,1,22.0,,,,1,2,9,1,6
202100047367,2021-03-19 14:30:00,2021,3,19,14,30,25,25056,PERNOTTE  RUE DE LA,47.252943,6.038538,Plein jour,En agglomération,Hors intersection,Pluie légère,Autre collision,4,2,2,0,2,1,2,0,1,50,,1,0,0,0,1,36.0,,,,1,2,1,2,6
202100047368,2021-03-18 09:00:00,2021,3,18,9,0,17,17306,DE LATTRE DE TASSIGNY (BD),45.625253,-1.022744,Plein jour,En agglomération,Intersection en T,Normale,Deux véhicules - côté,4,2,2,0,1,1,1,5,1,30,,2,1,0,0,1,73.0,52.0,,,1,2,3,1,3
202100047369,2021-03-18 14:55:00,2021,3,18,14,55,14,14118,D405,49.16987,-0.38455,Plein jour,En agglomération,Hors intersection,Normale,Deux véhicules - frontale,3,2,2,0,1,1,1,0,1,80,,2,0,0,0,2,42.0,75.0,,,1,2,1,1,1
202100047370,2021-03-19 18:30:00,2021,3,19,18,30,13,13213,ROSE (AVENUE DE LA),43.33115,5.41814,Crépuscule ou aube,En agglomération,Hors intersection,Normale,Deux véhicules - arrière,4,1,0,0,2,1,1,0,1,50,,2,1,0,0,1,30.0,43.0,,,2,2,1,1,2
202100047371,2021-03-19 15:45:00,2021,3,19,15,45,13,13201,BELSUNCE (COURS),43.2977367051,5.376931643,Plein jour,En agglomération,Hors intersection,Pluie légère,Deux véhicules - arrière,9,2,2,3,1,1,2,9,6,30,,2,1,0,0,1,,,,,1,2,1,2,2
202100047372,2021-03-19 09:30:00,2021,3,19,9,30,13,13204,BLANCARDE (BOULEVARD),43.302973,5.401257,Plein jour,En agglomération,Hors intersection,Pluie légère,Deux véhicules - frontale,4,1,2,0,1,1,2,0,1,50,,2,1,0,0,1,29.0,50.0,,,1,2,1,2,1
202100047373,2021-03-19 08:50:00,2021,3,19,8,50,13,13209,REDON (BOULEVARD DU),43.2489924495,5.4229801562,Plein jour,En agglomération,Hors intersection,Pluie légère,Deux véhicules - côté,4,2,4,2,2,1,2,0,5,50,,2,1,0,0,1,49.0,51.0,,,1,2,1,2,3
202100047374,2021-03-19 08:45:00,2021,3,19,8,45,13,13213,BARRY (BOULEVARD),43.3192377161,5.4115030945,Plein jour,En agglomération,Hors intersection,Pluie légère,Deux véhicules - côté,4,2,2,0,1,1,2,0,1,50,,2,1,0,0,1,58.0,34.0,,,1,2,1,2,3
202100047375,2021-03-17 19:45:00,2021,3,17,19,45,13,13207,Corniche John Fitzgérald Kennedy,43.27774,5.35661,Nuit avec éclairage allumé,En agglomération,Intersection en T,Normale,Deux véhicules - côté,4,2,4,0,1,2,1,0,1,50,,2,1,0,0,1,24.0,22.0,,,5,2,3,1,3
202100047376,2021-03-18 19:40:00,2021,3,18,19,40,13,13205,EUGENE PIERRE (BOULEVARD),43.297,5.39,Nuit avec éclairage allumé,En agglomération,Autre intersection,Normale,Deux véhicules - côté,4,3,1,0,2,1,1,0,1,50,,2,1,0,1,0,40.0,32.0,,,5,2,9,1,3
202100047377,2021-03-16 17:10:00,2021,3,16,17,10,13,13028,SUBILIA (AVENUE ERNEST ),43.18571,5.6081,Plein jour,En agglomération,Hors intersection,Normale,Deux véhicules - côté,4,2,2,0,1,1,1,0,1,50,,2,1,0,1,0,50.0,52.0,,,1,2,1,1,3
202100047378,2021-03-19 09:30:00,2021,3,19,9,30,11,11069,VERNE JULES -AVENUE-,43.211,2.3305,Plein jour,En agglomération,Autre intersection,Pluie légère,Autre collision,4,2,2,0,3,1,2,0,1,50,,2,1,0,0,1,22.0,46.0,,,1,2,9,2,6
202100047379,2021-03-19 15:34:00,2021,3,19,15,34,10,10333,AUXERRE (ROUTE),48.27488,4.05916,Plein jour,En agglomération,Hors intersection,Normale,Trois véhicules et plus - en chaîne,3,2,2,0,1,1,1,0,1,50,,3,2,0,0,1,26.0,22.0,,,1,2,1,1,4
202100047380,2021-03-18 17:55:00,2021,3,18,17,55,10,10362,GENERAL LECLERC (RUE DU),48.29239,4.04296,Plein jour,En agglomération,Intersection en T,Normale,Deux véhicules - côté,3,2,2,0,1,1,1,0,1,50,,2,1,0,0,1,30.0,55.0,,,1,2,3,1,3
202100047381,2021-03-19 14:00:00,2021,3,19,14,0,06,06083,MADONE (AVENUE DE LA),43.770198,7.493293,Plein jour,En agglomération,Hors intersection,Normale,Deux véhicules - arrière,3,2,3,0,1,1,1,0,1,50,,2,1,0,0,1,24.0,53.0,,,1,2,1,1,2
202100047382,2021-03-18 22:30:00,2021,3,18,22,30,75,75119,PORTE DE PANTIN,48.896021,2.394351,Nuit avec éclairage allumé,En agglomération,Hors intersection,Pluie légère,Deux véhicules - arrière,4,1,4,0,1,1,2,0,1,70,,2,1,0,0,1,31.0,28.0,,,5,2,1,2,2
202100047383,2021-03-18 07:30:00,2021,3,18,7,30,75,75113,PORTE D ITALIE,48.817884,2.35351,Plein jour,En agglomération,Hors intersection,Normale,Trois véhicules et plus - collisions multiples,4,-1,3,0,1,1,1,0,1,70,,3,2,0,0,1,33.0,51.0,,,1,2,1,1,5
202100047384,2021-03-17 22:30:00,2021,3,17,22,30,75,75119,PORTE DE PANTIN,48.882735,2.400603,Nuit avec éclairage allumé,En agglomération,Hors intersection,Normale,Deux véhicules - arrière,4,1,4,0,1,1,1,0,1,70,,2,1,0,0,1,54.0,41.0,,,5,2,1,1,2
202100047385,2021-03-19 16:37:00,2021,3,19,16,37,75,75111,AVENUE DU TRONE,48.848176,2.399089,Plein jour,En agglomération,Place,Normale,Deux véhicules - côté,4,2,4,0,1,1,1,0,1,50,,4,3,0,0,1,30.0,60.0,,,1,2,7,1,3
202100047386,2021-03-19 09:00:00,2021,3,19,9,0,75,75120,RUE DES PYRENEES,48.850497,2.406402,Plein jour,En agglomération,Intersection en X,Normale,Deux véhicules - côté,4,2,2,0,2,1,1,0,1,50,,2,1,0,0,1,36.0,39.0,,,1,2,2,1,3
202100047387,2021-03-19 17:28:00,2021,3,19,17,28,75,75119,AVENUE MATHURIN MOREAU,48.878298,2.372901,Crépuscule ou aube,En agglomération,Intersection en Y,Normale,Deux véhicules - côté,4,2,2,0,2,1,1,0,1,50,,2,1,0,0,1,30.0,59.0,,,2,2,4,1,3
202100047388,2021-03-19 15:45:00,2021,3,19,15,45,75,75118,RUE DES POISSONNIERS,48.89796,2.352531,Plein jour,En agglomération,Intersection en T,Normale,Autre collision,4,2,2,0,1,1,1,0,1,50,,2,1,0,0,1,27.0,,,,1,2,3,1,6
202100047389,2021-03-09 20:36:00,2021,3,9,20,36,75,75116,RUE DE LA POMPE,48.870213,2.282807,Nuit avec éclairage allumé,En agglomération,Intersection en X,Normale,Autre collision,4,1,2,0,1,1,1,0,1,50,,2,1,0,0,1,64.0,,,,5,2,2,1,6
202100047390,2021-03-18 11:45:00,2021,3,18,11,45,75,75116,RUE DES VIGNES,48.856802,2.274029,Plein jour,En agglomération,Intersection en T,Normale,Deux véhicules - côté,4,2,2,0,1,1,1,0,1,50,,2,1,0,0,1,42.0,60.0,,,1,2,3,1,3
202100047391,2021-03-18 09:15:00,2021,3,18,9,15,75,75116,ROUTE DES LACS A PASSY,48.857848,2.262939,Plein jour,En agglomération,Intersection en X,Normale,Deux véhicules - arrière,4,2,1,0,1,1,1,0,1,50,,2,1,0,0,1,36.0,35.0,,,1,2,2,1,2
202100047392,2021-03-19 12:57:00,2021,3,19,12,57,75,75115,RUE LINOIS,48.847695,2.284132,Plein jour,En agglomération,Intersection en X,Normale,Autre collision,4,2,2,1,1,1,1,-1,5,50,,2,1,0,0,1,,,,,1,2,2,1,6
202100047393,2021-03-19 16:25:00,2021,3,19,16,25,75,75112,BOULEVARD DIDEROT,48.847342,2.38679,Plein jour,En agglomération,Intersection en X,Normale,Deux véhicules - côté,4,2,2,0,1,1,1,0,1,50,,2,1,0,0,1,29.0,29.0,,,1,2,2,1,3
202100047394,2021-03-19 13:15:00,2021,3,19,13,15,75,75112,QUAI DE BERCY,48.8312474507,2.3852190826,Plein jour,En agglomération,Hors intersection,Normale,Deux véhicules - côté,4,1,3,0,1,1,1,0,1,70,,2,1,0,0,1,39.0,31.0,,,1,2,1,1,3
202100047395,2021-03-19 11:05:00,2021,3,19,11,5,75,75108,BOULEVARD MALESHERBES,48.871719,2.322072,Plein jour,En agglomération,Intersection en X,Normale,Deux véhicules - côté,4,2,4,0,1,1,1,0,1,50,,2,1,0,0,1,46.0,37.0,,,1,2,2,1,3
202100047396,2021-03-19 14:10:00,2021,3,19,14,10,75,75104,BOULEVARD DU PALAIS,48.8552829614,2.3458742304,Plein jour,En agglomération,Intersection en T,Normale,Sans collision,4,2,4,3,1,1,1,-1,6,50,,1,0,0,1,0,57.0,,,,1,2,3,1,7
202100047397,2021-03-19 12:50:00,2021,3,19,12,50,94,94078,Rue du Docteur Zamenhof,48.728906,2.450487,Plein jour,En agglomération,Hors intersection,Normale,Deux véhicules - côté,4,2,2,0,2,1,1,0,1,50,,2,1,0,0,1,63.0,25.0,,,1,2,1,1,3
202100047398,2021-03-18 17:30:00,2021,3,18,17,30,94,94078,Avenue Winston Churchill,48.754961,2.445098,Plein jour,En agglomération,Autre intersection,Pluie légère,Deux véhicules - côté,3,3,4,0,1,1,2,0,1,50,,2,1,0,1,0,32.0,36.0,,,1,2,9,2,3
202100047399,2021-03-19 09:45:00,2021,3,19,9,45,94,94078,PARIS (rue de ),48.7479973968,2.4459171295,Plein jour,En agglomération,Hors intersection,Normale,Deux véhicules - arrière,2,1,2,0,1,1,1,0,1,50,,2,1,0,0,1,32.0,25.0,,,1,2,1,1,2
202100047400,2021-03-19 08:10:00,2021,3,19,8,10,94,94046,Avenue de la République,48.802806,2.43402,Plein jour,En agglomération,Intersection en X,Normale,Deux véhicules - côté,3,1,2,0,1,1,1,0,1,50,,2,1,0,1,0,63.0,46.0,,,1,2,2,1,3
202100047401,2021-03-19 06:45:00,2021,3,19,6,45,93,93066,LIBERATION RD14 (BOULEVARD),48.9232,2.3429,Crépuscule ou aube,En agglomération,Hors intersection,Pluie légère,Deux véhicules - arrière,3,1,1,0,1,3,2,8,1,50,,2,1,0,0,1,42.0,55.0,,,2,2,1,2,2
202100047402,2021-03-17 22:40:00,2021,3,17,22,40,93,93066,DE PRESSENSE FRANCIS,48.91943,2.36096,Nuit avec éclairage allumé,En agglomération,Hors intersection,Pluie légère,Deux véhicules - arrière,3,2,2,0,1,1,2,0,1,50,,2,1,0,0,1,39.0,21.0,,,5,2,1,2,2
202100047403,2021-03-19 11:13:00,2021,3,19,11,13,93,93049,MEAUX (CHEMIN),48.8616924912,2.5097945498,Plein jour,En agglomération,Hors intersection,Normale,Deux véhicules - côté,3,3,2,0,1,1,1,0,1,50,,2,1,0,0,1,32.0,27.0,,,1,2,1,1,3
202100047404,2021-03-19 12:45:00,2021,3,19,12,45,93,93045,PARIS RUE DE,48.88,2.41694,Plein jour,En agglomération,Hors intersection,Normale,Autre collision,3,2,2,0,1,1,1,0,1,10,,2,1,0,0,1,59.0,,,,1,2,1,1,6
202100047405,2021-03-18 21:40:00,2021,3,18,21,40,93,93031,PARIS (RUE DE),48.9542151688,2.3101088405,Nuit avec éclairage allumé,En agglomération,Hors intersection,Pluie légère,Autre collision,4,2,2,0,1,1,2,1,1,50,,4,1,0,3,0,,34.0,,,5,2,1,2,6
202100047406,2021-03-19 13:00:00,2021,3,19,13,0,93,93010,GALLIENI (AV.) DE 132 A 186,48.9062807055,2.4839734111,Plein jour,En agglomération,Hors intersection,Normale,Deux véhicules - côté,3,1,2,0,1,1,1,0,1,50,,2,1,0,0,1,30.0,24.0,,,1,2,1,1,3
202100047407,2021-03-19 19:00:00,2021,3,19,19,0,93,93001,VICTOR HUGO (AVE)  => 120,48.9109855924,2.3792242828,Nuit avec éclairage allumé,En agglomération,Autre intersection,Normale,Deux véhicules - frontale,3,1,4,0,1,1,1,9,1,50,,2,1,0,0,1,31.0,33.0,,,5,2,9,1,1
202100047408,2021-03-19 14:20:00,2021,3,19,14,20,92,92064,MARCEL DASSAULT,48.856641696,2.2232843935,Plein jour,En agglomération,Intersection en T,Normale,Deux véhicules - arrière,3,2,2,0,1,1,1,0,1,50,,2,1,0,0,1,27.0,39.0,,,1,2,3,1,2
202100047409,2021-03-19 04:20:00,2021,3,19,4,20,92,92064,ECOLES,48.84257,2.21802,Nuit avec éclairage allumé,En agglomération,Hors intersection,Autre,Autre collision,4,1,1,0,1,1,2,0,1,30,,2,0,0,2,0,32.0,,,,5,2,1,9,6
202100047410,2021-03-17 11:54:00,2021,3,17,11,54,92,92063,POMPIDOU (AVENUE DU PRESIDENT),48.87223,2.19258,Plein jour,En agglomération,Intersection en T,Normale,Deux véhicules - côté,4,2,2,0,1,1,1,0,1,50,,2,1,0,0,1,19.0,40.0,,,1,2,3,1,3
202100047411,2021-03-19 13:05:00,2021,3,19,13,5,92,92044,ALSACE (RUE) N°1 A 17 ET 2 A 18,48.89042,2.29366,Plein jour,En agglomération,Intersection en T,Normale,Autre collision,4,2,3,0,1,1,1,0,1,50,,2,1,0,0,1,23.0,,,,1,2,3,1,6
202100047412,2021-03-19 15:25:00,2021,3,19,15,25,92,92036,VILLAGE (PLACE DU),48.9347254644,2.3044507205,Plein jour,En agglomération,Hors intersection,Normale,Deux véhicules - arrière,4,1,1,0,1,1,1,0,1,50,,2,1,0,0,1,30.0,31.0,,,1,2,1,1,2
202100047413,2021-03-15 11:45:00,2021,3,15,11,45,92,92024,ANCIENNNE MAIRIE (RUE DE L'),48.9031476256,2.3026952147,Plein jour,En agglomération,Intersection en T,Normale,Autre collision,4,1,1,0,1,1,1,0,1,30,,2,1,0,1,0,50.0,,,,1,2,3,1,6
202100047414,2021-03-19 14:30:00,2021,3,19,14,30,92,92002,PROSPER LEGOUTE (PASSAGE),48.74351,2.296319,Plein jour,En agglomération,Hors intersection,Normale,Autre collision,4,1,1,0,1,3,1,9,4,30,,2,1,0,0,1,21.0,,,,1,2,1,1,6
202100047415,2021-03-19 13:45:00,2021,3,19,13,45,974,97415,Route Nationale,-20.983379,55.292741,Plein jour,Hors agglomération,Hors intersection,Normale,Autre collision,2,3,4,0,1,1,1,0,1,110,,3,2,0,1,0,52.0,43.0,,,1,1,1,1,6
202100047416,2021-03-12 12:35:00,2021,3,12,12,35,973,97362,Rue du Gran Man Emmanuel Tolinga,3.808793,-54.148859,Plein jour,En agglomération,Intersection en X,Normale,Deux véhicules - côté,4,2,2,0,1,1,1,0,1,50,,2,0,0,1,1,22.0,28.0,,,1,2,2,1,3
202100047417,2021-03-20 15:40:00,2021,3,20,15,40,49,49192,Les Renaudinieres,47.0254683566,-0.7880483642,Plein jour,Hors agglomération,Hors intersection,Normale,Deux véhicules - frontale,3,3,2,0,1,1,1,9,8,-1,,1,0,0,1,0,49.0,,,,1,1,1,1,1
202100047418,2021-03-20 11:46:00,2021,3,20,11,46,83,83085,Route du Muy,43.485413,6.540875,Plein jour,Hors agglomération,Hors intersection,Normale,Deux véhicules - côté,3,2,2,0,2,1,1,0,1,70,,2,1,0,1,0,20.0,63.0,,,1,1,1,1,3
202100047419,2021-03-19 12:55:00,2021,3,19,12,55,26,26145,Autoroute du Soleil,44.415666,4.731503,Plein jour,Hors agglomération,Hors intersection,Normale,Deux véhicules - arrière,1,3,5,0,1,1,1,0,1,130,,4,2,0,1,1,46.0,30.0,,,1,1,1,1,2
202100047420,2021-03-19 17:17:00,2021,3,19,17,17,67,67437,Rue de Dettwiller,48.739805,7.371166,Plein jour,En agglomération,Intersection en X,Normale,Deux véhicules - côté,3,2,2,0,1,1,1,0,1,40,,3,2,0,0,1,40.0,62.0,,,1,2,2,1,3
202100047421,2021-03-19 15:40:00,2021,3,19,15,40,62,62307,Lieu Dit le Vigneau,50.923205,1.715648,Plein jour,Hors agglomération,Hors intersection,Normale,Deux véhicules - côté,3,2,2,0,2,2,1,0,1,80,,2,1,0,1,0,24.0,32.0,,,1,1,1,1,3
202100047422,2021-03-20 18:00:00,2021,3,20,18,0,85,85065,les Goyères,46.881623,-1.282654,Plein jour,Hors agglomération,Intersection en X,Normale,Deux véhicules - côté,4,2,2,0,1,1,1,0,1,80,,4,3,0,1,0,32.0,16.0,,,1,1,2,1,3
202100047423,2021-03-19 16:45:00,2021,3,19,16,45,63,63055,A89 PK326.200,45.8212694518,2.7804170686,Plein jour,Hors agglomération,Hors intersection,Neige / grêle,Sans collision,1,3,4,0,1,1,5,0,2,130,,4,2,0,1,1,38.0,,,,1,1,1,4,7
202100047424,2021-03-20 17:45:00,2021,3,20,17,45,62,62323,Rue des Moulins,50.297239,2.873526,Plein jour,En agglomération,Hors intersection,Normale,Autre collision,4,2,2,0,1,3,1,0,1,50,,1,0,0,1,0,18.0,,,,1,2,1,1,6
202100047425,2021-03-19 16:15:00,2021,3,19,16,15,11,11085,D104,43.178295,2.32486,Plein jour,Hors agglomération,Hors intersection,Normale,Deux véhicules - côté,3,2,2,0,1,3,1,0,1,80,,3,1,0,0,2,38.0,26.0,,,1,1,1,1,3
202100047426,2021-03-20 09:45:00,2021,3,20,9,45,55,55073,D964,49.2065456542,5.3780697851,Plein jour,Hors agglomération,Hors intersection,Normale,Deux véhicules - arrière,3,2,2,0,1,1,1,0,1,80,,2,1,0,1,0,58.0,71.0,,,1,1,1,1,2
202100047427,2021-03-20 01:36:00,2021,3,20,1,36,46,46051,RD 802 PR 29+900,44.622628,1.91065,Nuit sans éclairage public,Hors agglomération,Hors intersection,Normale,Autre collision,3,2,2,0,1,2,1,0,3,80,,5,3,0,1,1,20.0,,,,3,1,1,1,6
202100047428,2021-03-19 16:20:00,2021,3,19,16,20,34,34239,place du monument au mort,43.650423,3.502107,Plein jour,En agglomération,Intersection en Y,Normale,Deux véhicules - côté,3,2,2,0,1,1,1,0,1,50,,2,1,0,1,0,51.0,47.0,,,1,2,4,1,3
202100047429,2021-03-20 14:15:00,2021,3,20,14,15,39,39458,,46.6163,5.6096533,Plein jour,Hors agglomération,Intersection en X,Normale,Deux véhicules - côté,3,2,2,0,1,1,1,5,1,70,,3,1,0,0,2,24.0,23.0,,,1,1,2,1,3
202100047430,2021-03-20 17:55:00,2021,3,20,17,55,31,31144,59 avenue de la gare,42.91469,0.645511,Plein jour,En agglomération,Hors intersection,Normale,Deux véhicules - arrière,3,-1,2,0,1,1,1,0,1,50,,3,2,0,1,0,31.0,24.0,,,1,2,1,1,2
202100047431,2021-03-20 03:00:00,2021,3,20,3,0,01,01351,Route des Iles,46.154077,4.865227,Nuit sans éclairage public,Hors agglomération,Hors intersection,Normale,Sans collision,3,2,2,0,1,2,1,0,3,80,,1,0,0,1,0,21.0,,,,3,1,1,1,7
202100047432,2021-03-20 18:55:00,2021,3,20,18,55,50,50082,Le Hameau des Fontaines St (Saint-Martin-le-Hébert),49.507499,-1.620322,Crépuscule ou aube,Hors agglomération,Hors intersection,Normale,Deux véhicules - frontale,3,2,2,0,1,2,1,0,1,80,,3,2,0,0,1,72.0,21.0,,,2,1,1,1,1
202100047433,2021-03-20 03:35:00,2021,3,20,3,35,90,90023,RD 465,47.702195,6.835696,Nuit sans éclairage public,En agglomération,Hors intersection,Normale,Sans collision,3,2,2,0,1,1,1,0,1,50,,4,0,1,1,2,22.0,,,,3,2,1,1,7
202100047434,2021-03-19 13:45:00,2021,3,19,13,45,85,85114,Rue de la Tourette/Rue de la Perpoise,46.41891,-1.58289,Plein jour,En agglomération,Giratoire,Normale,Deux véhicules - frontale,4,3,2,0,1,1,1,0,1,50,,2,1,0,1,0,74.0,79.0,,,1,2,6,1,1
202100047435,2021-03-20 06:50:00,2021,3,20,6,50,87,87154,Le Pont à la Planche,45.922143,0.93799,Crépuscule ou aube,Hors agglomération,Hors intersection,Autre,Autre collision,3,2,2,0,1,1,7,2,1,80,,1,0,1,0,0,26.0,,,,2,1,1,9,6
202100047436,2021-03-20 01:15:00,2021,3,20,1,15,973,97309,Route de Remire (rd2),4.896677,-52.27399,Nuit avec éclairage allumé,En agglomération,Hors intersection,Normale,Sans collision,3,2,2,0,1,1,2,0,1,50,,1,0,1,0,0,23.0,,,,5,2,1,1,7
202100047437,2021-03-20 12:30:00,2021,3,20,12,30,74,74010,21 Bd Costa de Beauregard,45.882223,6.099896,Plein jour,En agglomération,Giratoire,Normale,Deux véhicules - côté,4,2,2,3,2,1,1,5,6,50,,3,1,0,2,0,35.0,27.0,,,1,2,6,1,3
202100047438,2021-03-19 19:10:00,2021,3,19,19,10,79,79246,,46.414103,-0.125098,Crépuscule ou aube,Hors agglomération,Hors intersection,Normale,Autre collision,1,3,4,0,1,1,1,0,3,110,,1,0,0,1,0,20.0,,,,2,1,1,1,6
202100047439,2021-03-19 14:50:00,2021,3,19,14,50,72,72031,Autoroute A11 Pk 145,48.087397,0.503869,Plein jour,Hors agglomération,Hors intersection,Normale,Trois véhicules et plus - en chaîne,1,3,5,0,1,1,1,8,1,130,,5,1,0,3,1,26.0,55.0,,,1,1,1,1,4
202100047440,2021-03-19 18:05:00,2021,3,19,18,5,45,45008,A10 PK 080+500,48.064314,1.846218,Plein jour,Hors agglomération,Hors intersection,Normale,Deux véhicules - frontale,1,3,6,0,1,1,1,0,1,130,,2,0,0,0,2,42.0,35.0,,,1,1,1,1,1
202100047441,2021-03-20 16:50:00,2021,3,20,16,50,13,13103,A7,43.655919,5.104995,Plein jour,Hors agglomération,Hors intersection,Normale,Deux véhicules - arrière,1,1,4,0,1,1,1,0,1,130,,3,1,0,0,2,43.0,51.0,,,1,1,1,1,2
202100047442,2021-03-20 05:30:00,2021,3,20,5,30,988,98808,RT3 Tribu de Karovin,-21.298851,165.470377,Crépuscule ou aube,Hors agglomération,Hors intersection,Normale,Autre collision,2,2,2,0,1,3,1,0,3,110,,5,1,1,0,3,32.0,,,,2,1,1,1,6
202100047443,2021-03-16 22:15:00,2021,3,16,22,15,977,97701,R SAMUEL FAHLBERG,17.894803,-62.849602,Nuit avec éclairage allumé,En agglomération,Hors intersection,Normale,Deux véhicules - côté,9,2,2,0,1,1,1,0,1,30,,2,1,0,0,1,23.0,28.0,,,5,2,1,1,3
202100047444,2021-03-19 11:20:00,2021,3,19,11,20,44,44020,rue jean baptiste clement,47.173783,-1.585141,Plein jour,En agglomération,Hors intersection,Normale,Autre collision,4,2,2,0,1,1,1,0,1,50,,4,3,0,1,0,27.0,21.0,,,1,2,1,1,6
202100047445,2021-03-19 11:30:00,2021,3,19,11,30,77,77382,13 Rue de Coulommes,48.897667,2.880102,Plein jour,En agglomération,Intersection en X,Normale,Deux véhicules - côté,3,2,2,0,1,1,1,0,1,50,,2,1,0,1,0,53.0,19.0,,,1,2,2,1,3
202100047446,2021-03-20 17:30:00,2021,3,20,17,30,91,91411,route de gometz D40,48.672302,2.086201,Plein jour,Hors agglomération,Autre intersection,Normale,Deux véhicules - côté,3,2,2,0,1,2,1,0,1,80,,3,0,1,0,2,37.0,25.0,,,1,1,9,1,3