accident_id,datetime,annee,mois,jour,heure,minute,departement,commune_insee,adresse,latitude,longitude,luminosite,agglomeration,intersection,meteo,collision,catr,circ,nbv,vosp,prof,plan,surf,infra,situ,vma,nb_vehicules,nb_usagers,nb_indemnes,nb_tues,nb_blesses_hosp,nb_blesses_legers,age_cond_1,age_cond_2,veh_type_cond_1,veh_type_cond_2,lum_code,agg_code,int_code,atm_code,col_code
202100047447,2021-03-19 17:25:00,2021,3,19,17,25,91,91041,10 Route d'Arpajon,48.575376,2.237413,Plein jour,En agglomération,Hors intersection,Normale,Autre collision,3,2,2,0,1,1,1,0,3,50,,1,0,0,1,0,63.0,,,,1,2,1,1,6
202100047448,2021-02-23 16:00:00,2021,2,23,16,0,34,34022,Rue de Colombiers,43.657861,4.011472,Plein jour,En agglomération,Autre intersection,Normale,Deux véhicules - arrière,2,2,2,0,1,1,1,0,1,50,,2,1,0,0,1,28.0,29.0,,,1,2,9,1,2
202100047449,2021-03-16 17:15:00,2021,3,16,17,15,34,34090,Route départementale 65,43.659493,3.937877,Plein jour,Hors agglomération,Hors intersection,Normale,Deux véhicules - arrière,7,2,2,0,1,1,1,0,1,70,,2,1,0,0,1,33.0,19.0,,,1,1,1,1,2
202100047450,2021-03-19 10:45:00,2021,3,19,10,45,13,13015,Boulevard pierre de brossolette,43.45714,5.412912,Plein jour,En agglomération,Hors intersection,Pluie légère,Deux véhicules - frontale,7,2,2,0,2,4,2,0,1,50,,2,1,0,0,1,31.0,42.0,,,1,2,1,2,1
202100047451,2021-02-01 07:20:00,2021,2,1,7,20,73,73232,D902,45.5465905053,6.9074658715,Plein jour,Hors agglomération,Hors intersection,Neige / grêle,Deux véhicules - côté,3,2,2,0,2,3,5,0,1,80,,3,2,0,1,0,37.0,55.0,,,1,1,1,4,3
202100047452,2021-03-19 16:40:00,2021,3,19,16,40,79,79049,Habitation la Roche d’Or Beaulieu (Beaulieu-sous-Bressuire),46.888377,-0.494438,Plein jour,Hors agglomération,Hors intersection,Normale,Sans collision,3,-1,2,0,2,1,1,0,1,80,,1,0,0,1,0,17.0,,,,1,1,1,1,7
202100047453,2021-03-18 16:00:00,2021,3,18,16,0,33,33056,Avenue de Tanais,44.929994,-0.642791,Plein jour,En agglomération,Intersection en T,Normale,Deux véhicules - frontale,4,2,2,0,1,1,1,0,1,50,,2,1,0,1,0,64.0,31.0,,,1,2,3,1,1
202100047454,2021-03-19 22:05:00,2021,3,19,22,5,29,29022,D8A - 13 Rue du General Leclerc,48.275438,-4.603347,Nuit avec éclairage allumé,En agglomération,Intersection en T,Normale,Autre collision,3,2,2,0,1,1,1,5,4,50,,3,0,0,3,0,16.0,,,,5,2,3,1,6
202100047455,2021-03-19 12:15:00,2021,3,19,12,15,59,59391,D130,50.299723,3.307872,Plein jour,Hors agglomération,Hors intersection,Normale,Autre collision,3,2,2,2,1,2,1,0,8,80,,1,0,1,0,0,29.0,,,,1,1,1,1,6
202100047456,2021-03-19 16:45:00,2021,3,19,16,45,13,13214,A7-Sens Lyon vers Marseille,43.342806,5.375808,Plein jour,Hors agglomération,Hors intersection,Normale,Deux véhicules - frontale,1,1,3,0,1,1,1,0,1,90,,2,1,0,0,1,55.0,48.0,,,1,1,1,1,1
202100047457,2021-03-18 10:17:00,2021,3,18,10,17,13,13106,A7-Sens Lyon vers Marseille,43.39208,5.35101,Plein jour,Hors agglomération,Hors intersection,Normale,Deux véhicules - côté,1,-1,4,0,2,1,1,0,1,90,,2,1,0,0,1,54.0,25.0,,,1,1,1,1,3
202100047458,2021-03-17 18:03:00,2021,3,17,18,3,69,69297,A7,45.6019460469,4.7967413069,Nuit sans éclairage public,Hors agglomération,Hors intersection,Pluie légère,Deux véhicules - arrière,1,3,6,0,1,2,2,0,1,90,,2,0,0,0,2,23.0,40.0,,,3,1,1,2,2
202100047459,2021-03-19 11:00:00,2021,3,19,11,0,33,33063,Rocade Nord A630,44.88306,-0.553244,Plein jour,Hors agglomération,Hors intersection,Normale,Trois véhicules et plus - en chaîne,1,3,6,0,2,1,1,2,1,70,,3,2,0,0,1,30.0,32.0,,,1,1,1,1,4
202100047460,2021-03-19 08:15:00,2021,3,19,8,15,33,33039,ROCADE A 631,44.80585,-0.531857,Plein jour,Hors agglomération,Hors intersection,Pluie légère,Sans collision,1,3,6,0,1,2,2,3,1,50,,1,0,0,0,1,33.0,,,,1,1,1,2,7
202100047461,2021-03-19 10:30:00,2021,3,19,10,30,92,92047,A13,48.8350835791,2.1757683191,Plein jour,Hors agglomération,Hors intersection,Normale,Deux véhicules - arrière,1,1,1,0,2,1,1,0,1,70,,2,1,0,0,1,43.0,30.0,,,1,1,1,1,2
202100047462,2021-03-19 08:50:00,2021,3,19,8,50,92,92036,A86,48.9353674804,2.2648550687,Plein jour,Hors agglomération,Hors intersection,Normale,Deux véhicules - côté,1,3,4,0,1,1,1,0,1,90,,2,1,0,0,1,59.0,47.0,,,1,1,1,1,3
202100047463,2021-03-19 18:30:00,2021,3,19,18,30,95,95392,RN 184,49.06798,2.21814,Plein jour,Hors agglomération,Hors intersection,Normale,Deux véhicules - arrière,2,3,6,0,1,1,1,0,1,90,,2,1,0,0,1,41.0,25.0,,,1,1,1,1,2
202100047464,2021-03-19 03:45:00,2021,3,19,3,45,92,92036,AUTOROUTE A15,48.94648,2.28279,Nuit sans éclairage public,Hors agglomération,Hors intersection,Pluie légère,Autre collision,1,3,8,0,1,1,2,2,1,110,,1,0,0,0,1,23.0,,,,3,1,1,2,6
202100047465,2021-03-19 15:00:00,2021,3,19,15,0,94,94065,A86 EXT,48.7543494698,2.3490106533,Plein jour,Hors agglomération,Hors intersection,Normale,Deux véhicules - arrière,2,1,3,0,1,1,1,0,1,90,,2,1,0,0,1,52.0,40.0,,,1,1,1,1,2
202100047466,2021-03-19 08:45:00,2021,3,19,8,45,93,93051,A4,48.83674,2.54392,Plein jour,Hors agglomération,Hors intersection,Normale,Autre collision,1,3,8,0,1,1,2,0,1,110,,3,2,0,1,0,47.0,28.0,,,1,1,1,1,6
202100047467,2021-03-18 10:49:00,2021,3,18,10,49,976,97611,kaweni-GEOLE (la),-12.767,45.22477,Plein jour,En agglomération,Hors intersection,Normale,Deux véhicules - arrière,4,2,0,0,1,1,1,0,1,50,,2,1,0,0,1,26.0,37.0,,,1,2,1,1,2
202100047468,2021-03-17 19:30:00,2021,3,17,19,30,974,97416,ENTRE DEUX (CHEMIN) CD26,-21.29855,55.43804,Nuit sans éclairage public,Hors agglomération,Hors intersection,Normale,Deux véhicules - frontale,3,-1,2,0,1,1,1,0,1,70,,2,1,1,0,0,20.0,32.0,,,3,1,1,1,1
202100047469,2021-03-18 16:45:00,2021,3,18,16,45,974,97407,OWENS JAMES,-20.93456,55.31976,Plein jour,En agglomération,Hors intersection,Pluie légère,Deux véhicules - frontale,2,-1,2,0,1,2,2,0,1,50,,2,1,0,0,1,22.0,73.0,,,1,2,1,2,1
202100047470,2021-03-18 07:25:00,2021,3,18,7,25,973,97302,SCHOELCHER (PLACE),4.93726,-52.33506,Plein jour,En agglomération,Hors intersection,Normale,Deux véhicules - côté,4,1,2,0,1,2,1,0,1,50,,2,1,0,0,1,43.0,21.0,,,1,2,1,1,3
202100047471,2021-03-18 17:30:00,2021,3,18,17,30,69,69387,GAMBETTA (CR),45.75389,4.84697,Plein jour,En agglomération,Intersection en X,Normale,Deux véhicules - frontale,4,2,4,3,1,1,1,0,1,50,,2,1,0,0,1,36.0,27.0,,,1,2,2,1,1
202100047472,2021-03-18 14:35:00,2021,3,18,14,35,69,69383,DOCTEUR LONG (DU) (CR),45.7493656902,4.8840694609,Plein jour,En agglomération,Intersection en X,Normale,Autre collision,4,1,1,0,1,2,1,0,1,50,,2,1,0,0,1,76.0,,,,1,2,2,1,6
202100047473,2021-03-17 12:30:00,2021,3,17,12,30,69,69388,PROFESSEUR BEAUVISAGE (DU) (R),45.7307529651,4.8714481338,Plein jour,En agglomération,Intersection en T,Pluie légère,Deux véhicules - côté,4,2,5,1,1,1,2,0,1,50,,2,1,0,0,1,21.0,16.0,,,1,2,3,2,3
202100047474,2021-03-17 16:45:00,2021,3,17,16,45,972,97209,PROFESSEUR RAYMOND GARCIN (RUE DU),14.61323,-61.07864,Plein jour,Hors agglomération,Hors intersection,Normale,Sans collision,3,2,1,0,2,1,1,0,1,50,,1,0,0,1,0,51.0,,,,1,1,1,1,7
202100047475,2021-03-18 13:15:00,2021,3,18,13,15,69,69034,GENERAL DE GAULLE                   (AV),45.81171,4.85908,Plein jour,En agglomération,Intersection en T,Normale,Deux véhicules - côté,7,2,3,3,1,1,1,0,1,50,,2,0,0,0,2,17.0,24.0,,,1,2,3,1,3
202100047476,2021-03-18 16:03:00,2021,3,18,16,3,95,95539,RD 125,48.9913,2.36191,Plein jour,En agglomération,Giratoire,Temps couvert,Autre collision,3,3,2,0,1,1,1,0,1,50,,3,2,0,0,1,76.0,,,,1,2,6,8,6
202100047477,2021-03-18 06:15:00,2021,3,18,6,15,91,91377,AV DU M DE LATTRE DE TASSIGNY,48.7164,2.2962,Nuit avec éclairage allumé,En agglomération,Hors intersection,Normale,Deux véhicules - frontale,3,2,3,3,1,1,1,0,1,50,,2,0,0,0,2,64.0,50.0,,,5,2,1,1,1
202100047478,2021-03-16 16:25:00,2021,3,16,16,25,83,83069,PIERREFEU (ROUTE DE) RD 12,43.160428,6.125836,Plein jour,Hors agglomération,Hors intersection,Normale,Trois véhicules et plus - collisions multiples,7,2,2,0,1,2,1,0,1,70,,3,2,0,0,1,59.0,65.0,,,1,1,1,1,5
202100047479,2021-03-18 03:22:00,2021,3,18,3,22,78,78586,BARBUSSE (HENRI),48.93914,2.19214,Nuit avec éclairage allumé,En agglomération,Passage à niveau,Normale,Deux véhicules - côté,4,2,2,3,1,1,1,4,6,50,,3,1,0,1,1,30.0,39.0,,,5,2,8,1,3
202100047480,2021-03-07 15:45:00,2021,3,7,15,45,76,76474,Route de Dieppe,49.48995,1.04931,Plein jour,En agglomération,Hors intersection,Normale,Deux véhicules - côté,7,2,2,0,1,1,1,0,1,30,,2,1,0,0,1,22.0,23.0,,,1,2,1,1,3
202100047481,2021-03-07 08:30:00,2021,3,7,8,30,76,76540,Place Saint Marc,49.43989,1.1019,Plein jour,En agglomération,Hors intersection,Normale,Sans collision,4,2,2,0,1,1,1,0,1,30,,2,1,0,0,1,53.0,,,,1,2,1,1,7
202100047482,2021-03-05 11:05:00,2021,3,5,11,5,76,76575,MADRILLET. RUE DU,49.39479,1.07355,Plein jour,En agglomération,Intersection en X,Normale,Deux véhicules - côté,4,2,2,0,1,1,1,0,1,50,,2,1,0,0,1,71.0,39.0,,,1,2,2,1,3
202100047483,2021-01-22 16:00:00,2021,1,22,16,0,73,73065,FAVRE (RUE),45.5668,5.92065,Plein jour,En agglomération,Hors intersection,Pluie légère,Autre collision,4,2,2,0,1,1,2,0,1,-1,,2,1,0,1,0,62.0,,,,1,2,1,2,6
202100047484,2021-03-17 07:30:00,2021,3,17,7,30,67,67447,23 NOVEMBRE (AVENUE DU),48.60688,7.7305,Plein jour,En agglomération,Intersection en T,Pluie légère,Deux véhicules - côté,4,3,3,2,1,1,2,0,1,50,,2,1,0,0,1,16.0,43.0,,,1,2,3,2,3
202100047485,2021-03-16 16:50:00,2021,3,16,16,50,66,66136,MISTRAL (BOULEVARD FREDERIC),42.698654228,2.905856967,Plein jour,En agglomération,Hors intersection,Normale,Deux véhicules - arrière,4,-1,2,0,1,1,1,0,1,50,,2,1,0,0,1,41.0,19.0,,,1,2,1,1,2
202100047486,2021-03-18 08:35:00,2021,3,18,8,35,64,64269,Avenue Pierre de Belsunce,43.29566,-0.30669,Plein jour,En agglomération,Hors intersection,Normale,Deux véhicules - frontale,3,2,2,0,1,1,1,0,1,50,,3,1,0,0,2,70.0,20.0,,,1,2,1,1,1
202100047487,2021-03-12 08:10:00,2021,3,12,8,10,64,64445,MICHELET,43.30022,-0.37716,Plein jour,En agglomération,Giratoire,Temps couvert,Deux véhicules - côté,4,1,1,0,2,2,3,0,1,50,,2,1,0,0,1,58.0,27.0,,,1,2,6,8,3
202100047488,2021-03-18 15:10:00,2021,3,18,15,10,64,64024,ESPAGNE (AVENUE D'),43.4755107101,-1.5288830365,Plein jour,En agglomération,Intersection en T,Normale,Deux véhicules - arrière,3,2,2,0,1,1,1,0,1,50,,2,1,0,0,1,45.0,16.0,,,1,2,3,1,2
202100047489,2021-03-17 18:00:00,2021,3,17,18,0,64,64024,MIRAMBEAU (ROUTE DE),43.4770843401,-1.5101668239,Plein jour,En agglomération,Hors intersection,Normale,Deux véhicules - côté,4,2,3,0,2,1,1,0,1,50,,2,1,0,1,0,47.0,19.0,,,1,2,1,1,3
202100047490,2021-03-17 12:35:00,2021,3,17,12,35,64,64024,BAYONNE (AVENUE DE),43.48117,-1.51126,Plein jour,En agglomération,Hors intersection,Normale,Sans collision,3,2,4,0,1,1,1,0,1,50,,2,1,0,0,1,30.0,,,,1,2,1,1,7
202100047491,2021-03-18 08:06:00,2021,3,18,8,6,63,63014,Roussillon/Sauzes,45.75538,3.12941,Plein jour,En agglomération,Intersection en X,Normale,Deux véhicules - côté,7,3,6,0,1,1,1,0,1,50,,3,1,0,0,2,27.0,35.0,,,1,2,2,1,3
202100047492,2021-03-17 19:08:00,2021,3,17,19,8,63,63113,BERGOUGNAN (AVENUE RAYMOND),45.78544,3.06464,Plein jour,En agglomération,Intersection en X,Normale,Deux véhicules - côté,7,2,2,0,2,1,1,0,1,50,,2,1,0,0,1,30.0,21.0,,,1,2,2,1,3
202100047493,2021-03-17 13:57:00,2021,3,17,13,57,63,63113,CHAMPRATEL (RUE DE),45.81018,3.11415,Plein jour,En agglomération,Intersection en X,Normale,Deux véhicules - côté,4,2,2,0,1,1,1,0,1,50,,2,1,0,0,1,57.0,53.0,,,1,2,2,1,3
202100047494,2021-02-27 15:05:00,2021,2,27,15,5,59,59350,ASIE RUE DE L,50.60534,3.05325,Plein jour,En agglomération,Intersection en X,Normale,Deux véhicules - côté,4,2,2,1,1,1,1,0,5,30,,2,1,0,1,0,51.0,45.0,,,1,2,2,1,3
202100047495,2021-03-17 17:15:00,2021,3,17,17,15,57,57221,GARE (RUE DE LA),49.32824,6.11697,Plein jour,En agglomération,Hors intersection,Normale,Trois véhicules et plus - collisions multiples,3,2,2,0,4,1,1,0,1,50,,4,3,0,0,1,22.0,49.0,,,1,2,1,1,5
202100047496,2021-03-17 18:10:00,2021,3,17,18,10,56,56121,Rue Marcel Sembat,47.74835,-3.37442,Plein jour,En agglomération,Giratoire,Normale,Sans collision,4,1,1,0,1,2,1,5,1,30,,1,0,0,0,1,26.0,,,,1,2,6,1,7
202100047497,2021-03-16 18:45:00,2021,3,16,18,45,41,41018,INDUSTRIE (BOULEVARD DE L'),47.60014,1.3197,Crépuscule ou aube,En agglomération,Intersection en X,Normale,Trois véhicules et plus - collisions multiples,4,-1,3,0,1,1,1,0,1,50,,5,2,1,1,1,41.0,43.0,,,2,2,2,1,5
202100047498,2021-03-17 12:55:00,2021,3,17,12,55,37,37122,VIEILLE CARTE (ROUTE DE),47.3283291083,0.6412776347,Plein jour,Hors agglomération,Hors intersection,Normale,Sans collision,7,2,2,0,1,2,1,0,1,80,,1,0,0,0,1,22.0,,,,1,1,1,1,7
202100047499,2021-03-17 12:30:00,2021,3,17,12,30,35,35238,LAENNEC (BD RENE),48.10527,-1.666,Plein jour,En agglomération,Hors intersection,Normale,Deux véhicules - côté,4,2,2,2,1,1,1,0,1,50,,2,1,0,0,1,31.0,54.0,,,1,2,1,1,3
202100047500,2021-02-08 18:15:00,2021,2,8,18,15,34,34301,MOULINS (QUAI DES),43.410026,3.70599,Crépuscule ou aube,En agglomération,Hors intersection,Temps couvert,Autre collision,4,2,2,0,1,1,1,0,1,30,,2,1,0,0,1,31.0,,,,2,2,1,8,6
202100047501,2021-03-18 17:27:00,2021,3,18,17,27,33,33069,Boulevard Godard,44.85938,-0.58947,Plein jour,En agglomération,Intersection en X,Normale,Deux véhicules - côté,4,3,6,0,1,1,1,0,1,50,,2,1,0,0,1,26.0,23.0,,,1,2,2,1,3
202100047502,2021-03-18 09:15:00,2021,3,18,9,15,33,33039,Route de Toulouse,44.804789,-0.572228,Plein jour,En agglomération,Hors intersection,Normale,Deux véhicules - côté,4,2,2,2,1,1,1,-1,1,50,,2,1,0,1,0,60.0,43.0,,,1,2,1,1,3
202100047503,2021-03-16 11:35:00,2021,3,16,11,35,29,29232,Avenue Pierre Mendes-France,47.9774,-4.124,Plein jour,En agglomération,Hors intersection,Normale,Deux véhicules - arrière,4,2,2,0,2,1,1,0,1,50,,2,0,0,0,2,76.0,44.0,,,1,2,1,1,2
202100047504,2021-03-17 17:45:00,2021,3,17,17,45,29,29039,D783 - Rue de Pennanguer,47.90211,-3.91344,Plein jour,Hors agglomération,Hors intersection,Normale,Deux véhicules - arrière,3,2,2,0,1,1,1,0,1,50,,2,1,0,0,1,24.0,52.0,,,1,1,1,1,2
202100047505,2021-03-18 16:35:00,2021,3,18,16,35,29,29019,Rue Amerigo Vespucci,48.377404,-4.51376,Plein jour,En agglomération,Hors intersection,Normale,Autre collision,4,2,2,0,1,2,1,9,1,50,,2,1,0,0,1,85.0,,,,1,2,1,1,6
202100047506,2021-03-18 09:30:00,2021,3,18,9,30,17,17415,Route Départementale N° 131,45.736116,-0.67341,Plein jour,En agglomération,Hors intersection,Normale,Deux véhicules - arrière,4,2,2,0,1,1,1,0,1,50,,2,1,0,1,0,43.0,71.0,,,1,2,1,1,2
202100047507,2021-03-18 16:10:00,2021,3,18,16,10,17,17306,EUROPE (COURS DE L'),45.62461,-1.02405,Plein jour,En agglomération,Autre intersection,Normale,Deux véhicules - côté,4,2,2,0,1,1,1,5,1,30,,2,1,0,0,1,17.0,49.0,,,1,2,9,1,3
202100047508,2021-03-17 20:50:00,2021,3,17,20,50,14,14366,Rue Pont Mortain,49.14358,0.22677,Nuit avec éclairage allumé,En agglomération,Intersection en X,Temps couvert,Autre collision,4,1,1,0,1,1,2,0,1,30,,3,1,0,0,2,35.0,50.0,,,5,2,2,8,6
202100047509,2021-03-18 19:40:00,2021,3,18,19,40,14,14118,Place Courtonne,49.1839,-0.3567,Plein jour,En agglomération,Place,Normale,Deux véhicules - côté,4,2,3,0,1,1,1,0,1,50,,2,1,0,0,1,22.0,28.0,,,1,2,7,1,3
202100047510,2021-03-18 17:15:00,2021,3,18,17,15,13,13208,MAZARGUES (AVENUE DE),43.24,5.39,Plein jour,En agglomération,Hors intersection,Normale,Deux véhicules - arrière,4,1,1,0,1,1,1,0,1,50,,5,2,0,1,2,22.0,42.0,,,1,2,1,1,2
202100047511,2021-03-18 17:30:00,2021,3,18,17,30,13,13208,PRADO (AVENUE DU),43.26541962,5.3802530169,Plein jour,En agglomération,Hors intersection,Normale,Deux véhicules - côté,4,2,6,3,1,1,1,0,1,50,,2,1,0,0,1,43.0,,,,1,2,1,1,3
202100047512,2021-03-18 14:30:00,2021,3,18,14,30,13,13208,pointe rouge (ave),43.2471155781,5.3739470297,Plein jour,En agglomération,Hors intersection,Normale,Deux véhicules - côté,4,3,4,0,1,1,1,0,1,50,,2,0,0,0,2,38.0,49.0,,,1,2,1,1,3
202100047513,2021-03-17 16:05:00,2021,3,17,16,5,11,11069,BARBACANE,43.20935,2.36041,Plein jour,En agglomération,Hors intersection,Normale,Deux véhicules - arrière,4,1,2,0,2,2,1,0,1,30,,2,1,0,0,1,43.0,26.0,,,1,2,1,1,2
202100047514,2021-03-17 08:06:00,2021,3,17,8,6,10,10387,MAROTS (RUE DES),48.30534,4.0522,Plein jour,En agglomération,Autre intersection,Pluie légère,Autre collision,4,2,2,0,2,1,2,0,1,50,,2,1,0,1,0,37.0,,,,1,2,9,2,6
202100047515,2021-03-18 09:15:00,2021,3,18,9,15,06,06069,VICTOR HUGO  (BD),43.655538,6.91923,Plein jour,En agglomération,Hors intersection,Temps couvert,Sans collision,3,2,2,0,2,1,1,0,1,50,,2,1,1,0,0,19.0,,,,1,2,1,8,7
202100047516,2021-03-18 07:36:00,2021,3,18,7,36,05,05061,FRANCOIS MITTERAND (AVENUE),44.54254,6.05958,Plein jour,En agglomération,Intersection en T,Normale,Deux véhicules - côté,2,2,2,0,2,1,1,5,1,50,,2,1,0,0,1,53.0,40.0,,,1,2,3,1,3
202100047517,2021-02-03 14:37:00,2021,2,3,14,37,05,05061,JEAN JAURES ( AVENUE ),44.5514684021,6.0704924629,Plein jour,En agglomération,Hors intersection,Normale,Autre collision,2,2,2,0,1,1,1,0,1,50,,2,1,0,0,1,59.0,,,,1,2,1,1,6
202100047518,2021-03-17 17:15:00,2021,3,17,17,15,04,04112,RD 4096,43.83803,5.80518,Plein jour,En agglomération,Hors intersection,Normale,Deux véhicules - arrière,3,1,2,0,1,1,1,0,1,50,,3,0,0,0,3,20.0,86.0,,,1,2,1,1,2
202100047519,2021-03-18 15:45:00,2021,3,18,15,45,75,75115,ECHANGEUR ISSY,48.835262,2.270712,Plein jour,En agglomération,Hors intersection,Normale,Sans collision,4,1,4,0,1,1,1,0,1,70,,1,0,0,0,1,55.0,,,,1,2,1,1,7
202100047520,2021-03-17 17:50:00,2021,3,17,17,50,75,75101,QUAI DU LOUVRE,48.858506,2.342487,Plein jour,En agglomération,Intersection en X,Pluie légère,Autre collision,4,1,3,0,1,1,2,0,1,50,,4,3,0,0,1,67.0,,,,1,2,2,2,6
202100047521,2021-03-18 16:20:00,2021,3,18,16,20,75,75120,RUE D AVRON,48.851528,2.399526,Plein jour,En agglomération,Intersection en T,Pluie légère,Deux véhicules - côté,4,2,2,0,2,1,2,0,1,50,,2,1,0,0,1,48.0,21.0,,,1,2,3,2,3
202100047522,2021-03-18 16:00:00,2021,3,18,16,0,75,75119,AVENUE DE LA PORTE DU PRE SAINT GERVAIS,48.8795255996,2.4015881769,Plein jour,En agglomération,Hors intersection,Pluie légère,Autre collision,4,2,2,0,2,2,2,0,4,30,,2,1,0,0,1,51.0,,,,1,2,1,2,6
202100047523,2021-03-18 17:30:00,2021,3,18,17,30,75,75117,AVENUE DE LA GRANDE ARMEE,48.8750106642,2.2911515254,Plein jour,En agglomération,Intersection en T,Pluie légère,Deux véhicules - côté,4,2,8,0,1,1,2,0,1,50,,2,1,0,0,1,26.0,37.0,,,1,2,3,2,3
202100047524,2021-03-18 16:45:00,2021,3,18,16,45,75,75117,RUE ALFRED ROLL,48.887215,2.300761,Plein jour,En agglomération,Intersection à plus de 4 branches,Temps couvert,Autre collision,4,2,7,0,2,1,1,0,1,30,,2,0,0,0,2,30.0,,,,1,2,5,8,6
202100047525,2021-03-18 16:15:00,2021,3,18,16,15,75,75117,AVENUE NIEL,48.8798221238,2.2947910762,Plein jour,En agglomération,Intersection en Y,Pluie légère,Deux véhicules - côté,4,2,3,0,1,1,2,0,1,30,,2,1,0,0,1,32.0,67.0,,,1,2,4,2,3
202100047526,2021-03-16 18:20:00,2021,3,16,18,20,75,75117,RUE POUCHET,48.893381,2.319946,Plein jour,En agglomération,Hors intersection,Temps couvert,Deux véhicules - arrière,4,2,2,0,1,1,2,0,1,30,,2,1,0,0,1,47.0,34.0,,,1,2,1,8,2
202100047527,2021-03-17 07:10:00,2021,3,17,7,10,75,75114,AVENUE DU MAINE,48.837539,2.32295,Crépuscule ou aube,En agglomération,Intersection en X,Pluie légère,Deux véhicules - côté,4,1,3,0,2,1,2,0,1,50,,2,1,0,0,1,29.0,51.0,,,2,2,2,2,3
202100047528,2021-03-18 00:30:00,2021,3,18,0,30,75,75113,BOULEVARD DE L HOPITAL,48.835933,2.358747,Nuit avec éclairage allumé,En agglomération,Intersection en Y,Normale,Deux véhicules - côté,4,1,2,0,2,1,1,0,1,50,,2,1,0,0,1,36.0,26.0,,,5,2,4,1,3
202100047529,2021-03-17 18:45:00,2021,3,17,18,45,75,75112,QUAI DE BERCY,48.830466,2.386213,Nuit avec éclairage allumé,En agglomération,Hors intersection,Normale,Deux véhicules - côté,4,1,3,0,2,1,1,1,1,50,,2,1,0,0,1,31.0,29.0,,,5,2,1,1,3
202100047530,2021-03-18 21:05:00,2021,3,18,21,5,75,75110,BOULEVARD DE MAGENTA,48.8757849495,2.3564869165,Nuit avec éclairage allumé,En agglomération,Intersection en T,Pluie légère,Deux véhicules - côté,4,4,0,1,1,1,2,-1,5,50,,3,2,0,0,1,48.0,26.0,,,5,2,3,2,3
202100047531,2021-03-18 08:21:00,2021,3,18,8,21,75,75110,PLACE FRANZ LISZT,48.878071,2.351317,Plein jour,En agglomération,Place,Normale,Deux véhicules - côté,4,1,4,1,1,1,1,-1,5,50,,2,1,0,0,1,49.0,37.0,,,1,2,7,1,3
202100047532,2021-03-18 11:45:00,2021,3,18,11,45,75,75108,AVENUE HOCHE,48.876007,2.300407,Plein jour,En agglomération,Hors intersection,Temps couvert,Deux véhicules - côté,4,2,3,0,1,1,1,0,1,50,,2,1,0,0,1,56.0,68.0,,,1,2,1,8,3
202100047533,2021-03-18 16:50:00,2021,3,18,16,50,75,75101,RUE DE RIVOLI,48.860417,2.342347,Plein jour,En agglomération,Intersection en X,Pluie légère,Deux véhicules - côté,4,2,3,3,1,1,2,-1,6,50,,2,1,0,0,1,60.0,36.0,,,1,2,2,2,3
202100047534,2021-03-18 09:00:00,2021,3,18,9,0,75,75102,RUE DES JEUNEURS,48.869192,2.345854,Plein jour,En agglomération,Intersection en X,Normale,Autre collision,4,1,1,0,1,1,1,0,1,50,,2,1,0,0,1,60.0,,,,1,2,2,1,6
202100047535,2021-03-17 11:55:00,2021,3,17,11,55,94,94068,PONT DE CRETEIL (R DU),48.80728,2.47126,Plein jour,En agglomération,Hors intersection,Temps couvert,Autre collision,4,2,4,0,1,1,1,6,1,30,,2,1,0,0,1,31.0,,,,1,2,1,8,6
202100047536,2021-03-17 09:30:00,2021,3,17,9,30,94,94052,CHARLES DE GAULLE (GRAND RUE),48.8377,2.48784,Plein jour,En agglomération,Hors intersection,Normale,Deux véhicules - frontale,4,1,1,0,1,1,1,0,1,30,,2,1,0,0,1,65.0,37.0,,,1,2,1,1,1
202100047537,2021-03-18 12:00:00,2021,3,18,12,0,94,94028,Rue Henri Matisse,48.783033,2.464048,Plein jour,En agglomération,Intersection en T,Normale,Deux véhicules - arrière,4,2,2,0,1,1,1,0,1,50,,2,1,0,0,1,31.0,34.0,,,1,2,3,1,2
202100047538,2021-03-18 16:15:00,2021,3,18,16,15,93,93031,REPUBLIQUE (AVENUE),48.95272,2.31597,Plein jour,En agglomération,Hors intersection,Pluie légère,Autre collision,3,3,4,0,1,1,2,0,1,50,,2,1,0,0,1,,,,,1,2,1,2,6
202100047539,2021-03-18 12:50:00,2021,3,18,12,50,93,93072,STALINGRAD (AVENUE DE) COTE DES N°51 AU,48.9480716713,2.377077278,Plein jour,En agglomération,Hors intersection,Pluie légère,Autre collision,3,2,4,0,1,1,2,0,1,50,,2,1,0,0,1,52.0,,,,1,2,1,2,6
202100047540,2021-03-18 20:50:00,2021,3,18,20,50,93,93007,MASSENET (AVENUE),48.9404715785,2.4657011032,Nuit avec éclairage allumé,En agglomération,Intersection en X,Pluie légère,Deux véhicules - côté,4,1,1,0,1,2,2,0,1,50,,2,1,0,0,1,21.0,21.0,,,5,2,2,2,3
202100047541,2021-03-18 20:35:00,2021,3,18,20,35,93,93001,VICTOR HUGO (AVE)  131 A 165,48.9095332019,2.3784734882,Nuit avec éclairage allumé,En agglomération,Hors intersection,Pluie légère,Deux véhicules - côté,3,2,2,0,1,1,2,0,1,50,,2,1,0,0,1,20.0,,,,5,2,1,2,3
202100047542,2021-03-17 20:46:00,2021,3,17,20,46,92,92020,PARIS AVENUE DE N° IMPAIRS,48.8049540153,2.2900785721,Nuit avec éclairage allumé,En agglomération,Autre intersection,Pluie légère,Deux véhicules - frontale,3,2,2,0,1,1,2,0,1,50,,2,1,0,0,1,,28.0,,,5,2,9,2,1