accident_id,datetime,annee,mois,jour,heure,minute,departement,commune_insee,adresse,latitude,longitude,luminosite,agglomeration,intersection,meteo,collision,catr,circ,nbv,vosp,prof,plan,surf,infra,situ,vma,nb_vehicules,nb_usagers,nb_indemnes,nb_tues,nb_blesses_hosp,nb_blesses_legers,age_cond_1,age_cond_2,veh_type_cond_1,veh_type_cond_2,lum_code,agg_code,int_code,atm_code,col_code
202100047543,2021-03-18 13:38:00,2021,3,18,13,38,92,92044,ANA.FRANCE(RUE)77A139 ET 74A124,48.8938069592,2.2834798694,Plein jour,En agglomération,Intersection en X,Pluie légère,Deux véhicules - côté,3,1,0,1,1,1,2,0,1,50,,4,2,0,0,2,57.0,28.0,,,1,2,2,2,3
202100047544,2021-03-18 10:25:00,2021,3,18,10,25,92,92035,Général de Gaulle  ( avenue du ),48.9111523202,2.2546301883,Plein jour,En agglomération,Intersection à plus de 4 branches,Temps couvert,Autre collision,3,2,3,0,1,1,1,0,1,50,,2,0,0,0,2,27.0,,,,1,2,5,8,6
202100047545,2021-03-18 17:30:00,2021,3,18,17,30,92,92004,CHANZY ( RUE DE ),48.9098081991,2.2726544738,Plein jour,En agglomération,Intersection en T,Normale,Sans collision,3,2,-1,-1,1,2,8,0,1,-1,,1,0,0,0,1,44.0,,,,1,2,3,1,7
202100047546,2021-03-18 09:10:00,2021,3,18,9,10,92,92004,COLOMBES ( RUE DE 31 A ),48.9139413675,2.2805542499,Plein jour,En agglomération,Intersection en T,Normale,Deux véhicules - côté,4,2,2,0,1,1,1,0,1,50,,2,1,0,0,1,47.0,27.0,,,1,2,3,1,3
202100047547,2021-03-19 07:35:00,2021,3,19,7,35,86,86289,La pouge,46.240266,0.670059,Plein jour,Hors agglomération,Hors intersection,Normale,Deux véhicules - côté,3,2,2,0,2,2,2,0,1,80,,2,1,1,0,0,39.0,46.0,,,1,1,1,1,3
202100047548,2021-03-18 11:15:00,2021,3,18,11,15,86,86007,D43,46.852539,0.529209,Plein jour,Hors agglomération,Intersection en T,Normale,Autre collision,3,2,2,0,1,1,1,5,8,50,,2,0,0,2,0,87.0,,,,1,1,3,1,6
202100047549,2021-03-19 20:00:00,2021,3,19,20,0,80,80446,autoroute A28,50.0267617454,1.7360588984,Nuit sans éclairage public,Hors agglomération,Hors intersection,Normale,Autre collision,1,3,4,0,1,1,1,0,3,130,,1,0,0,1,0,38.0,,,,3,1,1,1,6
202100047550,2021-03-19 09:30:00,2021,3,19,9,30,33,33385,Bois Pertuis,45.072733,-0.013261,Plein jour,Hors agglomération,Hors intersection,Normale,Autre collision,4,2,2,0,1,3,1,9,3,-1,,1,0,0,0,1,18.0,,,,1,1,1,1,6
202100047551,2021-03-19 19:20:00,2021,3,19,19,20,81,81078,D84,43.675742,1.994468,Nuit sans éclairage public,Hors agglomération,Hors intersection,Temps couvert,Autre collision,3,2,2,0,1,1,2,0,1,80,,1,0,1,0,0,51.0,,,,3,1,1,8,6
202100047552,2021-03-19 07:45:00,2021,3,19,7,45,974,97414,36 Rue Leconte de Lisle,-21.277978,55.413969,Plein jour,En agglomération,Hors intersection,Normale,Trois véhicules et plus - collisions multiples,3,2,2,0,2,1,1,0,1,50,,4,1,0,3,0,32.0,42.0,,,1,2,1,1,5
202100047553,2021-03-19 14:45:00,2021,3,19,14,45,04,04033,RD 900,44.448221,6.37096,Plein jour,Hors agglomération,Hors intersection,Temps couvert,Autre collision,3,2,2,0,2,1,1,0,1,80,,1,0,1,0,0,37.0,,,,1,1,1,8,6
202100047554,2021-03-18 17:00:00,2021,3,18,17,0,56,56075,ZA de la Dabonnière,47.911056,-2.127193,Plein jour,En agglomération,Hors intersection,Normale,Deux véhicules - frontale,4,2,2,0,2,1,1,0,1,50,,2,1,0,1,0,43.0,27.0,,,1,2,1,1,1
202100047555,2021-03-10 07:00:00,2021,3,10,7,0,2B,2B251,route de la montagne,41.998204,9.337649,Crépuscule ou aube,Hors agglomération,Hors intersection,Normale,Sans collision,3,2,2,0,1,1,1,0,3,80,,1,0,0,1,0,51.0,,,,2,1,1,1,7
202100047556,2021-03-19 07:50:00,2021,3,19,7,50,12,12153,Candas,44.073978,2.931003,Nuit sans éclairage public,Hors agglomération,Hors intersection,Pluie légère,Autre collision,3,2,2,0,1,2,2,0,3,80,,1,0,0,1,0,34.0,,,,3,1,1,2,6
202100047557,2021-03-19 08:00:00,2021,3,19,8,0,25,25318,Rue du Faubourg,46.765695,6.386356,Plein jour,En agglomération,Intersection en Y,Normale,Autre collision,4,2,2,0,1,1,1,0,1,30,,2,1,0,1,0,40.0,,,,1,2,4,1,6
202100047558,2021-03-19 12:50:00,2021,3,19,12,50,01,01263,D933,46.0714306292,4.7704307735,Plein jour,Hors agglomération,Hors intersection,Normale,Trois véhicules et plus - en chaîne,3,2,2,0,1,1,1,0,1,70,,6,2,0,0,4,32.0,29.0,,,1,1,1,1,4
202100047559,2021-03-19 19:40:00,2021,3,19,19,40,72,72331,Rue de l'Huisne,48.1078868189,0.5830435752,Nuit sans éclairage public,Hors agglomération,Hors intersection,Normale,Autre collision,3,2,2,0,1,2,1,0,3,-1,,1,0,1,0,0,59.0,,,,3,1,1,1,6
202100047560,2021-03-19 07:20:00,2021,3,19,7,20,14,14570,Route le Bourg,49.066247,0.335222,Plein jour,En agglomération,Hors intersection,Normale,Trois véhicules et plus - collisions multiples,3,2,2,0,1,1,1,0,1,50,,4,1,0,1,2,37.0,35.0,,,1,2,1,1,5
202100047561,2021-03-19 17:55:00,2021,3,19,17,55,14,14563,Route de la Lande,49.319528,0.305214,Plein jour,Hors agglomération,Hors intersection,Temps éblouissant,Deux véhicules - frontale,3,2,2,0,1,2,1,0,1,90,,2,1,0,1,0,37.0,42.0,,,1,1,1,7,1
202100047562,2021-03-18 10:55:00,2021,3,18,10,55,05,05040,"RN94,PK090600",44.530436,6.31466,Plein jour,Hors agglomération,Intersection en T,Normale,Deux véhicules - côté,2,2,2,0,2,1,1,0,1,80,,2,1,0,1,0,22.0,23.0,,,1,1,3,1,3
202100047563,2021-03-18 13:40:00,2021,3,18,13,40,27,27246,D6014,49.356034,1.359483,Plein jour,Hors agglomération,Hors intersection,Pluie légère,Deux véhicules - frontale,3,2,2,0,2,3,2,0,1,30,,3,1,2,0,0,63.0,56.0,,,1,1,1,2,1
202100047564,2021-03-17 16:20:00,2021,3,17,16,20,23,23131,Letrade,45.887778,2.487419,Plein jour,Hors agglomération,Hors intersection,Pluie légère,Sans collision,3,2,2,0,1,3,2,0,3,70,,1,0,0,0,1,20.0,,,,1,1,1,2,7
202100047565,2021-03-16 17:00:00,2021,3,16,17,0,68,68037,Autoroute A35 PK 79.000,47.967708,7.370903,Plein jour,Hors agglomération,Hors intersection,Pluie légère,Sans collision,1,3,4,0,1,1,2,0,1,130,,1,0,0,1,0,43.0,,,,1,1,1,2,7
202100047566,2021-03-19 15:05:00,2021,3,19,15,5,13,13050,Chemin Departemental 15,43.650128,5.226982,Plein jour,Hors agglomération,Hors intersection,Pluie légère,Deux véhicules - frontale,7,2,2,0,1,2,2,0,1,80,,4,1,1,2,0,25.0,30.0,,,1,1,1,2,1
202100047567,2021-03-19 13:30:00,2021,3,19,13,30,973,97309,Route de Montjoly (rd1),4.920547,-52.27973,Plein jour,En agglomération,Hors intersection,Normale,Deux véhicules - frontale,3,2,2,0,1,1,1,0,1,50,,3,1,0,0,2,48.0,20.0,,,1,2,1,1,1
202100047568,2021-03-19 06:30:00,2021,3,19,6,30,64,64102,A63,43.496178,-1.446831,Nuit sans éclairage public,Hors agglomération,Hors intersection,Pluie légère,Sans collision,1,3,3,0,1,3,2,2,2,130,,2,1,1,0,0,22.0,,,,3,1,1,2,7
202100047569,2021-01-12 09:55:00,2021,1,12,9,55,34,34213,autoroute A9 sens sud - bretelle de sortie 33,43.479954,3.673768,Plein jour,Hors agglomération,Autre intersection,Normale,Deux véhicules - arrière,1,1,4,0,1,3,1,3,1,130,,2,1,0,0,1,50.0,41.0,,,1,1,9,1,2
202100047570,2021-03-19 05:30:00,2021,3,19,5,30,988,98817,2190 route de la corniche,-22.278941,166.576048,Plein jour,En agglomération,Hors intersection,Normale,Autre collision,3,2,2,0,2,3,1,0,3,-1,,4,0,0,2,2,39.0,,,,1,2,1,1,6
202100047571,2021-03-18 10:15:00,2021,3,18,10,15,974,97408,Route du Littoral (Pont),-20.914664,55.350521,Plein jour,Hors agglomération,Hors intersection,Normale,Trois véhicules et plus - en chaîne,2,3,4,0,1,1,1,8,1,90,,3,0,0,1,2,56.0,25.0,,,1,1,1,1,4
202100047572,2021-03-19 18:15:00,2021,3,19,18,15,77,77453,Route Departementale 605,48.533061,2.725296,Plein jour,Hors agglomération,Hors intersection,Normale,Deux véhicules - côté,3,2,2,0,1,1,1,0,1,90,,2,1,0,1,0,20.0,32.0,,,1,1,1,1,3
202100047573,2021-03-12 07:15:00,2021,3,12,7,15,42,42005,Rue Denis Papin,45.519823,4.280075,Plein jour,En agglomération,Hors intersection,Normale,Deux véhicules - côté,4,2,2,0,1,2,1,5,1,50,,2,1,0,1,0,49.0,52.0,,,1,2,1,1,3
202100047574,2021-03-17 20:15:00,2021,3,17,20,15,38,38349,Route de l'Ecluse,45.313852,4.789513,Nuit sans éclairage public,Hors agglomération,Intersection en T,Pluie légère,Deux véhicules - côté,4,2,2,0,1,1,2,0,3,80,,2,1,0,0,1,22.0,,,,3,1,3,2,3
202100047575,2021-03-19 00:50:00,2021,3,19,0,50,26,26170,41 Rue du Stade,44.897167,4.956851,Nuit sans éclairage public,Hors agglomération,Autre intersection,Normale,Autre collision,4,2,2,0,1,1,1,0,3,80,,2,0,0,1,1,16.0,,,,3,1,9,1,6
202100047576,2021-03-19 16:40:00,2021,3,19,16,40,69,69116,GENERAL DE GAULLE (AV),45.8365283811,4.7714487841,Plein jour,En agglomération,Hors intersection,Normale,Deux véhicules - frontale,7,2,2,0,2,1,1,0,1,50,,2,1,0,1,0,52.0,52.0,,,1,2,1,1,1
202100047577,2021-03-19 12:45:00,2021,3,19,12,45,81,81158,82,43.816879,2.54076,Plein jour,Hors agglomération,Hors intersection,Brouillard / fumée,Deux véhicules - frontale,3,2,2,0,1,1,2,0,1,80,,2,1,0,0,1,34.0,63.0,,,1,1,1,5,1
202100047578,2021-03-16 17:45:00,2021,3,16,17,45,86,86163,Route de la Foret,46.62219,0.443293,Plein jour,Hors agglomération,Hors intersection,Normale,Deux véhicules - frontale,3,2,2,0,1,1,1,0,1,80,,3,0,0,1,2,43.0,59.0,,,1,1,1,1,1
202100047579,2021-03-18 21:45:00,2021,3,18,21,45,60,60148,D79,49.098979,2.853034,Nuit sans éclairage public,Hors agglomération,Hors intersection,Pluie légère,Sans collision,3,2,2,0,1,2,2,0,3,-1,,1,0,0,1,0,26.0,,,,3,1,1,2,7
202100047580,2021-03-19 11:15:00,2021,3,19,11,15,60,60612,Rue Vieille de Paris,49.203313,2.582404,Plein jour,En agglomération,Hors intersection,Normale,Autre collision,4,1,1,0,2,1,1,0,1,30,,3,2,0,0,1,34.0,,,,1,2,1,1,6
202100047581,2021-03-18 06:50:00,2021,3,18,6,50,59,59289,RD 958,50.217406,3.502386,Crépuscule ou aube,Hors agglomération,Hors intersection,Normale,Trois véhicules et plus - collisions multiples,3,2,2,0,1,4,1,0,1,80,,3,1,0,1,1,28.0,46.0,,,2,1,1,1,5
202100047582,2021-03-17 18:10:00,2021,3,17,18,10,13,13215,A7-Sens Lyon vers Marseille,43.3694,5.3611,Plein jour,Hors agglomération,Hors intersection,Normale,Deux véhicules - arrière,1,1,3,0,1,1,1,0,1,90,,2,1,0,0,1,31.0,28.0,,,1,1,1,1,2
202100047583,2021-03-18 09:08:00,2021,3,18,9,8,13,13055,A507 sens Marseille - Aubagne,43.292485,5.424302,Plein jour,Hors agglomération,Hors intersection,Normale,Deux véhicules - arrière,1,1,4,0,1,1,1,1,1,70,,2,1,0,0,1,42.0,20.0,,,1,1,1,1,2
202100047584,2021-03-17 23:10:00,2021,3,17,23,10,13,13001,A51-Sens Aix en Provence vers Marseille,43.5104696924,5.4172675398,Nuit sans éclairage public,Hors agglomération,Hors intersection,Normale,Deux véhicules - côté,1,1,2,0,1,1,1,0,1,90,,2,1,0,0,1,22.0,25.0,,,3,1,1,1,3
202100047585,2021-03-17 18:22:00,2021,3,17,18,22,13,13005,A50-Sens Marseille vers Aubagne,43.28609,5.53364,Crépuscule ou aube,Hors agglomération,Hors intersection,Normale,Deux véhicules - arrière,1,3,3,0,1,1,1,0,1,90,,4,1,0,0,3,59.0,39.0,,,2,1,1,1,2
202100047586,2021-03-17 18:30:00,2021,3,17,18,30,13,13215,A7-Sens Lyon vers Marseille,43.36931,5.36093,Plein jour,En agglomération,Hors intersection,Normale,Trois véhicules et plus - en chaîne,1,1,3,0,1,1,1,0,1,90,,3,2,0,0,1,48.0,39.0,,,1,2,1,1,4
202100047587,2021-03-18 08:30:00,2021,3,18,8,30,33,33192,ROCADE A 630,44.789971,-0.608448,Plein jour,Hors agglomération,Hors intersection,Normale,Deux véhicules - arrière,1,3,8,0,1,1,1,0,1,90,,2,0,0,0,2,38.0,37.0,,,1,1,1,1,2
202100047588,2021-03-18 17:18:00,2021,3,18,17,18,91,91589,AUTOROUTE A6,48.67692,2.33855,Plein jour,Hors agglomération,Hors intersection,Normale,Trois véhicules et plus - collisions multiples,1,3,6,0,4,1,1,0,1,90,,3,2,0,0,1,49.0,20.0,,,1,1,1,1,5
202100047589,2021-03-18 14:10:00,2021,3,18,14,10,94,94034,AUTOROUTE A86,48.75972,2.32284,Plein jour,Hors agglomération,Hors intersection,Normale,Trois véhicules et plus - en chaîne,1,3,4,0,1,1,2,1,1,70,,4,3,0,0,1,59.0,20.0,,,1,1,1,1,4
202100047590,2021-03-18 10:25:00,2021,3,18,10,25,91,91434,AUTOROUTE A6,48.66592,2.36214,Plein jour,Hors agglomération,Hors intersection,Normale,Trois véhicules et plus - en chaîne,1,2,6,0,1,1,2,0,1,70,,4,3,0,0,1,50.0,20.0,,,1,1,1,1,4
202100047591,2021-03-18 21:00:00,2021,3,18,21,0,78,78073,A12 Y,48.803153,2.048308,Nuit sans éclairage public,Hors agglomération,Hors intersection,Pluie légère,Sans collision,1,3,4,0,1,1,2,0,1,90,,2,1,0,0,1,59.0,,,,3,1,1,2,7
202100047592,2021-03-18 19:00:00,2021,3,18,19,0,93,93078,AUTOROUTE A104,48.95828,2.52924,Nuit sans éclairage public,Hors agglomération,Hors intersection,Pluie légère,Autre collision,1,3,9,0,1,2,2,0,1,90,,1,0,0,0,1,20.0,,,,3,1,1,2,6
202100047593,2021-03-17 09:40:00,2021,3,17,9,40,93,93007,AUTOROUTE A1,48.95485,2.45751,Plein jour,Hors agglomération,Hors intersection,Pluie légère,Deux véhicules - côté,1,3,9,0,1,1,1,0,1,110,,2,1,0,1,0,52.0,31.0,,,1,1,1,2,3
202100047594,2021-03-17 19:15:00,2021,3,17,19,15,75,75112,A4,48.8247895956,2.4633968001,Plein jour,Hors agglomération,Hors intersection,Normale,Trois véhicules et plus - en chaîne,1,-1,4,0,1,1,1,0,1,90,,6,5,0,0,1,21.0,26.0,,,1,1,1,1,4
202100047595,2021-03-17 18:50:00,2021,3,17,18,50,77,77373,RN104,48.78768,2.61761,Nuit sans éclairage public,Hors agglomération,Hors intersection,Pluie légère,Deux véhicules - arrière,2,3,4,0,1,1,2,0,1,90,,2,1,0,0,1,25.0,51.0,,,3,1,1,2,2
202100047596,2021-01-13 21:15:00,2021,1,13,21,15,62,62498,AURIOL (R VINCENT),50.44561,2.82853,Nuit avec éclairage allumé,En agglomération,Intersection en T,Pluie légère,Deux véhicules - côté,4,2,1,0,1,1,2,5,1,50,,2,1,0,0,1,38.0,24.0,,,5,2,3,2,3
202100047597,2021-03-17 12:20:00,2021,3,17,12,20,976,97611,cavani-Belle vue (rue),-12.78593,45.21871,Plein jour,Hors agglomération,Hors intersection,Normale,Deux véhicules - frontale,4,2,0,0,2,3,1,0,1,50,,2,1,0,0,1,38.0,17.0,,,1,1,1,1,1
202100047598,2021-03-17 12:35:00,2021,3,17,12,35,973,97302,BADUEL (ROUTE DE),4.9304297005,-52.3048764983,Plein jour,En agglomération,Hors intersection,Normale,Deux véhicules - côté,3,2,2,2,1,2,1,0,1,50,,2,1,0,0,1,33.0,24.0,,,1,2,1,1,3
202100047599,2021-03-17 12:25:00,2021,3,17,12,25,69,69386,LOUIS BLANC (R),45.7644817421,4.8461030405,Plein jour,En agglomération,Intersection en X,Pluie légère,Autre collision,4,2,2,2,1,1,2,0,1,30,,3,2,0,0,1,55.0,,,,1,2,2,2,6
202100047600,2021-03-17 15:30:00,2021,3,17,15,30,69,69381,DE LATTRE DE TASSIGNY               (PT),45.7724746629,4.8393112421,Plein jour,En agglomération,Hors intersection,Pluie légère,Deux véhicules - côté,4,2,8,0,1,1,2,2,1,50,,3,1,0,0,2,43.0,28.0,,,1,2,1,2,3
202100047601,2021-03-17 10:45:00,2021,3,17,10,45,69,69034,GUTENBERG                           (PL),45.7944987558,4.8494720766,Plein jour,En agglomération,Place,Normale,Deux véhicules - arrière,4,1,1,0,1,1,1,0,1,50,,2,1,0,0,1,89.0,23.0,,,1,2,7,1,2
202100047602,2021-03-17 08:35:00,2021,3,17,8,35,69,69382,ST ANTOINE (Q),45.7629,4.83205,Plein jour,En agglomération,Hors intersection,Temps couvert,Deux véhicules - arrière,4,1,3,3,1,1,2,0,6,50,,2,1,0,0,1,43.0,66.0,,,1,2,1,8,2
202100047603,2021-03-17 13:45:00,2021,3,17,13,45,971,97101,PATRICK SAINT ELOI ( AVENUE ),16.25855,-61.51914,Plein jour,En agglomération,Hors intersection,Normale,Deux véhicules - côté,2,2,2,0,1,1,1,0,1,50,,2,1,0,1,0,46.0,33.0,,,1,2,1,1,3
202100047604,2021-03-17 14:30:00,2021,3,17,14,30,971,97120,BLANCHARD,16.224162563,-61.5266346931,Plein jour,Hors agglomération,Autre intersection,Normale,Autre collision,3,1,2,0,1,3,1,0,4,30,,4,1,0,0,3,21.0,,,,1,1,9,1,6
202100047605,2021-03-16 22:30:00,2021,3,16,22,30,971,97113,SECTION TOMBEAU,16.2237676693,-61.4817237854,Nuit avec éclairage allumé,Hors agglomération,Hors intersection,Normale,Deux véhicules - frontale,4,2,2,0,1,4,1,0,1,80,,2,0,0,0,2,23.0,25.0,,,5,1,1,1,1
202100047606,2021-03-16 13:30:00,2021,3,16,13,30,95,95427,MAURICE UTRILLO (AVENUE),48.9759879479,2.3519870564,Plein jour,En agglomération,Intersection en T,Pluie forte,Deux véhicules - côté,3,2,2,0,1,1,2,0,1,50,,4,3,0,0,1,45.0,25.0,,,1,2,3,3,3
202100047607,2021-03-16 18:30:00,2021,3,16,18,30,87,87114,LAGRANGE (AVENUE LEO-),45.82951,1.31316,Plein jour,En agglomération,Intersection en X,Normale,Deux véhicules - côté,4,2,2,0,1,1,1,5,1,50,,2,1,0,0,1,25.0,50.0,,,1,2,2,1,3
202100047608,2021-03-14 20:28:00,2021,3,14,20,28,87,87085,LIBERATION (AVENUE DE LA),45.83348,1.25772,Nuit avec éclairage allumé,En agglomération,Intersection en X,Normale,Autre collision,4,2,3,0,1,1,1,0,1,50,,2,1,0,0,1,21.0,22.0,,,5,2,2,1,6
202100047609,2021-03-16 16:15:00,2021,3,16,16,15,87,87085,PENICAUD JEAN (COURS),45.82634,1.24825,Plein jour,En agglomération,Hors intersection,Normale,Sans collision,4,-1,2,0,1,1,1,6,4,50,,1,0,0,0,1,14.0,,,,1,2,1,1,7
202100047610,2021-03-16 09:06:00,2021,3,16,9,6,87,87085,CHINCHAUVAUD (RUE DU),45.84156,1.26463,Plein jour,En agglomération,Hors intersection,Normale,Sans collision,4,2,2,0,2,3,1,0,1,50,,1,0,0,0,1,35.0,,,,1,2,1,1,7
202100047611,2021-03-16 19:50:00,2021,3,16,19,50,86,86194,Rocade ouest,46.600099,0.322043,Nuit sans éclairage public,En agglomération,Hors intersection,Pluie légère,Deux véhicules - côté,3,4,5,0,1,1,2,0,1,50,,4,2,0,0,2,68.0,28.0,,,3,2,1,2,3
202100047612,2021-03-16 14:05:00,2021,3,16,14,5,83,83137,FRANCE (RUE ANATOLE),43.122969,5.929538,Plein jour,En agglomération,Hors intersection,Normale,Autre collision,4,-1,1,0,1,1,1,0,1,50,,2,1,0,0,1,29.0,,,,1,2,1,1,6
202100047613,2021-03-17 15:40:00,2021,3,17,15,40,79,79259,,46.95384,-0.21508,Plein jour,Hors agglomération,Intersection en X,Normale,Deux véhicules - frontale,3,2,3,3,1,1,1,5,1,80,,4,0,0,2,2,41.0,20.0,,,1,1,2,1,1
202100047614,2021-03-17 10:20:00,2021,3,17,10,20,78,78498,GAMBETTA BD,48.92984,2.04717,Plein jour,En agglomération,Autre intersection,Normale,Deux véhicules - côté,3,2,2,0,1,1,1,0,1,50,,3,1,0,0,2,18.0,36.0,,,1,2,9,1,3
202100047615,2021-03-17 08:45:00,2021,3,17,8,45,77,77445,EUROPE (AVENUE DE L'),48.59579,2.58656,Plein jour,En agglomération,Intersection en X,Normale,Deux véhicules - côté,4,2,2,0,1,1,1,0,1,30,,4,2,0,0,2,56.0,50.0,,,1,2,2,1,3
202100047616,2021-03-10 14:30:00,2021,3,10,14,30,76,76447,PRESIDENT WILSON,49.5348695336,0.1786079783,Plein jour,Hors agglomération,Giratoire,Normale,Autre collision,3,2,0,0,2,3,1,0,1,50,,3,1,0,0,2,84.0,,,,1,1,6,1,6
202100047617,2021-03-16 14:20:00,2021,3,16,14,20,71,71306,BARBES (RUE),46.6650291344,4.3680605292,Plein jour,En agglomération,Hors intersection,Normale,Deux véhicules - côté,4,2,2,0,1,1,1,0,1,50,,3,2,0,0,1,55.0,38.0,,,1,2,1,1,3
202100047618,2021-03-16 19:30:00,2021,3,16,19,30,69,69092,BEAUJOLAIS (DU) (AV),45.99871,4.70644,Crépuscule ou aube,En agglomération,Intersection en T,Pluie légère,Deux véhicules - côté,3,2,2,0,1,1,2,0,1,50,,2,1,0,0,1,,63.0,,,2,2,3,2,3
202100047619,2021-03-17 07:40:00,2021,3,17,7,40,64,64249,GETARIA(AVENUE),43.425003,-1.604381,Plein jour,En agglomération,Hors intersection,Pluie légère,Autre collision,3,2,2,0,1,1,2,9,1,50,,2,1,0,0,1,15.0,,,,1,2,1,2,6
202100047620,2021-03-17 08:06:00,2021,3,17,8,6,63,63113,JOUHAUX (BD LEON),45.7942986104,3.1174167633,Plein jour,En agglomération,Intersection en T,Normale,Autre collision,7,3,4,3,1,1,1,0,1,50,,2,1,0,0,1,57.0,,,,1,2,3,1,6
202100047621,2021-03-04 07:30:00,2021,3,4,7,30,62,62065,VOLTAIRE,50.41976,2.84427,Plein jour,En agglomération,Hors intersection,Temps couvert,Deux véhicules - côté,3,2,2,0,1,1,1,0,1,50,,2,1,0,0,1,37.0,18.0,,,1,2,1,8,3
202100047622,2021-03-17 15:20:00,2021,3,17,15,20,59,59350,FAUBOURG DES POSTES RUE,50.6111281419,3.0457822894,Plein jour,En agglomération,Intersection en T,Pluie légère,Deux véhicules - côté,7,2,2,0,1,1,2,5,1,50,,2,1,0,0,1,36.0,29.0,,,1,2,3,2,3
202100047623,2021-03-16 17:05:00,2021,3,16,17,5,59,59165,ROBESPIERRE (RUE MAXIMILIEN),50.38363,3.05781,Plein jour,En agglomération,Intersection en T,Pluie légère,Deux véhicules - côté,3,2,2,2,1,1,2,0,5,50,,2,1,0,1,0,26.0,38.0,,,1,2,3,2,3
202100047624,2021-03-17 14:30:00,2021,3,17,14,30,54,54184,FOCH (AVENUE),48.705275268,6.2297566608,Plein jour,En agglomération,Intersection en T,Pluie légère,Deux véhicules - côté,7,2,3,0,1,1,2,0,1,50,,2,0,0,0,2,25.0,79.0,,,1,2,3,2,3
202100047625,2021-03-17 07:35:00,2021,3,17,7,35,51,51454,Rue de Neufchatel,49.2735,4.02662,Plein jour,En agglomération,Hors intersection,Normale,Sans collision,3,2,2,0,1,1,1,0,1,50,,2,1,0,0,1,25.0,,,,1,2,1,1,7
202100047626,2021-03-17 08:10:00,2021,3,17,8,10,37,37214,VOISIN (BOULEVARD ANDRE-GEORGES),47.4303720994,0.6727194785,Plein jour,En agglomération,Giratoire,Normale,Autre collision,3,2,4,0,1,2,1,5,1,50,,2,1,0,0,1,20.0,55.0,,,1,2,6,1,6
202100047627,2021-03-17 13:50:00,2021,3,17,13,50,35,35238,GENIAUX (RUE CHARLES),48.11081,-1.711808,Plein jour,En agglomération,Hors intersection,Normale,Autre collision,4,2,2,0,2,1,1,0,1,30,,2,1,0,0,1,33.0,,,,1,2,1,1,6
202100047628,2021-03-16 14:25:00,2021,3,16,14,25,34,34172,TOULOUSE (AVENUE DE),43.59393,3.86053,Plein jour,En agglomération,Hors intersection,Normale,Trois véhicules et plus - collisions multiples,4,2,2,0,2,1,1,0,1,50,,5,3,0,1,1,24.0,51.0,,,1,2,1,1,5
202100047629,2021-03-16 15:20:00,2021,3,16,15,20,33,33192,Route de Canéjan,44.76574,-0.63892,Plein jour,En agglomération,Giratoire,Normale,Deux véhicules - côté,4,2,2,0,1,1,1,0,1,50,,2,1,0,0,1,71.0,62.0,,,1,2,6,1,3
202100047630,2021-03-16 13:00:00,2021,3,16,13,0,32,32013,LOUIS BLANC (PLACE),43.64703,0.58746,Plein jour,En agglomération,Intersection en T,Normale,Deux véhicules - côté,4,2,2,0,1,2,1,0,1,50,,2,1,0,0,1,22.0,39.0,,,1,2,3,1,3
202100047631,2021-03-17 16:03:00,2021,3,17,16,3,30,30189,MONTPELLIER (ROUTE DE),43.80754,4.3252,Plein jour,En agglomération,Hors intersection,Normale,Autre collision,2,1,2,0,1,1,1,0,1,70,,2,1,0,1,0,20.0,,,,1,2,1,1,6
202100047632,2021-03-16 18:30:00,2021,3,16,18,30,27,27456,PARIS (ROUTE DE),49.20061,1.2044,Crépuscule ou aube,Hors agglomération,Hors intersection,Temps couvert,Deux véhicules - frontale,3,2,2,0,2,1,2,0,1,80,,2,0,0,1,1,46.0,57.0,,,2,1,1,8,1
202100047633,2021-03-17 12:16:00,2021,3,17,12,16,17,17300,NORMANDIN   RUE EMILE,46.14935,-1.14466,Plein jour,En agglomération,Intersection en T,Normale,Autre collision,4,2,2,2,1,1,1,9,1,30,,3,2,0,0,1,60.0,,,,1,2,3,1,6
202100047634,2021-03-17 20:25:00,2021,3,17,20,25,14,14301,D403,49.185,-0.29469,Plein jour,En agglomération,Hors intersection,Normale,Sans collision,3,2,4,0,1,1,1,0,1,90,,1,0,0,0,1,27.0,,,,1,2,1,1,7
202100047635,2021-03-17 08:00:00,2021,3,17,8,0,14,14118,N814,49.19528,-0.40274,Plein jour,En agglomération,Hors intersection,Normale,Deux véhicules - arrière,2,3,4,0,1,1,1,0,1,90,,2,1,0,0,1,19.0,21.0,,,1,2,1,1,2
202100047636,2021-03-17 17:25:00,2021,3,17,17,25,13,13205,JEAN MOULIN (BOULEVARD),43.2910797616,5.3999451553,Plein jour,En agglomération,Hors intersection,Normale,Autre collision,4,2,4,3,1,1,1,0,8,50,,2,1,0,0,1,61.0,,,,1,2,1,1,6
202100047637,2021-03-17 08:15:00,2021,3,17,8,15,13,13211,SAINT MARCEL (BOULEVARD DE ),43.288726,5.458342,Plein jour,En agglomération,Intersection en T,Normale,Deux véhicules - côté,4,2,2,0,1,1,1,0,1,50,,2,1,0,0,1,20.0,51.0,,,1,2,3,1,3