accident_id,datetime,annee,mois,jour,heure,minute,departement,commune_insee,adresse,latitude,longitude,luminosite,agglomeration,intersection,meteo,collision,catr,circ,nbv,vosp,prof,plan,surf,infra,situ,vma,nb_vehicules,nb_usagers,nb_indemnes,nb_tues,nb_blesses_hosp,nb_blesses_legers,age_cond_1,age_cond_2,veh_type_cond_1,veh_type_cond_2,lum_code,agg_code,int_code,atm_code,col_code
202100047638,2021-03-16 10:30:00,2021,3,16,10,30,13,13211,GAIA (rd point),43.2967,5.4765,Plein jour,En agglomération,Intersection en T,Normale,Deux véhicules - côté,4,1,2,0,3,2,1,0,1,50,,2,1,0,0,1,68.0,51.0,,,1,2,3,1,3
202100047639,2021-03-15 14:45:00,2021,3,15,14,45,13,13215,SAINT ANTOINE A SAINT JOSEPH (CHEMIN DE),43.359266,5.365013,Plein jour,En agglomération,Hors intersection,Normale,Deux véhicules - côté,4,2,2,0,1,1,1,0,8,50,,3,0,0,0,3,33.0,23.0,,,1,2,1,1,3
202100047640,2021-03-16 08:20:00,2021,3,16,8,20,13,13206,TUNNEL PRADO SUD,43.2830633511,5.3866535425,Plein jour,En agglomération,Hors intersection,Normale,Deux véhicules - côté,4,1,2,0,1,1,1,1,1,50,,2,1,0,0,1,80.0,56.0,,,1,2,1,1,3
202100047641,2021-03-09 16:35:00,2021,3,9,16,35,13,13201,LIBERATION (BOULEVARD)  1 A 65,43.299413,5.386412,Plein jour,En agglomération,Hors intersection,Normale,Autre collision,4,-1,2,0,1,1,1,0,1,50,,2,1,0,0,1,35.0,,,,1,2,1,1,6
202100047642,2021-03-17 14:05:00,2021,3,17,14,5,10,10387,BEGAND (RUE),48.29464,4.06531,Plein jour,En agglomération,Hors intersection,Pluie légère,Sans collision,4,1,1,0,2,1,2,0,1,50,,1,0,0,0,1,17.0,,,,1,2,1,2,7
202100047643,2021-03-17 10:30:00,2021,3,17,10,30,06,06069,PLAN (ROUTE DU) -D304-,43.652976,6.94632,Plein jour,En agglomération,Hors intersection,Normale,Trois véhicules et plus - en chaîne,3,2,2,0,1,1,1,0,1,50,,4,1,0,0,3,76.0,37.0,,,1,2,1,1,4
202100047644,2021-03-17 09:00:00,2021,3,17,9,0,06,06123,CURIE PIERRE ET MARIE AVENUE,43.691648,7.185454,Plein jour,Hors agglomération,Hors intersection,Normale,Deux véhicules - côté,7,-1,2,0,1,1,1,0,1,50,,2,1,0,0,1,21.0,24.0,,,1,1,1,1,3
202100047645,2021-03-15 15:50:00,2021,3,15,15,50,02,02691,DENELLE (PLACE DUFOUR),49.84354,3.27875,Plein jour,En agglomération,Intersection en X,Normale,Deux véhicules - côté,4,2,0,0,1,1,1,5,1,50,,2,1,0,1,0,37.0,50.0,,,1,2,2,1,3
202100047646,2021-03-17 13:30:00,2021,3,17,13,30,75,75115,PORTE D ISSY,48.83478,2.266797,Plein jour,En agglomération,Hors intersection,Normale,Deux véhicules - arrière,4,1,4,0,1,1,1,0,1,70,,2,1,0,0,1,33.0,23.0,,,1,2,1,1,2
202100047647,2021-03-16 11:20:00,2021,3,16,11,20,75,75113,QUAI D IVRY,48.825791,2.386589,Plein jour,En agglomération,Hors intersection,Pluie légère,Deux véhicules - arrière,4,1,4,0,1,1,2,0,1,70,,2,1,0,0,1,56.0,64.0,,,1,2,1,2,2
202100047648,2021-03-16 06:30:00,2021,3,16,6,30,75,75113,PORTE D ITALIE,48.817738,2.367338,Plein jour,En agglomération,Hors intersection,Normale,Deux véhicules - côté,4,1,4,0,1,1,1,0,1,70,,2,1,0,1,0,48.0,60.0,,,1,2,1,1,3
202100047649,2021-03-17 08:25:00,2021,3,17,8,25,75,75110,PLACE DE LA REPUBLIQUE,48.867951,2.362391,Plein jour,En agglomération,Place,Pluie légère,Deux véhicules - côté,4,2,7,1,1,1,2,0,1,50,,2,1,0,1,0,37.0,34.0,,,1,2,7,2,3
202100047650,2021-03-17 17:00:00,2021,3,17,17,0,75,75120,RUE HAXO,48.876004,2.40255,Plein jour,En agglomération,Intersection en X,Pluie légère,Autre collision,4,2,2,0,1,1,2,0,1,50,,2,1,0,0,1,61.0,,,,1,2,2,2,6
202100047651,2021-03-17 17:45:00,2021,3,17,17,45,75,75116,BOULEVARD LANNES,48.86687,2.271822,Crépuscule ou aube,En agglomération,Intersection en T,Pluie légère,Deux véhicules - côté,4,2,1,0,1,1,2,0,1,50,,2,1,0,0,1,29.0,61.0,,,2,2,3,2,3
202100047652,2021-03-17 09:15:00,2021,3,17,9,15,75,75115,BOULEVARD DE VAUGIRARD,48.841464,2.318598,Plein jour,En agglomération,Hors intersection,Pluie légère,Sans collision,4,1,2,3,1,1,2,0,1,50,,1,0,0,0,1,54.0,,,,1,2,1,2,7
202100047653,2021-03-17 16:30:00,2021,3,17,16,30,75,75111,RUE DE CHARONNE,48.85619,2.393264,Plein jour,En agglomération,Hors intersection,Pluie forte,Deux véhicules - côté,4,2,2,0,2,1,2,0,1,50,,2,1,0,0,1,48.0,40.0,,,1,2,1,3,3
202100047654,2021-03-17 15:10:00,2021,3,17,15,10,75,75111,BOULEVARD BEAUMARCHAIS,48.860669,2.36733,Plein jour,En agglomération,Intersection en T,Normale,Deux véhicules - arrière,4,-1,2,0,1,1,1,0,1,30,,3,2,0,0,1,40.0,30.0,,,1,2,3,1,2
202100047655,2021-03-17 07:45:00,2021,3,17,7,45,75,75103,RUE DE BRETAGNE,48.862885,2.362556,Plein jour,En agglomération,Intersection en X,Normale,Deux véhicules - côté,4,1,1,0,1,1,1,0,1,30,,3,1,0,0,2,24.0,50.0,,,1,2,2,1,3
202100047656,2021-03-16 12:30:00,2021,3,16,12,30,94,94068,REPUBLIQUE (AV DE LA),48.8038602745,2.4859133541,Plein jour,En agglomération,Hors intersection,Pluie légère,Deux véhicules - arrière,3,1,1,0,1,1,2,0,1,30,,2,1,0,0,1,23.0,35.0,,,1,2,1,2,2
202100047657,2021-03-17 07:35:00,2021,3,17,7,35,94,94042,CANADIENS (AV DES),48.82028,2.46724,Crépuscule ou aube,En agglomération,Hors intersection,Pluie légère,Deux véhicules - côté,3,-1,4,0,1,1,2,5,1,50,,2,1,0,0,1,58.0,62.0,,,2,2,1,2,3
202100047658,2021-03-15 13:00:00,2021,3,15,13,0,94,94041,Quai Jean Compagnon,48.81942,2.39797,Plein jour,En agglomération,Intersection en X,Pluie légère,Trois véhicules et plus - collisions multiples,3,2,2,0,3,1,2,2,1,50,,3,2,0,0,1,28.0,26.0,,,1,2,2,2,5
202100047659,2021-03-17 15:45:00,2021,3,17,15,45,94,94033,JEAN JAURES (R),48.85631,2.4706,Plein jour,En agglomération,Autre intersection,Pluie légère,Deux véhicules - frontale,4,2,2,0,1,1,2,0,1,30,,2,0,0,0,2,28.0,25.0,,,1,2,9,2,1
202100047660,2021-03-17 17:10:00,2021,3,17,17,10,94,94018,PARIS (R DE),48.82216,2.41245,Plein jour,En agglomération,Hors intersection,Pluie légère,Deux véhicules - frontale,3,2,2,1,1,1,2,0,1,30,,2,1,0,0,1,34.0,37.0,,,1,2,1,2,1
202100047661,2021-03-17 13:50:00,2021,3,17,13,50,93,93066,CARNOT (BOULEVARD),48.93869,2.35532,Plein jour,En agglomération,Intersection en X,Normale,Deux véhicules - côté,4,1,1,0,1,1,1,0,1,30,,2,1,0,0,1,53.0,19.0,,,1,2,2,1,3
202100047662,2021-03-16 19:22:00,2021,3,16,19,22,93,93055,GENERAL LECLERC (AVENUE)(1/41 ET 2/76),48.89944,2.40904,Nuit avec éclairage allumé,En agglomération,Autre intersection,Pluie légère,Deux véhicules - côté,3,2,2,0,1,1,2,0,5,50,,2,1,0,0,1,23.0,58.0,,,5,2,9,2,3
202100047663,2021-03-15 17:50:00,2021,3,15,17,50,93,93053,VAILLANT COUTURIER (RUE),48.8906785662,2.4514791249,Plein jour,En agglomération,Intersection en T,Normale,Deux véhicules - côté,3,3,2,1,1,1,1,0,1,50,,2,1,0,0,1,50.0,22.0,,,1,2,3,1,3
202100047664,2021-03-17 20:00:00,2021,3,17,20,0,93,93048,GABRIEL PERI (AVENUE),48.8568286172,2.4430605299,Nuit avec éclairage allumé,En agglomération,Intersection en X,Pluie légère,Deux véhicules - côté,3,2,2,1,1,1,2,0,1,50,,2,1,0,1,0,,23.0,,,5,2,2,2,3
202100047665,2021-03-17 18:00:00,2021,3,17,18,0,93,93001,VICTOR HUGO (AVE)  N° 122 =>,48.9119494622,2.3796866244,Plein jour,En agglomération,Hors intersection,Pluie légère,Deux véhicules - côté,3,2,2,0,1,1,2,0,1,50,,2,1,0,0,1,28.0,43.0,,,1,2,1,2,3
202100047666,2021-03-17 18:50:00,2021,3,17,18,50,75,75114,BOULEVARD ADOPLPHE PINARD,48.8234458006,2.3090855777,Crépuscule ou aube,En agglomération,Intersection en T,Pluie légère,Autre collision,4,1,1,0,1,1,2,0,1,50,,2,1,0,0,1,21.0,,,,2,2,3,2,6
202100047667,2021-03-17 15:20:00,2021,3,17,15,20,92,92046,GABRIEL PERI,48.8192557009,2.2957912087,Plein jour,En agglomération,Hors intersection,Pluie légère,Deux véhicules - côté,3,2,2,0,1,1,2,0,1,50,,2,1,0,1,0,44.0,13.0,,,1,2,1,2,3
202100047668,2021-03-17 20:20:00,2021,3,17,20,20,92,92035,Général de Gaulle  ( avenue du ),48.90514,2.25578,Nuit avec éclairage allumé,En agglomération,Giratoire,Temps couvert,Autre collision,3,2,3,2,1,3,2,0,1,50,,2,1,0,0,1,67.0,,,,5,2,6,8,6
202100047669,2021-03-16 09:00:00,2021,3,16,9,0,38,38340,40 Rue Pasteur,45.452644,4.77131,Plein jour,En agglomération,Intersection en T,Normale,Autre collision,4,1,1,0,2,1,1,0,1,50,,2,1,0,0,1,32.0,,,,1,2,3,1,6
202100047670,2021-03-16 18:00:00,2021,3,16,18,0,17,17010,Route de la Douane,46.104561,-1.121995,Plein jour,En agglomération,Hors intersection,Normale,Sans collision,4,2,2,0,1,4,1,0,1,30,,2,0,0,1,1,22.0,,,,1,2,1,1,7
202100047671,2021-03-18 09:15:00,2021,3,18,9,15,71,71481,A6,46.185803,4.772165,Plein jour,Hors agglomération,Hors intersection,Normale,Autre collision,1,1,5,0,1,2,1,0,1,130,,4,3,0,1,0,56.0,32.0,,,1,1,1,1,6
202100047672,2021-03-18 07:12:00,2021,3,18,7,12,52,52307,A5 PK 224.800,47.939807,5.196168,Crépuscule ou aube,Hors agglomération,Hors intersection,Normale,Autre collision,1,3,4,0,1,1,1,0,1,130,,2,0,0,1,1,26.0,,,,2,1,1,1,6
202100047673,2021-03-17 16:07:00,2021,3,17,16,7,74,74112,45 Rte de Bromines,45.940153,6.070907,Plein jour,En agglomération,Intersection en T,Normale,Deux véhicules - côté,4,2,-1,-1,1,1,1,0,1,-1,,3,2,0,1,0,37.0,15.0,,,1,2,3,1,3
202100047674,2021-03-14 15:00:00,2021,3,14,15,0,974,97410,Route Nationale 2,-21.052042,55.720146,Plein jour,En agglomération,Giratoire,Normale,Sans collision,2,2,2,1,1,1,1,0,3,50,,3,1,0,1,1,37.0,,,,1,2,6,1,7
202100047675,2021-03-17 13:30:00,2021,3,17,13,30,06,06095,35 Boulevard des 5 Communes,43.650157,6.884576,Plein jour,Hors agglomération,Hors intersection,Normale,Deux véhicules - frontale,3,2,2,0,2,2,1,0,1,80,,2,0,0,0,2,30.0,45.0,,,1,1,1,1,1
202100047676,2021-03-10 19:55:00,2021,3,10,19,55,2A,2A130,RT 40 à hauteur de la place de la fontaine,41.8691811916,8.964225312,Nuit avec éclairage allumé,En agglomération,Hors intersection,Normale,Autre collision,2,2,2,0,1,1,1,0,1,50,,1,0,1,0,0,70.0,,,,5,2,1,1,6
202100047677,2021-03-17 17:40:00,2021,3,17,17,40,82,82073,RD813,44.103831,0.906522,Plein jour,Hors agglomération,Hors intersection,Normale,Deux véhicules - frontale,3,2,2,0,1,1,1,0,1,80,,2,1,0,1,0,43.0,73.0,,,1,1,1,1,1
202100047678,2021-03-17 16:00:00,2021,3,17,16,0,34,34218,Départementale 20,43.443821,2.999407,Plein jour,Hors agglomération,Hors intersection,Normale,Autre collision,3,2,2,0,1,1,1,0,3,70,,1,0,0,1,0,70.0,,,,1,1,1,1,6
202100047679,2021-03-13 09:50:00,2021,3,13,9,50,72,72248,D13,47.81984,0.422856,Plein jour,Hors agglomération,Hors intersection,Temps couvert,Sans collision,3,2,2,0,1,1,1,0,1,80,,1,0,1,0,0,76.0,,,,1,1,1,8,7
202100047680,2021-03-18 08:30:00,2021,3,18,8,30,50,50615,Route de la Ferme,49.510867,-1.491759,Plein jour,Hors agglomération,Hors intersection,Normale,Deux véhicules - arrière,3,2,2,0,1,1,1,0,1,70,,2,1,0,1,0,17.0,41.0,,,1,1,1,1,2
202100047681,2021-03-18 07:35:00,2021,3,18,7,35,36,36196,D1 - Pk 50 +153,46.477694,1.43584,Plein jour,Hors agglomération,Hors intersection,Normale,Deux véhicules - côté,3,2,2,0,3,3,1,0,1,80,,2,1,1,0,0,38.0,43.0,,,1,1,1,1,3
202100047682,2021-03-17 13:05:00,2021,3,17,13,5,85,85051,D31,46.671364,-1.019003,Plein jour,Hors agglomération,Hors intersection,Normale,Autre collision,3,2,2,0,1,1,1,0,3,-1,,2,1,0,1,0,34.0,,,,1,1,1,1,6
202100047683,2021-03-17 12:00:00,2021,3,17,12,0,74,74081,Av Paul Bechet,46.064797,6.579722,Plein jour,En agglomération,Intersection en T,Pluie légère,Autre collision,4,-1,2,0,1,1,2,5,1,50,,2,1,0,0,1,42.0,,,,1,2,3,2,6
202100047684,2021-03-18 08:40:00,2021,3,18,8,40,91,91115,D116,48.584514,2.183704,Plein jour,Hors agglomération,Hors intersection,Normale,Trois véhicules et plus - collisions multiples,3,3,2,0,1,1,1,0,1,80,,3,1,0,1,1,33.0,42.0,,,1,1,1,1,5
202100047685,2021-03-16 11:18:00,2021,3,16,11,18,78,78522,Haras de la Cense,48.596798,1.998565,Plein jour,Hors agglomération,Hors intersection,Normale,Autre collision,3,2,2,0,1,1,1,0,3,80,,1,0,0,1,0,86.0,,,,1,1,1,1,6
202100047686,2021-03-17 19:40:00,2021,3,17,19,40,34,34057,275 Route de Nimes,43.63538,3.924855,Nuit avec éclairage allumé,En agglomération,Hors intersection,Normale,Deux véhicules - frontale,4,3,1,0,1,1,1,0,1,50,,2,1,0,0,1,32.0,28.0,,,5,2,1,1,1
202100047687,2021-03-15 14:50:00,2021,3,15,14,50,68,68297,5 Rue de Seville,47.607226,7.535779,Plein jour,En agglomération,Hors intersection,Normale,Deux véhicules - arrière,6,-1,-1,0,1,1,1,0,1,50,,3,2,0,0,1,25.0,31.0,,,1,2,1,1,2
202100047688,2021-03-16 12:50:00,2021,3,16,12,50,57,57006,PK 4.700 D84,49.040836,7.198319,Plein jour,Hors agglomération,Hors intersection,Normale,Autre collision,3,2,2,0,4,3,1,0,8,80,,1,0,0,1,0,65.0,,,,1,1,1,1,6
202100047689,2021-03-17 02:00:00,2021,3,17,2,0,85,85087,D3,46.539307,-0.622294,Nuit sans éclairage public,Hors agglomération,Hors intersection,Normale,Autre collision,3,2,2,0,1,1,1,0,3,80,,1,0,0,1,0,21.0,,,,3,1,1,1,6
202100047690,2021-03-17 11:00:00,2021,3,17,11,0,14,14562,Rue du Marechal Foch,49.329686,-0.39271,Plein jour,En agglomération,Hors intersection,Normale,Deux véhicules - côté,3,1,1,0,1,1,1,0,1,50,,2,1,0,0,1,14.0,69.0,,,1,2,1,1,3
202100047691,2021-03-17 07:45:00,2021,3,17,7,45,13,13028,A50,43.1917546697,5.6566983461,Plein jour,Hors agglomération,Hors intersection,Normale,Autre collision,1,3,6,0,1,1,1,8,1,110,,1,0,0,0,1,26.0,,,,1,1,1,1,6
202100047692,2021-03-15 13:05:00,2021,3,15,13,5,83,83144,A57,43.135106,5.99019,Plein jour,Hors agglomération,Hors intersection,Normale,Trois véhicules et plus - collisions multiples,1,3,5,0,1,1,1,3,1,110,,3,2,0,1,0,59.0,54.0,,,1,1,1,1,5
202100047693,2021-03-17 21:40:00,2021,3,17,21,40,91,91086,RN 104,48.624138,2.376996,Nuit sans éclairage public,Hors agglomération,Hors intersection,Normale,Sans collision,2,1,2,0,1,1,2,0,8,110,,1,0,0,0,1,28.0,,,,3,1,1,1,7
202100047694,2021-03-17 09:40:00,2021,3,17,9,40,94,94034,AUTOROUTE A86,48.75999,2.32134,Plein jour,Hors agglomération,Hors intersection,Normale,Trois véhicules et plus - en chaîne,1,2,4,0,1,1,1,1,1,70,,5,3,0,0,2,37.0,29.0,,,1,1,1,1,4
202100047695,2021-03-17 07:55:00,2021,3,17,7,55,91,91228,AUTOROUTE A6,48.62811,2.41275,Plein jour,Hors agglomération,Hors intersection,Normale,Trois véhicules et plus - en chaîne,1,2,10,0,1,1,1,0,1,110,,3,0,0,0,3,49.0,41.0,,,1,1,1,1,4
202100047696,2021-03-17 16:12:00,2021,3,17,16,12,78,78238,A13,48.970584,1.875252,Plein jour,Hors agglomération,Hors intersection,Pluie légère,Trois véhicules et plus - en chaîne,1,3,6,0,1,1,2,0,1,130,,3,0,0,0,3,47.0,41.0,,,1,1,1,2,4
202100047697,2021-03-17 08:00:00,2021,3,17,8,0,92,92036,A86,48.9345665738,2.280304127,Plein jour,Hors agglomération,Hors intersection,Pluie légère,Trois véhicules et plus - collisions multiples,1,-1,2,0,1,1,2,0,1,90,,3,2,0,0,1,43.0,40.0,,,1,1,1,2,5
202100047698,2021-03-16 07:00:00,2021,3,16,7,0,78,78362,A13,48.975974,1.722669,Plein jour,Hors agglomération,Hors intersection,Brouillard / fumée,Deux véhicules - arrière,1,3,3,0,1,1,1,0,1,110,,3,1,0,0,2,29.0,29.0,,,1,1,1,5,2
202100047699,2021-03-17 21:00:00,2021,3,17,21,0,93,93010,AUTOROUTE A3,48.90654,2.47245,Nuit sans éclairage public,Hors agglomération,Hors intersection,Normale,Trois véhicules et plus - collisions multiples,1,3,6,0,1,1,1,0,1,110,,4,3,0,0,1,48.0,37.0,,,3,1,1,1,5
202100047700,2021-03-17 15:30:00,2021,3,17,15,30,95,95527, A3,48.986360496,2.5069879998,Plein jour,Hors agglomération,Hors intersection,Pluie légère,Deux véhicules - côté,1,3,10,0,1,1,2,0,1,90,,2,1,0,0,1,37.0,49.0,,,1,1,1,2,3
202100047701,2021-03-17 11:00:00,2021,3,17,11,0,95,95277,AUTOROUTE A3,48.9776905596,2.4943090192,Plein jour,Hors agglomération,Hors intersection,Normale,Deux véhicules - arrière,1,3,-1,0,1,1,1,0,1,90,,2,1,0,0,1,46.0,58.0,,,1,1,1,1,2
202100047702,2021-03-17 07:00:00,2021,3,17,7,0,95,95252,A15,48.9789465762,2.2292576259,Plein jour,Hors agglomération,Hors intersection,Pluie légère,Trois véhicules et plus - collisions multiples,1,3,7,0,1,1,2,0,1,90,,3,2,0,0,1,53.0,55.0,,,1,1,1,2,5
202100047703,2021-03-17 15:30:00,2021,3,17,15,30,94,94033,A86.INT,48.8491582156,2.4907286998,Plein jour,Hors agglomération,Hors intersection,Pluie légère,Deux véhicules - côté,1,-1,2,0,1,1,2,1,1,90,,3,1,0,0,2,24.0,35.0,,,1,1,1,2,3
202100047704,2021-03-08 18:40:00,2021,3,8,18,40,973,97302,MONTABO (ROUTE DE) 3,4.93218,-52.29049,Nuit avec éclairage allumé,En agglomération,Hors intersection,Normale,Deux véhicules - arrière,3,2,2,1,1,2,1,9,1,70,,2,1,0,0,1,36.0,22.0,,,5,2,1,1,2
202100047705,2021-03-08 17:24:00,2021,3,8,17,24,973,97302,TROUBIRAN (CHEMIN DE),4.91646,-52.30945,Plein jour,En agglomération,Hors intersection,Normale,Autre collision,4,2,1,0,2,1,1,0,1,50,,2,1,0,0,1,48.0,,,,1,2,1,1,6
202100047706,2021-03-07 10:20:00,2021,3,7,10,20,973,97302,RABAN (ROUTE DE),4.9279758056,-52.313869,Plein jour,En agglomération,Intersection en T,Normale,Deux véhicules - côté,4,2,1,0,1,1,1,0,1,50,,3,0,0,0,3,58.0,58.0,,,1,2,3,1,3
202100047707,2021-03-08 08:31:00,2021,3,8,8,31,973,97302,MADELEINE (ROUTE DE LA),4.9189540833,-52.3217868889,Plein jour,En agglomération,Hors intersection,Normale,Deux véhicules - côté,3,2,1,0,1,1,1,0,1,50,,2,1,0,0,1,24.0,23.0,,,1,2,1,1,3
202100047708,2021-03-08 07:34:00,2021,3,8,7,34,973,97302,BADUEL (ROUTE DE),4.9303134716,-52.3046822844,Plein jour,En agglomération,Hors intersection,Normale,Deux véhicules - côté,3,2,1,0,1,1,1,0,1,50,,2,1,0,0,1,37.0,18.0,,,1,2,1,1,3
202100047709,2021-03-08 18:45:00,2021,3,8,18,45,69,69259,IRENE JOLIOT CURIE                  (BD),45.71709,4.87748,Nuit avec éclairage allumé,En agglomération,Autre intersection,Normale,Deux véhicules - côté,4,1,1,2,1,3,1,-1,5,50,,2,1,0,0,1,24.0,,,,5,2,9,1,3
202100047710,2021-03-08 17:00:00,2021,3,8,17,0,69,69388,VIENNE (DE) (RTE),45.7373013519,4.8525506258,Plein jour,En agglomération,Intersection en T,Normale,Deux véhicules - côté,4,2,4,2,1,1,1,0,1,50,,2,1,0,0,1,59.0,44.0,,,1,2,3,1,3
202100047711,2021-03-01 15:10:00,2021,3,1,15,10,69,69386,JULES FERRY                         (PL),45.76805,4.85908,Plein jour,En agglomération,Autre intersection,Normale,Autre collision,4,2,4,3,1,1,1,0,1,50,,2,1,0,0,1,50.0,61.0,,,1,2,9,1,6
202100047712,2021-03-08 09:25:00,2021,3,8,9,25,69,69388,AMBROISE PARE (BD),45.7372756026,4.8841324623,Plein jour,En agglomération,Intersection en X,Normale,Deux véhicules - côté,4,2,2,0,1,1,1,0,1,50,,2,1,0,0,1,45.0,47.0,,,1,2,2,1,3
202100047713,2021-03-08 05:45:00,2021,3,8,5,45,69,69386,GARIBALDI  (R),45.76739,4.85074,Nuit avec éclairage allumé,En agglomération,Intersection en X,Normale,Deux véhicules - côté,4,1,3,3,1,1,1,0,1,50,,2,1,0,0,1,30.0,30.0,,,5,2,2,1,3
202100047714,2021-03-07 12:40:00,2021,3,7,12,40,91,91645,POMPIDOU (AVENUE GEORGES),48.74897,2.27887,Plein jour,En agglomération,Intersection en T,Normale,Deux véhicules - côté,3,2,3,0,1,2,1,0,1,30,,3,1,0,0,2,73.0,36.0,,,1,2,3,1,3
202100047715,2021-03-08 17:50:00,2021,3,8,17,50,91,91027,RUE BAYETTO,48.70189,2.37298,Plein jour,En agglomération,Hors intersection,Normale,Autre collision,4,1,1,0,1,1,1,0,1,50,,1,0,0,0,1,49.0,,,,1,2,1,1,6
202100047716,2021-03-05 11:25:00,2021,3,5,11,25,87,87085,PETINIAUD BEAUPEYRAT (RUE),45.82787,1.25463,Plein jour,En agglomération,Intersection en T,Normale,Deux véhicules - arrière,4,2,2,0,1,1,1,0,1,50,,2,1,0,0,1,15.0,34.0,,,1,2,3,1,2
202100047717,2021-03-06 11:20:00,2021,3,6,11,20,83,83069,MILLET (AVENUE ERNEST),43.11763,6.12662,Plein jour,En agglomération,Giratoire,Normale,Deux véhicules - arrière,4,2,2,0,1,1,1,0,1,50,,2,1,0,0,1,17.0,88.0,,,1,2,6,1,2
202100047718,2021-03-05 16:35:00,2021,3,5,16,35,80,80021,GEORGES CLEMENCEAU (CARREFOUR),49.9073820614,2.3019629717,Plein jour,En agglomération,Autre intersection,Normale,Deux véhicules - arrière,4,-1,2,0,2,1,1,0,1,50,,3,2,0,0,1,43.0,22.0,,,1,2,9,1,2
202100047719,2021-03-05 14:20:00,2021,3,5,14,20,80,80021,ANDRE CHENIER (RUE),49.87769,2.28641,Plein jour,En agglomération,Hors intersection,Normale,Deux véhicules - frontale,4,2,2,0,1,1,1,0,1,50,,2,1,0,0,1,44.0,31.0,,,1,2,1,1,1
202100047720,2021-03-08 11:35:00,2021,3,8,11,35,78,78372,AMIRAL LEMONNIER (AVENUE DE L'),48.87919,2.09981,Plein jour,En agglomération,Hors intersection,Normale,Autre collision,6,-1,-1,0,1,1,1,6,1,10,,2,1,0,0,1,88.0,,,,1,2,1,1,6
202100047721,2021-03-08 16:45:00,2021,3,8,16,45,78,78401,ALBERT JOZON (RUE),49.005718,1.906449,Plein jour,En agglomération,Intersection en T,Normale,Autre collision,3,2,2,0,1,3,1,5,1,50,,2,1,0,1,0,42.0,,,,1,2,3,1,6
202100047722,2021-03-07 17:15:00,2021,3,7,17,15,78,78172,ALLENDE (BD SALVATOR),49.00276,2.07561,Plein jour,En agglomération,Hors intersection,Normale,Deux véhicules - arrière,3,3,1,0,1,1,1,0,1,50,,2,1,0,0,1,,38.0,,,1,2,1,1,2
202100047723,2021-03-07 09:40:00,2021,3,7,9,40,74,74012,VALLEES (ROUTE DES),46.19322,6.24298,Plein jour,En agglomération,Hors intersection,Temps éblouissant,Autre collision,4,2,2,0,1,1,1,0,1,50,,2,1,0,0,1,37.0,,,,1,2,1,7,6
202100047724,2021-03-05 11:15:00,2021,3,5,11,15,74,74012,ZOLA (RUE EMILE),46.195827,6.231408,Plein jour,En agglomération,Autre intersection,Normale,Deux véhicules - côté,4,1,1,0,1,2,1,9,1,50,,2,1,0,1,0,65.0,77.0,,,1,2,9,1,3
202100047725,2021-03-07 15:30:00,2021,3,7,15,30,72,72181,MAILLETS (RUE DES) N° PAIRS 14 ET >,48.01371,0.20814,Plein jour,En agglomération,Hors intersection,Normale,Deux véhicules - arrière,4,3,2,0,2,1,1,0,1,50,,2,1,0,0,1,23.0,58.0,,,1,2,1,1,2
202100047726,2021-03-08 07:55:00,2021,3,8,7,55,69,69290,EGALITE (DE L') (R),45.68589,4.94711,Plein jour,En agglomération,Giratoire,Normale,Deux véhicules - côté,7,4,2,0,1,2,1,0,1,50,,2,1,0,0,1,50.0,47.0,,,1,2,6,1,3
202100047727,2021-03-03 07:50:00,2021,3,3,7,50,69,69091,YOURI GAGARINE (AV),45.60188,4.7704,Crépuscule ou aube,Hors agglomération,Intersection en X,Normale,Deux véhicules - côté,7,3,4,0,1,1,1,5,1,50,,4,2,0,0,2,29.0,39.0,,,2,1,2,1,3
202100047728,2021-03-06 09:24:00,2021,3,6,9,24,66,66136,CLEMENCEAU (BOULEVARD),42.70079,2.89164,Plein jour,En agglomération,Hors intersection,Normale,Autre collision,4,2,3,0,1,1,1,0,1,50,,2,1,0,0,1,,,,,1,2,1,1,6
202100047729,2021-03-05 17:37:00,2021,3,5,17,37,66,66136,SAUVY (ALFRED),42.70819,2.90883,Plein jour,En agglomération,Hors intersection,Normale,Autre collision,3,2,2,0,1,1,1,0,1,50,,2,0,0,0,2,54.0,64.0,,,1,2,1,1,6
202100047730,2021-03-05 11:28:00,2021,3,5,11,28,66,66136,INDUSTRIE (AVENUE DE L'),42.73015,2.89892,Plein jour,En agglomération,Intersection en T,Normale,Deux véhicules - côté,4,2,2,0,1,1,1,0,1,50,,2,1,0,0,1,38.0,57.0,,,1,2,3,1,3
202100047731,2021-03-07 18:10:00,2021,3,7,18,10,65,65440,MOULIN (BOULEVARD JEAN),43.220467842,0.0587886572,Plein jour,En agglomération,Hors intersection,Normale,Autre collision,4,2,2,0,1,3,1,0,4,50,,3,1,0,1,1,64.0,,,,1,2,1,1,6
202100047732,2021-03-08 13:55:00,2021,3,8,13,55,64,64024,SAUBADINE (RUE DE),43.49611,-1.52889,Plein jour,En agglomération,Giratoire,Normale,Sans collision,4,-1,1,0,1,1,1,0,1,30,,1,0,0,0,1,16.0,,,,1,2,6,1,7
202100047733,2021-03-07 12:42:00,2021,3,7,12,42,63,63113,JAURES (BD JEAN),45.7678549524,3.0829938234,Plein jour,En agglomération,Hors intersection,Pluie légère,Deux véhicules - côté,4,1,3,0,1,1,2,0,1,50,,2,1,0,0,1,30.0,46.0,,,1,2,1,2,3