accident_id,datetime,annee,mois,jour,heure,minute,departement,commune_insee,adresse,latitude,longitude,luminosite,agglomeration,intersection,meteo,collision,catr,circ,nbv,vosp,prof,plan,surf,infra,situ,vma,nb_vehicules,nb_usagers,nb_indemnes,nb_tues,nb_blesses_hosp,nb_blesses_legers,age_cond_1,age_cond_2,veh_type_cond_1,veh_type_cond_2,lum_code,agg_code,int_code,atm_code,col_code
202100047734,2021-03-05 18:34:00,2021,3,5,18,34,63,63075,BLATIN/berthelot,45.7763,3.07322,Plein jour,En agglomération,Intersection en X,Normale,Deux véhicules - côté,4,1,2,0,1,1,1,0,1,50,,2,1,0,0,1,35.0,26.0,,,1,2,2,1,3
202100047735,2021-03-05 18:27:00,2021,3,5,18,27,63,63113,BERTHELOT (BOULEVARD),45.7816,3.07083,Plein jour,En agglomération,Hors intersection,Normale,Sans collision,7,3,4,0,1,1,2,0,1,50,,1,0,0,0,1,51.0,,,,1,2,1,1,7
202100047736,2021-01-28 11:00:00,2021,1,28,11,0,62,62842,PREMIER MAI (R DU),50.466883,2.866093,Plein jour,En agglomération,Hors intersection,Normale,Sans collision,4,2,2,0,1,1,1,0,1,50,,1,0,0,1,0,25.0,,,,1,2,1,1,7
202100047737,2021-01-30 16:00:00,2021,1,30,16,0,62,62528,SALENGRO (R ROGER),50.446639,2.802198,Plein jour,En agglomération,Intersection en T,Pluie légère,Deux véhicules - côté,4,2,2,0,1,1,2,0,1,50,,2,1,0,1,0,82.0,58.0,,,1,2,3,2,3
202100047738,2021-02-24 17:21:00,2021,2,24,17,21,58,58194,LYON (FAUBOURG),46.9819,3.1602,Plein jour,En agglomération,Intersection en T,Normale,Deux véhicules - côté,4,2,2,0,1,1,1,0,1,50,,2,1,0,0,1,50.0,77.0,,,1,2,3,1,3
202100047739,2021-03-06 09:49:00,2021,3,6,9,49,57,57591,VERSAILLES (RUE DE),49.25195,6.09469,Plein jour,En agglomération,Hors intersection,Normale,Autre collision,4,3,2,0,2,1,1,0,1,30,,3,1,0,1,1,23.0,,,,1,2,1,1,6
202100047740,2021-03-06 12:00:00,2021,3,6,12,0,54,54431,BRUXELLES (RUE DE),48.91601,6.06816,Plein jour,En agglomération,Intersection en X,Normale,Deux véhicules - côté,4,2,2,0,1,2,1,0,1,30,,3,2,0,1,0,68.0,33.0,,,1,2,2,1,3
202100047741,2021-02-08 17:32:00,2021,2,8,17,32,49,49007,KING MARTIN-LUTHER RUE ET SQUARE,47.45041,-0.56258,Plein jour,En agglomération,Hors intersection,Normale,Deux véhicules - côté,4,2,2,0,1,1,1,0,1,50,,2,1,0,0,1,52.0,5.0,,,1,2,1,1,3
202100047742,2021-03-07 12:34:00,2021,3,7,12,34,38,38544,LAFAYETTE(RUE),45.52729,4.89784,Plein jour,En agglomération,Hors intersection,Normale,Deux véhicules - arrière,3,2,2,0,1,1,1,0,1,50,,6,4,0,0,2,48.0,41.0,,,1,2,1,1,2
202100047743,2021-03-06 09:35:00,2021,3,6,9,35,37,37261,MAGINOT (AV. ANDRE),47.4223848961,0.6967928412,Plein jour,En agglomération,Hors intersection,Normale,Autre collision,4,2,3,1,1,1,1,0,5,50,,2,1,0,0,1,30.0,32.0,,,1,2,1,1,6
202100047744,2021-03-07 11:30:00,2021,3,7,11,30,37,37122,RD 37,47.34064,0.66266,Plein jour,Hors agglomération,Hors intersection,Normale,Sans collision,3,3,4,0,1,1,1,0,1,90,,2,1,0,0,1,44.0,,,,1,1,1,1,7
202100047745,2021-03-08 10:25:00,2021,3,8,10,25,35,35051,ALLIES (BOULEVARD DES),48.13074,-1.62124,Plein jour,En agglomération,Intersection en X,Normale,Deux véhicules - côté,4,2,4,0,1,1,1,5,1,50,,2,1,0,0,1,75.0,22.0,,,1,2,2,1,3
202100047746,2021-03-08 17:25:00,2021,3,8,17,25,29,29051,D15 - Route de Coray,48.02426,-3.98271,Plein jour,Hors agglomération,Hors intersection,Normale,Autre collision,3,2,2,0,1,1,1,0,1,70,,2,1,0,0,1,20.0,,,,1,1,1,1,6
202100047747,2021-03-05 08:50:00,2021,3,5,8,50,14,14437,Route de Cabourg,49.18312,-0.31673,Plein jour,En agglomération,Hors intersection,Normale,Autre collision,3,2,2,0,1,1,1,0,1,50,,2,1,0,0,1,73.0,,,,1,2,1,1,6
202100047748,2021-03-08 16:50:00,2021,3,8,16,50,13,13211,SAINT MARCEL (BOULEVARD DE ),43.287814,5.464372,Plein jour,En agglomération,Hors intersection,Normale,Deux véhicules - côté,4,2,2,0,1,1,1,0,1,30,,3,1,0,0,2,35.0,64.0,,,1,2,1,1,3
202100047749,2021-03-04 16:50:00,2021,3,4,16,50,13,13028,SUBILIA (AVENUE ERNEST ),43.1847383946,5.6089010529,Plein jour,En agglomération,Hors intersection,Normale,Deux véhicules - côté,4,2,2,0,1,1,1,0,1,50,,2,1,0,1,0,71.0,16.0,,,1,2,1,1,3
202100047750,2021-03-05 15:00:00,2021,3,5,15,0,11,11262,BORDEAUX (AVENUE DE),43.18156,2.97916,Plein jour,En agglomération,Hors intersection,Normale,Deux véhicules - arrière,4,2,2,0,1,1,1,0,1,50,,3,2,0,0,1,38.0,19.0,,,1,2,1,1,2
202100047751,2021-03-08 08:20:00,2021,3,8,8,20,06,06069,SIDI BRAHIM (AVENUE),43.65032,6.928867,Plein jour,En agglomération,Hors intersection,Normale,Trois véhicules et plus - en chaîne,4,2,2,0,2,1,1,0,1,50,,3,2,0,0,1,54.0,36.0,,,1,2,1,1,4
202100047752,2021-03-06 15:50:00,2021,3,6,15,50,06,06004,LECLERC BD MARECHAL,43.575549,7.124344,Plein jour,En agglomération,Hors intersection,Normale,Sans collision,4,2,2,0,1,1,1,0,1,50,,2,1,0,1,0,82.0,,,,1,2,1,1,7
202100047753,2021-03-15 16:50:00,2021,3,15,16,50,976,97611,mgombani-Baobab ( Bd ),-12.78182,45.23494,Plein jour,En agglomération,Hors intersection,Normale,Deux véhicules - côté,2,2,0,0,1,1,1,0,1,50,,2,1,0,0,1,31.0,40.0,,,1,2,1,1,3
202100047754,2021-03-16 18:20:00,2021,3,16,18,20,974,97416,RN1(BRETELLE ACCES),-21.30446,55.42807,Crépuscule ou aube,Hors agglomération,Autre intersection,Normale,Deux véhicules - arrière,2,1,3,0,1,1,1,3,1,90,,2,1,0,0,1,40.0,38.0,,,2,1,9,1,2
202100047755,2021-03-16 05:50:00,2021,3,16,5,50,974,97411,JAURES (BLD 2 JEAN),-20.90098,55.49281,Nuit sans éclairage public,En agglomération,Hors intersection,Pluie légère,Autre collision,2,1,3,1,1,1,1,0,1,50,,2,1,0,0,1,39.0,,,,3,2,1,2,6
202100047756,2021-03-16 13:30:00,2021,3,16,13,30,974,97407,ROUTE NATIONALE N° 1,-20.95114,55.31788,Plein jour,Hors agglomération,Hors intersection,Normale,Deux véhicules - côté,2,-1,4,0,1,1,1,0,1,110,,2,1,0,0,1,28.0,36.0,,,1,1,1,1,3
202100047757,2021-03-16 15:47:00,2021,3,16,15,47,973,97302,BADUEL (ROUTE DE),4.92892,-52.30105,Plein jour,En agglomération,Hors intersection,Normale,Deux véhicules - côté,3,2,1,0,1,1,1,0,1,50,,2,1,0,0,1,36.0,52.0,,,1,2,1,1,3
202100047758,2021-03-16 13:45:00,2021,3,16,13,45,973,97302,VIRGILE (AVENUE),4.94173,-52.32088,Plein jour,En agglomération,Hors intersection,Normale,Deux véhicules - arrière,3,2,2,0,1,1,1,0,1,50,,3,1,0,0,2,18.0,33.0,,,1,2,1,1,2
202100047759,2021-03-16 15:40:00,2021,3,16,15,40,69,69386,VITTON (CR),45.769375813,4.8512677517,Plein jour,En agglomération,Hors intersection,Normale,Autre collision,4,1,2,1,1,1,1,0,1,50,,2,1,0,0,1,28.0,,,,1,2,1,1,6
202100047760,2021-03-16 16:30:00,2021,3,16,16,30,69,69386,VENDOME (R),45.7718235977,4.8444396257,Plein jour,En agglomération,Intersection en X,Normale,Deux véhicules - côté,4,1,1,2,1,1,1,0,1,50,,2,1,0,0,1,37.0,40.0,,,1,2,2,1,3
202100047761,2021-03-16 10:30:00,2021,3,16,10,30,69,69383,LAC (DU) (R),45.75671,4.85477,Plein jour,En agglomération,Intersection en X,Normale,Deux véhicules - côté,4,1,1,0,1,1,1,0,1,50,,2,0,0,0,2,45.0,35.0,,,1,2,2,1,3
202100047762,2021-03-16 15:30:00,2021,3,16,15,30,91,91687,GENERAL DE GAULLE (AVENUE DU),48.6742,2.38728,Plein jour,En agglomération,Autre intersection,Pluie forte,Deux véhicules - côté,3,2,4,0,1,1,2,0,1,50,,3,2,0,0,1,26.0,75.0,,,1,2,9,3,3
202100047763,2021-03-12 15:34:00,2021,3,12,15,34,87,87085,VANTEAUX (BOULEVARD DE),45.82059,1.23134,Plein jour,En agglomération,Hors intersection,Normale,Autre collision,4,3,6,0,1,1,1,0,1,50,,2,1,0,0,1,19.0,30.0,,,1,2,1,1,6
202100047764,2021-03-11 14:40:00,2021,3,11,14,40,84,84031,SAINT ROCH AVENUE,44.07789,5.06479,Plein jour,En agglomération,Hors intersection,Normale,Deux véhicules - arrière,3,2,2,0,1,1,1,0,1,70,,2,1,0,1,0,23.0,66.0,,,1,2,1,1,2
202100047765,2021-02-05 07:40:00,2021,2,5,7,40,30,30351,VERDUN AVENUE DE,43.96344,4.80023,Crépuscule ou aube,Hors agglomération,Hors intersection,Normale,Autre collision,3,-1,1,0,1,1,1,0,1,30,,2,1,0,1,0,57.0,,,,2,1,1,1,6
202100047766,2021-01-18 16:40:00,2021,1,18,16,40,83,83129,COMMERCE (RUE DU),43.115188,5.844106,Plein jour,En agglomération,Hors intersection,Normale,Deux véhicules - côté,4,2,2,0,1,1,1,0,1,50,,3,1,0,1,1,26.0,25.0,,,1,2,1,1,3
202100047767,2021-03-15 17:10:00,2021,3,15,17,10,83,83069,ROUBAUD (CHEMIN DU),43.114039,6.133871,Plein jour,En agglomération,Intersection en X,Normale,Autre collision,7,2,2,0,1,2,1,5,1,30,,2,1,0,1,0,66.0,,,,1,2,2,1,6
202100047768,2021-03-14 20:10:00,2021,3,14,20,10,80,80021,HENRI FARMAN (RUE),49.9116313024,2.3016786575,Nuit avec éclairage allumé,En agglomération,Intersection en T,Normale,Deux véhicules - arrière,4,2,2,0,1,1,1,0,1,50,,2,1,0,0,1,21.0,24.0,,,5,2,3,1,2
202100047769,2021-03-16 20:30:00,2021,3,16,20,30,78,78401,MARECHAL JOFFRE (AVENUE DU),49.00845,1.93106,Nuit avec éclairage allumé,En agglomération,Hors intersection,Pluie légère,Autre collision,3,2,2,0,1,1,2,0,4,50,,2,1,0,0,1,20.0,,,,5,2,1,2,6
202100047770,2021-03-15 16:32:00,2021,3,15,16,32,76,76351,MOGADOR,49.4972,0.09836,Plein jour,En agglomération,Intersection en X,Normale,Sans collision,4,1,1,0,2,1,1,0,1,50,,1,0,0,1,0,13.0,,,,1,2,2,1,7
202100047771,2021-03-16 21:15:00,2021,3,16,21,15,76,76565,RD 915,49.87349,1.09983,Nuit avec éclairage non allumé,Hors agglomération,Giratoire,Pluie légère,Sans collision,3,3,2,0,2,3,2,5,3,80,,1,0,0,0,1,32.0,,,,4,1,6,2,7
202100047772,2021-03-15 15:50:00,2021,3,15,15,50,72,72181,PALMIERS (RUE DES),48.01734,0.20241,Plein jour,En agglomération,Hors intersection,Normale,Autre collision,4,2,2,0,1,1,1,0,1,50,,2,1,0,0,1,52.0,,,,1,2,1,1,6
202100047773,2021-03-15 14:30:00,2021,3,15,14,30,72,72181,ITALIENS (BD DES),47.94718,0.20707,Plein jour,Hors agglomération,Hors intersection,Normale,Deux véhicules - frontale,3,-1,2,0,1,4,1,0,1,70,,4,0,0,0,4,33.0,80.0,,,1,1,1,1,1
202100047774,2021-03-15 12:30:00,2021,3,15,12,30,71,71153,Route d’Epinac,46.819083,4.452758,Plein jour,Hors agglomération,Hors intersection,Pluie légère,Sans collision,3,-1,2,0,2,3,2,0,3,80,,1,0,0,0,1,19.0,,,,1,1,1,2,7
202100047775,2021-03-16 18:30:00,2021,3,16,18,30,69,69266,EMILE ZOLA (CR),45.7696558981,4.8788174987,Crépuscule ou aube,En agglomération,Intersection en T,Normale,Deux véhicules - côté,4,2,2,2,1,1,1,0,1,50,,2,1,0,0,1,21.0,40.0,,,2,2,3,1,3
202100047776,2021-03-16 15:15:00,2021,3,16,15,15,69,69290,HENRI MARECHAL (R),45.6914113389,4.9383481563,Plein jour,En agglomération,Hors intersection,Normale,Autre collision,4,2,2,0,1,1,1,0,1,50,,1,0,0,0,1,50.0,,,,1,2,1,1,6
202100047777,2021-03-15 10:50:00,2021,3,15,10,50,69,69264,PAUL BERT (R),45.98969,4.71586,Plein jour,En agglomération,Hors intersection,Normale,Autre collision,4,1,2,0,1,1,1,0,1,50,,2,1,0,0,1,37.0,,,,1,2,1,1,6
202100047778,2021-03-15 10:04:00,2021,3,15,10,4,68,68166,MULHOUSE (FAUBOURG DE),47.79266,7.33568,Plein jour,En agglomération,Intersection en X,Normale,Trois véhicules et plus - en chaîne,3,2,2,0,1,1,1,0,1,50,,3,2,0,0,1,53.0,,,,1,2,2,1,4
202100047779,2021-03-15 07:45:00,2021,3,15,7,45,67,67482,ROMAINS (ROUTE DES),48.579166,7.712935,Plein jour,En agglomération,Intersection en T,Temps couvert,Deux véhicules - côté,4,2,4,1,1,1,1,0,5,50,,2,1,0,0,1,35.0,48.0,,,1,2,3,8,3
202100047780,2021-03-13 14:37:00,2021,3,13,14,37,67,67447,PIERRE MENDES FRANCE (AVENUE),48.60413,7.75812,Plein jour,En agglomération,Passage à niveau,Normale,Sans collision,4,3,6,2,1,1,2,4,5,50,,3,1,0,0,2,25.0,14.0,,,1,2,8,1,7
202100047781,2021-03-12 14:30:00,2021,3,12,14,30,67,67482,ROBERTSAU (ALLEE DE LA),48.58811,7.76568,Plein jour,En agglomération,Hors intersection,Normale,Deux véhicules - côté,4,3,4,0,1,1,1,0,1,50,,2,1,0,0,1,80.0,16.0,,,1,2,1,1,3
202100047782,2021-03-15 17:39:00,2021,3,15,17,39,66,66136,MASSANE (AVENUE DE LA),42.69718,2.87245,Plein jour,En agglomération,Hors intersection,Normale,Deux véhicules - arrière,4,-1,2,0,1,1,1,0,1,50,,2,1,0,0,1,42.0,49.0,,,1,2,1,1,2
202100047783,2021-03-16 07:45:00,2021,3,16,7,45,64,64445,HONORE BARADAT,43.3054,-0.36108,Plein jour,En agglomération,Intersection en X,Normale,Deux véhicules - côté,4,2,2,0,1,1,1,0,1,30,,2,1,0,0,1,28.0,36.0,,,1,2,2,1,3
202100047784,2021-03-16 08:05:00,2021,3,16,8,5,64,64102,MOUNEDE (AVENUE DE),43.4989754822,-1.4580676834,Plein jour,En agglomération,Hors intersection,Pluie légère,Deux véhicules - côté,4,-1,0,0,1,1,2,0,1,50,,2,1,0,0,1,22.0,36.0,,,1,2,1,2,3
202100047785,2021-03-15 14:30:00,2021,3,15,14,30,63,63113,CLEMENTEL (BD ETIENNE),45.80979,3.1092,Plein jour,En agglomération,Intersection en X,Normale,Deux véhicules - arrière,7,3,4,0,1,1,1,0,1,50,,2,1,0,0,1,22.0,53.0,,,1,2,2,1,2
202100047786,2021-03-16 14:30:00,2021,3,16,14,30,59,59512,DE ROUBAIX (RUE PIERRE),50.68941,3.18776,Plein jour,En agglomération,Hors intersection,Pluie légère,Autre collision,4,2,2,0,1,1,2,0,1,30,,2,1,0,0,1,34.0,,,,1,2,1,2,6
202100047787,2021-03-16 13:50:00,2021,3,16,13,50,59,59009,MARQUE AVENUE DE LA,50.64264,3.14487,Plein jour,En agglomération,Intersection en X,Pluie légère,Deux véhicules - côté,7,1,3,0,1,1,2,5,1,50,,2,1,0,0,1,27.0,39.0,,,1,2,2,2,3
202100047788,2021-03-15 23:00:00,2021,3,15,23,0,56,56162,SAINTE  ANNE (RUE),47.73873,-3.41887,Nuit avec éclairage allumé,En agglomération,Hors intersection,Normale,Autre collision,4,2,2,0,2,1,1,0,1,50,,1,0,0,0,1,21.0,,,,5,2,1,1,6
202100047789,2021-03-16 18:00:00,2021,3,16,18,0,54,54395,VILLERS (RUE DE),48.6841126486,6.1660548672,Plein jour,En agglomération,Intersection en X,Normale,Deux véhicules - côté,4,1,1,2,3,1,1,-1,1,30,,3,1,0,0,2,36.0,21.0,,,1,2,2,1,3
202100047790,2021-03-16 12:45:00,2021,3,16,12,45,51,51454,Place Luton,49.2709527091,4.0254104626,Plein jour,En agglomération,Autre intersection,Pluie légère,Sans collision,4,2,2,0,1,1,2,0,1,50,,2,1,0,0,1,38.0,,,,1,2,9,2,7
202100047791,2021-03-16 17:39:00,2021,3,16,17,39,49,49007,LA BRUYERE,47.4775863703,-0.5760486424,Plein jour,En agglomération,Hors intersection,Normale,Deux véhicules - frontale,4,2,2,0,1,1,1,0,1,50,,2,1,0,0,1,40.0,29.0,,,1,2,1,1,1
202100047792,2021-03-06 17:20:00,2021,3,6,17,20,47,47215,D 821,44.36767,0.71448,Plein jour,Hors agglomération,Hors intersection,Normale,Sans collision,3,2,2,0,2,2,1,0,3,70,,1,0,0,0,1,60.0,,,,1,1,1,1,7
202100047793,2021-03-15 18:05:00,2021,3,15,18,5,45,45234,Rue Jacquard,47.91587,1.90455,Plein jour,En agglomération,Hors intersection,Normale,Autre collision,4,1,1,0,1,1,1,0,1,30,,2,1,0,0,1,23.0,,,,1,2,1,1,6
202100047794,2021-03-11 07:15:00,2021,3,11,7,15,41,41018,ONZE ARPENTS (RUE DES),47.61326,1.33763,Nuit avec éclairage allumé,Hors agglomération,Hors intersection,Pluie légère,Sans collision,5,-1,0,0,1,1,2,9,8,10,,2,1,1,0,0,43.0,,,,5,1,1,2,7
202100047795,2021-03-16 12:10:00,2021,3,16,12,10,38,38169,Avenue Aristide Briand,45.18957,5.69257,Plein jour,En agglomération,Hors intersection,Normale,Autre collision,7,2,2,1,1,1,1,0,4,50,,2,1,0,1,0,74.0,,,,1,2,1,1,6
202100047796,2021-03-16 15:00:00,2021,3,16,15,0,35,35238,TILLON (AVENUE CHARLES),48.124562,-1.70306,Plein jour,En agglomération,Intersection en X,Normale,Deux véhicules - côté,4,4,5,0,1,1,1,5,1,50,,3,2,0,0,1,27.0,22.0,,,1,2,2,1,3
202100047797,2021-03-16 14:42:00,2021,3,16,14,42,35,35238,MITTERAND (MAIL FRANCOIS),48.1083995175,-1.696139127,Plein jour,En agglomération,Hors intersection,Normale,Autre collision,4,2,3,1,1,1,1,0,5,50,,1,0,0,0,1,68.0,,,,1,2,1,1,6
202100047798,2021-03-16 07:50:00,2021,3,16,7,50,33,33063,Rue Frantz Despagnet,44.830356,-0.602877,Plein jour,En agglomération,Intersection en X,Normale,Deux véhicules - côté,4,2,2,3,1,1,1,5,6,50,,2,1,0,1,0,19.0,59.0,,,1,2,2,1,3
202100047799,2021-03-16 07:50:00,2021,3,16,7,50,33,33529,Boulevard de Cazaux,44.555395,-1.153818,Plein jour,Hors agglomération,Intersection en T,Normale,Deux véhicules - côté,3,2,3,1,1,1,1,5,1,80,,2,1,0,0,1,43.0,36.0,,,1,1,3,1,3
202100047800,2021-03-16 08:00:00,2021,3,16,8,0,32,32013,ONZE NOVEMBRE,43.64168,0.59369,Plein jour,En agglomération,Hors intersection,Temps couvert,Autre collision,4,2,2,0,1,1,1,0,1,50,,2,1,0,0,1,40.0,50.0,,,1,2,1,8,6
202100047801,2021-02-08 11:15:00,2021,2,8,11,15,30,30189,KENNEDY (AVENUE),43.8308,4.33925,Plein jour,En agglomération,Hors intersection,Normale,Autre collision,3,1,2,0,1,1,1,0,1,50,,3,2,0,0,1,49.0,,,,1,2,1,1,6
202100047802,2021-03-15 14:45:00,2021,3,15,14,45,27,27681,DEVOS (BOULEVARD JULIEN),49.08565,1.47541,Plein jour,En agglomération,Hors intersection,Temps couvert,Deux véhicules - arrière,4,-1,2,0,1,1,1,0,1,50,,2,1,0,0,1,33.0,28.0,,,1,2,1,8,2
202100047803,2021-03-03 13:35:00,2021,3,3,13,35,26,26058,5 Quai Thannaron,44.939284,4.890761,Plein jour,En agglomération,Hors intersection,Normale,Autre collision,4,2,2,0,1,1,1,0,1,50,,2,0,0,0,2,17.0,,,,1,2,1,1,6
202100047804,2021-03-15 17:48:00,2021,3,15,17,48,21,21355,11 Rue Armand Thibaut,47.28466,5.059042,Plein jour,En agglomération,Intersection en T,Normale,Deux véhicules - côté,4,2,2,0,1,1,1,0,1,50,,2,1,0,1,0,55.0,26.0,,,1,2,3,1,3
202100047805,2021-03-05 12:00:00,2021,3,5,12,0,21,21231,LENOTRE (RUE),47.3099290185,5.0455838442,Plein jour,En agglomération,Intersection en T,Normale,Trois véhicules et plus - collisions multiples,4,3,-1,0,1,1,1,5,1,50,,3,2,0,1,0,63.0,42.0,,,1,2,3,1,5
202100047806,2021-03-11 12:22:00,2021,3,11,12,22,15,15014,Avenue Georges Pompidou,44.91333,2.44503,Plein jour,En agglomération,Intersection en T,Normale,Deux véhicules - côté,2,2,2,0,1,1,1,5,1,50,,2,1,0,0,1,57.0,21.0,,,1,2,3,1,3
202100047807,2021-03-13 11:25:00,2021,3,13,11,25,14,14366,Avenue Victor Hugo,49.14535,0.227616,Plein jour,En agglomération,Hors intersection,Pluie forte,Autre collision,4,2,2,0,1,1,2,0,1,30,,2,1,0,0,1,82.0,,,,1,2,1,3,6
202100047808,2021-03-16 17:00:00,2021,3,16,17,0,13,13043,REPUBLIQUE (AV DE LA ),43.39377,5.23198,Plein jour,En agglomération,Hors intersection,Normale,Deux véhicules - arrière,4,1,1,0,1,1,1,0,1,30,,2,1,0,0,1,26.0,33.0,,,1,2,1,1,2
202100047809,2021-03-16 21:15:00,2021,3,16,21,15,13,13203,BELLE DE MAI (RUE),43.30873,5.38177,Nuit avec éclairage allumé,En agglomération,Intersection en X,Normale,Deux véhicules - frontale,4,1,1,0,2,3,1,0,1,50,,3,1,0,2,0,21.0,22.0,,,5,2,2,1,1
202100047810,2021-03-12 16:40:00,2021,3,12,16,40,13,13210,ICARD (BOULEVARD),43.2775819655,5.418111734,Plein jour,En agglomération,Hors intersection,Normale,Autre collision,4,1,1,0,1,1,1,0,1,50,,3,2,0,0,1,49.0,,,,1,2,1,1,6
202100047811,2021-02-06 22:00:00,2021,2,6,22,0,13,13214,SAINTE MARTHE (chemin),43.32823,5.38777,Nuit avec éclairage allumé,En agglomération,Autre intersection,Normale,Deux véhicules - côté,4,3,2,0,1,1,1,0,1,50,,4,0,0,0,4,28.0,23.0,,,5,2,9,1,3
202100047812,2021-03-15 15:00:00,2021,3,15,15,0,13,13210,ROMAIN ROLLAND (BOULEVARD),43.274758,5.415506,Plein jour,En agglomération,Hors intersection,Normale,Deux véhicules - frontale,4,1,1,0,1,1,1,0,1,30,,2,1,0,0,1,34.0,20.0,,,1,2,1,1,1
202100047813,2021-03-15 12:50:00,2021,3,15,12,50,13,13206,LIEUTAUD (COURS)      2 A 52,43.290883,5.383328,Plein jour,En agglomération,Hors intersection,Normale,Deux véhicules - côté,4,1,1,0,1,1,1,0,1,50,,4,3,0,1,0,50.0,52.0,,,1,2,1,1,3
202100047814,2021-03-16 20:15:00,2021,3,16,20,15,13,13047,R.N 569,43.56399,4.98429,Nuit sans éclairage public,Hors agglomération,Hors intersection,Normale,Deux véhicules - frontale,7,2,2,0,1,3,1,0,1,80,,2,0,0,0,2,25.0,25.0,,,3,1,1,1,1
202100047815,2021-01-28 05:20:00,2021,1,28,5,20,13,13063,CHEMIN DEPARTEMENTAL N°10,43.5849,5.0007,Nuit avec éclairage allumé,Hors agglomération,Hors intersection,Normale,Deux véhicules - frontale,7,3,1,0,1,1,1,0,1,80,,1,0,0,0,1,29.0,,,,5,1,1,1,1
202100047816,2021-03-16 20:00:00,2021,3,16,20,0,13,13028,CROZET (AVENUE LOUIS ),43.17964,5.599495,Nuit avec éclairage allumé,En agglomération,Hors intersection,Normale,Deux véhicules - frontale,4,2,2,0,2,1,1,0,1,50,,2,0,0,0,2,39.0,52.0,,,5,2,1,1,1
202100047817,2021-03-16 15:10:00,2021,3,16,15,10,13,13005,GARLABAN (AVENUE DU),43.29753,5.57378,Plein jour,En agglomération,Intersection en T,Normale,Deux véhicules - côté,7,2,2,0,1,1,1,0,1,50,,3,2,0,1,0,47.0,73.0,,,1,2,3,1,3
202100047818,2021-03-16 09:15:00,2021,3,16,9,15,13,13001,ESTELLE JARDINS D' (AV DES),43.52992,5.41038,Plein jour,En agglomération,Giratoire,Normale,Autre collision,4,2,2,0,1,3,1,0,1,50,,2,1,0,0,1,36.0,,,,1,2,6,1,6
202100047819,2021-03-12 18:10:00,2021,3,12,18,10,12,12145,PONT LEROUGE (AVENUE DU),44.093597,3.074661,Plein jour,En agglomération,Intersection en Y,Temps couvert,Deux véhicules - côté,3,2,2,0,1,1,2,0,1,50,,2,1,0,0,1,69.0,15.0,,,1,2,4,8,3
202100047820,2021-03-16 18:10:00,2021,3,16,18,10,06,06069,TASSIGNY (AVENUE DELATTRE)RD 6085,43.647994,6.92861,Plein jour,En agglomération,Hors intersection,Normale,Deux véhicules - côté,4,2,2,0,2,1,1,0,1,50,,2,1,0,0,1,50.0,61.0,,,1,2,1,1,3
202100047821,2021-03-16 12:05:00,2021,3,16,12,5,06,06069,MISTRAL (AVENUE ET PLACE FREDERIC),43.6447,6.91532,Plein jour,Hors agglomération,Hors intersection,Normale,Autre collision,4,2,2,0,1,1,1,0,4,50,,2,1,0,0,1,74.0,,,,1,1,1,1,6
202100047822,2021-03-16 21:15:00,2021,3,16,21,15,06,06027,BESSET AVENUE CYRILLE,43.65938,7.16151,Nuit avec éclairage allumé,En agglomération,Hors intersection,Normale,Deux véhicules - côté,7,2,2,0,2,1,1,0,1,50,,2,1,0,0,1,16.0,38.0,,,5,2,1,1,3
202100047823,2021-03-16 16:45:00,2021,3,16,16,45,06,06027,VAL FLEURI CHEMIN DU,43.665892,7.169924,Plein jour,En agglomération,Hors intersection,Normale,Trois véhicules et plus - collisions multiples,4,2,2,0,1,1,1,0,1,50,,3,2,0,0,1,64.0,77.0,,,1,2,1,1,5
202100047824,2021-03-15 08:07:00,2021,3,15,8,7,05,05061,EYSSAGNIERES ( ROUTE DES ),44.55334,6.05489,Plein jour,En agglomération,Hors intersection,Normale,Deux véhicules - arrière,3,2,2,0,2,1,1,0,1,50,,3,1,0,0,2,43.0,41.0,,,1,2,1,1,2
202100047825,2021-03-15 12:45:00,2021,3,15,12,45,75,75118,PORTE DE CLIGNANCOURT,48.900646,2.331722,Plein jour,En agglomération,Hors intersection,Normale,Deux véhicules - côté,4,1,4,0,1,1,2,0,1,70,,2,1,0,0,1,57.0,74.0,,,1,2,1,1,3
202100047826,2021-03-16 08:10:00,2021,3,16,8,10,75,75105,RUE SAINT JACQUES,48.850205,2.345236,Plein jour,En agglomération,Intersection en X,Normale,Autre collision,4,1,2,1,2,1,1,0,1,30,,2,1,0,0,1,48.0,,,,1,2,2,1,6
202100047827,2021-03-16 18:15:00,2021,3,16,18,15,75,75119,RUE MANIN,48.8792071319,2.378706336,Crépuscule ou aube,En agglomération,Hors intersection,Pluie légère,Sans collision,4,2,4,0,1,1,2,0,1,30,,2,1,0,0,1,17.0,,,,2,2,1,2,7
202100047828,2021-03-16 13:40:00,2021,3,16,13,40,75,75119,RUE MANIN,48.884955,2.392545,Plein jour,En agglomération,Hors intersection,Pluie légère,Deux véhicules - côté,4,2,2,0,1,1,2,0,1,30,,2,1,0,0,1,24.0,41.0,,,1,2,1,2,3
202100047829,2021-03-16 12:40:00,2021,3,16,12,40,75,75118,RUE DOUDEAUVILLE,48.888405,2.348001,Plein jour,En agglomération,Intersection à plus de 4 branches,Pluie légère,Autre collision,4,1,1,0,2,1,2,0,1,50,,2,1,0,0,1,55.0,,,,1,2,5,2,6
202100047830,2021-03-16 16:15:00,2021,3,16,16,15,75,75116,AVENUE VICTOR HUGO,48.870203,2.286612,Plein jour,En agglomération,Hors intersection,Pluie légère,Deux véhicules - côté,4,2,2,0,1,1,2,0,1,50,,2,1,0,0,1,56.0,81.0,,,1,2,1,2,3