accident_id,datetime,annee,mois,jour,heure,minute,departement,commune_insee,adresse,latitude,longitude,luminosite,agglomeration,intersection,meteo,collision,catr,circ,nbv,vosp,prof,plan,surf,infra,situ,vma,nb_vehicules,nb_usagers,nb_indemnes,nb_tues,nb_blesses_hosp,nb_blesses_legers,age_cond_1,age_cond_2,veh_type_cond_1,veh_type_cond_2,lum_code,agg_code,int_code,atm_code,col_code
202100047831,2021-03-16 11:25:00,2021,3,16,11,25,75,75113,BOULEVARD DE PORT ROYAL,48.838319,2.342078,Plein jour,En agglomération,Intersection en T,Pluie légère,Autre collision,4,2,2,0,1,1,2,0,1,50,,2,1,0,0,1,51.0,,,,1,2,3,2,6
202100047832,2021-03-16 13:50:00,2021,3,16,13,50,75,75112,AVENUE DU DOCTEUR ARNOLD NETTER,48.843322,2.405367,Plein jour,En agglomération,Intersection en T,Pluie légère,Autre collision,4,2,2,0,1,1,2,0,1,50,,2,1,0,0,1,60.0,,,,1,2,3,2,6
202100047833,2021-03-16 13:35:00,2021,3,16,13,35,75,75107,RUE DU GENERAL BERTRAND,48.846621,2.313955,Plein jour,En agglomération,Hors intersection,Pluie légère,Autre collision,4,2,2,0,1,1,2,0,1,50,,1,0,0,0,1,46.0,,,,1,2,1,2,6
202100047834,2021-03-16 19:09:00,2021,3,16,19,9,94,94080,PARIS (AV DE),48.84528,2.43157,Nuit avec éclairage allumé,En agglomération,Intersection en X,Pluie légère,Deux véhicules - côté,3,2,2,1,1,1,2,0,1,50,,5,2,0,0,3,35.0,57.0,,,5,2,2,2,3
202100047835,2021-03-16 18:15:00,2021,3,16,18,15,94,94067,Villa de la Tourelle,48.84564,2.41861,Plein jour,En agglomération,Hors intersection,Normale,Deux véhicules - arrière,4,2,2,0,1,1,1,0,1,50,,2,1,0,0,1,51.0,49.0,,,1,2,1,1,2
202100047836,2021-03-16 17:50:00,2021,3,16,17,50,94,94044,Rue Jean Monnet,48.759473,2.48041,Plein jour,En agglomération,Hors intersection,Pluie légère,Autre collision,3,2,2,0,1,1,2,0,1,50,,2,1,0,0,1,24.0,,,,1,2,1,2,6
202100047837,2021-03-16 21:25:00,2021,3,16,21,25,94,94041,JEAN JAURES (AV),48.80877,2.40374,Nuit avec éclairage allumé,En agglomération,Hors intersection,Normale,Deux véhicules - arrière,3,2,2,0,1,1,1,0,1,50,,2,1,0,0,1,23.0,,,,5,2,1,1,2
202100047838,2021-03-15 13:50:00,2021,3,15,13,50,94,94054,VICTOIRE (AV DE LA),48.74537,2.40239,Plein jour,En agglomération,Autre intersection,Temps couvert,Autre collision,3,2,2,0,1,1,1,0,1,50,,2,1,0,0,1,25.0,,,,1,2,9,8,6
202100047839,2021-03-15 12:00:00,2021,3,15,12,0,94,94079,FRIEDBERG (BD DE),48.83,2.53,Plein jour,En agglomération,Hors intersection,Pluie légère,Autre collision,4,2,2,0,1,1,2,0,1,50,,2,1,0,0,1,39.0,,,,1,2,1,2,6
202100047840,2021-03-16 12:05:00,2021,3,16,12,5,94,94018,VICTOR HUGO (R),48.82113,2.41285,Plein jour,En agglomération,Hors intersection,Pluie légère,Deux véhicules - côté,3,4,3,0,1,1,2,0,1,30,,2,1,0,0,1,28.0,18.0,,,1,2,1,2,3
202100047841,2021-03-16 09:05:00,2021,3,16,9,5,94,94069,CANADIENS (AV DES),48.81723,2.4588,Plein jour,En agglomération,Intersection en X,Normale,Deux véhicules - côté,3,1,2,0,1,3,1,0,1,50,,2,1,0,0,1,34.0,39.0,,,1,2,2,1,3
202100047842,2021-03-16 10:30:00,2021,3,16,10,30,94,94017,Chemin du Moulin,48.82081,2.51286,Plein jour,En agglomération,Intersection en X,Pluie légère,Deux véhicules - côté,4,2,2,0,1,1,2,0,1,50,,3,2,0,0,1,23.0,21.0,,,1,2,2,2,3
202100047843,2021-03-15 18:00:00,2021,3,15,18,0,94,94002,Rue Charles de Gaulle / Quai Pierre Cosmi,48.81456,2.41192,Plein jour,En agglomération,Intersection à plus de 4 branches,Normale,Deux véhicules - frontale,3,3,3,1,2,1,1,0,1,50,,2,1,0,1,0,44.0,35.0,,,1,2,5,1,1
202100047844,2021-03-16 18:35:00,2021,3,16,18,35,93,93048,VINCENNES (RUE DE),48.85338579,2.435232165,Plein jour,En agglomération,Intersection en X,Pluie légère,Deux véhicules - côté,3,1,2,1,1,1,2,0,5,50,,2,1,0,0,1,17.0,34.0,,,1,2,2,2,3
202100047845,2021-03-15 18:00:00,2021,3,15,18,0,93,93048,ARISTIDE BRIAND (BOULEVARD),48.8682,2.4468,Plein jour,En agglomération,Intersection à plus de 4 branches,Normale,Deux véhicules - côté,3,2,4,1,2,1,1,5,5,10,,2,1,0,0,1,34.0,19.0,,,1,2,5,1,3
202100047846,2021-03-15 11:25:00,2021,3,15,11,25,93,93032,PAUL VAILLANT COUTURIER (RUE),48.87102,2.5545,Plein jour,En agglomération,Autre intersection,Pluie légère,Deux véhicules - côté,3,2,2,0,1,1,2,0,1,50,,2,1,0,0,1,37.0,37.0,,,1,2,9,2,3
202100047847,2021-03-13 18:30:00,2021,3,13,18,30,92,92078,GALLIENI (BD) (1 A 79 ET 22 A 102),48.9263130036,2.3282915354,Plein jour,En agglomération,Hors intersection,Normale,Deux véhicules - arrière,3,4,2,0,1,1,1,0,6,50,,2,1,0,0,1,23.0,24.0,,,1,2,1,1,2
202100047848,2021-03-16 08:05:00,2021,3,16,8,5,92,92004,DOCTEUR DERVAUX  ( QUAI DU ),48.9081040414,2.2925646936,Crépuscule ou aube,En agglomération,Hors intersection,Normale,Deux véhicules - arrière,3,3,2,0,1,1,1,0,1,50,,2,1,0,0,1,23.0,48.0,,,2,2,1,1,2
202100047849,2021-03-16 16:35:00,2021,3,16,16,35,38,38378,Route de Condrieu,45.444009,4.768796,Plein jour,En agglomération,Giratoire,Normale,Deux véhicules - côté,3,1,1,0,4,2,1,5,1,50,,2,1,0,0,1,53.0,49.0,,,1,2,6,1,3
202100047850,2021-03-15 09:10:00,2021,3,15,9,10,84,84088,Cours Frizet,44.000853,5.059209,Plein jour,En agglomération,Hors intersection,Normale,Deux véhicules - frontale,4,2,2,0,1,1,1,0,1,50,,2,1,0,1,0,31.0,,,,1,2,1,1,1
202100047851,2021-03-15 08:00:00,2021,3,15,8,0,06,06161,D2d,43.647442,7.138082,Plein jour,Hors agglomération,Intersection en T,Normale,Deux véhicules - frontale,1,1,-1,-1,1,3,1,3,1,-1,,2,1,0,0,1,42.0,55.0,,,1,1,3,1,1
202100047852,2021-03-17 00:15:00,2021,3,17,0,15,79,79150,,46.13753,0.175921,Nuit sans éclairage public,Hors agglomération,Giratoire,Pluie légère,Autre collision,3,2,2,0,1,3,2,0,1,70,,3,1,0,1,1,39.0,,,,3,1,6,2,6
202100047853,2021-03-17 18:40:00,2021,3,17,18,40,60,60661,58 Route de Chantilly,49.235357,2.983213,Crépuscule ou aube,En agglomération,Hors intersection,Pluie légère,Sans collision,3,2,2,0,1,1,2,0,1,50,,2,1,0,1,0,20.0,,,,2,2,1,2,7
202100047854,2021-03-17 17:40:00,2021,3,17,17,40,72,72350,les fresnes,47.8832142917,0.275576592,Plein jour,En agglomération,Hors intersection,Normale,Autre collision,3,2,2,0,1,1,1,0,1,50,,4,2,0,2,0,54.0,26.0,,,1,2,1,1,6
202100047855,2021-03-17 12:05:00,2021,3,17,12,5,34,34217,Route de Montpellier,43.690917,3.862638,Plein jour,En agglomération,Hors intersection,Normale,Autre collision,4,2,2,0,1,1,1,0,3,30,,1,0,1,0,0,29.0,,,,1,2,1,1,6
202100047856,2021-03-13 16:45:00,2021,3,13,16,45,78,78530,1 Chemin des Bilheux,48.908158,1.671445,Plein jour,En agglomération,Hors intersection,Temps couvert,Sans collision,4,-1,2,0,1,1,6,0,1,-1,,1,0,0,1,0,15.0,,,,1,2,1,8,7
202100047857,2021-03-17 17:30:00,2021,3,17,17,30,79,79299,RD938,46.901591,-0.191032,Plein jour,Hors agglomération,Intersection en X,Normale,Deux véhicules - côté,3,2,2,0,1,1,1,5,1,90,,4,0,0,3,1,25.0,19.0,,,1,1,2,1,3
202100047858,2021-02-18 11:00:00,2021,2,18,11,0,80,80381,Intersection départementale 216 et 933,50.104668,2.187084,Plein jour,Hors agglomération,Intersection en X,Normale,Deux véhicules - côté,3,2,2,0,1,1,1,0,1,80,,3,2,0,1,0,44.0,70.0,,,1,1,2,1,3
202100047859,2021-03-17 00:15:00,2021,3,17,0,15,42,42081,Chemin du Grand Clos,45.600578,4.265909,Nuit sans éclairage public,Hors agglomération,Hors intersection,Pluie légère,Sans collision,4,2,2,0,1,3,2,0,3,80,,1,0,0,1,0,36.0,,,,3,1,1,2,7
202100047860,2021-03-17 07:50:00,2021,3,17,7,50,68,68286,Rue de Bartenheim,47.639058,7.529948,Plein jour,En agglomération,Giratoire,Normale,Deux véhicules - côté,3,2,1,0,1,1,2,0,1,50,,4,1,0,0,3,24.0,31.0,,,1,2,6,1,3
202100047861,2021-03-17 03:30:00,2021,3,17,3,30,68,68139,D432,47.601338,7.232308,Nuit sans éclairage public,Hors agglomération,Hors intersection,Pluie légère,Sans collision,3,2,2,0,1,2,2,0,3,70,,1,0,1,0,0,37.0,,,,3,1,1,2,7
202100047862,2021-03-17 07:15:00,2021,3,17,7,15,25,25218,CD 50,47.214656,6.391811,Crépuscule ou aube,Hors agglomération,Hors intersection,Brouillard / fumée,Deux véhicules - frontale,3,2,2,0,2,3,2,0,1,80,,2,1,0,1,0,32.0,30.0,,,2,1,1,5,1
202100047863,2021-03-16 16:10:00,2021,3,16,16,10,34,34154,D62,43.552436,3.996449,Plein jour,Hors agglomération,Hors intersection,Normale,Deux véhicules - arrière,3,3,4,0,1,1,1,0,1,110,,2,1,0,1,0,56.0,37.0,,,1,1,1,1,2
202100047864,2021-03-16 19:45:00,2021,3,16,19,45,06,06105,1030 Route de Notre Dame,43.676375,7.035689,Nuit avec éclairage allumé,En agglomération,Hors intersection,Normale,Deux véhicules - frontale,3,2,2,0,3,3,1,0,1,50,,2,1,0,1,0,53.0,28.0,,,5,2,1,1,1
202100047865,2021-03-17 07:30:00,2021,3,17,7,30,09,09329,Départementale 1,42.979529,1.606642,Crépuscule ou aube,Hors agglomération,Hors intersection,Pluie légère,Deux véhicules - frontale,3,2,2,0,2,2,2,0,1,80,,2,1,0,0,1,24.0,42.0,,,2,1,1,2,1
202100047866,2021-03-15 04:45:00,2021,3,15,4,45,09,09296,N20,42.798948,1.661761,Nuit avec éclairage allumé,En agglomération,Autre intersection,Normale,Deux véhicules - frontale,2,2,2,0,1,1,1,0,1,50,,4,1,0,0,3,37.0,24.0,,,5,2,9,1,1
202100047867,2021-03-16 11:45:00,2021,3,16,11,45,16,16106,Rue des Récollets,46.012883,0.671024,Plein jour,En agglomération,Hors intersection,Normale,Autre collision,3,1,1,0,1,2,1,0,1,50,,2,1,0,0,1,64.0,,,,1,2,1,1,6
202100047868,2021-03-15 17:00:00,2021,3,15,17,0,40,40284,RD 810,43.647566,-1.330311,Plein jour,Hors agglomération,Hors intersection,Normale,Deux véhicules - frontale,3,2,3,0,1,1,1,0,1,80,,2,1,0,1,0,25.0,21.0,,,1,1,1,1,1
202100047869,2021-03-17 10:45:00,2021,3,17,10,45,85,85204,Le Petit Fileau,46.78891,-1.77803,Plein jour,Hors agglomération,Hors intersection,Normale,Sans collision,3,2,2,0,1,1,1,0,1,80,,2,0,1,0,1,72.0,67.0,,,1,1,1,1,7
202100047870,2021-03-16 09:00:00,2021,3,16,9,0,30,30036,Route de Camargue,43.765391,4.298589,Plein jour,Hors agglomération,Intersection en T,Temps éblouissant,Deux véhicules - côté,3,2,2,0,1,3,1,0,1,80,,2,1,0,1,0,56.0,40.0,,,1,1,3,7,3
202100047871,2021-03-16 16:34:00,2021,3,16,16,34,973,97309,D23,4.888478,-52.286291,Plein jour,Hors agglomération,Hors intersection,Temps éblouissant,Trois véhicules et plus - collisions multiples,3,2,2,0,1,3,1,0,5,70,,5,3,0,1,1,55.0,49.0,,,1,1,1,7,5
202100047872,2021-03-17 15:45:00,2021,3,17,15,45,42,42279,Route de Saint-Cyprien,45.511461,4.238458,Plein jour,Hors agglomération,Hors intersection,Pluie légère,Trois véhicules et plus - collisions multiples,3,2,2,0,3,1,2,2,1,80,,21,6,0,1,14,38.0,57.0,,,1,1,1,2,5
202100047873,2021-01-03 07:00:00,2021,1,3,7,0,69,69102,A89,45.888395,4.405603,Nuit sans éclairage public,Hors agglomération,Hors intersection,Autre,Autre collision,1,3,4,3,1,2,7,0,2,110,,1,0,0,0,1,43.0,,,,3,1,1,9,6
202100047874,2021-03-15 22:20:00,2021,3,15,22,20,973,97305,Route Nationale 1 - PK 30,5.029344,-52.492504,Nuit sans éclairage public,Hors agglomération,Hors intersection,Normale,Deux véhicules - frontale,2,2,2,0,1,2,1,0,1,80,,5,0,0,4,1,61.0,25.0,,,3,1,1,1,1
202100047875,2021-03-17 18:05:00,2021,3,17,18,5,2B,2B148,T11,42.525902,9.456825,Plein jour,Hors agglomération,Hors intersection,Normale,Sans collision,2,1,4,0,1,1,1,0,1,110,,1,0,0,0,1,25.0,,,,1,1,1,1,7
202100047876,2021-03-16 17:00:00,2021,3,16,17,0,89,89105,D606,47.899053,3.521121,Plein jour,Hors agglomération,Hors intersection,Pluie forte,Deux véhicules - côté,3,2,3,0,1,2,2,0,1,80,,2,0,0,0,2,53.0,23.0,,,1,1,1,3,3
202100047877,2021-03-17 13:30:00,2021,3,17,13,30,26,26313,avenue de provence,44.974089,4.960327,Plein jour,En agglomération,Intersection en X,Temps couvert,Deux véhicules - côté,3,2,2,0,1,1,1,0,1,50,,2,1,0,1,0,28.0,21.0,,,1,2,2,8,3
202100047878,2021-03-15 08:30:00,2021,3,15,8,30,81,81041,D922,43.9561849398,1.9076991581,Plein jour,Hors agglomération,Autre intersection,Pluie légère,Autre collision,3,2,2,0,2,1,2,9,3,80,,1,0,0,1,0,35.0,,,,1,1,9,2,6
202100047879,2021-03-16 19:45:00,2021,3,16,19,45,33,33179,D18,44.986668,-0.261525,Nuit sans éclairage public,En agglomération,Giratoire,Normale,Autre collision,3,2,2,0,1,1,1,0,1,50,,1,0,1,0,0,60.0,,,,3,2,6,1,6
202100047880,2021-03-17 11:15:00,2021,3,17,11,15,33,33436,,44.521401,-0.626909,Plein jour,Hors agglomération,Intersection en X,Normale,Deux véhicules - côté,3,2,2,0,1,1,1,5,1,80,,6,0,0,1,5,65.0,35.0,,,1,1,2,1,3
202100047881,2021-03-17 08:20:00,2021,3,17,8,20,22,22056,Beaumanoir,48.390494,-1.988944,Plein jour,Hors agglomération,Hors intersection,Normale,Deux véhicules - frontale,4,2,2,0,2,2,1,0,1,80,,2,1,0,1,0,18.0,45.0,,,1,1,1,1,1
202100047882,2021-03-17 17:35:00,2021,3,17,17,35,60,60141,Place Omer Vallon,49.194073,2.465668,Plein jour,En agglomération,Intersection en T,Normale,Deux véhicules - côté,3,2,2,0,1,1,1,0,1,-1,,2,1,0,0,1,66.0,26.0,,,1,2,3,1,3
202100047883,2021-03-16 19:15:00,2021,3,16,19,15,60,60664,D916,49.6149684342,2.3163170817,Nuit sans éclairage public,Hors agglomération,Autre intersection,Normale,Deux véhicules - frontale,3,2,2,0,1,1,2,0,1,80,,2,0,0,1,1,32.0,34.0,,,3,1,9,1,1
202100047884,2021-03-16 10:10:00,2021,3,16,10,10,13,13215,A7-Sens Marseille vers Lyon,43.36303,5.36096,Plein jour,Hors agglomération,Hors intersection,Normale,Deux véhicules - arrière,1,1,2,0,1,1,1,0,1,90,,3,2,0,0,1,30.0,48.0,,,1,1,1,1,2
202100047885,2021-03-16 20:35:00,2021,3,16,20,35,91,91687,AUTOROUTE A6,48.66045,2.3713,Nuit sans éclairage public,Hors agglomération,Hors intersection,Pluie légère,Sans collision,1,3,8,0,4,1,2,0,1,50,,1,0,0,1,0,42.0,,,,3,1,1,2,7
202100047886,2021-03-16 13:55:00,2021,3,16,13,55,92,92036,RN315 W,48.9299797032,2.3022826891,Plein jour,Hors agglomération,Hors intersection,Normale,Trois véhicules et plus - collisions multiples,2,3,4,0,1,1,1,0,1,90,,4,3,0,0,1,39.0,20.0,,,1,1,1,1,5
202100047887,2021-03-16 21:35:00,2021,3,16,21,35,95,95252,A15,48.9869656245,2.2093247281,Nuit sans éclairage public,Hors agglomération,Hors intersection,Normale,Sans collision,1,3,7,0,1,1,1,3,1,70,,1,0,0,0,1,32.0,,,,3,1,1,1,7
202100047888,2021-03-16 19:00:00,2021,3,16,19,0,93,93048,AUTOROUTE A86,48.8632,2.48286,Nuit sans éclairage public,Hors agglomération,Hors intersection,Normale,Deux véhicules - côté,1,3,6,0,1,1,2,1,1,90,,2,1,0,0,1,38.0,49.0,,,3,1,1,1,3
202100047889,2021-03-16 16:30:00,2021,3,16,16,30,93,93066,AUTOROUTE A1,48.92453,2.35686,Plein jour,Hors agglomération,Hors intersection,Normale,Trois véhicules et plus - collisions multiples,1,3,-1,0,1,1,2,0,1,90,,3,2,0,1,0,36.0,22.0,,,1,1,1,1,5
202100047890,2021-03-15 20:35:00,2021,3,15,20,35,95,95365,RN 104,49.06692,2.40127,Nuit sans éclairage public,Hors agglomération,Hors intersection,Normale,Deux véhicules - arrière,2,3,6,0,1,1,1,0,1,110,,2,1,0,0,1,41.0,26.0,,,3,1,1,1,2
202100047891,2021-03-16 02:20:00,2021,3,16,2,20,95,95488,A15,49.0192447033,2.1394602136,Nuit sans éclairage public,Hors agglomération,Hors intersection,Normale,Autre collision,1,3,6,0,1,1,1,0,1,110,,1,0,0,0,1,20.0,,,,3,1,1,1,6
202100047892,2021-03-15 23:28:00,2021,3,15,23,28,94,94073,A86 INT,48.760978,2.382263,Nuit sans éclairage public,Hors agglomération,Hors intersection,Normale,Deux véhicules - arrière,1,1,3,0,1,2,1,1,1,90,,2,1,0,0,1,23.0,25.0,,,3,1,1,1,2
202100047893,2021-03-15 11:15:00,2021,3,15,11,15,75,75112,A4,48.825189,2.463736,Plein jour,Hors agglomération,Hors intersection,Normale,Trois véhicules et plus - collisions multiples,1,3,8,3,1,2,1,0,1,90,,4,2,0,1,1,59.0,43.0,,,1,1,1,1,5
202100047894,2021-01-13 06:50:00,2021,1,13,6,50,976,97611,passamanty-Vahibé ( route ),-12.80237,45.21352,Plein jour,En agglomération,Autre intersection,Normale,Autre collision,3,2,0,0,2,1,1,0,1,50,,2,0,0,0,2,24.0,,,,1,2,9,1,6
202100047895,2021-01-16 11:20:00,2021,1,16,11,20,976,97611,m'tsapere-Boubouni (rue),-12.79047,45.2203,Plein jour,En agglomération,Hors intersection,Normale,Autre collision,4,2,0,0,1,1,1,0,1,50,,2,1,0,0,1,50.0,,,,1,2,1,1,6
202100047896,2021-03-15 15:00:00,2021,3,15,15,0,974,97411,Rue Jules Olivier,-20.87974,55.45448,Plein jour,En agglomération,Intersection en X,Normale,Deux véhicules - côté,4,1,1,0,1,1,1,0,1,30,,4,3,0,0,1,19.0,28.0,,,1,2,2,1,3
202100047897,2021-03-15 16:58:00,2021,3,15,16,58,973,97302,MADELEINE (ROUTE DE LA),4.92714,-52.32468,Plein jour,En agglomération,Hors intersection,Normale,Deux véhicules - arrière,3,2,1,0,1,1,1,0,1,50,,3,2,0,0,1,19.0,39.0,,,1,2,1,1,2
202100047898,2021-03-15 11:45:00,2021,3,15,11,45,973,97302,MARINGOUINS (ROND-POINT),4.90777,-52.32248,Plein jour,Hors agglomération,Giratoire,Normale,Deux véhicules - côté,2,1,2,0,1,3,1,0,1,50,,2,1,0,0,1,24.0,41.0,,,1,1,6,1,3
202100047899,2021-03-14 08:10:00,2021,3,14,8,10,973,97302,HEDER (place),4.94121,-52.33301,Plein jour,En agglomération,Hors intersection,Pluie légère,Trois véhicules et plus - collisions multiples,4,1,2,0,1,1,2,0,1,30,,3,2,0,0,1,27.0,,,,1,2,1,2,5
202100047900,2021-03-15 21:15:00,2021,3,15,21,15,69,69386,CHARLES DE GAULLE (Q),45.78297,4.84827,Nuit avec éclairage allumé,En agglomération,Autre intersection,Pluie légère,Deux véhicules - côté,4,1,3,1,1,3,2,0,1,50,,2,1,0,0,1,34.0,30.0,,,5,2,9,2,3
202100047901,2021-03-15 18:00:00,2021,3,15,18,0,69,69387,JEAN JAURES                         (AV),45.7504379162,4.8449822366,Crépuscule ou aube,En agglomération,Intersection en X,Normale,Sans collision,4,2,4,3,1,1,1,0,1,50,,1,0,0,0,1,36.0,,,,2,2,2,1,7
202100047902,2021-03-15 15:55:00,2021,3,15,15,55,69,69387,JEAN JAURES (AV),45.75044,4.84499,Plein jour,En agglomération,Intersection en X,Normale,Autre collision,4,1,2,3,1,1,1,0,1,50,,1,0,0,0,1,36.0,,,,1,2,2,1,6
202100047903,2021-03-14 09:50:00,2021,3,14,9,50,972,97213,AUTOROUTE A1,14.61798,-61.02853,Plein jour,Hors agglomération,Hors intersection,Normale,Autre collision,1,1,3,0,1,1,1,0,1,90,,2,1,0,0,1,28.0,,,,1,1,1,1,6
202100047904,2021-03-13 19:55:00,2021,3,13,19,55,972,97209,REDOUTE (ROUTE DE LA),14.63504,-61.05529,Nuit avec éclairage allumé,Hors agglomération,Hors intersection,Normale,Deux véhicules - côté,2,2,2,0,4,1,1,0,1,50,,2,1,0,0,1,31.0,34.0,,,5,1,1,1,3
202100047905,2021-03-13 12:20:00,2021,3,13,12,20,972,97209,RN9,14.61166,-61.0422,Plein jour,Hors agglomération,Giratoire,Normale,Deux véhicules - côté,2,-1,2,0,1,2,1,0,1,50,,3,1,0,0,2,21.0,57.0,,,1,1,6,1,3
202100047906,2021-03-08 07:40:00,2021,3,8,7,40,69,69034,SOLDATS (DES) (MO),45.7977480764,4.8517674208,Plein jour,En agglomération,Hors intersection,Normale,Sans collision,7,3,4,3,1,1,1,0,1,50,,1,0,0,0,1,23.0,,,,1,2,1,1,7
202100047907,2021-03-15 12:25:00,2021,3,15,12,25,971,97113,GRAND BAIE ( RN4),16.2177,-61.5045,Plein jour,Hors agglomération,Hors intersection,Normale,Deux véhicules - arrière,2,1,2,3,1,1,1,0,1,50,,2,0,0,0,2,58.0,47.0,,,1,1,1,1,2
202100047908,2021-03-14 15:20:00,2021,3,14,15,20,971,97113,Morne Salines,16.20863,-61.44201,Plein jour,Hors agglomération,Hors intersection,Normale,Deux véhicules - arrière,2,2,2,0,2,1,1,0,1,70,,3,2,0,0,1,,37.0,,,1,1,1,1,2
202100047909,2021-03-07 12:40:00,2021,3,7,12,40,91,91471,MONTHLERY (ROUTE DE),48.69177,2.18113,Plein jour,En agglomération,Intersection en T,Normale,Trois véhicules et plus - collisions multiples,4,2,2,0,2,1,1,0,1,50,,4,3,0,1,0,74.0,50.0,,,1,2,3,1,5
202100047910,2021-03-15 17:56:00,2021,3,15,17,56,91,91691,CHARLE DE GAULLE(RUE),48.71038,2.48077,Plein jour,En agglomération,Hors intersection,Normale,Autre collision,4,2,2,0,1,1,1,0,1,30,,2,0,0,1,1,36.0,,,,1,2,1,1,6
202100047911,2021-03-12 19:40:00,2021,3,12,19,40,91,91223,ILE MAUBELLE (RUE DE L'),48.433815,2.165992,Plein jour,En agglomération,Intersection en T,Normale,Autre collision,4,2,2,0,1,1,1,5,1,50,,2,1,0,0,1,33.0,,,,1,2,3,1,6
202100047912,2021-03-14 17:46:00,2021,3,14,17,46,87,87085,TRESAGUET (RUE DE),45.84358,1.23164,Plein jour,En agglomération,Hors intersection,Normale,Autre collision,4,2,2,0,1,1,1,0,1,50,,2,1,0,0,1,23.0,,,,1,2,1,1,6
202100047913,2021-03-15 13:40:00,2021,3,15,13,40,84,84087,ROUTE DE CHATEAUNEUF,44.10193,4.8222,Plein jour,Hors agglomération,Hors intersection,Normale,Deux véhicules - côté,3,2,2,0,1,1,1,0,1,80,,3,1,0,1,1,57.0,36.0,,,1,1,1,1,3
202100047914,2021-03-14 17:50:00,2021,3,14,17,50,81,81004,PONT NEUF,43.93294,2.14671,Plein jour,En agglomération,Hors intersection,Normale,Trois véhicules et plus - en chaîne,4,2,2,2,1,1,1,2,1,50,,8,5,0,0,3,23.0,21.0,,,1,2,1,1,4
202100047915,2021-02-24 17:14:00,2021,2,24,17,14,76,76540,,49.45086,1.05745,Plein jour,Hors agglomération,Hors intersection,Normale,Deux véhicules - côté,1,3,4,0,2,1,1,0,1,70,,2,1,0,0,1,33.0,30.0,,,1,1,1,1,3
202100047916,2021-03-15 12:10:00,2021,3,15,12,10,73,73065,ONZE NOVEMBRE ( QUAI DU),45.5675716199,5.9376275539,Plein jour,En agglomération,Intersection en Y,Pluie légère,Deux véhicules - côté,4,2,2,0,1,1,2,5,1,50,,3,1,0,0,2,51.0,20.0,,,1,2,4,2,3
202100047917,2021-03-14 17:20:00,2021,3,14,17,20,71,71040,BIZOTS (ROUTE DES),46.7122555592,4.3949514648,Plein jour,En agglomération,Intersection en X,Normale,Deux véhicules - côté,4,2,2,0,1,1,1,0,1,50,,2,1,0,0,1,53.0,34.0,,,1,2,2,1,3
202100047918,2021-03-15 13:40:00,2021,3,15,13,40,64,64545,11 rue de poutillenea,43.383043,-1.692823,Plein jour,En agglomération,Giratoire,Pluie légère,Autre collision,3,2,2,3,1,3,2,0,1,50,,2,1,0,0,1,37.0,,,,1,2,6,2,6
202100047919,2021-03-15 07:59:00,2021,3,15,7,59,64,64348,VIGNES DES,43.31432,-0.40835,Plein jour,En agglomération,Intersection en T,Temps couvert,Sans collision,4,2,2,0,1,1,2,0,1,50,,1,0,0,0,1,38.0,,,,1,2,3,8,7
202100047920,2021-03-15 13:00:00,2021,3,15,13,0,64,64102,SOULT (AVENUE MARECHAL),43.48334,-1.50191,Plein jour,En agglomération,Giratoire,Normale,Sans collision,3,2,4,0,1,1,2,0,1,50,,1,0,0,0,1,65.0,,,,1,2,6,1,7
202100047921,2021-03-13 21:10:00,2021,3,13,21,10,63,63113,DUNANT (PLACE HENRI),45.7610239767,3.0914341344,Nuit avec éclairage allumé,En agglomération,Hors intersection,Normale,Deux véhicules - arrière,7,3,4,0,1,1,1,0,1,50,,2,1,0,0,1,32.0,32.0,,,5,2,1,1,2
202100047922,2021-03-13 11:14:00,2021,3,13,11,14,63,63113,MITTERRAND (BD FRANCOIS),45.77123,3.08873,Plein jour,En agglomération,Hors intersection,Normale,Autre collision,4,2,3,0,1,1,1,0,1,50,,2,1,0,0,1,33.0,,,,1,2,1,1,6
202100047923,2021-03-12 17:21:00,2021,3,12,17,21,63,63113,BLANZAT (RUE DE),45.78433,3.08458,Plein jour,En agglomération,Hors intersection,Normale,Deux véhicules - arrière,4,2,2,0,2,1,1,0,1,50,,2,1,0,0,1,23.0,46.0,,,1,2,1,1,2
202100047924,2021-03-15 17:45:00,2021,3,15,17,45,56,56260,BILAIRE(RUE DE),47.66966,-2.74687,Plein jour,En agglomération,Hors intersection,Normale,Autre collision,6,-1,-1,0,1,1,1,0,1,30,,1,0,0,0,1,48.0,,,,1,2,1,1,6
202100047925,2021-03-14 10:30:00,2021,3,14,10,30,56,56260,HUGO (AVENUE VICTOR),47.66141,-2.75706,Plein jour,En agglomération,Hors intersection,Normale,Deux véhicules - arrière,4,2,3,3,1,1,1,0,1,50,,4,3,0,0,1,31.0,56.0,,,1,2,1,1,2
202100047926,2021-03-15 12:10:00,2021,3,15,12,10,54,54395,LIAISON A 330 - RD 2Bis - RN 74,48.676802,6.201165,Plein jour,En agglomération,Hors intersection,Normale,Autre collision,4,1,2,0,1,3,1,0,1,70,,1,0,0,0,1,31.0,,,,1,2,1,1,6