accident_id,datetime,annee,mois,jour,heure,minute,departement,commune_insee,adresse,latitude,longitude,luminosite,agglomeration,intersection,meteo,collision,catr,circ,nbv,vosp,prof,plan,surf,infra,situ,vma,nb_vehicules,nb_usagers,nb_indemnes,nb_tues,nb_blesses_hosp,nb_blesses_legers,age_cond_1,age_cond_2,veh_type_cond_1,veh_type_cond_2,lum_code,agg_code,int_code,atm_code,col_code
202100047927,2021-03-14 17:05:00,2021,3,14,17,5,54,54395,COLLINE (RUE DE LA),48.6987605209,6.1605878547,Plein jour,En agglomération,Intersection en X,Pluie légère,Deux véhicules - arrière,4,1,1,0,3,1,2,0,1,30,,3,2,0,0,1,48.0,50.0,,,1,2,2,2,2
202100047928,2021-03-14 14:10:00,2021,3,14,14,10,54,54547,BOURGOGNE (AVENUE DE),48.64599,6.13948,Plein jour,Hors agglomération,Hors intersection,Normale,Deux véhicules - arrière,7,2,4,0,1,1,1,0,1,70,,3,1,0,0,2,74.0,35.0,,,1,1,1,1,2
202100047929,2021-03-13 12:00:00,2021,3,13,12,0,54,54382,52 (ROUTE NATIONALE),49.5417,5.7592,Plein jour,Hors agglomération,Hors intersection,Normale,Deux véhicules - côté,2,2,3,0,3,2,2,0,3,90,,3,1,0,1,1,65.0,65.0,,,1,1,1,1,3
202100047930,2021-03-15 17:00:00,2021,3,15,17,0,53,53130,BEAUVAIS ( RUE DE ),48.07128,-0.78297,Plein jour,En agglomération,Hors intersection,Normale,Deux véhicules - côté,4,1,2,1,2,1,1,0,1,50,,2,1,0,0,1,13.0,68.0,,,1,2,1,1,3
202100047931,2021-03-14 16:25:00,2021,3,14,16,25,51,51454,Rue de Saint Brice,49.25928,4.01804,Plein jour,En agglomération,Hors intersection,Normale,Sans collision,4,2,2,0,1,1,1,0,1,50,,2,1,0,0,1,30.0,,,,1,2,1,1,7
202100047932,2021-03-14 21:30:00,2021,3,14,21,30,50,50129,VOSGES (RUE DES),49.62792,-1.62221,Nuit avec éclairage allumé,En agglomération,Hors intersection,Normale,Autre collision,4,2,1,0,2,2,2,0,3,50,,1,0,0,0,1,26.0,,,,5,2,1,1,6
202100047933,2021-03-12 18:45:00,2021,3,12,18,45,50,50203,R N 13,49.59391,-1.59553,Plein jour,Hors agglomération,Hors intersection,Temps couvert,Autre collision,2,3,4,0,1,1,1,0,1,90,,5,0,0,0,5,52.0,,,,1,1,1,8,6
202100047934,2021-03-14 11:00:00,2021,3,14,11,0,49,49328,FLEURET (ROND-POINT DU) N 347,47.28607,-0.049024,Plein jour,Hors agglomération,Giratoire,Normale,Deux véhicules - arrière,3,1,2,0,1,2,1,5,1,90,,4,1,0,0,3,34.0,38.0,,,1,1,6,1,2
202100047935,2021-03-15 01:31:00,2021,3,15,1,31,45,45004,D2060 - PR 24 + 1050,47.9985043343,2.7792107756,Nuit sans éclairage public,Hors agglomération,Hors intersection,Pluie légère,Deux véhicules - frontale,3,2,2,0,1,2,2,0,1,80,,2,0,0,1,1,45.0,50.0,,,3,1,1,2,1
202100047936,2021-03-14 10:20:00,2021,3,14,10,20,38,38544,FERNAND POINT(BD),45.51685,4.8667,Plein jour,En agglomération,Intersection en X,Normale,Deux véhicules - côté,4,2,2,0,1,1,1,0,1,50,,4,1,0,0,3,26.0,65.0,,,1,2,2,1,3
202100047937,2021-03-15 09:30:00,2021,3,15,9,30,38,38185,Boulevard Joseph Vallier,45.18019,5.71524,Plein jour,En agglomération,Hors intersection,Pluie légère,Autre collision,7,3,5,0,1,1,2,5,1,50,,2,1,0,0,1,76.0,,,,1,2,1,2,6
202100047938,2021-03-14 17:55:00,2021,3,14,17,55,37,37122,RD 86 DE MONTS à TOURS,47.3091011742,0.6522059441,Crépuscule ou aube,Hors agglomération,Hors intersection,Normale,Deux véhicules - frontale,3,2,1,0,1,4,1,0,1,90,,3,0,0,0,3,84.0,53.0,,,2,1,1,1,1
202100047939,2021-02-26 14:15:00,2021,2,26,14,15,34,34108,MONTPELLIER (ROUTE DE),43.4633,3.7662,Plein jour,Hors agglomération,Hors intersection,Normale,Deux véhicules - côté,4,-1,2,0,1,1,1,0,1,50,,2,1,0,0,1,28.0,48.0,,,1,1,1,1,3
202100047940,2021-03-06 05:00:00,2021,3,6,5,0,34,34301,JOFFRE MARECHAL (QUAI),43.4116,3.694,Nuit avec éclairage allumé,En agglomération,Hors intersection,Normale,Autre collision,3,1,1,0,1,1,1,0,8,50,,1,0,1,0,0,20.0,,,,5,2,1,1,6
202100047941,2021-03-12 13:10:00,2021,3,12,13,10,34,34301,RD2 Route de Balaruc,43.4155,3.704076,Plein jour,Hors agglomération,Hors intersection,Normale,Deux véhicules - arrière,3,-1,3,0,1,1,1,0,1,50,,2,1,0,0,1,50.0,62.0,,,1,1,1,1,2
202100047942,2021-03-15 18:15:00,2021,3,15,18,15,33,33167,Avenue du Président François Mitterrand,44.84288,-0.51127,Plein jour,En agglomération,Giratoire,Normale,Deux véhicules - arrière,4,2,2,2,3,1,1,-1,1,50,,2,1,0,0,1,52.0,64.0,,,1,2,6,1,2
202100047943,2021-03-15 07:54:00,2021,3,15,7,54,29,29232,D34 - Boulevard de Creac H Gwen,47.97968,-4.10339,Crépuscule ou aube,Hors agglomération,Intersection en T,Normale,Sans collision,3,3,4,-1,2,3,2,3,1,-1,,1,0,0,0,1,19.0,,,,2,1,3,1,7
202100047944,2021-03-15 18:15:00,2021,3,15,18,15,17,17415,VOIVILLE EST ROND POINT,45.74024,-0.6613,Crépuscule ou aube,En agglomération,Giratoire,Normale,Deux véhicules - côté,4,1,2,0,1,1,1,0,1,50,,2,1,0,0,1,20.0,22.0,,,2,2,6,1,3
202100047945,2021-03-15 15:55:00,2021,3,15,15,55,14,14118,Avenue Croix Guerin,49.19012,-0.35653,Plein jour,En agglomération,Hors intersection,Normale,Deux véhicules - arrière,4,1,1,0,1,1,1,0,1,50,,2,1,0,0,1,18.0,23.0,,,1,2,1,1,2
202100047946,2021-03-12 11:30:00,2021,3,12,11,30,13,13056,FLEMING AVENUE DU ALEXANDER,43.41969,5.05844,Plein jour,En agglomération,Hors intersection,Normale,Deux véhicules - côté,4,2,2,0,1,1,1,0,1,50,,2,1,0,1,0,51.0,57.0,,,1,2,1,1,3
202100047947,2021-03-15 11:37:00,2021,3,15,11,37,13,13213,BARA (BOULEVARD),43.3504,5.44306,Plein jour,En agglomération,Intersection en T,Normale,Deux véhicules - côté,4,2,2,0,1,1,1,0,1,50,,2,1,0,0,1,47.0,,,,1,2,3,1,3
202100047948,2021-03-11 16:20:00,2021,3,11,16,20,13,13028,BODIN (AVENUE EMILE),43.19035,5.60357,Plein jour,En agglomération,Hors intersection,Normale,Deux véhicules - arrière,4,2,2,0,1,1,1,0,1,50,,3,2,0,0,1,31.0,57.0,,,1,2,1,1,2
202100047949,2021-03-15 10:20:00,2021,3,15,10,20,13,13005,RN 96 (ROUTE NATIONALE ),43.32259,5.58874,Plein jour,Hors agglomération,Hors intersection,Normale,Deux véhicules - frontale,7,2,2,0,1,1,1,0,3,80,,1,0,0,0,1,23.0,,,,1,1,1,1,1
202100047950,2021-03-10 13:30:00,2021,3,10,13,30,13,13070,VOLTAIRE (BOULEVARD),43.2812654525,5.5176026163,Plein jour,En agglomération,Hors intersection,Normale,Deux véhicules - côté,4,2,2,0,1,1,1,0,1,50,,2,1,0,0,1,41.0,64.0,,,1,2,1,1,3
202100047951,2021-03-15 07:25:00,2021,3,15,7,25,08,08105,CHARCOT J. QUAI,49.77541,4.724361,Plein jour,En agglomération,Hors intersection,Normale,Deux véhicules - côté,4,2,2,0,1,1,1,0,1,50,,2,1,0,1,0,25.0,17.0,,,1,2,1,1,3
202100047952,2021-03-13 16:10:00,2021,3,13,16,10,75,75120,PORTE DE BAGNOLET,48.85993,2.413982,Plein jour,En agglomération,Hors intersection,Temps couvert,Deux véhicules - côté,4,1,4,0,1,1,2,0,1,70,,3,2,0,0,1,36.0,34.0,,,1,2,1,8,3
202100047953,2021-03-12 18:13:00,2021,3,12,18,13,75,75116,AVENUE D IENA,48.868684,2.295712,Nuit avec éclairage allumé,En agglomération,Hors intersection,Pluie légère,Autre collision,4,2,2,0,2,1,2,0,1,50,,1,0,1,0,0,59.0,,,,5,2,1,2,6
202100047954,2021-03-15 11:45:00,2021,3,15,11,45,75,75118,RUE ORDENER,48.891545,2.34964,Plein jour,En agglomération,Intersection en X,Pluie légère,Autre collision,4,2,4,0,1,1,2,0,1,50,,2,1,0,0,1,91.0,,,,1,2,2,2,6
202100047955,2021-03-15 09:25:00,2021,3,15,9,25,75,75117,RUE JOUFFROY D ABBANS,48.882837,2.302985,Plein jour,En agglomération,Intersection en X,Normale,Deux véhicules - côté,4,2,2,0,1,1,1,0,1,50,,2,1,0,0,1,60.0,35.0,,,1,2,2,1,3
202100047956,2021-03-15 10:20:00,2021,3,15,10,20,75,75112,QUAI DE LA RAPEE,48.845863,2.367679,Plein jour,En agglomération,Intersection en X,Normale,Deux véhicules - côté,4,1,3,1,1,1,1,-1,5,50,,3,2,0,0,1,37.0,33.0,,,1,2,2,1,3
202100047957,2021-03-15 01:45:00,2021,3,15,1,45,75,75112,QUAI DE LA RAPEE,48.844852,2.368915,Nuit avec éclairage allumé,En agglomération,Hors intersection,Normale,Deux véhicules - frontale,4,1,3,0,2,1,2,0,1,50,,2,1,0,1,0,24.0,60.0,,,5,2,1,1,1
202100047958,2021-03-15 17:45:00,2021,3,15,17,45,75,75110,BOULEVARD DE LA CHAPELLE,48.884046,2.355608,Plein jour,En agglomération,Intersection en X,Temps couvert,Autre collision,4,1,2,0,2,1,1,0,1,50,,2,1,0,0,1,40.0,,,,1,2,2,8,6
202100047959,2021-03-15 09:10:00,2021,3,15,9,10,75,75104,RUE DU PAS DE LA MULE,48.855931,2.367315,Plein jour,En agglomération,Intersection en X,Temps couvert,Deux véhicules - côté,4,1,1,0,1,1,2,0,1,50,,2,1,0,0,1,32.0,49.0,,,1,2,2,8,3
202100047960,2021-03-14 12:50:00,2021,3,14,12,50,94,94081,COLONEL FABIEN (AV DU),48.78359,2.3798,Plein jour,En agglomération,Hors intersection,Normale,Deux véhicules - frontale,4,2,2,0,1,1,1,0,1,50,,2,1,0,0,1,40.0,39.0,,,1,2,1,1,1
202100047961,2021-03-15 07:00:00,2021,3,15,7,0,94,94058,LEDRU ROLLIN (AV),48.83826,2.49468,Crépuscule ou aube,En agglomération,Hors intersection,Pluie légère,Deux véhicules - arrière,4,2,2,0,1,1,2,0,1,30,,3,2,0,0,1,41.0,62.0,,,2,2,1,2,2
202100047962,2021-03-15 09:30:00,2021,3,15,9,30,94,94018,REPUBLIQUE (R DE LA),48.82256,2.41715,Plein jour,En agglomération,Hors intersection,Pluie légère,Deux véhicules - côté,3,1,2,3,1,1,2,0,1,30,,2,1,0,0,1,42.0,,,,1,2,1,2,3
202100047963,2021-03-15 18:20:00,2021,3,15,18,20,94,94017,Rue Matisse,48.80751,2.55008,Plein jour,En agglomération,Hors intersection,Normale,Autre collision,4,2,2,0,2,1,1,0,1,30,,2,1,0,0,1,66.0,,,,1,2,1,1,6
202100047964,2021-03-15 13:20:00,2021,3,15,13,20,93,93031,PARIS (RUE DE),48.9541922758,2.3102490767,Plein jour,En agglomération,Hors intersection,Pluie légère,Autre collision,4,2,2,0,1,1,2,9,1,50,,2,1,0,0,1,28.0,,,,1,2,1,2,6
202100047965,2021-03-15 18:25:00,2021,3,15,18,25,93,93010,BARBUSSE (AV. HENRI) DE 126 A FIN COTE P,48.8996742286,2.497114953,Plein jour,En agglomération,Autre intersection,Normale,Deux véhicules - côté,3,1,2,0,1,1,1,9,1,30,,2,1,0,0,1,42.0,41.0,,,1,2,9,1,3
202100047966,2021-03-15 10:40:00,2021,3,15,10,40,93,93005,AUGUSTE RENOIR (RUE),48.9579945138,2.4950445109,Plein jour,En agglomération,Hors intersection,Normale,Deux véhicules - arrière,4,2,2,0,1,1,1,0,1,50,,2,1,0,0,1,22.0,25.0,,,1,2,1,1,2
202100047967,2021-03-14 07:55:00,2021,3,14,7,55,92,92072,GRANDE RUE,48.8271900004,2.2233112156,Plein jour,En agglomération,Hors intersection,Normale,Autre collision,3,1,1,0,1,3,2,0,1,50,,1,0,0,0,1,28.0,,,,1,2,1,1,6
202100047968,2021-03-15 09:32:00,2021,3,15,9,32,92,92033,DIX NEUF JANVIER,48.849293898,2.1837955713,Plein jour,En agglomération,Hors intersection,Pluie légère,Deux véhicules - côté,4,2,2,0,1,1,2,0,1,50,,2,1,0,0,1,31.0,35.0,,,1,2,1,2,3
202100047969,2021-03-12 15:15:00,2021,3,12,15,15,92,92063,COLMAR (AVENUE DE),48.88664,2.17471,Plein jour,En agglomération,Intersection en X,Pluie forte,Deux véhicules - côté,3,3,5,3,1,1,2,5,1,50,,2,1,0,0,1,16.0,51.0,,,1,2,2,3,3
202100047970,2021-03-15 12:35:00,2021,3,15,12,35,92,92020,BROSSOLETTE RUE PIERRE AUTRES N°,48.8017707533,2.2745245412,Plein jour,En agglomération,Hors intersection,Normale,Trois véhicules et plus - en chaîne,3,2,2,0,1,1,1,0,1,50,,3,1,0,0,2,41.0,32.0,,,1,2,1,1,4
202100047971,2021-03-15 11:30:00,2021,3,15,11,30,92,92044,ANA.FRANCE(RUE)77A139 ET 74A124,48.8969108193,2.2806769609,Plein jour,En agglomération,Hors intersection,Normale,Autre collision,3,-1,0,0,2,3,1,0,8,30,,2,0,0,0,2,84.0,,,,1,2,1,1,6
202100047972,2021-03-15 13:10:00,2021,3,15,13,10,92,92036,SEINE (ROUTE DE LA) (1),48.9474323938,2.2787189484,Plein jour,En agglomération,Hors intersection,Normale,Deux véhicules - arrière,4,2,2,0,1,1,1,0,1,50,,3,1,0,0,2,30.0,49.0,,,1,2,1,1,2
202100047973,2021-03-15 18:30:00,2021,3,15,18,30,92,92019,DIVISION LECLERC (AVENUE DE LA),48.7673421598,2.2531871876,Crépuscule ou aube,En agglomération,Hors intersection,Pluie légère,Deux véhicules - côté,3,2,2,0,2,1,2,8,1,50,,2,1,0,0,1,31.0,20.0,,,2,2,1,2,3
202100047974,2021-03-15 18:02:00,2021,3,15,18,2,92,92012,VICTOR GRIFFUELHES (RUE) - COTE IMPAIR,48.8315446293,2.2422842172,Plein jour,En agglomération,Intersection en X,Normale,Autre collision,4,-1,2,0,1,1,1,0,1,50,,1,0,0,1,0,53.0,,,,1,2,2,1,6
202100047975,2021-03-15 11:10:00,2021,3,15,11,10,92,92012,PONT DE BILLANCOURT (PLACE DU),48.8247750571,2.2485645825,Plein jour,En agglomération,Hors intersection,Normale,Autre collision,3,3,6,0,1,1,1,2,1,50,,1,0,0,0,1,21.0,,,,1,2,1,1,6
202100047976,2021-03-14 05:30:00,2021,3,14,5,30,83,83054,a 57,43.158748,6.043988,Crépuscule ou aube,En agglomération,Hors intersection,Normale,Sans collision,1,1,1,0,2,3,8,3,1,110,,1,0,0,0,1,53.0,,,,2,2,1,1,7
202100047977,2021-03-14 14:25:00,2021,3,14,14,25,71,71576,"A6, PK 363+300 sens Lyon - Paris",46.535307,4.919997,Plein jour,Hors agglomération,Hors intersection,Normale,Deux véhicules - arrière,1,1,5,0,1,1,1,0,1,130,,4,3,0,0,1,59.0,20.0,,,1,1,1,1,2
202100047978,2021-03-13 16:15:00,2021,3,13,16,15,974,97401,63 Route du Tévelave,-21.218801,55.349121,Plein jour,Hors agglomération,Hors intersection,Normale,Deux véhicules - côté,3,2,2,0,2,4,2,0,1,70,,3,2,0,1,0,40.0,22.0,,,1,1,1,1,3
202100047979,2021-03-15 16:30:00,2021,3,15,16,30,62,62038,Route de SAINT-OMER,50.853498,1.984902,Plein jour,En agglomération,Intersection en X,Normale,Deux véhicules - côté,3,2,2,0,1,1,1,5,1,50,,2,1,0,1,0,39.0,39.0,,,1,2,2,1,3
202100047980,2021-03-13 17:50:00,2021,3,13,17,50,11,11203,Rue Jules Verne,43.190540046,2.7692144032,Plein jour,En agglomération,Hors intersection,Normale,Deux véhicules - frontale,4,-1,2,0,1,1,1,0,1,50,,2,1,0,0,1,43.0,48.0,,,1,2,1,1,1
202100047981,2021-03-15 20:15:00,2021,3,15,20,15,17,17407,Route de Nantes,46.206792,-1.026949,Nuit sans éclairage public,En agglomération,Hors intersection,Normale,Deux véhicules - côté,3,2,2,0,1,1,1,0,1,50,,2,1,1,0,0,37.0,64.0,,,3,2,1,1,3
202100047982,2021-03-16 15:45:00,2021,3,16,15,45,57,57168,D604,48.767071,7.294408,Plein jour,Hors agglomération,Hors intersection,Pluie forte,Autre collision,3,2,2,0,1,1,2,0,1,90,,2,1,0,1,0,72.0,,,,1,1,1,3,6
202100047983,2021-03-15 15:00:00,2021,3,15,15,0,80,80807,D120,49.966584,2.631032,Plein jour,Hors agglomération,Hors intersection,Normale,Autre collision,3,2,2,0,1,3,1,0,3,80,,1,0,0,1,0,23.0,,,,1,1,1,1,6
202100047984,2021-03-16 08:55:00,2021,3,16,8,55,32,32107,18 Avenue d'Aquitaine,43.959125,0.367688,Plein jour,En agglomération,Intersection en T,Normale,Deux véhicules - côté,3,2,2,0,1,1,1,0,1,50,,3,1,0,1,1,30.0,89.0,,,1,2,3,1,3
202100047985,2021-03-16 07:35:00,2021,3,16,7,35,55,55557,21 Rue de la Croix de Fresnes,49.128534,5.628064,Crépuscule ou aube,En agglomération,Hors intersection,Temps couvert,Autre collision,3,2,2,0,2,3,1,0,1,50,,2,1,0,1,0,21.0,37.0,,,2,2,1,8,6
202100047986,2021-03-09 18:10:00,2021,3,9,18,10,46,46176,137 Route du Stade,44.647424,1.844035,Crépuscule ou aube,Hors agglomération,Hors intersection,Normale,Deux véhicules - frontale,3,2,2,0,1,4,1,0,1,80,,2,1,0,0,1,51.0,35.0,,,2,1,1,1,1
202100047987,2021-03-16 17:00:00,2021,3,16,17,0,14,14431,Rue Léon Blum,49.075525,-0.077862,Plein jour,En agglomération,Intersection en X,Normale,Trois véhicules et plus - collisions multiples,4,2,2,0,1,1,1,0,1,50,,3,2,0,0,1,15.0,61.0,,,1,2,2,1,5
202100047988,2021-03-16 13:40:00,2021,3,16,13,40,14,14494,D27,49.256252,-0.081478,Plein jour,En agglomération,Hors intersection,Normale,Autre collision,3,2,2,0,2,2,1,0,4,50,,1,0,0,1,0,38.0,,,,1,2,1,1,6
202100047989,2021-03-16 10:20:00,2021,3,16,10,20,14,14393,D36,49.0850099,-0.479795,Plein jour,Hors agglomération,Intersection en X,Normale,Deux véhicules - côté,3,2,2,0,1,1,2,0,1,80,,2,1,0,1,0,78.0,32.0,,,1,1,2,1,3
202100047990,2021-03-15 09:30:00,2021,3,15,9,30,14,14098,Rue de la Guinguette,49.177049,-0.513296,Plein jour,Hors agglomération,Intersection en X,Normale,Deux véhicules - côté,3,2,2,0,1,1,1,0,1,70,,2,1,0,1,0,54.0,81.0,,,1,1,2,1,3
202100047991,2021-03-15 16:10:00,2021,3,15,16,10,18,18124,PR 2+810 - RD 23,47.076216,2.09547,Plein jour,Hors agglomération,Hors intersection,Normale,Autre collision,3,2,2,0,1,2,1,0,3,80,,1,0,0,1,0,62.0,,,,1,1,1,1,6
202100047992,2021-03-15 18:35:00,2021,3,15,18,35,06,06088,A8 PK 185+800 en chaussée Nord,43.672854,7.200272,Plein jour,Hors agglomération,Hors intersection,Normale,Sans collision,1,3,4,0,1,3,1,0,1,90,,1,0,0,0,1,36.0,,,,1,1,1,1,7
202100047993,2021-03-16 17:25:00,2021,3,16,17,25,77,77195,D130,48.581217,2.779203,Plein jour,Hors agglomération,Hors intersection,Pluie légère,Autre collision,3,2,2,0,1,1,2,0,1,-1,,1,0,0,0,1,34.0,,,,1,1,1,2,6
202100047994,2021-03-13 10:20:00,2021,3,13,10,20,84,84141,Route de Realpanier,43.95383,4.894199,Plein jour,Hors agglomération,Giratoire,Normale,Deux véhicules - côté,3,-1,2,0,1,2,1,0,1,50,,2,1,0,1,0,79.0,57.0,,,1,1,6,1,3
202100047995,2021-03-15 15:35:00,2021,3,15,15,35,03,03316,RN 7,46.651725,3.265859,Plein jour,Hors agglomération,Hors intersection,Pluie légère,Deux véhicules - frontale,2,2,2,0,1,1,2,8,1,50,,2,1,0,0,1,42.0,66.0,,,1,1,1,2,1
202100047996,2021-03-15 17:15:00,2021,3,15,17,15,09,09185,7 Chemin du Castor,43.242827,1.678382,Plein jour,En agglomération,Hors intersection,Normale,Deux véhicules - arrière,4,1,2,0,1,1,1,0,1,30,,2,1,0,0,1,49.0,49.0,,,1,2,1,1,2
202100047997,2021-03-15 14:50:00,2021,3,15,14,50,14,14762,Route de Conde sur Noireau,48.838693,-0.870699,Plein jour,En agglomération,Intersection en T,Normale,Deux véhicules - côté,3,2,2,0,1,1,1,5,1,50,,3,2,0,0,1,34.0,61.0,,,1,2,3,1,3
202100047998,2021-03-16 20:45:00,2021,3,16,20,45,60,60065,Rue du Moulin de Conflans,49.340992,2.209011,Nuit sans éclairage public,Hors agglomération,Hors intersection,Temps couvert,Autre collision,4,2,2,0,1,2,2,0,3,50,,2,1,0,0,1,22.0,,,,3,1,1,8,6
202100047999,2021-03-15 17:55:00,2021,3,15,17,55,59,59482,1 Rue d'Ypres,50.710326,2.997293,Plein jour,En agglomération,Autre intersection,Normale,Autre collision,7,2,2,0,1,2,1,0,1,30,,2,1,0,0,1,34.0,,,,1,2,9,1,6
202100048000,2021-03-15 04:30:00,2021,3,15,4,30,13,13026,A55-Sens Martigues vers Marseille,43.3756,5.1753,Nuit sans éclairage public,Hors agglomération,Hors intersection,Normale,Sans collision,1,3,3,0,1,1,1,0,1,110,,1,0,0,0,1,22.0,,,,3,1,1,1,7
202100048001,2021-03-15 10:00:00,2021,3,15,10,0,13,13001,A51-Sens Aix en Provence vers Marseille,43.49494,5.40664,Plein jour,Hors agglomération,Hors intersection,Normale,Autre collision,1,1,2,0,1,1,1,0,2,110,,2,0,0,0,2,19.0,,,,1,1,1,1,6
202100048002,2021-03-13 21:10:00,2021,3,13,21,10,13,13055,A507 sens Marseille - Aubagne,43.288639,5.424497,Nuit avec éclairage allumé,Hors agglomération,Hors intersection,Normale,Autre collision,1,1,2,0,1,2,1,1,1,70,,1,0,0,0,1,47.0,,,,5,1,1,1,6
202100048003,2021-03-14 12:40:00,2021,3,14,12,40,83,83137,A50 TUNNEL TUBE NORD,43.1209136994,5.9434640408,Plein jour,Hors agglomération,Hors intersection,Normale,Deux véhicules - arrière,1,1,2,0,1,1,1,1,1,70,,2,1,0,0,1,26.0,28.0,,,1,1,1,1,2
202100048004,2021-03-12 23:30:00,2021,3,12,23,30,59,59009,Rue du Podium,50.649316,3.140208,Nuit avec éclairage allumé,En agglomération,Hors intersection,Pluie légère,Autre collision,4,2,2,1,2,2,2,2,1,50,,3,0,0,2,1,18.0,,,,5,2,1,2,6
202100048005,2021-03-15 10:10:00,2021,3,15,10,10,91,91689,AUTOROUTE A10,48.73751,2.31838,Plein jour,Hors agglomération,Hors intersection,Normale,Sans collision,1,1,2,0,1,2,2,0,1,70,,1,0,0,0,1,33.0,,,,1,1,1,1,7
202100048006,2021-03-15 08:15:00,2021,3,15,8,15,78,78402,A13,48.965191,1.803552,Plein jour,Hors agglomération,Hors intersection,Pluie forte,Autre collision,1,3,6,0,1,1,2,0,1,130,,2,0,0,0,2,25.0,,,,1,1,1,3,6
202100048007,2021-03-15 07:00:00,2021,3,15,7,0,92,92062,A14,48.893674,2.232789,Plein jour,Hors agglomération,Hors intersection,Pluie forte,Deux véhicules - côté,1,3,2,0,1,1,2,1,1,70,,2,1,0,0,1,24.0,58.0,,,1,1,1,3,3
202100048008,2021-03-13 15:20:00,2021,3,13,15,20,60,60505,AUTOROUTE A1,49.16789,2.59927,Plein jour,Hors agglomération,Hors intersection,Normale,Autre collision,1,3,6,0,1,1,2,0,1,130,,4,0,0,0,4,21.0,,,,1,1,1,1,6
202100048009,2021-03-13 16:30:00,2021,3,13,16,30,93,93006,AUTOROUTE A3,48.8617,2.41407,Plein jour,Hors agglomération,Hors intersection,Pluie légère,Deux véhicules - arrière,1,3,11,0,2,3,2,3,1,70,,2,1,0,0,1,21.0,43.0,,,1,1,1,2,2
202100048010,2021-03-13 15:45:00,2021,3,13,15,45,95,95277,RD 170 ,48.97743,2.46752,Plein jour,Hors agglomération,Hors intersection,Normale,Deux véhicules - arrière,3,3,6,0,1,1,1,0,1,90,,3,1,0,0,2,44.0,25.0,,,1,1,1,1,2
202100048011,2021-03-14 23:00:00,2021,3,14,23,0,974,97409,RN2 SENS ST BENOIT ST DENIS,-20.94274,55.64829,Nuit sans éclairage public,Hors agglomération,Autre intersection,Normale,Sans collision,2,1,2,0,2,2,1,1,1,110,,1,0,0,0,1,26.0,,,,3,1,9,1,7
202100048012,2021-03-14 06:03:00,2021,3,14,6,3,973,97302,MONTABO (ROUTE DE) 1,4.9393739445,-52.3009164334,Crépuscule ou aube,En agglomération,Hors intersection,Pluie légère,Sans collision,3,2,1,0,1,1,2,0,1,50,,1,0,1,0,0,39.0,,,,2,2,1,2,7
202100048013,2021-03-14 21:05:00,2021,3,14,21,5,69,69387,BERTHELOT (AV),45.7426900661,4.8497020253,Nuit avec éclairage allumé,En agglomération,Hors intersection,Normale,Deux véhicules - côté,4,1,2,3,1,1,1,0,1,50,,2,1,0,0,1,26.0,40.0,,,5,2,1,1,3
202100048014,2021-03-14 16:10:00,2021,3,14,16,10,69,69388,BERTHELOT (AV),45.73985,4.85879,Plein jour,En agglomération,Hors intersection,Normale,Autre collision,4,1,3,3,1,1,1,4,1,50,,2,1,0,0,1,32.0,,,,1,2,1,1,6
202100048015,2021-03-14 17:28:00,2021,3,14,17,28,69,69386,MARECHAL LYAUTEY (DU)               (PL),45.767783035,4.8424252868,Plein jour,En agglomération,Hors intersection,Normale,Autre collision,4,1,1,1,1,1,1,0,1,50,,2,1,0,0,1,24.0,,,,1,2,1,1,6
202100048016,2021-03-13 10:55:00,2021,3,13,10,55,69,69388,VIENNE (DE) (RTE),45.7273770634,4.8538169637,Plein jour,En agglomération,Intersection en T,Normale,Deux véhicules - arrière,4,2,3,0,1,1,1,0,1,50,,2,1,0,0,1,26.0,45.0,,,1,2,3,1,2
202100048017,2021-03-13 10:45:00,2021,3,13,10,45,69,69389,ROGER SALENGRO (R),45.77812,4.80574,Plein jour,En agglomération,Intersection en X,Normale,Deux véhicules - côté,4,2,2,0,1,1,1,0,1,50,,3,1,0,0,2,31.0,47.0,,,1,2,2,1,3
202100048018,2021-02-18 18:00:00,2021,2,18,18,0,95,95428,COUTURES (RUE DES),48.9708837172,2.315325737,Crépuscule ou aube,En agglomération,Intersection en X,Pluie légère,Deux véhicules - côté,4,1,1,0,1,1,2,0,1,50,,2,1,0,0,1,19.0,,,,2,2,2,2,3
202100048019,2021-03-14 12:00:00,2021,3,14,12,0,91,91687,ALEXANDRE BOUTON (QUAI),48.67918,2.37496,Plein jour,En agglomération,Giratoire,Normale,Autre collision,3,3,1,0,1,1,1,0,1,50,,2,1,0,0,1,22.0,,,,1,2,6,1,6
202100048020,2021-03-14 15:20:00,2021,3,14,15,20,83,83069,ALMANARRE (ROUTE DE L'),43.08016,6.12636,Plein jour,Hors agglomération,Hors intersection,Normale,Autre collision,7,3,2,0,1,1,1,0,1,50,,5,3,0,1,1,61.0,,,,1,1,1,1,6
202100048021,2021-03-14 23:30:00,2021,3,14,23,30,78,78481,MAURICE BERTEAUX (QUAI),48.89711,2.10713,Nuit avec éclairage allumé,En agglomération,Hors intersection,Pluie légère,Sans collision,3,2,3,0,2,1,2,2,1,50,,1,0,0,0,1,19.0,,,,5,2,1,2,7
202100048022,2021-03-14 17:15:00,2021,3,14,17,15,69,69256,GRAND BOIS (DU) (CHM),45.78253,4.91106,Plein jour,En agglomération,Hors intersection,Normale,Autre collision,4,-1,0,0,1,1,1,6,8,10,,2,0,0,1,1,22.0,,,,1,2,1,1,6