accident_id,datetime,annee,mois,jour,heure,minute,departement,commune_insee,adresse,latitude,longitude,luminosite,agglomeration,intersection,meteo,collision,catr,circ,nbv,vosp,prof,plan,surf,infra,situ,vma,nb_vehicules,nb_usagers,nb_indemnes,nb_tues,nb_blesses_hosp,nb_blesses_legers,age_cond_1,age_cond_2,veh_type_cond_1,veh_type_cond_2,lum_code,agg_code,int_code,atm_code,col_code
202100048023,2021-03-12 18:35:00,2021,3,12,18,35,51,51454,Rue Albert Thomas,49.238809177,4.04533516,Nuit avec éclairage allumé,En agglomération,Hors intersection,Autre,Trois véhicules et plus - en chaîne,6,-1,0,0,1,1,1,9,8,10,,4,3,0,0,1,42.0,32.0,,,5,2,1,9,4
202100048024,2021-03-14 12:16:00,2021,3,14,12,16,17,17300,SAINT-CLAUDE   RUE,46.15845,-1.14653,Plein jour,En agglomération,Intersection en T,Normale,Deux véhicules - côté,4,1,1,1,1,1,1,0,1,50,,2,1,0,0,1,19.0,40.0,,,1,2,3,1,3
202100048025,2021-03-14 17:10:00,2021,3,14,17,10,13,13206,LODI (RUE DE),43.2904874162,5.386198024,Plein jour,En agglomération,Autre intersection,Normale,Deux véhicules - frontale,4,2,2,0,1,1,1,0,1,50,,2,0,0,1,1,29.0,40.0,,,1,2,9,1,1
202100048026,2021-03-14 14:15:00,2021,3,14,14,15,13,13208,PRADO (AVENUE DU),43.26266,5.37677,Plein jour,En agglomération,Hors intersection,Normale,Deux véhicules - arrière,4,1,1,0,1,1,1,0,1,50,,2,1,0,0,1,47.0,21.0,,,1,2,1,1,2
202100048027,2021-03-14 07:00:00,2021,3,14,7,0,13,13215,PIERRE DRAMARD (BOULEVARD),43.375,5.365523,Crépuscule ou aube,En agglomération,Giratoire,Normale,Autre collision,4,2,2,0,1,1,1,0,1,50,,2,1,0,0,1,29.0,,,,2,2,6,1,6
202100048028,2021-03-13 16:30:00,2021,3,13,16,30,13,13004,RTE N570 AVIGNON STES MARIES,43.71507,4.64346,Plein jour,Hors agglomération,Hors intersection,Normale,Deux véhicules - arrière,3,2,2,0,1,1,1,0,1,80,,3,2,0,0,1,26.0,56.0,,,1,1,1,1,2
202100048029,2021-03-13 11:55:00,2021,3,13,11,55,07,07102,PROVENCE (AVENUE DE),44.92499,4.87028,Plein jour,En agglomération,Intersection en X,Normale,Trois véhicules et plus - en chaîne,4,2,1,0,1,1,1,0,1,50,,3,1,0,0,2,78.0,50.0,,,1,2,2,1,4
202100048030,2021-03-13 20:30:00,2021,3,13,20,30,75,75112,ECHANGEUR BERCY,48.8267115795,2.3918280632,Nuit avec éclairage allumé,En agglomération,Hors intersection,Pluie légère,Autre collision,4,1,2,0,2,3,2,0,1,50,,1,0,0,0,1,43.0,,,,5,2,1,2,6
202100048031,2021-03-14 04:03:00,2021,3,14,4,3,75,75113,BOULEVARD MASSENA,48.820978,2.367303,Nuit avec éclairage allumé,En agglomération,Intersection en T,Normale,Autre collision,4,2,4,0,1,1,2,0,4,50,,1,0,0,0,1,21.0,,,,5,2,3,1,6
202100048032,2021-03-14 15:20:00,2021,3,14,15,20,75,75119,AVENUE DE FLANDRE,48.887873,2.37352,Plein jour,En agglomération,Intersection en T,Normale,Deux véhicules - côté,4,1,1,3,1,1,1,0,1,50,,2,1,0,0,1,23.0,34.0,,,1,2,3,1,3
202100048033,2021-03-14 11:57:00,2021,3,14,11,57,75,75119,PLACE RHIN ET DANUBE,48.881988,2.393265,Plein jour,En agglomération,Place,Normale,Deux véhicules - côté,4,1,2,0,1,2,2,0,1,50,,2,1,0,0,1,76.0,35.0,,,1,2,7,1,3
202100048034,2021-03-14 20:25:00,2021,3,14,20,25,75,75117,BOULEVARD DU FORT DE VAUX,48.891831,2.301586,Nuit avec éclairage allumé,En agglomération,Intersection en X,Normale,Deux véhicules - arrière,4,1,1,0,1,1,1,0,1,50,,2,1,0,0,1,30.0,29.0,,,5,2,2,1,2
202100048035,2021-03-14 15:20:00,2021,3,14,15,20,75,75116,PLACE D IENA,48.864891,2.294041,Plein jour,En agglomération,Place,Normale,Deux véhicules - côté,4,1,2,0,1,1,1,0,1,50,,2,0,0,0,2,35.0,24.0,,,1,2,7,1,3
202100048036,2021-03-13 12:25:00,2021,3,13,12,25,75,75116,AVENUE MOZART,48.858172,2.274353,Plein jour,En agglomération,Intersection à plus de 4 branches,Normale,Deux véhicules - côté,4,1,3,3,2,1,2,-1,6,50,,4,3,0,0,1,37.0,36.0,,,1,2,5,1,3
202100048037,2021-03-14 13:00:00,2021,3,14,13,0,75,75114,RUE FROIDEVAUX,48.837538,2.322942,Plein jour,En agglomération,Intersection à plus de 4 branches,Normale,Deux véhicules - côté,4,2,3,3,1,1,2,-1,6,50,,4,2,0,0,2,32.0,29.0,,,1,2,5,1,3
202100048038,2021-03-14 17:50:00,2021,3,14,17,50,75,75110,BOULEVARD DE MAGENTA,48.879484,2.353197,Crépuscule ou aube,En agglomération,Intersection en Y,Normale,Deux véhicules - côté,4,1,5,1,1,1,1,-1,5,30,,2,1,0,0,1,,48.0,,,2,2,4,1,3
202100048039,2021-03-14 14:00:00,2021,3,14,14,0,75,75110,RUE DU FAUBOURG SAINT MARTIN,48.879245,2.362901,Plein jour,En agglomération,Intersection en T,Normale,Autre collision,4,2,2,0,1,1,2,0,1,50,,1,0,0,0,1,45.0,,,,1,2,3,1,6
202100048040,2021-03-13 23:50:00,2021,3,13,23,50,75,75110,BOULEVARD DE MAGENTA,48.871511,2.360347,Nuit avec éclairage allumé,En agglomération,Autre intersection,Pluie forte,Deux véhicules - côté,4,2,2,3,1,1,2,0,1,50,,2,1,0,0,1,,34.0,,,5,2,9,3,3
202100048041,2021-03-13 21:40:00,2021,3,13,21,40,75,75107,AVENUE DE SEGUR,48.848522,2.306789,Nuit avec éclairage allumé,En agglomération,Intersection en T,Pluie légère,Autre collision,4,2,4,0,1,1,2,0,1,50,,1,0,0,0,1,26.0,,,,5,2,3,2,6
202100048042,2021-03-14 18:00:00,2021,3,14,18,0,75,75103,BOULEVARD BEAUMARCHAIS,48.858566,2.367834,Plein jour,En agglomération,Intersection en X,Normale,Deux véhicules - arrière,4,3,4,0,1,1,1,0,1,50,,2,1,0,0,1,34.0,53.0,,,1,2,2,1,2
202100048043,2021-03-14 21:15:00,2021,3,14,21,15,94,94065,EGLISE (R DE L),48.747566,2.349645,Nuit avec éclairage allumé,En agglomération,Hors intersection,Normale,Sans collision,4,1,1,0,2,1,1,0,1,50,,1,0,0,0,1,43.0,,,,5,2,1,1,7
202100048044,2021-03-14 17:00:00,2021,3,14,17,0,94,94033,CARNOT (R),48.85267,2.49044,Plein jour,En agglomération,Giratoire,Normale,Deux véhicules - arrière,3,1,2,0,1,2,1,9,1,50,,5,3,0,0,2,,20.0,,,1,2,6,1,2
202100048045,2021-03-14 12:00:00,2021,3,14,12,0,94,94028,BOEUFS(CHEMIN DES),48.769,2.43334,Plein jour,En agglomération,Hors intersection,Normale,Deux véhicules - arrière,9,-1,0,0,1,1,1,0,8,30,,2,1,0,0,1,28.0,,,,1,2,1,1,2
202100048046,2021-03-14 00:15:00,2021,3,14,0,15,93,93047,COUBRON (RUE DE ),48.9031887648,2.5740596652,Nuit avec éclairage allumé,En agglomération,Hors intersection,Pluie légère,Autre collision,4,2,2,0,2,3,2,0,4,30,,1,0,0,0,1,28.0,,,,5,2,1,2,6
202100048047,2021-03-14 00:21:00,2021,3,14,0,21,93,93008,VAILLANT COUTURIER (AVENUE PAUL),48.9069600222,2.4587189555,Nuit avec éclairage allumé,En agglomération,Autre intersection,Pluie légère,Deux véhicules - côté,3,1,4,0,1,1,2,5,1,50,,2,1,0,0,1,21.0,22.0,,,5,2,9,2,3
202100048048,2021-03-13 23:30:00,2021,3,13,23,30,93,93005,JEAN CHARCOT [CD115] (RUE),48.9330762053,2.4893204504,Nuit avec éclairage allumé,En agglomération,Hors intersection,Pluie légère,Deux véhicules - côté,3,-1,4,0,1,1,2,0,8,50,,2,1,0,0,1,45.0,29.0,,,5,2,1,2,3
202100048049,2021-03-14 09:50:00,2021,3,14,9,50,93,93001,PONT BLANC.CHARLES TILLON (RUE) =>72,48.9156367127,2.3925400993,Plein jour,En agglomération,Hors intersection,Normale,Deux véhicules - arrière,4,2,2,0,1,1,1,0,1,50,,3,2,0,0,1,54.0,,,,1,2,1,1,2
202100048050,2021-03-14 11:25:00,2021,3,14,11,25,92,92064,ROUTE DE PARIS A VERSAILLES,48.8359104531,2.2018790245,Plein jour,En agglomération,Hors intersection,Normale,Deux véhicules - arrière,3,2,2,0,2,1,2,0,1,70,,2,1,0,0,1,29.0,28.0,,,1,2,1,1,2
202100048051,2021-03-13 13:50:00,2021,3,13,13,50,92,92004,PIERRE BOUDOU,48.91511,2.30601,Plein jour,En agglomération,Intersection en T,Temps couvert,Autre collision,4,2,2,0,1,1,1,0,1,30,,7,3,0,0,4,26.0,19.0,,,1,2,3,8,6
202100048052,2021-03-14 11:00:00,2021,3,14,11,0,92,92014,BAS COQUARTS (RUE DES),48.7870252648,2.3111575842,Plein jour,En agglomération,Hors intersection,Normale,Deux véhicules - frontale,4,2,2,0,2,1,1,0,1,50,,5,2,0,0,3,40.0,56.0,,,1,2,1,1,1
202100048053,2021-03-14 18:00:00,2021,3,14,18,0,974,97415,RN 1,-21.016107,55.264218,Plein jour,Hors agglomération,Hors intersection,Normale,Deux véhicules - côté,2,2,2,3,2,1,1,0,1,90,,2,1,0,0,1,52.0,33.0,,,1,1,1,1,3
202100048054,2021-03-15 13:30:00,2021,3,15,13,30,24,24157,D3,45.096421,0.43668,Plein jour,Hors agglomération,Hors intersection,Pluie légère,Deux véhicules - frontale,3,2,2,0,1,2,2,0,1,80,,4,0,0,1,3,61.0,20.0,,,1,1,1,2,1
202100048055,2021-03-14 16:55:00,2021,3,14,16,55,28,28041,A11,48.301767,1.293554,Plein jour,Hors agglomération,Hors intersection,Normale,Autre collision,1,3,5,0,1,1,1,0,1,130,,2,1,0,1,0,71.0,,,,1,1,1,1,6
202100048056,2021-03-15 11:50:00,2021,3,15,11,50,974,97412,Chemin des Fleurs,-21.379462,55.658777,Plein jour,Hors agglomération,Autre intersection,Normale,Trois véhicules et plus - collisions multiples,2,2,2,0,1,1,1,0,1,80,,3,1,0,1,1,41.0,21.0,,,1,1,9,1,5
202100048057,2021-03-15 13:15:00,2021,3,15,13,15,55,55458,PK280+150 AUTOROUTE A4,49.163761,5.746236,Plein jour,Hors agglomération,Hors intersection,Normale,Deux véhicules - côté,1,2,4,0,1,1,2,0,1,130,,3,2,0,1,0,35.0,39.0,,,1,1,1,1,3
202100048058,2021-03-14 06:15:00,2021,3,14,6,15,64,64295,CD 31 PK 18+800,43.548571,-0.626972,Nuit sans éclairage public,Hors agglomération,Hors intersection,Autre,Sans collision,3,2,2,0,2,3,2,0,1,80,,1,0,0,0,1,27.0,,,,3,1,1,9,7
202100048059,2021-03-15 17:00:00,2021,3,15,17,0,29,29075,N12 - Prat Pip,48.440846,-4.412051,Plein jour,Hors agglomération,Hors intersection,Normale,Autre collision,2,3,4,0,1,1,1,0,3,110,,1,0,0,0,1,60.0,,,,1,1,1,1,6
202100048060,2021-03-14 13:55:00,2021,3,14,13,55,34,34095,D114,43.515805,3.769845,Plein jour,Hors agglomération,Intersection en X,Normale,Trois véhicules et plus - en chaîne,7,2,2,0,1,1,1,0,1,80,,4,2,0,0,2,28.0,23.0,,,1,1,2,1,4
202100048061,2021-03-14 18:30:00,2021,3,14,18,30,74,74263,route des crapons,46.314806,6.381254,Plein jour,Hors agglomération,Hors intersection,Normale,Autre collision,3,3,2,0,2,1,1,0,1,70,,1,0,0,1,0,30.0,,,,1,1,1,1,6
202100048062,2021-03-15 10:20:00,2021,3,15,10,20,76,76260,Route de Gerberoy,49.494821,1.766632,Plein jour,Hors agglomération,Hors intersection,Pluie légère,Deux véhicules - frontale,3,2,2,0,1,1,2,0,1,80,,2,1,0,1,0,23.0,20.0,,,1,1,1,2,1
202100048063,2021-03-15 08:00:00,2021,3,15,8,0,2B,2B252,D506,42.428755,9.4446,Plein jour,Hors agglomération,Hors intersection,Normale,Deux véhicules - frontale,3,2,2,0,2,2,1,0,1,80,,2,1,0,0,1,41.0,47.0,,,1,1,1,1,1
202100048064,2021-03-15 09:40:00,2021,3,15,9,40,89,89384,Rue d'Aillant sur Tholon,47.9114099802,3.358843554,Plein jour,En agglomération,Hors intersection,Pluie forte,Autre collision,3,2,2,0,1,1,2,0,1,50,,2,1,0,0,1,29.0,,,,1,2,1,3,6
202100048065,2021-03-14 18:20:00,2021,3,14,18,20,61,61110,D926,48.714808,0.18693899,Plein jour,Hors agglomération,Hors intersection,Normale,Sans collision,3,2,2,0,2,1,1,0,3,90,,1,0,0,1,0,58.0,,,,1,1,1,1,7
202100048066,2021-03-15 15:41:00,2021,3,15,15,41,68,68006,route départementale 466,47.688215,7.202075,Plein jour,Hors agglomération,Hors intersection,Normale,Sans collision,3,2,2,0,1,1,1,0,3,80,,1,0,1,0,0,71.0,,,,1,1,1,1,7
202100048067,2021-03-14 22:40:00,2021,3,14,22,40,22,22354,Cleudrain,48.5683833582,-3.2689641947,Nuit sans éclairage public,Hors agglomération,Intersection en T,Pluie légère,Sans collision,3,2,2,0,1,1,2,0,1,80,,1,0,0,1,0,27.0,,,,3,1,3,2,7
202100048068,2021-03-14 17:44:00,2021,3,14,17,44,02,02820,D1032,49.634435,3.228253,Plein jour,Hors agglomération,Hors intersection,Normale,Sans collision,3,2,2,0,1,1,1,0,3,80,,2,1,0,0,1,,28.0,,,1,1,1,1,7
202100048069,2021-03-14 17:45:00,2021,3,14,17,45,54,54394,D156,49.3415904696,5.8306850876,Plein jour,Hors agglomération,Hors intersection,Pluie légère,Deux véhicules - frontale,3,2,2,0,1,1,2,0,1,80,,3,0,1,0,2,57.0,47.0,,,1,1,1,2,1
202100048070,2021-03-13 23:30:00,2021,3,13,23,30,83,83046,D22,43.501618,6.145375,Nuit avec éclairage non allumé,Hors agglomération,Autre intersection,Normale,Autre collision,3,2,2,0,1,3,1,0,1,80,,1,0,0,1,0,28.0,,,,4,1,9,1,6
202100048071,2021-03-13 12:45:00,2021,3,13,12,45,83,83145,D35,43.592156,5.957528,Plein jour,Hors agglomération,Hors intersection,Normale,Sans collision,3,2,2,0,1,2,1,0,1,80,,1,0,0,1,0,61.0,,,,1,1,1,1,7
202100048072,2021-03-14 14:50:00,2021,3,14,14,50,53,53030,RD 233,47.953159,-0.618947,Plein jour,Hors agglomération,Hors intersection,Normale,Autre collision,3,2,2,0,1,3,1,0,3,80,,1,0,0,0,1,31.0,,,,1,1,1,1,6
202100048073,2021-03-14 17:45:00,2021,3,14,17,45,21,21229,D11,47.182355,4.361154,Plein jour,En agglomération,Intersection en X,Pluie légère,Autre collision,3,2,2,0,2,3,2,0,3,50,,3,2,0,1,0,21.0,,,,1,2,2,2,6
202100048074,2021-03-15 18:45:00,2021,3,15,18,45,85,85006,La Charloisière,46.785179,-1.752037,Crépuscule ou aube,Hors agglomération,Hors intersection,Normale,Sans collision,3,2,2,0,1,1,1,0,1,70,,1,0,0,0,1,33.0,,,,2,1,1,1,7
202100048075,2021-03-15 09:35:00,2021,3,15,9,35,85,85089,162 Rue Nationale,46.710041,-1.319663,Plein jour,En agglomération,Intersection en T,Normale,Trois véhicules et plus - collisions multiples,3,2,2,0,2,1,1,0,1,50,,3,2,0,1,0,21.0,50.0,,,1,2,3,1,5
202100048076,2021-03-15 15:00:00,2021,3,15,15,0,27,27679,D840,48.738181,0.920164,Plein jour,En agglomération,Giratoire,Normale,Deux véhicules - arrière,3,2,1,0,1,2,1,5,1,-1,,2,1,0,1,0,51.0,65.0,,,1,2,6,1,2
202100048077,2021-03-14 16:15:00,2021,3,14,16,15,48,48178,N106,44.272062,3.851695,Plein jour,Hors agglomération,Hors intersection,Normale,Autre collision,2,2,2,0,1,2,1,0,3,80,,2,0,0,2,0,62.0,,,,1,1,1,1,6
202100048078,2021-03-14 16:20:00,2021,3,14,16,20,978,97801,Route nationale 7 - Quartie d'Orléans,18.079937,-63.027363,Plein jour,En agglomération,Hors intersection,Normale,Deux véhicules - frontale,2,2,2,0,1,1,1,0,1,50,,4,3,0,1,0,21.0,25.0,,,1,2,1,1,1
202100048079,2021-03-15 07:20:00,2021,3,15,7,20,01,01237,A404,46.202557,5.593414,Plein jour,Hors agglomération,Hors intersection,Neige / grêle,Sans collision,1,1,4,0,1,1,9,0,3,110,,1,0,0,0,1,24.0,,,,1,1,1,4,7
202100048080,2021-03-15 09:25:00,2021,3,15,9,25,33,33527,,44.611918,-1.029711,Plein jour,Hors agglomération,Hors intersection,Temps couvert,Autre collision,1,-1,5,0,1,1,1,0,3,130,,2,0,0,1,1,30.0,,,,1,1,1,8,6
202100048081,2021-03-11 10:20:00,2021,3,11,10,20,13,13040,A52 PK001.500 sens AIX EN PROVENCE-AUBAGNE,43.47192,5.56567,Plein jour,Hors agglomération,Hors intersection,Normale,Deux véhicules - arrière,1,3,5,0,1,1,1,0,1,130,,2,1,0,0,1,85.0,66.0,,,1,1,1,1,2
202100048082,2021-03-14 22:20:00,2021,3,14,22,20,971,97103,Wonche,16.259113,-61.613055,Nuit sans éclairage public,Hors agglomération,Hors intersection,Normale,Deux véhicules - frontale,2,2,2,0,2,1,1,8,1,70,,2,1,1,0,0,60.0,25.0,,,3,1,1,1,1
202100048083,2021-03-14 15:40:00,2021,3,14,15,40,987,98747,Tautira RT3 Pk 12+200,-17.750322,-149.192276,Plein jour,Hors agglomération,Hors intersection,Normale,Deux véhicules - frontale,2,2,2,0,1,1,1,0,1,60,,2,1,1,0,0,37.0,,,,1,1,1,1,1
202100048084,2021-03-14 23:50:00,2021,3,14,23,50,973,97303,RN1 - PK 146+000,5.480176,-53.211653,Nuit sans éclairage public,En agglomération,Giratoire,Pluie légère,Sans collision,2,1,1,0,1,2,2,9,3,50,,2,1,0,1,0,47.0,,,,3,2,6,2,7
202100048085,2021-03-14 18:55:00,2021,3,14,18,55,971,97111,RN2 gadet,16.324742,-61.78521,Crépuscule ou aube,Hors agglomération,Hors intersection,Normale,Deux véhicules - arrière,2,2,2,0,2,2,1,0,1,80,,3,0,2,1,0,23.0,31.0,,,2,1,1,1,2
202100048086,2021-03-13 18:20:00,2021,3,13,18,20,77,77415,Saint-Jean-les-Deux-Jumeaux,48.950947,3.02381,Crépuscule ou aube,En agglomération,Hors intersection,Pluie légère,Deux véhicules - arrière,3,2,2,0,1,1,2,0,1,50,,2,0,0,0,2,50.0,55.0,,,2,2,1,2,2
202100048087,2021-03-12 16:52:00,2021,3,12,16,52,13,13082,D15,43.657976,5.36165,Plein jour,Hors agglomération,Hors intersection,Temps éblouissant,Sans collision,7,2,2,0,2,2,1,0,3,80,,1,0,0,1,0,21.0,,,,1,1,1,7,7
202100048088,2021-03-15 08:50:00,2021,3,15,8,50,13,13100,Av du Mal de Lattre de Tassigny,43.792295,4.839472,Plein jour,En agglomération,Giratoire,Normale,Deux véhicules - côté,3,2,2,0,1,1,1,5,1,50,,2,1,0,0,1,50.0,41.0,,,1,2,6,1,3
202100048089,2021-03-14 20:00:00,2021,3,14,20,0,89,89189,A5,48.294707,3.262326,Nuit sans éclairage public,Hors agglomération,Hors intersection,Normale,Autre collision,1,3,4,0,1,1,1,0,2,130,,1,0,0,0,1,38.0,,,,3,1,1,1,6
202100048090,2021-03-15 12:15:00,2021,3,15,12,15,88,88196,Rue Kléber,48.067283,6.873552,Plein jour,En agglomération,Giratoire,Normale,Autre collision,4,1,1,0,1,1,5,0,1,30,,2,1,0,1,0,39.0,,,,1,2,6,1,6
202100048091,2021-03-15 16:25:00,2021,3,15,16,25,55,55122,Rue Raymond Poincaré,48.760871,5.590367,Plein jour,En agglomération,Hors intersection,Normale,Autre collision,3,2,2,0,1,1,1,0,4,50,,1,0,0,0,1,20.0,,,,1,2,1,1,6
202100048092,2021-03-14 17:00:00,2021,3,14,17,0,55,55569,RD 902,48.8899096431,5.0881826878,Plein jour,Hors agglomération,Hors intersection,Normale,Sans collision,3,2,2,0,1,1,2,0,3,80,,1,0,0,1,0,20.0,,,,1,1,1,1,7
202100048093,2021-03-15 15:10:00,2021,3,15,15,10,73,73119,D1006,45.200226,6.595528,Plein jour,Hors agglomération,Hors intersection,Neige / grêle,Deux véhicules - côté,3,2,2,0,1,2,5,0,1,80,,3,0,1,1,1,66.0,32.0,,,1,1,1,4,3
202100048094,2021-03-15 09:50:00,2021,3,15,9,50,26,26064,Route de Beaumont,44.883607,4.989896,Plein jour,Hors agglomération,Intersection en T,Pluie légère,Deux véhicules - côté,3,2,2,0,2,1,2,5,1,80,,2,1,0,0,1,23.0,29.0,,,1,1,3,2,3
202100048095,2021-03-02 12:00:00,2021,3,2,12,0,09,09246,D117,42.994376,1.278298,Plein jour,En agglomération,Hors intersection,Normale,Sans collision,3,2,2,0,2,2,1,0,1,50,,1,0,0,1,0,64.0,,,,1,2,1,1,7
202100048096,2021-03-13 17:00:00,2021,3,13,17,0,22,22035,D794,48.4448185716,-1.9755488634,Plein jour,Hors agglomération,Intersection en X,Normale,Deux véhicules - côté,3,2,2,0,1,1,1,0,1,80,,3,1,0,1,1,22.0,64.0,,,1,1,2,1,3
202100048097,2021-03-15 17:05:00,2021,3,15,17,5,22,22273,Rue des Jonquilles,48.558388,-2.534065,Plein jour,En agglomération,Hors intersection,Normale,Autre collision,3,2,2,0,1,1,1,0,1,30,,2,1,0,0,1,31.0,,,,1,2,1,1,6
202100048098,2021-03-15 09:29:00,2021,3,15,9,29,27,27598,"D6015, PK 029+500 vers VIRONVAY",49.226342,1.212037,Plein jour,Hors agglomération,Hors intersection,Normale,Deux véhicules - frontale,3,2,3,0,2,2,1,0,1,80,,2,1,1,0,0,74.0,47.0,,,1,1,1,1,1
202100048099,2021-03-14 11:40:00,2021,3,14,11,40,13,13215,A7-Sens Lyon vers Marseille,43.36981,5.36102,Plein jour,Hors agglomération,Hors intersection,Normale,Trois véhicules et plus - en chaîne,1,1,3,0,1,1,1,0,1,90,,4,3,0,0,1,43.0,22.0,,,1,1,1,1,4
202100048100,2021-03-13 18:30:00,2021,3,13,18,30,13,13215,A7-Sens Lyon vers Marseille,43.38101,5.35282,Crépuscule ou aube,Hors agglomération,Hors intersection,Normale,Trois véhicules et plus - collisions multiples,1,1,3,0,1,1,1,0,1,90,,3,2,0,0,1,58.0,45.0,,,2,1,1,1,5
202100048101,2021-03-14 09:10:00,2021,3,14,9,10,13,13005,A52-Sens Pont de l'Etoile vers Toulon,43.314818,5.590734,Plein jour,Hors agglomération,Hors intersection,Normale,Autre collision,1,3,2,0,1,1,1,0,1,110,,1,0,0,0,1,22.0,,,,1,1,1,1,6
202100048102,2021-03-08 08:17:00,2021,3,8,8,17,13,13070,A50-Sens Aubagne vers Marseille,43.28518,5.51679,Plein jour,En agglomération,Hors intersection,Normale,Deux véhicules - arrière,1,-1,3,0,1,1,1,0,1,90,,2,1,0,0,1,30.0,26.0,,,1,2,1,1,2
202100048103,2021-03-12 19:42:00,2021,3,12,19,42,13,13215,A7-Sens Lyon vers Marseille,43.3784,5.3556,Nuit sans éclairage public,En agglomération,Hors intersection,Normale,Trois véhicules et plus - en chaîne,1,-1,1,0,2,3,1,9,1,90,,4,2,0,0,2,36.0,42.0,,,3,2,1,1,4
202100048104,2021-03-12 09:20:00,2021,3,12,9,20,13,13214,A7-Sens Marseille vers Lyon,43.3318,5.3777,Plein jour,Hors agglomération,Hors intersection,Normale,Deux véhicules - arrière,1,1,3,0,1,1,1,0,1,90,,4,3,1,0,0,54.0,38.0,,,1,1,1,1,2
202100048105,2021-03-14 17:20:00,2021,3,14,17,20,69,69091,A47,45.57978,4.73651,Plein jour,Hors agglomération,Hors intersection,Normale,Deux véhicules - arrière,1,3,4,0,1,2,1,0,1,90,,2,1,0,1,0,36.0,24.0,,,1,1,1,1,2
202100048106,2021-03-14 05:30:00,2021,3,14,5,30,33,33550,AUTOROUTE A 62,44.778135,-0.555395,Nuit avec éclairage allumé,Hors agglomération,Hors intersection,Pluie légère,Trois véhicules et plus - en chaîne,1,3,8,0,1,1,2,3,1,70,,6,4,0,0,2,32.0,33.0,,,5,1,1,2,4
202100048107,2021-03-14 20:15:00,2021,3,14,20,15,94,94021,AUTOROUTE A6B,48.7617,2.3405,Nuit sans éclairage public,Hors agglomération,Hors intersection,Normale,Autre collision,1,1,2,0,1,1,1,2,1,110,,1,0,0,0,1,37.0,,,,3,1,1,1,6
202100048108,2021-03-14 19:55:00,2021,3,14,19,55,91,91161,AUTOROUTE A6,48.70421,2.30621,Nuit sans éclairage public,Hors agglomération,Hors intersection,Normale,Sans collision,1,-1,3,0,1,2,1,0,1,110,,2,0,0,0,2,46.0,,,,3,1,1,1,7
202100048109,2021-03-14 16:45:00,2021,3,14,16,45,94,94021,AUTOROUTE A6A,48.7601,2.3385,Plein jour,Hors agglomération,Hors intersection,Normale,Deux véhicules - côté,1,1,3,0,1,1,1,0,1,90,,2,1,0,0,1,59.0,43.0,,,1,1,1,1,3
202100048110,2021-03-14 00:00:00,2021,3,14,0,0,92,92047,A13,48.8335133603,2.1626128206,Nuit sans éclairage public,Hors agglomération,Hors intersection,Pluie forte,Autre collision,1,3,6,0,1,1,7,0,1,110,,1,0,0,0,1,45.0,,,,3,1,1,3,6
202100048111,2021-03-14 13:30:00,2021,3,14,13,30,93,93039,AUTOROUTE A86,48.92834,2.33116,Plein jour,Hors agglomération,Hors intersection,Normale,Deux véhicules - arrière,1,3,6,0,1,1,1,0,1,90,,4,1,0,0,3,66.0,26.0,,,1,1,1,1,2
202100048112,2021-03-14 10:15:00,2021,3,14,10,15,93,93066,AUTOROUTE A1,48.91304,2.35804,Plein jour,Hors agglomération,Hors intersection,Normale,Deux véhicules - côté,1,3,8,0,1,1,2,1,1,90,,2,1,0,0,1,41.0,27.0,,,1,1,1,1,3
202100048113,2021-03-14 08:40:00,2021,3,14,8,40,95,95582, A115,48.97682,2.24124,Plein jour,Hors agglomération,Hors intersection,Normale,Deux véhicules - arrière,1,3,5,0,1,3,1,3,1,70,,2,1,0,0,1,29.0,30.0,,,1,1,1,1,2
202100048114,2021-03-13 19:00:00,2021,3,13,19,0,93,93066,AUTOROUTE A1,48.93422,2.37225,Nuit sans éclairage public,Hors agglomération,Hors intersection,Pluie légère,Deux véhicules - arrière,1,3,4,0,2,1,2,0,1,70,,3,2,0,0,1,54.0,66.0,,,3,1,1,2,2
202100048115,2021-03-13 21:20:00,2021,3,13,21,20,94,94017,A4,48.83008,2.48698,Nuit sans éclairage public,Hors agglomération,Hors intersection,Pluie forte,Trois véhicules et plus - en chaîne,1,-1,4,0,1,1,2,0,1,90,,3,2,0,0,1,28.0,48.0,,,3,1,1,3,4
202100048116,2021-03-13 14:10:00,2021,3,13,14,10,94,94011,RN406.Y,48.7613,2.49351,Plein jour,Hors agglomération,Hors intersection,Normale,Autre collision,2,3,2,0,4,1,2,0,1,50,,6,3,0,0,3,54.0,26.0,,,1,1,1,1,6
202100048117,2021-03-08 10:10:00,2021,3,8,10,10,988,98818,OHLEN (RUE ARMAND),-22.22655,166.46464,Plein jour,En agglomération,Hors intersection,Normale,Trois véhicules et plus - en chaîne,4,2,2,0,1,3,1,0,1,50,,5,3,0,0,2,44.0,55.0,,,1,2,1,1,4
202100048118,2021-03-13 19:55:00,2021,3,13,19,55,69,69387,DEBOURG (AV),45.73101,4.8347,Nuit avec éclairage allumé,En agglomération,Hors intersection,Pluie légère,Autre collision,4,2,3,1,1,1,2,0,1,50,,2,1,0,0,1,,,,,5,2,1,2,6