accident_id,datetime,annee,mois,jour,heure,minute,departement,commune_insee,adresse,latitude,longitude,luminosite,agglomeration,intersection,meteo,collision,catr,circ,nbv,vosp,prof,plan,surf,infra,situ,vma,nb_vehicules,nb_usagers,nb_indemnes,nb_tues,nb_blesses_hosp,nb_blesses_legers,age_cond_1,age_cond_2,veh_type_cond_1,veh_type_cond_2,lum_code,agg_code,int_code,atm_code,col_code
202100048119,2021-03-13 16:30:00,2021,3,13,16,30,69,69386,CUVIER (R),45.76738,4.85072,Plein jour,En agglomération,Intersection en X,Normale,Deux véhicules - côté,4,1,-1,1,1,1,1,0,1,50,,2,1,0,0,1,39.0,33.0,,,1,2,2,1,3
202100048120,2021-03-13 13:15:00,2021,3,13,13,15,69,69142,PIERRE SEMARD (Q),45.72537,4.81672,Plein jour,En agglomération,Intersection en T,Normale,Deux véhicules - côté,4,2,2,0,1,1,1,5,1,50,,2,1,0,0,1,46.0,36.0,,,1,2,3,1,3
202100048121,2021-03-12 09:30:00,2021,3,12,9,30,69,69152,8 MAI 1945 (DU) (R),45.70081,4.82409,Plein jour,En agglomération,Intersection en X,Normale,Deux véhicules - côté,4,2,-1,0,1,1,1,5,1,50,,2,1,0,0,1,43.0,43.0,,,1,2,2,1,3
202100048122,2021-03-12 14:51:00,2021,3,12,14,51,971,97101,ROUTE DE CHAZEAU,16.28934,-61.48075,Plein jour,En agglomération,Autre intersection,Normale,Deux véhicules - côté,3,2,2,0,1,3,1,0,1,50,,2,1,0,0,1,15.0,41.0,,,1,2,9,1,3
202100048123,2021-03-10 19:00:00,2021,3,10,19,0,971,97101,GRAND CAMP(SECTION),16.25433,-61.53883,Nuit avec éclairage allumé,Hors agglomération,Hors intersection,Normale,Autre collision,2,1,3,0,1,1,1,0,1,90,,7,6,0,1,0,20.0,,,,5,1,1,1,6
202100048124,2021-03-13 18:00:00,2021,3,13,18,0,91,91027,RUE NOLLET,48.714,2.39588,Plein jour,En agglomération,Hors intersection,Pluie légère,Autre collision,9,1,1,0,1,2,2,9,1,20,,3,1,0,0,2,40.0,,,,1,2,1,2,6
202100048125,2021-03-13 13:40:00,2021,3,13,13,40,91,91027,RTE NATIONALE 7,48.704837,2.371586,Plein jour,En agglomération,Hors intersection,Normale,Trois véhicules et plus - en chaîne,3,2,6,0,1,1,1,0,1,50,,3,1,0,0,2,67.0,53.0,,,1,2,1,1,4
202100048126,2021-03-13 13:52:00,2021,3,13,13,52,91,91223,SACLAS (RUE DE),48.42912,2.14842,Plein jour,En agglomération,Intersection en T,Normale,Autre collision,4,1,1,0,1,1,1,5,1,50,,2,1,1,0,0,52.0,,,,1,2,3,1,6
202100048127,2021-03-11 07:50:00,2021,3,11,7,50,83,83141,D 1555(SORTIE VILLAGE VERS DRAGUIGNAN),43.50044,6.48517,Plein jour,En agglomération,Giratoire,Normale,Deux véhicules - côté,3,1,4,0,2,3,1,0,1,50,,2,1,0,1,0,64.0,60.0,,,1,2,6,1,3
202100048128,2021-03-13 08:05:00,2021,3,13,8,5,82,82121,QUART (CHEMIN DU),43.9892,1.30899,Plein jour,En agglomération,Intersection en T,Normale,Deux véhicules - côté,3,4,3,0,1,2,1,0,1,50,,3,1,0,1,1,29.0,53.0,,,1,2,3,1,3
202100048129,2021-03-13 09:00:00,2021,3,13,9,0,78,78502,SAINT GERMAIN (AVENUE DE),48.88114,2.10867,Plein jour,En agglomération,Hors intersection,Normale,Deux véhicules - arrière,2,-1,2,0,1,1,1,0,1,50,,2,1,0,0,1,21.0,23.0,,,1,2,1,1,2
202100048130,2021-03-12 19:05:00,2021,3,12,19,5,77,77014,BERNARD PALISSY (RUE),48.41329,2.72183,Nuit avec éclairage allumé,En agglomération,Hors intersection,Temps couvert,Sans collision,4,2,2,0,1,3,2,0,1,50,,1,0,0,0,1,18.0,,,,5,2,1,8,7
202100048131,2021-03-13 02:43:00,2021,3,13,2,43,69,69266,LEON BLUM (R),45.7600682719,4.8983520269,Nuit avec éclairage allumé,En agglomération,Hors intersection,Normale,Autre collision,4,2,4,0,1,1,1,0,1,50,,1,0,0,0,1,27.0,,,,5,2,1,1,6
202100048132,2021-03-13 18:30:00,2021,3,13,18,30,64,64102,32 Chemin de Lestanquet,43.48012,-1.48684,Plein jour,En agglomération,Hors intersection,Normale,Sans collision,6,-1,0,0,1,1,1,9,8,10,,2,1,0,0,1,17.0,,,,1,2,1,1,7
202100048133,2021-03-13 23:35:00,2021,3,13,23,35,59,59367,RD 700,50.6660010331,3.2219915092,Nuit avec éclairage allumé,Hors agglomération,Hors intersection,Normale,Autre collision,7,2,2,0,1,1,2,5,8,80,,1,0,0,1,0,31.0,,,,5,1,1,1,6
202100048134,2021-03-12 18:05:00,2021,3,12,18,5,50,50002,PERIERS (ROUTE DE),49.118197,-1.148884,Plein jour,Hors agglomération,Hors intersection,Pluie légère,Sans collision,3,2,2,0,2,4,2,9,3,70,,1,0,0,0,1,21.0,,,,1,1,1,2,7
202100048135,2021-03-13 15:20:00,2021,3,13,15,20,49,49007,BASSE CHAINE PONT,47.47025,-0.56282,Plein jour,En agglomération,Hors intersection,Normale,Sans collision,4,2,4,2,1,1,2,0,1,50,,1,0,0,0,1,17.0,,,,1,2,1,1,7
202100048136,2021-03-05 11:50:00,2021,3,5,11,50,47,47323,AGEN (AVENUE D'),44.39749,0.70748,Plein jour,En agglomération,Autre intersection,Normale,Deux véhicules - côté,4,-1,2,0,1,1,1,0,1,50,,2,1,0,0,1,18.0,77.0,,,1,2,9,1,3
202100048137,2021-03-13 14:45:00,2021,3,13,14,45,35,35238,FOUGERES (RUE DE),48.13207,-1.63522,Plein jour,En agglomération,Intersection en X,Normale,Autre collision,4,2,2,0,1,1,1,5,1,50,,2,1,0,0,1,21.0,,,,1,2,2,1,6
202100048138,2021-03-12 21:15:00,2021,3,12,21,15,33,33529,Boulevard de l’Industrie,44.61328,-1.12806,Nuit avec éclairage allumé,En agglomération,Hors intersection,Normale,Autre collision,4,2,2,1,1,1,1,0,3,50,,1,0,0,0,1,20.0,,,,5,2,1,1,6
202100048139,2021-03-08 11:00:00,2021,3,8,11,0,29,29151,Route de Paris,48.5743864696,-3.8149058819,Plein jour,En agglomération,Hors intersection,Normale,Autre collision,4,3,2,0,2,1,1,0,3,50,,2,0,0,2,0,25.0,,,,1,2,1,1,6
202100048140,2021-03-13 18:20:00,2021,3,13,18,20,29,29039,Rond Point de Villeneuve,47.894148,-3.914049,Plein jour,Hors agglomération,Hors intersection,Normale,Autre collision,4,-1,1,0,1,3,2,0,8,50,,1,0,0,0,1,27.0,,,,1,1,1,1,6
202100048141,2021-03-10 07:49:00,2021,3,10,7,49,18,18267,RD 73,47.05415,2.38076,Crépuscule ou aube,En agglomération,Hors intersection,Normale,Trois véhicules et plus - collisions multiples,4,2,1,0,1,1,1,0,1,50,,2,1,0,0,1,57.0,43.0,,,2,2,1,1,5
202100048142,2021-03-13 13:45:00,2021,3,13,13,45,13,13209,LUDOVIC LEGRE (AVENUE),43.25034,5.39713,Plein jour,En agglomération,Hors intersection,Normale,Deux véhicules - arrière,4,2,2,0,1,1,1,0,1,50,,2,1,0,0,1,50.0,25.0,,,1,2,1,1,2
202100048143,2021-03-13 13:55:00,2021,3,13,13,55,13,13213,SAINT JUST (AVENUE DE),43.31735,5.40525,Plein jour,En agglomération,Hors intersection,Normale,Deux véhicules - côté,4,2,2,0,1,1,1,0,1,50,,2,1,0,0,1,18.0,35.0,,,1,2,1,1,3
202100048144,2021-03-13 15:50:00,2021,3,13,15,50,06,06088,CALIFORNIE (AV.) (DU 23-25 AU 199-210),43.68158,7.23136,Plein jour,En agglomération,Hors intersection,Normale,Deux véhicules - frontale,4,2,4,3,1,1,1,4,6,50,,2,1,0,0,1,38.0,56.0,,,1,2,1,1,1
202100048145,2021-03-12 10:40:00,2021,3,12,10,40,06,06029,STRASBOURG (BOULEVARD DE),43.554188,7.028542,Plein jour,En agglomération,Hors intersection,Normale,Autre collision,4,2,2,0,1,1,1,0,1,50,,2,0,0,2,0,45.0,,,,1,2,1,1,6
202100048146,2021-03-13 09:50:00,2021,3,13,9,50,06,06027,BOUALAM ROND POINT BACHAGA,43.66024,7.14415,Plein jour,En agglomération,Autre intersection,Normale,Deux véhicules - côté,4,1,2,0,1,2,1,9,1,50,,2,1,0,0,1,42.0,48.0,,,1,2,9,1,3
202100048147,2021-03-12 20:45:00,2021,3,12,20,45,75,75120,RUE DE LA REUNION,48.855247,2.401472,Nuit avec éclairage allumé,En agglomération,Intersection en X,Normale,Deux véhicules - côté,4,1,1,0,2,1,2,0,1,30,,2,1,0,1,0,28.0,22.0,,,5,2,2,1,3
202100048148,2021-03-12 19:50:00,2021,3,12,19,50,75,75120,RUE DES RASSELINS,48.854779,2.408971,Crépuscule ou aube,En agglomération,Intersection en X,Pluie légère,Deux véhicules - côté,4,1,1,0,1,1,2,0,1,50,,2,1,0,0,1,,21.0,,,2,2,2,2,3
202100048149,2021-03-13 15:51:00,2021,3,13,15,51,75,75118,RUE MARX DORMOY,48.884891,2.359346,Plein jour,En agglomération,Place,Normale,Deux véhicules - côté,4,1,2,3,1,1,2,0,1,50,,2,1,0,0,1,33.0,29.0,,,1,2,7,1,3
202100048150,2021-03-13 10:30:00,2021,3,13,10,30,75,75115,BOULEVARD LEFEBVRE,48.831112,2.292445,Plein jour,En agglomération,Intersection en X,Normale,Deux véhicules - côté,4,3,2,0,1,1,1,0,1,50,,2,1,0,0,1,29.0,32.0,,,1,2,2,1,3
202100048151,2021-03-13 13:30:00,2021,3,13,13,30,75,75114,RUE RAYMOND LOSSERAND,48.832945,2.316251,Plein jour,En agglomération,Intersection en X,Temps couvert,Sans collision,4,1,1,0,1,1,2,0,1,30,,1,0,0,0,1,41.0,,,,1,2,2,8,7
202100048152,2021-03-12 21:25:00,2021,3,12,21,25,75,75114,RUE FROIDEVAUX,48.835996,2.327625,Nuit avec éclairage allumé,En agglomération,Intersection en X,Normale,Deux véhicules - frontale,4,2,4,1,1,1,2,0,1,50,,3,2,0,0,1,,23.0,,,5,2,2,1,1
202100048153,2021-03-13 12:10:00,2021,3,13,12,10,75,75113,RUE DU MOULIN DE LA POINTE,48.825077,2.357265,Plein jour,En agglomération,Intersection en Y,Pluie légère,Autre collision,4,1,1,1,1,1,2,0,1,50,,2,1,0,0,1,42.0,,,,1,2,4,2,6
202100048154,2021-03-13 16:20:00,2021,3,13,16,20,75,75111,BOULEVARD VOLTAIRE,48.865591,2.36706,Plein jour,En agglomération,Intersection en X,Pluie légère,Deux véhicules - côté,4,2,4,1,1,1,2,0,1,50,,2,1,0,0,1,47.0,22.0,,,1,2,2,2,3
202100048155,2021-03-13 14:05:00,2021,3,13,14,5,75,75110,BOULEVARD DE MAGENTA,48.868519,2.363015,Plein jour,En agglomération,Place,Pluie légère,Deux véhicules - côté,4,1,2,1,1,1,2,-1,5,50,,2,1,0,0,1,42.0,34.0,,,1,2,7,2,3
202100048156,2021-03-13 13:00:00,2021,3,13,13,0,94,94076,Boulevard Maxime Gorki,48.79233,2.36962,Plein jour,En agglomération,Hors intersection,Normale,Deux véhicules - arrière,3,2,4,1,1,1,1,0,1,50,,2,1,0,0,1,26.0,49.0,,,1,2,1,1,2
202100048157,2021-03-13 12:50:00,2021,3,13,12,50,94,94038,PAUL VAILLANT COUTURIER (BD),48.78124,2.34116,Plein jour,En agglomération,Hors intersection,Normale,Deux véhicules - arrière,4,1,2,0,1,1,1,0,1,50,,2,1,0,0,1,55.0,50.0,,,1,2,1,1,2
202100048158,2021-03-13 13:40:00,2021,3,13,13,40,94,94002,Quai Jean-Baptiste Clément,48.79083,2.42403,Plein jour,En agglomération,Hors intersection,Temps couvert,Autre collision,4,3,2,0,1,1,1,0,1,50,,1,0,0,0,1,24.0,,,,1,2,1,8,6
202100048159,2021-03-13 16:00:00,2021,3,13,16,0,93,93015,JAURES RUE JEAN,48.915592519,2.5786896526,Plein jour,En agglomération,Hors intersection,Normale,Deux véhicules - côté,3,2,2,0,1,1,1,0,1,50,,4,3,0,0,1,50.0,30.0,,,1,2,1,1,3
202100048160,2021-03-13 18:30:00,2021,3,13,18,30,93,93063,BARBUSSE HENRI BOULEVARD,48.877801831,2.4413949251,Plein jour,En agglomération,Hors intersection,Pluie légère,Deux véhicules - arrière,3,1,2,0,2,1,2,0,1,50,,2,1,0,0,1,41.0,38.0,,,1,2,1,2,2
202100048161,2021-03-12 16:50:00,2021,3,12,16,50,93,93045,PARIS RUE DE,48.8812194103,2.4206728853,Plein jour,En agglomération,Hors intersection,Pluie légère,Autre collision,3,2,2,0,1,1,2,0,8,50,,2,1,0,0,1,44.0,,,,1,2,1,2,6
202100048162,2021-03-13 09:10:00,2021,3,13,9,10,93,93031,ARGENTEUIL (ROUTE D'),48.96004,2.2919,Plein jour,En agglomération,Intersection en T,Pluie légère,Deux véhicules - côté,3,2,2,0,1,1,8,0,1,50,,2,1,0,0,1,23.0,45.0,,,1,2,3,2,3
202100048163,2021-03-13 21:15:00,2021,3,13,21,15,93,93047,DENIS PAPIN  (AVENUE),48.9064626635,2.5878556697,Nuit sans éclairage public,En agglomération,Intersection en X,Normale,Deux véhicules - côté,4,2,2,0,1,1,1,0,1,50,,3,2,0,0,1,40.0,19.0,,,3,2,2,1,3
202100048164,2021-03-13 13:10:00,2021,3,13,13,10,92,92022,CARNOT (RUE),48.8104472545,2.1902422607,Plein jour,En agglomération,Hors intersection,Pluie légère,Autre collision,4,1,1,0,2,1,2,0,1,30,,2,1,0,0,1,43.0,,,,1,2,1,2,6
202100048165,2021-03-13 14:10:00,2021,3,13,14,10,92,92076,REPUBLIQUE,48.8374262692,2.1537494659,Plein jour,En agglomération,Hors intersection,Normale,Deux véhicules - arrière,3,-1,2,0,1,1,1,0,1,50,,2,1,0,0,1,36.0,24.0,,,1,2,1,1,2
202100048166,2021-03-13 21:30:00,2021,3,13,21,30,92,92062,FRANCE (RUE ANATOLE) DU 11 AU 33,48.885342,2.239222,Nuit avec éclairage allumé,En agglomération,Hors intersection,Pluie légère,Deux véhicules - arrière,4,1,2,0,1,2,2,1,1,50,,2,1,0,0,1,33.0,24.0,,,5,2,1,2,2
202100048167,2021-03-13 20:34:00,2021,3,13,20,34,92,92051,"CHARLES DE GAULLE (AVENUE, N° 18 A 116)",48.88137,2.27139,Nuit avec éclairage allumé,En agglomération,Hors intersection,Normale,Deux véhicules - arrière,2,3,7,0,1,1,2,8,1,50,,2,1,0,0,1,30.0,28.0,,,5,2,1,1,2
202100048168,2021-03-25 20:17:00,2021,3,25,20,17,92,92050,CLEMENCEAU GEORGES AVENUE N° PAIR,48.8866557137,2.2063690424,Nuit avec éclairage allumé,En agglomération,Hors intersection,Normale,Deux véhicules - côté,3,2,6,1,1,1,1,0,1,50,,2,1,0,0,1,17.0,39.0,,,5,2,1,1,3
202100048169,2021-03-13 16:05:00,2021,3,13,16,5,92,92044,J. GUESDE(RUE) 1A23 ET2A28,48.8915538541,2.2941429913,Plein jour,En agglomération,Intersection en T,Pluie légère,Deux véhicules - côté,4,2,2,0,1,1,2,0,1,50,,2,1,0,1,0,35.0,28.0,,,1,2,3,2,3
202100048170,2021-03-13 21:05:00,2021,3,13,21,5,92,92035,National ( boulevard ),48.9073,2.23889,Nuit avec éclairage allumé,En agglomération,Hors intersection,Pluie légère,Sans collision,3,1,2,0,1,1,2,0,1,50,,1,0,0,0,1,27.0,,,,5,2,1,2,7
202100048171,2021-03-13 21:00:00,2021,3,13,21,0,92,92062,DEFENSE (PLACE DE LA),48.890962,2.241091,Nuit avec éclairage allumé,En agglomération,Autre intersection,Pluie légère,Sans collision,9,-1,0,0,1,1,2,0,8,20,,1,0,0,0,1,36.0,,,,5,2,9,2,7
202100048172,2021-02-26 12:00:00,2021,2,26,12,0,50,50493,D924,48.836804,-1.477795,Plein jour,Hors agglomération,Intersection en X,Normale,Trois véhicules et plus - en chaîne,3,2,2,0,4,1,1,0,1,80,,6,5,0,0,1,84.0,61.0,,,1,1,2,1,4
202100048173,2021-03-14 17:35:00,2021,3,14,17,35,01,01248,départementale D38,45.881942,4.902048,Plein jour,Hors agglomération,Hors intersection,Normale,Deux véhicules - frontale,3,2,2,0,3,3,1,0,1,90,,3,1,0,1,1,47.0,56.0,,,1,1,1,1,1
202100048174,2021-03-14 12:00:00,2021,3,14,12,0,68,68112,3 Route d'Issenheim,47.902808,7.226751,Plein jour,En agglomération,Intersection en T,Pluie légère,Deux véhicules - frontale,3,2,2,2,1,1,2,0,1,50,,3,0,0,0,3,20.0,45.0,,,1,2,3,2,1
202100048175,2021-03-13 20:00:00,2021,3,13,20,0,84,84099,route des alpes,43.855998,5.10247,Nuit sans éclairage public,En agglomération,Giratoire,Normale,Autre collision,4,2,2,0,1,1,1,5,1,50,,2,0,0,1,1,40.0,,,,3,2,6,1,6
202100048176,2021-03-14 17:40:00,2021,3,14,17,40,26,26341,1 Rue Impériale,45.142881,4.823084,Plein jour,Hors agglomération,Hors intersection,Normale,Deux véhicules - arrière,2,2,2,0,1,3,1,0,1,70,,2,1,0,0,1,35.0,37.0,,,1,1,1,1,2
202100048177,2021-03-13 23:25:00,2021,3,13,23,25,83,83019,Chemin des Restanques,43.143947,6.355709,Nuit avec éclairage allumé,En agglomération,Hors intersection,Normale,Autre collision,4,2,2,0,1,3,1,2,4,50,,1,0,0,1,0,21.0,,,,5,2,1,1,6
202100048178,2021-03-13 13:02:00,2021,3,13,13,2,44,44113,route nationale 137,47.579656,-1.628841,Plein jour,Hors agglomération,Hors intersection,Vent fort / tempête,Autre collision,2,3,4,0,1,1,1,0,1,110,,1,0,0,0,1,24.0,,,,1,1,1,6,6
202100048179,2021-03-14 11:40:00,2021,3,14,11,40,58,58086,A77 PK 106+780,47.359641,2.923651,Plein jour,Hors agglomération,Hors intersection,Temps couvert,Deux véhicules - arrière,1,3,4,0,1,1,1,0,1,130,,6,3,2,1,0,69.0,21.0,,,1,1,1,8,2
202100048180,2021-03-13 18:05:00,2021,3,13,18,5,76,76595,Route du Moulin,49.636333,0.162127,Plein jour,Hors agglomération,Intersection en X,Pluie légère,Deux véhicules - côté,3,2,2,0,1,1,2,0,1,70,,4,3,0,0,1,65.0,88.0,,,1,1,2,2,3
202100048181,2021-03-13 13:30:00,2021,3,13,13,30,65,65231,D929 Route d'Espagne,43.052207,0.370864,Plein jour,En agglomération,Hors intersection,Normale,Sans collision,3,2,2,0,1,1,1,0,1,50,,1,0,0,1,0,46.0,,,,1,2,1,1,7
202100048182,2021-03-13 13:50:00,2021,3,13,13,50,32,32405,230 Route de Saint-jau,43.848715,0.593278,Plein jour,Hors agglomération,Hors intersection,Vent fort / tempête,Autre collision,3,2,2,0,1,2,1,0,3,80,,1,0,0,1,0,30.0,,,,1,1,1,6,6
202100048183,2021-03-13 11:00:00,2021,3,13,11,0,41,41181,route départementale 976,47.32196,1.287653,Plein jour,Hors agglomération,Hors intersection,Temps couvert,Sans collision,3,2,2,0,1,1,2,0,1,90,,4,0,0,1,3,22.0,,,,1,1,1,8,7
202100048184,2021-03-14 02:05:00,2021,3,14,2,5,39,39500,,46.947604,5.882259,Nuit avec éclairage allumé,En agglomération,Hors intersection,Pluie légère,Autre collision,3,2,2,0,2,3,2,0,8,50,,1,0,0,0,1,19.0,,,,5,2,1,2,6
202100048185,2021-03-14 03:20:00,2021,3,14,3,20,02,02718,Rue des Hureaux,49.191773,3.143892,Nuit sans éclairage public,Hors agglomération,Hors intersection,Pluie légère,Autre collision,3,2,2,0,1,4,2,0,1,80,,2,1,0,1,0,23.0,,,,3,1,1,2,6
202100048186,2021-03-13 21:15:00,2021,3,13,21,15,01,01138,D992,45.830922,5.789237,Nuit sans éclairage public,Hors agglomération,Hors intersection,Pluie légère,Autre collision,3,2,2,0,1,1,2,0,3,80,,3,1,0,2,0,37.0,,,,3,1,1,2,6
202100048187,2021-03-13 14:34:00,2021,3,13,14,34,50,50003,Rue Général Guérin d'Agon,49.04835,-1.585642,Plein jour,Hors agglomération,Hors intersection,Normale,Autre collision,3,2,2,0,2,2,2,0,1,50,,1,0,0,1,0,36.0,,,,1,1,1,1,6
202100048188,2021-03-14 12:15:00,2021,3,14,12,15,64,64273,CD 8,43.267269,-1.214075,Plein jour,Hors agglomération,Hors intersection,Temps couvert,Autre collision,3,2,2,0,2,3,2,0,1,80,,3,0,0,0,3,20.0,,,,1,1,1,8,6
202100048189,2021-03-13 17:00:00,2021,3,13,17,0,64,64256,RUE JEAN LISSAR,43.382343,-1.312871,Plein jour,Hors agglomération,Autre intersection,Normale,Sans collision,3,2,1,0,2,3,1,0,3,50,,1,0,0,1,0,88.0,,,,1,1,9,1,7
202100048190,2021-03-13 15:45:00,2021,3,13,15,45,73,73154,D63 / D104  Rte d'Allondaz,45.686557,6.372942,Plein jour,Hors agglomération,Intersection en X,Normale,Deux véhicules - côté,3,2,2,0,2,1,1,0,1,80,,2,1,0,1,0,15.0,30.0,,,1,1,2,1,3
202100048191,2021-03-14 14:00:00,2021,3,14,14,0,18,18156,RD 46,47.268499,2.595799,Plein jour,Hors agglomération,Hors intersection,Normale,Autre collision,3,2,2,0,2,3,1,0,3,80,,1,0,0,1,0,59.0,,,,1,1,1,1,6
202100048192,2021-03-13 15:55:00,2021,3,13,15,55,10,10287,Route de Brévonnes,48.36269,4.352828,Plein jour,Hors agglomération,Hors intersection,Pluie légère,Sans collision,3,2,2,0,2,3,2,0,3,80,,6,0,0,1,5,26.0,,,,1,1,1,2,7
202100048193,2021-03-13 18:10:00,2021,3,13,18,10,07,07172,Route de Colombier le Cardinal,45.277778,4.739725,Plein jour,Hors agglomération,Hors intersection,Normale,Sans collision,4,2,2,0,1,2,1,0,3,80,,1,0,0,1,0,68.0,,,,1,1,1,1,7
202100048194,2021-03-13 14:30:00,2021,3,13,14,30,85,85289,D49,46.66585,-0.686214,Plein jour,Hors agglomération,Hors intersection,Temps couvert,Autre collision,3,2,2,0,2,3,1,0,3,80,,2,0,0,1,1,25.0,,,,1,1,1,8,6
202100048195,2021-03-13 09:40:00,2021,3,13,9,40,30,30352,D6110,43.803221,4.087558,Plein jour,Hors agglomération,Hors intersection,Normale,Deux véhicules - frontale,3,2,2,0,2,2,1,0,1,80,,2,1,0,1,0,62.0,50.0,,,1,1,1,1,1
202100048196,2021-01-07 17:30:00,2021,1,7,17,30,88,88481,départementale 44 rue du cone,48.0990175406,6.3899713755,Crépuscule ou aube,En agglomération,Intersection en T,Autre,Deux véhicules - côté,3,2,2,0,1,1,2,0,1,70,,2,1,0,1,0,22.0,15.0,,,2,2,3,9,3
202100048197,2021-03-14 00:20:00,2021,3,14,0,20,973,97307,Rue des Negociants,4.87875,-52.320135,Nuit avec éclairage allumé,En agglomération,Hors intersection,Normale,Deux véhicules - frontale,4,2,2,0,1,1,1,0,1,50,,2,1,0,0,1,57.0,32.0,,,5,2,1,1,1
202100048198,2021-03-13 16:30:00,2021,3,13,16,30,57,57659,autoroute A320,49.201995,6.949217,Plein jour,Hors agglomération,Hors intersection,Neige / grêle,Autre collision,1,3,4,0,1,1,7,0,2,110,,1,0,0,1,0,22.0,,,,1,1,1,4,6
202100048199,2021-03-13 15:20:00,2021,3,13,15,20,51,51097,A4,49.0293706362,4.5377403849,Plein jour,Hors agglomération,Hors intersection,Vent fort / tempête,Sans collision,1,-1,4,0,1,1,2,0,2,130,,2,1,0,0,1,45.0,,,,1,1,1,6,7
202100048200,2021-03-12 17:35:00,2021,3,12,17,35,34,34172,A709,43.59183,3.901262,Plein jour,Hors agglomération,Hors intersection,Normale,Trois véhicules et plus - en chaîne,1,3,3,0,1,1,1,0,1,90,,5,3,0,1,1,44.0,25.0,,,1,1,1,1,4
202100048201,2021-03-14 00:20:00,2021,3,14,0,20,77,77483,109 Rue Victor Clairet,49.006296,2.93219,Nuit avec éclairage allumé,En agglomération,Hors intersection,Pluie légère,Autre collision,3,2,2,0,2,1,2,0,3,50,,3,0,1,1,1,25.0,,,,5,2,1,2,6
202100048202,2021-03-13 17:25:00,2021,3,13,17,25,83,83035,Dn8,43.244843,5.794644,Plein jour,Hors agglomération,Hors intersection,Normale,Deux véhicules - frontale,3,2,2,0,2,4,1,0,1,80,,2,1,0,1,0,28.0,48.0,,,1,1,1,1,1
202100048203,2021-03-13 17:40:00,2021,3,13,17,40,14,14737,Place de l’Eglise,48.91682,-0.17944,Plein jour,En agglomération,Intersection en T,Normale,Deux véhicules - côté,3,2,2,0,1,3,1,0,1,50,,2,1,0,1,0,16.0,68.0,,,1,2,3,1,3
202100048204,2021-03-14 16:15:00,2021,3,14,16,15,14,14488,Avenue de la Plage,49.282802,-0.257213,Plein jour,En agglomération,Intersection en T,Normale,Autre collision,3,2,-1,-1,1,1,1,0,1,-1,,2,1,0,1,0,68.0,,,,1,2,3,1,6
202100048205,2021-03-12 13:00:00,2021,3,12,13,0,13,13215,A7-Sens Marseille vers Lyon,43.3660070982,5.3606522083,Plein jour,Hors agglomération,Hors intersection,Normale,Deux véhicules - côté,1,1,4,0,1,1,1,0,1,90,,4,1,0,0,3,24.0,,,,1,1,1,1,3
202100048206,2021-03-13 07:25:00,2021,3,13,7,25,13,13015,A51-Sens Aix en Provence vers Marseille,43.45115,5.39616,Plein jour,Hors agglomération,Hors intersection,Normale,Sans collision,1,1,2,0,1,2,1,0,8,90,,1,0,0,0,1,54.0,,,,1,1,1,1,7
202100048207,2021-03-09 16:00:00,2021,3,9,16,0,13,13202,A55-Sens Marseille vers Martigues,43.32334,5.3635,Plein jour,Hors agglomération,Hors intersection,Normale,Deux véhicules - côté,1,1,2,0,1,1,1,2,1,70,,2,1,0,0,1,47.0,40.0,,,1,1,1,1,3
202100048208,2021-03-13 23:35:00,2021,3,13,23,35,33,33063,ROCADE A 630,44.884134,-0.559479,Nuit avec éclairage non allumé,Hors agglomération,Hors intersection,Pluie légère,Autre collision,1,1,3,0,1,3,2,3,1,50,,1,0,0,0,1,22.0,,,,4,1,1,2,6
202100048209,2021-03-13 19:45:00,2021,3,13,19,45,33,33063,Rocade Nord A630,44.883732,-0.560745,Nuit sans éclairage public,Hors agglomération,Hors intersection,Pluie légère,Autre collision,1,3,1,0,1,3,2,3,1,70,,3,1,0,0,2,34.0,,,,3,1,1,2,6
202100048210,2021-03-13 17:55:00,2021,3,13,17,55,33,33249,Rocade Rive Droite N230,44.8849196,-0.5110737,Plein jour,Hors agglomération,Hors intersection,Pluie légère,Sans collision,1,1,2,0,1,2,2,3,1,50,,1,0,0,0,1,26.0,,,,1,1,1,2,7
202100048211,2021-03-13 14:25:00,2021,3,13,14,25,91,91064,RN 118,48.74913,2.21239,Plein jour,Hors agglomération,Hors intersection,Pluie légère,Deux véhicules - arrière,2,1,0,0,1,1,2,0,1,90,,3,0,0,0,3,40.0,33.0,,,1,1,1,2,2
202100048212,2021-03-13 08:04:00,2021,3,13,8,4,91,91617,A5A/N6,48.63526,2.5357,Crépuscule ou aube,Hors agglomération,Hors intersection,Pluie légère,Sans collision,1,2,8,0,1,1,2,0,1,90,,2,0,0,0,2,46.0,,,,2,1,1,2,7
202100048213,2021-03-12 12:35:00,2021,3,12,12,35,91,91377,AUTOROUTE A10,48.722904,2.297061,Plein jour,Hors agglomération,Hors intersection,Normale,Deux véhicules - arrière,1,1,6,0,1,1,1,0,1,110,,2,1,0,0,1,,26.0,,,1,1,1,1,2
202100048214,2021-03-13 14:45:00,2021,3,13,14,45,92,92036,A86,48.9343469166,2.2696675005,Plein jour,Hors agglomération,Hors intersection,Pluie légère,Trois véhicules et plus - en chaîne,1,3,4,0,1,1,2,1,1,90,,7,2,0,0,5,44.0,43.0,,,1,1,1,2,4