accident_id,datetime,annee,mois,jour,heure,minute,departement,commune_insee,adresse,latitude,longitude,luminosite,agglomeration,intersection,meteo,collision,catr,circ,nbv,vosp,prof,plan,surf,infra,situ,vma,nb_vehicules,nb_usagers,nb_indemnes,nb_tues,nb_blesses_hosp,nb_blesses_legers,age_cond_1,age_cond_2,veh_type_cond_1,veh_type_cond_2,lum_code,agg_code,int_code,atm_code,col_code
202100048215,2021-03-13 13:40:00,2021,3,13,13,40,92,92047,A13,48.8353909775,2.1783346513,Plein jour,Hors agglomération,Hors intersection,Pluie légère,Deux véhicules - arrière,1,1,1,0,1,3,2,3,1,50,,2,1,0,0,1,52.0,50.0,,,1,1,1,2,2
202100048216,2021-03-13 13:55:00,2021,3,13,13,55,95,95351,RN 104,49.02797,2.50546,Plein jour,Hors agglomération,Hors intersection,Normale,Deux véhicules - arrière,2,3,4,0,1,1,1,0,1,110,,2,1,0,0,1,23.0,56.0,,,1,1,1,1,2
202100048217,2021-03-13 07:50:00,2021,3,13,7,50,95,95572,A15,49.02821,2.12834,Plein jour,Hors agglomération,Hors intersection,Pluie légère,Deux véhicules - côté,1,3,7,0,1,1,2,0,1,110,,2,1,0,0,1,23.0,41.0,,,1,1,1,2,3
202100048218,2021-03-13 03:15:00,2021,3,13,3,15,93,93053,AUTOROUTE A3,48.88766,2.47405,Nuit sans éclairage public,Hors agglomération,Hors intersection,Pluie légère,Deux véhicules - arrière,1,3,9,0,4,3,2,2,1,70,,2,1,0,0,1,32.0,24.0,,,3,1,1,2,2
202100048219,2021-03-12 22:00:00,2021,3,12,22,0,93,93027,BDL,48.92839,2.40294,Nuit sans éclairage public,Hors agglomération,Hors intersection,Pluie légère,Autre collision,1,3,4,0,2,3,2,0,1,70,,2,0,0,0,2,24.0,,,,3,1,1,2,6
202100048220,2021-03-08 11:00:00,2021,3,8,11,0,988,98818,PROMENADE ROGER LAROQUE,-22.3028,166.44322,Plein jour,En agglomération,Hors intersection,Normale,Deux véhicules - arrière,4,3,4,0,1,1,1,8,1,50,,2,1,0,0,1,88.0,16.0,,,1,2,1,1,2
202100048221,2021-03-12 09:45:00,2021,3,12,9,45,974,97416,DE VILLIERS 5CHEMIN ADAM),-21.2741506926,55.4987015979,Plein jour,Hors agglomération,Hors intersection,Normale,Sans collision,9,2,2,3,1,3,1,9,1,50,,1,0,0,1,0,18.0,,,,1,1,1,1,7
202100048222,2021-03-10 15:50:00,2021,3,10,15,50,974,97407,CROIZAT(RUE),-20.94185,55.28856,Plein jour,En agglomération,Intersection en X,Normale,Deux véhicules - côté,4,2,2,0,1,1,1,0,1,50,,3,2,0,0,1,74.0,31.0,,,1,2,2,1,3
202100048223,2021-03-11 21:45:00,2021,3,11,21,45,973,97302,TIGRE (ROUTE DU),4.9116,-52.308,Nuit avec éclairage non allumé,Hors agglomération,Hors intersection,Pluie légère,Sans collision,3,2,2,0,1,2,2,0,3,50,,1,0,0,0,1,47.0,,,,4,1,1,2,7
202100048224,2021-03-12 21:25:00,2021,3,12,21,25,69,69388,MARIUS BERLIET (R),45.73904,4.86657,Nuit avec éclairage allumé,En agglomération,Intersection en X,Normale,Deux véhicules - côté,4,1,2,3,1,1,1,0,1,50,,4,1,0,0,3,24.0,37.0,,,5,2,2,1,3
202100048225,2021-03-12 18:15:00,2021,3,12,18,15,69,69386,BELGES (DES)                        (BD),45.77207,4.85457,Crépuscule ou aube,En agglomération,Hors intersection,Normale,Deux véhicules - arrière,4,1,4,0,1,1,1,0,1,50,,3,2,0,0,1,29.0,90.0,,,2,2,1,1,2
202100048226,2021-03-11 22:30:00,2021,3,11,22,30,69,69387,DOMER (R),45.7473055972,4.8479866042,Nuit avec éclairage allumé,En agglomération,Intersection en X,Pluie légère,Deux véhicules - côté,4,1,1,0,1,1,2,0,1,50,,2,0,0,2,0,31.0,30.0,,,5,2,2,2,3
202100048227,2021-03-12 00:35:00,2021,3,12,0,35,972,97213,ROUTE NATIONALE 1,14.61959,-60.99414,Nuit sans éclairage public,Hors agglomération,Giratoire,Normale,Deux véhicules - frontale,2,1,2,0,1,3,1,9,1,70,,2,1,0,0,1,22.0,29.0,,,3,1,6,1,1
202100048228,2021-03-12 08:00:00,2021,3,12,8,0,69,69389,OBSERVANCE (DE L') (MO),45.766510181,4.8095915536,Plein jour,En agglomération,Hors intersection,Normale,Autre collision,4,2,2,0,1,1,1,0,1,50,,2,1,0,0,1,20.0,,,,1,2,1,1,6
202100048229,2021-03-12 05:35:00,2021,3,12,5,35,69,69034,GEORGES CLEMENCEAU (Q),45.81067,4.84539,Nuit avec éclairage allumé,En agglomération,Hors intersection,Temps couvert,Deux véhicules - côté,7,2,2,0,1,3,2,9,1,50,,2,0,0,0,2,19.0,39.0,,,5,2,1,8,3
202100048230,2021-03-11 13:20:00,2021,3,11,13,20,971,97101,MORNE TORUDU - CHAUVEL (CHEMIN),16.23242,-61.5214,Plein jour,Hors agglomération,Hors intersection,Normale,Deux véhicules - frontale,4,2,2,0,3,3,1,0,1,50,,2,1,0,1,0,71.0,61.0,,,1,1,1,1,1
202100048231,2021-03-03 21:45:00,2021,3,3,21,45,971,97120,MARINA (ZONE COMMERCIALE),16.22064,-61.52807,Nuit avec éclairage allumé,Hors agglomération,Hors intersection,Normale,Autre collision,9,2,2,3,1,1,1,9,6,30,,1,0,0,1,0,64.0,,,,5,1,1,1,6
202100048232,2021-03-12 21:12:00,2021,3,12,21,12,91,91103,RUE JEAN JAURES,48.6075,2.309462,Nuit avec éclairage allumé,En agglomération,Autre intersection,Pluie légère,Deux véhicules - frontale,4,2,2,0,1,1,1,0,1,50,,4,3,0,0,1,23.0,19.0,,,5,2,9,2,1
202100048233,2021-03-12 16:25:00,2021,3,12,16,25,91,91589,AV CHARLES DE GAULLE,48.676869,2.349816,Plein jour,En agglomération,Intersection en X,Pluie forte,Deux véhicules - côté,3,2,2,0,2,1,2,0,1,50,,2,1,0,0,1,51.0,35.0,,,1,2,2,3,3
202100048234,2021-03-11 15:45:00,2021,3,11,15,45,87,87085,PERRIN (RUE FRANCOIS),45.8296,1.24679,Plein jour,En agglomération,Hors intersection,Pluie légère,Trois véhicules et plus - en chaîne,4,2,2,0,1,1,2,0,1,50,,4,3,0,0,1,56.0,78.0,,,1,2,1,2,4
202100048235,2021-03-11 06:22:00,2021,3,11,6,22,87,87085,ARMAND (AVE Z.A.C,45.86284,1.27367,Nuit avec éclairage allumé,En agglomération,Hors intersection,Pluie légère,Deux véhicules - côté,4,3,2,0,2,1,2,0,1,50,,2,1,0,0,1,46.0,28.0,,,5,2,1,2,3
202100048236,2021-03-10 09:33:00,2021,3,10,9,33,87,87085,Georges GUINGOUIN(rue),45.9074897,1.2953673,Plein jour,En agglomération,Intersection en X,Normale,Deux véhicules - côté,3,2,2,0,1,2,2,0,1,50,,2,0,0,1,1,89.0,55.0,,,1,2,2,1,3
202100048237,2021-03-12 11:10:00,2021,3,12,11,10,83,83137,LOTI (AVE PIERRE),43.1134975002,5.9478467278,Plein jour,En agglomération,Hors intersection,Normale,Autre collision,4,3,2,0,4,1,1,0,1,50,,2,1,0,1,0,49.0,,,,1,2,1,1,6
202100048238,2021-03-10 10:00:00,2021,3,10,10,0,83,83129,MONT SALVA (CHEMIN DU),43.07159,5.80867,Plein jour,En agglomération,Intersection en T,Temps éblouissant,Deux véhicules - frontale,4,2,1,0,1,2,1,0,1,30,,2,1,0,0,1,62.0,73.0,,,1,2,3,7,1
202100048239,2021-03-12 13:40:00,2021,3,12,13,40,79,79191,Rue des Equarts,46.32138,-0.4758,Plein jour,En agglomération,Intersection en X,Normale,Deux véhicules - frontale,4,1,1,0,1,1,1,0,1,50,,2,1,0,0,1,62.0,19.0,,,1,2,2,1,1
202100048240,2021-03-11 11:50:00,2021,3,11,11,50,77,77258,SUFFRAGE UNIVERSEL (RUE DU),48.837164,2.630968,Plein jour,En agglomération,Hors intersection,Normale,Deux véhicules - côté,4,2,2,0,2,1,1,0,1,50,,3,2,0,0,1,43.0,47.0,,,1,2,1,1,3
202100048241,2021-03-10 17:40:00,2021,3,10,17,40,76,76540,Boulevard de Verdun,49.446238,1.107046,Plein jour,En agglomération,Intersection en T,Pluie légère,Trois véhicules et plus - collisions multiples,4,2,4,3,1,1,2,-1,1,50,,3,2,0,0,1,34.0,44.0,,,1,2,3,2,5
202100048242,2021-03-11 08:35:00,2021,3,11,8,35,76,76540,SENARD. RUE,49.450903,1.091419,Plein jour,En agglomération,Autre intersection,Normale,Sans collision,4,1,1,0,1,1,1,9,1,30,,2,1,0,0,1,45.0,,,,1,2,9,1,7
202100048243,2021-03-09 08:45:00,2021,3,9,8,45,76,76540,RONDEAUX. AVENUE JEAN,49.43337,1.0752,Plein jour,En agglomération,Hors intersection,Normale,Deux véhicules - arrière,4,2,2,1,1,1,1,0,5,30,,2,1,0,0,1,38.0,26.0,,,1,2,1,1,2
202100048244,2021-03-12 07:45:00,2021,3,12,7,45,76,76305,PONT VIII (ROUTE DU),49.49729,0.2112,Plein jour,En agglomération,Hors intersection,Normale,Deux véhicules - côté,4,2,2,0,1,1,2,0,1,50,,2,1,1,0,0,39.0,55.0,,,1,2,1,1,3
202100048245,2021-03-11 15:39:00,2021,3,11,15,39,71,71270,BIOUX (ROUTE DE),46.29815,4.81954,Plein jour,En agglomération,Hors intersection,Pluie légère,Autre collision,3,2,2,1,1,1,2,5,1,50,,3,2,0,0,1,23.0,,,,1,2,1,2,6
202100048246,2021-03-12 18:15:00,2021,3,12,18,15,69,69266,EMILE ZOLA (CR),45.7639304647,4.9101161957,Plein jour,En agglomération,Hors intersection,Normale,Trois véhicules et plus - en chaîne,4,1,1,0,2,2,1,0,1,50,,4,2,0,0,2,28.0,47.0,,,1,2,1,1,4
202100048247,2021-03-12 07:15:00,2021,3,12,7,15,69,69256,HENRI BARBUSSE (AV),45.78383,4.91683,Crépuscule ou aube,En agglomération,Hors intersection,Normale,Autre collision,4,2,2,0,1,1,2,0,4,50,,2,0,0,0,2,,,,,2,2,1,1,6
202100048248,2021-03-08 10:45:00,2021,3,8,10,45,65,65440,BRIAND (AVENUE ARISTIDE),43.21854,0.05774,Plein jour,En agglomération,Intersection en T,Pluie légère,Deux véhicules - côté,3,2,3,0,1,1,2,0,1,50,,2,1,0,0,1,67.0,22.0,,,1,2,3,2,3
202100048249,2021-03-07 11:35:00,2021,3,7,11,35,65,65286,MARQUI (AVENUE ALEXANDRE),43.102507,-0.043471,Plein jour,En agglomération,Hors intersection,Temps couvert,Autre collision,3,2,3,0,1,1,1,9,1,50,,2,1,0,1,0,23.0,,,,1,2,1,8,6
202100048250,2021-03-12 13:00:00,2021,3,12,13,0,64,64445,HENRI FAISANS,43.299013,-0.363074,Plein jour,En agglomération,Intersection en X,Pluie légère,Deux véhicules - côté,4,2,2,0,1,1,2,0,1,30,,2,1,0,0,1,44.0,16.0,,,1,2,2,2,3
202100048251,2021-03-11 18:08:00,2021,3,11,18,8,64,64132,D 802,43.28663,-0.34063,Plein jour,En agglomération,Hors intersection,Normale,Deux véhicules - arrière,3,2,2,0,1,1,1,1,1,50,,4,2,0,0,2,52.0,22.0,,,1,2,1,1,2
202100048252,2021-03-12 15:00:00,2021,3,12,15,0,64,64024,BUTTE AUX CAILLES (ROND POINT DE LA),43.497142,-1.50892,Plein jour,En agglomération,Giratoire,Normale,Deux véhicules - arrière,4,2,2,0,1,2,1,0,1,50,,3,1,0,0,2,62.0,32.0,,,1,2,6,1,2
202100048253,2021-03-12 13:05:00,2021,3,12,13,5,64,64102,AQUITAINE (AVENUE DE L'),43.4867,-1.46371,Plein jour,En agglomération,Hors intersection,Normale,Deux véhicules - arrière,3,2,3,0,1,1,2,0,1,50,,3,1,0,0,2,37.0,30.0,,,1,2,1,1,2
202100048254,2021-03-10 00:15:00,2021,3,10,0,15,62,62051,HUMBLOT IGNACE ( RUE ),50.517604,2.778909,Nuit avec éclairage allumé,En agglomération,Intersection en X,Normale,Autre collision,3,2,2,0,1,1,1,0,4,50,,6,0,0,4,2,20.0,,,,5,2,2,1,6
202100048255,2021-03-12 05:30:00,2021,3,12,5,30,57,57240,METZ (RUE DE),49.14291,6.81369,Nuit avec éclairage allumé,En agglomération,Intersection à plus de 4 branches,Temps couvert,Deux véhicules - côté,3,2,2,0,1,1,2,5,1,50,,3,2,0,0,1,62.0,21.0,,,5,2,5,8,3
202100048256,2021-03-11 09:30:00,2021,3,11,9,30,56,56260,GARE (GIRATOIRE DE LA),47.6640912781,-2.7553930879,Plein jour,En agglomération,Giratoire,Normale,Deux véhicules - côté,4,2,2,0,2,3,2,5,1,30,,2,1,0,0,1,74.0,35.0,,,1,2,6,1,3
202100048257,2021-03-12 08:29:00,2021,3,12,8,29,51,51454,Rue du Champ de Mars,49.2634760999,4.037232846,Plein jour,En agglomération,Hors intersection,Normale,Deux véhicules - arrière,4,2,4,1,1,1,1,0,1,50,,2,0,0,0,2,43.0,26.0,,,1,2,1,1,2
202100048258,2021-03-07 12:00:00,2021,3,7,12,0,50,50129,BREMERHAVEN (AVENUE DE),49.63069,-1.60456,Plein jour,En agglomération,Intersection en Y,Normale,Autre collision,4,2,2,0,1,3,1,5,1,50,,1,0,1,0,0,36.0,,,,1,2,4,1,6
202100048259,2021-03-09 15:00:00,2021,3,9,15,0,49,49328,MOULIN (BOULEVARD JEAN),47.2365,-0.07067,Plein jour,En agglomération,Hors intersection,Normale,Deux véhicules - côté,4,2,2,0,1,1,1,0,1,50,,2,1,0,0,1,43.0,39.0,,,1,2,1,1,3
202100048260,2021-03-12 15:45:00,2021,3,12,15,45,49,49007,SAINT JACQUES,47.4737823441,-0.5744015589,Plein jour,En agglomération,Hors intersection,Normale,Deux véhicules - côté,4,2,2,0,1,1,1,0,1,50,,2,1,0,0,1,45.0,31.0,,,1,2,1,1,3
202100048261,2021-03-12 13:25:00,2021,3,12,13,25,49,49007,GRAND LAUNAY,47.466743,-0.593948,Plein jour,En agglomération,Hors intersection,Normale,Deux véhicules - arrière,4,2,2,0,1,1,2,0,1,50,,2,1,0,0,1,25.0,28.0,,,1,2,1,1,2
202100048262,2021-03-12 09:06:00,2021,3,12,9,6,49,49015,RAFOUX ALLEE DES,47.504,-0.57118,Plein jour,En agglomération,Hors intersection,Normale,Autre collision,4,2,2,0,2,2,2,0,3,50,,2,1,0,1,0,22.0,,,,1,2,1,1,6
202100048263,2021-03-12 07:55:00,2021,3,12,7,55,49,49007,RD 323,47.46728,-0.58402,Plein jour,Hors agglomération,Hors intersection,Normale,Deux véhicules - arrière,3,2,4,0,1,1,2,0,1,90,,2,0,0,0,2,31.0,21.0,,,1,1,1,1,2
202100048264,2021-03-12 18:25:00,2021,3,12,18,25,45,45004,946 Rue de la Vallée,47.970761,2.769334,Plein jour,En agglomération,Hors intersection,Temps couvert,Sans collision,3,2,2,0,1,1,1,0,1,50,,1,0,0,0,1,18.0,,,,1,2,1,8,7
202100048265,2021-03-12 16:06:00,2021,3,12,16,6,45,45004,Rue des Bourgoins,47.99813,2.77038,Plein jour,En agglomération,Intersection en T,Normale,Deux véhicules - côté,4,2,2,0,1,1,1,0,1,50,,3,2,0,0,1,18.0,68.0,,,1,2,3,1,3
202100048266,2021-03-12 17:00:00,2021,3,12,17,0,42,42207,Rue Gambetta,45.47295,4.5098,Crépuscule ou aube,En agglomération,Intersection en Y,Normale,Autre collision,4,2,2,0,1,1,1,0,1,50,,2,1,0,1,0,48.0,,,,2,2,4,1,6
202100048267,2021-03-01 12:59:00,2021,3,1,12,59,42,42207,Route de Cellieu,45.49217,4.52508,Plein jour,En agglomération,Intersection en X,Normale,Deux véhicules - côté,7,2,2,0,1,1,1,0,1,50,,3,2,0,1,0,21.0,18.0,,,1,2,2,1,3
202100048268,2021-03-10 18:37:00,2021,3,10,18,37,40,40192,MARTYRS DE LA RÉSISTANCE (AV DES),43.88701,-0.514,Plein jour,En agglomération,Intersection en X,Normale,Deux véhicules - côté,3,2,2,1,1,1,1,0,1,50,,3,2,0,1,0,23.0,23.0,,,1,2,2,1,3
202100048269,2021-03-12 23:20:00,2021,3,12,23,20,38,38423,Route de Grenoble,45.2201,5.69152,Nuit avec éclairage allumé,En agglomération,Intersection en X,Normale,Deux véhicules - côté,7,3,2,1,1,1,1,5,1,50,,3,1,0,0,2,68.0,20.0,,,5,2,2,1,3
202100048270,2021-03-12 14:00:00,2021,3,12,14,0,35,35238,Rue de Nantes,48.094713,-1.690173,Plein jour,En agglomération,Intersection en X,Pluie légère,Deux véhicules - côté,4,2,2,0,1,1,2,5,1,30,,2,1,0,1,0,,23.0,,,1,2,2,2,3
202100048271,2021-03-12 12:00:00,2021,3,12,12,0,35,35238,CHATEAUBRIAND (QUAI),48.110215,-1.676312,Plein jour,En agglomération,Hors intersection,Normale,Autre collision,4,1,1,1,1,1,1,0,5,30,,2,1,0,0,1,,,,,1,2,1,1,6
202100048272,2021-03-11 18:00:00,2021,3,11,18,0,35,35206,PORTE DE BREQUIGNY,48.080316,-1.6961,Plein jour,En agglomération,Hors intersection,Normale,Trois véhicules et plus - en chaîne,2,3,4,0,1,1,1,0,1,90,,4,2,0,0,2,29.0,46.0,,,1,2,1,1,4
202100048273,2021-03-12 17:05:00,2021,3,12,17,5,33,33249,Rue Pierre Mendes-France,44.879994,-0.516048,Plein jour,En agglomération,Hors intersection,Normale,Deux véhicules - arrière,4,2,3,2,1,1,1,0,1,50,,2,0,0,0,2,53.0,74.0,,,1,2,1,1,2
202100048274,2021-03-12 16:25:00,2021,3,12,16,25,30,30189,TALABOT (BOULEVARD),43.8384372571,4.3724750876,Plein jour,En agglomération,Intersection en X,Normale,Autre collision,3,1,2,0,1,1,1,0,1,50,,2,1,1,0,0,26.0,,,,1,2,2,1,6
202100048275,2021-03-12 07:40:00,2021,3,12,7,40,30,30007,MALADRERIES (AVE DES),44.1196546067,4.1031893492,Crépuscule ou aube,En agglomération,Intersection en T,Normale,Deux véhicules - côté,4,2,2,0,1,1,1,0,1,50,,2,1,0,0,1,49.0,51.0,,,2,2,3,1,3
202100048276,2021-03-12 18:25:00,2021,3,12,18,25,27,27229,RN 154,49.02924,1.18623,Crépuscule ou aube,En agglomération,Hors intersection,Pluie légère,Sans collision,2,1,1,0,1,3,2,3,3,50,,2,0,0,0,2,20.0,,,,2,2,1,2,7
202100048277,2021-03-12 08:52:00,2021,3,12,8,52,17,17291,JUSTICES   RUE DU MOULIN DES (5,46.17476,-1.13026,Plein jour,En agglomération,Hors intersection,Pluie légère,Autre collision,4,2,2,1,1,1,2,0,5,50,,2,1,0,0,1,20.0,,,,1,2,1,2,6
202100048278,2021-03-12 08:08:00,2021,3,12,8,8,17,17028,GRASSET   AVENUE EDMOND,46.130834,-1.091807,Plein jour,Hors agglomération,Hors intersection,Normale,Trois véhicules et plus - en chaîne,3,2,2,0,1,1,1,0,1,50,,3,2,0,0,1,33.0,24.0,,,1,1,1,1,4
202100048279,2021-03-12 17:20:00,2021,3,12,17,20,13,13211,GRANIERE (RUE DE LA),43.287125,5.458614,Plein jour,En agglomération,Hors intersection,Normale,Autre collision,9,2,2,0,3,1,1,0,1,30,,2,1,0,1,0,20.0,,,,1,2,1,1,6
202100048280,2021-03-12 13:13:00,2021,3,12,13,13,13,13202,REPUBLIQUE (RUE DE LA),43.30169,5.3698,Plein jour,En agglomération,Hors intersection,Normale,Autre collision,4,2,2,3,1,1,1,0,6,50,,3,1,0,0,2,53.0,,,,1,2,1,1,6
202100048281,2021-03-10 18:00:00,2021,3,10,18,0,13,13028,FERRY (AVENUE JULES ),43.1844,5.6049,Plein jour,En agglomération,Intersection en X,Normale,Deux véhicules - côté,4,3,11,0,1,1,1,5,1,30,,2,0,0,0,2,16.0,22.0,,,1,2,2,1,3
202100048282,2021-03-12 09:55:00,2021,3,12,9,55,10,10297,CLAUDE DEBUSSY (RUE),48.32211,4.1056,Plein jour,En agglomération,Intersection en T,Normale,Deux véhicules - côté,4,2,0,0,1,1,1,0,1,50,,2,1,0,0,1,16.0,20.0,,,1,2,3,1,3
202100048283,2021-03-12 21:30:00,2021,3,12,21,30,06,06088,GORBELLA (BD DE),43.71743,7.256898,Nuit avec éclairage allumé,En agglomération,Hors intersection,Normale,Autre collision,9,2,0,3,2,1,1,9,6,30,,2,1,0,1,0,26.0,,,,5,2,1,1,6
202100048284,2021-03-11 17:19:00,2021,3,11,17,19,06,06029,CARNOT (BOULEVARD),43.555968,7.017038,Plein jour,En agglomération,Hors intersection,Normale,Autre collision,4,2,2,3,1,1,1,0,6,50,,2,0,0,0,2,34.0,,,,1,2,1,1,6
202100048285,2021-02-26 17:05:00,2021,2,26,17,5,01,01014,CARREFOUR POINT B,46.28492,5.66176,Plein jour,En agglomération,Giratoire,Normale,Deux véhicules - côté,1,3,0,3,1,1,1,3,1,110,,2,1,0,1,0,70.0,22.0,,,1,2,6,1,3
202100048286,2021-03-12 18:33:00,2021,3,12,18,33,75,75105,RUE MONGE,48.838476,2.350694,Crépuscule ou aube,En agglomération,Intersection à plus de 4 branches,Pluie légère,Deux véhicules - côté,4,2,2,0,1,1,2,0,1,30,,2,1,0,0,1,26.0,52.0,,,2,2,5,2,3
202100048287,2021-03-12 19:20:00,2021,3,12,19,20,75,75119,AVENUE JEAN JAURES,48.885177,2.379389,Nuit avec éclairage allumé,En agglomération,Intersection en T,Pluie légère,Deux véhicules - côté,4,2,4,0,1,1,2,0,1,50,,3,2,0,0,1,51.0,23.0,,,5,2,3,2,3
202100048288,2021-03-11 21:00:00,2021,3,11,21,0,75,75117,AVENUE DE LA PORTE D ASNIERES,48.892296,2.301014,Crépuscule ou aube,En agglomération,Intersection en X,Normale,Deux véhicules - côté,4,2,6,0,1,1,1,0,1,50,,2,1,0,0,1,73.0,36.0,,,2,2,2,1,3
202100048289,2021-03-12 13:15:00,2021,3,12,13,15,75,75115,RUE ERNEST RENAN,48.843037,2.310097,Plein jour,En agglomération,Hors intersection,Normale,Deux véhicules - côté,4,1,1,0,1,1,1,0,1,50,,2,1,0,0,1,29.0,47.0,,,1,2,1,1,3
202100048290,2021-03-12 02:45:00,2021,3,12,2,45,75,75115,RUE LOUIS ARMAND,48.8327442633,2.2787457705,Nuit avec éclairage allumé,En agglomération,Intersection en T,Normale,Deux véhicules - arrière,4,2,0,0,1,1,2,0,1,50,,2,1,0,0,1,20.0,48.0,,,5,2,3,1,2
202100048291,2021-03-09 13:05:00,2021,3,9,13,5,75,75115,AVENUE DE SUFFREN,48.852258,2.299193,Plein jour,En agglomération,Intersection en Y,Normale,Deux véhicules - côté,4,2,2,0,1,1,1,0,1,50,,2,1,0,0,1,49.0,21.0,,,1,2,4,1,3
202100048292,2021-03-12 21:10:00,2021,3,12,21,10,75,75113,RUE NEUVE TOLBIAC,48.830553,2.376755,Nuit avec éclairage allumé,En agglomération,Intersection en X,Pluie légère,Deux véhicules - côté,4,2,2,2,2,1,2,-1,5,50,,2,1,0,0,1,33.0,32.0,,,5,2,2,2,3
202100048293,2021-03-12 11:30:00,2021,3,12,11,30,75,75112,BOULEVARD PONIATOWSKI,48.83492,2.405465,Plein jour,En agglomération,Intersection en X,Normale,Autre collision,4,1,2,0,1,1,1,0,4,50,,1,0,0,0,1,33.0,,,,1,2,2,1,6
202100048294,2021-03-05 17:10:00,2021,3,5,17,10,75,75112,QUAI DE LA RAPEE,48.8408630358,2.3738380618,Plein jour,En agglomération,Intersection en T,Normale,Sans collision,4,1,1,0,1,1,1,0,1,50,,1,0,0,0,1,19.0,,,,1,2,3,1,7
202100048295,2021-03-12 09:10:00,2021,3,12,9,10,75,75112,BOULEVARD DE LA GUYANE,48.836186,2.412728,Plein jour,En agglomération,Intersection en T,Normale,Deux véhicules - côté,4,2,2,0,1,1,1,0,1,50,,2,1,0,0,1,28.0,29.0,,,1,2,3,1,3
202100048296,2021-03-12 07:47:00,2021,3,12,7,47,75,75110,RUE DU FAUBOURG SAINT MARTIN,48.869266,2.35572,Plein jour,En agglomération,Place,Normale,Deux véhicules - côté,4,1,3,3,1,1,1,-1,6,50,,2,1,0,0,1,57.0,52.0,,,1,2,7,1,3
202100048297,2021-03-12 19:30:00,2021,3,12,19,30,75,75109,RUE LA FAYETTE,48.877216,2.349016,Nuit avec éclairage allumé,En agglomération,Intersection en X,Pluie légère,Autre collision,4,1,3,0,1,1,2,0,1,50,,1,0,0,0,1,28.0,,,,5,2,2,2,6
202100048298,2021-03-11 15:50:00,2021,3,11,15,50,75,75104,BOULEVARD BOURDON,48.8528949434,2.3684336768,Plein jour,En agglomération,Intersection en Y,Pluie légère,Autre collision,4,2,5,0,1,2,2,0,1,50,,1,0,0,0,1,76.0,,,,1,2,4,2,6
202100048299,2021-03-12 09:15:00,2021,3,12,9,15,94,94081,CHARLES INFROIT (R),48.79552,2.39163,Plein jour,En agglomération,Hors intersection,Normale,Autre collision,4,2,2,0,1,1,1,0,1,50,,2,1,0,0,1,58.0,,,,1,2,1,1,6
202100048300,2021-03-11 09:15:00,2021,3,11,9,15,94,94081,JEAN JAURES (AV),48.79408,2.40059,Plein jour,En agglomération,Intersection en T,Pluie légère,Deux véhicules - côté,3,2,4,0,1,1,2,0,1,50,,2,1,0,0,1,44.0,,,,1,2,3,2,3
202100048301,2021-03-12 20:24:00,2021,3,12,20,24,94,94044,ROGER SALENGRO (R),48.75139,2.48819,Nuit avec éclairage allumé,En agglomération,Hors intersection,Pluie forte,Autre collision,3,2,2,0,1,2,2,0,1,30,,2,1,0,0,1,21.0,,,,5,2,1,3,6
202100048302,2021-03-12 15:50:00,2021,3,12,15,50,94,94068,CHENNEVIERES (AV DE),48.7897796651,2.5149464607,Plein jour,En agglomération,Intersection en X,Pluie légère,Deux véhicules - côté,4,2,2,0,1,1,2,0,1,30,,2,1,0,0,1,19.0,30.0,,,1,2,2,2,3
202100048303,2021-03-12 09:45:00,2021,3,12,9,45,94,94065,CHARLES LINDBERGH (AV),48.74785,2.35759,Plein jour,En agglomération,Hors intersection,Normale,Deux véhicules - arrière,3,1,4,0,1,1,1,0,1,50,,2,0,0,0,2,35.0,57.0,,,1,2,1,1,2
202100048304,2021-03-12 08:50:00,2021,3,12,8,50,94,94028,VERDUN.(AVENUE DE),48.79762,2.46417,Plein jour,En agglomération,Hors intersection,Normale,Autre collision,3,3,2,0,1,1,1,0,1,50,,2,0,0,0,2,64.0,,,,1,2,1,1,6
202100048305,2021-03-12 12:20:00,2021,3,12,12,20,94,94017,MAURICE THOREZ (AV),48.81353,2.53755,Plein jour,En agglomération,Hors intersection,Temps couvert,Deux véhicules - arrière,3,-1,1,0,1,1,1,0,1,50,,2,1,0,0,1,30.0,51.0,,,1,2,1,8,2
202100048306,2021-03-11 17:00:00,2021,3,11,17,0,93,93072,STALINGRAD (AVENUE DE) COTE DES N°51 AU,48.9480468698,2.3771272868,Plein jour,En agglomération,Hors intersection,Temps couvert,Autre collision,3,2,2,0,1,1,2,0,1,50,,2,1,0,0,1,24.0,,,,1,2,1,8,6
202100048307,2021-03-12 11:15:00,2021,3,12,11,15,93,93070,ENTREPOTS (RUE DES),48.90238,2.346,Plein jour,En agglomération,Intersection en T,Normale,Autre collision,4,1,1,0,1,1,1,0,1,50,,2,1,0,0,1,,,,,1,2,3,1,6
202100048308,2021-03-11 14:20:00,2021,3,11,14,20,93,93053,MONTREUIL A CLAYE (CHEMIN DE),48.8890704096,2.4712443352,Plein jour,En agglomération,Intersection en Y,Pluie légère,Deux véhicules - arrière,3,1,2,3,1,2,2,0,1,50,,2,1,0,0,1,56.0,36.0,,,1,2,4,2,2
202100048309,2021-03-12 09:30:00,2021,3,12,9,30,93,93048,ERNEST RENAN (AVENUE),48.8684,2.4427,Plein jour,En agglomération,Intersection en T,Normale,Deux véhicules - côté,4,2,1,0,1,1,1,0,1,30,,2,1,0,0,1,20.0,44.0,,,1,2,3,1,3
202100048310,2021-03-12 15:30:00,2021,3,12,15,30,93,93032,JEAN JAURES (AVENUE),48.8835392564,2.5294854574,Plein jour,En agglomération,Hors intersection,Normale,Autre collision,3,1,2,0,1,1,1,0,1,50,,2,1,0,0,1,37.0,,,,1,2,1,1,6