accident_id,datetime,annee,mois,jour,heure,minute,departement,commune_insee,adresse,latitude,longitude,luminosite,agglomeration,intersection,meteo,collision,catr,circ,nbv,vosp,prof,plan,surf,infra,situ,vma,nb_vehicules,nb_usagers,nb_indemnes,nb_tues,nb_blesses_hosp,nb_blesses_legers,age_cond_1,age_cond_2,veh_type_cond_1,veh_type_cond_2,lum_code,agg_code,int_code,atm_code,col_code
202100048311,2021-03-12 13:04:00,2021,3,12,13,4,93,93031,MARNE (AVENUE DE LA),48.9527665359,2.327541772,Plein jour,En agglomération,Intersection en X,Normale,Autre collision,4,2,2,0,1,1,1,5,1,50,,2,1,0,1,0,25.0,,,,1,2,2,1,6
202100048312,2021-03-12 17:50:00,2021,3,12,17,50,93,93007,CHARLES GOUNOD (RUE),48.9383600078,2.468753853,Crépuscule ou aube,En agglomération,Intersection en X,Pluie légère,Deux véhicules - côté,4,2,2,0,1,1,2,0,1,50,,5,4,0,0,1,,36.0,,,2,2,2,2,3
202100048313,2021-03-12 12:15:00,2021,3,12,12,15,93,93005,RAOUL DUFY (AVENUE),48.9602146259,2.5022955582,Plein jour,En agglomération,Intersection en T,Normale,Trois véhicules et plus - en chaîne,4,2,2,0,1,1,1,0,1,50,,3,2,0,0,1,24.0,51.0,,,1,2,3,1,4
202100048314,2021-03-10 10:35:00,2021,3,10,10,35,92,92035,Verdun 1916 ( avenue de ),48.905215,2.234297,Plein jour,En agglomération,Hors intersection,Normale,Deux véhicules - arrière,3,2,4,0,1,1,1,0,1,50,,2,0,0,0,2,59.0,28.0,,,1,2,1,1,2
202100048315,2021-03-12 16:10:00,2021,3,12,16,10,92,92025,FINLANDE (BD DE),48.931129456,2.2592043456,Plein jour,En agglomération,Intersection en X,Temps couvert,Deux véhicules - frontale,4,1,0,0,1,1,2,0,1,50,,2,1,0,0,1,17.0,31.0,,,1,2,2,8,1
202100048316,2021-03-11 10:40:00,2021,3,11,10,40,92,92025,KLEBER (AV),48.9310004733,2.243911922,Plein jour,En agglomération,Autre intersection,Normale,Trois véhicules et plus - en chaîne,3,2,5,0,1,1,1,5,1,50,,3,1,0,0,2,29.0,21.0,,,1,2,9,1,4
202100048317,2021-03-12 12:00:00,2021,3,12,12,0,92,92004,ARGENTEUIL AV D',48.9237495337,2.2756095976,Plein jour,En agglomération,Hors intersection,Normale,Deux véhicules - côté,3,2,0,0,1,1,1,0,1,50,,2,1,0,0,1,70.0,24.0,,,1,2,1,1,3
202100048318,2021-03-09 21:30:00,2021,3,9,21,30,31,31364,Avenue du Roustillou,43.723967,1.494473,Nuit sans éclairage public,Hors agglomération,Hors intersection,Normale,Autre collision,3,2,2,0,1,3,1,0,3,80,,1,0,0,1,0,40.0,,,,3,1,1,1,6
202100048319,2021-02-15 06:05:00,2021,2,15,6,5,972,97227,N5,14.468518,-60.923352,Crépuscule ou aube,Hors agglomération,Hors intersection,Normale,Deux véhicules - frontale,2,2,2,0,1,3,1,1,1,50,,2,1,0,0,1,34.0,63.0,,,2,1,1,1,1
202100048320,2021-03-12 19:20:00,2021,3,12,19,20,972,97234,Fond Capot - RN2 - PK 18+800,14.678003,-61.165239,Nuit sans éclairage public,Hors agglomération,Hors intersection,Normale,Autre collision,2,2,2,0,-1,1,1,0,1,70,,2,1,1,0,0,75.0,,,,3,1,1,1,6
202100048321,2021-03-13 01:45:00,2021,3,13,1,45,62,62124,D146,50.494182,1.726453,Nuit sans éclairage public,Hors agglomération,Intersection en T,Vent fort / tempête,Autre collision,3,2,2,0,2,3,2,0,3,80,,2,0,0,1,1,48.0,,,,3,1,3,6,6
202100048322,2021-03-12 10:45:00,2021,3,12,10,45,56,56058,Boulevard de la Couvranne,47.482063,-2.346721,Plein jour,En agglomération,Giratoire,Pluie forte,Deux véhicules - arrière,3,2,2,0,1,1,2,9,1,50,,2,1,0,0,1,43.0,76.0,,,1,2,6,3,2
202100048323,2021-03-13 07:55:00,2021,3,13,7,55,76,76750,CD982,49.460063,0.835197,Plein jour,Hors agglomération,Hors intersection,Pluie légère,Deux véhicules - côté,7,2,2,0,1,3,2,9,1,90,,3,0,0,2,1,49.0,22.0,,,1,1,1,2,3
202100048324,2021-03-12 20:20:00,2021,3,12,20,20,2B,2B050,route territoriale 30,42.549358,8.786804,Nuit sans éclairage public,Hors agglomération,Hors intersection,Normale,Deux véhicules - côté,2,2,2,0,1,3,1,0,1,70,,3,2,0,0,1,44.0,29.0,,,3,1,1,1,3
202100048325,2021-03-13 16:00:00,2021,3,13,16,0,11,11235,D54,43.005769,2.370343,Plein jour,En agglomération,Hors intersection,Normale,Sans collision,3,2,2,0,1,1,1,0,1,30,,2,0,0,1,1,38.0,,,,1,2,1,1,7
202100048326,2021-03-13 10:48:00,2021,3,13,10,48,71,71135,Rue des Carrieres,46.433526,4.830752,Plein jour,En agglomération,Intersection en X,Normale,Deux véhicules - côté,3,2,2,0,1,1,1,0,3,50,,2,1,0,1,0,18.0,59.0,,,1,2,2,1,3
202100048327,2021-03-13 07:45:00,2021,3,13,7,45,49,49041,carrefour de bonneveau - CD 10,47.288225,0.047722,Plein jour,Hors agglomération,Intersection en X,Pluie légère,Deux véhicules - côté,3,2,2,0,1,1,2,5,1,80,,2,1,1,0,0,53.0,91.0,,,1,1,2,2,3
202100048328,2021-03-13 13:10:00,2021,3,13,13,10,12,12224,Route de Combetalade,44.468271,2.985165,Plein jour,En agglomération,Intersection en X,Pluie légère,Deux véhicules - côté,4,2,2,0,2,1,2,0,1,50,,2,1,0,1,0,60.0,18.0,,,1,2,2,2,3
202100048329,2021-03-12 16:10:00,2021,3,12,16,10,34,34233,pont de la bourse,43.79873,3.237641,Plein jour,Hors agglomération,Hors intersection,Normale,Autre collision,3,2,2,0,3,4,1,0,3,90,,1,0,0,0,1,62.0,,,,1,1,1,1,6
202100048330,2021-03-13 14:30:00,2021,3,13,14,30,60,60471,29 Boulevard Carnot,49.577922,2.998366,Plein jour,En agglomération,Hors intersection,Normale,Sans collision,3,2,2,0,1,1,1,0,1,50,,1,0,0,0,1,15.0,,,,1,2,1,1,7
202100048331,2021-03-10 10:20:00,2021,3,10,10,20,18,18087,la blanchisserie,46.884626,2.535642,Plein jour,Hors agglomération,Intersection en T,Normale,Deux véhicules - côté,3,2,2,0,4,1,1,0,1,80,,4,3,0,0,1,58.0,25.0,,,1,1,3,1,3
202100048332,2021-03-12 12:50:00,2021,3,12,12,50,36,36088,Rue Haute Saint-paterne,46.943429,1.989622,Plein jour,En agglomération,Hors intersection,Normale,Deux véhicules - arrière,4,1,2,0,1,1,1,0,1,50,,2,1,0,1,0,22.0,41.0,,,1,2,1,1,2
202100048333,2021-03-12 17:30:00,2021,3,12,17,30,16,16223,lavaud,45.680182,0.503279,Crépuscule ou aube,Hors agglomération,Hors intersection,Normale,Autre collision,3,2,2,0,2,1,1,0,3,80,,1,0,0,1,0,65.0,,,,2,1,1,1,6
202100048334,2021-03-12 23:45:00,2021,3,12,23,45,07,07129,route départementale 534,44.995014,4.601676,Nuit sans éclairage public,Hors agglomération,Hors intersection,Normale,Sans collision,3,2,2,0,1,4,1,0,8,80,,3,0,3,0,0,23.0,,,,3,1,1,1,7
202100048335,2021-03-12 08:45:00,2021,3,12,8,45,85,85128,rond point jean Monnet,46.458489,-1.146945,Plein jour,En agglomération,Giratoire,Temps éblouissant,Autre collision,3,1,2,0,1,2,2,5,1,50,,2,1,0,1,0,64.0,,,,1,2,6,7,6
202100048336,2021-03-13 10:30:00,2021,3,13,10,30,48,48075,N106,44.362704,3.566308,Plein jour,Hors agglomération,Intersection en Y,Normale,Deux véhicules - frontale,2,2,2,0,1,1,2,0,1,80,,2,1,0,0,1,30.0,83.0,,,1,1,4,1,1
202100048337,2021-03-12 19:20:00,2021,3,12,19,20,971,97103,"151, rue de Destrellan",16.261234,-61.588229,Nuit avec éclairage allumé,En agglomération,Hors intersection,Normale,Autre collision,2,2,2,0,1,1,1,0,1,50,,2,1,1,0,0,72.0,,,,5,2,1,1,6
202100048338,2021-03-13 15:50:00,2021,3,13,15,50,988,98808,Tribu de Medaouya,-21.291594,165.512418,Plein jour,Hors agglomération,Hors intersection,Normale,Sans collision,2,2,2,0,1,3,1,0,3,110,,1,0,0,1,0,32.0,,,,1,1,1,1,7
202100048339,2021-03-13 07:15:00,2021,3,13,7,15,988,98804,Tribu de Caco - RPN3,-21.522164,165.909039,Plein jour,Hors agglomération,Hors intersection,Normale,Sans collision,3,2,2,0,1,3,1,0,3,110,,4,1,1,2,0,33.0,,,,1,1,1,1,7
202100048340,2021-03-12 23:38:00,2021,3,12,23,38,21,21038,Le Pont de Pierre,47.2119235765,5.4069364071,Nuit sans éclairage public,Hors agglomération,Hors intersection,Normale,Autre collision,4,2,2,0,1,2,2,0,8,80,,3,0,0,2,1,27.0,,,,3,1,1,1,6
202100048341,2021-03-05 16:00:00,2021,3,5,16,0,57,57521,D31 BIS,49.175535,6.896212,Plein jour,Hors agglomération,Autre intersection,Normale,Deux véhicules - côté,3,3,1,0,4,1,1,3,1,50,,2,1,0,0,1,44.0,61.0,,,1,1,9,1,3
202100048342,2021-03-13 11:00:00,2021,3,13,11,0,74,74158,Route du pays de la Coté,46.247182,6.331188,Plein jour,Hors agglomération,Hors intersection,Vent fort / tempête,Deux véhicules - arrière,3,2,2,0,2,1,1,0,1,70,,2,1,0,0,1,39.0,30.0,,,1,1,1,6,2
202100048343,2021-03-12 19:20:00,2021,3,12,19,20,38,38341,D1006,45.567033,5.414245,Nuit avec éclairage allumé,Hors agglomération,Intersection en T,Normale,Deux véhicules - côté,3,2,2,0,1,1,1,5,1,70,,2,1,0,0,1,28.0,22.0,,,5,1,3,1,3
202100048344,2021-03-13 18:22:00,2021,3,13,18,22,01,01191,D12 lieu dit BROUILLAT,46.056198,5.523248,Nuit sans éclairage public,Hors agglomération,Hors intersection,Pluie forte,Sans collision,3,2,2,0,1,1,2,0,1,80,,1,0,0,0,1,36.0,,,,3,1,1,3,7
202100048345,2021-03-13 18:40:00,2021,3,13,18,40,65,65335,12 Chemin de la Vigne,43.107011,0.137244,Crépuscule ou aube,Hors agglomération,Hors intersection,Normale,Sans collision,4,2,2,0,2,1,1,0,1,50,,1,0,1,0,0,32.0,,,,2,1,1,1,7
202100048346,2021-03-12 17:20:00,2021,3,12,17,20,29,29091,Lieu Dit Cleusmeur,48.6307877853,-4.359324035,Plein jour,Hors agglomération,Hors intersection,Pluie légère,Sans collision,4,2,2,0,1,1,2,0,1,80,,5,4,0,1,0,19.0,,,,1,1,1,2,7
202100048347,2021-03-10 17:00:00,2021,3,10,17,0,35,35334,La Grande Réauté (Épicerie),48.141023,-1.572007,Plein jour,Hors agglomération,Intersection en T,Normale,Deux véhicules - arrière,7,2,2,2,1,1,1,0,1,80,,2,0,0,0,2,51.0,43.0,,,1,1,3,1,2
202100048348,2021-03-12 18:00:00,2021,3,12,18,0,69,69290,A46S,45.6909024662,4.9663058018,Plein jour,Hors agglomération,Hors intersection,Normale,Trois véhicules et plus - en chaîne,1,3,4,0,1,1,1,0,1,90,,3,0,0,1,2,20.0,32.0,,,1,1,1,1,4
202100048349,2021-03-11 17:40:00,2021,3,11,17,40,33,33039,ROCADE A 630,44.80169,-0.53414,Plein jour,Hors agglomération,Hors intersection,Normale,Deux véhicules - côté,1,3,10,0,1,1,2,3,1,90,,2,1,0,0,1,23.0,57.0,,,1,1,1,1,3
202100048350,2021-03-11 07:45:00,2021,3,11,7,45,33,33249,ROUTE NATIONALE 230,44.87785,-0.509045,Plein jour,Hors agglomération,Hors intersection,Normale,Trois véhicules et plus - en chaîne,2,3,7,0,1,1,1,3,1,90,,3,2,0,0,1,21.0,49.0,,,1,1,1,1,4
202100048351,2021-03-12 10:20:00,2021,3,12,10,20,91,91161,AUTOROUTE A6,48.69577,2.31726,Plein jour,Hors agglomération,Hors intersection,Normale,Trois véhicules et plus - collisions multiples,1,3,6,0,1,1,1,0,1,130,,6,4,0,0,2,41.0,63.0,,,1,1,1,1,5
202100048352,2021-03-12 07:00:00,2021,3,12,7,0,92,92002,AUTOROUTE A86,48.7623785299,2.301877141,Plein jour,Hors agglomération,Hors intersection,Normale,Autre collision,1,1,1,0,1,1,2,0,1,70,,1,0,0,0,1,24.0,,,,1,1,1,1,6
202100048353,2021-03-12 08:55:00,2021,3,12,8,55,91,91477,AUTOROUTE A126,48.7202,2.22696,Plein jour,Hors agglomération,Hors intersection,Normale,Deux véhicules - frontale,1,2,2,0,1,3,1,0,1,50,,2,0,0,0,2,20.0,26.0,,,1,1,1,1,1
202100048354,2021-03-12 17:55:00,2021,3,12,17,55,92,92063,A86,48.89029,2.17066,Nuit avec éclairage allumé,Hors agglomération,Hors intersection,Pluie légère,Sans collision,1,3,6,0,1,2,2,0,1,90,,1,0,0,0,1,46.0,,,,5,1,1,2,7
202100048355,2021-03-12 10:40:00,2021,3,12,10,40,78,78362,A13,48.97285,1.73023,Plein jour,Hors agglomération,Hors intersection,Normale,Deux véhicules - côté,1,3,6,0,1,1,1,0,1,110,,2,1,0,0,1,62.0,22.0,,,1,1,1,1,3
202100048356,2021-03-11 18:35:00,2021,3,11,18,35,92,92036,A86,48.9357640852,2.2872224731,Nuit avec éclairage allumé,Hors agglomération,Hors intersection,Normale,Deux véhicules - côté,1,3,4,0,1,3,1,0,1,90,,3,1,0,0,2,41.0,51.0,,,5,1,1,1,3
202100048357,2021-03-12 15:00:00,2021,3,12,15,0,95,95394,RN 184,49.05111202,2.1848964539,Plein jour,Hors agglomération,Hors intersection,Pluie légère,Autre collision,2,3,4,0,1,1,2,0,1,90,,1,0,0,0,1,27.0,,,,1,1,1,2,6
202100048358,2021-03-11 22:15:00,2021,3,11,22,15,95,95256,RN 184,49.05531,2.20221,Nuit sans éclairage public,Hors agglomération,Hors intersection,Normale,Autre collision,2,3,8,0,1,1,1,0,1,90,,1,0,0,1,0,63.0,,,,3,1,1,1,6
202100048359,2021-03-11 08:45:00,2021,3,11,8,45,95,95527, A1,49.0006197694,2.5221065481,Plein jour,Hors agglomération,Hors intersection,Pluie légère,Autre collision,1,3,6,0,1,1,2,0,1,110,,1,0,0,0,1,40.0,,,,1,1,1,2,6
202100048360,2021-03-10 22:00:00,2021,3,10,22,0,95,95580, A1,49.0834667578,2.5513659504,Nuit sans éclairage public,Hors agglomération,Hors intersection,Pluie légère,Deux véhicules - arrière,1,3,7,0,1,1,2,0,1,130,,2,1,0,0,1,45.0,46.0,,,3,1,1,2,2
202100048361,2021-03-10 06:45:00,2021,3,10,6,45,95,95018, A15,48.9536544878,2.2789686464,Crépuscule ou aube,Hors agglomération,Hors intersection,Normale,Trois véhicules et plus - collisions multiples,1,3,10,0,1,1,1,0,1,110,,3,2,0,0,1,55.0,39.0,,,2,1,1,1,5
202100048362,2021-03-10 10:48:00,2021,3,10,10,48,988,98818,RUE DU REVEREND PERE DE MIJOLLA,-22.23173,166.46,Plein jour,En agglomération,Hors intersection,Normale,Autre collision,4,2,2,3,1,1,1,0,1,50,,2,1,0,0,1,48.0,,,,1,2,1,1,6
202100048363,2021-03-09 07:00:00,2021,3,9,7,0,988,98818,DE BECHADE (RUE ANDRE),-22.2427,166.46085,Plein jour,En agglomération,Giratoire,Normale,Deux véhicules - arrière,4,2,2,0,1,3,1,5,1,50,,2,1,0,0,1,66.0,58.0,,,1,2,6,1,2
202100048364,2021-03-11 18:55:00,2021,3,11,18,55,976,97611,passamanty-Vahibé ( route ),-12.8024,45.21323,Nuit avec éclairage allumé,En agglomération,Intersection en X,Normale,Deux véhicules - frontale,3,2,0,0,1,1,1,0,1,50,,2,1,0,0,1,29.0,16.0,,,5,2,2,1,1
202100048365,2021-03-09 18:00:00,2021,3,9,18,0,974,97416,RN2/PDT F.MITTERAND,-21.348426201,55.5013775497,Plein jour,En agglomération,Hors intersection,Temps éblouissant,Autre collision,2,2,2,0,2,3,1,0,1,50,,2,1,0,1,0,34.0,,,,1,2,1,7,6
202100048366,2021-03-11 08:20:00,2021,3,11,8,20,974,97416,BOEUF (CHEMIN) (1),-21.28955,55.46469,Plein jour,En agglomération,Intersection en X,Normale,Deux véhicules - côté,4,2,2,0,1,2,1,0,1,30,,2,1,0,0,1,44.0,41.0,,,1,2,2,1,3
202100048367,2021-03-11 13:30:00,2021,3,11,13,30,974,97411,DIGUE (ROUTE),-20.8924,55.47114,Plein jour,En agglomération,Autre intersection,Normale,Deux véhicules - frontale,4,-1,4,0,2,1,1,0,1,50,,1,0,0,1,0,65.0,,,,1,2,9,1,1
202100048368,2021-03-11 18:55:00,2021,3,11,18,55,69,69387,GUILLOTIERE (DE LA)                 (GR),45.74907,4.85346,Nuit avec éclairage allumé,En agglomération,Intersection en X,Pluie légère,Trois véhicules et plus - en chaîne,4,1,2,2,1,1,2,0,1,50,,3,2,0,0,1,25.0,36.0,,,5,2,2,2,4
202100048369,2021-03-11 18:45:00,2021,3,11,18,45,69,69259,VIVIANI (AV),45.72679,4.86256,Crépuscule ou aube,En agglomération,Intersection en X,Pluie forte,Autre collision,4,3,2,2,1,3,2,0,1,50,,4,3,0,0,1,43.0,,,,2,2,2,3,6
202100048370,2021-03-11 13:30:00,2021,3,11,13,30,69,69199,CARNOT (R),45.7080402974,4.8610136054,Plein jour,En agglomération,Intersection en T,Normale,Autre collision,4,-1,2,0,1,1,1,0,1,30,,2,1,0,0,1,31.0,,,,1,2,3,1,6
202100048371,2021-03-11 07:00:00,2021,3,11,7,0,69,69388,PAUL SANTY (AV),45.7297300666,4.8758409668,Plein jour,En agglomération,Hors intersection,Normale,Deux véhicules - côté,4,3,2,3,1,1,1,0,1,50,,2,1,0,1,0,86.0,55.0,,,1,2,1,1,3
202100048372,2021-03-10 10:20:00,2021,3,10,10,20,972,97213,ROUTE DEPARTEMENTALE 3,14.61457,-60.99402,Plein jour,En agglomération,Giratoire,Normale,Autre collision,3,2,4,0,1,1,1,9,1,50,,2,1,0,1,0,72.0,,,,1,2,6,1,6
202100048373,2021-03-10 10:40:00,2021,3,10,10,40,972,97209,OUEST (BOULEVARD DE L'),14.6285,-61.072,Plein jour,Hors agglomération,Hors intersection,Normale,Deux véhicules - arrière,4,2,2,0,3,3,1,0,1,30,,2,1,0,0,1,21.0,32.0,,,1,1,1,1,2
202100048374,2021-03-10 11:45:00,2021,3,10,11,45,69,69286,PIERRE MENDES FRANCE (AV),45.8192,4.8827,Plein jour,En agglomération,Hors intersection,Normale,Autre collision,4,2,2,0,1,1,1,0,1,50,,1,0,1,0,0,94.0,,,,1,2,1,1,6
202100048375,2021-03-11 15:30:00,2021,3,11,15,30,2B,2B037,11 - RT,42.62567,9.43713,Plein jour,En agglomération,Hors intersection,Normale,Deux véhicules - côté,2,2,2,0,1,1,1,0,1,50,,2,1,0,1,0,54.0,,,,1,2,1,1,3
202100048376,2021-03-11 10:15:00,2021,3,11,10,15,2B,2B033,IMPERIALE - ROUTE,42.6710789074,9.4424310304,Plein jour,En agglomération,Giratoire,Normale,Deux véhicules - côté,3,-1,2,0,1,1,1,0,1,50,,2,1,0,0,1,19.0,43.0,,,1,2,6,1,3
202100048377,2021-03-11 21:30:00,2021,3,11,21,30,2A,2A004,NICOLI JEAN COURS,41.9324343276,8.7408516077,Nuit avec éclairage allumé,En agglomération,Passage à niveau,Normale,Sans collision,2,3,4,3,1,1,1,4,1,50,,1,0,0,0,1,32.0,,,,5,2,8,1,7
202100048378,2021-03-10 13:18:00,2021,3,10,13,18,91,91333,RUE DE SEIBEL,48.61446,2.25952,Plein jour,Hors agglomération,Hors intersection,Normale,Autre collision,4,2,2,0,1,1,1,9,1,50,,2,1,0,0,1,31.0,,,,1,1,1,1,6
202100048379,2021-03-11 22:00:00,2021,3,11,22,0,91,91434,JUVISY (AVENUE DE),48.65242,2.35264,Nuit avec éclairage allumé,En agglomération,Intersection en X,Normale,Deux véhicules - côté,4,2,2,0,1,1,1,0,1,50,,2,0,0,0,2,55.0,19.0,,,5,2,2,1,3
202100048380,2021-03-11 09:40:00,2021,3,11,9,40,91,91687,SABLONS (AVENUE DES),48.66727,2.36544,Plein jour,En agglomération,Hors intersection,Normale,Deux véhicules - frontale,4,2,2,0,1,1,2,0,1,50,,2,1,0,0,1,47.0,16.0,,,1,2,1,1,1
202100048381,2021-03-07 09:44:00,2021,3,7,9,44,87,87065,LIBERATION (AVENUE DE LA),45.8129,1.33132,Plein jour,En agglomération,Hors intersection,Normale,Autre collision,3,2,2,0,1,1,2,0,1,50,,1,0,1,0,0,58.0,,,,1,2,1,1,6
202100048382,2021-03-10 07:45:00,2021,3,10,7,45,83,83123,GOURD (CHEMIN),43.14512,5.81023,Crépuscule ou aube,Hors agglomération,Hors intersection,Normale,Deux véhicules - frontale,4,2,1,0,2,4,1,0,1,30,,2,1,0,1,0,56.0,63.0,,,2,1,1,1,1
202100048383,2021-03-10 11:10:00,2021,3,10,11,10,80,80021,EDOUARD LUCAS (RUE),49.89988,2.26863,Plein jour,En agglomération,Hors intersection,Normale,Deux véhicules - côté,4,2,2,0,1,1,1,0,1,30,,2,1,0,0,1,53.0,12.0,,,1,2,1,1,3
202100048384,2021-03-09 07:00:00,2021,3,9,7,0,80,80021,ROUEN (RUE DE),49.8864205722,2.2775816917,Nuit sans éclairage public,En agglomération,Hors intersection,Normale,Autre collision,4,-1,2,0,1,1,1,8,1,50,,2,1,0,0,1,39.0,,,,3,2,1,1,6
202100048385,2021-03-09 13:35:00,2021,3,9,13,35,80,80021,PAYS D' AUGE (PLACE DU),49.9133855244,2.2537754775,Plein jour,En agglomération,Hors intersection,Normale,Deux véhicules - arrière,6,-1,0,0,1,1,1,9,8,50,,2,1,0,0,1,18.0,54.0,,,1,2,1,1,2
202100048386,2021-03-10 17:40:00,2021,3,10,17,40,79,79191,Quai de la Préfecture,46.32529,-0.46571,Plein jour,En agglomération,Hors intersection,Pluie légère,Autre collision,4,2,2,0,1,1,2,0,1,50,,2,1,0,0,1,39.0,,,,1,2,1,2,6
202100048387,2021-03-10 16:30:00,2021,3,10,16,30,77,77108,AV DU MARECHAL FOCH,48.872813,2.579357,Plein jour,En agglomération,Intersection en T,Normale,Deux véhicules - arrière,4,2,3,0,1,1,1,0,1,50,,3,2,0,1,0,41.0,41.0,,,1,2,3,1,2
202100048388,2021-03-08 16:50:00,2021,3,8,16,50,77,77394,MEAUX   (ROUTE DE ),48.5575383115,2.676844451,Plein jour,En agglomération,Intersection en T,Normale,Deux véhicules - côté,3,2,2,0,1,1,1,0,1,50,,3,1,0,0,2,25.0,59.0,,,1,2,3,1,3
202100048389,2021-03-09 11:30:00,2021,3,9,11,30,76,76575,Rue Charles Nicolle,49.39845,1.07823,Plein jour,En agglomération,Intersection en T,Normale,Autre collision,4,2,2,0,1,1,1,0,1,30,,2,1,0,0,1,68.0,,,,1,2,3,1,6
202100048390,2021-03-09 21:10:00,2021,3,9,21,10,76,76351,Rue Aristide Briand,49.500562,0.13918,Nuit avec éclairage allumé,En agglomération,Intersection en X,Normale,Trois véhicules et plus - collisions multiples,4,2,2,0,1,1,1,0,1,50,,3,1,0,0,2,31.0,22.0,,,5,2,2,1,5
202100048391,2021-03-11 21:21:00,2021,3,11,21,21,72,72181,JAURES JEAN (AV) N° PAIRS 60 ET >,47.98594,0.20986,Nuit avec éclairage allumé,En agglomération,Hors intersection,Normale,Autre collision,4,2,4,2,1,1,1,0,1,50,,2,1,0,0,1,28.0,,,,5,2,1,1,6
202100048392,2021-03-11 14:20:00,2021,3,11,14,20,69,69266,FLORIAN (R),45.7601,4.88075,Plein jour,En agglomération,Intersection en X,Normale,Deux véhicules - côté,4,2,2,0,1,1,1,0,1,50,,2,0,0,0,2,37.0,57.0,,,1,2,2,1,3
202100048393,2021-03-10 15:00:00,2021,3,10,15,0,67,67482,VIRGILE (RUE),48.5819,7.70351,Plein jour,En agglomération,Intersection en T,Normale,Deux véhicules - côté,4,2,2,0,1,1,1,0,1,50,,3,2,0,0,1,35.0,30.0,,,1,2,3,1,3
202100048394,2021-03-10 13:30:00,2021,3,10,13,30,67,67482,CLEMENCEAU (BOULEVARD),48.5917946107,7.753019565,Plein jour,En agglomération,Intersection en T,Normale,Deux véhicules - côté,4,3,4,3,1,1,1,0,1,50,,2,1,0,0,1,24.0,52.0,,,1,2,3,1,3
202100048395,2021-03-10 13:20:00,2021,3,10,13,20,67,67482,ENGELBREIT (RUE DE L ),48.5814493263,7.7073773053,Plein jour,En agglomération,Hors intersection,Normale,Deux véhicules - arrière,4,2,2,0,1,1,1,0,1,50,,2,0,0,0,2,46.0,50.0,,,1,2,1,1,2
202100048396,2021-03-11 18:10:00,2021,3,11,18,10,64,64102,PLANTOUN (AVENUE),43.496639,-1.456187,Plein jour,En agglomération,Intersection en T,Pluie légère,Deux véhicules - côté,4,2,2,0,2,2,2,0,1,30,,2,0,0,0,2,29.0,23.0,,,1,2,3,2,3
202100048397,2021-03-10 17:55:00,2021,3,10,17,55,64,64102,ALSACE LORRAINE (BOULEVARD),43.49086,-1.46274,Plein jour,En agglomération,Intersection en X,Normale,Deux véhicules - arrière,4,2,2,0,1,1,1,0,1,50,,2,1,0,0,1,17.0,56.0,,,1,2,2,1,2
202100048398,2021-03-10 08:15:00,2021,3,10,8,15,64,64024,MONTAURY (ROND POINT DU PARC),43.48031,-1.50915,Plein jour,En agglomération,Giratoire,Normale,Deux véhicules - côté,4,2,2,0,1,2,1,0,1,50,,2,1,0,0,1,28.0,,,,1,2,6,1,3
202100048399,2021-03-11 08:12:00,2021,3,11,8,12,63,63193,GARGAILLES (RUE DES),45.7699982828,3.1897557165,Plein jour,En agglomération,Intersection en Y,Normale,Autre collision,4,2,2,0,1,1,1,0,1,50,,3,1,0,0,2,39.0,,,,1,2,4,1,6
202100048400,2021-03-10 11:57:00,2021,3,10,11,57,63,63113,MONTLOSIER (RUE),45.7813778118,3.0880955381,Plein jour,En agglomération,Hors intersection,Normale,Autre collision,4,2,2,3,1,1,1,0,1,50,,2,1,0,0,1,70.0,,,,1,2,1,1,6
202100048401,2021-03-11 17:45:00,2021,3,11,17,45,59,59350,ARTOIS RUE  N°2 - 114,50.62282,3.06126,Plein jour,En agglomération,Intersection en X,Vent fort / tempête,Deux véhicules - côté,4,2,4,0,1,1,1,0,1,30,,3,1,0,0,2,28.0,55.0,,,1,2,2,6,3
202100048402,2021-03-10 10:18:00,2021,3,10,10,18,57,57240,CD 26,49.15358,6.78702,Plein jour,Hors agglomération,Hors intersection,Normale,Deux véhicules - frontale,3,2,2,0,1,1,1,0,1,70,,2,1,1,0,0,54.0,56.0,,,1,1,1,1,1
202100048403,2021-03-10 19:20:00,2021,3,10,19,20,56,56121,GAMBETTA (RUE LEON),47.74542,-3.36759,Nuit avec éclairage allumé,En agglomération,Hors intersection,Pluie légère,Deux véhicules - frontale,4,2,2,0,1,1,2,0,1,30,,2,1,0,0,1,20.0,20.0,,,5,2,1,2,1
202100048404,2021-03-09 11:40:00,2021,3,9,11,40,54,54395,LOBAU (BOULEVARD),48.6869863372,6.1950405644,Plein jour,En agglomération,Intersection en X,Normale,Autre collision,4,2,4,0,1,1,1,0,1,50,,2,1,0,0,1,,,,,1,2,2,1,6
202100048405,2021-03-11 08:00:00,2021,3,11,8,0,51,51454,Rue Jacques Prévert,49.219,4.03199,Plein jour,En agglomération,Hors intersection,Pluie légère,Sans collision,4,2,2,0,2,4,2,0,1,50,,2,1,0,0,1,44.0,,,,1,2,1,2,7