accident_id,datetime,annee,mois,jour,heure,minute,departement,commune_insee,adresse,latitude,longitude,luminosite,agglomeration,intersection,meteo,collision,catr,circ,nbv,vosp,prof,plan,surf,infra,situ,vma,nb_vehicules,nb_usagers,nb_indemnes,nb_tues,nb_blesses_hosp,nb_blesses_legers,age_cond_1,age_cond_2,veh_type_cond_1,veh_type_cond_2,lum_code,agg_code,int_code,atm_code,col_code
202100048406,2021-03-10 12:05:00,2021,3,10,12,5,50,50147,NORMANDIE,49.050174,-1.439867,Plein jour,En agglomération,Hors intersection,Normale,Autre collision,4,1,0,0,1,1,1,0,4,20,,2,1,0,0,1,29.0,,,,1,2,1,1,6
202100048407,2021-03-11 07:50:00,2021,3,11,7,50,44,44109,BOULEVARD DE DOULON,47.22502,-1.5215,Plein jour,En agglomération,Hors intersection,Pluie légère,Autre collision,4,2,2,2,1,1,2,0,1,50,,2,1,0,1,0,26.0,,,,1,2,1,2,6
202100048408,2021-03-11 13:50:00,2021,3,11,13,50,43,43041,70 Avenue Charles Dupuy,45.048,3.9199,Plein jour,En agglomération,Intersection en T,Temps couvert,Deux véhicules - côté,3,2,2,0,1,1,1,0,1,50,,3,2,0,0,1,39.0,24.0,,,1,2,3,8,3
202100048409,2021-03-09 16:20:00,2021,3,9,16,20,37,37261,BAUGE (RUE MICHEL),47.3816049025,0.6702306572,Plein jour,En agglomération,Hors intersection,Normale,Autre collision,4,2,2,0,1,1,1,0,1,50,,2,1,0,0,1,25.0,,,,1,2,1,1,6
202100048410,2021-03-09 12:45:00,2021,3,9,12,45,37,37122,BORDEAUX (AVENUE DE),47.3584999299,0.6978648402,Plein jour,En agglomération,Hors intersection,Normale,Autre collision,4,2,4,0,1,1,1,0,1,50,,2,1,0,1,0,34.0,56.0,,,1,2,1,1,6
202100048411,2021-03-11 17:37:00,2021,3,11,17,37,35,35238,COMBES (BD EMILE),48.09342,-1.66864,Plein jour,En agglomération,Hors intersection,Normale,Deux véhicules - arrière,4,2,2,0,1,1,2,0,1,50,,2,1,0,0,1,24.0,50.0,,,1,2,1,1,2
202100048412,2021-03-10 17:30:00,2021,3,10,17,30,35,35238,RN136,48.11377,-1.71873,Plein jour,Hors agglomération,Hors intersection,Pluie légère,Deux véhicules - arrière,2,3,6,0,1,1,2,0,8,90,,3,2,0,0,1,31.0,51.0,,,1,1,1,2,2
202100048413,2021-03-11 16:15:00,2021,3,11,16,15,30,30007,CROUPILLAC (AVE DE),44.13733,4.10482,Plein jour,En agglomération,Hors intersection,Normale,Trois véhicules et plus - en chaîne,3,2,4,0,1,1,1,0,1,70,,3,1,0,0,2,73.0,28.0,,,1,2,1,1,4
202100048414,2021-03-02 14:50:00,2021,3,2,14,50,28,28220,ROUTE NATIONALE 123,48.4160855447,1.4689314364,Plein jour,Hors agglomération,Hors intersection,Normale,Trois véhicules et plus - en chaîne,2,3,4,0,1,1,1,0,1,110,,4,2,0,0,2,48.0,71.0,,,1,1,1,1,4
202100048415,2021-02-26 20:17:00,2021,2,26,20,17,18,18033,RN 151,47.04642,2.33772,Nuit avec éclairage non allumé,Hors agglomération,Hors intersection,Normale,Deux véhicules - côté,2,1,3,0,1,1,1,3,1,110,,2,0,0,0,2,55.0,29.0,,,4,1,1,1,3
202100048416,2021-03-11 17:55:00,2021,3,11,17,55,14,14118,Rue Pierre Gringoire,49.17281,-0.34096,Plein jour,En agglomération,Intersection en X,Normale,Deux véhicules - côté,4,1,1,0,1,1,1,0,1,50,,2,1,0,0,1,20.0,56.0,,,1,2,2,1,3
202100048417,2021-03-08 10:15:00,2021,3,8,10,15,14,14137,Route de Caumont,49.18313,-0.46277,Plein jour,Hors agglomération,Hors intersection,Normale,Autre collision,3,2,2,0,1,1,1,0,1,50,,1,0,0,0,1,21.0,,,,1,1,1,1,6
202100048418,2021-03-10 16:35:00,2021,3,10,16,35,30,30032,NOURRIGUIERS CHEMIN DES,43.78533,4.57021,Plein jour,Hors agglomération,Intersection en X,Normale,Deux véhicules - côté,3,-1,2,0,1,1,1,0,1,80,,2,1,0,1,0,65.0,36.0,,,1,1,2,1,3
202100048419,2021-03-11 20:30:00,2021,3,11,20,30,13,13209,EMILE ZOLA (RUE),43.247192,5.401412,Nuit sans éclairage public,En agglomération,Hors intersection,Normale,Deux véhicules - côté,4,1,1,0,1,1,1,0,6,50,,2,1,0,0,1,26.0,,,,3,2,1,1,3
202100048420,2021-03-11 19:50:00,2021,3,11,19,50,13,13208,PARADIS (RUE),43.27538,5.38433,Crépuscule ou aube,En agglomération,Hors intersection,Normale,Deux véhicules - côté,4,2,2,0,2,1,1,0,1,50,,2,1,0,0,1,22.0,43.0,,,2,2,1,1,3
202100048421,2021-03-11 13:15:00,2021,3,11,13,15,13,13212,JEAN COMPADIEU (AVENUE),43.3181483117,5.4347625644,Plein jour,En agglomération,Autre intersection,Normale,Autre collision,4,2,0,0,1,1,1,0,4,30,,2,1,0,0,1,19.0,,,,1,2,9,1,6
202100048422,2021-03-11 14:10:00,2021,3,11,14,10,13,13213,SAINT MITRE A FOUR DE BUZE (CHEMIN),43.345293,5.416037,Plein jour,En agglomération,Hors intersection,Normale,Deux véhicules - arrière,4,2,2,0,2,1,1,0,1,50,,2,1,0,0,1,28.0,,,,1,2,1,1,2
202100048423,2021-03-11 08:30:00,2021,3,11,8,30,13,13207,ENDOUME (RUE D'),43.289372,5.366382,Plein jour,En agglomération,Intersection en X,Normale,Deux véhicules - frontale,4,-1,2,0,1,1,1,0,1,50,,2,1,0,0,1,48.0,,,,1,2,2,1,1
202100048424,2021-03-10 17:00:00,2021,3,10,17,0,13,13204,FRANÇOISE DUPARC (BOULEVARD),43.3043,5.40107,Plein jour,En agglomération,Hors intersection,Normale,Autre collision,4,2,5,0,1,1,1,0,4,50,,1,0,0,0,1,47.0,,,,1,2,1,1,6
202100048425,2021-03-11 11:55:00,2021,3,11,11,55,13,13005,ARC (AVENUE JEANNE D'),43.2951700827,5.566846642,Plein jour,En agglomération,Hors intersection,Normale,Deux véhicules - frontale,4,1,-1,0,1,1,1,0,1,50,,2,1,0,0,1,61.0,,,,1,2,1,1,1
202100048426,2021-03-10 10:50:00,2021,3,10,10,50,10,10333,CHARLES BALTET (RUE),48.28231,4.05905,Plein jour,En agglomération,Hors intersection,Normale,Deux véhicules - arrière,4,2,2,0,1,1,1,0,1,50,,4,3,0,0,1,39.0,73.0,,,1,2,1,1,2
202100048427,2021-03-11 15:55:00,2021,3,11,15,55,06,06123,CURIE PIERRE ET MARIE AVENUE,43.693006,7.185159,Plein jour,Hors agglomération,Hors intersection,Normale,Deux véhicules - côté,7,2,2,0,1,1,1,0,1,50,,2,1,0,0,1,37.0,19.0,,,1,1,1,1,3
202100048428,2021-03-10 18:25:00,2021,3,10,18,25,03,03185,CONSIDERANT ( RUE VICTOR ),46.34318,2.59009,Crépuscule ou aube,En agglomération,Hors intersection,Normale,Autre collision,4,2,2,0,1,3,1,9,1,50,,2,1,0,1,0,32.0,,,,2,2,1,1,6
202100048429,2021-03-11 17:40:00,2021,3,11,17,40,75,75119,BOULEVARD PERIPHERIQUE,48.900606,2.373933,Crépuscule ou aube,En agglomération,Hors intersection,Temps couvert,Deux véhicules - arrière,4,1,4,0,1,1,1,0,1,70,,2,1,0,0,1,53.0,33.0,,,2,2,1,8,2
202100048430,2021-03-08 16:20:00,2021,3,8,16,20,75,75117,PORTE MAILLOT,48.881811,2.282884,Plein jour,En agglomération,Hors intersection,Normale,Trois véhicules et plus - collisions multiples,4,1,4,0,1,1,1,0,1,70,,3,1,0,0,2,25.0,45.0,,,1,2,1,1,5
202100048431,2021-03-11 07:45:00,2021,3,11,7,45,75,75119,RUE SIGMUND FREUD,48.881992,2.402501,Plein jour,En agglomération,Intersection en X,Temps couvert,Autre collision,4,2,2,0,2,1,2,0,1,30,,2,1,0,1,0,42.0,,,,1,2,2,8,6
202100048432,2021-03-11 18:20:00,2021,3,11,18,20,75,75117,AVENUE DE WAGRAM,48.877302,2.297602,Plein jour,En agglomération,Hors intersection,Normale,Deux véhicules - côté,4,2,6,1,1,1,1,-1,5,50,,2,1,0,0,1,36.0,46.0,,,1,2,1,1,3
202100048433,2021-03-11 16:05:00,2021,3,11,16,5,75,75117,RUE POUCHET,48.892609,2.31935,Plein jour,En agglomération,Hors intersection,Pluie légère,Autre collision,4,2,2,0,1,1,2,0,1,50,,2,1,0,0,1,68.0,,,,1,2,1,2,6
202100048434,2021-03-11 19:10:00,2021,3,11,19,10,75,75115,QUAI ANDRE CITROEN,48.840405,2.271373,Nuit avec éclairage allumé,En agglomération,Hors intersection,Pluie légère,Deux véhicules - arrière,4,2,2,0,1,2,2,0,1,30,,2,1,0,0,1,37.0,33.0,,,5,2,1,2,2
202100048435,2021-03-11 08:50:00,2021,3,11,8,50,75,75114,AVENUE DENFERT ROCHEREAU,48.834487,2.332586,Plein jour,En agglomération,Place,Pluie légère,Deux véhicules - côté,4,2,4,0,1,1,2,0,1,50,,2,1,0,0,1,46.0,,,,1,2,7,2,3
202100048436,2021-03-11 08:50:00,2021,3,11,8,50,75,75113,RUE DE LA GLACIERE,48.834962,2.344997,Plein jour,En agglomération,Intersection en X,Pluie légère,Deux véhicules - côté,4,2,2,0,1,1,2,0,1,50,,2,1,0,0,1,24.0,64.0,,,1,2,2,2,3
202100048437,2021-03-11 08:50:00,2021,3,11,8,50,75,75112,RUE DE WATTIGNIES,48.83624,2.394652,Plein jour,En agglomération,Intersection en X,Normale,Deux véhicules - côté,4,2,2,1,1,1,2,-1,5,30,,2,1,0,0,1,30.0,39.0,,,1,2,2,1,3
202100048438,2021-03-11 07:05:00,2021,3,11,7,5,75,75112,BOULEVARD SOULT,48.843429,2.409895,Crépuscule ou aube,En agglomération,Hors intersection,Pluie légère,Deux véhicules - côté,4,2,4,2,2,1,2,-1,5,50,,2,1,0,0,1,50.0,46.0,,,2,2,1,2,3
202100048439,2021-03-11 14:25:00,2021,3,11,14,25,75,75108,COURS LA REINE,48.865025,2.318053,Plein jour,En agglomération,Hors intersection,Pluie légère,Deux véhicules - côté,4,3,4,0,1,1,2,0,1,50,,2,1,0,0,1,31.0,40.0,,,1,2,1,2,3
202100048440,2021-03-10 11:16:00,2021,3,10,11,16,75,75108,AVENUE DES CHAMPS ELYSEES,48.867783,2.313905,Plein jour,En agglomération,Intersection en X,Normale,Trois véhicules et plus - collisions multiples,4,2,8,0,1,1,1,0,1,50,,4,3,0,0,1,45.0,41.0,,,1,2,2,1,5
202100048441,2021-03-11 13:35:00,2021,3,11,13,35,75,75107,AVENUE JOSEPH BOUVARD,48.8550422217,2.296115756,Plein jour,En agglomération,Intersection en X,Pluie légère,Deux véhicules - côté,4,3,2,0,1,1,2,0,1,50,,3,2,0,0,1,17.0,46.0,,,1,2,2,2,3
202100048442,2021-03-09 13:00:00,2021,3,9,13,0,75,75107,RUE DE CONSTANTINE,48.860977,2.314965,Plein jour,En agglomération,Intersection en X,Normale,Sans collision,4,2,2,1,1,1,1,-1,5,50,,1,0,0,0,1,77.0,,,,1,2,2,1,7
202100048443,2021-03-11 16:00:00,2021,3,11,16,0,75,75101,RUE DE RIVOLI,48.862154,2.337018,Plein jour,En agglomération,Place,Pluie légère,Deux véhicules - frontale,4,2,4,1,1,1,2,-1,5,30,,2,1,0,0,1,27.0,43.0,,,1,2,7,2,1
202100048444,2021-03-10 15:20:00,2021,3,10,15,20,75,75103,RUE DE TURBIGO,48.864466,2.351552,Plein jour,En agglomération,Intersection en X,Temps couvert,Autre collision,4,1,2,0,1,1,1,0,1,50,,2,1,0,0,1,28.0,,,,1,2,2,8,6
202100048445,2021-03-11 09:20:00,2021,3,11,9,20,94,94078,HUIT MAI 1945 (AV DU),48.72769,2.44541,Plein jour,En agglomération,Hors intersection,Normale,Autre collision,2,-1,3,0,1,1,2,2,8,50,,2,1,0,0,1,36.0,,,,1,2,1,1,6
202100048446,2021-03-11 19:20:00,2021,3,11,19,20,94,94073,avenue Franklin Roosevelt,48.76683,2.40034,Nuit avec éclairage allumé,En agglomération,Hors intersection,Temps couvert,Deux véhicules - côté,4,2,2,0,1,1,2,0,1,50,,3,2,0,0,1,30.0,38.0,,,5,2,1,8,3
202100048447,2021-03-10 18:15:00,2021,3,10,18,15,94,94034,EDOUARD HERRIOT (AV),48.75495,2.32727,Plein jour,En agglomération,Hors intersection,Pluie légère,Autre collision,4,1,0,0,1,1,2,0,1,30,,1,0,0,0,1,30.0,,,,1,2,1,2,6
202100048448,2021-03-11 08:15:00,2021,3,11,8,15,94,94018,GRAVELLE (AV DE),48.82527,2.4097,Plein jour,En agglomération,Intersection en T,Temps couvert,Deux véhicules - côté,3,2,2,0,1,1,2,0,1,30,,2,1,0,0,1,16.0,36.0,,,1,2,3,8,3
202100048449,2021-03-11 09:45:00,2021,3,11,9,45,94,94004,GENERAL LECLERC (AV DU),48.75966,2.50035,Plein jour,En agglomération,Hors intersection,Normale,Trois véhicules et plus - en chaîne,2,3,2,0,1,1,1,0,1,50,,3,2,0,0,1,46.0,54.0,,,1,2,1,1,4
202100048450,2021-03-10 19:00:00,2021,3,10,19,0,93,93070,EDOUARD-VAILLANT(RUE),48.90362,2.33115,Crépuscule ou aube,En agglomération,Intersection en T,Pluie légère,Autre collision,3,2,2,0,1,1,2,0,1,50,,2,1,0,0,1,32.0,,,,2,2,3,2,6
202100048451,2021-03-06 19:00:00,2021,3,6,19,0,93,93066,SAINT EXUPERY ANTOINE DE (ALLEE),48.9268450337,2.3701110749,Nuit sans éclairage public,En agglomération,Hors intersection,Normale,Autre collision,5,-1,1,0,1,1,1,0,1,50,,2,0,0,2,0,14.0,,,,3,2,1,1,6
202100048452,2021-03-11 10:30:00,2021,3,11,10,30,93,93066,VAILLANT COUTURIER PAUL (AV) NR 2 A 110,48.9321290403,2.3650419694,Plein jour,En agglomération,Hors intersection,Normale,Deux véhicules - côté,3,2,2,0,1,1,1,0,1,15,,2,1,0,0,1,50.0,31.0,,,1,2,1,1,3
202100048453,2021-03-11 08:25:00,2021,3,11,8,25,93,93066,L'encyclopédie ( rue de ),48.9097587174,2.3624416674,Plein jour,En agglomération,Autre intersection,Pluie légère,Deux véhicules - côté,4,2,2,0,1,1,2,0,8,50,,2,1,0,0,1,33.0,24.0,,,1,2,9,2,3
202100048454,2021-03-09 12:00:00,2021,3,9,12,0,93,93066,"""PERI GABRIEL, NR 2  A 114 ET 1 A 133""",48.9371617424,2.3561525829,Plein jour,En agglomération,Hors intersection,Normale,Autre collision,4,1,1,0,1,1,1,0,1,50,,2,1,0,0,1,,,,,1,2,1,1,6
202100048455,2021-03-08 17:20:00,2021,3,8,17,20,93,93053,JULES FERRY (RUE),48.8935356979,2.4718893836,Crépuscule ou aube,En agglomération,Hors intersection,Pluie légère,Autre collision,4,2,2,0,2,2,2,0,4,50,,2,1,0,0,1,21.0,,,,2,2,1,2,6
202100048456,2021-03-11 15:05:00,2021,3,11,15,5,93,93010,BARBUSSE (AV. HENRI) DE 2 A 124 COTE PAI,48.9011380224,2.4897923522,Plein jour,En agglomération,Hors intersection,Pluie légère,Deux véhicules - arrière,3,3,2,0,1,1,2,0,1,30,,2,1,0,0,1,30.0,60.0,,,1,2,1,2,2
202100048457,2021-03-11 09:00:00,2021,3,11,9,0,93,93005,PREFET CHALEIL (CD44) (RUE DU),48.9400207317,2.5047978424,Plein jour,En agglomération,Intersection en X,Normale,Deux véhicules - côté,3,2,2,0,1,1,1,5,1,50,,2,0,0,0,2,31.0,37.0,,,1,2,2,1,3
202100048458,2021-03-11 17:50:00,2021,3,11,17,50,92,92064,REPUBLIQUE,48.84514,2.21288,Plein jour,En agglomération,Hors intersection,Normale,Deux véhicules - arrière,3,-1,2,2,1,1,1,0,1,50,,3,2,0,0,1,43.0,51.0,,,1,2,1,1,2
202100048459,2021-03-12 13:40:00,2021,3,12,13,40,06,06114,5 Quai de la Banquiere,43.73441,7.286628,Plein jour,En agglomération,Hors intersection,Normale,Autre collision,7,3,4,0,1,1,1,0,1,50,,3,1,0,1,1,46.0,48.0,,,1,2,1,1,6
202100048460,2021-03-11 15:45:00,2021,3,11,15,45,40,40133,Route du Lac d'Yrieux,43.581887,-1.430862,Plein jour,Hors agglomération,Hors intersection,Normale,Deux véhicules - arrière,3,2,2,0,1,1,1,0,1,80,,2,1,0,1,0,34.0,66.0,,,1,1,1,1,2
202100048461,2021-03-12 18:45:00,2021,3,12,18,45,10,10381,Rue Jean Colas,48.28854,3.984915,Nuit avec éclairage allumé,Hors agglomération,Hors intersection,Normale,Sans collision,4,2,2,0,1,1,1,8,1,50,,1,0,1,0,0,29.0,,,,5,1,1,1,7
202100048462,2021-03-11 18:22:00,2021,3,11,18,22,35,35226,D794,48.428353,-1.913638,Plein jour,Hors agglomération,Hors intersection,Normale,Deux véhicules - arrière,3,2,2,0,1,1,1,2,1,80,,2,1,0,1,0,69.0,47.0,,,1,1,1,1,2
202100048463,2021-03-12 16:15:00,2021,3,12,16,15,22,22004,D767 PR37+829,48.618527,-3.307748,Plein jour,Hors agglomération,Hors intersection,Neige / grêle,Sans collision,3,3,4,0,1,1,2,0,3,110,,2,0,1,1,0,29.0,,,,1,1,1,4,7
202100048464,2021-02-13 19:00:00,2021,2,13,19,0,34,34163,PK  14+500 autoroute A750,43.629312,3.712445,Nuit sans éclairage public,Hors agglomération,Hors intersection,Normale,Autre collision,1,3,4,0,1,1,1,0,8,130,,3,0,0,0,3,39.0,44.0,,,3,1,1,1,6
202100048465,2021-03-08 11:00:00,2021,3,8,11,0,58,58193,A77,47.551383,2.886497,Plein jour,Hors agglomération,Hors intersection,Normale,Sans collision,1,1,2,0,2,1,1,0,1,130,,3,2,0,1,0,31.0,,,,1,1,1,1,7
202100048466,2021-01-10 18:55:00,2021,1,10,18,55,83,83021,Route de Bras,43.460349,5.928293,Nuit sans éclairage public,Hors agglomération,Hors intersection,Normale,Deux véhicules - frontale,3,2,2,0,1,2,1,0,1,-1,,2,1,0,0,1,58.0,32.0,,,3,1,1,1,1
202100048467,2021-03-10 06:35:00,2021,3,10,6,35,59,59525,D951,50.078057,4.019676,Crépuscule ou aube,Hors agglomération,Hors intersection,Normale,Autre collision,3,2,2,0,1,1,1,0,3,80,,1,0,0,1,0,47.0,,,,2,1,1,1,6
202100048468,2021-03-11 10:35:00,2021,3,11,10,35,79,79057,6 Route de Chef-Boutonne,46.14428,-0.191107,Plein jour,Hors agglomération,Hors intersection,Pluie légère,Deux véhicules - côté,3,2,2,0,1,1,2,0,1,70,,3,1,0,1,1,58.0,31.0,,,1,1,1,2,3
202100048469,2021-03-11 17:40:00,2021,3,11,17,40,80,80410,Rue du Marais,49.747469,3.060883,Plein jour,En agglomération,Hors intersection,Temps éblouissant,Autre collision,9,2,2,0,1,1,1,0,1,50,,1,0,0,0,1,21.0,,,,1,2,1,7,6
202100048470,2021-03-11 15:45:00,2021,3,11,15,45,33,33020,Les Valains,44.741026,0.062012,Plein jour,Hors agglomération,Hors intersection,Temps couvert,Autre collision,3,2,2,0,2,3,2,0,3,80,,1,0,0,1,0,21.0,,,,1,1,1,8,6
202100048471,2021-03-12 09:15:00,2021,3,12,9,15,11,11255,D6113,43.18575228,2.92697437,Plein jour,Hors agglomération,Hors intersection,Normale,Deux véhicules - côté,3,2,2,0,1,3,1,0,1,80,,2,1,0,1,0,55.0,53.0,,,1,1,1,1,3
202100048472,2021-03-09 14:50:00,2021,3,9,14,50,63,63291, Eugène Phélip/Vaillant,45.959837537,3.4742770325,Plein jour,En agglomération,Intersection à plus de 4 branches,Normale,Autre collision,3,2,2,0,1,1,1,9,1,50,,2,1,0,1,0,60.0,,,,1,2,5,1,6
202100048473,2021-03-12 07:00:00,2021,3,12,7,0,55,55181,D618,49.2359083998,5.6624704599,Plein jour,Hors agglomération,Hors intersection,Normale,Sans collision,3,2,2,0,1,3,1,0,1,70,,1,0,0,1,0,19.0,,,,1,1,1,1,7
202100048474,2021-03-11 13:14:00,2021,3,11,13,14,31,31499,D632,43.52581,1.205208,Plein jour,Hors agglomération,Giratoire,Normale,Deux véhicules - côté,3,2,2,0,1,2,1,5,1,70,,2,1,0,1,0,28.0,56.0,,,1,1,6,1,3
202100048475,2021-03-12 16:40:00,2021,3,12,16,40,01,01068,D1084,46.082046,5.477291,Plein jour,Hors agglomération,Hors intersection,Normale,Autre collision,3,2,2,0,2,2,1,0,8,80,,1,0,0,0,1,38.0,,,,1,1,1,1,6
202100048476,2021-03-10 13:50:00,2021,3,10,13,50,70,70326,RN57,47.442732,6.075246,Plein jour,Hors agglomération,Hors intersection,Normale,Deux véhicules - côté,2,2,2,0,1,1,1,0,1,80,,2,1,0,0,1,71.0,37.0,,,1,1,1,1,3
202100048477,2021-03-11 08:05:00,2021,3,11,8,5,26,26365,Route de Chabeuil,44.782932,5.024014,Plein jour,Hors agglomération,Hors intersection,Normale,Trois véhicules et plus - collisions multiples,3,3,2,0,4,4,1,0,1,80,,4,3,0,1,0,37.0,48.0,,,1,1,1,1,5
202100048478,2021-03-12 11:00:00,2021,3,12,11,0,06,06010,Route de Gourdon,43.684947,6.974854,Plein jour,Hors agglomération,Hors intersection,Normale,Trois véhicules et plus - collisions multiples,3,2,2,0,2,3,1,0,1,50,,3,2,0,1,0,45.0,59.0,,,1,1,1,1,5
202100048479,2021-03-09 17:00:00,2021,3,9,17,0,16,16073,Rue de la Montagne Verte,45.2757661,0.051798,Plein jour,En agglomération,Hors intersection,Temps éblouissant,Deux véhicules - arrière,4,2,2,0,1,1,1,0,1,50,,1,0,0,1,0,73.0,,,,1,2,1,7,2
202100048480,2021-03-12 07:00:00,2021,3,12,7,0,85,85182,La Petite Auderie,46.757034,-0.868435,Crépuscule ou aube,Hors agglomération,Intersection en X,Normale,Deux véhicules - côté,3,2,2,0,1,1,1,5,1,80,,2,0,0,1,1,42.0,32.0,,,2,1,2,1,3
202100048481,2021-03-11 15:45:00,2021,3,11,15,45,52,52392,D35,47.907484,5.498649,Plein jour,Hors agglomération,Hors intersection,Normale,Deux véhicules - côté,3,2,2,0,2,3,1,0,1,80,,2,1,0,1,0,29.0,22.0,,,1,1,1,1,3
202100048482,2021-03-12 14:30:00,2021,3,12,14,30,71,71143,A39,46.461824413,5.2959042478,Plein jour,Hors agglomération,Hors intersection,Normale,Autre collision,1,3,4,0,1,1,1,0,3,130,,2,0,1,0,1,25.0,,,,1,1,1,1,6
202100048483,2021-01-05 18:05:00,2021,1,5,18,5,987,98738,PK 12.700,-17.612447,-149.614134,Plein jour,En agglomération,Intersection en T,Normale,Deux véhicules - côté,2,2,2,0,1,1,1,0,1,50,,2,1,0,0,1,53.0,21.0,,,1,2,3,1,3
202100048484,2021-03-11 17:30:00,2021,3,11,17,30,33,33284,,44.6464918098,-0.8379931839,Plein jour,Hors agglomération,Hors intersection,Pluie légère,Trois véhicules et plus - en chaîne,1,3,4,0,1,2,2,3,1,130,,3,2,0,0,1,20.0,49.0,,,1,1,1,2,4
202100048485,2021-03-12 09:15:00,2021,3,12,9,15,06,06088,A8 PK 186.500 nord,43.672993,7.199832,Plein jour,Hors agglomération,Hors intersection,Normale,Sans collision,1,3,4,0,1,1,1,0,1,90,,2,1,0,0,1,22.0,,,,1,1,1,1,7
202100048486,2021-03-11 19:00:00,2021,3,11,19,0,45,45024,D2152-PR 79 + 500,47.817005,1.678596,Crépuscule ou aube,Hors agglomération,Autre intersection,Vent fort / tempête,Deux véhicules - côté,3,2,2,0,1,1,2,0,1,80,,3,0,2,1,0,42.0,40.0,,,2,1,9,6,3
202100048487,2021-03-12 17:45:00,2021,3,12,17,45,95,95199,Avenue Jean Rostand,49.0394746478,2.3398316592,Plein jour,En agglomération,Hors intersection,Temps couvert,Deux véhicules - arrière,3,2,2,0,1,1,1,0,1,50,,3,2,0,0,1,21.0,37.0,,,1,2,1,8,2
202100048488,2021-03-12 09:00:00,2021,3,12,9,0,05,05167,RD 1075 Pk 027+200,44.45914,5.725615,Plein jour,Hors agglomération,Hors intersection,Normale,Sans collision,3,2,2,0,1,1,1,0,8,90,,1,0,0,0,1,52.0,,,,1,1,1,1,7
202100048489,2021-03-12 15:00:00,2021,3,12,15,0,07,07097,,45.013389,4.836331,Plein jour,Hors agglomération,Hors intersection,Normale,Deux véhicules - frontale,3,2,2,0,1,3,1,0,1,80,,2,1,0,1,0,15.0,45.0,,,1,1,1,1,1
202100048490,2021-03-10 17:15:00,2021,3,10,17,15,69,69154,LUERE (DE LA) (RTE),45.7516543527,4.6444702148,Plein jour,Hors agglomération,Hors intersection,Normale,Deux véhicules - côté,3,2,2,0,2,2,1,0,1,70,,2,1,0,0,1,26.0,18.0,,,1,1,1,1,3
202100048491,2021-03-11 18:10:00,2021,3,11,18,10,13,13071,A7-Sens Marseille vers Lyon,43.40477,5.31926,Plein jour,Hors agglomération,Hors intersection,Normale,Deux véhicules - arrière,1,1,2,0,1,1,1,0,1,110,,2,1,0,0,1,27.0,58.0,,,1,1,1,1,2
202100048492,2021-03-10 18:30:00,2021,3,10,18,30,13,13071,A51-Sens Marseille vers Aix en Provence,43.4097,5.3639,Plein jour,Hors agglomération,Hors intersection,Normale,Deux véhicules - arrière,1,1,3,0,1,1,1,0,1,90,,6,4,0,0,2,34.0,54.0,,,1,1,1,1,2
202100048493,2021-03-10 09:10:00,2021,3,10,9,10,13,13019,A51-Sens Marseille vers Aix en Provence,43.42445,5.37575,Plein jour,Hors agglomération,Hors intersection,Normale,Deux véhicules - côté,1,1,3,0,1,1,1,0,1,90,,2,1,0,0,1,35.0,64.0,,,1,1,1,1,3
202100048494,2021-03-10 21:10:00,2021,3,10,21,10,69,69286,A46N,45.82097,4.91851,Nuit sans éclairage public,Hors agglomération,Hors intersection,Normale,Deux véhicules - arrière,1,3,6,0,3,1,1,0,1,90,,4,2,0,0,2,42.0,37.0,,,3,1,1,1,2
202100048495,2021-03-11 09:31:00,2021,3,11,9,31,91,91687,AUTOROUTE A6,48.6607,2.3714,Plein jour,Hors agglomération,Hors intersection,Normale,Deux véhicules - côté,1,3,6,0,1,1,2,0,1,70,,2,1,0,0,1,49.0,27.0,,,1,1,1,1,3
202100048496,2021-03-11 08:10:00,2021,3,11,8,10,78,78672,A13,48.929775,1.984258,Plein jour,Hors agglomération,Hors intersection,Normale,Deux véhicules - arrière,1,3,6,0,1,1,1,0,1,110,,2,1,0,0,1,36.0,32.0,,,1,1,1,1,2
202100048497,2021-03-11 20:30:00,2021,3,11,20,30,93,93005,AUTOROUTE A3,48.92787,2.48148,Nuit avec éclairage non allumé,Hors agglomération,Hors intersection,Normale,Deux véhicules - arrière,1,3,6,0,1,1,1,0,1,90,,2,1,0,0,1,42.0,31.0,,,4,1,1,1,2
202100048498,2021-03-11 18:00:00,2021,3,11,18,0,94,94017,A4,48.82961,2.49878,Plein jour,Hors agglomération,Hors intersection,Normale,Trois véhicules et plus - en chaîne,1,3,5,0,1,1,1,0,1,90,,4,3,0,0,1,72.0,28.0,,,1,1,1,1,4
202100048499,2021-03-11 16:15:00,2021,3,11,16,15,94,94018,A4,48.8176679679,2.414811413,Plein jour,Hors agglomération,Hors intersection,Normale,Deux véhicules - côté,1,-1,5,0,1,1,1,0,1,90,,2,1,0,0,1,24.0,39.0,,,1,1,1,1,3
202100048500,2021-03-11 08:15:00,2021,3,11,8,15,93,93051,A4,48.83607,2.54036,Plein jour,Hors agglomération,Hors intersection,Pluie légère,Deux véhicules - arrière,1,3,4,0,1,1,2,0,1,110,,2,1,0,0,1,39.0,30.0,,,1,1,1,2,2
202100048501,2021-01-04 16:30:00,2021,1,4,16,30,74,74281,SAINT DISDILLE (AVENUE DE),46.38437,6.50449,Plein jour,En agglomération,Passage à niveau,Normale,Autre collision,4,2,0,0,1,1,9,4,6,100,,2,1,1,0,0,37.0,,,,1,2,8,1,6