accident_id,datetime,annee,mois,jour,heure,minute,departement,commune_insee,adresse,latitude,longitude,luminosite,agglomeration,intersection,meteo,collision,catr,circ,nbv,vosp,prof,plan,surf,infra,situ,vma,nb_vehicules,nb_usagers,nb_indemnes,nb_tues,nb_blesses_hosp,nb_blesses_legers,age_cond_1,age_cond_2,veh_type_cond_1,veh_type_cond_2,lum_code,agg_code,int_code,atm_code,col_code
202100048502,2021-03-10 08:40:00,2021,3,10,8,40,974,97411,SOURCE (RUE DE LA),-20.88987,55.4483,Plein jour,En agglomération,Hors intersection,Normale,Deux véhicules - frontale,4,-1,2,0,1,1,1,0,1,30,,2,1,0,1,0,53.0,,,,1,2,1,1,1
202100048503,2021-03-08 16:25:00,2021,3,8,16,25,974,97411,Boulevard Jean Jaurès,-20.90234,55.50312,Plein jour,En agglomération,Autre intersection,Normale,Deux véhicules - côté,2,1,2,0,1,2,1,0,1,70,,2,1,0,0,1,25.0,27.0,,,1,2,9,1,3
202100048504,2021-03-10 15:30:00,2021,3,10,15,30,69,69259,PIERRE SEMARD (AV),45.7120080336,4.8747754097,Plein jour,En agglomération,Intersection en T,Normale,Deux véhicules - arrière,4,-1,2,0,1,1,1,0,1,30,,2,1,0,0,1,24.0,48.0,,,1,2,3,1,2
202100048505,2021-03-10 12:50:00,2021,3,10,12,50,69,69387,CLAUDE BERNARD (Q),45.7508469538,4.8359751105,Plein jour,En agglomération,Hors intersection,Normale,Autre collision,4,2,2,1,1,1,1,0,5,-1,,2,0,0,1,1,36.0,,,,1,2,1,1,6
202100048506,2021-03-10 10:48:00,2021,3,10,10,48,69,69259,JULES FERRY (R),45.69883,4.886,Plein jour,En agglomération,Giratoire,Normale,Deux véhicules - arrière,4,1,1,0,1,3,1,9,1,50,,2,1,0,0,1,22.0,63.0,,,1,2,6,1,2
202100048507,2021-03-09 20:17:00,2021,3,9,20,17,69,69034,BELLEVUE (TUNNEL) - (QU BELLEVUE COU(XX),45.7877264497,4.8529314995,Nuit sans éclairage public,En agglomération,Hors intersection,Normale,Deux véhicules - arrière,4,2,2,0,1,1,1,0,1,50,,2,0,0,0,2,44.0,33.0,,,3,2,1,1,2
202100048508,2021-03-09 18:45:00,2021,3,9,18,45,69,69381,ST SEBASTIEN                        (MO),45.77069,4.83582,Crépuscule ou aube,En agglomération,Intersection en T,Normale,Deux véhicules - côté,4,2,0,0,2,1,1,0,1,30,,2,1,0,0,1,48.0,21.0,,,2,2,3,1,3
202100048509,2021-01-07 12:50:00,2021,1,7,12,50,971,97101,GRAND CAMP(SECTION),16.25132,-61.53251,Plein jour,En agglomération,Hors intersection,Normale,Autre collision,3,2,2,0,1,1,1,0,3,50,,2,1,0,0,1,,,,,1,2,1,1,6
202100048510,2021-03-06 14:10:00,2021,3,6,14,10,95,95585,GARGES (ROUTE DE),48.9889172285,2.3779499531,Plein jour,En agglomération,Hors intersection,Normale,Autre collision,4,2,2,0,1,1,1,0,1,50,,2,1,0,1,0,27.0,,,,1,2,1,1,6
202100048511,2021-03-10 12:10:00,2021,3,10,12,10,95,95019,COUTURIER PAUL VAILLANT (AVENUE),48.9830804648,2.420193404,Plein jour,En agglomération,Hors intersection,Normale,Trois véhicules et plus - en chaîne,4,-1,2,0,2,1,1,0,1,50,,3,1,0,0,1,,51.0,,,1,2,1,1,4
202100048512,2021-03-10 17:10:00,2021,3,10,17,10,95,95018,JAURES (AVENUE JEAN),48.9398089529,2.234027136,Plein jour,En agglomération,Hors intersection,Pluie légère,Autre collision,4,2,2,0,1,1,2,0,1,50,,3,2,0,0,1,16.0,,,,1,2,1,2,6
202100048513,2021-03-10 13:45:00,2021,3,10,13,45,91,91114,PL DE LA GARE,48.69926,2.50594,Plein jour,En agglomération,Hors intersection,Normale,Autre collision,9,1,0,3,1,1,1,9,6,10,,2,1,0,0,1,,,,,1,2,1,1,6
202100048514,2021-03-10 07:15:00,2021,3,10,7,15,91,91691,GOURGAUD(AVENUE),48.73255,2.51224,Plein jour,En agglomération,Autre intersection,Normale,Deux véhicules - arrière,3,2,2,0,1,1,1,0,1,50,,3,2,0,0,1,23.0,33.0,,,1,2,9,1,2
202100048515,2021-03-10 13:35:00,2021,3,10,13,35,91,91434,CORBEIL (ROUTE DE),48.656695,2.338956,Plein jour,En agglomération,Hors intersection,Normale,Deux véhicules - arrière,3,2,2,0,1,1,1,0,1,50,,2,1,0,0,1,49.0,37.0,,,1,2,1,1,2
202100048516,2021-03-09 12:45:00,2021,3,9,12,45,87,87085,ARMAND (AVE Z.A.C,45.86721,1.26927,Plein jour,En agglomération,Intersection en X,Normale,Deux véhicules - côté,4,1,2,0,1,2,1,5,1,50,,2,1,0,1,0,60.0,35.0,,,1,2,2,1,3
202100048517,2021-03-10 17:35:00,2021,3,10,17,35,78,78372,SAINT CYR (ROUTE DE),48.86651,2.09365,Plein jour,En agglomération,Hors intersection,Pluie légère,Deux véhicules - arrière,3,3,2,0,2,3,2,0,1,50,,2,1,0,0,1,58.0,,,,1,2,1,2,2
202100048518,2021-03-09 11:20:00,2021,3,9,11,20,77,77374,CD NUMERO 471,48.8078220265,2.6975868912,Plein jour,Hors agglomération,Hors intersection,Normale,Deux véhicules - frontale,3,2,2,0,1,1,1,0,1,80,,3,0,1,2,0,27.0,26.0,,,1,1,1,1,1
202100048519,2021-03-10 22:55:00,2021,3,10,22,55,76,76540,Route de Neufchâtel,49.45319,1.09768,Nuit avec éclairage non allumé,En agglomération,Hors intersection,Temps couvert,Sans collision,4,2,2,3,2,2,2,-1,4,50,,1,0,0,0,1,18.0,,,,4,2,1,8,7
202100048520,2021-03-09 15:25:00,2021,3,9,15,25,74,74010,PRESIDENT FAVRE,45.9033,6.12603,Plein jour,En agglomération,Intersection en X,Normale,Deux véhicules - côté,4,2,1,1,1,1,1,0,4,50,,2,1,0,1,0,59.0,50.0,,,1,2,2,1,3
202100048521,2021-03-09 18:30:00,2021,3,9,18,30,72,72181,ESTIENNE D'ORVES (BD D'),47.97957,0.19398,Plein jour,En agglomération,Hors intersection,Normale,Trois véhicules et plus - collisions multiples,4,3,4,0,1,1,1,0,1,70,,3,2,0,0,1,55.0,33.0,,,1,2,1,1,5
202100048522,2021-03-09 18:00:00,2021,3,9,18,0,69,69290,MARECHAL LECLERC (R),45.6926558224,4.9361202121,Plein jour,En agglomération,Hors intersection,Normale,Deux véhicules - frontale,4,2,2,0,1,1,1,0,1,50,,3,2,0,1,0,42.0,49.0,,,1,2,1,1,1
202100048523,2021-03-10 14:25:00,2021,3,10,14,25,69,69275,CHARLES DE GAULLE                   (BD),45.7474,4.93631,Plein jour,En agglomération,Intersection en T,Normale,Deux véhicules - côté,7,2,4,0,1,1,1,0,1,50,,2,1,0,0,1,28.0,36.0,,,1,2,3,1,3
202100048524,2021-03-10 14:45:00,2021,3,10,14,45,68,68166,MULHOUSE (FAUBOURG DE),47.78044,7.3293,Plein jour,En agglomération,Hors intersection,Normale,Deux véhicules - côté,3,2,4,2,1,1,1,0,1,50,,3,2,0,1,0,13.0,32.0,,,1,2,1,1,3
202100048525,2021-03-10 12:25:00,2021,3,10,12,25,67,67267,FREPPEL (RUE),48.55704,7.68948,Plein jour,En agglomération,Intersection en T,Normale,Deux véhicules - côté,4,2,2,0,1,3,1,0,1,30,,2,1,0,1,0,39.0,47.0,,,1,2,3,1,3
202100048526,2021-03-06 11:15:00,2021,3,6,11,15,67,67482,RACINE (AVENUE),48.59196,7.70405,Plein jour,En agglomération,Passage à niveau,Normale,Deux véhicules - côté,4,3,5,0,1,2,1,4,1,50,,2,1,0,0,1,34.0,38.0,,,1,2,8,1,3
202100048527,2021-03-07 17:10:00,2021,3,7,17,10,65,65417,ADOUR (RUE DE L'),43.2259182988,0.091766417,Plein jour,En agglomération,Hors intersection,Normale,Deux véhicules - frontale,3,2,2,0,1,2,1,0,1,50,,2,1,0,0,1,21.0,14.0,,,1,2,1,1,1
202100048528,2021-03-10 18:45:00,2021,3,10,18,45,64,64335,RD 817,43.34427,-0.43057,Plein jour,Hors agglomération,Giratoire,Normale,Trois véhicules et plus - collisions multiples,3,2,2,0,1,3,1,0,1,70,,3,1,0,0,2,63.0,31.0,,,1,1,6,1,5
202100048529,2021-03-10 11:05:00,2021,3,10,11,5,64,64445,MARGUERITE LABORDE,43.30014,-0.36702,Plein jour,En agglomération,Intersection en X,Normale,Deux véhicules - côté,4,2,2,0,1,1,1,0,1,50,,2,1,0,0,1,85.0,66.0,,,1,2,2,1,3
202100048530,2021-03-07 17:05:00,2021,3,7,17,5,64,64284,CHEMIN SOUBACQ,43.27785,-0.38718,Plein jour,En agglomération,Intersection en T,Normale,Deux véhicules - côté,4,2,2,0,1,1,1,0,1,30,,2,1,0,0,1,33.0,12.0,,,1,2,3,1,3
202100048531,2021-03-07 09:40:00,2021,3,7,9,40,64,64284,VALLEES DES,43.29305,-0.38675,Plein jour,En agglomération,Intersection en X,Normale,Deux véhicules - côté,4,2,2,0,1,1,1,0,1,50,,6,5,0,0,1,46.0,41.0,,,1,2,2,1,3
202100048532,2021-03-10 15:20:00,2021,3,10,15,20,64,64122,LAC MARION (AVENUE DU),43.47024,-1.55454,Plein jour,En agglomération,Hors intersection,Normale,Deux véhicules - côté,4,2,2,0,1,1,1,0,1,30,,2,1,0,0,1,17.0,71.0,,,1,2,1,1,3
202100048533,2021-03-08 18:05:00,2021,3,8,18,5,64,64024,MONTAURY (ROND POINT DU PARC),43.48037,-1.50912,Plein jour,En agglomération,Giratoire,Normale,Deux véhicules - arrière,4,2,2,0,1,2,1,0,1,50,,2,1,0,0,1,60.0,26.0,,,1,2,6,1,2
202100048534,2021-03-08 17:15:00,2021,3,8,17,15,64,64102,AQUITAINE (AVENUE DE L'),43.48581,-1.47179,Plein jour,En agglomération,Autre intersection,Normale,Deux véhicules - côté,3,2,6,1,1,2,1,0,1,50,,2,1,0,0,1,16.0,16.0,,,1,2,9,1,3
202100048535,2021-03-09 11:48:00,2021,3,9,11,48,63,63113,MERMOZ (AVENUE JEAN),45.79249,3.14675,Plein jour,En agglomération,Hors intersection,Normale,Deux véhicules - côté,7,3,4,0,1,1,1,0,1,50,,2,1,0,0,1,62.0,23.0,,,1,2,1,1,3
202100048536,2021-03-09 11:39:00,2021,3,9,11,39,63,63113,TORPILLEUR SIROCCO (RUE DU),45.81188,3.10723,Plein jour,En agglomération,Intersection en T,Normale,Trois véhicules et plus - en chaîne,4,2,2,0,1,1,1,0,1,50,,3,1,0,0,2,84.0,35.0,,,1,2,3,1,4
202100048537,2021-03-06 14:30:00,2021,3,6,14,30,62,62525,BLUM (AVE LEON....N°53),50.74016,2.276358,Plein jour,En agglomération,Intersection en X,Normale,Deux véhicules - côté,4,2,2,0,1,1,1,0,1,50,,4,3,0,0,1,44.0,22.0,,,1,2,2,1,3
202100048538,2021-03-10 13:15:00,2021,3,10,13,15,59,59183,DARSES - CHAUSSEE,51.04109,2.34693,Plein jour,En agglomération,Intersection en T,Normale,Deux véhicules - frontale,4,3,2,0,1,1,1,0,1,50,,2,1,0,0,1,59.0,30.0,,,1,2,3,1,1
202100048539,2021-03-08 21:00:00,2021,3,8,21,0,59,59017,RESISTANTS (RUE DES ),50.691386,2.873115,Nuit avec éclairage allumé,En agglomération,Intersection en X,Normale,Deux véhicules - côté,7,2,2,1,1,1,1,0,1,50,,4,0,0,1,3,47.0,39.0,,,5,2,2,1,3
202100048540,2021-03-08 00:14:00,2021,3,8,0,14,57,57221,ROMAINS (RUE DES),49.3325,6.13517,Nuit avec éclairage allumé,En agglomération,Hors intersection,Normale,Autre collision,3,2,2,0,1,3,1,0,4,50,,3,1,1,1,0,20.0,,,,5,2,1,1,6
202100048541,2021-03-10 07:45:00,2021,3,10,7,45,56,56260,POMPIDOU (AVENUE GEORGES),47.66568,-2.77032,Plein jour,En agglomération,Hors intersection,Normale,Deux véhicules - côté,4,2,4,1,1,1,1,5,5,50,,2,1,0,0,1,32.0,60.0,,,1,2,1,1,3
202100048542,2021-03-09 18:15:00,2021,3,9,18,15,56,56121,CHAZELLES ( COURS LOUIS  DE ),47.7549,-3.36324,Plein jour,En agglomération,Intersection en T,Normale,Autre collision,4,2,4,0,1,1,1,5,1,30,,2,1,0,0,1,31.0,,,,1,2,3,1,6
202100048543,2021-03-09 07:40:00,2021,3,9,7,40,56,56121,COSMAO-DUMANOIR ( BD ),47.75331,-3.37225,Crépuscule ou aube,En agglomération,Hors intersection,Normale,Autre collision,4,2,2,0,1,1,1,0,1,30,,1,0,0,0,1,74.0,,,,2,2,1,1,6
202100048544,2021-03-09 13:30:00,2021,3,9,13,30,51,51454,Avenue Brébant,49.2555154035,4.0153124928,Plein jour,En agglomération,Hors intersection,Normale,Trois véhicules et plus - en chaîne,4,2,2,0,1,1,1,0,1,50,,3,2,0,0,1,33.0,19.0,,,1,2,1,1,4
202100048545,2021-03-10 17:35:00,2021,3,10,17,35,47,47001,RODRIGUES (RUE DE),44.19558,0.63195,Plein jour,En agglomération,Intersection en Y,Normale,Autre collision,4,2,2,0,1,1,1,0,1,50,,2,1,0,1,0,70.0,,,,1,2,4,1,6
202100048546,2021-03-08 18:10:00,2021,3,8,18,10,37,37195,RD 37,47.3832563131,0.6509827023,Crépuscule ou aube,Hors agglomération,Hors intersection,Normale,Autre collision,3,2,4,0,1,1,1,0,1,90,,2,1,0,0,1,44.0,90.0,,,2,1,1,1,6
202100048547,2021-03-10 14:30:00,2021,3,10,14,30,35,35238,FOUGERES (ROUTE DE),48.1296492366,-1.6429993179,Plein jour,En agglomération,Intersection en X,Pluie légère,Deux véhicules - côté,4,2,4,1,1,1,2,5,1,50,,2,1,0,0,1,58.0,19.0,,,1,2,2,2,3
202100048548,2021-02-20 16:30:00,2021,2,20,16,30,34,34032,BOUIN JEAN (BD),43.33381,3.25567,Plein jour,En agglomération,Hors intersection,Temps couvert,Deux véhicules - frontale,4,2,2,0,1,2,1,0,1,50,,3,0,0,2,1,28.0,45.0,,,1,2,1,8,1
202100048549,2021-03-10 23:30:00,2021,3,10,23,30,33,33039,Rue des Quatre Castéra,44.80943,-0.53737,Nuit avec éclairage allumé,En agglomération,Intersection en T,Pluie légère,Deux véhicules - côté,4,2,2,0,1,3,2,0,1,30,,3,1,0,0,2,19.0,22.0,,,5,2,3,2,3
202100048550,2021-03-10 11:33:00,2021,3,10,11,33,29,29232,D783 - Boulevard President Allende,47.99465,-4.07299,Plein jour,En agglomération,Giratoire,Pluie forte,Deux véhicules - côté,3,-1,1,0,1,2,2,0,1,50,,3,1,0,2,0,74.0,48.0,,,1,2,6,3,3
202100048551,2021-03-09 16:50:00,2021,3,9,16,50,29,29019,Rue Amiral Troude,48.386829,-4.47778,Plein jour,En agglomération,Hors intersection,Normale,Autre collision,4,2,2,0,1,1,1,0,1,30,,2,1,0,1,0,28.0,,,,1,2,1,1,6
202100048552,2021-03-10 12:10:00,2021,3,10,12,10,26,26362,101 Bd Franklin Roosevelt,44.91619,4.910996,Plein jour,En agglomération,Intersection en X,Normale,Deux véhicules - côté,4,2,2,0,1,2,1,5,1,50,,3,1,0,0,2,35.0,29.0,,,1,2,2,1,3
202100048553,2021-03-10 11:30:00,2021,3,10,11,30,26,26198,Avenue 45eme Régiment de Trans,44.5693,4.78411,Plein jour,En agglomération,Hors intersection,Normale,Deux véhicules - arrière,4,2,2,0,1,1,1,0,1,50,,2,1,0,0,1,86.0,41.0,,,1,2,1,1,2
202100048554,2021-03-10 17:28:00,2021,3,10,17,28,17,17028,CORBUSIER   RUE LE,46.130665,-1.089511,Plein jour,Hors agglomération,Hors intersection,Normale,Trois véhicules et plus - en chaîne,3,2,2,0,1,1,1,0,1,80,,5,3,0,0,2,43.0,45.0,,,1,1,1,1,4
202100048555,2021-03-08 17:00:00,2021,3,8,17,0,15,15014,Avenue Georges Pompidou,44.910916,2.450841,Plein jour,En agglomération,Hors intersection,Normale,Autre collision,2,2,2,0,1,3,1,0,1,50,,2,1,0,0,1,67.0,,,,1,2,1,1,6
202100048556,2021-03-10 08:00:00,2021,3,10,8,0,13,13201,FRANKLIN ROOSEVELT (COURS)   1 A 37,43.29899,5.38708,Plein jour,En agglomération,Hors intersection,Normale,Autre collision,4,2,2,0,2,1,1,0,1,50,,2,1,0,0,1,39.0,,,,1,2,1,1,6
202100048557,2021-03-09 15:54:00,2021,3,9,15,54,13,13206,TILSIT (RUE),43.29273,5.38752,Plein jour,En agglomération,Intersection en X,Normale,Autre collision,4,1,1,0,1,1,1,0,1,50,,4,2,0,0,2,24.0,42.0,,,1,2,2,1,6
202100048558,2021-03-10 11:20:00,2021,3,10,11,20,13,13063,FRATERNITE RUE DE LA,43.57795,4.99873,Plein jour,En agglomération,Intersection en T,Normale,Deux véhicules - côté,7,2,1,0,1,1,1,0,8,50,,2,1,0,0,1,33.0,22.0,,,1,2,3,1,3
202100048559,2021-03-10 07:40:00,2021,3,10,7,40,06,06069,VICTOIRE DU HUIT MAI 1945 (AVENUE DE LA),43.637112,6.910779,Plein jour,En agglomération,Hors intersection,Normale,Autre collision,4,2,2,0,2,3,1,0,1,30,,2,1,0,0,1,57.0,,,,1,2,1,1,6
202100048560,2021-03-10 09:10:00,2021,3,10,9,10,75,75120,RUE DES VIGNOLES,48.853407,2.398443,Plein jour,En agglomération,Intersection en X,Normale,Deux véhicules - côté,4,1,1,0,2,1,1,0,1,50,,2,1,0,0,1,23.0,29.0,,,1,2,2,1,3
202100048561,2021-03-09 12:45:00,2021,3,9,12,45,75,75120,RUE DES PYRENEES,48.853998,2.405737,Plein jour,En agglomération,Intersection en Y,Normale,Autre collision,4,2,2,3,1,1,1,0,1,50,,2,1,0,0,1,32.0,,,,1,2,4,1,6
202100048562,2021-03-10 21:35:00,2021,3,10,21,35,75,75119,AVENUE DE FLANDRE,48.890569998,2.3768772413,Nuit avec éclairage allumé,En agglomération,Intersection en X,Pluie légère,Sans collision,4,1,2,3,1,1,2,-1,6,50,,1,0,0,0,1,28.0,,,,5,2,2,2,7
202100048563,2021-03-09 16:25:00,2021,3,9,16,25,75,75118,BOULEVARD DE ROCHECHOUART,48.88255,2.341928,Plein jour,En agglomération,Intersection en T,Normale,Autre collision,4,-1,0,1,1,1,1,-1,5,50,,1,0,0,0,1,26.0,,,,1,2,3,1,6
202100048564,2021-03-10 08:45:00,2021,3,10,8,45,75,75117,BOULEVARD GOUVION SAINT CYR,48.883542,2.288163,Plein jour,En agglomération,Intersection en T,Normale,Deux véhicules - côté,4,2,2,0,1,1,1,8,1,30,,2,1,0,0,1,47.0,36.0,,,1,2,3,1,3
202100048565,2021-03-09 12:50:00,2021,3,9,12,50,75,75117,RUE BROCHANT,48.888421,2.317261,Plein jour,En agglomération,Intersection en X,Normale,Deux véhicules - côté,4,2,2,0,1,1,1,0,1,30,,3,1,0,0,2,61.0,23.0,,,1,2,2,1,3
202100048566,2021-03-09 21:25:00,2021,3,9,21,25,75,75116,RUE CORTAMBERT,48.860145,2.27812,Nuit avec éclairage allumé,En agglomération,Intersection en X,Normale,Deux véhicules - côté,4,1,1,0,1,1,1,0,1,30,,3,2,0,0,1,62.0,18.0,,,5,2,2,1,3
202100048567,2021-03-10 14:45:00,2021,3,10,14,45,75,75115,RUE DU LAOS,48.849907,2.30113,Plein jour,En agglomération,Intersection à plus de 4 branches,Normale,Deux véhicules - côté,4,1,1,0,1,1,1,0,1,50,,2,1,0,0,1,20.0,41.0,,,1,2,5,1,3
202100048568,2021-03-10 08:35:00,2021,3,10,8,35,75,75114,RUE DES PLANTES,48.829294,2.322649,Plein jour,En agglomération,Intersection en X,Normale,Sans collision,4,1,1,0,1,1,1,0,1,50,,1,0,0,0,1,39.0,,,,1,2,2,1,7
202100048569,2021-03-10 17:30:00,2021,3,10,17,30,75,75113,AVENUE DE CHOISY,48.826638,2.359542,Plein jour,En agglomération,Hors intersection,Pluie légère,Deux véhicules - côté,4,2,3,0,1,1,2,0,1,50,,2,1,0,0,1,30.0,25.0,,,1,2,1,2,3
202100048570,2021-03-10 18:00:00,2021,3,10,18,0,75,75112,BOULEVARD DE REUILLY,48.839281,2.392775,Crépuscule ou aube,En agglomération,Hors intersection,Pluie légère,Deux véhicules - côté,4,2,2,0,1,1,2,0,1,50,,2,1,0,0,1,31.0,32.0,,,2,2,1,2,3
202100048571,2021-03-10 11:30:00,2021,3,10,11,30,75,75111,RUE FAIDHERBE,48.853996,2.382316,Plein jour,En agglomération,Intersection en T,Normale,Deux véhicules - côté,4,2,2,0,1,1,1,0,1,50,,2,1,0,0,1,44.0,35.0,,,1,2,3,1,3
202100048572,2021-03-10 12:40:00,2021,3,10,12,40,75,75110,BOULEVARD SAINT MARTIN,48.868614,2.358013,Plein jour,En agglomération,Hors intersection,Normale,Deux véhicules - côté,4,2,4,0,2,1,1,0,1,50,,2,1,0,0,1,44.0,22.0,,,1,2,1,1,3
202100048573,2021-03-10 06:52:00,2021,3,10,6,52,75,75109,RUE TAITBOUT,48.876177,2.335367,Plein jour,En agglomération,Intersection en X,Normale,Autre collision,4,1,1,0,1,1,1,0,1,50,,2,1,0,0,1,32.0,,,,1,2,2,1,6
202100048574,2021-03-10 15:35:00,2021,3,10,15,35,75,75107,RUE JEAN CARRIES,48.85268,2.299795,Plein jour,En agglomération,Intersection en X,Normale,Deux véhicules - arrière,4,1,1,0,1,1,1,0,1,50,,2,1,0,0,1,49.0,32.0,,,1,2,2,1,2
202100048575,2021-03-10 11:15:00,2021,3,10,11,15,75,75103,RUE SAINT MARTIN,48.861666,2.351668,Plein jour,En agglomération,Intersection en X,Temps couvert,Autre collision,4,1,1,0,1,3,1,0,1,50,,2,1,0,0,1,37.0,,,,1,2,2,8,6
202100048576,2021-03-10 07:20:00,2021,3,10,7,20,75,75103,BOULEVARD DE SEBASTOPOL,48.866238,2.352532,Plein jour,En agglomération,Intersection en X,Normale,Deux véhicules - côté,4,1,4,0,1,1,1,0,1,50,,2,1,0,0,1,54.0,24.0,,,1,2,2,1,3
202100048577,2021-03-09 13:00:00,2021,3,9,13,0,75,75101,RUE DU LOUVRE,48.8639,2.342359,Plein jour,En agglomération,Intersection en X,Normale,Deux véhicules - arrière,4,2,2,0,1,1,1,0,1,50,,2,1,0,0,1,,64.0,,,1,2,2,1,2
202100048578,2021-03-07 18:45:00,2021,3,7,18,45,75,75101,QUAI FRANCOIS MITTERRAND,48.860118,2.333332,Nuit avec éclairage allumé,En agglomération,Place,Normale,Deux véhicules - côté,4,1,5,0,1,1,1,0,1,50,,3,2,0,0,1,26.0,53.0,,,5,2,7,1,3
202100048579,2021-03-10 17:30:00,2021,3,10,17,30,94,94044,HENRI BARBUSSE (R),48.75181,2.48753,Plein jour,En agglomération,Hors intersection,Pluie légère,Autre collision,3,2,0,0,1,1,2,6,1,50,,2,1,0,0,1,21.0,,,,1,2,1,2,6
202100048580,2021-03-09 15:20:00,2021,3,9,15,20,94,94068,SEBASTOPOL (AV DE),48.7940440913,2.5073933601,Plein jour,En agglomération,Intersection en X,Normale,Deux véhicules - côté,4,2,2,0,1,1,1,0,1,30,,2,1,0,0,1,39.0,21.0,,,1,2,2,1,3
202100048581,2021-03-10 14:50:00,2021,3,10,14,50,94,94076,STALINGRAD (AV DE),48.78422,2.3669,Plein jour,En agglomération,Hors intersection,Normale,Deux véhicules - arrière,3,1,2,1,1,1,1,0,5,50,,2,1,0,0,1,62.0,49.0,,,1,2,1,1,2
202100048582,2021-03-10 18:05:00,2021,3,10,18,5,94,94041,JEAN-BAPTISTE RENOULT (R),48.80313,2.39494,Crépuscule ou aube,En agglomération,Hors intersection,Pluie légère,Autre collision,4,2,2,0,2,1,2,0,1,50,,5,4,0,0,1,18.0,,,,2,2,1,2,6
202100048583,2021-03-09 14:55:00,2021,3,9,14,55,94,94033,VICTOR HUGO (AV),48.85904,2.47447,Plein jour,En agglomération,Hors intersection,Normale,Sans collision,4,2,2,0,1,1,1,0,1,30,,1,0,0,1,0,28.0,,,,1,2,1,1,7
202100048584,2021-03-10 21:40:00,2021,3,10,21,40,94,94022,JEAN JAURES (R),48.76517,2.40763,Nuit avec éclairage allumé,En agglomération,Hors intersection,Pluie légère,Autre collision,3,3,2,0,1,1,2,0,1,50,,2,1,0,0,1,,,,,5,2,1,2,6
202100048585,2021-03-10 08:40:00,2021,3,10,8,40,94,94079,BOIELDIEU (AV),48.826412,2.541612,Plein jour,En agglomération,Hors intersection,Normale,Autre collision,4,1,1,0,1,2,1,0,1,50,,2,1,0,0,1,31.0,,,,1,2,1,1,6
202100048586,2021-03-08 15:18:00,2021,3,8,15,18,94,94079,CHAMPIGNY (RTE DE),48.82428,2.534,Plein jour,En agglomération,Hors intersection,Normale,Autre collision,4,2,2,0,1,1,1,0,1,50,,2,1,0,0,1,25.0,,,,1,2,1,1,6
202100048587,2021-03-10 19:30:00,2021,3,10,19,30,94,94075,Avenue du Mal de Lattre de Tassigny,48.72853,2.52878,Nuit avec éclairage allumé,En agglomération,Hors intersection,Pluie légère,Autre collision,2,2,4,0,1,1,2,0,1,50,,1,0,0,0,1,43.0,,,,5,2,1,2,6
202100048588,2021-03-10 10:05:00,2021,3,10,10,5,93,93059,PARC (RUE DU),48.9614266022,2.3656010628,Plein jour,En agglomération,Hors intersection,Normale,Autre collision,4,1,1,0,1,1,1,0,1,50,,2,1,0,0,1,37.0,,,,1,2,1,1,6
202100048589,2021-03-10 17:00:00,2021,3,10,17,0,93,93048,THEOPHILE SUEUR (BOULEVARD),48.8687,2.47058,Plein jour,En agglomération,Autre intersection,Pluie légère,Deux véhicules - côté,3,-1,2,0,1,1,9,9,1,50,,2,1,0,1,0,51.0,45.0,,,1,2,9,2,3
202100048590,2021-03-10 10:00:00,2021,3,10,10,0,93,93031,JOFFRE (AVENUE),48.95852,2.30104,Plein jour,En agglomération,Hors intersection,Normale,Deux véhicules - côté,3,2,4,0,1,1,1,0,1,50,,2,1,0,0,1,37.0,52.0,,,1,2,1,1,3
202100048591,2021-03-07 12:40:00,2021,3,7,12,40,93,93029,FAIDHERBE,48.92244,2.43364,Plein jour,En agglomération,Intersection en X,Normale,Deux véhicules - côté,4,-1,1,0,1,1,1,5,1,50,,2,1,0,0,1,70.0,46.0,,,1,2,2,1,3
202100048592,2021-03-10 19:30:00,2021,3,10,19,30,93,93027,JAURES (AVENUE JEAN),48.9243976529,2.4016505441,Nuit avec éclairage allumé,En agglomération,Intersection en X,Pluie légère,Deux véhicules - côté,3,2,2,1,1,1,2,0,1,50,,3,1,0,0,2,,56.0,,,5,2,2,2,3
202100048593,2021-03-10 20:40:00,2021,3,10,20,40,93,93010,RENDEZ-VOUS (AL. DU),48.9032324638,2.496038479,Nuit avec éclairage allumé,En agglomération,Hors intersection,Pluie légère,Autre collision,4,2,1,0,1,1,2,0,1,50,,1,0,0,1,0,22.0,,,,5,2,1,2,6
202100048594,2021-03-10 19:45:00,2021,3,10,19,45,92,92062,WALLACE (BD RICHARD) DU 17 AU 91 ET DU 3,48.8823024557,2.2346899752,Nuit avec éclairage allumé,En agglomération,Hors intersection,Pluie légère,Deux véhicules - côté,4,2,2,0,2,1,2,0,1,50,,2,1,0,0,1,40.0,29.0,,,5,2,1,2,3
202100048595,2021-03-10 18:30:00,2021,3,10,18,30,92,92024,VICTOR HUGO (BD),48.900216044,2.3149207234,Crépuscule ou aube,En agglomération,Intersection en T,Pluie légère,Deux véhicules - arrière,3,2,2,0,1,1,2,0,1,50,,2,1,0,0,1,,36.0,,,2,2,3,2,2
202100048596,2021-03-10 01:25:00,2021,3,10,1,25,92,92002,DIVISION LECLERC (53 A 217 - 58 A 186),48.7487932487,2.3040363193,Nuit avec éclairage allumé,En agglomération,Intersection en X,Normale,Deux véhicules - côté,3,3,4,0,2,1,1,5,1,50,,2,1,0,0,1,22.0,29.0,,,5,2,2,1,3
202100048597,2021-03-10 08:15:00,2021,3,10,8,15,974,97415,D6,-21.019738,55.270715,Plein jour,Hors agglomération,Hors intersection,Normale,Autre collision,3,2,3,0,2,1,1,0,3,80,,4,0,0,2,2,35.0,,,,1,1,1,1,6