accident_id,datetime,annee,mois,jour,heure,minute,departement,commune_insee,adresse,latitude,longitude,luminosite,agglomeration,intersection,meteo,collision,catr,circ,nbv,vosp,prof,plan,surf,infra,situ,vma,nb_vehicules,nb_usagers,nb_indemnes,nb_tues,nb_blesses_hosp,nb_blesses_legers,age_cond_1,age_cond_2,veh_type_cond_1,veh_type_cond_2,lum_code,agg_code,int_code,atm_code,col_code
202100048598,2021-03-04 19:43:00,2021,3,4,19,43,974,97415,Chemin d'Eau,-21.085029,55.272071,Nuit sans éclairage public,En agglomération,Hors intersection,Normale,Autre collision,3,2,2,0,2,2,1,0,3,80,,1,0,0,1,0,20.0,,,,3,2,1,1,6
202100048599,2021-03-11 17:45:00,2021,3,11,17,45,51,51649,Avenue de Paris,48.727365,4.580494,Crépuscule ou aube,En agglomération,Hors intersection,Normale,Autre collision,2,3,2,0,1,1,2,0,5,50,,2,1,0,1,0,70.0,,,,2,2,1,1,6
202100048600,2021-03-09 23:40:00,2021,3,9,23,40,83,83072,Chemin de la Martinette,43.479448,6.353477,Nuit sans éclairage public,En agglomération,Hors intersection,Normale,Sans collision,4,2,2,0,1,1,1,0,3,80,,1,0,0,0,1,20.0,,,,3,2,1,1,7
202100048601,2021-03-07 20:30:00,2021,3,7,20,30,972,97204,N2 -,14.712551,-61.184154,Nuit avec éclairage allumé,En agglomération,Hors intersection,Normale,Deux véhicules - côté,2,2,2,0,1,3,1,0,1,50,,2,1,0,1,0,20.0,20.0,,,5,2,1,1,3
202100048602,2021-03-10 18:05:00,2021,3,10,18,5,68,68300,Rue de la Fabrique,47.779501,7.364995,Crépuscule ou aube,En agglomération,Giratoire,Normale,Deux véhicules - arrière,3,2,2,2,1,1,1,5,8,50,,3,2,0,0,1,29.0,19.0,,,2,2,6,1,2
202100048603,2021-03-10 07:20:00,2021,3,10,7,20,01,01419,Avenue du Mont Blanc,46.23548,6.007875,Plein jour,Hors agglomération,Giratoire,Normale,Deux véhicules - côté,3,2,1,0,1,2,1,9,1,50,,2,1,0,0,1,32.0,43.0,,,1,1,6,1,3
202100048604,2021-03-11 11:10:00,2021,3,11,11,10,74,74010,Rte de Pringy (Annecy),45.958803,6.126037,Plein jour,Hors agglomération,Hors intersection,Normale,Deux véhicules - frontale,3,2,2,0,2,4,1,0,1,70,,2,1,0,1,0,32.0,30.0,,,1,1,1,1,1
202100048605,2021-03-11 08:50:00,2021,3,11,8,50,06,06109,M20,43.826911,7.198834,Plein jour,Hors agglomération,Hors intersection,Normale,Sans collision,7,2,2,0,2,3,1,0,8,90,,1,0,1,0,0,55.0,,,,1,1,1,1,7
202100048606,2021-03-11 11:10:00,2021,3,11,11,10,01,01173,150 Rue de Bonnarche,46.337029,6.068423,Plein jour,En agglomération,Intersection en T,Normale,Autre collision,4,-1,2,0,1,1,1,0,1,-1,,2,1,1,0,0,48.0,,,,1,2,3,1,6
202100048607,2021-03-11 11:30:00,2021,3,11,11,30,74,74256,Rte du Fayet,45.932916,6.632749,Plein jour,En agglomération,Hors intersection,Normale,Deux véhicules - arrière,3,2,2,0,1,1,1,0,1,30,,2,1,0,1,0,20.0,59.0,,,1,2,1,1,2
202100048608,2021-03-11 12:05:00,2021,3,11,12,5,74,74256,Rte du Fayet,45.932793,6.632883,Plein jour,En agglomération,Intersection en T,Normale,Autre collision,3,2,2,0,1,2,1,0,1,30,,2,1,0,1,0,53.0,,,,1,2,3,1,6
202100048609,2021-03-11 13:50:00,2021,3,11,13,50,80,80078,rue de la croix,50.090401,1.910634,Plein jour,En agglomération,Intersection en T,Vent fort / tempête,Sans collision,4,2,2,0,1,1,1,0,1,50,,1,0,0,1,0,17.0,,,,1,2,3,6,7
202100048610,2021-03-10 16:05:00,2021,3,10,16,5,80,80606,d.29,49.947684,1.775724,Plein jour,Hors agglomération,Hors intersection,Pluie légère,Autre collision,3,2,2,0,1,1,2,0,3,80,,1,0,0,1,0,84.0,,,,1,1,1,2,6
202100048611,2021-03-10 10:45:00,2021,3,10,10,45,82,82058,2480 Route de Cadeilhan,43.947821,1.002814,Plein jour,Hors agglomération,Intersection en X,Normale,Deux véhicules - côté,3,2,2,0,3,1,1,0,1,80,,3,1,0,1,1,25.0,29.0,,,1,1,2,1,3
202100048612,2021-03-11 03:30:00,2021,3,11,3,30,55,55315,Bois Lejuc (Forêt),48.5196546788,5.3722729683,Nuit sans éclairage public,Hors agglomération,Hors intersection,Pluie légère,Sans collision,4,-1,1,0,1,1,2,9,3,-1,,3,2,0,0,1,28.0,,,,3,1,1,2,7
202100048613,2021-03-11 12:05:00,2021,3,11,12,5,25,25345,55 Grande Rue,47.451795,6.652892,Plein jour,Hors agglomération,Hors intersection,Normale,Autre collision,3,2,2,0,1,1,1,0,3,80,,1,0,1,0,0,81.0,,,,1,1,1,1,6
202100048614,2021-03-11 16:45:00,2021,3,11,16,45,29,29065,Route de Plogastel,48.018048,-4.268108,Plein jour,En agglomération,Intersection en T,Normale,Autre collision,4,2,2,0,2,1,1,5,1,50,,2,1,0,1,0,50.0,,,,1,2,3,1,6
202100048615,2021-03-11 17:10:00,2021,3,11,17,10,03,03159,Rue de la Brande,46.299991,2.735239,Plein jour,En agglomération,Hors intersection,Normale,Sans collision,3,2,2,0,1,1,1,0,1,50,,1,0,0,1,0,69.0,,,,1,2,1,1,7
202100048616,2021-03-10 13:00:00,2021,3,10,13,0,66,66105,Route du Col de Creu,42.598426,2.131924,Plein jour,Hors agglomération,Hors intersection,Normale,Sans collision,3,2,2,0,2,1,1,0,1,80,,1,0,0,0,1,73.0,,,,1,1,1,1,7
202100048617,2021-03-08 17:50:00,2021,3,8,17,50,36,36088,,46.94269,2.014119,Plein jour,Hors agglomération,Hors intersection,Normale,Sans collision,3,2,2,0,1,1,1,0,8,80,,1,0,0,0,1,16.0,,,,1,1,1,1,7
202100048618,2021-03-09 16:15:00,2021,3,9,16,15,40,40080,RD 824,43.753729,-0.295719,Plein jour,Hors agglomération,Intersection en T,Normale,Deux véhicules - arrière,3,2,2,0,1,1,1,0,1,80,,2,1,0,1,0,50.0,24.0,,,1,1,3,1,2
202100048619,2021-03-11 16:15:00,2021,3,11,16,15,85,85039,D753,47.000439,-1.158683,Plein jour,Hors agglomération,Hors intersection,Normale,Deux véhicules - côté,3,2,2,0,1,1,1,0,1,80,,2,1,0,0,1,55.0,67.0,,,1,1,1,1,3
202100048620,2021-03-08 18:45:00,2021,3,8,18,45,27,27214,D20,49.308907,1.410619,Plein jour,Hors agglomération,Hors intersection,Normale,Autre collision,3,2,2,0,1,1,1,0,3,80,,1,0,0,0,1,37.0,,,,1,1,1,1,6
202100048621,2021-03-08 13:00:00,2021,3,8,13,0,24,24289,Les Chapelles,44.852271,0.087778,Plein jour,Hors agglomération,Hors intersection,Normale,Autre collision,3,2,2,0,1,1,1,0,3,80,,2,1,0,0,1,83.0,,,,1,1,1,1,6
202100048622,2021-03-08 13:45:00,2021,3,8,13,45,06,06152,Route du Parc,43.613335,7.044956,Plein jour,Hors agglomération,Hors intersection,Normale,Deux véhicules - arrière,3,1,2,0,1,1,1,0,1,80,,2,1,0,0,1,22.0,47.0,,,1,1,1,1,2
202100048623,2021-03-11 08:40:00,2021,3,11,8,40,42,42097,M498,45.521477,4.290692,Plein jour,Hors agglomération,Hors intersection,Normale,Deux véhicules - arrière,7,1,2,0,1,1,1,0,1,70,,2,1,0,0,1,45.0,40.0,,,1,1,1,1,2
202100048624,2021-03-10 12:40:00,2021,3,10,12,40,38,38052,"Rd1091, La paute",45.0551612287,6.0425662994,Plein jour,En agglomération,Hors intersection,Normale,Autre collision,3,2,2,0,1,1,1,0,1,70,,1,0,0,0,1,62.0,,,,1,2,1,1,6
202100048625,2021-03-11 08:30:00,2021,3,11,8,30,51,51454,A344,49.227428,4.053386,Plein jour,Hors agglomération,Hors intersection,Pluie légère,Trois véhicules et plus - en chaîne,1,1,3,0,1,1,2,0,1,90,,6,3,0,0,3,41.0,55.0,,,1,1,1,2,4
202100048626,2021-03-11 12:50:00,2021,3,11,12,50,69,69006,D8,45.9481704875,4.3473887444,Plein jour,Hors agglomération,Hors intersection,Normale,Deux véhicules - côté,3,2,2,0,1,3,1,0,1,80,,2,1,0,1,0,44.0,18.0,,,1,1,1,1,3
202100048627,2021-03-07 16:00:00,2021,3,7,16,0,95,95656,Cote du Pavillon,49.0615469749,1.7197723549,Plein jour,Hors agglomération,Hors intersection,Normale,Autre collision,3,2,2,0,2,2,1,0,3,70,,2,0,0,1,1,21.0,,,,1,1,1,1,6
202100048628,2021-03-10 14:30:00,2021,3,10,14,30,06,06048,Route Rd 15 la Roseyre,43.78784,7.332361,Plein jour,En agglomération,Intersection en Y,Normale,Deux véhicules - côté,3,2,2,0,2,1,1,0,1,50,,2,1,0,0,1,16.0,43.0,,,1,2,4,1,3
202100048629,2021-03-10 16:45:00,2021,3,10,16,45,13,13015,CD6,43.43815,5.430164,Plein jour,Hors agglomération,Hors intersection,Normale,Deux véhicules - arrière,7,3,4,0,1,1,1,0,1,110,,2,1,0,0,1,39.0,59.0,,,1,1,1,1,2
202100048630,2021-03-09 19:30:00,2021,3,9,19,30,01,01249,638 Grande Rue,45.822433,4.949164,Nuit avec éclairage allumé,En agglomération,Intersection en T,Normale,Deux véhicules - côté,3,2,2,0,1,1,1,0,1,50,,2,0,0,1,1,31.0,26.0,,,5,2,3,1,3
202100048631,2021-03-11 14:00:00,2021,3,11,14,0,69,69069,CENTRALE (R),45.74589,4.716514,Plein jour,En agglomération,Intersection en X,Normale,Deux véhicules - côté,4,2,2,0,1,1,1,0,1,50,,2,1,0,0,1,30.0,50.0,,,1,2,2,1,3
202100048632,2021-03-10 14:50:00,2021,3,10,14,50,17,17232,D127,45.653243,-0.804641,Plein jour,Hors agglomération,Intersection en Y,Normale,Deux véhicules - frontale,3,2,2,0,2,2,1,0,1,80,,3,2,0,1,0,53.0,38.0,,,1,1,4,1,1
202100048633,2021-03-11 16:30:00,2021,3,11,16,30,16,16146,Lieu-dit Le Plantier,45.62368,0.282898,Plein jour,Hors agglomération,Hors intersection,Pluie forte,Autre collision,3,2,2,0,1,2,2,0,3,80,,1,0,0,1,0,38.0,,,,1,1,1,3,6
202100048634,2021-03-11 09:10:00,2021,3,11,9,10,56,56007,Giratoire de Kerbois,47.663841,-3.009675,Plein jour,En agglomération,Giratoire,Normale,Deux véhicules - côté,4,1,2,0,1,2,2,5,1,50,,2,1,0,0,1,53.0,28.0,,,1,2,6,1,3
202100048635,2021-03-10 10:00:00,2021,3,10,10,0,13,13005,A501-Sens Aubagne vers Pont de l'Etoile,43.3192272008,5.5913721126,Plein jour,Hors agglomération,Hors intersection,Normale,Deux véhicules - arrière,1,3,2,0,1,1,1,0,1,90,,2,1,0,0,1,23.0,50.0,,,1,1,1,1,2
202100048636,2021-03-10 08:41:00,2021,3,10,8,41,13,13211,A507 sens Aubagne- Marseille,43.286186,5.430464,Plein jour,Hors agglomération,Hors intersection,Normale,Trois véhicules et plus - collisions multiples,1,3,3,0,1,1,1,0,1,90,,3,2,0,0,1,28.0,53.0,,,1,1,1,1,5
202100048637,2021-03-10 09:05:00,2021,3,10,9,5,38,38544,RD1407   0.000 A 2.331,45.54119,4.85494,Plein jour,Hors agglomération,Hors intersection,Normale,Trois véhicules et plus - en chaîne,3,2,5,0,1,1,1,0,1,50,,6,4,0,0,2,29.0,84.0,,,1,1,1,1,4
202100048638,2021-03-10 19:32:00,2021,3,10,19,32,33,33143,,44.974786,-0.433319,Nuit avec éclairage allumé,Hors agglomération,Hors intersection,Normale,Autre collision,1,1,2,0,1,1,1,9,1,50,,1,0,0,0,1,30.0,,,,5,1,1,1,6
202100048639,2021-03-10 17:10:00,2021,3,10,17,10,91,91471,RD 188 CHEVREUSE,48.692126,2.181548,Crépuscule ou aube,Hors agglomération,Hors intersection,Normale,Trois véhicules et plus - en chaîne,3,2,2,0,1,1,2,0,1,70,,3,1,0,0,2,54.0,30.0,,,2,1,1,1,4
202100048640,2021-03-09 14:55:00,2021,3,9,14,55,92,92025,A86,48.9190397614,2.2236068855,Plein jour,Hors agglomération,Hors intersection,Normale,Trois véhicules et plus - en chaîne,1,3,6,0,1,1,1,0,1,90,,3,2,0,0,1,42.0,74.0,,,1,1,1,1,4
202100048641,2021-03-10 18:05:00,2021,3,10,18,5,93,93066,AUTOROUTE A1,48.9199,2.35723,Crépuscule ou aube,Hors agglomération,Hors intersection,Pluie légère,Autre collision,1,3,8,3,2,1,2,0,1,90,,1,0,0,0,1,24.0,,,,2,1,1,2,6
202100048642,2021-03-10 08:31:00,2021,3,10,8,31,95,95394,RN 184,49.0514679308,2.1520249343,Plein jour,Hors agglomération,Hors intersection,Normale,Deux véhicules - côté,2,3,6,0,1,3,1,0,1,110,,2,1,0,0,1,58.0,40.0,,,1,1,1,1,3
202100048643,2021-03-10 09:00:00,2021,3,10,9,0,94,94018,A4,48.81831,2.40985,Plein jour,Hors agglomération,Hors intersection,Normale,Deux véhicules - arrière,1,1,5,0,1,1,1,0,8,90,,2,1,0,0,1,23.0,29.0,,,1,1,1,1,2
202100048644,2021-01-03 17:50:00,2021,1,3,17,50,93,93073,BERGER (RUE GILBERT),48.9501305805,2.577729324,Nuit avec éclairage allumé,En agglomération,Hors intersection,Normale,Autre collision,4,2,4,0,1,1,1,0,8,50,,2,1,0,0,1,37.0,,,,5,2,1,1,6
202100048645,2021-03-09 08:15:00,2021,3,9,8,15,987,98736,SAINTE TRINITE (RUE),-17.5327,-149.545,Plein jour,Hors agglomération,Autre intersection,Normale,Deux véhicules - côté,4,2,2,0,1,1,1,5,1,50,,2,1,0,0,1,24.0,36.0,,,1,1,9,1,3
202100048646,2021-03-08 14:45:00,2021,3,8,14,45,974,97411,LATTRE DE TASSIGNY (AVENUE MARECHAL DE),-20.88755,55.47249,Plein jour,En agglomération,Hors intersection,Normale,Autre collision,4,1,3,0,1,1,1,0,1,50,,2,1,0,0,1,66.0,,,,1,2,1,1,6
202100048647,2021-03-08 20:20:00,2021,3,8,20,20,69,69383,PINEL (BD),45.7530828899,4.8952197719,Nuit avec éclairage allumé,En agglomération,Intersection à plus de 4 branches,Normale,Deux véhicules - côté,4,1,1,0,1,1,1,0,1,50,,3,1,0,0,2,30.0,56.0,,,5,2,5,1,3
202100048648,2021-03-09 02:50:00,2021,3,9,2,50,972,97209,ALLEGRE (BOULEVARD),14.60519,-61.07327,Nuit avec éclairage non allumé,En agglomération,Hors intersection,Normale,Autre collision,2,1,1,0,1,1,1,0,1,30,,2,1,0,0,1,,,,,4,2,1,1,6
202100048649,2021-03-09 08:50:00,2021,3,9,8,50,69,69389,JOANNES MASSET                      (AV),45.7726269044,4.8000490665,Plein jour,En agglomération,Autre intersection,Normale,Autre collision,4,2,2,1,1,1,1,0,6,50,,2,1,0,0,1,36.0,,,,1,2,9,1,6
202100048650,2021-03-09 08:15:00,2021,3,9,8,15,69,69034,GEORGES CLEMENCEAU (Q),45.81383,4.84931,Plein jour,En agglomération,Intersection en T,Normale,Deux véhicules - côté,7,2,2,0,1,1,1,0,1,50,,2,1,0,0,1,46.0,27.0,,,1,2,3,1,3
202100048651,2021-03-08 19:30:00,2021,3,8,19,30,69,69385,FULCHIRON (Q),45.752296588,4.8221558722,Nuit avec éclairage allumé,En agglomération,Hors intersection,Normale,Autre collision,4,1,2,0,1,1,1,8,1,50,,1,0,0,1,0,33.0,,,,5,2,1,1,6
202100048652,2021-03-08 16:30:00,2021,3,8,16,30,971,97101,ROUTE DE BOISVINS,16.2612618876,-61.4796209335,Plein jour,Hors agglomération,Hors intersection,Normale,Trois véhicules et plus - en chaîne,3,2,2,0,1,1,1,0,1,50,,5,4,0,0,1,21.0,52.0,,,1,1,1,1,4
202100048653,2021-03-09 09:15:00,2021,3,9,9,15,95,95585,HEUDE (RUE DU PERE),48.986,2.38862,Plein jour,En agglomération,Hors intersection,Normale,Deux véhicules - côté,3,2,2,0,1,1,1,0,1,50,,3,2,0,1,0,41.0,31.0,,,1,2,1,1,3
202100048654,2021-03-08 18:00:00,2021,3,8,18,0,86,86194,Avenue de Nantes,46.583748,0.330224,Plein jour,En agglomération,Hors intersection,Normale,Autre collision,4,3,2,0,2,1,1,0,4,50,,2,1,0,1,0,40.0,,,,1,2,1,1,6
202100048655,2021-03-07 17:30:00,2021,3,7,17,30,84,84007,CONFLUENT (ROUTE),43.92401,4.784021,Plein jour,En agglomération,Hors intersection,Normale,Trois véhicules et plus - collisions multiples,4,1,2,0,1,1,1,0,1,50,,7,2,0,3,2,24.0,23.0,,,1,2,1,1,5
202100048656,2021-03-08 16:35:00,2021,3,8,16,35,83,83090,REPUBLIQUE (RUE DE LA),43.1378323259,5.8473029514,Plein jour,En agglomération,Autre intersection,Normale,Autre collision,7,2,1,0,1,1,1,9,1,30,,2,1,0,1,0,19.0,,,,1,2,9,1,6
202100048657,2021-03-08 14:50:00,2021,3,8,14,50,83,83137,PICOT (AVE DU COLONEL),43.12959,5.96929,Plein jour,En agglomération,Hors intersection,Normale,Deux véhicules - côté,4,2,2,0,2,1,1,0,1,50,,2,1,0,1,0,22.0,31.0,,,1,2,1,1,3
202100048658,2021-03-09 13:40:00,2021,3,9,13,40,83,83069,DECUGIS (AVENUE ALFRED),43.11633,6.14666,Plein jour,En agglomération,Giratoire,Normale,Deux véhicules - côté,4,2,4,0,1,1,1,0,1,50,,2,1,0,0,1,49.0,70.0,,,1,2,6,1,3
202100048659,2021-03-07 10:00:00,2021,3,7,10,0,83,83050,PREMIERE ARMEE(AVENUE DE LA),43.53151,6.47379,Plein jour,En agglomération,Giratoire,Normale,Deux véhicules - côté,3,-1,0,0,1,1,1,5,1,50,,2,1,0,1,0,79.0,64.0,,,1,2,6,1,3
202100048660,2021-03-05 13:35:00,2021,3,5,13,35,78,78646,CHANTIERS (RUE DES),48.79541,2.13955,Plein jour,En agglomération,Hors intersection,Normale,Autre collision,4,2,3,0,1,1,1,0,1,50,,2,1,0,1,0,43.0,,,,1,2,1,1,6
202100048661,2021-03-09 17:45:00,2021,3,9,17,45,77,77332,GRANDE RUE,48.99491,2.69977,Plein jour,Hors agglomération,Hors intersection,Normale,Deux véhicules - frontale,3,2,2,0,2,1,1,0,1,90,,2,1,0,1,0,38.0,50.0,,,1,1,1,1,1
202100048662,2021-03-09 08:30:00,2021,3,9,8,30,77,77186,CONSTANCE (BOULEVARD DE ),48.39768,2.69154,Plein jour,Hors agglomération,Hors intersection,Normale,Deux véhicules - arrière,3,3,4,0,1,1,1,0,1,50,,2,1,0,0,1,66.0,30.0,,,1,1,1,1,2
202100048663,2021-03-07 14:05:00,2021,3,7,14,5,76,76351,CHANTIERS (DES),49.49848,0.16274,Plein jour,En agglomération,Intersection en Y,Normale,Sans collision,4,2,2,0,1,1,2,0,1,50,,1,0,0,1,0,36.0,,,,1,2,4,1,7
202100048664,2021-03-08 10:20:00,2021,3,8,10,20,67,67482,WASSELONNE (RUE DE),48.5792123743,7.7333433149,Plein jour,En agglomération,Intersection en T,Normale,Deux véhicules - côté,4,1,2,0,1,1,1,0,1,50,,3,2,0,0,1,17.0,60.0,,,1,2,3,1,3
202100048665,2021-03-09 12:40:00,2021,3,9,12,40,66,66136,COQUELICOTS (DES),42.70543,2.90187,Plein jour,En agglomération,Hors intersection,Normale,Deux véhicules - côté,4,1,1,0,1,3,1,0,1,50,,2,1,0,0,1,87.0,36.0,,,1,2,1,1,3
202100048666,2021-03-09 13:00:00,2021,3,9,13,0,65,65440,LATTRE DE TASSIGNY(BOULEVARD DE),43.22808,0.0565,Plein jour,En agglomération,Intersection en X,Normale,Deux véhicules - côté,3,2,3,0,1,1,1,0,1,50,,2,1,0,0,1,17.0,19.0,,,1,2,2,1,3
202100048667,2021-03-08 16:45:00,2021,3,8,16,45,64,64132,avenue du stade d'eaux vives,43.288,-0.36,Plein jour,En agglomération,Hors intersection,Pluie légère,Deux véhicules - côté,6,-1,0,0,1,1,2,9,8,30,,2,1,0,0,1,20.0,21.0,,,1,2,1,2,3
202100048668,2021-03-06 00:30:00,2021,3,6,0,30,59,59185,PLACE R,50.33576,3.21261,Nuit sans éclairage public,En agglomération,Hors intersection,Normale,Autre collision,3,3,2,0,1,2,1,0,4,50,,1,0,1,0,0,50.0,,,,3,2,1,1,6
202100048669,2021-03-03 20:45:00,2021,3,3,20,45,54,54431,SAINT-LAURENT (RUE),48.90569,6.05137,Nuit avec éclairage allumé,En agglomération,Intersection en T,Normale,Deux véhicules - côté,4,1,1,0,1,1,1,0,1,30,,2,1,0,0,1,22.0,33.0,,,5,2,3,1,3
202100048670,2021-03-06 22:47:00,2021,3,6,22,47,54,54184,VERDUN (RUE DE),48.702814801,6.2208983302,Nuit avec éclairage allumé,En agglomération,Hors intersection,Normale,Autre collision,4,2,2,0,1,1,1,0,1,30,,1,0,0,0,1,41.0,,,,5,2,1,1,6
202100048671,2021-03-08 10:25:00,2021,3,8,10,25,51,51454,Allée Fernand Kinet,49.235469,4.021785,Plein jour,En agglomération,Hors intersection,Normale,Sans collision,4,-1,1,0,1,1,1,0,1,30,,2,1,0,0,1,,,,,1,2,1,1,7
202100048672,2021-03-06 17:45:00,2021,3,6,17,45,49,49099,LYAUTEY (RUE DU MARECHAL),47.05632,-0.86384,Plein jour,En agglomération,Giratoire,Normale,Autre collision,4,2,2,0,1,1,1,0,1,50,,2,1,0,0,1,16.0,,,,1,2,6,1,6
202100048673,2021-03-06 13:20:00,2021,3,6,13,20,49,49099,JOMINIERE (RUE DE LA),47.07369,-0.86761,Plein jour,En agglomération,Intersection en X,Normale,Sans collision,4,2,2,0,1,1,1,0,1,50,,1,0,0,0,1,32.0,,,,1,2,2,1,7
202100048674,2021-03-08 17:00:00,2021,3,8,17,0,44,44109,RUE MARCEAU,47.2156,-1.56426,Plein jour,En agglomération,Hors intersection,Normale,Deux véhicules - côté,4,2,2,0,1,1,1,9,1,30,,2,1,0,1,0,54.0,22.0,,,1,2,1,1,3
202100048675,2021-03-09 13:15:00,2021,3,9,13,15,38,38185,Rue Léon Jouhaux,45.17599,5.74513,Plein jour,En agglomération,Hors intersection,Normale,Autre collision,4,2,2,1,1,1,1,6,1,50,,2,1,0,0,1,,,,,1,2,1,1,6
202100048676,2021-03-09 07:13:00,2021,3,9,7,13,37,37261,BERT (QUAI PAUL),47.4015009524,0.6865596772,Plein jour,En agglomération,Intersection en T,Normale,Deux véhicules - côté,4,3,3,1,1,1,1,0,1,50,,2,0,0,0,2,48.0,22.0,,,1,2,3,1,3
202100048677,2021-03-09 13:30:00,2021,3,9,13,30,35,35051,ALLIES (BOULEVARD DES),48.1148612432,-1.6208032519,Plein jour,En agglomération,Hors intersection,Normale,Deux véhicules - arrière,4,2,2,0,1,1,1,0,1,50,,2,1,0,0,1,31.0,31.0,,,1,2,1,1,2
202100048678,2021-03-09 08:20:00,2021,3,9,8,20,33,33063,Quai de Brazza,44.85837,-0.54553,Plein jour,En agglomération,Hors intersection,Normale,Deux véhicules - arrière,4,2,4,3,1,1,6,8,6,50,,2,1,0,0,1,45.0,34.0,,,1,2,1,1,2
202100048679,2021-02-22 13:30:00,2021,2,22,13,30,32,32013,LORRAINE,43.64949,0.5886,Plein jour,En agglomération,Hors intersection,Normale,Deux véhicules - côté,4,2,3,0,1,1,2,0,1,50,,3,2,0,1,0,63.0,21.0,,,1,2,1,1,3
202100048680,2021-02-23 13:00:00,2021,2,23,13,0,31,31483,Avenue du Marechal Joffre,43.10709,0.72,Plein jour,En agglomération,Giratoire,Normale,Deux véhicules - côté,3,1,2,0,2,1,1,0,1,50,,2,1,0,0,1,51.0,56.0,,,1,2,6,1,3
202100048681,2021-02-04 17:00:00,2021,2,4,17,0,19,19275,MONTUPET (CHEMIN DE),45.57029,2.30304,Plein jour,Hors agglomération,Intersection en X,Normale,Deux véhicules - côté,3,2,2,0,2,1,1,0,1,70,,2,1,0,0,1,27.0,72.0,,,1,1,2,1,3
202100048682,2021-03-09 22:30:00,2021,3,9,22,30,13,13213,PEYPIN (RUE DE),43.3255973855,5.4224940349,Nuit avec éclairage allumé,En agglomération,Intersection en X,Normale,Deux véhicules - côté,4,-1,2,0,1,1,1,0,1,50,,2,0,0,0,2,34.0,48.0,,,5,2,2,1,3
202100048683,2021-03-09 23:00:00,2021,3,9,23,0,13,13203,NATIONAL (BOULEVARD),43.3057046244,5.3838738574,Nuit avec éclairage allumé,En agglomération,Intersection en X,Normale,Deux véhicules - côté,4,2,2,0,1,1,1,0,1,50,,2,0,0,0,2,21.0,22.0,,,5,2,2,1,3
202100048684,2021-03-09 16:45:00,2021,3,9,16,45,13,13203,PEYSSONNEL (RUE),43.311491,5.370375,Plein jour,En agglomération,Hors intersection,Normale,Autre collision,4,1,1,0,1,1,1,0,1,50,,2,1,0,0,1,27.0,,,,1,2,1,1,6
202100048685,2021-03-09 14:30:00,2021,3,9,14,30,13,13208,LUCE (BOULEVARD),43.2573637921,5.3942857122,Plein jour,En agglomération,Intersection en X,Normale,Deux véhicules - côté,4,1,2,0,1,1,1,0,1,50,,2,1,0,0,1,32.0,26.0,,,1,2,2,1,3
202100048686,2021-03-08 17:00:00,2021,3,8,17,0,13,13211,DÉSIRÉ BIANCO (AVENUE),43.288632,5.425484,Plein jour,En agglomération,Intersection en T,Normale,Deux véhicules - côté,4,1,1,0,1,1,1,0,1,50,,2,1,0,0,1,26.0,,,,1,2,3,1,3
202100048687,2021-03-08 15:40:00,2021,3,8,15,40,13,13213,CHATEAU GOMBERT CHEMIN,43.345079,5.423645,Plein jour,En agglomération,Hors intersection,Normale,Deux véhicules - arrière,4,2,2,0,1,1,1,0,1,50,,2,1,0,0,1,53.0,69.0,,,1,2,1,1,2
202100048688,2021-03-06 11:20:00,2021,3,6,11,20,11,11262,VERDOUBLE (RUE DU),43.18278,2.97776,Plein jour,En agglomération,Hors intersection,Normale,Autre collision,4,2,2,0,1,1,1,0,1,50,,2,1,0,0,1,37.0,43.0,,,1,2,1,1,6
202100048689,2021-03-08 11:55:00,2021,3,8,11,55,10,10387,CHARMILLES (MAIL DES),48.30169,4.08723,Plein jour,En agglomération,Intersection en X,Normale,Autre collision,4,1,2,0,1,1,1,0,1,50,,4,2,0,0,2,40.0,18.0,,,1,2,2,1,6
202100048690,2021-03-09 10:28:00,2021,3,9,10,28,06,06088,CARNOT (BD),43.69817,7.28798,Plein jour,En agglomération,Autre intersection,Normale,Autre collision,7,2,3,0,2,1,1,5,1,50,,2,1,0,0,1,32.0,,,,1,2,9,1,6
202100048691,2021-03-09 07:49:00,2021,3,9,7,49,06,06088,GRENOBLE (ROUTE DE),43.6723,7.20204,Plein jour,En agglomération,Hors intersection,Normale,Deux véhicules - arrière,7,1,3,0,1,1,1,0,1,50,,2,1,0,1,0,53.0,46.0,,,1,2,1,1,2
202100048692,2021-03-07 15:00:00,2021,3,7,15,0,05,05061,LABOURS ( CHEMIN DES ),44.57784,6.0862,Plein jour,En agglomération,Intersection en T,Normale,Sans collision,4,2,2,0,2,1,1,0,3,50,,1,0,0,0,1,15.0,,,,1,2,3,1,7
202100048693,2021-03-09 17:48:00,2021,3,9,17,48,04,04112,RD 4096,43.83599,5.80205,Plein jour,En agglomération,Hors intersection,Normale,Autre collision,3,-1,2,0,1,1,1,0,1,50,,3,2,0,1,0,56.0,,,,1,2,1,1,6
202100048694,2021-03-07 12:47:00,2021,3,7,12,47,75,75105,RUE MONGE,48.848909,2.349835,Plein jour,En agglomération,Intersection en X,Normale,Autre collision,4,2,3,0,2,1,1,0,1,50,,2,1,0,1,0,20.0,,,,1,2,2,1,6
202100048695,2021-03-09 21:10:00,2021,3,9,21,10,75,75114,BOULEVARD ROMAIN ROLLAND,48.82021,2.324009,Nuit avec éclairage allumé,En agglomération,Intersection en X,Normale,Deux véhicules - côté,4,1,2,0,1,1,1,0,1,50,,2,1,0,0,1,28.0,26.0,,,5,2,2,1,3