accident_id,datetime,annee,mois,jour,heure,minute,departement,commune_insee,adresse,latitude,longitude,luminosite,agglomeration,intersection,meteo,collision,catr,circ,nbv,vosp,prof,plan,surf,infra,situ,vma,nb_vehicules,nb_usagers,nb_indemnes,nb_tues,nb_blesses_hosp,nb_blesses_legers,age_cond_1,age_cond_2,veh_type_cond_1,veh_type_cond_2,lum_code,agg_code,int_code,atm_code,col_code
202100048696,2021-03-09 09:05:00,2021,3,9,9,5,75,75113,BOULEVARD MASSENA,48.822287,2.371649,Plein jour,En agglomération,Intersection en X,Normale,Deux véhicules - côté,4,2,4,0,2,1,1,0,1,50,,2,1,0,0,1,24.0,23.0,,,1,2,2,1,3
202100048697,2021-03-09 09:50:00,2021,3,9,9,50,75,75112,AVENUE DE NOGENT,48.844286,2.442358,Plein jour,En agglomération,Intersection en X,Normale,Deux véhicules - côté,4,2,2,1,1,1,1,0,1,50,,2,1,0,0,1,30.0,48.0,,,1,2,2,1,3
202100048698,2021-03-09 09:30:00,2021,3,9,9,30,75,75111,PLACE LEON BLUM,48.858423,2.380024,Plein jour,En agglomération,Place,Normale,Autre collision,4,2,2,0,1,1,1,0,1,30,,3,2,0,0,1,60.0,75.0,,,1,2,7,1,6
202100048699,2021-03-09 17:00:00,2021,3,9,17,0,75,75109,BOULEVARD DES CAPUCINES,48.8701085941,2.3291145135,Plein jour,En agglomération,Intersection en X,Normale,Autre collision,4,2,6,3,1,1,1,0,1,50,,3,2,0,0,1,60.0,,,,1,2,2,1,6
202100048700,2021-03-09 15:50:00,2021,3,9,15,50,75,75109,RUE MONCEY,48.880051,2.330656,Plein jour,En agglomération,Intersection en T,Normale,Autre collision,4,1,1,0,1,1,1,0,1,30,,2,0,0,0,2,32.0,,,,1,2,3,1,6
202100048701,2021-03-08 22:30:00,2021,3,8,22,30,75,75103,RUE BEAUBOURG,48.862725,2.354304,Nuit sans éclairage public,En agglomération,Intersection en X,Normale,Deux véhicules - côté,4,1,2,3,1,1,1,0,1,50,,5,4,0,0,1,26.0,30.0,,,3,2,2,1,3
202100048702,2021-03-09 20:25:00,2021,3,9,20,25,75,75107,RUE DE BELLECHASSE,48.856471,2.321121,Nuit avec éclairage allumé,En agglomération,Intersection en X,Normale,Deux véhicules - côté,4,1,2,1,1,1,1,-1,5,50,,3,2,0,0,1,40.0,54.0,,,5,2,2,1,3
202100048703,2021-03-08 18:00:00,2021,3,8,18,0,94,94081,GROUPE MANOUCHIAN (AV DU),48.789369,2.40566,Plein jour,En agglomération,Hors intersection,Normale,Deux véhicules - frontale,4,4,8,0,1,1,1,0,1,50,,5,0,0,0,5,20.0,51.0,,,1,2,1,1,1
202100048704,2021-03-09 17:35:00,2021,3,9,17,35,94,94080,AUBERT (AV),48.8475,2.42904,Plein jour,En agglomération,Hors intersection,Normale,Autre collision,4,1,1,1,1,1,1,0,1,20,,2,1,0,0,1,59.0,,,,1,2,1,1,6
202100048705,2021-03-09 17:20:00,2021,3,9,17,20,94,94016,CAMILLE DESMOULINS (R),48.792468,2.332856,Plein jour,En agglomération,Hors intersection,Normale,Sans collision,3,2,2,0,1,1,1,0,1,50,,2,1,0,1,0,43.0,,,,1,2,1,1,7
202100048706,2021-03-08 15:00:00,2021,3,8,15,0,94,94041,LUCIEN NADAIRE (R),48.802,2.3939,Plein jour,En agglomération,Hors intersection,Normale,Deux véhicules - frontale,4,2,2,0,2,1,1,0,1,30,,2,1,0,1,0,21.0,25.0,,,1,2,1,1,1
202100048707,2021-03-09 07:20:00,2021,3,9,7,20,94,94022,STALINGRAD (BD DE),48.76228,2.40926,Plein jour,Hors agglomération,Hors intersection,Normale,Deux véhicules - arrière,3,1,3,0,2,1,1,0,1,50,,3,2,0,0,1,42.0,51.0,,,1,1,1,1,2
202100048708,2021-03-09 10:35:00,2021,3,9,10,35,94,94069,22 rue Edmond Nocard,48.821458,2.422535,Plein jour,En agglomération,Hors intersection,Normale,Autre collision,4,1,1,0,1,1,1,0,1,30,,3,2,0,0,1,20.0,,,,1,2,1,1,6
202100048709,2021-03-09 10:44:00,2021,3,9,10,44,93,93072,MARCEL POINTET (PLACE) DES N°2-4 AU 14,48.95136,2.38183,Plein jour,En agglomération,Hors intersection,Normale,Autre collision,4,-1,1,0,1,1,1,0,1,50,,2,1,0,0,1,30.0,,,,1,2,1,1,6
202100048710,2021-03-09 20:01:00,2021,3,9,20,1,93,93071,JOHN F. KENNEDY (AVENUE),48.9396808949,2.5127031543,Nuit avec éclairage allumé,En agglomération,Intersection en X,Normale,Deux véhicules - côté,3,2,2,0,1,1,1,0,1,50,,2,0,0,0,2,29.0,21.0,,,5,2,2,1,3
202100048711,2021-03-09 19:10:00,2021,3,9,19,10,93,93070,SEINE (QUAI DE),48.91729,2.32757,Nuit avec éclairage allumé,En agglomération,Hors intersection,Normale,Deux véhicules - côté,3,2,4,0,2,1,1,3,1,50,,2,1,0,1,0,38.0,19.0,,,5,2,1,1,3
202100048712,2021-03-09 17:00:00,2021,3,9,17,0,93,93077,ROSNY (AVENUE DE),48.8848132426,2.5064224005,Plein jour,En agglomération,Intersection en T,Normale,Autre collision,3,2,4,0,1,1,1,0,1,50,,2,1,0,0,1,,,,,1,2,3,1,6
202100048713,2021-03-09 07:45:00,2021,3,9,7,45,93,93051,DOCTEUR SUREAU,48.8449330483,2.5494235755,Crépuscule ou aube,En agglomération,Autre intersection,Normale,Autre collision,4,2,2,0,1,1,1,0,1,50,,2,1,0,0,1,56.0,,,,2,2,9,1,6
202100048714,2021-03-08 11:55:00,2021,3,8,11,55,93,93027,PASTEUR (BOULEVARD) DE 1 A 39,48.9207750246,2.3830885679,Plein jour,En agglomération,Hors intersection,Normale,Deux véhicules - frontale,3,2,2,0,1,1,1,0,1,50,,2,1,0,0,1,24.0,48.0,,,1,2,1,1,1
202100048715,2021-03-09 09:40:00,2021,3,9,9,40,93,93005,ANATOLE FRANCE (AVENUE),48.9370762489,2.4945173119,Plein jour,En agglomération,Hors intersection,Normale,Autre collision,4,2,2,0,1,1,1,0,1,50,,2,1,0,0,1,60.0,,,,1,2,1,1,6
202100048716,2021-03-09 08:25:00,2021,3,9,8,25,93,93005,ANDRE CITROEN (BOULEVARD),48.95877,2.4857,Plein jour,En agglomération,Hors intersection,Normale,Autre collision,3,2,3,0,1,1,1,0,1,50,,1,0,0,0,1,30.0,,,,1,2,1,1,6
202100048717,2021-03-09 18:00:00,2021,3,9,18,0,93,93001,PRESIDENT ROOSEVELT (AVENUE DU),48.91792,2.37904,Plein jour,En agglomération,Hors intersection,Normale,Deux véhicules - côté,3,2,2,0,1,1,1,0,1,50,,2,1,0,0,1,11.0,22.0,,,1,2,1,1,3
202100048718,2021-03-09 13:00:00,2021,3,9,13,0,92,92050,BARBUSSE HENRI RUE,48.892258065,2.1892793477,Plein jour,En agglomération,Intersection en X,Normale,Deux véhicules - côté,4,1,1,1,1,1,1,0,5,50,,2,1,0,0,1,26.0,22.0,,,1,2,2,1,3
202100048719,2021-03-09 05:20:00,2021,3,9,5,20,92,92050,PERRIN JEAN RUE,48.9080981842,2.2129753232,Nuit avec éclairage allumé,En agglomération,Intersection en Y,Normale,Sans collision,3,1,3,0,1,1,1,0,1,50,,2,1,0,0,1,25.0,45.0,,,5,2,4,1,7
202100048720,2021-03-09 16:45:00,2021,3,9,16,45,92,92044,ARISTIDE BRIAND(RUE)1A49 ET 2A52,48.8904231191,2.2836488485,Plein jour,En agglomération,Intersection en X,Normale,Autre collision,4,1,2,3,1,1,1,0,1,50,,2,1,0,0,1,21.0,,,,1,2,2,1,6
202100048721,2021-03-08 18:50:00,2021,3,8,18,50,92,92032,PETIT ANTOINE (RUE),48.79054,2.28896,Nuit avec éclairage allumé,En agglomération,Intersection en X,Normale,Trois véhicules et plus - collisions multiples,3,2,2,0,3,1,1,0,1,50,,3,2,0,1,0,46.0,45.0,,,5,2,2,1,5
202100048722,2021-03-08 07:05:00,2021,3,8,7,5,92,92012,CHARLES DE GAULLE (AVENUE) COTE IMPAIR,48.84836,2.23724,Crépuscule ou aube,En agglomération,Intersection en X,Normale,Deux véhicules - côté,4,2,2,0,1,1,1,0,1,30,,2,1,0,0,1,25.0,25.0,,,2,2,2,1,3
202100048723,2021-03-07 13:25:00,2021,3,7,13,25,92,92004,REDOUTE ( AVENUE DE LA  ),48.929816312,2.2827637196,Plein jour,En agglomération,Hors intersection,Normale,Deux véhicules - arrière,3,2,2,3,1,1,1,0,1,50,,3,2,0,0,1,55.0,,,,1,2,1,1,2
202100048724,2021-03-05 01:15:00,2021,3,5,1,15,49,49082,Saint Charles,47.3284834785,-0.7266735576,Nuit sans éclairage public,Hors agglomération,Hors intersection,Normale,Sans collision,3,2,2,0,1,3,1,0,3,80,,1,0,0,0,1,16.0,,,,3,1,1,1,7
202100048725,2021-03-08 16:00:00,2021,3,8,16,0,2A,2A048,RD81,42.020128973,8.733630218,Plein jour,Hors agglomération,Hors intersection,Normale,Sans collision,3,-1,2,0,2,1,1,0,1,80,,1,0,0,1,0,60.0,,,,1,1,1,1,7
202100048726,2021-03-09 17:50:00,2021,3,9,17,50,42,42338,Route de Perreux,46.090176,4.120345,Plein jour,Hors agglomération,Hors intersection,Temps éblouissant,Deux véhicules - côté,3,2,2,0,1,1,1,0,1,80,,2,1,0,0,1,73.0,57.0,,,1,1,1,7,3
202100048727,2021-03-09 08:30:00,2021,3,9,8,30,42,42120,Route de Saint Jean,45.9921731868,3.9968803168,Plein jour,Hors agglomération,Intersection en X,Temps éblouissant,Deux véhicules - côté,3,2,2,0,1,1,1,9,1,80,,2,1,0,1,0,62.0,67.0,,,1,1,2,7,3
202100048728,2021-03-10 17:40:00,2021,3,10,17,40,83,83049,A57,43.24179,6.08513,Plein jour,Hors agglomération,Hors intersection,Temps éblouissant,Deux véhicules - côté,1,3,4,0,1,2,1,0,1,110,,2,1,0,1,0,33.0,49.0,,,1,1,1,7,3
202100048729,2021-03-09 16:30:00,2021,3,9,16,30,972,97210,D30,14.61852,-60.928288,Plein jour,Hors agglomération,Hors intersection,Normale,Deux véhicules - côté,3,2,2,0,1,1,1,0,1,80,,3,2,0,0,1,41.0,29.0,,,1,1,1,1,3
202100048730,2021-03-09 18:10:00,2021,3,9,18,10,29,29043,N165 PR 102+100,48.37,-4.264433,Plein jour,Hors agglomération,Hors intersection,Normale,Deux véhicules - arrière,2,3,4,0,2,3,1,0,1,90,,2,1,0,0,1,32.0,49.0,,,1,1,1,1,2
202100048731,2021-03-09 18:10:00,2021,3,9,18,10,69,69100,SAINT-GENIS LAVAL (DE) (R),45.681324,4.811563,Plein jour,En agglomération,Hors intersection,Normale,Sans collision,4,2,2,0,1,1,1,0,1,50,,1,0,0,1,0,52.0,,,,1,2,1,1,7
202100048732,2021-03-04 07:05:00,2021,3,4,7,5,51,51138,D982,49.0256423998,4.8818618059,Crépuscule ou aube,Hors agglomération,Hors intersection,Normale,Sans collision,3,2,2,0,1,1,1,0,8,80,,1,0,1,0,0,45.0,,,,2,1,1,1,7
202100048733,2021-03-09 16:55:00,2021,3,9,16,55,2A,2A001,T. 22,41.957323,8.800776,Plein jour,En agglomération,Hors intersection,Normale,Deux véhicules - côté,2,2,2,0,1,1,1,0,1,50,,2,1,0,1,0,40.0,20.0,,,1,2,1,1,3
202100048734,2021-03-09 18:00:00,2021,3,9,18,0,39,39251,,46.644759,5.503914,Plein jour,Hors agglomération,Hors intersection,Normale,Deux véhicules - arrière,3,2,2,0,1,1,1,5,1,90,,3,2,0,1,0,41.0,41.0,,,1,1,1,1,2
202100048735,2021-03-10 04:45:00,2021,3,10,4,45,31,31187,Route de Fontenilles,43.541401,1.220587,Nuit avec éclairage allumé,En agglomération,Hors intersection,Autre,Autre collision,3,2,2,0,1,1,1,0,5,50,,1,0,0,1,0,20.0,,,,5,2,1,9,6
202100048736,2021-03-10 09:15:00,2021,3,10,9,15,06,06068,D3,43.701597,6.961928,Plein jour,Hors agglomération,Hors intersection,Normale,Deux véhicules - côté,3,2,2,0,1,1,1,0,1,80,,3,2,0,0,1,36.0,61.0,,,1,1,1,1,3
202100048737,2021-02-27 17:30:00,2021,2,27,17,30,50,50567,Le Carrefour Brisquet,49.585701,-1.514713,Plein jour,En agglomération,Intersection en X,Normale,Deux véhicules - côté,3,2,2,0,1,1,1,0,1,80,,3,2,0,0,1,76.0,70.0,,,1,2,2,1,3
202100048738,2021-03-10 10:00:00,2021,3,10,10,0,53,53144,LA FOUCAURAIS,48.317158,-0.494449,Plein jour,Hors agglomération,Hors intersection,Normale,Autre collision,3,2,2,0,1,1,1,0,3,80,,1,0,1,0,0,74.0,,,,1,1,1,1,6
202100048739,2021-03-09 14:00:00,2021,3,9,14,0,85,85288,Zone Industrielle du Pâtis,46.455569,-1.600935,Plein jour,Hors agglomération,Hors intersection,Normale,Sans collision,3,2,2,0,1,2,9,0,3,80,,1,0,0,0,1,16.0,,,,1,1,1,1,7
202100048740,2021-03-09 17:40:00,2021,3,9,17,40,27,27569,D138,49.108658,0.519072,Plein jour,Hors agglomération,Intersection en X,Normale,Autre collision,3,2,2,0,1,1,1,0,1,80,,1,0,0,1,0,24.0,,,,1,1,2,1,6
202100048741,2021-03-08 21:05:00,2021,3,8,21,5,28,28154,Rue du Thymerais,48.485862,1.287535,Nuit sans éclairage public,Hors agglomération,Hors intersection,Normale,Deux véhicules - côté,3,2,2,0,1,1,1,0,1,90,,2,1,0,1,0,34.0,37.0,,,3,1,1,1,3
202100048742,2021-02-01 16:45:00,2021,2,1,16,45,17,17434,Rue du Beurre,46.113687,-0.749103,Plein jour,En agglomération,Intersection en X,Temps couvert,Deux véhicules - côté,3,2,2,0,1,1,1,0,1,50,,3,1,0,1,1,52.0,75.0,,,1,2,2,8,3
202100048743,2021-03-10 09:45:00,2021,3,10,9,45,17,17241,Cottieres Sud,45.206635,-0.157784,Plein jour,Hors agglomération,Intersection en X,Normale,Deux véhicules - côté,3,2,2,0,4,1,1,0,1,70,,2,1,0,1,0,90.0,21.0,,,1,1,2,1,3
202100048744,2021-03-10 05:40:00,2021,3,10,5,40,988,98805,VE2,-22.182676,166.432185,Plein jour,Hors agglomération,Hors intersection,Normale,Deux véhicules - arrière,1,3,4,0,1,1,1,0,1,110,,4,2,1,1,0,50.0,26.0,,,1,1,1,1,2
202100048745,2021-03-09 14:45:00,2021,3,9,14,45,78,78674,Route départementale 98,48.848686,2.016821,Plein jour,Hors agglomération,Hors intersection,Normale,Deux véhicules - côté,3,2,2,1,1,1,1,0,1,70,,2,1,0,1,0,30.0,77.0,,,1,1,1,1,3
202100048746,2021-02-24 14:30:00,2021,2,24,14,30,33,33005,Rue Denis Papin,44.765624,-1.073548,Plein jour,En agglomération,Hors intersection,Normale,Autre collision,4,1,1,0,1,1,1,0,1,30,,1,0,0,1,0,58.0,,,,1,2,1,1,6
202100048747,2021-03-09 21:13:00,2021,3,9,21,13,971,97116,D108 - route de Brion,16.323867,-61.458115,Nuit sans éclairage public,En agglomération,Hors intersection,Autre,Deux véhicules - côté,3,2,2,0,4,3,9,0,1,50,,2,1,0,0,1,21.0,44.0,,,3,2,1,9,3
202100048748,2021-03-08 17:00:00,2021,3,8,17,0,83,83030,D43,43.363004,6.093893,Plein jour,Hors agglomération,Intersection en T,Normale,Deux véhicules - côté,3,2,2,0,1,2,1,0,1,80,,3,1,0,0,2,44.0,63.0,,,1,1,3,1,3
202100048749,2021-03-09 21:00:00,2021,3,9,21,0,13,13030,D8n,43.265894,5.673409,Nuit sans éclairage public,Hors agglomération,Hors intersection,Normale,Deux véhicules - frontale,7,2,2,0,2,3,1,0,1,80,,2,1,0,1,0,40.0,30.0,,,3,1,1,1,1
202100048750,2021-03-10 14:25:00,2021,3,10,14,25,01,01262,Rue des Ecorchats,45.853326,5.053085,Plein jour,En agglomération,Hors intersection,Normale,Sans collision,4,2,1,0,2,1,1,0,6,30,,1,0,0,1,0,16.0,,,,1,2,1,1,7
202100048751,2021-03-09 17:55:00,2021,3,9,17,55,81,81100,D45,43.4800499887,2.0085875279,Plein jour,Hors agglomération,Intersection en X,Normale,Deux véhicules - côté,3,2,2,0,1,1,1,0,1,80,,3,2,0,1,0,59.0,31.0,,,1,1,2,1,3
202100048752,2021-03-08 17:30:00,2021,3,8,17,30,79,79049,23 Rue de la Vergnaie,46.847772,-0.489891,Plein jour,En agglomération,Autre intersection,Normale,Deux véhicules - arrière,4,2,2,0,1,1,1,0,1,50,,2,1,0,0,1,16.0,30.0,,,1,2,9,1,2
202100048753,2021-03-09 09:25:00,2021,3,9,9,25,86,86163,Le Grand Recoin,46.632559,0.490195,Plein jour,Hors agglomération,Hors intersection,Normale,Autre collision,3,2,2,0,2,3,1,0,3,80,,1,0,0,1,0,17.0,,,,1,1,1,1,6
202100048754,2021-02-24 13:45:00,2021,2,24,13,45,40,40019,949 Route des Lacs,44.215187,-1.196897,Plein jour,En agglomération,Hors intersection,Normale,Autre collision,3,2,2,0,1,1,1,0,3,50,,1,0,1,0,0,86.0,,,,1,2,1,1,6
202100048755,2021-01-21 07:30:00,2021,1,21,7,30,33,33519,Avenue de la Boétie,44.909744,-0.692976,Crépuscule ou aube,En agglomération,Hors intersection,Pluie légère,Autre collision,4,2,2,1,2,2,2,0,1,50,,2,1,0,0,1,29.0,,,,2,2,1,2,6
202100048756,2021-03-09 08:20:00,2021,3,9,8,20,76,76758,12 Avenue du Marechal Foch,49.61834,0.74691,Plein jour,En agglomération,Intersection en Y,Normale,Autre collision,3,2,2,1,1,1,1,5,1,50,,2,1,0,1,0,62.0,,,,1,2,4,1,6
202100048757,2021-03-08 16:25:00,2021,3,8,16,25,59,59537,D958,50.245942,3.503748,Plein jour,Hors agglomération,Hors intersection,Normale,Sans collision,3,2,2,0,1,2,1,0,1,80,,1,0,0,1,0,46.0,,,,1,1,1,1,7
202100048758,2021-03-08 10:27:00,2021,3,8,10,27,69,69009,A6,45.9565320424,4.7175539732,Plein jour,Hors agglomération,Hors intersection,Normale,Deux véhicules - arrière,1,3,6,0,1,1,1,8,1,130,,2,1,0,0,1,31.0,40.0,,,1,1,1,1,2
202100048759,2021-03-08 17:10:00,2021,3,8,17,10,69,69282,RD302,45.7527,5.01442,Plein jour,Hors agglomération,Hors intersection,Normale,Trois véhicules et plus - en chaîne,7,3,4,0,1,1,1,0,1,90,,3,1,0,0,2,21.0,56.0,,,1,1,1,1,4
202100048760,2021-03-08 07:25:00,2021,3,8,7,25,67,67218,M35,48.53322,7.69845,Plein jour,Hors agglomération,Hors intersection,Normale,Deux véhicules - côté,7,1,3,0,1,1,1,0,1,90,,2,1,0,0,1,44.0,25.0,,,1,1,1,1,3
202100048761,2021-03-05 15:15:00,2021,3,5,15,15,59,59509,AUTOROUTE A21,50.399277,3.107088,Plein jour,Hors agglomération,Hors intersection,Normale,Autre collision,1,3,5,0,1,3,1,9,1,90,,1,0,0,0,1,62.0,,,,1,1,1,1,6
202100048762,2021-03-09 17:25:00,2021,3,9,17,25,91,91377,AUTOROUTE A10,48.71684,2.29144,Plein jour,Hors agglomération,Hors intersection,Normale,Deux véhicules - côté,1,-1,2,0,1,1,1,0,1,90,,2,1,0,0,1,35.0,35.0,,,1,1,1,1,3
202100048763,2021-03-09 16:40:00,2021,3,9,16,40,91,91534,RN 118,48.7191,2.17021,Plein jour,Hors agglomération,Hors intersection,Normale,Autre collision,2,1,2,0,1,1,1,0,3,90,,1,0,0,0,1,52.0,,,,1,1,1,1,6
202100048764,2021-03-09 12:55:00,2021,3,9,12,55,91,91521,RN 104,48.63451,2.40583,Plein jour,Hors agglomération,Hors intersection,Normale,Sans collision,2,-1,2,0,2,2,1,0,1,50,,1,0,0,0,1,51.0,,,,1,1,1,1,7
202100048765,2021-03-09 15:40:00,2021,3,9,15,40,93,93006,AUTOROUTE A3,48.86627,2.42273,Plein jour,Hors agglomération,Hors intersection,Normale,Deux véhicules - arrière,1,3,8,0,1,1,1,0,1,90,,2,0,0,0,2,37.0,37.0,,,1,1,1,1,2
202100048766,2021-03-09 10:30:00,2021,3,9,10,30,93,93008,AUTOROUTE A86,48.90616,2.46108,Plein jour,Hors agglomération,Hors intersection,Normale,Deux véhicules - côté,1,3,6,0,1,1,1,0,1,90,,2,1,0,0,1,45.0,50.0,,,1,1,1,1,3
202100048767,2021-03-09 09:00:00,2021,3,9,9,0,93,93053,AUTOROUTE A3,48.89519,2.47119,Plein jour,Hors agglomération,Hors intersection,Normale,Deux véhicules - côté,1,3,6,0,1,1,1,0,1,90,,2,1,0,0,1,35.0,53.0,,,1,1,1,1,3
202100048768,2021-03-08 13:30:00,2021,3,8,13,30,93,93048,AUTOROUTE A3,48.87315,2.436,Plein jour,Hors agglomération,Hors intersection,Normale,Deux véhicules - côté,1,3,10,0,1,1,1,0,1,70,,2,1,0,0,1,40.0,39.0,,,1,1,1,1,3
202100048769,2021-03-09 09:20:00,2021,3,9,9,20,94,94052,A86.INT,48.8452828589,2.4919975043,Plein jour,Hors agglomération,Hors intersection,Normale,Trois véhicules et plus - en chaîne,1,-1,3,0,1,1,1,1,1,90,,3,2,0,0,1,57.0,48.0,,,1,1,1,1,4
202100048770,2021-03-09 07:45:00,2021,3,9,7,45,77,77410,A5b,48.58754013,2.705389181,Plein jour,Hors agglomération,Hors intersection,Normale,Deux véhicules - arrière,1,1,2,0,4,1,1,0,1,110,,2,1,0,0,1,31.0,36.0,,,1,1,1,1,2
202100048771,2021-03-08 09:00:00,2021,3,8,9,0,75,75112,PORT DE BERCY,48.827911,2.394626,Plein jour,En agglomération,Intersection en Y,Normale,Autre collision,4,-1,4,0,1,1,1,0,1,70,,1,0,0,0,1,39.0,,,,1,2,4,1,6
202100048772,2021-03-08 18:20:00,2021,3,8,18,20,75,75120,RUE DE BAGNOLET,48.863921,2.407857,Crépuscule ou aube,En agglomération,Hors intersection,Normale,Deux véhicules - côté,4,2,3,0,1,1,1,0,1,50,,3,1,0,0,2,57.0,37.0,,,2,2,1,1,3
202100048773,2021-03-08 11:00:00,2021,3,8,11,0,75,75119,RUE DU PRE SAINT GERVAIS,48.877699,2.395617,Plein jour,En agglomération,Intersection à plus de 4 branches,Normale,Autre collision,4,1,1,0,1,1,1,0,1,50,,2,1,0,0,1,41.0,,,,1,2,5,1,6
202100048774,2021-03-07 18:30:00,2021,3,7,18,30,75,75118,BOULEVARD NEY,48.8979757509,2.3442257918,Crépuscule ou aube,En agglomération,Intersection en X,Normale,Autre collision,4,3,2,0,1,1,1,0,1,50,,2,1,0,0,1,41.0,,,,2,2,2,1,6
202100048775,2021-03-07 12:15:00,2021,3,7,12,15,75,75116,AVENUE DU PRESIDENT KENNEDY,48.857927,2.287893,Plein jour,En agglomération,Intersection en T,Normale,Deux véhicules - côté,4,2,4,0,1,1,1,0,1,50,,2,1,0,0,1,53.0,28.0,,,1,2,3,1,3
202100048776,2021-03-08 16:15:00,2021,3,8,16,15,75,75113,BOULEVARD ARAGO,48.836231,2.350108,Plein jour,En agglomération,Intersection en T,Normale,Deux véhicules - côté,4,2,2,1,1,1,1,0,1,50,,2,1,0,0,1,32.0,45.0,,,1,2,3,1,3
202100048777,2021-03-08 17:10:00,2021,3,8,17,10,75,75112,QUAI DE BERCY,48.8307203002,2.3856205807,Plein jour,En agglomération,Hors intersection,Normale,Deux véhicules - côté,4,3,6,0,1,1,1,0,1,50,,2,1,0,1,0,53.0,31.0,,,1,2,1,1,3
202100048778,2021-03-08 17:40:00,2021,3,8,17,40,75,75111,BOULEVARD DE MENILMONTANT,48.863719,2.386357,Plein jour,En agglomération,Hors intersection,Normale,Deux véhicules - côté,4,1,1,1,1,1,1,0,1,30,,2,1,0,0,1,29.0,38.0,,,1,2,1,1,3
202100048779,2021-03-08 17:53:00,2021,3,8,17,53,75,75110,RUE LUCIEN SAMPAIX,48.874459,2.362849,Plein jour,En agglomération,Intersection en Y,Normale,Autre collision,4,-1,1,3,1,1,1,0,1,50,,2,1,0,0,1,,,,,1,2,4,1,6
202100048780,2021-03-08 08:45:00,2021,3,8,8,45,75,75110,BOULEVARD DE MAGENTA,48.881432,2.351443,Plein jour,En agglomération,Intersection en Y,Normale,Deux véhicules - arrière,4,2,4,1,2,1,1,-1,5,50,,2,1,0,0,1,29.0,34.0,,,1,2,4,1,2
202100048781,2021-03-08 19:45:00,2021,3,8,19,45,75,75108,RUE DE ROME,48.879486,2.321856,Nuit avec éclairage allumé,En agglomération,Intersection à plus de 4 branches,Normale,Deux véhicules - côté,4,2,2,0,2,1,1,0,1,50,,2,1,0,0,1,26.0,,,,5,2,5,1,3
202100048782,2021-03-08 18:45:00,2021,3,8,18,45,75,75108,AVENUE GEORGE V,48.868412,2.301163,Nuit avec éclairage allumé,En agglomération,Intersection en X,Normale,Sans collision,4,3,6,0,1,1,1,0,1,50,,1,0,0,0,1,33.0,,,,5,2,2,1,7
202100048783,2021-03-08 12:35:00,2021,3,8,12,35,75,75108,RUE DU BOCCADOR,48.867239,2.301949,Plein jour,En agglomération,Intersection en X,Normale,Deux véhicules - côté,4,2,2,0,2,1,1,0,1,50,,2,1,0,1,0,64.0,56.0,,,1,2,2,1,3
202100048784,2021-03-08 09:00:00,2021,3,8,9,0,75,75108,RUE DE LISBONNE,48.877435,2.308189,Plein jour,En agglomération,Intersection en X,Normale,Autre collision,4,2,2,0,1,1,1,0,1,50,,2,0,0,0,2,37.0,,,,1,2,2,1,6
202100048785,2021-03-08 13:50:00,2021,3,8,13,50,75,75102,BOULEVARD SAINT DENIS,48.869324,2.354256,Plein jour,En agglomération,Intersection en X,Normale,Sans collision,4,2,3,2,1,1,1,0,1,30,,1,0,0,0,1,69.0,,,,1,2,2,1,7
202100048786,2021-03-07 10:40:00,2021,3,7,10,40,75,75104,VOIE GEORGES POMPIDOU,48.855931,2.350605,Plein jour,En agglomération,Hors intersection,Normale,Deux véhicules - frontale,4,2,2,0,1,1,1,6,1,30,,2,1,0,0,1,14.0,48.0,,,1,2,1,1,1
202100048787,2021-03-06 08:50:00,2021,3,6,8,50,94,94068,BAC (AV DU),48.79379,2.51321,Plein jour,En agglomération,Hors intersection,Normale,Autre collision,4,2,2,0,1,1,1,0,1,30,,2,1,0,0,1,,,,,1,2,1,1,6
202100048788,2021-03-08 14:40:00,2021,3,8,14,40,94,94043,ANATOLE FRANCE (R),48.80892,2.35919,Plein jour,En agglomération,Hors intersection,Normale,Autre collision,4,1,1,0,1,1,1,0,4,50,,1,0,0,0,1,71.0,,,,1,2,1,1,6
202100048789,2021-03-08 12:10:00,2021,3,8,12,10,94,94018,PARIS (R DE),48.827444,2.404502,Plein jour,En agglomération,Intersection en T,Normale,Deux véhicules - côté,3,2,2,1,1,1,1,0,1,30,,2,1,0,0,1,38.0,38.0,,,1,2,3,1,3
202100048790,2021-03-08 14:40:00,2021,3,8,14,40,94,94017,GUY MOCQUET (R),48.8192,2.51463,Plein jour,En agglomération,Intersection en T,Normale,Trois véhicules et plus - en chaîne,4,2,1,0,1,1,1,0,1,50,,2,0,0,0,2,24.0,57.0,,,1,2,3,1,4
202100048791,2021-03-08 11:30:00,2021,3,8,11,30,93,93066,FRANCE ANATOLE ENTREE A1,48.9270328071,2.3523969544,Plein jour,En agglomération,Hors intersection,Normale,Trois véhicules et plus - collisions multiples,3,1,4,0,1,1,1,0,1,50,,3,2,0,0,1,35.0,72.0,,,1,2,1,1,5
202100048792,2021-03-08 09:30:00,2021,3,8,9,30,93,93066,AMPERE,48.9234204161,2.3416113853,Plein jour,En agglomération,Hors intersection,Normale,Autre collision,4,2,2,0,1,1,1,0,1,50,,2,1,0,0,1,21.0,,,,1,2,1,1,6
202100048793,2021-03-08 08:00:00,2021,3,8,8,0,93,93066,COURNEUVE (ROUTE),48.9336418273,2.371288687,Plein jour,En agglomération,Hors intersection,Normale,Autre collision,3,3,2,0,1,1,1,0,1,50,,3,2,0,0,1,31.0,,,,1,2,1,1,6