accident_id,datetime,annee,mois,jour,heure,minute,departement,commune_insee,adresse,latitude,longitude,luminosite,agglomeration,intersection,meteo,collision,catr,circ,nbv,vosp,prof,plan,surf,infra,situ,vma,nb_vehicules,nb_usagers,nb_indemnes,nb_tues,nb_blesses_hosp,nb_blesses_legers,age_cond_1,age_cond_2,veh_type_cond_1,veh_type_cond_2,lum_code,agg_code,int_code,atm_code,col_code
202100048794,2021-03-08 15:36:00,2021,3,8,15,36,93,93055,JULES AUFFRET (1/49 ET 2/54),48.89195,2.40979,Plein jour,En agglomération,Hors intersection,Normale,Deux véhicules - côté,3,2,2,0,1,1,1,0,1,50,,2,1,0,0,1,54.0,73.0,,,1,2,1,1,3
202100048795,2021-03-07 16:30:00,2021,3,7,16,30,93,93048,SOLIDARITE (RUE DE LA),48.8529604417,2.4420647379,Plein jour,En agglomération,Intersection en T,Normale,Deux véhicules - côté,4,1,1,0,1,1,1,0,1,30,,2,1,0,0,1,,23.0,,,1,2,3,1,3
202100048796,2021-03-08 16:55:00,2021,3,8,16,55,93,93010,ETOILE (AL. DE L'),48.8913406447,2.4854992394,Plein jour,En agglomération,Hors intersection,Normale,Autre collision,4,1,1,0,1,1,1,0,1,30,,2,1,0,0,1,55.0,,,,1,2,1,1,6
202100048797,2021-03-08 17:10:00,2021,3,8,17,10,92,92046,HOCHE,48.81432,2.29196,Plein jour,En agglomération,Hors intersection,Normale,Sans collision,4,1,1,0,1,1,1,0,1,30,,1,0,0,0,1,60.0,,,,1,2,1,1,7
202100048798,2021-03-08 16:55:00,2021,3,8,16,55,92,92073,SELLIER (BOULEVARD HENRI),48.8666344599,2.2209334373,Plein jour,En agglomération,Hors intersection,Normale,Deux véhicules - côté,3,1,8,3,1,1,1,0,5,50,,2,1,0,0,1,39.0,63.0,,,1,2,1,1,3
202100048799,2021-03-08 15:50:00,2021,3,8,15,50,92,92049,JAURES AVENUE JEAN N°52 A FIN,48.81491,2.30916,Plein jour,En agglomération,Hors intersection,Normale,Sans collision,4,2,2,0,1,1,1,0,1,50,,1,0,0,0,1,69.0,,,,1,2,1,1,7
202100048800,2021-03-08 15:30:00,2021,3,8,15,30,92,92036,Avenue Laurent Cély,48.9331101317,2.3027408123,Plein jour,En agglomération,Giratoire,Normale,Deux véhicules - côté,3,3,4,0,1,1,1,0,1,50,,2,1,0,0,1,54.0,65.0,,,1,2,6,1,3
202100048801,2021-03-09 11:30:00,2021,3,9,11,30,65,65174,D8 - Route de Labatut Rivière,43.499784,0.036703,Plein jour,Hors agglomération,Hors intersection,Normale,Autre collision,3,2,2,0,1,1,1,0,3,80,,1,0,0,1,0,79.0,,,,1,1,1,1,6
202100048802,2021-03-08 10:15:00,2021,3,8,10,15,37,37147,Rue de la Motte,47.0511415993,0.5412504913,Plein jour,En agglomération,Hors intersection,Normale,Sans collision,3,2,2,2,1,1,1,0,1,50,,2,1,0,0,1,68.0,41.0,,,1,2,1,1,7
202100048803,2021-03-08 17:40:00,2021,3,8,17,40,49,49092,La Grande Houssaie (chemillé),47.200878,-0.771205,Plein jour,Hors agglomération,Hors intersection,Temps éblouissant,Deux véhicules - frontale,4,2,2,0,3,1,1,0,1,80,,2,0,0,0,2,19.0,29.0,,,1,1,1,7,1
202100048804,2021-03-06 16:20:00,2021,3,6,16,20,91,91553,7 Avenue du Général Leclerc,48.623985,2.491757,Plein jour,En agglomération,Intersection en T,Temps éblouissant,Deux véhicules - côté,3,2,2,0,1,1,1,0,1,50,,2,1,0,0,1,36.0,47.0,,,1,2,3,7,3
202100048805,2021-03-06 01:40:00,2021,3,6,1,40,59,59464,17 Rue Pasteur,50.190315,3.610811,Nuit avec éclairage allumé,En agglomération,Hors intersection,Normale,Autre collision,3,2,2,0,1,1,1,0,4,50,,1,0,0,0,1,25.0,,,,5,2,1,1,6
202100048806,2021-03-09 14:50:00,2021,3,9,14,50,59,59110,D2,50.956017,2.272968,Plein jour,Hors agglomération,Intersection en T,Normale,Deux véhicules - frontale,3,2,2,0,1,1,1,0,1,70,,2,1,0,1,0,59.0,55.0,,,1,1,3,1,1
202100048807,2021-03-08 16:30:00,2021,3,8,16,30,33,33261,Lieu Dit Rambaud Est,44.984266,-0.105443,Plein jour,Hors agglomération,Intersection en X,Normale,Deux véhicules - côté,3,2,2,0,3,3,1,0,1,80,,2,1,0,1,0,27.0,59.0,,,1,1,2,1,3
202100048808,2021-03-08 11:35:00,2021,3,8,11,35,71,71154,73 Rue Principale,46.8171930055,4.88260746,Plein jour,En agglomération,Hors intersection,Normale,Autre collision,4,2,2,0,2,2,1,0,1,50,,1,0,0,1,0,74.0,,,,1,2,1,1,6
202100048809,2021-03-09 05:45:00,2021,3,9,5,45,55,55457,1 rue du Lavoir,49.080212,5.70251,Nuit avec éclairage allumé,En agglomération,Intersection en X,Normale,Deux véhicules - côté,3,2,2,0,1,1,1,5,1,50,,2,1,1,0,0,20.0,26.0,,,5,2,2,1,3
202100048810,2021-03-07 23:30:00,2021,3,7,23,30,49,49002,D10,47.286129,0.019226,Nuit sans éclairage public,Hors agglomération,Intersection en X,Normale,Deux véhicules - côté,3,-1,2,0,1,1,1,5,1,80,,2,0,0,1,1,27.0,23.0,,,3,1,2,1,3
202100048811,2021-03-09 08:40:00,2021,3,9,8,40,12,12208,Boulevard de Verdun,43.957372,2.880172,Plein jour,En agglomération,Hors intersection,Normale,Trois véhicules et plus - collisions multiples,3,2,2,0,1,1,1,0,1,50,,5,4,1,0,0,60.0,45.0,,,1,2,1,1,5
202100048812,2021-03-08 17:30:00,2021,3,8,17,30,46,46144,lieu dit pech des boules,44.84018,1.551257,Plein jour,Hors agglomération,Hors intersection,Normale,Autre collision,3,2,2,0,2,3,1,0,3,80,,1,0,0,1,0,42.0,,,,1,1,1,1,6
202100048813,2021-03-09 11:05:00,2021,3,9,11,5,25,25228,Avenue Oehmichen,47.514875,6.868853,Plein jour,En agglomération,Intersection en T,Normale,Deux véhicules - frontale,4,2,2,0,1,1,1,0,1,50,,3,1,0,0,2,20.0,34.0,,,1,2,3,1,1
202100048814,2021-02-27 14:40:00,2021,2,27,14,40,35,35297,21 rue louison bobet,48.187643,-2.191122,Plein jour,En agglomération,Hors intersection,Normale,Trois véhicules et plus - collisions multiples,4,2,2,0,2,3,1,0,1,30,,3,1,0,1,1,19.0,18.0,,,1,2,1,1,5
202100048815,2021-03-04 17:45:00,2021,3,4,17,45,31,31118,730 route Nationale 20,43.791218,1.340128,Plein jour,Hors agglomération,Hors intersection,Normale,Trois véhicules et plus - collisions multiples,3,2,3,0,1,3,1,0,1,90,,3,2,0,1,0,58.0,20.0,,,1,1,1,1,5
202100048816,2021-03-09 18:45:00,2021,3,9,18,45,02,02422,D946,49.945738,3.637639,Plein jour,Hors agglomération,Hors intersection,Normale,Deux véhicules - frontale,3,2,2,0,1,1,1,0,1,80,,2,0,1,1,0,34.0,24.0,,,1,1,1,1,1
202100048817,2021-03-08 17:55:00,2021,3,8,17,55,84,84009,Place de la république,43.784418,5.633106,Crépuscule ou aube,En agglomération,Place,Normale,Deux véhicules - frontale,9,2,1,0,1,1,1,0,1,50,,2,1,0,0,1,18.0,,,,2,2,7,1,1
202100048818,2021-03-09 12:30:00,2021,3,9,12,30,26,26276,1750 Route de Dieulefit,44.491607,5.03809,Plein jour,Hors agglomération,Intersection en T,Normale,Deux véhicules - côté,3,2,2,0,2,1,1,0,1,80,,2,1,1,0,0,72.0,27.0,,,1,1,3,1,3
202100048819,2021-03-09 14:00:00,2021,3,9,14,0,14,14204,D113,49.36031,-1.01799,Plein jour,Hors agglomération,Hors intersection,Normale,Deux véhicules - arrière,3,2,2,0,1,1,1,0,1,80,,2,1,1,0,0,32.0,60.0,,,1,1,1,1,2
202100048820,2021-03-09 15:58:00,2021,3,9,15,58,03,03118,Autoroute A719 PK 05+350 sens VICHY vers CLERMONT-FERRAND,46.1151237969,3.191844821,Plein jour,Hors agglomération,Hors intersection,Normale,Deux véhicules - arrière,1,3,4,0,2,1,1,0,1,130,,2,1,0,1,0,31.0,46.0,,,1,1,1,1,2
202100048821,2021-03-08 10:50:00,2021,3,8,10,50,18,18126,A71 pk225+800,46.927191,2.426224,Plein jour,Hors agglomération,Hors intersection,Normale,Autre collision,1,3,4,0,1,2,1,0,3,130,,2,0,0,2,0,25.0,,,,1,1,1,1,6
202100048822,2021-03-08 13:50:00,2021,3,8,13,50,973,97360,Route d'APATOU,5.182072,-54.318595,Plein jour,Hors agglomération,Hors intersection,Normale,Sans collision,9,2,2,0,2,2,1,0,1,70,,1,0,0,1,0,35.0,,,,1,1,1,1,7
202100048823,2021-03-08 16:50:00,2021,3,8,16,50,37,37003,Quai du Général de Gaulle,47.4119085261,0.979303236,Plein jour,En agglomération,Hors intersection,Normale,Deux véhicules - arrière,3,3,4,0,1,1,1,0,1,30,,3,2,1,0,0,61.0,29.0,,,1,2,1,1,2
202100048824,2021-03-07 14:10:00,2021,3,7,14,10,83,83035,Route des garrigues,43.248567,5.727728,Plein jour,Hors agglomération,Hors intersection,Normale,Deux véhicules - côté,3,2,2,0,1,1,1,0,1,80,,2,1,0,0,1,38.0,21.0,,,1,1,1,1,3
202100048825,2021-03-09 16:45:00,2021,3,9,16,45,26,26250,Autoroute du Soleil,45.017471,4.875848,Plein jour,Hors agglomération,Hors intersection,Normale,Deux véhicules - arrière,1,3,3,0,1,1,1,0,1,130,,2,1,0,1,0,22.0,41.0,,,1,1,1,1,2
202100048826,2021-03-06 18:00:00,2021,3,6,18,0,70,70279,D21,47.416102,5.606446,Plein jour,Hors agglomération,Hors intersection,Normale,Autre collision,3,2,2,0,2,1,1,0,8,80,,1,0,0,1,0,55.0,,,,1,1,1,1,6
202100048827,2021-03-08 13:30:00,2021,3,8,13,30,10,10149,D15,48.399876,4.116998,Plein jour,Hors agglomération,Hors intersection,Normale,Deux véhicules - frontale,3,2,2,0,1,3,1,0,1,80,,3,2,0,0,1,46.0,48.0,,,1,1,1,1,1
202100048828,2021-03-09 13:50:00,2021,3,9,13,50,68,68154,68 Rue de Mulhouse,47.770823,7.346962,Plein jour,En agglomération,Intersection en X,Normale,Deux véhicules - côté,3,2,2,2,1,1,1,0,5,50,,2,1,0,1,0,51.0,42.0,,,1,2,2,1,3
202100048829,2021-03-06 16:30:00,2021,3,6,16,30,69,69059,MARCILLY (DE) (RTE),45.864900821,4.7186493874,Plein jour,Hors agglomération,Hors intersection,Normale,Trois véhicules et plus - collisions multiples,3,2,2,0,1,1,1,0,1,80,,3,1,0,1,1,74.0,49.0,,,1,1,1,1,5
202100048830,2021-03-04 11:30:00,2021,3,4,11,30,13,13001,A51-Sens Aix en Provence vers Marseille,43.511035,5.419159,Plein jour,Hors agglomération,Hors intersection,Normale,Deux véhicules - côté,1,1,3,0,1,1,1,0,1,90,,2,1,0,0,1,40.0,27.0,,,1,1,1,1,3
202100048831,2021-03-05 06:37:00,2021,3,5,6,37,59,59462,AUTOROUTE A1,50.50862,3.026064,Crépuscule ou aube,Hors agglomération,Hors intersection,Normale,Sans collision,1,3,6,0,1,1,1,0,1,130,,2,1,0,0,1,54.0,31.0,,,2,1,1,1,7
202100048832,2021-03-04 17:15:00,2021,3,4,17,15,59,59183,ROUTE NATIONALE 225,51.0019030377,2.3284014342,Plein jour,Hors agglomération,Hors intersection,Pluie légère,Deux véhicules - arrière,2,3,4,0,1,3,2,0,1,70,,3,2,0,0,1,48.0,33.0,,,1,1,1,2,2
202100048833,2021-03-08 15:55:00,2021,3,8,15,55,94,94003,AUTOROUTE A6A,48.8112,2.33816,Plein jour,Hors agglomération,Hors intersection,Normale,Deux véhicules - arrière,1,1,3,0,1,1,1,0,1,90,,3,2,0,0,1,54.0,39.0,,,1,1,1,1,2
202100048834,2021-03-08 10:20:00,2021,3,8,10,20,91,91161,AUTOROUTE A6,48.69637,2.3166,Plein jour,Hors agglomération,Hors intersection,Normale,Sans collision,1,1,3,0,1,1,1,0,1,110,,1,0,0,0,1,31.0,,,,1,1,1,1,7
202100048835,2021-03-08 06:30:00,2021,3,8,6,30,91,91689,AUTOROUTE A6B,48.74347,2.32326,Nuit sans éclairage public,Hors agglomération,Hors intersection,Normale,Deux véhicules - côté,1,1,3,0,2,1,1,0,1,110,,2,1,0,0,1,49.0,47.0,,,3,1,1,1,3
202100048836,2021-03-08 13:50:00,2021,3,8,13,50,78,78646,RN12,48.79298,2.074743,Plein jour,Hors agglomération,Hors intersection,Normale,Autre collision,2,3,6,0,1,2,1,0,1,110,,1,0,0,0,1,20.0,,,,1,1,1,1,6
202100048837,2021-03-08 07:40:00,2021,3,8,7,40,92,92048,N118,48.8061797851,2.2128602858,Plein jour,Hors agglomération,Hors intersection,Normale,Deux véhicules - côté,2,3,4,0,1,1,1,0,1,90,,2,1,0,0,1,32.0,38.0,,,1,1,1,1,3
202100048838,2021-03-08 19:45:00,2021,3,8,19,45,95,95252, A15,48.9862,2.21179,Nuit sans éclairage public,Hors agglomération,Hors intersection,Normale,Deux véhicules - arrière,1,3,6,0,1,1,1,0,1,110,,2,0,0,0,2,48.0,20.0,,,3,1,1,1,2
202100048839,2021-03-08 15:50:00,2021,3,8,15,50,94,94017,A4,48.8284416936,2.5027316394,Plein jour,Hors agglomération,Hors intersection,Normale,Deux véhicules - côté,1,3,9,0,1,1,1,1,1,90,,2,1,0,0,1,30.0,33.0,,,1,1,1,1,3
202100048840,2021-03-07 01:40:00,2021,3,7,1,40,69,69386,MARECHAL DE SAXE (AV),45.7637108377,4.8449277878,Nuit avec éclairage allumé,En agglomération,Intersection en X,Normale,Deux véhicules - arrière,4,2,3,3,1,1,1,0,1,50,,2,1,0,0,1,48.0,31.0,,,5,2,2,1,2
202100048841,2021-03-07 10:15:00,2021,3,7,10,15,69,69149,CAMILLE (DE LA) (R),45.71269,4.80198,Plein jour,En agglomération,Hors intersection,Normale,Autre collision,4,2,2,0,1,2,1,0,1,50,,2,0,0,1,1,90.0,,,,1,2,1,1,6
202100048842,2021-03-06 12:50:00,2021,3,6,12,50,91,91432,AV CHARLES DE GAULLE,48.70525,2.33983,Plein jour,En agglomération,Hors intersection,Normale,Autre collision,3,3,4,0,1,1,1,0,1,50,,2,1,0,1,0,22.0,,,,1,2,1,1,6
202100048843,2021-03-06 16:15:00,2021,3,6,16,15,83,83137,HERRIOT (AVE EDOUARD),43.128555,5.891795,Plein jour,En agglomération,Intersection en T,Normale,Deux véhicules - côté,3,2,2,0,2,1,1,5,1,50,,2,1,1,0,0,31.0,31.0,,,1,2,3,1,3
202100048844,2021-03-07 19:30:00,2021,3,7,19,30,83,83069,PETIT (ROND POINT HENRI),43.1132442523,6.1244850678,Nuit avec éclairage allumé,En agglomération,Intersection à plus de 4 branches,Normale,Deux véhicules - côté,7,1,3,0,1,2,1,5,1,50,,2,1,0,0,1,39.0,23.0,,,5,2,5,1,3
202100048845,2021-03-01 21:20:00,2021,3,1,21,20,78,78498,RD30,48.94575,2.06154,Nuit avec éclairage allumé,Hors agglomération,Hors intersection,Normale,Autre collision,3,1,2,1,1,1,1,0,1,70,,1,0,0,0,1,19.0,,,,5,1,1,1,6
202100048846,2021-03-06 14:15:00,2021,3,6,14,15,73,73008,D1201 Av Franklin Roosevelt,45.6970042594,5.9076428516,Plein jour,En agglomération,Giratoire,Normale,Deux véhicules - arrière,3,3,3,0,1,3,1,5,1,50,,3,1,0,1,1,19.0,40.0,,,1,2,6,1,2
202100048847,2021-03-07 10:20:00,2021,3,7,10,20,64,64445,ETIGNY D',43.29628,-0.37589,Plein jour,En agglomération,Giratoire,Normale,Autre collision,4,1,1,0,2,1,1,0,1,30,,2,0,0,0,2,61.0,,,,1,2,6,1,6
202100048848,2021-03-07 06:40:00,2021,3,7,6,40,59,59512,Boulevard de Lyon,50.677782,3.174383,Plein jour,En agglomération,Autre intersection,Normale,Autre collision,4,2,2,1,1,2,1,0,4,50,,1,0,1,0,0,55.0,,,,1,2,9,1,6
202100048849,2021-03-06 14:20:00,2021,3,6,14,20,59,59543,HAUTMONT (RUE),50.2359409487,3.9125865115,Plein jour,En agglomération,Hors intersection,Normale,Trois véhicules et plus - collisions multiples,3,2,1,0,1,1,1,0,1,50,,3,1,0,1,1,23.0,27.0,,,1,2,1,1,5
202100048850,2021-03-07 15:35:00,2021,3,7,15,35,45,45286,AVENUE GASTON GALLOUX,47.88511,1.92452,Plein jour,En agglomération,Intersection en X,Normale,Deux véhicules - arrière,4,2,4,3,1,1,1,5,1,50,,2,1,0,0,1,20.0,88.0,,,1,2,2,1,2
202100048851,2021-03-01 19:00:00,2021,3,1,19,0,38,38544,Avenue Général Leclerc,45.51306,4.86572,Nuit avec éclairage allumé,En agglomération,Hors intersection,Normale,Deux véhicules - côté,3,2,4,2,1,1,1,0,1,50,,2,1,0,0,1,52.0,26.0,,,5,2,1,1,3
202100048852,2021-03-07 21:33:00,2021,3,7,21,33,34,34172,LECACHE (RUE BERNARD),43.60822,3.86244,Nuit avec éclairage allumé,En agglomération,Autre intersection,Pluie légère,Autre collision,4,2,2,0,1,2,2,0,3,50,,4,2,0,1,1,40.0,24.0,,,5,2,9,2,6
202100048853,2021-03-05 17:20:00,2021,3,5,17,20,34,34003,ROCHELONGUE (G14 A O16,43.30307,3.47744,Plein jour,En agglomération,Hors intersection,Normale,Deux véhicules - arrière,4,2,2,0,1,1,1,0,1,30,,2,1,0,0,1,53.0,15.0,,,1,2,1,1,2
202100048854,2021-03-07 14:20:00,2021,3,7,14,20,32,32013,VIC (ROUTE DE),43.6647,0.5345,Plein jour,Hors agglomération,Hors intersection,Normale,Sans collision,3,2,2,0,1,2,1,0,1,50,,2,1,0,1,0,44.0,,,,1,1,1,1,7
202100048855,2021-03-07 16:25:00,2021,3,7,16,25,27,27229,BAUDOUX (Rue Docteur Michel),49.03553,1.14483,Plein jour,En agglomération,Intersection en Y,Normale,Deux véhicules - côté,4,3,1,0,1,1,1,0,1,50,,2,1,0,0,1,47.0,37.0,,,1,2,4,1,3
202100048856,2021-03-06 22:25:00,2021,3,6,22,25,25,25056,Route de Franois,47.22164,5.95221,Nuit avec éclairage allumé,En agglomération,Intersection en X,Normale,Deux véhicules - côté,3,2,4,0,3,1,1,0,6,50,,2,1,0,0,1,51.0,23.0,,,5,2,2,1,3
202100048857,2021-03-06 09:45:00,2021,3,6,9,45,17,17306,DOUMER  (PORTIQUE),45.626543,-1.027245,Plein jour,En agglomération,Hors intersection,Normale,Autre collision,4,2,2,0,2,1,1,0,1,50,,2,1,0,0,1,76.0,35.0,,,1,2,1,1,6
202100048858,2021-03-07 16:41:00,2021,3,7,16,41,17,17291,QUATORZE JUILLET   RUE DU,46.17571,-1.11564,Plein jour,En agglomération,Intersection en X,Temps couvert,Deux véhicules - côté,4,2,2,3,1,1,1,0,1,30,,3,2,0,0,1,21.0,40.0,,,1,2,2,8,3
202100048859,2021-03-07 23:45:00,2021,3,7,23,45,13,13208,POMPIDOU (PROMENADE),43.26472,5.37333,Nuit avec éclairage allumé,En agglomération,Hors intersection,Normale,Autre collision,4,3,4,0,1,1,1,0,1,50,,2,0,0,1,1,28.0,,,,5,2,1,1,6
202100048860,2021-03-07 22:30:00,2021,3,7,22,30,13,13201,PALUD (RUE DE LA)      1 A 57,43.29288,5.38026,Nuit avec éclairage allumé,En agglomération,Intersection en X,Normale,Deux véhicules - côté,4,1,1,0,1,1,1,0,1,30,,2,0,0,0,2,23.0,39.0,,,5,2,2,1,3
202100048861,2021-03-07 19:45:00,2021,3,7,19,45,13,13205,SAKAKINI (BOULEVARD),43.2975,5.40073,Nuit avec éclairage allumé,En agglomération,Intersection en T,Normale,Deux véhicules - côté,4,1,0,0,1,1,1,0,1,50,,2,1,0,0,1,42.0,32.0,,,5,2,3,1,3
202100048862,2021-03-07 10:15:00,2021,3,7,10,15,13,13213,SAINT JEROME (AVENUE DE),43.3298164744,5.419063972,Plein jour,En agglomération,Hors intersection,Normale,Deux véhicules - côté,4,2,2,0,1,1,1,0,1,50,,2,1,0,0,1,39.0,77.0,,,1,2,1,1,3
202100048863,2021-03-07 12:50:00,2021,3,7,12,50,07,07281,C.D. 287 (VERS ST ROMAIN DE LERPS),44.95213,4.82356,Plein jour,Hors agglomération,Hors intersection,Temps couvert,Sans collision,3,2,2,0,2,3,2,0,1,50,,1,0,0,0,1,64.0,,,,1,1,1,8,7
202100048864,2021-03-06 10:30:00,2021,3,6,10,30,05,05023,MAISONS BLANCHES (RUE DES),44.8822,6.62411,Plein jour,En agglomération,Hors intersection,Normale,Autre collision,6,-1,0,0,1,1,1,0,8,50,,2,1,0,1,0,79.0,,,,1,2,1,1,6
202100048865,2021-03-07 17:35:00,2021,3,7,17,35,75,75113,BOULEVARD PERIPHERIQUE,48.817738,2.367338,Plein jour,En agglomération,Hors intersection,Normale,Trois véhicules et plus - en chaîne,4,1,4,0,1,1,1,0,1,70,,4,2,0,0,2,22.0,28.0,,,1,2,1,1,4
202100048866,2021-03-07 12:40:00,2021,3,7,12,40,75,75116,BOULEVARD PERIPHERIQUE,48.852422,2.252586,Plein jour,En agglomération,Hors intersection,Normale,Deux véhicules - arrière,4,1,4,0,1,1,1,1,1,70,,2,1,0,0,1,51.0,65.0,,,1,2,1,1,2
202100048867,2021-03-07 12:20:00,2021,3,7,12,20,75,75118,BOULEVARD PERIPHERIQUE,48.9006744054,2.3649414097,Plein jour,En agglomération,Intersection en Y,Normale,Deux véhicules - arrière,4,1,6,0,1,1,1,0,1,70,,3,2,0,0,1,30.0,62.0,,,1,2,4,1,2
202100048868,2021-03-06 17:00:00,2021,3,6,17,0,75,75117,PORTE DES TERNES,48.881094,2.282154,Plein jour,En agglomération,Hors intersection,Normale,Trois véhicules et plus - collisions multiples,4,1,4,3,1,1,1,0,1,70,,5,4,0,0,1,26.0,47.0,,,1,2,1,1,5
202100048869,2021-03-07 15:00:00,2021,3,7,15,0,75,75116,RUE DE L ASSOMPTION,48.853743,2.272239,Plein jour,En agglomération,Intersection en T,Normale,Deux véhicules - côté,4,1,1,0,1,1,1,0,1,50,,2,1,0,0,1,60.0,32.0,,,1,2,3,1,3
202100048870,2021-03-07 16:49:00,2021,3,7,16,49,75,75107,QUAI BRANLY,48.860588,2.295547,Plein jour,En agglomération,Intersection en T,Normale,Autre collision,4,3,2,0,1,1,1,0,1,50,,5,4,0,0,1,21.0,,,,1,2,3,1,6
202100048871,2021-03-07 17:37:00,2021,3,7,17,37,93,93055,EDOUARD VAILLANT DU 40/62.,48.8997976104,2.3960226774,Plein jour,En agglomération,Intersection en Y,Normale,Deux véhicules - côté,3,2,1,0,1,1,1,0,1,30,,2,1,0,1,0,52.0,52.0,,,1,2,4,1,3
202100048872,2021-03-07 10:30:00,2021,3,7,10,30,93,93001,LEOPOLD RECHOSSIERE (RUE)  (RESTE),48.9135775625,2.3933908063,Plein jour,En agglomération,Hors intersection,Normale,Deux véhicules - côté,4,2,2,2,1,1,1,0,5,50,,2,1,0,0,1,32.0,37.0,,,1,2,1,1,3
202100048873,2021-03-07 21:55:00,2021,3,7,21,55,92,92012,ALPHONSE LE GALLO (QUAI) 1/34,48.8346144118,2.2259701165,Nuit avec éclairage allumé,En agglomération,Intersection en T,Normale,Deux véhicules - côté,3,3,4,0,1,1,1,5,1,50,,2,1,0,0,1,29.0,44.0,,,5,2,3,1,3
202100048874,2021-03-08 12:15:00,2021,3,8,12,15,39,39364,,46.794789,5.836927,Plein jour,En agglomération,Intersection en T,Normale,Deux véhicules - côté,2,2,2,0,2,1,1,0,1,50,,2,1,0,0,1,59.0,41.0,,,1,2,3,1,3
202100048875,2021-03-07 14:45:00,2021,3,7,14,45,28,28088,Rue de Varize,48.070624,1.332103,Plein jour,En agglomération,Hors intersection,Normale,Deux véhicules - côté,4,2,1,0,1,1,1,5,1,50,,3,2,0,1,0,15.0,49.0,,,1,2,1,1,3
202100048876,2021-03-07 17:20:00,2021,3,7,17,20,85,85174,cd148,46.487826,-0.899248,Plein jour,Hors agglomération,Intersection en T,Normale,Deux véhicules - frontale,3,2,2,0,1,1,1,0,1,80,,6,4,0,2,0,63.0,27.0,,,1,1,3,1,1
202100048877,2021-03-06 18:15:00,2021,3,6,18,15,51,51346,D3,49.082777,3.735636,Plein jour,Hors agglomération,Hors intersection,Normale,Deux véhicules - frontale,3,2,2,0,2,1,1,0,1,80,,2,0,0,0,2,62.0,52.0,,,1,1,1,1,1
202100048878,2021-03-07 12:30:00,2021,3,7,12,30,86,86192,N147,46.299419,0.838686,Plein jour,Hors agglomération,Hors intersection,Normale,Sans collision,2,2,2,0,1,1,1,0,3,90,,2,1,0,1,0,37.0,,,,1,1,1,1,7
202100048879,2021-03-07 18:00:00,2021,3,7,18,0,42,42283,Route des Vignes,45.551158,4.548447,Plein jour,Hors agglomération,Hors intersection,Pluie légère,Sans collision,7,2,2,0,1,2,2,0,8,80,,1,0,0,0,1,37.0,,,,1,1,1,2,7
202100048880,2021-02-24 15:30:00,2021,2,24,15,30,91,91275,rond Point St Clair,48.672231,2.152119,Plein jour,Hors agglomération,Giratoire,Normale,Sans collision,3,2,2,0,1,2,1,5,1,50,,2,0,0,0,2,42.0,,,,1,1,6,1,7
202100048881,2021-03-07 20:50:00,2021,3,7,20,50,51,51164,N4,48.747559,4.061379,Nuit avec éclairage allumé,En agglomération,Hors intersection,Normale,Sans collision,2,2,2,0,2,1,1,0,3,50,,1,0,0,1,0,62.0,,,,5,2,1,1,7
202100048882,2021-03-08 18:35:00,2021,3,8,18,35,33,33489,Lieu Dit Chaumet,45.096564,-0.494127,Plein jour,Hors agglomération,Hors intersection,Normale,Autre collision,3,-1,2,0,1,1,1,0,3,80,,1,0,1,0,0,22.0,,,,1,1,1,1,6
202100048883,2021-03-08 09:45:00,2021,3,8,9,45,63,63223,Chateau Gaillard,46.106863,2.912648,Plein jour,En agglomération,Autre intersection,Normale,Deux véhicules - côté,3,2,2,3,1,1,1,0,1,70,,2,1,1,0,0,22.0,93.0,,,1,2,9,1,3
202100048884,2021-03-06 16:45:00,2021,3,6,16,45,44,44018,103 Rue de Nantes,47.141931,-1.671982,Plein jour,En agglomération,Autre intersection,Normale,Autre collision,7,2,2,0,1,1,1,9,1,50,,2,0,0,1,1,22.0,,,,1,2,9,1,6
202100048885,2021-03-07 17:00:00,2021,3,7,17,0,35,35184,N12,48.202804,-2.032339,Plein jour,Hors agglomération,Hors intersection,Normale,Sans collision,2,3,4,0,1,1,1,0,8,110,,3,0,0,3,0,39.0,,,,1,1,1,1,7
202100048886,2021-03-08 14:30:00,2021,3,8,14,30,29,29201,D67 - Route de Trebabu,48.3805145843,-4.7119366229,Plein jour,Hors agglomération,Intersection en X,Normale,Trois véhicules et plus - collisions multiples,3,2,2,0,1,1,1,5,1,80,,5,0,0,1,4,31.0,38.0,,,1,1,2,1,5
202100048887,2021-03-08 16:35:00,2021,3,8,16,35,06,06023,D2204,43.946284,7.511129,Plein jour,Hors agglomération,Hors intersection,Normale,Deux véhicules - côté,3,3,2,0,2,4,1,0,1,80,,2,1,0,1,0,52.0,63.0,,,1,1,1,1,3
202100048888,2021-03-06 20:55:00,2021,3,6,20,55,14,14430,D65 ,49.327541,-0.572662,Nuit sans éclairage public,En agglomération,Hors intersection,Normale,Sans collision,3,2,2,0,1,1,1,0,8,50,,1,0,0,1,0,32.0,,,,3,2,1,1,7
202100048889,2021-03-07 18:00:00,2021,3,7,18,0,50,50008,Le Val,48.850406,-1.541085,Plein jour,Hors agglomération,Hors intersection,Normale,Deux véhicules - côté,3,2,2,0,1,1,1,8,1,50,,2,0,0,0,2,67.0,62.0,,,1,1,1,1,3