accident_id,datetime,annee,mois,jour,heure,minute,departement,commune_insee,adresse,latitude,longitude,luminosite,agglomeration,intersection,meteo,collision,catr,circ,nbv,vosp,prof,plan,surf,infra,situ,vma,nb_vehicules,nb_usagers,nb_indemnes,nb_tues,nb_blesses_hosp,nb_blesses_legers,age_cond_1,age_cond_2,veh_type_cond_1,veh_type_cond_2,lum_code,agg_code,int_code,atm_code,col_code
202100048890,2021-03-08 06:45:00,2021,3,8,6,45,60,60119,rue nationale,49.499866,2.901077,Plein jour,En agglomération,Intersection en T,Normale,Deux véhicules - côté,3,2,2,0,1,2,1,0,1,50,,2,1,0,1,0,32.0,45.0,,,1,2,3,1,3
202100048891,2021-03-08 16:55:00,2021,3,8,16,55,45,45296,D955-PR 16 + 950,47.991602,1.723502,Plein jour,Hors agglomération,Hors intersection,Normale,Deux véhicules - arrière,3,2,2,0,1,1,1,0,1,90,,2,1,1,0,0,70.0,53.0,,,1,1,1,1,2
202100048892,2021-03-06 18:50:00,2021,3,6,18,50,07,07337,D370a,45.220385,4.715794,Crépuscule ou aube,En agglomération,Hors intersection,Normale,Autre collision,3,-1,2,0,2,4,1,0,4,70,,1,0,0,1,0,20.0,,,,2,2,1,1,6
202100048893,2021-03-07 17:50:00,2021,3,7,17,50,07,07167,,44.813993,4.616479,Plein jour,Hors agglomération,Hors intersection,Normale,Sans collision,3,2,2,0,2,4,1,0,1,70,,1,0,0,0,1,28.0,,,,1,1,1,1,7
202100048894,2021-03-06 11:50:00,2021,3,6,11,50,40,40134,Rue de Gouveia,44.210665,-0.92378,Plein jour,En agglomération,Hors intersection,Normale,Deux véhicules - arrière,3,2,2,0,1,1,1,8,1,30,,2,1,0,1,0,49.0,20.0,,,1,2,1,1,2
202100048895,2021-03-08 11:30:00,2021,3,8,11,30,27,27284,D181,49.268828,1.785327,Plein jour,En agglomération,Hors intersection,Normale,Deux véhicules - frontale,3,2,2,0,1,1,1,0,1,50,,2,1,1,0,0,83.0,77.0,,,1,2,1,1,1
202100048896,2021-03-07 18:50:00,2021,3,7,18,50,27,27425,"RD438, Nassandres sur Risle",49.149279,0.665123,Nuit sans éclairage public,Hors agglomération,Intersection en T,Normale,Autre collision,3,2,2,0,1,1,1,0,1,80,,3,0,0,1,2,45.0,25.0,,,3,1,3,1,6
202100048897,2021-03-08 07:45:00,2021,3,8,7,45,31,31118,"D 820, PK 001.850",43.795261,1.335697,Plein jour,Hors agglomération,Hors intersection,Normale,Deux véhicules - frontale,3,4,3,0,1,3,1,0,1,90,,2,1,1,0,0,43.0,29.0,,,1,1,1,1,1
202100048898,2021-03-05 16:27:00,2021,3,5,16,27,31,31044,Rond-point Nollet,43.590677,1.511214,Plein jour,En agglomération,Giratoire,Normale,Deux véhicules - côté,7,2,2,3,1,2,1,5,6,50,,2,1,0,0,1,37.0,29.0,,,1,2,6,1,3
202100048899,2021-03-07 16:00:00,2021,3,7,16,0,13,13011,Route Départementale 5,43.734782,4.821169,Plein jour,Hors agglomération,Intersection en T,Normale,Deux véhicules - côté,3,2,2,0,2,1,1,0,1,80,,2,1,0,0,1,65.0,32.0,,,1,1,3,1,3
202100048900,2021-03-08 06:43:00,2021,3,8,6,43,27,27340,D313,49.367181,0.814297,Crépuscule ou aube,Hors agglomération,Intersection en T,Normale,Deux véhicules - côté,1,1,-1,-1,1,2,1,5,1,-1,,2,1,1,0,0,57.0,60.0,,,2,1,3,1,3
202100048901,2021-03-07 17:45:00,2021,3,7,17,45,974,97402,Rue Francois Rolland,-21.002591,55.693163,Crépuscule ou aube,En agglomération,Intersection en T,Normale,Deux véhicules - arrière,4,2,2,0,1,1,1,0,1,50,,2,1,0,0,1,41.0,34.0,,,2,2,3,1,2
202100048902,2021-03-05 16:10:00,2021,3,5,16,10,974,97408,CD41,-20.927126,55.346686,Plein jour,En agglomération,Hors intersection,Normale,Deux véhicules - arrière,3,2,2,0,2,1,1,0,1,30,,2,1,0,1,0,47.0,32.0,,,1,2,1,1,2
202100048903,2021-03-07 20:00:00,2021,3,7,20,0,973,97305,PK13 RN1,4.925154,-52.39029,Nuit sans éclairage public,Hors agglomération,Hors intersection,Pluie forte,Deux véhicules - arrière,2,2,2,0,1,1,2,0,1,80,,7,4,0,1,2,20.0,27.0,,,3,1,1,3,2
202100048904,2021-03-08 02:15:00,2021,3,8,2,15,2A,2A247,D159,41.59811717,9.2674616874,Nuit avec éclairage allumé,En agglomération,Hors intersection,Normale,Autre collision,3,2,2,0,1,1,1,0,4,50,,2,0,0,1,1,40.0,,,,5,2,1,1,6
202100048905,2021-03-08 05:30:00,2021,3,8,5,30,71,71583,Terre Cardon,46.260528,4.792209,Nuit sans éclairage public,En agglomération,Hors intersection,Temps couvert,Deux véhicules - arrière,3,2,2,0,1,1,1,0,1,80,,2,1,1,0,0,47.0,26.0,,,3,2,1,8,2
202100048906,2021-03-07 15:30:00,2021,3,7,15,30,10,10015,D677,48.421405,4.115667,Plein jour,Hors agglomération,Autre intersection,Normale,Deux véhicules - côté,3,1,2,0,4,1,1,0,1,110,,4,3,0,1,0,82.0,63.0,,,1,1,9,1,3
202100048907,2021-03-07 17:50:00,2021,3,7,17,50,67,67348,47 Rue du General Leclerc,48.470972,7.494269,Plein jour,En agglomération,Intersection en T,Normale,Deux véhicules - frontale,3,2,2,0,1,1,1,0,1,50,,4,3,0,0,1,26.0,20.0,,,1,2,3,1,1
202100048908,2021-03-07 16:45:00,2021,3,7,16,45,33,33051,route de cloche,44.647361,-0.92239,Plein jour,Hors agglomération,Hors intersection,Normale,Sans collision,4,2,2,0,2,1,1,0,1,80,,1,0,0,1,0,67.0,,,,1,1,1,1,7
202100048909,2021-03-08 14:00:00,2021,3,8,14,0,35,35257,Le Petit Baudusse (Saint-Brice-en-Coglès),48.42364,-1.358185,Plein jour,Hors agglomération,Hors intersection,Normale,Deux véhicules - frontale,3,2,2,0,1,3,1,0,1,80,,2,0,0,1,1,52.0,50.0,,,1,1,1,1,1
202100048910,2021-03-07 19:45:00,2021,3,7,19,45,60,60579,D332,49.353225,2.877983,Crépuscule ou aube,Hors agglomération,Hors intersection,Normale,Deux véhicules - frontale,3,2,2,0,1,1,1,0,1,80,,3,1,0,0,2,33.0,67.0,,,2,1,1,1,1
202100048911,2021-03-07 20:00:00,2021,3,7,20,0,59,59053,150 Route d'Avesnes,50.2784204928,3.8134232908,Nuit sans éclairage public,Hors agglomération,Hors intersection,Normale,Autre collision,3,2,2,0,2,1,1,0,1,80,,2,1,1,0,0,48.0,,,,3,1,1,1,6
202100048912,2021-03-06 12:50:00,2021,3,6,12,50,13,13026,A55-Sens Marseille vers Martigues,43.3868,5.1474,Plein jour,Hors agglomération,Hors intersection,Normale,Deux véhicules - côté,1,1,2,0,1,1,1,0,1,110,,2,1,0,0,1,54.0,25.0,,,1,1,1,1,3
202100048913,2021-03-07 07:37:00,2021,3,7,7,37,69,69296,A7,45.65306,4.83745,Crépuscule ou aube,Hors agglomération,Hors intersection,Pluie légère,Sans collision,1,3,6,0,1,1,2,0,3,110,,2,1,0,1,0,26.0,,,,2,1,1,2,7
202100048914,2021-03-07 17:40:00,2021,3,7,17,40,94,94034,AUTOROUTE A86,48.761836,2.314397,Plein jour,Hors agglomération,Hors intersection,Normale,Deux véhicules - côté,1,3,2,0,1,1,1,1,1,70,,2,1,0,0,1,50.0,52.0,,,1,1,1,1,3
202100048915,2021-03-06 21:00:00,2021,3,6,21,0,91,91689,AUTOROUTE A6B,48.73958,2.3192,Nuit sans éclairage public,Hors agglomération,Hors intersection,Normale,Sans collision,1,3,3,0,1,1,1,0,1,110,,1,0,0,0,1,23.0,,,,3,1,1,1,7
202100048916,2021-03-06 21:00:00,2021,3,6,21,0,91,91689,AUTOROUTE A6,48.7395,2.3192,Nuit sans éclairage public,Hors agglomération,Hors intersection,Normale,Deux véhicules - arrière,1,1,3,0,1,3,1,0,1,110,,2,0,0,0,2,21.0,23.0,,,3,1,1,1,2
202100048917,2021-03-07 15:15:00,2021,3,7,15,15,92,92064,A13,48.8388738592,2.1936046998,Plein jour,Hors agglomération,Hors intersection,Normale,Trois véhicules et plus - en chaîne,1,3,6,0,1,1,1,0,1,90,,5,4,0,0,1,70.0,20.0,,,1,1,1,1,4
202100048918,2021-03-07 15:05:00,2021,3,7,15,5,92,92036,AUTOROUTE A15,48.94297,2.28846,Plein jour,Hors agglomération,Hors intersection,Normale,Autre collision,1,3,8,0,1,1,1,2,1,90,,3,2,1,0,0,,40.0,,,1,1,1,1,6
202100048919,2021-03-06 18:15:00,2021,3,6,18,15,93,93066,AUTOROUTE A1,48.9148,2.35761,Crépuscule ou aube,Hors agglomération,Hors intersection,Normale,Trois véhicules et plus - en chaîne,1,3,8,0,1,1,1,1,1,90,,3,2,0,0,1,29.0,28.0,,,2,1,1,1,4
202100048920,2021-03-06 16:15:00,2021,3,6,16,15,95,95088,RD 170 ,48.9747978786,2.4264658202,Plein jour,Hors agglomération,Hors intersection,Normale,Deux véhicules - arrière,3,3,4,0,1,2,1,0,1,70,,4,2,0,0,2,33.0,34.0,,,1,1,1,1,2
202100048921,2021-03-05 18:15:00,2021,3,5,18,15,77,77122,RN104,48.6468008512,2.5774849194,Crépuscule ou aube,Hors agglomération,Hors intersection,Normale,Autre collision,2,3,2,0,1,1,1,0,1,90,,1,0,0,0,1,53.0,,,,2,1,1,1,6
202100048922,2021-03-05 11:50:00,2021,3,5,11,50,974,97416,RODIER(RUE),-21.33393,55.47865,Plein jour,En agglomération,Hors intersection,Normale,Trois véhicules et plus - collisions multiples,4,1,1,0,2,1,1,0,1,50,,3,2,0,0,1,43.0,23.0,,,1,2,1,1,5
202100048923,2021-03-06 15:40:00,2021,3,6,15,40,974,97411,DESCAMPS (EUGENE),-20.901,55.4806,Plein jour,En agglomération,Autre intersection,Pluie légère,Deux véhicules - frontale,4,2,1,0,2,1,2,0,1,30,,2,1,0,0,1,59.0,22.0,,,1,2,9,2,1
202100048924,2021-03-06 15:30:00,2021,3,6,15,30,69,69386,GARIBALDI (R),45.76931,4.85039,Plein jour,En agglomération,Intersection en X,Normale,Deux véhicules - côté,4,1,3,0,1,1,1,0,1,50,,2,1,0,0,1,33.0,37.0,,,1,2,2,1,3
202100048925,2021-03-06 12:30:00,2021,3,6,12,30,69,69388,ALBERT THOMAS (CR),45.7452336498,4.8721818231,Plein jour,En agglomération,Hors intersection,Normale,Autre collision,4,1,2,3,1,1,1,0,1,50,,2,1,0,1,0,47.0,,,,1,2,1,1,6
202100048926,2021-03-05 21:26:00,2021,3,5,21,26,972,97213,ROUTE DEPARTEMENTALE 3,14.6268,-60.9895,Nuit sans éclairage public,Hors agglomération,Hors intersection,Normale,Deux véhicules - frontale,3,-1,2,0,1,1,1,0,1,70,,3,0,0,0,3,26.0,28.0,,,3,1,1,1,1
202100048927,2021-03-05 23:25:00,2021,3,5,23,25,972,97209,YVES GOUSSARD (RUE),14.60781,-61.06882,Nuit avec éclairage allumé,En agglomération,Intersection en T,Normale,Autre collision,2,3,4,0,1,1,1,0,1,30,,4,0,0,0,4,36.0,51.0,,,5,2,3,1,6
202100048928,2021-03-06 08:30:00,2021,3,6,8,30,91,91687,GABRIEL PERI (AVENUE),48.67852,2.3737,Plein jour,En agglomération,Hors intersection,Normale,Deux véhicules - côté,3,2,2,0,1,1,1,0,1,30,,2,1,0,0,1,43.0,40.0,,,1,2,1,1,3
202100048929,2021-03-06 14:48:00,2021,3,6,14,48,86,86066,Avenue Jean Jaurès,46.821941,0.544516,Plein jour,En agglomération,Intersection en T,Normale,Deux véhicules - côté,3,2,5,1,1,1,1,0,1,50,,2,1,0,1,0,53.0,57.0,,,1,2,3,1,3
202100048930,2021-03-06 16:00:00,2021,3,6,16,0,83,83069,DECUGIS (AVENUE ALFRED),43.113052,6.161264,Plein jour,Hors agglomération,Hors intersection,Normale,Deux véhicules - frontale,4,2,2,0,1,1,1,0,1,50,,2,1,0,0,1,15.0,32.0,,,1,1,1,1,1
202100048931,2021-03-06 09:10:00,2021,3,6,9,10,78,78642,MALRAUX BD ANDRE,48.98386,1.96722,Plein jour,En agglomération,Hors intersection,Temps éblouissant,Autre collision,3,-1,-1,0,1,1,1,0,1,50,,2,1,0,0,1,57.0,,,,1,2,1,7,6
202100048932,2021-03-06 16:00:00,2021,3,6,16,0,71,71076,SAINTE MARIE (QUAI),46.78221,4.86109,Plein jour,En agglomération,Hors intersection,Normale,Autre collision,4,2,2,0,1,1,1,0,1,50,,2,1,0,0,1,17.0,23.0,,,1,2,1,1,6
202100048933,2021-03-06 16:16:00,2021,3,6,16,16,64,64445,ALSACE LORRAINE D',43.30295,-0.36232,Plein jour,En agglomération,Intersection en T,Normale,Deux véhicules - côté,4,2,2,0,1,1,1,0,1,50,,2,1,0,0,1,47.0,49.0,,,1,2,3,1,3
202100048934,2021-03-06 14:15:00,2021,3,6,14,15,59,59650,BLERIOT (RUE),50.7090726239,3.2046443224,Plein jour,En agglomération,Intersection en T,Normale,Deux véhicules - côté,4,2,2,0,1,3,1,0,1,50,,2,1,0,0,1,34.0,16.0,,,1,2,3,1,3
202100048935,2021-03-06 16:45:00,2021,3,6,16,45,51,51454,Boulevard Louis Roederer,49.2589580611,4.0255687466,Plein jour,En agglomération,Hors intersection,Normale,Sans collision,4,1,4,0,2,1,1,1,1,50,,1,0,0,0,1,26.0,,,,1,2,1,1,7
202100048936,2021-03-05 19:25:00,2021,3,5,19,25,51,51454,Avenue de Champagne,49.23937,4.04499,Nuit avec éclairage allumé,En agglomération,Hors intersection,Normale,Trois véhicules et plus - en chaîne,3,1,4,0,3,3,1,0,1,50,,3,2,0,0,1,30.0,60.0,,,5,2,1,1,4
202100048937,2021-03-06 09:30:00,2021,3,6,9,30,45,45284,Rue du Faubourg de Bourgogne,47.90425,1.94013,Plein jour,En agglomération,Intersection en T,Normale,Deux véhicules - côté,4,-1,2,2,1,1,1,0,5,50,,2,1,0,0,1,50.0,59.0,,,1,2,3,1,3
202100048938,2021-03-05 14:05:00,2021,3,5,14,5,42,42207,Boulevard du Gier,45.48175,4.52488,Plein jour,En agglomération,Hors intersection,Normale,Deux véhicules - côté,7,2,3,0,1,1,1,0,1,50,,2,0,0,1,1,17.0,47.0,,,1,2,1,1,3
202100048939,2021-03-06 22:21:00,2021,3,6,22,21,37,37261,MAGINOT (AV. ANDRE),47.4186521831,0.6927180291,Nuit avec éclairage allumé,En agglomération,Giratoire,Normale,Sans collision,4,2,2,0,1,3,1,5,1,50,,1,0,0,0,1,50.0,,,,5,2,6,1,7
202100048940,2021-03-06 18:43:00,2021,3,6,18,43,37,37122,RD 37,47.3320630982,0.6738854627,Crépuscule ou aube,En agglomération,Hors intersection,Normale,Sans collision,3,3,4,0,1,3,1,0,1,90,,1,0,0,0,1,20.0,,,,2,2,1,1,7
202100048941,2021-03-05 16:00:00,2021,3,5,16,0,35,35051,FREBARDIERE (RUE DE LA),48.1033839108,-1.6319991263,Plein jour,En agglomération,Hors intersection,Normale,Deux véhicules - côté,4,2,2,0,2,3,1,0,1,50,,2,1,0,1,0,23.0,21.0,,,1,2,1,1,3
202100048942,2021-03-05 19:45:00,2021,3,5,19,45,35,35238,GUERINAIS (BD DE LA),48.09822,-1.71026,Nuit avec éclairage allumé,En agglomération,Hors intersection,Normale,Autre collision,4,2,2,0,1,2,1,0,4,50,,1,0,0,0,1,29.0,,,,5,2,1,1,6
202100048943,2021-03-06 21:33:00,2021,3,6,21,33,33,33069,Avenue de l’Hippodrome,44.87588,-0.62386,Nuit avec éclairage allumé,En agglomération,Autre intersection,Normale,Autre collision,4,2,3,3,1,1,1,9,6,50,,1,0,0,1,0,59.0,,,,5,2,9,1,6
202100048944,2021-03-06 10:45:00,2021,3,6,10,45,33,33039,Avenue Danielle Mitterrand,44.78612,-0.56345,Plein jour,En agglomération,Hors intersection,Normale,Deux véhicules - arrière,4,3,2,0,1,1,1,6,1,50,,2,1,0,0,1,52.0,21.0,,,1,2,1,1,2
202100048945,2021-03-05 15:10:00,2021,3,5,15,10,33,33529,Avenue des Fusilles,44.541917,-1.160007,Plein jour,Hors agglomération,Hors intersection,Normale,Deux véhicules - frontale,3,2,2,0,1,3,1,0,1,70,,4,1,1,2,0,56.0,28.0,,,1,1,1,1,1
202100048946,2021-03-06 08:45:00,2021,3,6,8,45,27,27229,DUGUAY TROUIN (RUE),49.02692,1.16903,Plein jour,En agglomération,Hors intersection,Temps éblouissant,Sans collision,4,2,2,0,2,1,1,0,1,50,,1,0,0,0,1,81.0,,,,1,2,1,7,7
202100048947,2021-03-06 13:48:00,2021,3,6,13,48,17,17300,NORMANDIN   RUE EMILE,46.1433,-1.14144,Plein jour,En agglomération,Hors intersection,Normale,Deux véhicules - côté,4,-1,2,2,1,1,1,0,5,50,,2,1,0,0,1,22.0,69.0,,,1,2,1,1,3
202100048948,2021-03-06 13:15:00,2021,3,6,13,15,13,13210,JEAN MOULIN (BOULEVARD),43.286600639,5.3995877309,Plein jour,En agglomération,Hors intersection,Normale,Deux véhicules - arrière,4,2,6,0,1,1,1,0,1,50,,2,1,0,1,0,29.0,57.0,,,1,2,1,1,2
202100048949,2021-03-06 09:30:00,2021,3,6,9,30,13,13205,SAINT PIERRE (RUE),43.29254,5.39165,Plein jour,En agglomération,Hors intersection,Normale,Autre collision,4,1,1,0,1,1,1,0,1,50,,2,1,0,0,1,,,,,1,2,1,1,6
202100048950,2021-03-05 16:35:00,2021,3,5,16,35,13,13028,CD 559,43.18988,5.64336,Plein jour,Hors agglomération,Intersection en T,Normale,Deux véhicules - côté,7,2,2,0,1,1,1,0,1,50,,2,1,0,1,0,90.0,35.0,,,1,1,3,1,3
202100048951,2021-03-05 11:10:00,2021,3,5,11,10,12,12089,AGNAC (ROUTE D'),44.57524,2.26363,Plein jour,En agglomération,Intersection en X,Normale,Deux véhicules - côté,3,2,2,0,2,1,1,0,1,50,,2,1,0,0,1,18.0,39.0,,,1,2,2,1,3
202100048952,2021-03-06 15:30:00,2021,3,6,15,30,11,11069,BLUM APRES LE 1429,43.2265,2.34,Plein jour,En agglomération,Hors intersection,Normale,Deux véhicules - côté,4,2,2,0,1,1,1,0,1,50,,2,0,0,0,2,16.0,52.0,,,1,2,1,1,3
202100048953,2021-03-04 18:10:00,2021,3,4,18,10,75,75119,PORTE D AUBERVILLIERS,48.900368,2.375187,Plein jour,En agglomération,Hors intersection,Normale,Deux véhicules - arrière,4,1,4,0,1,1,1,0,1,70,,2,1,0,0,1,24.0,24.0,,,1,2,1,1,2
202100048954,2021-03-06 16:30:00,2021,3,6,16,30,75,75105,QUAI DE LA TOURNELLE,48.8507,2.35259,Plein jour,En agglomération,Intersection en T,Normale,Trois véhicules et plus - en chaîne,4,1,3,1,1,1,1,0,1,50,,5,3,0,0,2,25.0,27.0,,,1,2,3,1,4
202100048955,2021-03-06 16:50:00,2021,3,6,16,50,75,75120,RUE DU CAPITAINE FERBER,48.86435,2.404316,Plein jour,En agglomération,Intersection en Y,Normale,Deux véhicules - côté,4,1,1,0,2,1,1,-1,6,50,,2,1,0,0,1,57.0,31.0,,,1,2,4,1,3
202100048956,2021-03-06 09:00:00,2021,3,6,9,0,75,75120,RUE DES PYRENEES,48.871981,2.391873,Plein jour,En agglomération,Intersection en T,Normale,Deux véhicules - côté,4,2,2,1,2,1,1,0,1,50,,2,1,0,0,1,39.0,26.0,,,1,2,3,1,3
202100048957,2021-03-06 13:45:00,2021,3,6,13,45,75,75118,RUE DES CLOYS,48.892677,2.34009,Plein jour,En agglomération,Intersection en X,Normale,Deux véhicules - côté,4,1,1,1,1,1,1,0,1,30,,2,1,0,0,1,26.0,28.0,,,1,2,2,1,3
202100048958,2021-03-05 22:05:00,2021,3,5,22,5,75,75118,RUE VAUVENARGUES,48.895972,2.330878,Nuit avec éclairage allumé,En agglomération,Intersection en X,Normale,Deux véhicules - frontale,4,2,1,0,1,1,1,0,1,50,,2,1,0,0,1,23.0,59.0,,,5,2,2,1,1
202100048959,2021-03-05 23:22:00,2021,3,5,23,22,75,75116,BOULEVARD LANNES,48.86687,2.271824,Nuit avec éclairage allumé,En agglomération,Intersection en T,Normale,Autre collision,4,2,2,0,1,1,1,0,1,50,,2,1,0,0,1,54.0,,,,5,2,3,1,6
202100048960,2021-03-06 17:35:00,2021,3,6,17,35,75,75115,RUE DU DOCTEUR ROUX,48.841118,2.311704,Crépuscule ou aube,En agglomération,Hors intersection,Normale,Deux véhicules - côté,4,1,1,1,1,1,1,-1,5,50,,2,1,0,0,1,23.0,55.0,,,2,2,1,1,3
202100048961,2021-03-06 13:50:00,2021,3,6,13,50,75,75115,RUE DU COLONEL PIERRE AVIA,48.829964,2.275809,Plein jour,En agglomération,Hors intersection,Normale,Autre collision,4,1,1,0,1,1,1,0,1,50,,1,0,0,0,1,29.0,,,,1,2,1,1,6
202100048962,2021-03-05 15:20:00,2021,3,5,15,20,75,75109,RUE SAINT LAZARE,48.8761585131,2.3311095468,Plein jour,En agglomération,Intersection en X,Normale,Autre collision,4,1,4,3,1,1,1,-1,6,50,,2,1,0,0,1,53.0,,,,1,2,2,1,6
202100048963,2021-03-06 20:00:00,2021,3,6,20,0,75,75108,PLACE DE LA CONCORDE,48.866589762,2.3219722509,Plein jour,En agglomération,Place,Normale,Deux véhicules - côté,4,2,0,0,1,1,1,0,1,50,,2,1,0,0,1,54.0,45.0,,,1,2,7,1,3
202100048964,2021-03-06 17:15:00,2021,3,6,17,15,75,75108,PLACE DE LA CONCORDE,48.8646559464,2.3206955194,Plein jour,En agglomération,Place,Normale,Deux véhicules - côté,4,1,4,0,1,2,1,0,1,50,,4,3,0,0,1,38.0,21.0,,,1,2,7,1,3
202100048965,2021-03-05 12:45:00,2021,3,5,12,45,75,75102,RUE VIVIENNE,48.869802,2.34058,Plein jour,En agglomération,Place,Normale,Deux véhicules - côté,4,1,1,0,1,1,1,0,1,50,,2,1,0,0,1,55.0,35.0,,,1,2,7,1,3
202100048966,2021-03-05 22:20:00,2021,3,5,22,20,94,94043,GABRIEL PERI (R),48.80612,2.3459,Nuit avec éclairage allumé,En agglomération,Intersection en T,Normale,Deux véhicules - côté,3,1,1,0,1,1,1,0,1,50,,2,0,0,0,2,29.0,20.0,,,5,2,3,1,3
202100048967,2021-03-06 17:15:00,2021,3,6,17,15,94,94073,ALOUETTES (R DES),48.75216,2.36973,Plein jour,Hors agglomération,Autre intersection,Normale,Autre collision,6,-1,0,0,1,1,1,9,8,10,,2,1,0,0,1,57.0,,,,1,1,9,1,6
202100048968,2021-03-06 17:30:00,2021,3,6,17,30,94,94022,YVONNE MARCAILLOUX (AV),48.7679,2.407068,Plein jour,En agglomération,Hors intersection,Normale,Trois véhicules et plus - en chaîne,3,2,0,0,1,1,1,0,1,50,,3,2,0,0,1,39.0,72.0,,,1,2,1,1,4
202100048969,2021-03-06 16:45:00,2021,3,6,16,45,94,94022,DEMANIEUX (R),48.77253,2.40225,Plein jour,En agglomération,Intersection en T,Normale,Deux véhicules - côté,4,2,2,0,1,1,1,0,1,50,,4,3,0,0,1,22.0,33.0,,,1,2,3,1,3
202100048970,2021-03-06 18:20:00,2021,3,6,18,20,93,93078,BALLANGER (BD ROBERT),48.961,2.55532,Crépuscule ou aube,En agglomération,Giratoire,Normale,Deux véhicules - arrière,3,1,2,0,1,2,1,0,1,50,,2,1,0,0,1,65.0,41.0,,,2,2,6,1,2
202100048971,2021-03-06 19:40:00,2021,3,6,19,40,93,93059,ELYSEE RECLUS (AVENUE) N° 23 AU 217,48.94933,2.35771,Nuit avec éclairage allumé,En agglomération,Hors intersection,Normale,Deux véhicules - côté,3,1,4,0,1,1,1,0,1,50,,2,1,0,0,1,29.0,51.0,,,5,2,1,1,3
202100048972,2021-03-06 17:25:00,2021,3,6,17,25,93,93072,NELSON MANDELA (AVENUE),48.95107,2.37376,Plein jour,En agglomération,Intersection en T,Normale,Deux véhicules - frontale,4,4,2,0,1,2,1,9,1,30,,2,1,0,0,1,21.0,64.0,,,1,2,3,1,1
202100048973,2021-03-06 11:15:00,2021,3,6,11,15,93,93059,GABRIEL PERI (AVENUE),48.9635750367,2.3542284966,Plein jour,En agglomération,Intersection en Y,Normale,Deux véhicules - arrière,3,2,2,0,2,1,1,0,1,50,,3,1,0,0,2,30.0,33.0,,,1,2,4,1,2
202100048974,2021-03-06 17:40:00,2021,3,6,17,40,93,93066,RU DE MONTFORT (CHEMIN),48.9267,2.3662,Plein jour,En agglomération,Hors intersection,Normale,Autre collision,4,2,2,0,1,1,1,0,1,50,,2,1,0,0,1,,,,,1,2,1,1,6
202100048975,2021-03-06 16:10:00,2021,3,6,16,10,93,93066,ENGHIEN,48.94304,2.37044,Plein jour,En agglomération,Intersection en X,Normale,Deux véhicules - côté,4,1,1,0,1,1,1,0,1,50,,2,1,0,0,1,79.0,31.0,,,1,2,2,1,3
202100048976,2021-03-06 10:50:00,2021,3,6,10,50,93,93051,GRAHAM BELL,48.83693,2.54726,Plein jour,En agglomération,Hors intersection,Normale,Autre collision,3,3,4,0,1,1,1,2,1,50,,2,1,0,0,1,24.0,,,,1,2,1,1,6
202100048977,2021-03-06 18:20:00,2021,3,6,18,20,93,93048,ROSNY (RUE DE),48.86482,2.45325,Crépuscule ou aube,En agglomération,Intersection en X,Normale,Deux véhicules - frontale,4,2,2,0,1,1,1,0,1,30,,2,1,0,0,1,38.0,46.0,,,2,2,2,1,1
202100048978,2021-03-06 18:05:00,2021,3,6,18,5,93,93048,PASTEUR S2  (AVENUE),48.86438,2.43901,Plein jour,En agglomération,Intersection à plus de 4 branches,Normale,Deux véhicules - côté,4,1,8,3,1,1,1,0,1,30,,2,1,0,0,1,55.0,26.0,,,1,2,5,1,3
202100048979,2021-03-06 05:10:00,2021,3,6,5,10,92,92075,SADI CARNOT (RUE),48.8227029402,2.2904241085,Nuit avec éclairage allumé,En agglomération,Hors intersection,Normale,Autre collision,4,1,1,0,2,1,1,0,1,50,,1,0,0,0,1,20.0,,,,5,2,1,1,6
202100048980,2021-03-06 18:13:00,2021,3,6,18,13,92,92025,EUROPE (AV DE L'),48.9261297252,2.2429047525,Plein jour,En agglomération,Hors intersection,Normale,Autre collision,4,2,2,0,1,1,1,0,1,30,,2,1,0,0,1,21.0,,,,1,2,1,1,6
202100048981,2021-03-05 22:10:00,2021,3,5,22,10,92,92023,HENRI BARBUSSE (AVENUE),48.8083770205,2.2587633133,Nuit avec éclairage allumé,En agglomération,Intersection en T,Normale,Deux véhicules - côté,3,2,2,0,2,1,1,0,1,50,,2,1,0,0,1,28.0,21.0,,,5,2,3,1,3
202100048982,2021-03-06 19:25:00,2021,3,6,19,25,92,92012,JEAN JAURES (BOULEVARD) 63/215 - 70/208,48.8347522864,2.2428363562,Nuit avec éclairage allumé,En agglomération,Intersection en T,Normale,Deux véhicules - côté,4,2,2,0,1,1,1,0,1,50,,3,2,0,0,1,36.0,30.0,,,5,2,3,1,3
202100048983,2021-03-06 20:42:00,2021,3,6,20,42,92,92004,ALBERT 1ER,48.9145465737,2.2831767797,Nuit avec éclairage allumé,En agglomération,Intersection en T,Normale,Deux véhicules - côté,3,2,-1,-1,1,1,1,0,1,-1,,2,1,0,0,1,23.0,29.0,,,5,2,3,1,3
202100048984,2021-03-06 09:25:00,2021,3,6,9,25,86,86112,Avenue Marcel Giraud,46.232322,0.687815,Plein jour,En agglomération,Hors intersection,Normale,Sans collision,3,2,2,0,1,1,1,0,1,50,,1,0,0,1,0,47.0,,,,1,2,1,1,7
202100048985,2021-03-07 15:10:00,2021,3,7,15,10,2A,2A048,RD81,42.026009,8.749205,Plein jour,Hors agglomération,Hors intersection,Normale,Deux véhicules - frontale,3,2,2,0,2,3,1,0,1,80,,2,0,0,1,1,52.0,38.0,,,1,1,1,1,1
202100048986,2021-03-06 15:10:00,2021,3,6,15,10,95,95487,Avenue Jacques Vogt,49.154365,2.269755,Plein jour,En agglomération,Hors intersection,Normale,Autre collision,3,2,2,0,1,1,1,0,1,50,,2,1,0,0,1,58.0,,,,1,2,1,1,6