accident_id,datetime,annee,mois,jour,heure,minute,departement,commune_insee,adresse,latitude,longitude,luminosite,agglomeration,intersection,meteo,collision,catr,circ,nbv,vosp,prof,plan,surf,infra,situ,vma,nb_vehicules,nb_usagers,nb_indemnes,nb_tues,nb_blesses_hosp,nb_blesses_legers,age_cond_1,age_cond_2,veh_type_cond_1,veh_type_cond_2,lum_code,agg_code,int_code,atm_code,col_code
202100048987,2021-03-06 15:45:00,2021,3,6,15,45,40,40304,54 Route de Vieux Boucau,43.671659,-1.417372,Plein jour,En agglomération,Hors intersection,Normale,Sans collision,3,2,2,0,1,1,1,0,1,50,,1,0,0,1,0,55.0,,,,1,2,1,1,7
202100048988,2021-03-06 19:40:00,2021,3,6,19,40,01,01354,D78A,46.267374,6.045935,Nuit sans éclairage public,Hors agglomération,Hors intersection,Normale,Autre collision,3,2,2,0,1,2,1,0,1,80,,1,0,1,0,0,28.0,,,,3,1,1,1,6
202100048989,2021-03-06 14:45:00,2021,3,6,14,45,41,41223,autoroute A10 pk:156.200 sens paris-province,47.61924,1.248493,Plein jour,Hors agglomération,Hors intersection,Normale,Autre collision,1,3,5,0,2,1,1,0,1,130,,1,0,0,0,1,43.0,,,,1,1,1,1,6
202100048990,2021-03-07 10:00:00,2021,3,7,10,0,71,71502,Route de Chalon,46.846104,4.943719,Plein jour,Hors agglomération,Hors intersection,Normale,Deux véhicules - côté,3,2,2,0,1,2,1,0,1,80,,3,1,0,1,1,33.0,56.0,,,1,1,1,1,3
202100048991,2021-03-06 17:20:00,2021,3,6,17,20,40,40227,454 Route de Belhade,44.339285,-0.728434,Plein jour,En agglomération,Hors intersection,Normale,Sans collision,3,2,1,0,1,3,1,0,3,50,,1,0,0,1,0,67.0,,,,1,2,1,1,7
202100048992,2021-03-07 13:45:00,2021,3,7,13,45,69,69046,FERRATIERES (DES) (CHM),45.64275,4.802094,Plein jour,En agglomération,Intersection en T,Temps couvert,Sans collision,4,2,2,0,1,1,1,0,1,50,,1,0,0,1,0,85.0,,,,1,2,3,8,7
202100048993,2021-03-07 15:55:00,2021,3,7,15,55,56,56206,Lieu Dit Guyodec,47.700184,-2.787918,Plein jour,Hors agglomération,Intersection en T,Normale,Deux véhicules - côté,3,2,2,1,1,1,1,0,1,80,,2,1,0,1,0,45.0,58.0,,,1,1,3,1,3
202100048994,2021-03-07 17:20:00,2021,3,7,17,20,67,67188,D1420,48.5332051569,7.3880343303,Plein jour,Hors agglomération,Hors intersection,Normale,Deux véhicules - arrière,3,2,2,0,1,1,1,0,1,90,,2,1,0,0,1,18.0,29.0,,,1,1,1,1,2
202100048995,2021-03-06 10:45:00,2021,3,6,10,45,2B,2B201,Lieu dit Casanili,42.199784,9.400005,Plein jour,Hors agglomération,Hors intersection,Normale,Sans collision,3,2,2,0,2,3,1,0,3,80,,1,0,0,0,1,43.0,,,,1,1,1,1,7
202100048996,2021-03-06 16:40:00,2021,3,6,16,40,82,82125,Avenue de Montauban,43.959828,1.237802,Plein jour,En agglomération,Intersection en X,Normale,Deux véhicules - côté,3,2,2,0,4,1,1,5,1,50,,3,2,0,1,0,21.0,49.0,,,1,2,2,1,3
202100048997,2021-03-06 15:05:00,2021,3,6,15,5,71,71120,Route de Saint-Germain,46.204581,4.346284,Plein jour,En agglomération,Hors intersection,Normale,Autre collision,3,2,2,0,1,1,1,0,3,50,,1,0,0,1,0,31.0,,,,1,2,1,1,6
202100048998,2021-03-07 16:30:00,2021,3,7,16,30,61,61422,D673,48.680279,0.619633,Plein jour,Hors agglomération,Intersection en X,Normale,Deux véhicules - arrière,3,2,-1,-1,1,1,1,0,1,80,,2,1,0,0,1,41.0,57.0,,,1,1,2,1,2
202100048999,2021-03-06 17:45:00,2021,3,6,17,45,61,61369,La Maillardiere,48.67345,-0.633044,Crépuscule ou aube,Hors agglomération,Hors intersection,Normale,Deux véhicules - frontale,3,2,2,0,2,1,1,0,1,80,,6,4,0,0,2,36.0,46.0,,,2,1,1,1,1
202100049000,2021-03-07 10:40:00,2021,3,7,10,40,49,49307,Levee Jeanne de Laval (Saint-Mathurin-sur-Loire),47.408643,-0.313346,Plein jour,En agglomération,Intersection en T,Temps éblouissant,Deux véhicules - côté,3,2,2,0,1,1,1,5,1,50,,2,1,0,1,0,32.0,70.0,,,1,2,3,7,3
202100049001,2021-03-07 15:00:00,2021,3,7,15,0,22,22181,Kerlouet,48.213764,-3.210754,Plein jour,Hors agglomération,Hors intersection,Temps éblouissant,Sans collision,3,2,2,0,1,1,1,0,1,80,,2,0,1,1,0,52.0,,,,1,1,1,7,7
202100049002,2021-03-06 05:10:00,2021,3,6,5,10,35,35040,Les Grandes Planches,48.114755,-1.921513,Nuit sans éclairage public,Hors agglomération,Hors intersection,Normale,Autre collision,4,2,2,0,1,3,1,0,3,80,,3,1,0,0,2,19.0,,,,3,1,1,1,6
202100049003,2021-03-07 07:00:00,2021,3,7,7,0,29,29102,D17 - Rue de l'Aulne,48.2195554965,-3.7064648271,Crépuscule ou aube,Hors agglomération,Hors intersection,Normale,Autre collision,3,2,2,0,4,3,1,2,3,50,,5,1,0,2,2,23.0,,,,2,1,1,1,6
202100049004,2021-03-07 10:20:00,2021,3,7,10,20,31,31330,d12,43.326988,1.441398,Plein jour,En agglomération,Hors intersection,Normale,Deux véhicules - frontale,3,2,2,0,1,1,1,0,1,80,,2,1,0,0,1,92.0,39.0,,,1,2,1,1,1
202100049005,2021-03-07 16:45:00,2021,3,7,16,45,50,50099,La Croix Pan,49.362407,-1.279746,Plein jour,Hors agglomération,Intersection en T,Normale,Sans collision,2,2,-1,-1,2,1,1,0,1,-1,,2,0,2,0,0,60.0,,,,1,1,3,1,7
202100049006,2021-03-07 14:35:00,2021,3,7,14,35,50,50144,Rue Victoire Babois,48.76626,-1.081542,Plein jour,Hors agglomération,Hors intersection,Normale,Deux véhicules - frontale,3,-1,2,0,1,3,1,0,1,80,,7,4,0,0,3,38.0,44.0,,,1,1,1,1,1
202100049007,2021-03-07 07:45:00,2021,3,7,7,45,09,09139,N320,42.574566,1.788186,Plein jour,Hors agglomération,Hors intersection,Normale,Sans collision,2,2,2,0,2,3,1,0,3,80,,7,5,0,1,1,32.0,,,,1,1,1,1,7
202100049008,2021-03-07 15:30:00,2021,3,7,15,30,60,60189,Rue de la Ramée,49.529345,3.091498,Plein jour,En agglomération,Autre intersection,Normale,Autre collision,3,2,2,0,1,1,1,0,1,50,,1,0,0,1,0,34.0,,,,1,2,9,1,6
202100049009,2021-03-06 15:50:00,2021,3,6,15,50,36,36222,Le Petit Bellevue,46.902445,1.951661,Plein jour,Hors agglomération,Hors intersection,Normale,Autre collision,3,2,2,0,1,2,1,0,8,80,,1,0,0,1,0,33.0,,,,1,1,1,1,6
202100049010,2021-03-07 00:55:00,2021,3,7,0,55,07,07234,,45.247883,4.781979,Nuit avec éclairage allumé,En agglomération,Hors intersection,Normale,Autre collision,3,2,2,0,4,2,1,0,4,50,,4,0,0,1,3,21.0,,,,5,2,1,1,6
202100049011,2021-03-07 14:05:00,2021,3,7,14,5,07,07319,Place Jean Macé,44.550177,4.68399,Plein jour,En agglomération,Intersection en T,Normale,Deux véhicules - frontale,4,2,-1,-1,1,1,1,9,8,-1,,4,2,0,1,1,63.0,18.0,,,1,2,3,1,1
202100049012,2021-03-06 17:55:00,2021,3,6,17,55,21,21519,D928,47.786803,4.841285,Plein jour,Hors agglomération,Hors intersection,Normale,Autre collision,3,2,2,0,1,1,1,0,3,90,,4,2,0,2,0,23.0,,,,1,1,1,1,6
202100049013,2021-03-06 13:30:00,2021,3,6,13,30,21,21673,Chemin de Bécoup,47.1708107561,4.7218036652,Plein jour,Hors agglomération,Hors intersection,Normale,Sans collision,4,2,2,0,2,1,1,0,1,80,,1,0,0,0,1,65.0,,,,1,1,1,1,7
202100049014,2021-03-07 16:35:00,2021,3,7,16,35,24,24106,la bessede,45.017562,1.208603,Plein jour,Hors agglomération,Hors intersection,Pluie légère,Autre collision,4,-1,2,0,1,4,9,0,8,-1,,1,0,1,0,0,18.0,,,,1,1,1,2,6
202100049015,2021-03-06 19:00:00,2021,3,6,19,0,24,24159,Chatelier,45.104925,0.221186,Nuit sans éclairage public,Hors agglomération,Hors intersection,Normale,Autre collision,3,2,2,0,1,2,1,0,8,80,,2,1,0,1,0,25.0,,,,3,1,1,1,6
202100049016,2021-03-07 03:25:00,2021,3,7,3,25,85,85217,La Linière,46.949621,-1.280293,Nuit sans éclairage public,Hors agglomération,Hors intersection,Normale,Autre collision,4,2,2,0,4,1,1,0,3,-1,,4,3,0,1,0,18.0,,,,3,1,1,1,6
202100049017,2021-03-06 16:45:00,2021,3,6,16,45,17,17344,Avenue de Cognac,45.850692,-0.529189,Plein jour,En agglomération,Intersection en Y,Normale,Deux véhicules - arrière,3,2,2,-1,1,1,1,5,1,50,,5,1,0,2,2,80.0,58.0,,,1,2,4,1,2
202100049018,2021-03-07 07:00:00,2021,3,7,7,0,973,97309,Route de Rémire,4.892813,-52.274006,Crépuscule ou aube,En agglomération,Hors intersection,Pluie légère,Sans collision,3,2,2,0,1,3,2,0,1,70,,2,0,0,2,0,22.0,,,,2,2,1,2,7
202100049019,2021-03-07 15:15:00,2021,3,7,15,15,988,98830,tribu de Koé - TOUHO,-20.79821,165.26139,Plein jour,Hors agglomération,Hors intersection,Normale,Autre collision,3,2,2,0,1,1,1,9,3,50,,4,0,2,2,0,34.0,,,,1,1,1,1,6
202100049020,2021-03-06 17:45:00,2021,3,6,17,45,34,34113,D2,43.480737,3.699324,Plein jour,Hors agglomération,Hors intersection,Normale,Trois véhicules et plus - collisions multiples,3,2,2,0,1,1,1,0,1,50,,6,5,0,0,1,58.0,48.0,,,1,1,1,1,5
202100049021,2021-03-07 13:25:00,2021,3,7,13,25,89,89059,Bussy-en-Othe,48.030669,3.522159,Plein jour,Hors agglomération,Hors intersection,Normale,Autre collision,4,-1,1,0,2,1,9,0,8,-1,,1,0,1,0,0,17.0,,,,1,1,1,1,6
202100049022,2021-03-07 02:30:00,2021,3,7,2,30,71,71106,rd 985 lieu dit chamoges,46.4768529107,4.2772714421,Nuit sans éclairage public,Hors agglomération,Hors intersection,Normale,Autre collision,3,2,2,0,1,2,1,0,3,80,,1,0,0,1,0,30.0,,,,3,1,1,1,6
202100049023,2021-03-06 19:20:00,2021,3,6,19,20,38,38565,D3,45.272523,5.625907,Crépuscule ou aube,Hors agglomération,Hors intersection,Pluie légère,Deux véhicules - frontale,3,4,3,0,1,1,2,2,1,70,,2,1,0,0,1,51.0,33.0,,,2,1,1,2,1
202100049024,2021-03-06 17:25:00,2021,3,6,17,25,26,26084,Route des Pêches,45.001504,4.909049,Plein jour,Hors agglomération,Hors intersection,Normale,Autre collision,3,2,2,0,1,2,1,0,8,80,,1,0,0,1,0,56.0,,,,1,1,1,1,6
202100049025,2021-03-06 15:30:00,2021,3,6,15,30,07,07324,Chemin de la Digue du Rhone,45.048948,4.849504,Plein jour,En agglomération,Hors intersection,Normale,Sans collision,4,2,2,0,1,1,1,0,1,50,,1,0,0,1,0,22.0,,,,1,2,1,1,7
202100049026,2021-03-06 16:45:00,2021,3,6,16,45,01,01297,D22,45.879231,5.08844,Plein jour,Hors agglomération,Hors intersection,Normale,Trois véhicules et plus - collisions multiples,3,2,2,0,2,3,1,0,1,80,,4,2,0,1,1,27.0,58.0,,,1,1,1,1,5
202100049027,2021-03-06 17:50:00,2021,3,6,17,50,85,85178,L'Egronière,46.788737,-1.557333,Plein jour,Hors agglomération,Hors intersection,Normale,Deux véhicules - côté,3,2,2,0,1,2,1,0,1,80,,3,2,0,1,0,22.0,21.0,,,1,1,1,1,3
202100049028,2021-03-06 19:30:00,2021,3,6,19,30,85,85003,,46.69677,-1.64604,Crépuscule ou aube,Hors agglomération,Hors intersection,Normale,Autre collision,3,2,2,0,2,3,1,2,1,80,,1,0,1,0,0,59.0,,,,2,1,1,1,6
202100049029,2021-03-07 18:20:00,2021,3,7,18,20,02,02720,Rue du 11 Novembre 1918,49.577913,3.907485,Crépuscule ou aube,Hors agglomération,Hors intersection,Normale,Sans collision,3,2,2,0,1,3,1,0,3,80,,1,0,0,1,0,33.0,,,,2,1,1,1,7
202100049030,2021-03-05 16:10:00,2021,3,5,16,10,62,62318,4 Route d'Hilbert,50.511388,1.646481,Plein jour,En agglomération,Hors intersection,Normale,Deux véhicules - arrière,3,2,2,0,1,1,1,0,1,50,,2,1,0,1,0,42.0,49.0,,,1,2,1,1,2
202100049031,2021-03-05 16:45:00,2021,3,5,16,45,13,13211,A50-Sens Aubagne vers Marseille,43.28659,5.50826,Plein jour,Hors agglomération,Hors intersection,Normale,Deux véhicules - côté,1,3,3,0,1,1,1,0,2,90,,1,0,0,0,1,29.0,,,,1,1,1,1,3
202100049032,2021-02-26 18:15:00,2021,2,26,18,15,38,38087,A7   20.110 A 22.950,45.5784,4.8036,Crépuscule ou aube,Hors agglomération,Hors intersection,Normale,Trois véhicules et plus - en chaîne,1,3,3,0,1,1,1,0,1,110,,3,0,0,0,3,23.0,45.0,,,2,1,1,1,4
202100049033,2021-03-06 16:40:00,2021,3,6,16,40,91,91689,AUTOROUTE A6,48.72496,2.31284,Plein jour,Hors agglomération,Hors intersection,Normale,Deux véhicules - arrière,1,3,3,0,1,1,1,0,1,110,,4,2,0,0,2,52.0,46.0,,,1,1,1,1,2
202100049034,2021-03-06 14:15:00,2021,3,6,14,15,94,94034,AUTOROUTE A86,48.75884,2.32419,Plein jour,Hors agglomération,Hors intersection,Normale,Trois véhicules et plus - en chaîne,1,3,2,0,1,1,1,1,1,70,,4,2,0,0,2,52.0,22.0,,,1,1,1,1,4
202100049035,2021-03-06 01:55:00,2021,3,6,1,55,91,91570,RN 104,48.625347,2.311012,Nuit sans éclairage public,Hors agglomération,Hors intersection,Normale,Sans collision,2,1,2,0,1,1,1,9,1,110,,1,0,1,0,0,33.0,,,,3,1,1,1,7
202100049036,2021-03-06 17:50:00,2021,3,6,17,50,95,95060,AUTOROUTE A115,49.0390931325,2.1918720641,Crépuscule ou aube,Hors agglomération,Hors intersection,Normale,Autre collision,1,3,6,0,2,1,1,0,1,50,,1,0,0,1,0,45.0,,,,2,1,1,1,6
202100049037,2021-03-06 16:30:00,2021,3,6,16,30,92,92036,AUTOROUTE A15,48.9472253644,2.2815667997,Plein jour,Hors agglomération,Hors intersection,Normale,Deux véhicules - arrière,1,3,8,0,1,1,1,2,1,90,,2,1,0,0,1,60.0,25.0,,,1,1,1,1,2
202100049038,2021-03-06 12:30:00,2021,3,6,12,30,93,93064,AUTOROUTE A86,48.87036,2.48238,Plein jour,Hors agglomération,Hors intersection,Normale,Trois véhicules et plus - en chaîne,1,3,6,0,1,2,1,1,1,90,,4,3,0,0,1,25.0,33.0,,,1,1,1,1,4
202100049039,2021-03-06 06:45:00,2021,3,6,6,45,93,93064,AUTOROUTE A86,48.87787,2.47746,Nuit sans éclairage public,Hors agglomération,Hors intersection,Normale,Deux véhicules - côté,1,3,6,0,3,1,1,0,1,90,,2,1,0,0,1,47.0,28.0,,,3,1,1,1,3
202100049040,2021-03-05 16:30:00,2021,3,5,16,30,77,77122,RN104,48.6469354973,2.5768222928,Plein jour,Hors agglomération,Hors intersection,Normale,Deux véhicules - arrière,2,3,2,0,1,1,1,0,1,90,,3,2,0,0,1,69.0,58.0,,,1,1,1,1,2
202100049041,2021-03-05 11:00:00,2021,3,5,11,0,94,94017,A4,48.82682,2.51326,Plein jour,Hors agglomération,Hors intersection,Normale,Deux véhicules - arrière,1,1,4,0,1,1,1,1,1,90,,2,1,0,0,1,25.0,41.0,,,1,1,1,1,2
202100049042,2021-03-05 09:00:00,2021,3,5,9,0,77,77258,A4.W,48.83039,2.63015,Plein jour,Hors agglomération,Hors intersection,Normale,Autre collision,1,3,5,0,1,1,1,0,1,110,,3,2,0,0,1,53.0,27.0,,,1,1,1,1,6
202100049043,2021-01-04 20:29:00,2021,1,4,20,29,30,30189,MAS DE CHEYLON,43.80512,4.33663,Nuit sans éclairage public,Hors agglomération,Intersection en X,Temps couvert,Deux véhicules - côté,3,2,2,0,1,1,1,5,1,80,,2,1,0,0,1,25.0,,,,3,1,2,8,3
202100049044,2021-03-04 07:30:00,2021,3,4,7,30,974,97416,RN1 (ROUTE NATIONALE),-21.33188,55.45704,Plein jour,Hors agglomération,Hors intersection,Normale,Trois véhicules et plus - en chaîne,2,1,1,0,1,3,1,0,1,70,,3,1,0,2,0,43.0,27.0,,,1,1,1,1,4
202100049045,2021-03-03 07:45:00,2021,3,3,7,45,974,97411,OCEAN (BOULEVARD DE L'),-20.88147,55.45702,Plein jour,En agglomération,Intersection en X,Normale,Autre collision,4,2,2,0,1,1,1,0,1,50,,2,1,0,0,1,71.0,,,,1,2,2,1,6
202100049046,2021-03-03 06:49:00,2021,3,3,6,49,974,97411,Boulevard Jean Jaurès,-20.90114,55.49689,Crépuscule ou aube,Hors agglomération,Hors intersection,Normale,Autre collision,2,3,4,0,1,1,1,0,1,70,,2,1,0,1,0,21.0,,,,2,1,1,1,6
202100049047,2021-03-05 16:50:00,2021,3,5,16,50,69,69259,DOCTEUR GEORGES LEVY (DU) (AV),45.7195103625,4.8659565291,Plein jour,En agglomération,Hors intersection,Normale,Deux véhicules - côté,4,2,2,0,1,1,1,0,1,50,,2,1,0,0,1,55.0,32.0,,,1,2,1,1,3
202100049048,2021-03-05 15:05:00,2021,3,5,15,5,69,69387,BENJAMIN DELESSERT (R),45.72826,4.83444,Plein jour,En agglomération,Hors intersection,Normale,Autre collision,4,2,2,0,1,1,1,0,1,50,,2,1,0,0,1,57.0,,,,1,2,1,1,6
202100049049,2021-03-05 07:20:00,2021,3,5,7,20,69,69259,PIERRE COT (AV),45.7081171962,4.8989635706,Plein jour,En agglomération,Hors intersection,Normale,Deux véhicules - frontale,4,2,2,0,1,1,1,0,1,50,,3,1,0,0,2,58.0,57.0,,,1,2,1,1,1
202100049050,2021-03-05 06:40:00,2021,3,5,6,40,69,69199,JEAN MACE (R),45.70597,4.85319,Crépuscule ou aube,En agglomération,Intersection en X,Normale,Autre collision,4,2,2,0,2,1,2,0,1,50,,2,1,0,0,1,46.0,,,,2,2,2,1,6
202100049051,2021-03-05 17:10:00,2021,3,5,17,10,972,97209,CLUNY (ROUTE DE),14.6156,-61.0831,Plein jour,Hors agglomération,Hors intersection,Normale,Autre collision,3,2,2,0,1,2,1,0,1,30,,3,2,0,0,1,36.0,33.0,,,1,1,1,1,6
202100049052,2021-03-05 05:58:00,2021,3,5,5,58,972,97209,JEAN-JACQUES ROUSSEAU (RUE),14.61242,-61.07054,Crépuscule ou aube,En agglomération,Hors intersection,Normale,Autre collision,4,1,1,0,1,1,1,0,1,50,,2,1,0,0,1,71.0,,,,2,2,1,1,6
202100049053,2021-03-04 18:40:00,2021,3,4,18,40,972,97209,JUDES TURIAF (AVENUE PROF.),14.60811,-61.04981,Nuit avec éclairage allumé,En agglomération,Intersection en X,Normale,Deux véhicules - côté,4,2,2,0,1,1,1,0,1,50,,2,0,0,1,1,38.0,60.0,,,5,2,2,1,3
202100049054,2021-03-04 10:25:00,2021,3,4,10,25,972,97209,RD 41 (ROCADE),14.61679,-61.06019,Plein jour,Hors agglomération,Hors intersection,Normale,Autre collision,3,3,4,0,1,2,1,0,1,60,,2,1,0,0,1,,,,,1,1,1,1,6
202100049055,2021-03-04 00:40:00,2021,3,4,0,40,972,97209,RD 41 (ROCADE),14.60652,-61.08733,Nuit sans éclairage public,Hors agglomération,Hors intersection,Normale,Autre collision,3,3,4,0,2,3,1,0,1,60,,1,0,0,0,1,50.0,,,,3,1,1,1,6
202100049056,2021-03-05 08:00:00,2021,3,5,8,0,69,69034,WETTE FAYS (DE) (CHM),45.7880538509,4.8530269557,Plein jour,En agglomération,Intersection en T,Normale,Deux véhicules - côté,4,1,1,0,1,1,1,0,1,50,,2,1,0,0,1,28.0,45.0,,,1,2,3,1,3
202100049057,2021-03-05 16:40:00,2021,3,5,16,40,2B,2B120,11 - RT,42.6559,9.44136,Plein jour,En agglomération,Hors intersection,Normale,Deux véhicules - côté,2,1,2,0,1,1,1,0,1,70,,2,1,0,0,1,64.0,41.0,,,1,2,1,1,3
202100049058,2021-03-05 10:30:00,2021,3,5,10,30,971,97101,NEREE,16.2669,-61.5031,Plein jour,En agglomération,Hors intersection,Normale,Autre collision,4,1,1,0,1,1,1,0,1,50,,2,1,0,0,1,60.0,,,,1,2,1,1,6
202100049059,2021-03-05 10:00:00,2021,3,5,10,0,2A,2A004,CAMPI LOUIS BD,41.94328,8.75337,Plein jour,En agglomération,Hors intersection,Normale,Deux véhicules - côté,4,2,2,0,2,1,1,0,1,30,,2,1,0,0,1,34.0,16.0,,,1,2,1,1,3
202100049060,2021-03-05 15:10:00,2021,3,5,15,10,95,95582,CHE DE LA TOUR DU MAIL,48.969893,2.236344,Plein jour,En agglomération,Hors intersection,Normale,Deux véhicules - côté,4,2,2,0,1,1,1,0,1,30,,4,3,0,0,1,32.0,17.0,,,1,2,1,1,3
202100049061,2021-03-03 21:00:00,2021,3,3,21,0,95,95218,AMBASSADEUR (RUE DE L'),49.0126622729,2.0927005967,Nuit avec éclairage allumé,En agglomération,Giratoire,Normale,Deux véhicules - côté,3,-1,1,0,1,2,1,9,1,50,,2,1,0,1,0,60.0,22.0,,,5,2,6,1,3
202100049062,2021-03-05 21:52:00,2021,3,5,21,52,91,91657,PL ARBRE DE LA LIBERTE,48.69944,2.41736,Nuit avec éclairage allumé,En agglomération,Hors intersection,Normale,Autre collision,3,2,2,0,3,2,1,0,1,50,,1,0,0,0,1,23.0,,,,5,2,1,1,6
202100049063,2021-03-05 19:40:00,2021,3,5,19,40,91,91097,AV DU GAL CHARLES DE GAULLE,48.684274,2.531436,Nuit avec éclairage allumé,En agglomération,Hors intersection,Normale,Autre collision,3,2,3,3,2,1,1,0,6,50,,1,0,0,0,1,35.0,,,,5,2,1,1,6
202100049064,2021-03-05 05:35:00,2021,3,5,5,35,91,91228,RUE DE L ESSONNE,48.61814,2.43304,Nuit avec éclairage allumé,En agglomération,Intersection en T,Normale,Autre collision,4,-1,2,0,1,1,1,0,1,50,,2,1,0,0,1,40.0,,,,5,2,3,1,6
202100049065,2021-03-03 15:10:00,2021,3,3,15,10,87,87085,LECLERC (AVENUE DU GENERAL),45.84841,1.26215,Plein jour,En agglomération,Hors intersection,Normale,Deux véhicules - côté,4,4,3,0,1,1,1,0,1,50,,2,1,0,0,1,14.0,24.0,,,1,2,1,1,3
202100049066,2021-03-01 17:50:00,2021,3,1,17,50,84,84080,TREWEY BOULEVARD,44.03342,4.99594,Plein jour,Hors agglomération,Hors intersection,Normale,Deux véhicules - arrière,4,2,2,0,1,1,1,0,1,50,,2,1,0,1,0,16.0,22.0,,,1,1,1,1,2
202100049067,2021-02-27 17:24:00,2021,2,27,17,24,80,80164,EDOUARD BRANLY (RUE),49.89814,2.35457,Plein jour,En agglomération,Hors intersection,Normale,Deux véhicules - côté,4,2,2,0,1,1,1,0,1,50,,2,1,0,0,1,74.0,50.0,,,1,2,1,1,3
202100049068,2021-03-04 11:10:00,2021,3,4,11,10,78,78440,PAUL RAOULT (AVENUE),48.99496,1.91369,Plein jour,En agglomération,Intersection en T,Normale,Deux véhicules - côté,3,3,4,0,1,1,1,5,1,50,,2,1,0,0,1,,41.0,,,1,2,3,1,3
202100049069,2021-03-02 19:00:00,2021,3,2,19,0,76,76498,Avenue des Canadiens,49.4141899395,1.0741653065,Nuit avec éclairage allumé,En agglomération,Hors intersection,Normale,Deux véhicules - arrière,4,2,2,0,1,1,1,-1,6,50,,2,1,0,1,0,38.0,42.0,,,5,2,1,1,2
202100049070,2021-03-05 18:10:00,2021,3,5,18,10,72,72181,COLLET ROBERT (RUE),47.97441,0.21693,Plein jour,En agglomération,Hors intersection,Normale,Sans collision,4,1,2,0,2,2,1,0,1,50,,1,0,0,0,1,44.0,,,,1,2,1,1,7
202100049071,2021-03-05 11:10:00,2021,3,5,11,10,72,72181,MAC JEAN (AV) N° PAIRS 308 ET plus,47.97603,0.23625,Plein jour,En agglomération,Intersection en T,Normale,Deux véhicules - côté,4,2,3,2,1,1,1,0,1,50,,2,1,0,1,0,68.0,63.0,,,1,2,3,1,3
202100049072,2021-03-05 07:05:00,2021,3,5,7,5,72,72003,CROIX GEORGETTE (RTE DE LA),47.9826,0.15051,Crépuscule ou aube,En agglomération,Hors intersection,Normale,Autre collision,4,2,4,2,1,1,1,0,1,50,,1,0,0,0,1,60.0,,,,2,2,1,1,6
202100049073,2021-03-04 11:50:00,2021,3,4,11,50,72,72181,VOLTAIRE (RUE) N° IMP 115 ET >,48.01293,0.18886,Plein jour,En agglomération,Intersection en X,Normale,Deux véhicules - côté,4,2,2,0,1,1,1,0,1,50,,2,1,0,0,1,59.0,73.0,,,1,2,2,1,3
202100049074,2021-03-05 18:15:00,2021,3,5,18,15,71,71270,HERRIOT (AVENUE EDOUARD),46.29999,4.82891,Nuit avec éclairage non allumé,En agglomération,Hors intersection,Normale,Autre collision,3,1,4,0,1,1,1,0,1,50,,2,1,0,0,1,41.0,,,,4,2,1,1,6
202100049075,2021-03-05 09:00:00,2021,3,5,9,0,71,71153,MONTCENIS (ROUTE DE),46.80439,4.41343,Plein jour,En agglomération,Hors intersection,Temps couvert,Trois véhicules et plus - collisions multiples,4,2,2,0,1,1,1,0,1,50,,3,2,0,0,1,42.0,33.0,,,1,2,1,8,5
202100049076,2021-03-05 12:40:00,2021,3,5,12,40,69,69266,ANATOLE FRANCE (R),45.768387488,4.8807354344,Plein jour,En agglomération,Hors intersection,Temps couvert,Autre collision,4,1,4,2,1,1,1,0,5,50,,2,1,0,0,1,,,,,1,2,1,8,6
202100049077,2021-03-04 17:40:00,2021,3,4,17,40,67,67482,FORET NOIRE (AVENUE DE LA),48.586,7.76402,Crépuscule ou aube,En agglomération,Intersection en T,Normale,Deux véhicules - côté,4,2,5,0,1,1,1,0,1,50,,3,1,0,0,2,36.0,22.0,,,2,2,3,1,3
202100049078,2021-03-04 15:30:00,2021,3,4,15,30,65,65100,COMMANDEUR (AVENUE DU),43.2593,0.0361,Plein jour,En agglomération,Hors intersection,Normale,Sans collision,3,2,2,0,1,1,1,0,1,50,,1,0,0,0,1,20.0,,,,1,2,1,1,7
202100049079,2021-03-05 14:45:00,2021,3,5,14,45,64,64125,BAYONNE (AVENUE DE),43.4479626156,-1.5742850304,Plein jour,En agglomération,Hors intersection,Normale,Autre collision,6,-1,0,0,1,1,1,0,1,2,,2,1,0,1,0,56.0,,,,1,2,1,1,6
202100049080,2021-03-02 11:59:00,2021,3,2,11,59,63,63113,REPUBLIQUE (AVENUE DE LA),45.78698,3.105,Plein jour,En agglomération,Hors intersection,Normale,Trois véhicules et plus - en chaîne,4,3,2,0,1,1,1,0,1,50,,4,2,0,0,2,26.0,59.0,,,1,2,1,1,4
202100049081,2021-03-02 09:00:00,2021,3,2,9,0,63,63113,MAYER (BD DANIEL),45.79331,3.0958,Plein jour,En agglomération,Hors intersection,Normale,Deux véhicules - côté,7,1,2,0,1,1,1,5,1,50,,2,1,0,0,1,40.0,27.0,,,1,2,1,1,3
202100049082,2021-03-01 11:30:00,2021,3,1,11,30,62,62193,SANTOS DUMONT,50.950517,1.894272,Plein jour,En agglomération,Autre intersection,Normale,Sans collision,4,2,2,0,1,3,1,9,4,50,,1,0,0,1,0,20.0,,,,1,2,9,1,7
202100049083,2021-03-05 16:35:00,2021,3,5,16,35,59,59512,JAURES (AVENUE JEAN),50.67599,3.15959,Plein jour,En agglomération,Autre intersection,Normale,Trois véhicules et plus - collisions multiples,7,2,10,-1,1,1,1,0,1,50,,6,2,0,1,3,72.0,22.0,,,1,2,9,1,5