accident_id,datetime,annee,mois,jour,heure,minute,departement,commune_insee,adresse,latitude,longitude,luminosite,agglomeration,intersection,meteo,collision,catr,circ,nbv,vosp,prof,plan,surf,infra,situ,vma,nb_vehicules,nb_usagers,nb_indemnes,nb_tues,nb_blesses_hosp,nb_blesses_legers,age_cond_1,age_cond_2,veh_type_cond_1,veh_type_cond_2,lum_code,agg_code,int_code,atm_code,col_code
202100049084,2021-03-05 14:10:00,2021,3,5,14,10,59,59512,KELLERMANN (RUE),50.6909355977,3.2004439831,Plein jour,En agglomération,Intersection en T,Normale,Deux véhicules - côté,7,2,2,1,1,1,1,0,5,50,,2,1,0,0,1,60.0,78.0,,,1,2,3,1,3
202100049085,2021-03-05 09:06:00,2021,3,5,9,6,54,54395,BOUFFLERS (AV. DE 74 A 334 - 53 A 399),48.6925733638,6.1457688175,Plein jour,En agglomération,Hors intersection,Normale,Deux véhicules - côté,4,2,2,0,2,1,1,0,1,50,,2,1,0,0,1,22.0,53.0,,,1,2,1,1,3
202100049086,2021-03-05 12:00:00,2021,3,5,12,0,51,51454,Avenue de Champagne,49.235088,4.041933,Plein jour,En agglomération,Intersection en T,Normale,Deux véhicules - côté,1,2,4,0,1,1,1,0,1,50,,2,1,0,0,1,22.0,20.0,,,1,2,3,1,3
202100049087,2021-03-05 07:27:00,2021,3,5,7,27,51,51454,Rue Danton,49.2710499103,4.0249114484,Crépuscule ou aube,En agglomération,Intersection en X,Normale,Deux véhicules - côté,4,2,2,0,1,1,1,0,1,50,,2,1,0,0,1,46.0,37.0,,,2,2,2,1,3
202100049088,2021-03-05 07:59:00,2021,3,5,7,59,49,49353,JEAN JAURES RUE,47.4444630727,-0.5004627101,Plein jour,En agglomération,Hors intersection,Normale,Deux véhicules - côté,4,2,2,0,1,1,1,0,1,50,,3,0,0,0,3,29.0,45.0,,,1,2,1,1,3
202100049089,2021-03-04 14:50:00,2021,3,4,14,50,47,47001,STALINGRAD (AVENUE DE ),44.21243,0.63793,Plein jour,Hors agglomération,Intersection en T,Normale,Deux véhicules - côté,3,2,2,0,2,1,1,0,1,50,,2,0,0,1,1,75.0,67.0,,,1,1,3,1,3
202100049090,2021-03-03 11:25:00,2021,3,3,11,25,47,47001,CARNOT (BD DU PRESIDENT),44.20432,0.6207,Plein jour,En agglomération,Intersection en X,Normale,Autre collision,4,2,2,0,1,1,1,0,1,50,,2,1,0,1,0,32.0,,,,1,2,2,1,6
202100049091,2021-03-04 08:00:00,2021,3,4,8,0,42,42186,Rue Emile Zola,45.5330894524,4.6272284389,Crépuscule ou aube,En agglomération,Intersection en Y,Normale,Trois véhicules et plus - collisions multiples,4,2,2,0,1,1,1,0,1,50,,3,1,0,1,1,32.0,32.0,,,2,2,4,1,5
202100049092,2021-02-11 17:10:00,2021,2,11,17,10,40,40192,JUIN (V DU MARECHAL),43.90452,-0.47623,Plein jour,En agglomération,Hors intersection,Normale,Deux véhicules - arrière,3,2,1,0,1,1,1,0,1,50,,2,1,0,0,1,70.0,18.0,,,1,2,1,1,2
202100049093,2021-02-26 19:30:00,2021,2,26,19,30,40,40281,ROCADE SUD (RD 824),43.87126,-0.51839,Nuit sans éclairage public,Hors agglomération,Hors intersection,Normale,Deux véhicules - frontale,3,2,2,0,1,1,1,0,1,80,,2,1,0,0,1,44.0,51.0,,,3,1,1,1,1
202100049094,2021-03-05 14:40:00,2021,3,5,14,40,38,38544,COUPE JARRET(MONTEE),45.52073,4.87506,Plein jour,En agglomération,Hors intersection,Normale,Deux véhicules - frontale,4,2,2,0,2,3,1,0,1,50,,2,1,0,0,1,66.0,33.0,,,1,2,1,1,1
202100049095,2021-03-05 19:13:00,2021,3,5,19,13,37,37261,HUGO (RUE VICTOR),47.3886407645,0.6845882535,Nuit avec éclairage allumé,En agglomération,Intersection en X,Normale,Autre collision,4,1,0,0,1,1,1,0,1,50,,2,1,0,0,1,49.0,30.0,,,5,2,2,1,6
202100049096,2021-03-02 20:30:00,2021,3,2,20,30,37,37261,RENAULT (RUE DU GAL),47.3791744617,0.6828956455,Nuit avec éclairage allumé,En agglomération,Hors intersection,Normale,Sans collision,4,2,2,0,1,1,1,0,1,50,,1,0,0,0,1,19.0,,,,5,2,1,1,7
202100049097,2021-03-03 13:50:00,2021,3,3,13,50,37,37261,JAURES (PLACE JEAN),47.389916564,0.6882856208,Plein jour,En agglomération,Hors intersection,Pluie légère,Trois véhicules et plus - collisions multiples,4,1,2,0,1,2,2,0,1,50,,4,2,0,0,2,43.0,46.0,,,1,2,1,2,5
202100049098,2021-03-05 08:45:00,2021,3,5,8,45,35,35238,DE LATTRE DE TASSIGNY (BD MARECHAL),48.11969,-1.68499,Plein jour,En agglomération,Hors intersection,Normale,Deux véhicules - côté,4,1,1,2,1,1,1,0,1,50,,2,1,0,0,1,19.0,58.0,,,1,2,1,1,3
202100049099,2021-01-15 18:20:00,2021,1,15,18,20,34,34301,MOULINS (QUAI DES),43.4089,3.7031,Crépuscule ou aube,En agglomération,Hors intersection,Normale,Autre collision,4,2,2,0,1,1,1,0,1,50,,2,1,0,1,0,33.0,,,,2,2,1,1,6
202100049100,2021-03-03 11:35:00,2021,3,3,11,35,34,34032,WILSON PRESIDENT (AV DU),43.33553,3.22713,Plein jour,En agglomération,Hors intersection,Normale,Autre collision,4,3,4,0,1,1,1,0,1,30,,2,1,0,1,0,36.0,,,,1,2,1,1,6
202100049101,2021-03-04 19:30:00,2021,3,4,19,30,33,33162,Route du Médoc,44.876779,-0.622402,Nuit avec éclairage allumé,En agglomération,Intersection en X,Normale,Deux véhicules - côté,4,3,7,3,1,1,1,0,1,50,,2,0,0,0,2,40.0,60.0,,,5,2,2,1,3
202100049102,2021-03-05 18:25:00,2021,3,5,18,25,33,33529,Boulevard du Pyla,44.63335,-1.1636,Plein jour,En agglomération,Hors intersection,Normale,Deux véhicules - arrière,3,2,2,1,2,1,1,-1,1,50,,2,1,0,0,1,56.0,27.0,,,1,2,1,1,2
202100049103,2021-03-05 09:00:00,2021,3,5,9,0,32,32013,HAGET (RUE),43.6523,0.5999,Plein jour,En agglomération,Hors intersection,Normale,Autre collision,4,2,2,0,1,1,1,0,1,30,,3,1,0,0,2,26.0,,,,1,2,1,1,6
202100049104,2021-03-05 13:03:00,2021,3,5,13,3,31,31555,18 rue Bayard,43.60897,1.44781,Plein jour,En agglomération,Hors intersection,Normale,Autre collision,4,1,2,3,1,1,1,0,1,50,,2,1,0,1,0,,,,,1,2,1,1,6
202100049105,2021-03-05 18:40:00,2021,3,5,18,40,31,31344,BEDIAU (RUE DU),43.09748,0.74807,Plein jour,En agglomération,Intersection en T,Pluie légère,Deux véhicules - côté,4,2,1,0,1,1,2,0,1,30,,2,1,0,0,1,19.0,57.0,,,1,2,3,2,3
202100049106,2021-03-05 14:25:00,2021,3,5,14,25,31,31483,RD921,43.09282,0.72396,Plein jour,Hors agglomération,Hors intersection,Normale,Deux véhicules - arrière,3,2,2,0,1,2,1,0,1,80,,2,1,0,0,1,80.0,21.0,,,1,1,1,1,2
202100049107,2021-03-05 13:10:00,2021,3,5,13,10,31,31483,GAMBETTA (BOULEVARD),43.09772,0.71274,Plein jour,En agglomération,Intersection en T,Normale,Deux véhicules - côté,4,2,2,0,1,1,2,0,1,50,,2,1,0,0,1,77.0,41.0,,,1,2,3,1,3
202100049108,2021-03-05 07:30:00,2021,3,5,7,30,30,30189,ROBERT JEAN (PLACE),43.84007,4.36516,Plein jour,En agglomération,Place,Temps couvert,Deux véhicules - frontale,4,1,1,0,1,2,1,0,1,50,,2,1,0,0,1,75.0,46.0,,,1,2,7,8,1
202100049109,2021-03-04 08:50:00,2021,3,4,8,50,29,29232,Rue Vis,47.9931,-4.10823,Plein jour,En agglomération,Hors intersection,Normale,Autre collision,4,1,1,0,1,1,1,0,1,50,,2,1,0,0,1,43.0,,,,1,2,1,1,6
202100049110,2021-03-05 17:25:00,2021,3,5,17,25,27,27229,NATIONALE 13 (ROUTE),49.015664,1.17786,Plein jour,Hors agglomération,Hors intersection,Normale,Trois véhicules et plus - collisions multiples,2,-1,3,0,1,1,1,0,1,70,,4,0,0,1,3,24.0,41.0,,,1,1,1,1,5
202100049111,2021-03-05 16:25:00,2021,3,5,16,25,26,26058,1700 Route des Combeaux aux Chanalets,44.974681,4.883723,Plein jour,Hors agglomération,Autre intersection,Normale,Autre collision,2,3,2,0,1,1,1,0,1,80,,1,0,0,1,0,42.0,,,,1,1,9,1,6
202100049112,2021-03-05 18:15:00,2021,3,5,18,15,25,25614,BROGNARD (RUE DE),47.52136,6.84462,Plein jour,En agglomération,Intersection en X,Normale,Deux véhicules - côté,3,2,2,0,1,1,1,0,1,30,,4,3,1,0,0,43.0,19.0,,,1,2,2,1,3
202100049113,2021-03-04 17:35:00,2021,3,4,17,35,25,25056,NODIER RUE CHARLES (sup 22),47.23136,6.0265,Plein jour,En agglomération,Autre intersection,Normale,Deux véhicules - côté,4,1,1,2,1,1,1,0,5,20,,2,1,0,0,1,39.0,61.0,,,1,2,9,1,3
202100049114,2021-03-05 12:50:00,2021,3,5,12,50,17,17291,LIBERATION   RUE DE LA,46.17654,-1.11423,Plein jour,En agglomération,Autre intersection,Normale,Deux véhicules - côté,6,-1,-1,0,1,1,1,0,1,30,,2,1,0,0,1,16.0,30.0,,,1,2,9,1,3
202100049115,2021-03-04 14:15:00,2021,3,4,14,15,13,13054,D9 (BRETELLE),43.39981,5.19999,Plein jour,Hors agglomération,Hors intersection,Normale,Deux véhicules - côté,7,2,2,0,1,1,1,0,1,50,,2,0,0,1,1,51.0,38.0,,,1,1,1,1,3
202100049116,2021-03-04 18:45:00,2021,3,4,18,45,13,13077,13077 - Port-de-Bouc,43.411,4.98456,Plein jour,En agglomération,Hors intersection,Normale,Deux véhicules - frontale,4,2,2,0,2,2,1,0,1,50,,3,0,0,1,2,23.0,18.0,,,1,2,1,1,1
202100049117,2021-03-05 16:40:00,2021,3,5,16,40,13,13207,Corniche John Fitzgérald Kennedy,43.2822960037,5.3508560526,Plein jour,En agglomération,Intersection en X,Normale,Deux véhicules - côté,4,2,2,0,1,1,1,0,1,50,,2,1,0,1,0,26.0,26.0,,,1,2,2,1,3
202100049118,2021-03-05 17:00:00,2021,3,5,17,0,13,13210,SAINT LOUP (BOULEVARD DE),43.28277,5.43213,Plein jour,En agglomération,Hors intersection,Normale,Deux véhicules - arrière,4,2,2,0,1,1,1,6,1,50,,2,0,0,0,2,23.0,49.0,,,1,2,1,1,2
202100049119,2021-03-05 13:40:00,2021,3,5,13,40,13,13206,PRADO (AVENUE DU),43.284041,5.384888,Plein jour,En agglomération,Intersection en T,Normale,Deux véhicules - côté,4,1,2,0,1,1,1,0,1,50,,2,1,0,0,1,28.0,52.0,,,1,2,3,1,3
202100049120,2021-03-05 01:09:00,2021,3,5,1,9,13,13204,CHARTREUX (AVENUE DES),43.305,5.399,Nuit avec éclairage allumé,En agglomération,Autre intersection,Normale,Trois véhicules et plus - collisions multiples,4,1,1,0,1,3,1,9,4,50,,3,0,0,1,2,25.0,,,,5,2,9,1,5
202100049121,2021-03-04 18:20:00,2021,3,4,18,20,13,13211,CROTTES (RUE DES),43.286613,5.470177,Crépuscule ou aube,En agglomération,Intersection en T,Normale,Deux véhicules - côté,4,2,2,0,1,1,1,0,1,50,,2,1,0,0,1,39.0,20.0,,,2,2,3,1,3
202100049122,2021-03-04 16:30:00,2021,3,4,16,30,11,11069,BARBES BD ET PROMENADE-PAIRS-,43.21029,2.34878,Plein jour,En agglomération,Hors intersection,Normale,Deux véhicules - côté,4,1,2,0,1,1,1,0,1,50,,2,1,0,0,1,73.0,22.0,,,1,2,1,1,3
202100049123,2021-03-05 12:10:00,2021,3,5,12,10,06,06088,PENETRANTE DU PAILLON,43.74109,7.309,Plein jour,Hors agglomération,Hors intersection,Normale,Trois véhicules et plus - collisions multiples,7,1,2,0,2,1,1,0,1,90,,3,2,0,0,1,28.0,,,,1,1,1,1,5
202100049124,2021-03-05 12:55:00,2021,3,5,12,55,75,75120,PORTE DE MONTREUIL,48.860823,2.413832,Plein jour,En agglomération,Hors intersection,Normale,Deux véhicules - arrière,4,1,4,0,1,1,1,0,1,70,,3,2,0,1,0,23.0,34.0,,,1,2,1,1,2
202100049125,2021-03-05 08:40:00,2021,3,5,8,40,75,75114,PORTE D ORLEANS,48.8196106772,2.3279155622,Plein jour,En agglomération,Intersection en Y,Normale,Deux véhicules - côté,4,1,3,0,1,1,1,0,1,70,,2,0,0,0,2,20.0,31.0,,,1,2,4,1,3
202100049126,2021-03-04 16:40:00,2021,3,4,16,40,75,75117,PORTE DE SAINT OUEN,48.9005322821,2.3276048899,Plein jour,En agglomération,Hors intersection,Pluie légère,Deux véhicules - arrière,4,1,4,0,1,1,2,0,1,70,,2,1,0,0,1,56.0,52.0,,,1,2,1,2,2
202100049127,2021-03-04 16:00:00,2021,3,4,16,0,75,75106,RUE DE RENNES,48.846122,2.326056,Plein jour,En agglomération,Hors intersection,Temps couvert,Autre collision,4,-1,2,0,2,1,2,0,1,30,,2,1,0,0,1,70.0,,,,1,2,1,8,6
202100049128,2021-03-05 12:40:00,2021,3,5,12,40,75,75120,RUE DU VOLGA,48.852528,2.406706,Plein jour,En agglomération,Intersection en X,Normale,Autre collision,4,1,2,2,1,1,1,-1,5,50,,2,1,0,0,1,31.0,,,,1,2,2,1,6
202100049129,2021-03-04 14:55:00,2021,3,4,14,55,75,75120,AVENUE DE LA PORTE DES LILAS,48.877605,2.40835,Plein jour,En agglomération,Intersection à plus de 4 branches,Pluie légère,Deux véhicules - côté,4,1,2,0,1,1,2,0,1,50,,2,1,0,0,1,58.0,37.0,,,1,2,5,2,3
202100049130,2021-03-05 16:00:00,2021,3,5,16,0,75,75118,RUE DE LA CHAPELLE,48.896213,2.359302,Plein jour,En agglomération,Hors intersection,Normale,Sans collision,4,2,5,1,1,1,1,-1,5,50,,1,0,0,0,1,43.0,,,,1,2,1,1,7
202100049131,2021-03-04 20:56:00,2021,3,4,20,56,75,75117,AVENUE DE LA PORTE DES TERNES,48.881504,2.281808,Nuit avec éclairage allumé,En agglomération,Intersection en X,Normale,Deux véhicules - côté,4,1,2,0,1,1,1,0,1,50,,2,1,0,0,1,29.0,60.0,,,5,2,2,1,3
202100049132,2021-03-05 16:20:00,2021,3,5,16,20,75,75116,PLACE CHARLES DE GAULLE,48.8732234517,2.2946459055,Plein jour,En agglomération,Place,Normale,Deux véhicules - côté,4,1,4,0,1,1,1,0,1,50,,3,2,0,0,1,72.0,49.0,,,1,2,7,1,3
202100049133,2021-03-05 13:40:00,2021,3,5,13,40,75,75115,QUAI DE GRENELLE,48.850662,2.284019,Plein jour,En agglomération,Intersection en X,Normale,Deux véhicules - côté,4,1,2,0,1,1,1,0,1,50,,2,0,0,0,2,47.0,27.0,,,1,2,2,1,3
202100049134,2021-03-05 13:30:00,2021,3,5,13,30,75,75112,AVENUE DE SAINT MANDE,48.84505,2.400018,Plein jour,En agglomération,Hors intersection,Normale,Autre collision,4,2,2,0,1,1,1,0,1,50,,2,1,0,0,1,78.0,,,,1,2,1,1,6
202100049135,2021-03-05 01:20:00,2021,3,5,1,20,75,75111,BOULEVARD JULES FERRY,48.867151,2.368229,Nuit avec éclairage allumé,En agglomération,Hors intersection,Normale,Autre collision,4,1,1,0,1,1,2,0,1,50,,1,0,0,0,1,25.0,,,,5,2,1,1,6
202100049136,2021-03-05 16:45:00,2021,3,5,16,45,75,75109,RUE D AMSTERDAM,48.880437,2.327079,Plein jour,En agglomération,Intersection en T,Normale,Autre collision,4,2,2,0,2,1,1,0,1,50,,2,1,0,0,1,29.0,,,,1,2,3,1,6
202100049137,2021-03-04 16:20:00,2021,3,4,16,20,75,75108,PLACE CLEMENCEAU,48.867738,2.313997,Plein jour,En agglomération,Intersection en X,Normale,Deux véhicules - côté,4,2,5,0,1,1,1,0,1,50,,4,3,0,0,1,34.0,65.0,,,1,2,2,1,3
202100049138,2021-03-05 18:15:00,2021,3,5,18,15,75,75115,PLACE DE LA REPUBLIQUE DE PANAMA,48.846039,2.308539,Plein jour,En agglomération,Place,Normale,Deux véhicules - côté,4,3,2,0,1,1,1,0,1,50,,2,1,0,0,1,58.0,33.0,,,1,2,7,1,3
202100049139,2021-03-05 15:00:00,2021,3,5,15,0,75,75107,RUE VANEAU,48.851696,2.319032,Plein jour,En agglomération,Intersection en X,Normale,Deux véhicules - côté,4,1,1,0,1,1,1,0,1,50,,2,1,0,0,1,58.0,48.0,,,1,2,2,1,3
202100049140,2021-03-05 00:00:00,2021,3,5,0,0,75,75104,QUAI DE GESVRES,48.857183,2.34737,Nuit avec éclairage allumé,En agglomération,Place,Normale,Deux véhicules - arrière,4,1,3,0,1,1,1,0,1,50,,3,2,0,0,1,,53.0,,,5,2,7,1,2
202100049141,2021-03-03 14:20:00,2021,3,3,14,20,75,75101,RUE RAMBUTEAU,48.862169,2.349374,Plein jour,En agglomération,Intersection en X,Normale,Sans collision,4,-1,1,3,1,1,1,6,1,20,,1,0,0,0,1,25.0,,,,1,2,2,1,7
202100049142,2021-03-05 16:15:00,2021,3,5,16,15,94,94081,JULES LAGAISSE (R),48.79752,2.37995,Plein jour,En agglomération,Hors intersection,Normale,Deux véhicules - côté,4,2,2,0,1,1,1,0,6,30,,2,1,0,0,1,39.0,,,,1,2,1,1,3
202100049143,2021-03-05 16:40:00,2021,3,5,16,40,94,94044,DEUX CLOCHERS (AV DES),48.7534,2.48391,Plein jour,En agglomération,Hors intersection,Normale,Autre collision,4,2,1,0,1,1,1,0,1,50,,2,1,0,0,1,38.0,,,,1,2,1,1,6
202100049144,2021-03-05 15:45:00,2021,3,5,15,45,94,94078,Avenue de Valenton,48.736284,2.454566,Plein jour,En agglomération,Hors intersection,Temps couvert,Autre collision,4,2,2,0,1,1,1,0,1,50,,2,1,0,0,1,,,,,1,2,1,8,6
202100049145,2021-03-05 15:25:00,2021,3,5,15,25,94,94041,GABRIEL PERI (R),48.812,2.38451,Plein jour,En agglomération,Intersection en T,Normale,Deux véhicules - frontale,3,1,1,0,1,1,1,0,1,50,,2,1,0,0,1,,,,,1,2,3,1,1
202100049146,2021-03-05 08:40:00,2021,3,5,8,40,94,94004,Avenue du Général Leclerc,48.73888,2.51665,Plein jour,Hors agglomération,Hors intersection,Normale,Trois véhicules et plus - en chaîne,2,1,2,0,1,1,1,0,1,50,,3,2,0,0,1,65.0,55.0,,,1,1,1,1,4
202100049147,2021-03-05 13:15:00,2021,3,5,13,15,93,93070,ALBERT-DHALENNE (RUE),48.914970768,2.331632667,Plein jour,En agglomération,Hors intersection,Normale,Deux véhicules - arrière,3,3,4,0,1,1,1,0,1,50,,2,1,0,0,1,22.0,26.0,,,1,2,1,1,2
202100049148,2021-03-04 23:10:00,2021,3,4,23,10,93,93050,PAUL ET CAMILLE THOMOUX (RUE) COTE IMPAI,48.8648714263,2.5296715835,Nuit avec éclairage allumé,En agglomération,Hors intersection,Normale,Trois véhicules et plus - en chaîne,3,3,2,1,1,1,1,0,1,50,,5,4,0,0,1,40.0,24.0,,,5,2,1,1,4
202100049149,2021-03-05 13:45:00,2021,3,5,13,45,93,93063,NOISY ROUTE DE,48.8952518098,2.4275386333,Plein jour,En agglomération,Hors intersection,Normale,Deux véhicules - côté,3,2,2,0,1,1,1,0,1,50,,2,1,0,0,1,58.0,34.0,,,1,2,1,1,3
202100049150,2021-03-05 16:12:00,2021,3,5,16,12,93,93029,EDOUARD VAILLANT N° 1-97,48.9284925581,2.4304511629,Plein jour,En agglomération,Intersection en T,Normale,Deux véhicules - côté,4,1,1,0,1,1,1,9,8,50,,2,1,0,0,1,62.0,26.0,,,1,2,3,1,3
202100049151,2021-03-05 08:30:00,2021,3,5,8,30,93,93007,DIVISION LECLERC (AVENUE),48.9451724928,2.4620243733,Plein jour,En agglomération,Autre intersection,Normale,Autre collision,3,2,2,0,1,1,1,0,8,50,,2,1,0,0,1,27.0,,,,1,2,9,1,6
202100049152,2021-03-05 21:45:00,2021,3,5,21,45,93,93001,JEAN JAURES (AVE) 55 A 129,48.9076674434,2.3961846246,Nuit avec éclairage allumé,En agglomération,Intersection en T,Normale,Deux véhicules - côté,3,2,4,1,1,1,1,0,1,50,,2,1,0,1,0,22.0,42.0,,,5,2,3,1,3
202100049153,2021-03-03 19:30:00,2021,3,3,19,30,92,92050,NATIONAL (BOULEVARD),48.8915,2.1775,Nuit avec éclairage allumé,En agglomération,Intersection en X,Normale,Deux véhicules - côté,3,3,3,0,1,2,1,5,1,50,,2,1,0,0,1,47.0,45.0,,,5,2,2,1,3
202100049154,2021-03-02 19:05:00,2021,3,2,19,5,92,92063,FOUILLEUSE (AVENUE DE),48.8624379582,2.1954423934,Nuit avec éclairage allumé,En agglomération,Hors intersection,Normale,Deux véhicules - côté,4,3,3,3,1,1,1,6,4,50,,2,1,0,0,1,,59.0,,,5,2,1,1,3
202100049155,2021-02-23 13:04:00,2021,2,23,13,4,92,92063,SOLFERINO (BOULEVARD),48.876295043,2.1857629716,Plein jour,En agglomération,Intersection en X,Normale,Autre collision,3,3,3,0,1,1,1,5,1,50,,2,1,0,1,0,74.0,,,,1,2,2,1,6
202100049156,2021-03-05 16:10:00,2021,3,5,16,10,92,92051,"ROULE (AVENUE DU, N° 29 A 91 ET 30 A 86)",48.88273,2.27645,Plein jour,En agglomération,Hors intersection,Normale,Deux véhicules - côté,4,2,2,0,1,1,1,0,1,50,,2,1,0,0,1,56.0,44.0,,,1,2,1,1,3
202100049157,2021-03-05 17:00:00,2021,3,5,17,0,92,92050,PASCAL RUE,48.8976317061,2.2037243843,Plein jour,En agglomération,Giratoire,Normale,Autre collision,4,2,2,0,1,1,1,0,1,50,,2,1,0,1,0,34.0,,,,1,2,6,1,6
202100049158,2021-02-23 18:15:00,2021,2,23,18,15,92,92044,PARC(RUE DU) 15+ ET18+,48.8979796925,2.2836636007,Crépuscule ou aube,En agglomération,Hors intersection,Normale,Autre collision,4,2,2,0,1,1,1,0,1,50,,2,1,0,1,0,27.0,,,,2,2,1,1,6
202100049159,2021-03-04 09:50:00,2021,3,4,9,50,92,92026,VERDUN (DE 01 A 61),48.8981450933,2.2630218583,Plein jour,En agglomération,Hors intersection,Normale,Deux véhicules - côté,3,2,4,1,1,1,1,0,1,50,,2,1,0,0,1,57.0,40.0,,,1,2,1,1,3
202100049160,2021-03-05 18:10:00,2021,3,5,18,10,92,92004,EMILE ZOLA ( RUE ),48.9253895554,2.2816479206,Plein jour,En agglomération,Intersection en X,Normale,Deux véhicules - côté,4,1,1,0,1,1,1,0,1,50,,2,1,0,0,1,38.0,57.0,,,1,2,2,1,3
202100049161,2021-03-06 07:15:00,2021,3,6,7,15,35,35328,Les Besniauds,47.792521,-2.019668,Crépuscule ou aube,Hors agglomération,Hors intersection,Normale,Deux véhicules - arrière,3,2,2,0,1,1,1,0,1,80,,3,2,0,1,0,27.0,24.0,,,2,1,1,1,2
202100049162,2021-03-05 16:31:00,2021,3,5,16,31,62,62481,D928,50.283499,1.989985,Plein jour,Hors agglomération,Hors intersection,Normale,Deux véhicules - arrière,3,2,2,0,1,1,1,0,1,80,,2,1,0,1,0,53.0,52.0,,,1,1,1,1,2
202100049163,2021-03-06 10:20:00,2021,3,6,10,20,86,86140,D749,46.410434,0.703897,Plein jour,Hors agglomération,Hors intersection,Normale,Sans collision,3,2,2,0,1,1,1,0,8,80,,1,0,1,0,0,69.0,,,,1,1,1,1,7
202100049164,2021-03-05 13:45:00,2021,3,5,13,45,43,43095,RN 102,45.150995,3.6569,Plein jour,Hors agglomération,Hors intersection,Brouillard / fumée,Trois véhicules et plus - collisions multiples,2,2,2,0,1,3,2,0,1,80,,4,2,0,1,1,29.0,55.0,,,1,1,1,5,5
202100049165,2021-03-05 19:30:00,2021,3,5,19,30,71,71105,A6 PK 390.100 sens PARIS-LYON,46.298085,4.792142,Nuit sans éclairage public,Hors agglomération,Hors intersection,Normale,Autre collision,1,3,5,0,1,1,1,0,1,130,,6,2,0,2,2,37.0,26.0,,,3,1,1,1,6
202100049166,2021-03-05 14:00:00,2021,3,5,14,0,47,47233,Route de Bordeaux,44.525472,0.105035,Plein jour,Hors agglomération,Hors intersection,Normale,Deux véhicules - arrière,3,4,3,3,1,1,1,0,1,80,,2,1,0,1,0,17.0,74.0,,,1,1,1,1,2
202100049167,2021-03-06 14:00:00,2021,3,6,14,0,74,74171,RD60,46.325916,6.2925,Plein jour,Hors agglomération,Intersection en X,Normale,Deux véhicules - côté,3,2,2,0,1,1,1,0,1,80,,2,1,1,0,0,70.0,76.0,,,1,1,2,1,3
202100049168,2021-03-06 16:30:00,2021,3,6,16,30,57,57529,D59b,49.418567,6.013062,Plein jour,Hors agglomération,Hors intersection,Normale,Trois véhicules et plus - collisions multiples,3,2,2,0,2,3,1,0,1,80,,6,3,0,1,2,41.0,48.0,,,1,1,1,1,5
202100049169,2021-03-06 14:58:00,2021,3,6,14,58,51,51507,D85,49.103516,4.901978,Plein jour,Hors agglomération,Hors intersection,Normale,Sans collision,3,2,2,0,2,2,1,0,3,80,,1,0,0,0,1,20.0,,,,1,1,1,1,7
202100049170,2021-03-06 12:11:00,2021,3,6,12,11,56,56074,RN24 PK 68+15,47.893054,-2.973154,Plein jour,Hors agglomération,Hors intersection,Normale,Autre collision,2,3,4,0,1,1,1,0,1,110,,1,0,1,0,0,29.0,,,,1,1,1,1,6
202100049171,2021-03-05 17:50:00,2021,3,5,17,50,56,56070,Le Bas de la Lande,47.952155,-2.566383,Plein jour,Hors agglomération,Intersection en T,Normale,Deux véhicules - côté,3,2,2,0,1,2,1,0,1,80,,6,5,0,0,1,35.0,54.0,,,1,1,3,1,3
202100049172,2021-03-05 13:15:00,2021,3,5,13,15,79,79126,,46.17801,-0.366449,Plein jour,Hors agglomération,Intersection en X,Normale,Deux véhicules - côté,3,2,2,0,1,1,1,0,1,80,,2,1,0,1,0,44.0,61.0,,,1,1,2,1,3
202100049173,2021-03-05 22:30:00,2021,3,5,22,30,89,89267,D957,47.55281,4.072731,Nuit sans éclairage public,Hors agglomération,Hors intersection,Normale,Deux véhicules - frontale,3,2,2,0,2,3,1,0,1,80,,2,0,0,2,0,31.0,34.0,,,3,1,1,1,1
202100049174,2021-03-06 15:55:00,2021,3,6,15,55,63,63338,D533,46.183337,2.826394,Plein jour,Hors agglomération,Intersection en X,Normale,Deux véhicules - côté,3,2,2,0,1,1,1,0,1,80,,3,1,1,1,0,61.0,92.0,,,1,1,2,1,3
202100049175,2021-03-06 09:00:00,2021,3,6,9,0,34,34084,D154e1,43.397603,3.188009,Plein jour,Hors agglomération,Intersection en X,Normale,Deux véhicules - frontale,3,2,2,0,1,1,1,5,1,90,,3,0,1,0,2,20.0,70.0,,,1,1,2,1,1
202100049176,2021-03-04 12:55:00,2021,3,4,12,55,31,31412,D 41 B,43.334867,0.684628,Plein jour,Hors agglomération,Intersection en X,Normale,Deux véhicules - côté,3,2,2,0,1,1,1,0,1,80,,2,0,0,2,0,67.0,78.0,,,1,1,2,1,3
202100049177,2021-03-06 17:15:00,2021,3,6,17,15,03,03163,18 Rue des Fontaines,46.0212253116,3.495154758,Plein jour,En agglomération,Hors intersection,Normale,Autre collision,3,-1,2,0,1,1,1,0,1,-1,,2,1,0,0,1,41.0,48.0,,,1,2,1,1,6
202100049178,2021-03-03 13:30:00,2021,3,3,13,30,01,01454,D 1504,45.73027,5.70817,Plein jour,Hors agglomération,Hors intersection,Normale,Sans collision,3,2,2,0,2,1,1,0,1,80,,2,0,0,2,0,47.0,,,,1,1,1,1,7
202100049179,2021-03-06 16:30:00,2021,3,6,16,30,54,54200,D958,48.8752157441,5.8473980435,Plein jour,En agglomération,Intersection à plus de 4 branches,Normale,Deux véhicules - côté,3,2,2,0,1,1,1,0,1,50,,3,2,0,0,1,19.0,31.0,,,1,2,5,1,3