accident_id,datetime,annee,mois,jour,heure,minute,departement,commune_insee,adresse,latitude,longitude,luminosite,agglomeration,intersection,meteo,collision,catr,circ,nbv,vosp,prof,plan,surf,infra,situ,vma,nb_vehicules,nb_usagers,nb_indemnes,nb_tues,nb_blesses_hosp,nb_blesses_legers,age_cond_1,age_cond_2,veh_type_cond_1,veh_type_cond_2,lum_code,agg_code,int_code,atm_code,col_code
202100049180,2021-03-06 14:55:00,2021,3,6,14,55,53,53202,L'embranchement,48.412788,-0.927626,Plein jour,Hors agglomération,Hors intersection,Normale,Autre collision,3,2,2,0,1,1,1,0,1,90,,2,1,1,0,0,75.0,75.0,,,1,1,1,1,6
202100049181,2021-03-05 19:20:00,2021,3,5,19,20,24,24167,D18E,44.664861,0.399231,Nuit avec éclairage allumé,En agglomération,Hors intersection,Normale,Autre collision,3,2,2,0,2,3,1,0,3,50,,2,0,0,1,1,30.0,,,,5,2,1,1,6
202100049182,2021-03-05 17:30:00,2021,3,5,17,30,85,85282,La Bergeronnette,46.709868,-1.007137,Plein jour,Hors agglomération,Hors intersection,Normale,Sans collision,3,2,2,0,1,3,1,0,1,80,,3,2,0,1,0,17.0,43.0,,,1,1,1,1,7
202100049183,2021-03-05 14:10:00,2021,3,5,14,10,37,37050,44 Avenue du Grand Sud,47.3448394682,0.7019836145,Plein jour,En agglomération,Hors intersection,Normale,Deux véhicules - arrière,4,3,3,0,3,1,1,0,1,50,,2,1,0,1,0,51.0,35.0,,,1,2,1,1,2
202100049184,2021-03-05 17:55:00,2021,3,5,17,55,95,95394,Route de Pontoise,49.0602002026,2.168962727,Plein jour,En agglomération,Hors intersection,Normale,Autre collision,3,-1,2,0,1,1,1,9,1,30,,2,1,0,0,1,53.0,,,,1,2,1,1,6
202100049185,2021-03-02 15:50:00,2021,3,2,15,50,06,06152,Route du Parc,43.60808,7.054923,Plein jour,Hors agglomération,Intersection en X,Normale,Deux véhicules - côté,3,1,2,0,1,1,1,0,1,70,,2,1,0,1,0,35.0,,,,1,1,2,1,3
202100049186,2021-03-06 20:50:00,2021,3,6,20,50,06,06088,"A8 tunnel de cap de croix, PK 199+262, CHAUSSÉE SUD",43.731701,7.276071,Nuit avec éclairage allumé,Hors agglomération,Hors intersection,Normale,Sans collision,1,2,5,0,2,1,1,1,1,90,,1,0,0,0,1,38.0,,,,5,1,1,1,7
202100049187,2021-03-04 15:10:00,2021,3,4,15,10,02,02164,A4,49.12292,3.523082,Plein jour,Hors agglomération,Hors intersection,Neige / grêle,Sans collision,1,3,4,0,1,1,9,0,2,130,,2,1,0,1,0,64.0,,,,1,1,1,4,7
202100049188,2021-03-05 19:30:00,2021,3,5,19,30,988,98815,"RM9/VU19, tribu de PATHO- sens KURINE-PATHO",-21.581446,168.106549,Nuit sans éclairage public,Hors agglomération,Intersection en Y,Pluie légère,Sans collision,4,2,2,0,3,2,2,0,1,50,,5,4,0,0,1,60.0,,,,3,1,4,2,7
202100049189,2021-03-01 07:25:00,2021,3,1,7,25,972,97228,Pain de Sucre,14.788674,-61.033216,Plein jour,Hors agglomération,Hors intersection,Normale,Autre collision,3,2,2,0,1,1,1,0,1,50,,2,1,0,1,0,51.0,,,,1,1,1,1,6
202100049190,2021-03-06 15:30:00,2021,3,6,15,30,2A,2A247,Route de l'Ospedale,41.6431378886,9.205628734,Plein jour,Hors agglomération,Hors intersection,Normale,Sans collision,3,2,2,0,2,2,1,0,8,80,,1,0,0,0,1,26.0,,,,1,1,1,1,7
202100049191,2021-03-06 17:50:00,2021,3,6,17,50,2A,2A247,rue henri frenay,41.6056039101,9.2796060626,Plein jour,En agglomération,Intersection en T,Normale,Deux véhicules - frontale,3,2,2,0,1,1,1,0,1,50,,4,3,0,0,1,20.0,19.0,,,1,2,3,1,1
202100049192,2021-03-06 08:50:00,2021,3,6,8,50,83,83081,Avenue Jean Camille Pauc,43.617895,6.764402,Plein jour,En agglomération,Hors intersection,Normale,Autre collision,3,2,2,0,1,2,1,0,1,30,,2,1,0,1,0,27.0,,,,1,2,1,1,6
202100049193,2021-03-06 16:50:00,2021,3,6,16,50,68,68154,13 e Rue de Mulhouse,47.77782,7.347268,Plein jour,En agglomération,Intersection en X,Temps éblouissant,Trois véhicules et plus - collisions multiples,3,2,2,2,1,1,1,0,1,50,,4,2,0,1,1,45.0,21.0,,,1,2,2,7,5
202100049194,2021-03-06 09:15:00,2021,3,6,9,15,68,68298,79 Rue Wilson,48.247712,7.186963,Plein jour,En agglomération,Hors intersection,Normale,Autre collision,4,1,1,0,1,1,1,0,4,30,,2,1,0,1,0,56.0,,,,1,2,1,1,6
202100049195,2021-03-06 11:40:00,2021,3,6,11,40,03,03298,98 Avenue de Chazeuil,46.3171893382,3.3958643675,Plein jour,En agglomération,Hors intersection,Normale,Autre collision,6,-1,-1,0,1,1,1,0,8,50,,2,0,0,1,0,,,,,1,2,1,1,6
202100049196,2021-03-05 12:45:00,2021,3,5,12,45,38,38223,Allée des Acacias,45.575071,5.276908,Plein jour,Hors agglomération,Hors intersection,Normale,Trois véhicules et plus - collisions multiples,3,2,2,0,1,1,1,0,1,50,,1,0,0,1,0,20.0,,,,1,1,1,1,5
202100049197,2021-03-05 21:05:00,2021,3,5,21,5,26,26235,Route de Bourg-saint-andéol,44.370473,4.669468,Nuit sans éclairage public,Hors agglomération,Hors intersection,Vent fort / tempête,Autre collision,3,2,2,0,1,1,1,0,1,80,,2,1,0,1,0,51.0,,,,3,1,1,6,6
202100049198,2021-02-28 17:00:00,2021,2,28,17,0,07,07042,avenue marechal leclerc,44.384595,4.641802,Plein jour,En agglomération,Intersection en Y,Normale,Deux véhicules - frontale,3,2,2,0,1,3,1,0,1,-1,,2,1,0,0,1,16.0,,,,1,2,4,1,1
202100049199,2021-03-01 17:30:00,2021,3,1,17,30,01,01301,D26b,46.245275,5.107452,Crépuscule ou aube,Hors agglomération,Hors intersection,Temps éblouissant,Deux véhicules - frontale,3,2,2,0,4,1,1,0,1,80,,2,1,0,1,0,52.0,77.0,,,2,1,1,7,1
202100049200,2021-02-20 11:00:00,2021,2,20,11,0,31,31417,D24,43.641673,1.222047,Plein jour,Hors agglomération,Intersection en X,Normale,Deux véhicules - côté,7,2,2,0,2,1,1,0,3,80,,2,1,0,1,0,78.0,34.0,,,1,1,2,1,3
202100049201,2021-03-05 18:30:00,2021,3,5,18,30,13,13071,A7-Sens Marseille vers Lyon,43.416209,5.276758,Nuit sans éclairage public,Hors agglomération,Hors intersection,Normale,Deux véhicules - côté,1,1,2,0,1,1,1,0,1,110,,2,1,0,0,1,58.0,39.0,,,3,1,1,1,3
202100049202,2021-03-04 08:35:00,2021,3,4,8,35,33,33162,ROCADE A 630,44.879817,-0.627157,Plein jour,Hors agglomération,Hors intersection,Normale,Deux véhicules - arrière,1,3,4,0,1,1,1,0,1,70,,2,1,0,0,1,88.0,28.0,,,1,1,1,1,2
202100049203,2021-03-04 09:50:00,2021,3,4,9,50,59,59356,ROUTE DEPARTEMENTALE 652,50.653278,3.002643,Plein jour,Hors agglomération,Hors intersection,Normale,Autre collision,7,3,4,0,1,2,2,0,1,90,,1,0,0,0,1,25.0,,,,1,1,1,1,6
202100049204,2021-03-03 17:25:00,2021,3,3,17,25,59,59599,ROUTE DEPARTEMENTALE 656,50.693564,3.145626,Plein jour,Hors agglomération,Hors intersection,Normale,Trois véhicules et plus - en chaîne,7,2,4,0,1,1,1,0,1,90,,5,4,0,0,1,27.0,31.0,,,1,1,1,1,4
202100049205,2021-03-05 10:50:00,2021,3,5,10,50,78,78206,A13,48.954623,1.938722,Plein jour,Hors agglomération,Hors intersection,Normale,Deux véhicules - arrière,1,1,3,0,1,1,1,9,1,130,,2,1,0,0,1,41.0,37.0,,,1,1,1,1,2
202100049206,2021-03-05 08:05:00,2021,3,5,8,5,92,92051,N13,48.8863277201,2.255840441,Plein jour,Hors agglomération,Hors intersection,Normale,Deux véhicules - côté,2,3,8,0,1,1,1,0,1,70,,3,2,0,0,1,42.0,41.0,,,1,1,1,1,3
202100049207,2021-03-05 15:20:00,2021,3,5,15,20,95,95572, A15,49.0351878619,2.099002833,Plein jour,Hors agglomération,Hors intersection,Normale,Trois véhicules et plus - collisions multiples,1,3,9,0,1,1,1,0,1,110,,3,2,0,0,1,24.0,59.0,,,1,1,1,1,5
202100049208,2021-03-05 12:50:00,2021,3,5,12,50,93,93005,AUTOROUTE A1,48.96502,2.47478,Plein jour,Hors agglomération,Hors intersection,Normale,Deux véhicules - arrière,1,3,10,0,1,1,1,0,1,110,,2,1,0,0,1,36.0,24.0,,,1,1,1,1,2
202100049209,2021-03-05 11:10:00,2021,3,5,11,10,93,93010,AUTOROUTE A3,48.89024,2.47357,Plein jour,Hors agglomération,Hors intersection,Normale,Trois véhicules et plus - collisions multiples,1,3,10,0,1,3,1,0,1,90,,3,2,0,0,1,62.0,50.0,,,1,1,1,1,5
202100049210,2021-03-04 22:15:00,2021,3,4,22,15,93,93078,AUTOROUTE A104,48.96139,2.52383,Nuit sans éclairage public,Hors agglomération,Hors intersection,Normale,Autre collision,1,3,6,0,1,1,1,0,1,90,,1,0,0,0,1,21.0,,,,3,1,1,1,6
202100049211,2021-03-05 09:37:00,2021,3,5,9,37,988,98818,RUE DE METZ/BD EXTERIEUR,-22.2773,166.4489,Plein jour,En agglomération,Intersection en X,Normale,Deux véhicules - côté,4,2,2,0,3,1,1,0,1,50,,2,1,0,0,1,52.0,51.0,,,1,2,2,1,3
202100049212,2021-03-04 17:30:00,2021,3,4,17,30,976,97611,doujani-Carrière ( route de la ),-12.79533,45.21492,Plein jour,En agglomération,Hors intersection,Normale,Deux véhicules - côté,4,2,0,0,1,1,1,0,1,50,,3,1,0,0,2,26.0,30.0,,,1,2,1,1,3
202100049213,2021-03-03 21:50:00,2021,3,3,21,50,974,97411,Boulevard du Chaudron,-20.896965,55.496256,Nuit sans éclairage public,En agglomération,Hors intersection,Normale,Deux véhicules - côté,2,2,2,0,2,3,1,0,1,50,,2,1,0,1,0,32.0,50.0,,,3,2,1,1,3
202100049214,2021-03-04 17:27:00,2021,3,4,17,27,974,97407,ROUTE NATIONALE N° 1,-20.95311,55.31561,Plein jour,Hors agglomération,Hors intersection,Normale,Deux véhicules - arrière,2,1,2,0,1,1,1,0,1,90,,2,1,0,1,0,26.0,30.0,,,1,1,1,1,2
202100049215,2021-03-04 20:10:00,2021,3,4,20,10,973,97302,MADELEINE (ROUTE DE LA),4.9186120278,-52.3217010556,Nuit avec éclairage allumé,En agglomération,Autre intersection,Pluie légère,Deux véhicules - côté,3,1,1,0,1,3,2,0,1,50,,2,1,0,0,1,38.0,41.0,,,5,2,9,2,3
202100049216,2021-03-04 13:00:00,2021,3,4,13,0,973,97302,SAINT ANTOINE (CHEMIN),4.93135,-52.29767,Plein jour,En agglomération,Hors intersection,Normale,Deux véhicules - côté,4,2,2,0,1,1,1,0,1,50,,3,1,0,0,2,20.0,45.0,,,1,2,1,1,3
202100049217,2021-03-04 08:20:00,2021,3,4,8,20,973,97302,SAINT ANTOINE (CHEMIN),4.93216,-52.29721,Plein jour,En agglomération,Intersection en X,Normale,Autre collision,4,2,2,0,1,1,1,0,1,50,,3,1,0,0,2,,23.0,,,1,2,2,1,6
202100049218,2021-03-04 15:50:00,2021,3,4,15,50,69,69259,DOCTEUR COBLOD (DU) (BD) ,45.70238,4.88939,Plein jour,En agglomération,Hors intersection,Normale,Deux véhicules - côté,4,2,2,0,1,1,1,0,1,50,,2,1,0,0,1,52.0,49.0,,,1,2,1,1,3
202100049219,2021-03-04 12:30:00,2021,3,4,12,30,69,69199,CLOCHETTES (DES) (R),45.6973,4.856,Plein jour,En agglomération,Hors intersection,Normale,Autre collision,4,1,1,3,1,1,1,9,1,30,,2,1,0,0,1,31.0,,,,1,2,1,1,6
202100049220,2021-03-04 09:45:00,2021,3,4,9,45,69,69387,UNIVERSITE (DE L') (PT),45.75198,4.83683,Plein jour,En agglomération,Intersection en X,Normale,Deux véhicules - côté,4,1,4,0,1,1,1,0,1,50,,2,1,0,0,1,59.0,28.0,,,1,2,2,1,3
202100049221,2021-03-03 11:45:00,2021,3,3,11,45,69,69388,JEAN MERMOZ                         (AV),45.73541,4.87246,Plein jour,En agglomération,Hors intersection,Normale,Deux véhicules - arrière,4,3,4,3,1,1,1,0,1,50,,3,1,0,0,2,31.0,50.0,,,1,2,1,1,2
202100049222,2021-02-12 20:45:00,2021,2,12,20,45,971,97101,PALAIS ROYAL,16.28039,-61.49708,Nuit avec éclairage allumé,En agglomération,Intersection en T,Normale,Deux véhicules - côté,3,2,0,0,1,1,1,0,1,50,,2,1,0,1,0,40.0,39.0,,,5,2,3,1,3
202100049223,2021-02-28 02:00:00,2021,2,28,2,0,971,97101,PERRIN (SECTEUR),16.2946,-61.51138,Nuit avec éclairage allumé,Hors agglomération,Hors intersection,Normale,Autre collision,3,2,2,0,1,1,1,0,3,80,,3,1,0,2,0,19.0,,,,5,1,1,1,6
202100049224,2021-03-04 16:50:00,2021,3,4,16,50,95,95277,SOUVENIR FRANCAIS (PLACE DU),48.993096963,2.4545659514,Plein jour,En agglomération,Giratoire,Normale,Deux véhicules - côté,3,1,2,3,1,1,1,5,1,50,,2,1,0,1,0,43.0,51.0,,,1,2,6,1,3
202100049225,2021-02-26 23:30:00,2021,2,26,23,30,95,95018,PONTOISE (ROUTE DE),48.9440994561,2.2064690459,Nuit avec éclairage allumé,En agglomération,Hors intersection,Normale,Deux véhicules - frontale,3,2,2,0,1,1,1,9,1,50,,2,1,0,0,1,26.0,21.0,,,5,2,1,1,1
202100049226,2021-03-03 12:39:00,2021,3,3,12,39,91,91425,RTE D ORLEANS RN 20,48.64483,2.26998,Plein jour,En agglomération,Hors intersection,Normale,Autre collision,3,3,6,0,1,1,1,0,1,70,,2,1,0,1,0,44.0,,,,1,2,1,1,6
202100049227,2021-03-04 08:20:00,2021,3,4,8,20,91,91691,GENERAL LECLER(RUE),48.714111,2.472644,Plein jour,En agglomération,Hors intersection,Normale,Deux véhicules - côté,3,2,2,0,1,1,1,0,1,50,,2,1,0,0,1,34.0,41.0,,,1,2,1,1,3
202100049228,2021-02-04 15:15:00,2021,2,4,15,15,89,89024,PERRIGNY (RUE DE),47.81419,3.55919,Plein jour,En agglomération,Hors intersection,Normale,Autre collision,4,2,2,0,1,1,1,0,1,50,,2,1,0,1,0,65.0,,,,1,2,1,1,6
202100049229,2021-03-03 03:16:00,2021,3,3,3,16,87,87085,GRAND-TREUIL (RUE DU),45.8475,1.27173,Nuit avec éclairage allumé,En agglomération,Hors intersection,Normale,Autre collision,4,2,2,0,1,1,1,0,1,50,,2,0,0,1,1,25.0,,,,5,2,1,1,6
202100049230,2021-03-03 16:45:00,2021,3,3,16,45,77,77131,GENERAL LECLERC (RUE DU),48.811622,3.078688,Plein jour,En agglomération,Hors intersection,Temps éblouissant,Autre collision,3,2,2,0,1,1,1,0,1,50,,5,3,0,1,1,28.0,18.0,,,1,2,1,7,6
202100049231,2021-03-04 17:55:00,2021,3,4,17,55,74,74218,MOULIN (RUE DU),46.39146,6.53191,Plein jour,En agglomération,Intersection en T,Normale,Deux véhicules - côté,3,2,2,0,3,1,1,0,1,50,,2,0,0,1,1,49.0,49.0,,,1,2,3,1,3
202100049232,2021-03-03 12:25:00,2021,3,3,12,25,74,74010,ALERY (AVENUE D'),45.899,6.1184,Plein jour,En agglomération,Hors intersection,Normale,Autre collision,4,2,2,3,1,1,1,0,1,30,,2,1,0,0,1,,,,,1,2,1,1,6
202100049233,2021-03-04 11:10:00,2021,3,4,11,10,73,73065,D991 LEMENC (BOULEVARD),45.57016,5.92435,Plein jour,En agglomération,Intersection en T,Normale,Deux véhicules - frontale,3,2,2,2,2,2,1,0,1,50,,3,2,0,0,1,60.0,35.0,,,1,2,3,1,1
202100049234,2021-03-02 15:15:00,2021,3,2,15,15,71,71270,COURS MOREAU,46.30931,4.83363,Plein jour,En agglomération,Hors intersection,Normale,Deux véhicules - côté,3,2,2,0,2,1,1,0,1,30,,2,1,0,0,1,60.0,32.0,,,1,2,1,1,3
202100049235,2021-03-04 14:45:00,2021,3,4,14,45,69,69266,VOIE VERTE DES BERGES DU RHONE,45.7861,4.8617,Plein jour,En agglomération,Hors intersection,Normale,Autre collision,9,2,0,0,1,1,1,-1,5,10,,2,1,0,0,1,51.0,,,,1,2,1,1,6
202100049236,2021-02-27 12:54:00,2021,2,27,12,54,68,68376,RD 430,47.79796,7.3089,Plein jour,Hors agglomération,Hors intersection,Normale,Deux véhicules - arrière,3,3,4,0,1,1,1,0,1,110,,2,1,0,0,1,38.0,20.0,,,1,1,1,1,2
202100049237,2021-03-03 20:35:00,2021,3,3,20,35,67,67482,GOLBERY (PLACE),48.58734,7.76641,Nuit avec éclairage allumé,En agglomération,Intersection en T,Normale,Deux véhicules - côté,4,2,2,0,1,1,9,0,1,30,,3,1,0,0,2,49.0,44.0,,,5,2,3,1,3
202100049238,2021-03-02 08:40:00,2021,3,2,8,40,67,67043,EMILE MATHIS (RUE),48.619365,7.729182,Plein jour,En agglomération,Hors intersection,Normale,Autre collision,4,2,2,0,1,3,1,0,1,50,,2,1,0,0,1,30.0,,,,1,2,1,1,6
202100049239,2021-03-02 14:00:00,2021,3,2,14,0,67,67482,ERASME (PLACE),48.59009,7.70636,Plein jour,En agglomération,Hors intersection,Normale,Autre collision,4,2,2,0,1,1,1,9,1,30,,3,0,0,0,3,24.0,,,,1,2,1,1,6
202100049240,2021-03-03 11:45:00,2021,3,3,11,45,66,66136,MICHELET (BOULEVARD EDMOND),42.70062,2.88127,Plein jour,Hors agglomération,Hors intersection,Normale,Deux véhicules - côté,3,3,4,0,1,1,1,0,1,70,,2,1,0,0,1,41.0,59.0,,,1,1,1,1,3
202100049241,2021-03-04 09:51:00,2021,3,4,9,51,65,65440,D935B Boulevard du Martinet,43.236815,0.08346,Plein jour,En agglomération,Intersection en T,Normale,Deux véhicules - côté,3,2,3,0,1,1,1,5,1,50,,3,1,0,0,2,34.0,29.0,,,1,2,3,1,3
202100049242,2021-03-03 13:38:00,2021,3,3,13,38,64,64102,FOIX (AVENUE LOUIS DE),43.50745,-1.46734,Plein jour,En agglomération,Hors intersection,Normale,Deux véhicules - arrière,3,2,2,0,2,1,1,0,1,30,,2,1,0,0,1,34.0,17.0,,,1,2,1,1,2
202100049243,2021-02-28 17:30:00,2021,2,28,17,30,62,62771,VAILLANT (R EDOUARD),50.41975,2.867411,Crépuscule ou aube,En agglomération,Hors intersection,Pluie légère,Deux véhicules - côté,4,-1,2,0,1,1,2,0,1,50,,2,1,0,1,0,56.0,32.0,,,2,2,1,2,3
202100049244,2021-03-03 17:45:00,2021,3,3,17,45,59,59360,KUHLMANN AVENUE,50.6204193937,3.0164651365,Plein jour,En agglomération,Hors intersection,Normale,Deux véhicules - frontale,7,2,2,0,2,2,1,2,1,50,,2,1,0,1,0,24.0,28.0,,,1,2,1,1,1
202100049245,2021-02-27 16:00:00,2021,2,27,16,0,59,59350,RIHOUR PLACE,50.63521,3.06201,Plein jour,En agglomération,Place,Normale,Deux véhicules - côté,4,1,1,1,1,1,1,0,8,30,,2,1,0,0,1,19.0,27.0,,,1,2,7,1,3
202100049246,2021-03-02 17:00:00,2021,3,2,17,0,59,59155,FURNES - ROUTE,51.033,2.3988,Plein jour,En agglomération,Hors intersection,Normale,Deux véhicules - arrière,3,2,5,2,1,1,1,0,5,50,,2,1,0,1,0,19.0,54.0,,,1,2,1,1,2
202100049247,2021-03-03 14:35:00,2021,3,3,14,35,56,56162,FORT BLOQUE (ROUTE DU),47.7383745548,-3.4443855286,Plein jour,En agglomération,Intersection en T,Normale,Autre collision,3,2,2,0,2,4,1,0,1,50,,2,0,0,0,2,72.0,,,,1,2,3,1,6
202100049248,2021-03-03 16:45:00,2021,3,3,16,45,54,54300,GALTIER (RUE LUCIEN),48.664774,6.217396,Plein jour,En agglomération,Hors intersection,Normale,Autre collision,7,2,2,0,1,1,1,0,1,50,,2,0,0,0,2,46.0,50.0,,,1,2,1,1,6
202100049249,2021-03-01 08:20:00,2021,3,1,8,20,51,51230,Avenue Général Margueritte,49.0290777704,3.9551516936,Plein jour,En agglomération,Hors intersection,Normale,Sans collision,4,2,2,0,1,1,1,9,1,50,,2,1,0,0,1,40.0,,,,1,2,1,1,7
202100049250,2021-03-03 16:50:00,2021,3,3,16,50,49,49353,MAGNOLIAS ALLE,47.439568,-0.493073,Plein jour,En agglomération,Hors intersection,Normale,Autre collision,4,2,2,0,1,1,1,0,3,50,,3,2,0,0,1,20.0,,,,1,2,1,1,6
202100049251,2021-03-03 15:10:00,2021,3,3,15,10,49,49007,GAULLE BOULEVARD CHARLES DE,47.4696519648,-0.5610403419,Plein jour,En agglomération,Hors intersection,Normale,Sans collision,4,2,4,2,1,1,1,0,1,50,,1,0,0,0,1,69.0,,,,1,2,1,1,7
202100049252,2021-03-03 09:50:00,2021,3,3,9,50,49,49007,VOLNEY,47.46366,-0.54595,Plein jour,En agglomération,Hors intersection,Normale,Autre collision,4,2,2,0,1,1,2,0,1,50,,1,0,0,0,1,55.0,,,,1,2,1,1,6
202100049253,2021-02-19 18:55:00,2021,2,19,18,55,44,44114,M 75,47.2734581172,-1.6114153862,Nuit sans éclairage public,Hors agglomération,Hors intersection,Normale,Autre collision,7,2,0,0,1,4,1,0,1,70,,2,1,0,1,0,40.0,,,,3,1,1,1,6
202100049254,2021-03-03 15:10:00,2021,3,3,15,10,37,37261,GIRAUDEAU (RUE),47.382594086,0.6770672227,Plein jour,En agglomération,Intersection en X,Normale,Deux véhicules - frontale,4,2,2,0,1,1,1,0,1,50,,4,1,0,0,3,28.0,33.0,,,1,2,2,1,1
202100049255,2021-03-04 13:00:00,2021,3,4,13,0,35,35238,VOLCLAIR (BD LOUIS),48.08843,-1.66774,Plein jour,En agglomération,Hors intersection,Temps couvert,Deux véhicules - côté,4,2,2,1,1,1,1,0,1,50,,2,1,0,0,1,26.0,20.0,,,1,2,1,8,3
202100049256,2021-03-04 16:50:00,2021,3,4,16,50,33,33281,Avenue de l’Yser,44.84181,-0.64805,Plein jour,En agglomération,Hors intersection,Temps éblouissant,Deux véhicules - arrière,4,-1,2,0,1,1,1,0,1,50,,2,1,0,0,1,51.0,27.0,,,1,2,1,7,2
202100049257,2021-03-01 21:10:00,2021,3,1,21,10,33,33063,Boulevard Pierre 1er,44.858939,-0.589611,Nuit avec éclairage allumé,Hors agglomération,Intersection en Y,Normale,Deux véhicules - frontale,4,3,4,0,2,1,1,5,1,50,,2,1,0,1,0,32.0,34.0,,,5,1,4,1,1
202100049258,2021-03-04 08:20:00,2021,3,4,8,20,33,33063,Avenue de la Gare,44.84425,-0.62904,Plein jour,En agglomération,Intersection en Y,Normale,Deux véhicules - côté,4,-1,2,0,1,3,1,0,1,50,,2,1,0,0,1,60.0,26.0,,,1,2,4,1,3
202100049259,2021-03-03 12:30:00,2021,3,3,12,30,33,33249,Rue Elie Faure,44.86824,-0.52013,Plein jour,En agglomération,Hors intersection,Normale,Autre collision,4,2,2,0,1,1,1,9,1,30,,2,1,0,0,1,21.0,,,,1,2,1,1,6
202100049260,2021-03-02 17:35:00,2021,3,2,17,35,33,33249,Rue Pierre Mendes-France,44.87986,-0.51362,Plein jour,En agglomération,Intersection en T,Normale,Deux véhicules - côté,4,2,2,1,1,1,1,9,5,50,,2,1,0,0,1,16.0,36.0,,,1,2,3,1,3
202100049261,2021-02-22 15:48:00,2021,2,22,15,48,30,30007,JUIN (AVE DU MARECHAL),44.12824,4.10664,Plein jour,En agglomération,Hors intersection,Pluie légère,Deux véhicules - arrière,3,2,2,0,2,1,2,0,1,70,,2,1,0,0,1,66.0,35.0,,,1,2,1,2,2
202100049262,2021-03-04 12:25:00,2021,3,4,12,25,25,25056,ILE DE FRANCE AVENUE DE L',47.221184,5.966917,Plein jour,En agglomération,Hors intersection,Normale,Autre collision,4,3,2,2,1,1,1,0,5,30,,1,0,0,0,1,22.0,,,,1,2,1,1,6
202100049263,2021-03-04 15:40:00,2021,3,4,15,40,17,17306,BOUCHET LOUIS (AVENUE),45.62745,-0.99696,Plein jour,En agglomération,Hors intersection,Normale,Deux véhicules - arrière,2,2,2,0,1,1,1,0,1,50,,4,2,0,0,2,46.0,41.0,,,1,2,1,1,2
202100049264,2021-03-04 17:15:00,2021,3,4,17,15,17,17300,MARILLAC   AVENUE,46.140873,-1.162125,Plein jour,En agglomération,Hors intersection,Normale,Autre collision,4,3,2,0,1,1,1,6,1,50,,2,1,0,0,1,18.0,,,,1,2,1,1,6
202100049265,2021-03-03 12:15:00,2021,3,3,12,15,13,13001,MOURET HENRI (AV),43.518580905,5.4338918968,Plein jour,En agglomération,Intersection en X,Normale,Deux véhicules - arrière,4,1,4,3,1,1,1,5,1,50,,2,0,0,0,2,22.0,24.0,,,1,2,2,1,2
202100049266,2021-02-22 16:35:00,2021,2,22,16,35,13,13001,REPUBLIQUE (BD DE LA),43.52844,5.44259,Plein jour,En agglomération,Hors intersection,Normale,Autre collision,4,-1,4,0,1,1,1,5,1,50,,2,1,0,0,1,,,,,1,2,1,1,6
202100049267,2021-03-03 13:15:00,2021,3,3,13,15,05,05061,FRANCOIS MITTERAND (AVENUE),44.54375,6.06101,Plein jour,En agglomération,Hors intersection,Normale,Deux véhicules - côté,2,2,2,0,1,1,1,0,1,50,,2,0,0,0,2,26.0,55.0,,,1,2,1,1,3
202100049268,2021-03-04 16:30:00,2021,3,4,16,30,04,04112,Bs St Joseph / Rue Ampère,43.82506,5.7984,Plein jour,En agglomération,Intersection en T,Normale,Deux véhicules - côté,4,2,2,0,1,1,1,5,1,50,,2,0,0,0,2,24.0,77.0,,,1,2,3,1,3
202100049269,2021-03-03 08:05:00,2021,3,3,8,5,75,75118,PORTE DE CLIGNANCOURT,48.901076,2.345273,Plein jour,En agglomération,Hors intersection,Normale,Deux véhicules - arrière,4,1,4,0,1,1,1,0,1,70,,2,1,0,0,1,58.0,64.0,,,1,2,1,1,2
202100049270,2021-03-02 09:15:00,2021,3,2,9,15,75,75112,ECHANGEUR BERCY,48.8267142194,2.3912604118,Plein jour,En agglomération,Intersection en Y,Normale,Deux véhicules - côté,4,1,2,0,2,1,1,0,1,50,,2,1,0,1,0,40.0,35.0,,,1,2,4,1,3
202100049271,2021-03-04 21:00:00,2021,3,4,21,0,75,75119,RUE DE BELLEVILLE,48.872422,2.378101,Nuit sans éclairage public,En agglomération,Intersection en T,Normale,Deux véhicules - arrière,4,3,0,3,2,1,1,0,1,50,,2,1,0,0,1,48.0,31.0,,,3,2,3,1,2
202100049272,2021-03-04 08:45:00,2021,3,4,8,45,75,75120,RUE DES ORTEAUX,48.85575,2.408247,Plein jour,En agglomération,Intersection en X,Normale,Deux véhicules - arrière,4,2,2,0,2,1,1,0,1,30,,2,1,0,0,1,41.0,72.0,,,1,2,2,1,2
202100049273,2021-03-03 09:33:00,2021,3,3,9,33,75,75120,RUE BELGRAND,48.864559,2.407341,Plein jour,En agglomération,Intersection en X,Normale,Deux véhicules - côté,4,2,2,1,4,1,1,-1,5,50,,2,1,0,0,1,48.0,48.0,,,1,2,2,1,3
202100049274,2021-03-04 15:25:00,2021,3,4,15,25,75,75119,QUAI DE LA SEINE,48.884379,2.369193,Plein jour,En agglomération,Intersection en X,Pluie légère,Sans collision,4,1,1,1,1,1,2,-1,5,50,,1,0,0,0,1,26.0,,,,1,2,2,2,7
202100049275,2021-03-04 13:30:00,2021,3,4,13,30,75,75119,AVENUE JEAN JAURES,48.887127,2.386772,Plein jour,En agglomération,Intersection en T,Normale,Deux véhicules - côté,4,2,2,0,1,1,1,0,1,50,,2,1,0,0,1,32.0,35.0,,,1,2,3,1,3
202100049276,2021-03-04 18:50:00,2021,3,4,18,50,75,75118,RUE ORDENER,48.893448,2.337662,Nuit avec éclairage allumé,En agglomération,Hors intersection,Normale,Deux véhicules - arrière,4,2,2,1,1,1,1,-1,5,50,,2,1,0,1,0,,31.0,,,5,2,1,1,2