accident_id,datetime,annee,mois,jour,heure,minute,departement,commune_insee,adresse,latitude,longitude,luminosite,agglomeration,intersection,meteo,collision,catr,circ,nbv,vosp,prof,plan,surf,infra,situ,vma,nb_vehicules,nb_usagers,nb_indemnes,nb_tues,nb_blesses_hosp,nb_blesses_legers,age_cond_1,age_cond_2,veh_type_cond_1,veh_type_cond_2,lum_code,agg_code,int_code,atm_code,col_code
202100049277,2021-03-04 00:40:00,2021,3,4,0,40,75,75118,RUE DE LA CHAPELLE,48.897128,2.359531,Nuit avec éclairage allumé,En agglomération,Intersection en X,Pluie légère,Autre collision,4,2,6,3,1,1,2,0,1,30,,1,0,0,0,1,38.0,,,,5,2,2,2,6
202100049278,2021-03-04 15:30:00,2021,3,4,15,30,75,75116,AVENUE FOCH,48.8720661479,2.2837346792,Plein jour,En agglomération,Hors intersection,Pluie légère,Deux véhicules - arrière,4,1,1,0,1,1,2,0,1,50,,2,1,0,0,1,49.0,59.0,,,1,2,1,2,2
202100049279,2021-03-04 17:15:00,2021,3,4,17,15,75,75113,RUE DU CHATEAU DES RENTIERS,48.8283,2.367253,Plein jour,En agglomération,Intersection en X,Normale,Deux véhicules - côté,4,1,1,2,2,1,1,-1,5,30,,2,1,0,0,1,28.0,51.0,,,1,2,2,1,3
202100049280,2021-03-04 12:15:00,2021,3,4,12,15,75,75113,AVENUE PIERRE MENDES FRANCE,48.840105,2.36879,Plein jour,En agglomération,Hors intersection,Normale,Autre collision,4,1,2,3,1,1,1,0,1,50,,2,1,0,0,1,42.0,,,,1,2,1,1,6
202100049281,2021-03-04 18:30:00,2021,3,4,18,30,75,75111,BOULEVARD VOLTAIRE,48.856674,2.382014,Crépuscule ou aube,En agglomération,Intersection en T,Normale,Deux véhicules - côté,4,2,4,1,1,1,2,-1,5,50,,2,0,0,0,2,49.0,23.0,,,2,2,3,1,3
202100049282,2021-03-04 12:20:00,2021,3,4,12,20,75,75111,RUE MERCOEUR,48.857468,2.384268,Plein jour,En agglomération,Hors intersection,Normale,Autre collision,4,1,1,0,2,1,1,0,1,50,,2,1,0,0,1,46.0,,,,1,2,1,1,6
202100049283,2021-03-03 13:05:00,2021,3,3,13,5,75,75109,RUE SAINT GEORGES,48.875782,2.337124,Plein jour,En agglomération,Hors intersection,Normale,Autre collision,4,1,1,0,1,1,1,0,1,50,,2,1,0,0,1,23.0,,,,1,2,1,1,6
202100049284,2021-03-04 17:35:00,2021,3,4,17,35,75,75107,AVENUE DU MARECHAL GALLIENI,48.859945,2.3131,Plein jour,En agglomération,Intersection en X,Pluie légère,Deux véhicules - côté,4,2,2,0,1,1,2,0,1,50,,2,1,0,0,1,18.0,39.0,,,1,2,2,2,3
202100049285,2021-03-04 09:17:00,2021,3,4,9,17,75,75107,QUAI D ORSAY,48.86226,2.303251,Plein jour,En agglomération,Hors intersection,Normale,Trois véhicules et plus - en chaîne,4,2,4,2,1,1,1,0,1,50,,3,0,0,0,3,44.0,35.0,,,1,2,1,1,4
202100049286,2021-03-03 09:15:00,2021,3,3,9,15,75,75108,PLACE DE LA CONCORDE,48.865675,2.321806,Plein jour,En agglomération,Place,Normale,Sans collision,4,-1,0,0,1,1,1,0,1,50,,1,0,0,0,1,58.0,,,,1,2,7,1,7
202100049287,2021-03-03 19:30:00,2021,3,3,19,30,75,75104,PLACE SAINT GERVAIS,48.855828,2.354146,Nuit avec éclairage allumé,En agglomération,Place,Normale,Deux véhicules - frontale,4,1,1,0,1,2,1,0,1,50,,2,1,0,0,1,21.0,31.0,,,5,2,7,1,1
202100049288,2021-03-04 18:45:00,2021,3,4,18,45,94,94046,JEAN JAURES (R),48.78957,2.435357,Nuit avec éclairage allumé,En agglomération,Hors intersection,Pluie légère,Sans collision,3,2,2,1,1,1,2,0,4,50,,1,0,0,1,0,47.0,,,,5,2,1,2,7
202100049289,2021-03-04 13:45:00,2021,3,4,13,45,94,94046,GENERAL LECLERC (AV DU),48.8039163914,2.4444531639,Plein jour,En agglomération,Hors intersection,Normale,Deux véhicules - arrière,4,1,1,0,1,1,1,0,1,50,,2,1,0,0,1,57.0,51.0,,,1,2,1,1,2
202100049290,2021-03-04 21:20:00,2021,3,4,21,20,93,93072,MAXIME GORKI (BOULEVARD) DES N°1 AU 87,48.9481400368,2.3862178413,Nuit avec éclairage allumé,En agglomération,Hors intersection,Pluie légère,Deux véhicules - arrière,3,3,5,3,1,1,2,0,1,50,,4,2,0,0,2,48.0,28.0,,,5,2,1,2,2
202100049291,2021-03-03 22:05:00,2021,3,3,22,5,93,93070,VICTOR-HUGO (BD),48.9106220516,2.3316326737,Nuit avec éclairage allumé,En agglomération,Hors intersection,Pluie légère,Trois véhicules et plus - en chaîne,3,2,2,0,1,1,2,0,1,30,,3,2,0,0,1,27.0,34.0,,,5,2,1,2,4
202100049292,2021-03-04 16:10:00,2021,3,4,16,10,93,93074,BOUCHER RUE ALEXANDRE,48.9329841226,2.5670927741,Plein jour,En agglomération,Hors intersection,Pluie légère,Deux véhicules - côté,3,2,2,0,1,1,2,0,1,50,,2,1,0,0,1,30.0,40.0,,,1,2,1,2,3
202100049293,2021-03-04 18:20:00,2021,3,4,18,20,93,93071,BALLANGER ROBERT (AVENUE),48.936334289,2.5312599148,Plein jour,En agglomération,Hors intersection,Pluie légère,Deux véhicules - arrière,3,1,2,0,1,1,2,0,1,50,,2,1,0,0,1,38.0,37.0,,,1,2,1,2,2
202100049294,2021-03-04 19:15:00,2021,3,4,19,15,93,93001,DOCTEUR MICHAUX (AVE DU),48.91439,2.39161,Nuit avec éclairage allumé,En agglomération,Autre intersection,Normale,Deux véhicules - frontale,3,1,1,0,1,3,1,0,8,50,,2,1,0,0,1,11.0,,,,5,2,9,1,1
202100049295,2021-03-04 13:35:00,2021,3,4,13,35,92,92046,PIERRE LAROUSSE (AVENUE),48.8223391845,2.3035975345,Plein jour,En agglomération,Intersection en X,Normale,Autre collision,4,1,2,0,1,1,1,0,1,50,,2,1,0,0,1,,,,,1,2,2,1,6
202100049296,2021-03-03 19:40:00,2021,3,3,19,40,92,92046,RAYMOND DAVID,48.8163126001,2.2952494237,Nuit avec éclairage allumé,En agglomération,Hors intersection,Normale,Autre collision,3,2,2,0,1,1,1,0,1,50,,1,0,0,1,0,35.0,,,,5,2,1,1,6
202100049297,2021-03-04 08:35:00,2021,3,4,8,35,92,92072,VILLE D'AVRAY (RUE DE ),48.823757484,2.2087588906,Plein jour,En agglomération,Intersection en T,Normale,Deux véhicules - arrière,3,2,2,0,2,3,1,0,1,30,,3,2,0,0,1,34.0,43.0,,,1,2,3,1,2
202100049298,2021-03-03 21:00:00,2021,3,3,21,0,92,92036,Rue du Moulin de Cage,48.9275975418,2.3180877417,Nuit avec éclairage allumé,En agglomération,Hors intersection,Normale,Deux véhicules - côté,4,2,4,0,1,1,1,0,1,50,,2,1,0,0,1,,29.0,,,5,2,1,1,3
202100049299,2021-03-04 20:30:00,2021,3,4,20,30,92,92026,MARCEAU,48.8996374432,2.245683521,Nuit avec éclairage allumé,En agglomération,Intersection en X,Normale,Deux véhicules - côté,4,-1,2,0,1,1,1,0,1,30,,2,1,0,0,1,25.0,29.0,,,5,2,2,1,3
202100049300,2021-03-04 08:36:00,2021,3,4,8,36,92,92024,JEAN JAURES (BD) DE (120 A 138),48.9070322837,2.3005601974,Plein jour,En agglomération,Hors intersection,Temps couvert,Deux véhicules - arrière,3,1,3,0,1,1,1,0,1,50,,2,1,0,0,1,60.0,31.0,,,1,2,1,8,2
202100049301,2021-03-05 06:40:00,2021,3,5,6,40,24,24294,Route départementale 708,44.990033,0.16075,Crépuscule ou aube,Hors agglomération,Hors intersection,Normale,Deux véhicules - arrière,3,2,2,0,2,1,1,0,1,80,,2,1,0,1,0,42.0,52.0,,,2,1,1,1,2
202100049302,2021-03-05 14:25:00,2021,3,5,14,25,38,38378,Avenue Berthelot,45.430742,4.769289,Plein jour,En agglomération,Intersection en T,Normale,Deux véhicules - frontale,4,2,2,0,2,1,1,0,1,50,,6,0,0,1,5,20.0,78.0,,,1,2,3,1,1
202100049303,2021-03-04 08:45:00,2021,3,4,8,45,972,97231,RD7,14.536257,-61.033961,Plein jour,Hors agglomération,Hors intersection,Normale,Deux véhicules - frontale,3,2,2,0,1,3,1,0,1,50,,2,0,0,1,1,39.0,56.0,,,1,1,1,1,1
202100049304,2021-03-04 16:00:00,2021,3,4,16,0,01,01033,D101,46.112093,5.800742,Plein jour,Hors agglomération,Intersection en T,Normale,Deux véhicules - côté,3,2,2,0,2,2,1,0,1,80,,5,4,0,1,0,32.0,32.0,,,1,1,3,1,3
202100049305,2021-02-24 17:30:00,2021,2,24,17,30,59,59148,D83,50.143741,4.131289,Plein jour,Hors agglomération,Hors intersection,Normale,Sans collision,3,2,2,0,2,2,1,0,3,80,,1,0,0,1,0,59.0,,,,1,1,1,1,7
202100049306,2021-02-16 15:55:00,2021,2,16,15,55,56,56040,Bois de Pistol D26,47.832356,-3.380651,Plein jour,Hors agglomération,Intersection en T,Normale,Deux véhicules - côté,3,2,2,0,1,1,1,0,1,80,,3,2,0,1,0,84.0,45.0,,,1,1,3,1,3
202100049307,2021-03-04 12:10:00,2021,3,4,12,10,79,79007,Roche Cochon,46.590131,-0.35446,Plein jour,Hors agglomération,Hors intersection,Normale,Autre collision,3,2,2,0,2,2,1,0,3,80,,1,0,0,1,0,78.0,,,,1,1,1,1,6
202100049308,2021-03-05 11:45:00,2021,3,5,11,45,82,82161,Chemin de Saint-macaire,44.055502,1.430842,Plein jour,Hors agglomération,Hors intersection,Normale,Autre collision,4,2,2,0,1,1,1,0,3,80,,1,0,0,1,0,55.0,,,,1,1,1,1,6
202100049309,2021-03-03 13:45:00,2021,3,3,13,45,47,47250,D8,44.289698,0.311952,Plein jour,Hors agglomération,Intersection en X,Normale,Deux véhicules - côté,3,2,2,0,1,1,1,5,1,70,,2,1,0,1,0,46.0,24.0,,,1,1,2,1,3
202100049310,2021-02-01 11:45:00,2021,2,1,11,45,41,41059,Avenue de la Paix,47.423462,1.439184,Plein jour,En agglomération,Autre intersection,Normale,Deux véhicules - côté,6,-1,-1,0,1,1,1,0,6,50,,2,1,0,1,0,57.0,35.0,,,1,2,9,1,3
202100049311,2021-03-04 09:45:00,2021,3,4,9,45,41,41043,Rue de Trèvety,47.272681,1.482693,Plein jour,Hors agglomération,Hors intersection,Normale,Deux véhicules - frontale,4,2,2,0,2,3,1,0,1,30,,2,1,0,1,0,19.0,58.0,,,1,1,1,1,1
202100049312,2021-03-02 20:25:00,2021,3,2,20,25,01,01134,Chemin de Ruette Metelle,46.277746,4.880801,Nuit sans éclairage public,En agglomération,Intersection en T,Normale,Deux véhicules - frontale,3,2,2,0,1,1,1,0,1,-1,,2,1,0,1,0,,16.0,,,3,2,3,1,1
202100049313,2021-03-04 12:35:00,2021,3,4,12,35,70,70419,Rue de la Petite Charrière,47.971971,6.140762,Plein jour,Hors agglomération,Hors intersection,Normale,Autre collision,4,2,2,0,1,1,1,0,3,80,,1,0,0,1,0,25.0,,,,1,1,1,1,6
202100049314,2021-03-03 15:30:00,2021,3,3,15,30,14,14745,Lieu Dit Ferme l'Ormel,49.362589,-0.899484,Plein jour,Hors agglomération,Hors intersection,Normale,Sans collision,3,2,2,0,1,3,1,0,1,90,,6,0,0,1,5,22.0,,,,1,1,1,1,7
202100049315,2021-02-24 11:00:00,2021,2,24,11,0,90,90052,Faubourg de Belfort,47.739313,6.827681,Plein jour,En agglomération,Hors intersection,Normale,Autre collision,3,2,2,0,1,1,1,5,4,50,,2,1,0,0,1,92.0,,,,1,2,1,1,6
202100049316,2021-03-05 11:00:00,2021,3,5,11,0,64,64275,Avenue Colonel Beltrame,43.168691,-1.229297,Plein jour,En agglomération,Hors intersection,Normale,Autre collision,6,-1,0,0,1,1,1,0,8,-1,,2,1,0,1,0,63.0,,,,1,2,1,1,6
202100049317,2021-03-05 16:00:00,2021,3,5,16,0,16,16264,lieu-dit Les Sablons,46.101945,0.466461,Plein jour,Hors agglomération,Hors intersection,Normale,Deux véhicules - frontale,3,2,2,0,1,1,1,0,1,80,,5,3,0,0,2,34.0,50.0,,,1,1,1,1,1
202100049318,2021-03-02 17:20:00,2021,3,2,17,20,24,24479,Grand rue de la barre,45.492747,0.746502,Plein jour,En agglomération,Hors intersection,Normale,Autre collision,3,1,1,0,1,1,1,0,1,50,,2,0,0,1,1,45.0,,,,1,2,1,1,6
202100049319,2021-03-04 20:25:00,2021,3,4,20,25,17,17197,Rue de la Grave,45.450038,-0.447795,Nuit avec éclairage allumé,En agglomération,Hors intersection,Normale,Autre collision,3,2,2,0,1,3,1,0,3,50,,1,0,0,1,0,28.0,,,,5,2,1,1,6
202100049320,2021-03-05 09:50:00,2021,3,5,9,50,973,97307,Route Nationale 2,4.8185,-52.346648,Plein jour,Hors agglomération,Hors intersection,Normale,Deux véhicules - côté,2,2,2,0,3,2,1,9,1,80,,2,1,0,1,0,31.0,22.0,,,1,1,1,1,3
202100049321,2021-03-04 12:50:00,2021,3,4,12,50,60,60598,A16,49.3728551757,2.1092333792,Plein jour,Hors agglomération,Hors intersection,Temps couvert,Deux véhicules - côté,1,1,2,0,2,1,1,0,1,130,,2,1,0,1,0,28.0,53.0,,,1,1,1,8,3
202100049322,2021-02-06 00:05:00,2021,2,6,0,5,978,97801,RN7 - Entre l'impasse Custard Apple et impasse des Goyaves - Belle Plaine,18.060762,-63.042727,Nuit sans éclairage public,Hors agglomération,Hors intersection,Normale,Deux véhicules - frontale,2,2,2,0,1,1,1,0,1,50,,2,1,0,1,0,18.0,28.0,,,3,1,1,1,1
202100049323,2021-03-04 14:45:00,2021,3,4,14,45,973,97309,Chemin patient,4.902065,-52.283013,Plein jour,En agglomération,Intersection en T,Normale,Deux véhicules - côté,4,2,2,0,2,1,1,0,1,50,,2,1,0,1,0,51.0,52.0,,,1,2,3,1,3
202100049324,2021-03-04 17:00:00,2021,3,4,17,0,06,06152,Route du Parc,43.617223,7.037113,Plein jour,Hors agglomération,Hors intersection,Normale,Sans collision,3,1,1,0,1,1,1,0,3,70,,2,0,0,0,2,37.0,,,,1,1,1,1,7
202100049325,2021-03-04 23:40:00,2021,3,4,23,40,60,60019,A1 - PK 78+000 Paris/Lille,49.496953,2.716091,Nuit sans éclairage public,Hors agglomération,Hors intersection,Normale,Deux véhicules - arrière,1,1,3,0,1,1,1,0,1,130,,2,1,0,1,0,21.0,,,,3,1,1,1,2
202100049326,2021-03-05 15:15:00,2021,3,5,15,15,988,98803,RT1 - Trou aux perruches,-21.58458,165.51911,Plein jour,Hors agglomération,Hors intersection,Pluie légère,Deux véhicules - frontale,2,2,2,0,2,1,2,0,1,110,,7,0,2,4,1,19.0,56.0,,,1,1,1,2,1
202100049327,2021-03-05 18:40:00,2021,3,5,18,40,976,97607,ROUTE NATIONALE 2 PK9+950,-12.837358,45.185298,Nuit sans éclairage public,Hors agglomération,Hors intersection,Normale,Deux véhicules - frontale,2,2,2,0,2,2,1,0,1,70,,2,1,0,1,0,24.0,48.0,,,3,1,1,1,1
202100049328,2021-03-04 16:15:00,2021,3,4,16,15,34,34153,D68,43.720497,3.833499,Plein jour,Hors agglomération,Autre intersection,Normale,Deux véhicules - frontale,3,2,2,0,1,1,1,0,1,90,,2,0,0,1,1,22.0,46.0,,,1,1,9,1,1
202100049329,2021-02-05 12:30:00,2021,2,5,12,30,06,06066,Route de Gilette,43.84013,7.190198,Plein jour,Hors agglomération,Hors intersection,Normale,Deux véhicules - frontale,7,2,2,0,2,1,1,0,1,50,,2,0,0,2,0,60.0,21.0,,,1,1,1,1,1
202100049330,2021-03-05 17:45:00,2021,3,5,17,45,13,13100,RD 99 - PK 19+794,43.796914,4.842711,Plein jour,Hors agglomération,Hors intersection,Normale,Trois véhicules et plus - collisions multiples,3,2,2,0,1,1,1,0,1,60,,3,2,0,1,0,75.0,37.0,,,1,1,1,1,5
202100049331,2021-03-04 17:25:00,2021,3,4,17,25,74,74036,Rte des Dents de Lanfon,45.874204,6.216846,Plein jour,En agglomération,Hors intersection,Normale,Deux véhicules - côté,3,2,2,0,2,2,1,0,1,30,,2,1,0,1,0,40.0,41.0,,,1,2,1,1,3
202100049332,2021-03-05 15:50:00,2021,3,5,15,50,01,01043,495 Route de Genève,45.837423,5.008115,Plein jour,En agglomération,Hors intersection,Normale,Deux véhicules - arrière,3,2,2,0,1,1,1,0,1,50,,2,1,0,1,0,16.0,41.0,,,1,2,1,1,2
202100049333,2021-03-05 09:20:00,2021,3,5,9,20,33,33487,D257,44.95981,-0.483651,Plein jour,Hors agglomération,Intersection en X,Normale,Deux véhicules - côté,4,2,2,0,1,1,1,5,1,80,,2,0,0,1,1,37.0,36.0,,,1,1,2,1,3
202100049334,2021-03-04 16:00:00,2021,3,4,16,0,50,50099,1 Rue Sébline,49.30425,-1.2457,Plein jour,En agglomération,Hors intersection,Normale,Autre collision,4,2,2,0,1,1,1,0,1,30,,2,1,0,1,0,61.0,,,,1,2,1,1,6
202100049335,2021-03-04 19:17:00,2021,3,4,19,17,35,35004,D113,48.415053,-1.452861,Nuit sans éclairage public,Hors agglomération,Hors intersection,Normale,Sans collision,3,2,2,0,1,1,1,0,3,80,,1,0,0,0,1,22.0,,,,3,1,1,1,7
202100049336,2021-03-03 14:30:00,2021,3,3,14,30,13,13211,A50-Sens Marseille vers Aubagne,43.292643364,5.4771893193,Plein jour,Hors agglomération,Hors intersection,Normale,Deux véhicules - côté,1,-1,3,0,1,1,1,0,1,70,,2,1,0,0,1,46.0,81.0,,,1,1,1,1,3
202100049337,2021-03-03 17:00:00,2021,3,3,17,0,33,33162,,44.870909,-0.642687,Plein jour,Hors agglomération,Hors intersection,Normale,Deux véhicules - arrière,1,3,4,0,1,1,1,0,1,70,,3,2,0,0,1,53.0,25.0,,,1,1,1,1,2
202100049338,2021-03-01 11:15:00,2021,3,1,11,15,33,33122,,44.74482,-0.703998,Plein jour,Hors agglomération,Hors intersection,Normale,Deux véhicules - arrière,1,3,4,0,1,1,1,0,1,110,,2,1,0,0,1,43.0,69.0,,,1,1,1,1,2
202100049339,2021-03-04 07:50:00,2021,3,4,7,50,77,77251,RN 104,48.63043,2.53605,Plein jour,Hors agglomération,Hors intersection,Normale,Deux véhicules - frontale,2,-1,2,0,3,2,2,0,1,70,,2,1,0,0,1,74.0,33.0,,,1,1,1,1,1
202100049340,2021-03-03 20:30:00,2021,3,3,20,30,92,92050,A86,48.9073656235,2.2124782132,Nuit avec éclairage allumé,Hors agglomération,Hors intersection,Normale,Deux véhicules - côté,1,3,4,0,1,1,1,0,1,90,,2,1,0,0,1,23.0,25.0,,,5,1,1,1,3
202100049341,2021-03-03 11:45:00,2021,3,3,11,45,92,92060,RN385,48.7757189295,2.2383275765,Plein jour,Hors agglomération,Hors intersection,Normale,Deux véhicules - arrière,2,1,2,0,1,1,1,0,1,90,,2,1,0,1,0,43.0,43.0,,,1,1,1,1,2
202100049342,2021-03-04 15:50:00,2021,3,4,15,50,93,93027,AUTOROUTE A86,48.92203,2.37829,Plein jour,Hors agglomération,Hors intersection,Normale,Autre collision,1,3,10,0,4,1,2,0,1,90,,1,0,0,0,1,47.0,,,,1,1,1,1,6
202100049343,2021-03-04 12:45:00,2021,3,4,12,45,95,95241,RN 104,49.04621,2.44014,Plein jour,Hors agglomération,Hors intersection,Normale,Sans collision,2,3,4,0,1,1,1,3,1,110,,1,0,0,0,1,21.0,,,,1,1,1,1,7
202100049344,2021-03-04 11:25:00,2021,3,4,11,25,93,93066,AUTOROUTE A86,48.92249,2.35583,Plein jour,Hors agglomération,Hors intersection,Normale,Trois véhicules et plus - collisions multiples,1,3,6,0,1,1,1,0,1,90,,3,2,0,0,1,44.0,48.0,,,1,1,1,1,5
202100049345,2021-03-03 20:00:00,2021,3,3,20,0,95,95365,RN 104,49.06755,2.39818,Nuit sans éclairage public,Hors agglomération,Hors intersection,Normale,Deux véhicules - arrière,2,3,5,0,1,1,1,0,1,90,,2,1,0,0,1,,21.0,,,3,1,1,1,2
202100049346,2021-03-03 07:50:00,2021,3,3,7,50,94,94022,A86 EXT,48.77402,2.40695,Plein jour,Hors agglomération,Hors intersection,Normale,Deux véhicules - côté,1,3,6,0,1,1,1,0,1,90,,2,1,0,0,1,32.0,45.0,,,1,1,1,1,3
202100049347,2021-03-03 07:20:00,2021,3,3,7,20,988,98818,FELIX RUSSEIL/AVENUE JAMES COOK,-22.26805,166.43041,Plein jour,En agglomération,Intersection en T,Normale,Deux véhicules - côté,4,2,2,0,1,1,1,0,1,50,,2,1,0,0,1,33.0,18.0,,,1,2,3,1,3
202100049348,2021-03-03 11:10:00,2021,3,3,11,10,976,97611,kaweni-Kaweni nord ( Z I ),-12.76834,45.22432,Plein jour,En agglomération,Hors intersection,Normale,Sans collision,2,2,0,0,1,1,1,0,1,50,,1,0,0,0,1,30.0,,,,1,2,1,1,7
202100049349,2021-02-28 18:00:00,2021,2,28,18,0,974,97416,ANCIENNE NATIONALE CONDE CONCESSION,-21.2989,55.4969,Plein jour,Hors agglomération,Hors intersection,Normale,Autre collision,4,2,2,0,4,1,1,0,1,50,,1,0,0,0,1,56.0,,,,1,1,1,1,6
202100049350,2021-03-02 12:30:00,2021,3,2,12,30,974,97407,COMPAGNIE DES INDES (BD DE LA) ,-20.94456,55.31497,Plein jour,Hors agglomération,Hors intersection,Normale,Deux véhicules - arrière,2,2,2,0,1,1,1,0,3,70,,2,1,0,0,1,35.0,60.0,,,1,1,1,1,2
202100049351,2021-03-03 14:40:00,2021,3,3,14,40,973,97302,BADUEL (ROUTE DE),4.9315397079,-52.3067060496,Plein jour,En agglomération,Hors intersection,Normale,Deux véhicules - côté,3,2,1,0,1,1,1,0,1,50,,2,1,0,0,1,52.0,62.0,,,1,2,1,1,3
202100049352,2021-03-03 10:00:00,2021,3,3,10,0,973,97302,BADUEL (ROUTE DE),4.92821,-52.29336,Plein jour,En agglomération,Place,Normale,Deux véhicules - côté,4,2,2,0,2,1,1,0,3,50,,2,1,0,0,1,18.0,36.0,,,1,2,7,1,3
202100049353,2021-03-03 07:30:00,2021,3,3,7,30,69,69387,DEBOURG                             (AV),45.73145,4.82932,Plein jour,En agglomération,Hors intersection,Normale,Sans collision,4,2,4,1,1,1,1,0,1,50,,1,0,0,0,1,20.0,,,,1,2,1,1,7
202100049354,2021-03-03 13:35:00,2021,3,3,13,35,972,97213,ROUTE DEPARTEMENTALE 3,14.62144,-60.9886,Plein jour,Hors agglomération,Intersection à plus de 4 branches,Normale,Trois véhicules et plus - collisions multiples,3,-1,0,0,4,1,1,0,1,50,,4,2,0,0,2,18.0,21.0,,,1,1,5,1,5
202100049355,2021-03-03 03:40:00,2021,3,3,3,40,972,97213,AUTOROUTE A1,14.5995037367,-60.999898911,Nuit avec éclairage allumé,En agglomération,Hors intersection,Normale,Autre collision,1,1,2,0,1,1,1,0,1,90,,1,0,0,0,1,39.0,,,,5,2,1,1,6
202100049356,2021-03-03 18:15:00,2021,3,3,18,15,69,69286,HIPPODROME (DE L')                  (AV),45.816744,4.88901,Crépuscule ou aube,En agglomération,Hors intersection,Temps couvert,Deux véhicules - côté,7,2,2,0,1,1,1,0,3,50,,2,0,0,0,2,45.0,22.0,,,2,2,1,8,3
202100049357,2021-03-03 14:30:00,2021,3,3,14,30,69,69389,ANDREI SAKHAROV (AV),45.78717,4.79961,Plein jour,En agglomération,Hors intersection,Normale,Sans collision,4,2,2,0,1,2,1,0,1,50,,1,0,0,1,0,14.0,,,,1,2,1,1,7
202100049358,2021-03-02 19:00:00,2021,3,2,19,0,69,69202,LEON GRANIER (R),45.7351597373,4.784880649,Nuit avec éclairage allumé,En agglomération,Hors intersection,Normale,Autre collision,4,2,2,0,1,1,1,0,8,15,,2,1,0,0,1,,,,,5,2,1,1,6
202100049359,2021-03-03 11:15:00,2021,3,3,11,15,971,97101,GENERAL DE GAULLE,16.25229,-61.52821,Plein jour,En agglomération,Autre intersection,Normale,Autre collision,4,-1,2,0,1,2,1,9,4,50,,2,1,0,0,1,34.0,,,,1,2,9,1,6
202100049360,2021-03-03 13:35:00,2021,3,3,13,35,91,91114,BD CHARLES DE GAULLE,48.69447,2.5048,Plein jour,En agglomération,Hors intersection,Normale,Autre collision,3,1,1,1,1,1,1,0,6,30,,2,1,0,0,1,48.0,,,,1,2,1,1,6
202100049361,2021-03-03 16:50:00,2021,3,3,16,50,91,91432,AV CHARLES DE GAULLE,48.705382,2.34468,Plein jour,En agglomération,Autre intersection,Normale,Deux véhicules - côté,3,2,2,0,1,1,1,0,1,50,,2,1,0,0,1,18.0,44.0,,,1,2,9,1,3
202100049362,2021-03-03 10:55:00,2021,3,3,10,55,91,91687,GUYNEMER (BOULEVARD),48.67563,2.37778,Plein jour,En agglomération,Giratoire,Normale,Autre collision,4,2,2,0,1,1,1,5,1,50,,2,1,0,0,1,45.0,,,,1,2,6,1,6
202100049363,2021-02-21 16:35:00,2021,2,21,16,35,91,91433,RD 191,48.44083,2.20841,Plein jour,Hors agglomération,Hors intersection,Normale,Autre collision,3,2,2,0,1,2,1,0,1,80,,1,0,0,0,1,38.0,,,,1,1,1,1,6
202100049364,2021-02-27 12:15:00,2021,2,27,12,15,89,89387,LAURENCIN (RUE DE),48.19814,3.27994,Plein jour,En agglomération,Intersection en X,Normale,Deux véhicules - côté,4,1,1,0,1,1,1,0,1,50,,3,1,0,0,2,19.0,53.0,,,1,2,2,1,3
202100049365,2021-02-27 16:37:00,2021,2,27,16,37,87,87085,VERDUN (RUE DE),45.81914,1.2401,Plein jour,En agglomération,Hors intersection,Normale,Sans collision,4,2,2,0,1,1,9,0,1,50,,1,0,0,0,1,15.0,,,,1,2,1,1,7
202100049366,2021-03-02 16:10:00,2021,3,2,16,10,86,86194,Avenue du Recteur Pineau,46.57136,0.373214,Plein jour,En agglomération,Hors intersection,Normale,Trois véhicules et plus - en chaîne,4,2,2,0,1,1,1,0,1,50,,7,3,0,0,4,39.0,31.0,,,1,2,1,1,4
202100049367,2021-03-02 09:05:00,2021,3,2,9,5,85,85194,GABARET (AVENUE ALCIDE),46.49602,-1.77085,Plein jour,En agglomération,Intersection en X,Normale,Deux véhicules - côté,4,2,2,0,1,1,1,0,1,50,,2,1,0,1,0,58.0,50.0,,,1,2,2,1,3
202100049368,2021-03-03 17:00:00,2021,3,3,17,0,83,83069,DECUGIS (AVENUE ALFRED),43.1165,6.1467,Plein jour,Hors agglomération,Autre intersection,Normale,Deux véhicules - frontale,4,-1,1,0,1,2,1,9,1,50,,2,1,0,0,1,50.0,67.0,,,1,1,9,1,1
202100049369,2021-02-25 11:52:00,2021,2,25,11,52,83,83050,TUTTLINGEN(AVENUE DE),43.52835,6.44165,Plein jour,Hors agglomération,Intersection en X,Normale,Deux véhicules - frontale,4,2,2,0,2,1,1,0,1,50,,2,1,0,1,0,78.0,45.0,,,1,1,2,1,1
202100049370,2021-03-02 17:36:00,2021,3,2,17,36,78,78646,ECOLE DES POSTES (RUE DE L'),48.801457,2.161172,Plein jour,En agglomération,Intersection en X,Normale,Deux véhicules - côté,3,2,2,0,1,1,1,0,1,50,,2,1,0,1,0,44.0,48.0,,,1,2,2,1,3
202100049371,2021-03-03 12:00:00,2021,3,3,12,0,78,78481,GENERAL LECLERC (AVENUE DU),48.89173,2.09992,Plein jour,En agglomération,Hors intersection,Normale,Deux véhicules - arrière,3,2,2,0,1,1,1,0,1,50,,2,1,0,0,1,39.0,16.0,,,1,2,1,1,2
202100049372,2021-03-03 18:20:00,2021,3,3,18,20,77,77186,RD607 de Barbizon à pavé du roi,48.42227,2.6693,Crépuscule ou aube,Hors agglomération,Hors intersection,Normale,Deux véhicules - côté,3,2,4,0,1,1,1,0,1,90,,3,1,0,0,2,36.0,36.0,,,2,1,1,1,3