accident_id,datetime,annee,mois,jour,heure,minute,departement,commune_insee,adresse,latitude,longitude,luminosite,agglomeration,intersection,meteo,collision,catr,circ,nbv,vosp,prof,plan,surf,infra,situ,vma,nb_vehicules,nb_usagers,nb_indemnes,nb_tues,nb_blesses_hosp,nb_blesses_legers,age_cond_1,age_cond_2,veh_type_cond_1,veh_type_cond_2,lum_code,agg_code,int_code,atm_code,col_code
202100049373,2021-03-01 18:10:00,2021,3,1,18,10,76,76351,THEOPHILE GAUTIER,49.51721,0.09441,Plein jour,En agglomération,Intersection en X,Normale,Autre collision,4,2,1,0,1,1,1,0,1,50,,2,1,0,0,1,59.0,,,,1,2,2,1,6
202100049374,2021-03-03 10:20:00,2021,3,3,10,20,71,71486,MAX DORMOY (AVENUE),46.64192,4.32692,Plein jour,En agglomération,Hors intersection,Normale,Sans collision,4,2,2,0,2,1,1,0,1,50,,2,0,0,1,1,44.0,,,,1,2,1,1,7
202100049375,2021-03-03 13:00:00,2021,3,3,13,0,71,71306,JEAN MOULIN (RUE),46.660554,4.364875,Plein jour,En agglomération,Hors intersection,Normale,Sans collision,4,-1,2,0,1,1,1,0,4,50,,2,1,0,0,1,42.0,,,,1,2,1,1,7
202100049376,2021-03-03 07:40:00,2021,3,3,7,40,71,71306,DE LATTRE DE TASSIGNY (BLD DU MARECHAL),46.6777155854,4.3677923083,Plein jour,En agglomération,Intersection en X,Normale,Deux véhicules - côté,4,2,4,0,1,1,1,5,1,50,,2,1,0,0,1,32.0,21.0,,,1,2,2,1,3
202100049377,2021-03-02 16:30:00,2021,3,2,16,30,71,71413,EPINAC (ROUTE D'),46.823074863,4.4549197495,Plein jour,Hors agglomération,Intersection en T,Normale,Deux véhicules - côté,3,2,2,0,1,3,1,0,1,80,,4,1,0,0,3,53.0,41.0,,,1,1,3,1,3
202100049378,2021-03-01 17:50:00,2021,3,1,17,50,69,69092,TARARE (DE) (RTE),45.97957,4.68124,Plein jour,Hors agglomération,Intersection en T,Normale,Deux véhicules - arrière,3,2,2,0,1,1,1,0,1,70,,2,0,0,0,2,59.0,87.0,,,1,1,3,1,2
202100049379,2021-03-03 16:45:00,2021,3,3,16,45,64,64445,BEZET DU,43.3283,-0.374,Plein jour,En agglomération,Intersection en X,Normale,Deux véhicules - côté,4,2,2,0,2,1,1,5,1,30,,2,1,0,0,1,58.0,60.0,,,1,2,2,1,3
202100049380,2021-03-03 08:05:00,2021,3,3,8,5,64,64445,ALSACE LORRAINE D',43.303194,-0.363286,Plein jour,En agglomération,Hors intersection,Normale,Deux véhicules - arrière,4,-1,2,0,1,1,1,0,1,50,,2,1,0,0,1,37.0,44.0,,,1,2,1,1,2
202100049381,2021-03-02 16:30:00,2021,3,2,16,30,64,64445,AVENUE DE GENERAL LECLERC,43.30376,-0.34631,Plein jour,En agglomération,Hors intersection,Normale,Deux véhicules - côté,4,2,2,1,1,1,1,0,5,50,,2,1,0,0,1,86.0,24.0,,,1,2,1,1,3
202100049382,2021-03-02 10:59:00,2021,3,2,10,59,63,63113,SAINT ROBERT (RUE),45.79137,3.1162,Plein jour,En agglomération,Hors intersection,Normale,Deux véhicules - arrière,4,1,1,0,1,1,1,0,1,50,,2,1,0,0,1,26.0,42.0,,,1,2,1,1,2
202100049383,2021-03-03 15:10:00,2021,3,3,15,10,59,59017,PROGRES (RUE DU ),50.6911012682,2.8757612407,Plein jour,En agglomération,Intersection en T,Normale,Deux véhicules - côté,4,2,2,0,1,1,1,0,1,50,,2,1,0,1,0,17.0,49.0,,,1,2,3,1,3
202100049384,2021-03-03 22:20:00,2021,3,3,22,20,54,54395,SAINT JEAN (RUE),48.689521,6.178438,Nuit avec éclairage allumé,En agglomération,Intersection en X,Normale,Deux véhicules - côté,4,2,2,3,3,1,1,-1,1,30,,2,1,0,0,1,25.0,43.0,,,5,2,2,1,3
202100049385,2021-03-02 17:55:00,2021,3,2,17,55,54,54578,LECLERC (AVENUE DU GENERAL),48.67716,6.15584,Plein jour,En agglomération,Hors intersection,Normale,Deux véhicules - côté,7,2,2,0,1,1,1,0,1,50,,2,1,0,0,1,22.0,29.0,,,1,2,1,1,3
202100049386,2021-03-03 17:30:00,2021,3,3,17,30,49,49007,SALPINTE,47.44881,-0.55244,Plein jour,En agglomération,Intersection en X,Normale,Deux véhicules - côté,4,2,2,0,1,1,1,0,1,50,,3,2,0,0,1,20.0,75.0,,,1,2,2,1,3
202100049387,2021-02-26 19:38:00,2021,2,26,19,38,49,49007,MONPLAISIR BOULEVARD,47.488767,-0.518513,Crépuscule ou aube,En agglomération,Hors intersection,Normale,Sans collision,4,2,2,0,1,1,1,0,1,50,,1,0,0,0,1,45.0,,,,2,2,1,1,7
202100049388,2021-03-02 12:35:00,2021,3,2,12,35,37,37261,CHURCHILL (BOULEVARD WINSTON),47.3736061487,0.681674443,Plein jour,Hors agglomération,Hors intersection,Normale,Deux véhicules - arrière,4,3,4,0,1,1,1,0,1,50,,2,1,0,0,1,55.0,34.0,,,1,1,1,1,2
202100049389,2021-03-03 07:40:00,2021,3,3,7,40,35,35238,PARIS (RUE DE),48.11424,-1.65883,Plein jour,En agglomération,Hors intersection,Normale,Autre collision,4,2,2,0,2,1,2,0,1,50,,2,1,0,0,1,33.0,,,,1,2,1,1,6
202100049390,2021-02-27 14:15:00,2021,2,27,14,15,34,34003,TUILERIES (RUE DES),43.3112372509,3.4756101206,Plein jour,En agglomération,Intersection en T,Normale,Deux véhicules - côté,4,-1,0,0,1,1,1,9,1,50,,2,1,0,0,1,36.0,32.0,,,1,2,3,1,3
202100049391,2021-03-03 18:00:00,2021,3,3,18,0,33,33281,Avenue Henri Barbusse,44.85626,-0.64051,Plein jour,En agglomération,Intersection en T,Normale,Deux véhicules - côté,4,2,2,0,1,1,1,0,1,50,,2,1,0,0,1,49.0,25.0,,,1,2,3,1,3
202100049392,2021-03-03 13:45:00,2021,3,3,13,45,33,33522,Rue de Megret,44.80289,-0.58919,Plein jour,En agglomération,Intersection en X,Normale,Deux véhicules - côté,4,1,1,2,1,1,1,0,1,30,,3,1,0,0,2,37.0,55.0,,,1,2,2,1,3
202100049393,2021-03-02 12:34:00,2021,3,2,12,34,30,30189,JAURES JEAN (BOULEVARD),43.82579,4.35346,Plein jour,En agglomération,Hors intersection,Temps couvert,Autre collision,4,1,0,0,1,1,1,0,1,50,,3,2,0,1,0,22.0,72.0,,,1,2,1,8,6
202100049394,2021-03-03 11:00:00,2021,3,3,11,0,29,29039,Quai Carnot,47.8755599217,-3.9153492451,Plein jour,En agglomération,Hors intersection,Pluie légère,Autre collision,4,1,1,2,1,1,2,0,1,50,,2,1,0,0,1,24.0,,,,1,2,1,2,6
202100049395,2021-03-03 10:00:00,2021,3,3,10,0,29,29019,Place Sané,48.3902054364,-4.4743033645,Plein jour,En agglomération,Intersection en T,Normale,Deux véhicules - côté,4,2,2,0,1,1,1,5,1,30,,2,1,0,0,1,39.0,40.0,,,1,2,3,1,3
202100049396,2021-03-01 17:30:00,2021,3,1,17,30,25,25056,MALLARME RUE STEPHANE,47.243755,5.999399,Plein jour,En agglomération,Intersection en T,Normale,Deux véhicules - côté,4,2,2,0,1,1,1,0,1,50,,2,1,0,0,1,28.0,72.0,,,1,2,3,1,3
202100049397,2021-03-02 19:12:00,2021,3,2,19,12,25,25056,VESOUL RUE DE (inf 52),47.248375,6.020701,Nuit avec éclairage allumé,En agglomération,Intersection en T,Normale,Deux véhicules - côté,4,2,2,2,2,3,1,5,1,50,,2,1,0,0,1,27.0,63.0,,,5,2,3,1,3
202100049398,2021-03-02 12:23:00,2021,3,2,12,23,17,17200,05 PK RN237 RE MOULIN JUSTICE,46.17809,-1.1588,Plein jour,Hors agglomération,Autre intersection,Normale,Trois véhicules et plus - en chaîne,2,3,5,0,1,3,1,3,1,70,,3,2,0,0,1,44.0,59.0,,,1,1,9,1,4
202100049399,2021-03-03 20:25:00,2021,3,3,20,25,13,13210,PONT DE VIVAUX (BOULEVARD),43.2809210045,5.4219964415,Nuit avec éclairage allumé,En agglomération,Hors intersection,Normale,Trois véhicules et plus - collisions multiples,4,2,2,0,1,1,1,0,1,50,,3,2,0,0,1,38.0,40.0,,,5,2,1,1,5
202100049400,2021-03-03 17:54:00,2021,3,3,17,54,13,13206,FORT DU SANCTUAIRE (rue),43.28474,5.37283,Crépuscule ou aube,En agglomération,Hors intersection,Normale,Deux véhicules - frontale,4,2,0,0,3,4,1,0,1,50,,2,1,0,0,1,16.0,40.0,,,2,2,1,1,1
202100049401,2021-03-03 17:10:00,2021,3,3,17,10,13,13215,BOSPHORE (BOULEVARD DU),43.37243,5.36529,Plein jour,En agglomération,Hors intersection,Normale,Autre collision,4,3,2,0,1,1,1,0,1,50,,2,1,0,0,1,44.0,,,,1,2,1,1,6
202100049402,2021-03-03 12:00:00,2021,3,3,12,0,13,13211,SAINT MENET (AVENUE),43.29026,5.49236,Plein jour,En agglomération,Hors intersection,Normale,Deux véhicules - côté,7,2,0,0,1,2,1,0,1,50,,2,1,0,0,1,,19.0,,,1,2,1,1,3
202100049403,2021-02-23 13:30:00,2021,2,23,13,30,13,13213,COROT (AVENUE),43.324336,5.403427,Plein jour,En agglomération,Hors intersection,Normale,Deux véhicules - frontale,4,2,2,0,1,1,1,0,1,50,,3,1,0,0,2,18.0,27.0,,,1,2,1,1,1
202100049404,2021-03-03 19:18:00,2021,3,3,19,18,06,06088,GINESTIERE (CH. DE LA),43.703827,7.203014,Nuit avec éclairage allumé,En agglomération,Hors intersection,Normale,Deux véhicules - côté,4,2,2,0,2,3,1,0,1,50,,2,1,0,1,0,28.0,64.0,,,5,2,1,1,3
202100049405,2021-03-03 07:30:00,2021,3,3,7,30,06,06123,ST JEANNET ROUTE DE,43.70961,7.17044,Plein jour,En agglomération,Autre intersection,Normale,Deux véhicules - frontale,7,2,2,0,1,2,1,0,1,50,,2,1,0,0,1,53.0,54.0,,,1,2,9,1,1
202100049406,2021-01-08 14:30:00,2021,1,8,14,30,02,02659,CHARLES BENOÎT ET ABEL BARDIN (AVENUE),49.867855,3.325976,Plein jour,En agglomération,Hors intersection,Normale,Deux véhicules - côté,4,2,2,0,2,3,1,0,1,50,,2,1,0,1,0,18.0,41.0,,,1,2,1,1,3
202100049407,2021-03-03 12:20:00,2021,3,3,12,20,01,01053,EUROPE ( CARREFOUR DE L  COTE CASINO),46.20761,5.23739,Plein jour,En agglomération,Hors intersection,Normale,Deux véhicules - côté,3,3,5,0,1,1,1,0,1,50,,3,0,0,0,3,82.0,36.0,,,1,2,1,1,3
202100049408,2021-03-02 10:20:00,2021,3,2,10,20,75,75114,PORTE DE CHATILLON,48.821752,2.317932,Plein jour,En agglomération,Hors intersection,Normale,Trois véhicules et plus - collisions multiples,4,1,3,0,1,1,1,0,1,70,,3,2,0,1,0,44.0,26.0,,,1,2,1,1,5
202100049409,2021-03-03 08:30:00,2021,3,3,8,30,75,75111,RUE SAINT MAUR,48.867621,2.375623,Plein jour,En agglomération,Intersection en T,Normale,Autre collision,4,1,1,2,1,1,1,0,1,30,,2,1,0,0,1,28.0,,,,1,2,3,1,6
202100049410,2021-03-02 15:45:00,2021,3,2,15,45,75,75118,RUE DUHESME,48.891186,2.339639,Plein jour,En agglomération,Intersection à plus de 4 branches,Normale,Autre collision,4,1,1,0,2,1,1,0,1,50,,1,0,0,0,1,67.0,,,,1,2,5,1,6
202100049411,2021-03-03 15:29:00,2021,3,3,15,29,75,75113,RUE BAUDRICOURT,48.823767,2.361998,Plein jour,En agglomération,Autre intersection,Normale,Autre collision,4,1,0,0,1,2,1,0,1,50,,2,1,0,0,1,62.0,,,,1,2,9,1,6
202100049412,2021-03-01 22:41:00,2021,3,1,22,41,75,75113,AVENUE D ITALIE,48.820412,2.359095,Nuit avec éclairage allumé,En agglomération,Intersection en T,Normale,Deux véhicules - arrière,4,2,4,0,1,1,1,0,1,30,,3,2,0,0,1,48.0,25.0,,,5,2,3,1,2
202100049413,2021-03-03 17:30:00,2021,3,3,17,30,75,75110,BOULEVARD DE STRASBOURG,48.872261,2.355919,Plein jour,En agglomération,Intersection en X,Normale,Autre collision,4,1,3,1,1,1,1,-1,5,30,,2,1,0,0,1,,,,,1,2,2,1,6
202100049414,2021-03-03 12:50:00,2021,3,3,12,50,75,75110,RUE DE L ECHIQUIER,48.871298,2.351567,Plein jour,En agglomération,Hors intersection,Normale,Autre collision,4,1,1,1,1,1,1,0,1,50,,2,1,0,0,1,35.0,,,,1,2,1,1,6
202100049415,2021-03-03 16:00:00,2021,3,3,16,0,75,75107,PORT DE LA BOURDONNAIS,48.86285,2.300589,Plein jour,En agglomération,Hors intersection,Normale,Sans collision,4,2,1,3,1,1,1,6,1,50,,1,0,0,0,1,73.0,,,,1,2,1,1,7
202100049416,2021-03-02 16:25:00,2021,3,2,16,25,75,75101,RUE VILLEDO,48.866279,2.336244,Plein jour,En agglomération,Hors intersection,Normale,Autre collision,4,1,1,0,1,1,1,0,1,50,,2,1,0,0,1,29.0,,,,1,2,1,1,6
202100049417,2021-03-01 17:25:00,2021,3,1,17,25,94,94081,GABRIEL PERI (R),48.79898,2.39924,Plein jour,En agglomération,Hors intersection,Normale,Deux véhicules - côté,4,2,2,0,1,1,1,0,1,50,,2,1,0,0,1,51.0,,,,1,2,1,1,3
202100049418,2021-03-02 15:45:00,2021,3,2,15,45,94,94068,GRADE (AV),48.80697,2.47901,Plein jour,En agglomération,Hors intersection,Normale,Deux véhicules - côté,4,2,1,0,2,1,1,0,1,30,,2,0,0,0,2,13.0,28.0,,,1,2,1,1,3
202100049419,2021-03-02 16:20:00,2021,3,2,16,20,94,94016,DIVISION LECLERC (AV DE LA),48.78819,2.33037,Plein jour,En agglomération,Intersection en Y,Normale,Sans collision,3,2,2,3,1,1,1,0,1,50,,3,1,0,0,2,39.0,,,,1,2,4,1,7
202100049420,2021-03-03 16:05:00,2021,3,3,16,5,94,94041,AUGUSTE DESHAIES (QU),48.81569,2.40882,Plein jour,En agglomération,Hors intersection,Normale,Deux véhicules - frontale,3,1,1,0,1,1,1,0,4,50,,1,0,0,0,1,32.0,,,,1,2,1,1,1
202100049421,2021-03-03 16:45:00,2021,3,3,16,45,94,94069,MARECHAL LECLERC (R DU),48.817896,2.443544,Plein jour,En agglomération,Hors intersection,Normale,Deux véhicules - frontale,4,2,2,0,1,1,1,0,4,50,,2,1,0,0,1,42.0,15.0,,,1,2,1,1,1
202100049422,2021-03-03 17:30:00,2021,3,3,17,30,94,94017,BERNAU (R DE),48.81747,2.53681,Plein jour,En agglomération,Hors intersection,Normale,Deux véhicules - côté,4,2,4,2,2,1,1,0,5,50,,2,1,0,0,1,17.0,,,,1,2,1,1,3
202100049423,2021-03-03 09:10:00,2021,3,3,9,10,94,94079,AUGUSTE RODIN (AV),48.8333,2.55117,Plein jour,En agglomération,Hors intersection,Normale,Autre collision,4,2,2,0,1,1,1,0,1,50,,5,3,0,0,2,27.0,44.0,,,1,2,1,1,6
202100049424,2021-03-03 17:40:00,2021,3,3,17,40,93,93070,ARDOIN(RUE),48.90897,2.32699,Plein jour,En agglomération,Hors intersection,Normale,Deux véhicules - côté,4,-1,1,0,1,1,1,8,1,50,,2,1,0,0,1,21.0,48.0,,,1,2,1,1,3
202100049425,2021-03-02 12:50:00,2021,3,2,12,50,93,93066,FRANCE ANATOLE (BOULEVARD) NR 2 A 24,48.9221990633,2.3470537662,Plein jour,En agglomération,Hors intersection,Normale,Deux véhicules - frontale,3,1,1,0,1,1,1,9,8,50,,2,1,0,0,1,37.0,70.0,,,1,2,1,1,1
202100049426,2021-03-03 10:45:00,2021,3,3,10,45,93,93051,CENTRE,48.83842,2.54325,Plein jour,En agglomération,Intersection en X,Normale,Deux véhicules - côté,3,4,2,0,1,1,1,0,1,50,,2,0,0,0,2,64.0,41.0,,,1,2,2,1,3
202100049427,2021-03-03 14:35:00,2021,3,3,14,35,93,93048,PARIS (RUE DE),48.8564709634,2.4267214934,Plein jour,En agglomération,Hors intersection,Normale,Deux véhicules - côté,3,2,2,0,1,1,1,0,1,50,,2,1,0,0,1,81.0,27.0,,,1,2,1,1,3
202100049428,2021-03-03 16:40:00,2021,3,3,16,40,93,93008,JAURES (AVENUE JEAN),48.9087583355,2.4379755888,Plein jour,En agglomération,Intersection en T,Normale,Autre collision,4,1,1,0,1,1,1,0,1,50,,2,0,0,0,2,36.0,,,,1,2,3,1,6
202100049429,2021-03-03 10:30:00,2021,3,3,10,30,93,93007,CHARLES FLOQUET (AVENUE),48.940552706,2.4483263564,Plein jour,En agglomération,Autre intersection,Normale,Autre collision,4,1,1,0,1,1,1,0,1,30,,2,1,0,0,1,42.0,,,,1,2,9,1,6
202100049430,2021-03-02 19:40:00,2021,3,2,19,40,92,92025,GABRIEL PERI (RUE),48.9229060736,2.2496773303,Nuit avec éclairage allumé,En agglomération,Intersection en X,Normale,Deux véhicules - côté,4,2,5,3,1,1,1,0,1,50,,2,1,0,0,1,25.0,56.0,,,5,2,2,1,3
202100049431,2021-03-03 09:20:00,2021,3,3,9,20,92,92024,VALITON (RUE),48.9029924578,2.2971892754,Plein jour,En agglomération,Intersection en T,Normale,Deux véhicules - côté,4,2,2,0,1,1,1,0,1,30,,2,1,0,0,1,23.0,46.0,,,1,2,3,1,3
202100049432,2021-03-03 16:43:00,2021,3,3,16,43,92,92060,PAUL LANGEVIN (AVENUE) (RD 2),48.7822,2.25315,Plein jour,En agglomération,Intersection en X,Normale,Deux véhicules - côté,3,3,1,0,1,1,1,5,1,30,,2,1,0,0,1,35.0,41.0,,,1,2,2,1,3
202100049433,2021-02-23 19:45:00,2021,2,23,19,45,973,97353,Route de Sophie,3.645203,-54.027677,Nuit sans éclairage public,En agglomération,Hors intersection,Pluie légère,Deux véhicules - frontale,4,2,2,0,4,2,2,0,1,50,,2,1,0,1,0,14.0,19.0,,,3,2,1,2,1
202100049434,2021-03-04 13:55:00,2021,3,4,13,55,76,76238,Rue Henri Ternon,49.565288,0.221888,Plein jour,En agglomération,Intersection en X,Normale,Deux véhicules - côté,4,1,1,0,1,1,1,0,1,30,,2,1,0,0,1,17.0,68.0,,,1,2,2,1,3
202100049435,2021-03-04 19:00:00,2021,3,4,19,0,51,51252,D324,49.102126,3.876779,Nuit sans éclairage public,Hors agglomération,Hors intersection,Normale,Sans collision,3,2,2,0,3,1,2,0,1,80,,1,0,0,1,0,30.0,,,,3,1,1,1,7
202100049436,2021-03-02 12:00:00,2021,3,2,12,0,59,59323,D50a,50.3238142523,3.6323547363,Plein jour,Hors agglomération,Autre intersection,Normale,Deux véhicules - côté,3,2,2,0,1,1,1,0,1,80,,2,1,0,0,1,21.0,36.0,,,1,1,9,1,3
202100049437,2021-03-04 09:00:00,2021,3,4,9,0,19,19274,Aux Breuils,45.168563,1.46484,Plein jour,Hors agglomération,Intersection en T,Normale,Deux véhicules - côté,3,2,2,0,1,1,1,5,1,90,,2,1,0,1,0,64.0,85.0,,,1,1,3,1,3
202100049438,2021-03-03 18:20:00,2021,3,3,18,20,19,19007,Les Escures,44.9639314884,1.8574714904,Crépuscule ou aube,Hors agglomération,Hors intersection,Normale,Deux véhicules - côté,3,2,2,0,1,1,1,9,1,70,,2,1,0,1,0,27.0,31.0,,,2,1,1,1,3
202100049439,2021-03-03 15:15:00,2021,3,3,15,15,77,77347,D18,48.462889,3.209634,Plein jour,Hors agglomération,Intersection en T,Normale,Deux véhicules - arrière,3,2,2,0,1,1,1,0,1,80,,4,3,0,1,0,17.0,41.0,,,1,1,3,1,2
202100049440,2021-02-28 18:25:00,2021,2,28,18,25,80,80315,D1001,49.7341839182,2.2547642217,Crépuscule ou aube,Hors agglomération,Hors intersection,Normale,Sans collision,3,2,2,0,1,1,1,0,8,80,,1,0,1,0,0,66.0,,,,2,1,1,1,7
202100049441,2021-03-04 08:30:00,2021,3,4,8,30,80,80078,DÉPARTEMENTALE 1001,50.0866018796,1.904604435,Plein jour,Hors agglomération,Hors intersection,Normale,Deux véhicules - frontale,3,2,2,0,1,1,2,0,1,80,,2,1,0,1,0,33.0,65.0,,,1,1,1,1,1
202100049442,2021-03-03 14:45:00,2021,3,3,14,45,34,34079,Avenue de Montpellier,43.63262,3.439187,Plein jour,En agglomération,Hors intersection,Normale,Autre collision,3,2,2,0,1,1,1,9,1,50,,2,1,0,1,0,49.0,,,,1,2,1,1,6
202100049443,2021-03-04 08:45:00,2021,3,4,8,45,68,68242,D201,47.981893,7.375581,Plein jour,Hors agglomération,Hors intersection,Normale,Trois véhicules et plus - en chaîne,3,2,2,0,1,3,1,0,1,80,,3,2,0,1,0,21.0,26.0,,,1,1,1,1,4
202100049444,2021-03-03 16:00:00,2021,3,3,16,0,38,38198,Route de Saint-sulpice,45.339259,4.944304,Plein jour,Hors agglomération,Intersection en X,Normale,Deux véhicules - frontale,3,2,2,0,1,1,1,0,1,70,,4,3,0,0,1,41.0,70.0,,,1,1,2,1,1
202100049445,2021-03-02 17:17:00,2021,3,2,17,17,38,38350,départementale 290,45.249906,5.908499,Plein jour,Hors agglomération,Hors intersection,Normale,Sans collision,3,2,1,0,2,4,2,0,1,50,,1,0,0,1,0,17.0,,,,1,1,1,1,7
202100049446,2021-03-04 12:40:00,2021,3,4,12,40,60,60111,D930,49.6313832511,2.4600255489,Plein jour,Hors agglomération,Hors intersection,Pluie légère,Autre collision,3,2,2,0,3,2,2,0,3,80,,1,0,0,0,1,47.0,,,,1,1,1,2,6
202100049447,2021-03-04 18:30:00,2021,3,4,18,30,07,07307,Chemin des Rivieres,44.521108,4.209545,Plein jour,Hors agglomération,Hors intersection,Normale,Autre collision,4,-1,1,0,2,1,1,0,1,30,,2,0,0,2,0,59.0,,,,1,1,1,1,6
202100049448,2021-03-04 07:00:00,2021,3,4,7,0,87,87158,Rue Victor Hugo,45.766657,0.966018,Crépuscule ou aube,Hors agglomération,Hors intersection,Normale,Sans collision,3,2,2,0,1,1,1,0,8,70,,1,0,0,1,0,30.0,,,,2,1,1,1,7
202100049449,2021-03-03 00:30:00,2021,3,3,0,30,987,98734,PK 32+200 - RT1,-17.723379,-149.50573,Nuit avec éclairage allumé,En agglomération,Hors intersection,Normale,Deux véhicules - frontale,2,2,2,0,1,1,2,0,3,60,,1,0,1,0,0,31.0,,,,5,2,1,1,1
202100049450,2021-03-03 19:00:00,2021,3,3,19,0,63,63113,Autoroute A 71 PK 385+500,45.801281,3.148634,Crépuscule ou aube,Hors agglomération,Hors intersection,Normale,Trois véhicules et plus - collisions multiples,1,3,6,0,1,1,1,0,1,110,,4,2,0,0,2,20.0,21.0,,,2,1,1,1,5
202100049451,2021-01-29 15:20:00,2021,1,29,15,20,06,06085,Route de Vallauris,43.599662,7.034941,Plein jour,Hors agglomération,Hors intersection,Normale,Deux véhicules - frontale,3,2,2,0,1,1,1,0,1,50,,2,0,0,1,1,44.0,56.0,,,1,1,1,1,1
202100049452,2021-03-01 15:15:00,2021,3,1,15,15,13,13100,RD99,43.796391,4.793365,Plein jour,Hors agglomération,Intersection en T,Normale,Deux véhicules - arrière,3,2,2,0,1,1,1,5,1,80,,3,1,0,1,1,24.0,78.0,,,1,1,3,1,2
202100049453,2021-02-25 16:15:00,2021,2,25,16,15,07,07182,Champgontier,44.634555,4.296019,Plein jour,En agglomération,Intersection en T,Temps éblouissant,Deux véhicules - frontale,3,2,2,0,4,1,1,0,1,50,,2,1,0,1,0,41.0,44.0,,,1,2,3,7,1
202100049454,2021-03-04 12:10:00,2021,3,4,12,10,14,14658,Robergerie - Fontenermont (Fontenermont),48.8211724329,-1.1225259304,Plein jour,Hors agglomération,Hors intersection,Pluie légère,Deux véhicules - frontale,3,2,2,0,1,2,2,0,1,90,,2,0,1,1,0,79.0,86.0,,,1,1,1,2,1
202100049455,2021-02-26 14:11:00,2021,2,26,14,11,22,22308,D64,48.354173,-2.066025,Plein jour,Hors agglomération,Intersection en X,Normale,Deux véhicules - côté,3,2,2,0,1,1,1,0,1,80,,2,0,0,1,1,46.0,85.0,,,1,1,2,1,3
202100049456,2021-03-04 09:00:00,2021,3,4,9,0,22,22093,37 Rue de Lanjouan,48.478647,-2.501388,Plein jour,En agglomération,Autre intersection,Normale,Autre collision,4,2,2,0,2,3,1,0,1,50,,2,1,1,0,0,62.0,,,,1,2,9,1,6
202100049457,2021-03-03 19:20:00,2021,3,3,19,20,35,35321,D777,47.918402,-1.573419,Nuit sans éclairage public,Hors agglomération,Hors intersection,Normale,Deux véhicules - frontale,3,2,2,0,1,1,1,0,1,80,,2,0,1,0,1,53.0,31.0,,,3,1,1,1,1
202100049458,2021-03-04 21:00:00,2021,3,4,21,0,59,59034,Rue de Lille,50.547635,3.099864,Nuit sans éclairage public,Hors agglomération,Giratoire,Normale,Autre collision,3,2,2,0,1,1,2,0,8,80,,2,0,0,0,2,45.0,,,,3,1,6,1,6
202100049459,2021-02-28 09:30:00,2021,2,28,9,30,69,69297,A46,45.5886670568,4.7947500944,Plein jour,Hors agglomération,Hors intersection,Normale,Sans collision,1,1,1,0,1,3,1,3,1,70,,1,0,0,0,1,21.0,,,,1,1,1,1,7
202100049460,2021-03-02 13:50:00,2021,3,2,13,50,54,54357,Autoroute A 31,48.71077,6.14586,Plein jour,Hors agglomération,Hors intersection,Normale,Trois véhicules et plus - en chaîne,1,3,3,0,2,3,1,0,8,90,,3,2,0,0,1,25.0,,,,1,1,1,1,4
202100049461,2021-03-01 03:54:00,2021,3,1,3,54,59,59449,AUTOROUTE A23,50.4735641085,3.2235606015,Nuit sans éclairage public,Hors agglomération,Hors intersection,Normale,Autre collision,1,3,5,0,1,1,1,2,1,130,,2,1,1,0,0,27.0,,,,3,1,1,1,6
202100049462,2021-03-03 08:40:00,2021,3,3,8,40,91,91377,RN20,48.716648,2.291186,Plein jour,Hors agglomération,Hors intersection,Normale,Trois véhicules et plus - collisions multiples,2,3,4,0,1,1,1,0,1,90,,3,1,0,0,2,55.0,22.0,,,1,1,1,1,5
202100049463,2021-03-03 17:10:00,2021,3,3,17,10,92,92062,A14,48.890846,2.240179,Plein jour,Hors agglomération,Hors intersection,Normale,Deux véhicules - arrière,1,1,3,0,1,1,1,1,1,70,,3,2,0,0,1,32.0,26.0,,,1,1,1,1,2
202100049464,2021-03-03 09:50:00,2021,3,3,9,50,95,95682,RN 104,49.068389912,2.3835771191,Plein jour,Hors agglomération,Hors intersection,Normale,Sans collision,2,2,4,0,1,2,1,0,1,110,,1,0,0,0,1,24.0,,,,1,1,1,1,7
202100049465,2021-03-03 09:15:00,2021,3,3,9,15,95,95582, A15,48.96655,2.25593,Plein jour,Hors agglomération,Hors intersection,Normale,Trois véhicules et plus - collisions multiples,1,3,8,0,2,1,1,0,1,110,,4,3,0,0,1,54.0,26.0,,,1,1,1,1,5
202100049466,2021-03-02 15:15:00,2021,3,2,15,15,988,98818,VE1 SENS SUD/NORD,-22.23254,166.4577,Plein jour,Hors agglomération,Intersection en Y,Pluie légère,Trois véhicules et plus - collisions multiples,1,1,1,0,1,1,2,3,1,-1,,4,1,0,0,3,28.0,66.0,,,1,1,4,2,5
202100049467,2021-03-01 07:25:00,2021,3,1,7,25,988,98818,BAIE DES DAMES (ROUTE DE LA),-22.2499,166.45071,Plein jour,En agglomération,Autre intersection,Normale,Deux véhicules - arrière,4,1,1,0,2,1,1,3,1,50,,2,1,0,0,1,43.0,34.0,,,1,2,9,1,2
202100049468,2021-03-01 20:10:00,2021,3,1,20,10,974,97411,Boulevard Jean Jaurès,-20.894459,55.47187,Nuit avec éclairage allumé,Hors agglomération,Hors intersection,Normale,Autre collision,2,1,2,0,2,1,1,0,1,50,,2,1,0,0,1,46.0,,,,5,1,1,1,6