accident_id,datetime,annee,mois,jour,heure,minute,departement,commune_insee,adresse,latitude,longitude,luminosite,agglomeration,intersection,meteo,collision,catr,circ,nbv,vosp,prof,plan,surf,infra,situ,vma,nb_vehicules,nb_usagers,nb_indemnes,nb_tues,nb_blesses_hosp,nb_blesses_legers,age_cond_1,age_cond_2,veh_type_cond_1,veh_type_cond_2,lum_code,agg_code,int_code,atm_code,col_code
202100049469,2021-03-01 15:48:00,2021,3,1,15,48,974,97411,BONNIER (ALLEE),-20.880787,55.459852,Plein jour,En agglomération,Hors intersection,Normale,Sans collision,4,2,2,0,1,1,1,9,8,50,,2,1,0,0,1,31.0,,,,1,2,1,1,7
202100049470,2021-03-02 14:05:00,2021,3,2,14,5,973,97302,CABASSOU (ROUTE DE),4.91669,-52.31203,Plein jour,En agglomération,Hors intersection,Pluie légère,Deux véhicules - côté,3,2,1,1,1,1,2,0,1,50,,3,1,0,0,2,32.0,20.0,,,1,2,1,2,3
202100049471,2021-03-02 19:00:00,2021,3,2,19,0,69,69386,JULES FAVRE                         (BD),45.764638589,4.8585551301,Nuit avec éclairage allumé,En agglomération,Intersection en T,Normale,Deux véhicules - côté,4,1,2,3,1,1,1,0,1,50,,2,1,0,0,1,31.0,24.0,,,5,2,3,1,3
202100049472,2021-03-02 18:15:00,2021,3,2,18,15,69,69386,MICHEL RAMBAUD (R),45.7697718087,4.8598791787,Crépuscule ou aube,En agglomération,Hors intersection,Normale,Deux véhicules - arrière,4,1,1,0,1,1,1,0,1,50,,2,1,0,0,1,73.0,32.0,,,2,2,1,1,2
202100049473,2021-03-01 07:05:00,2021,3,1,7,5,69,69034,MARECHAL FOCH (DU)                  (PL),45.79791,4.85148,Plein jour,En agglomération,Giratoire,Normale,Deux véhicules - côté,4,2,2,0,1,2,1,0,1,50,,2,1,0,0,1,23.0,75.0,,,1,2,6,1,3
202100049474,2021-03-02 13:32:00,2021,3,2,13,32,2B,2B033,11 - RT,42.66692,9.4429,Plein jour,En agglomération,Hors intersection,Normale,Trois véhicules et plus - en chaîne,2,3,2,0,1,1,1,0,1,70,,5,3,0,0,2,69.0,52.0,,,1,2,1,1,4
202100049475,2021-03-02 12:20:00,2021,3,2,12,20,86,86194,Avenue John Kennedy,46.583273,0.367141,Plein jour,En agglomération,Hors intersection,Normale,Autre collision,3,3,4,0,1,1,1,0,1,50,,3,1,0,0,2,22.0,,,,1,2,1,1,6
202100049476,2021-03-01 11:40:00,2021,3,1,11,40,86,86214,Avenue du 11 Novembre,46.564824,0.356154,Plein jour,En agglomération,Hors intersection,Normale,Deux véhicules - côté,3,3,5,0,1,1,1,0,1,50,,3,0,0,0,3,28.0,29.0,,,1,2,1,1,3
202100049477,2021-02-28 10:25:00,2021,2,28,10,25,83,83123,BUGE (CHEMIN DE LA)N° PAIRS,43.12092,5.80708,Plein jour,En agglomération,Hors intersection,Normale,Trois véhicules et plus - en chaîne,4,2,1,2,1,1,1,0,1,50,,4,3,0,1,0,59.0,51.0,,,1,2,1,1,4
202100049478,2021-03-01 18:30:00,2021,3,1,18,30,83,83118,BOULEVARD JEAN MOULIN,43.427385,6.783192,Crépuscule ou aube,En agglomération,Hors intersection,Normale,Deux véhicules - arrière,4,2,2,0,1,1,1,0,1,50,,2,1,0,1,0,26.0,48.0,,,2,2,1,1,2
202100049479,2021-03-02 15:59:00,2021,3,2,15,59,82,82121,MOULIN N 20 (AVENUE JEAN),44.02496,1.36473,Plein jour,En agglomération,Intersection en T,Normale,Deux véhicules - côté,4,3,3,0,1,1,1,0,1,50,,3,1,0,1,1,24.0,17.0,,,1,2,3,1,3
202100049480,2021-02-24 08:12:00,2021,2,24,8,12,80,80489,GREAT EASTERN (AVENUE),49.8715,2.37534,Plein jour,En agglomération,Intersection en T,Temps éblouissant,Autre collision,4,1,1,0,1,1,1,0,1,50,,2,1,0,0,1,44.0,,,,1,2,3,7,6
202100049481,2021-03-01 07:30:00,2021,3,1,7,30,77,77487,D605,48.53787,2.69368,Crépuscule ou aube,Hors agglomération,Hors intersection,Normale,Autre collision,3,2,3,0,1,1,1,0,1,90,,3,0,0,3,0,19.0,54.0,,,2,1,1,1,6
202100049482,2021-03-02 08:25:00,2021,3,2,8,25,77,77268,RUE DES LABOURS,48.87909,2.81227,Crépuscule ou aube,En agglomération,Hors intersection,Temps éblouissant,Deux véhicules - frontale,4,2,2,0,1,2,1,0,1,30,,3,0,0,0,3,44.0,43.0,,,2,2,1,7,1
202100049483,2021-03-02 15:28:00,2021,3,2,15,28,73,73008,LYCEE CHEMIN DU,45.6663776815,5.9116958418,Plein jour,En agglomération,Hors intersection,Normale,Deux véhicules - côté,4,2,2,1,2,4,1,-1,5,-1,,2,1,0,1,0,17.0,17.0,,,1,2,1,1,3
202100049484,2021-03-02 19:00:00,2021,3,2,19,0,69,69266,NIELS BOHR (BD),45.78437,4.86672,Nuit avec éclairage allumé,En agglomération,Hors intersection,Normale,Autre collision,4,-1,0,0,1,1,1,0,1,30,,1,0,0,1,0,43.0,,,,5,2,1,1,6
202100049485,2021-03-02 14:10:00,2021,3,2,14,10,68,68224,LOTI (RUE PIERRE),47.73366,7.30169,Plein jour,En agglomération,Intersection en T,Normale,Deux véhicules - côté,4,2,2,1,1,1,1,0,1,50,,2,1,0,0,1,64.0,47.0,,,1,2,3,1,3
202100049486,2021-03-01 17:40:00,2021,3,1,17,40,66,66136,JULIEN PANCHOT (AVENUE),42.68595,2.86815,Plein jour,En agglomération,Intersection en T,Normale,Deux véhicules - côté,4,2,2,0,1,1,1,0,1,50,,3,1,0,0,2,36.0,44.0,,,1,2,3,1,3
202100049487,2021-03-02 12:25:00,2021,3,2,12,25,65,65440,FERRE (PLACE),43.228352,0.075421,Plein jour,En agglomération,Giratoire,Normale,Deux véhicules - arrière,4,1,1,0,1,3,1,5,1,50,,2,1,0,0,1,57.0,42.0,,,1,2,6,1,2
202100049488,2021-03-02 17:20:00,2021,3,2,17,20,64,64269,Rocade Sud,43.29447,-0.32283,Plein jour,En agglomération,Hors intersection,Normale,Deux véhicules - arrière,3,2,2,0,1,1,1,0,1,80,,2,1,0,0,1,25.0,32.0,,,1,2,1,1,2
202100049489,2021-03-02 17:35:00,2021,3,2,17,35,64,64102,MAUBEC (RUE),43.50359,-1.46787,Plein jour,En agglomération,Intersection en X,Normale,Deux véhicules - côté,3,2,2,-1,1,1,1,5,1,-1,,2,1,0,0,1,21.0,39.0,,,1,2,2,1,3
202100049490,2021-03-02 16:27:00,2021,3,2,16,27,64,64102,GRAND BASQUE (CHEMIN DU),43.50155,-1.44548,Plein jour,En agglomération,Intersection en T,Normale,Deux véhicules - côté,3,2,1,-1,2,3,1,0,1,50,,2,1,0,0,1,48.0,,,,1,2,3,1,3
202100049491,2021-03-01 13:35:00,2021,3,1,13,35,63,63124,LIBERATION (AV. DE LA),45.73257,3.19178,Plein jour,En agglomération,Hors intersection,Normale,Autre collision,4,2,2,0,1,1,1,9,1,50,,2,1,0,1,0,28.0,,,,1,2,1,1,6
202100049492,2021-02-17 15:45:00,2021,2,17,15,45,62,62215,ANNOEULLIN (ROUTE D'),50.50758,2.94791,Plein jour,Hors agglomération,Hors intersection,Normale,Trois véhicules et plus - collisions multiples,3,2,2,0,1,1,1,0,1,80,,4,2,0,0,2,25.0,22.0,,,1,1,1,1,5
202100049493,2021-03-01 18:30:00,2021,3,1,18,30,59,59569,RD 500,50.3832863613,3.1320642786,Plein jour,Hors agglomération,Giratoire,Normale,Deux véhicules - côté,3,1,2,0,1,2,1,2,1,50,,2,1,0,0,1,40.0,21.0,,,1,1,6,1,3
202100049494,2021-03-01 12:45:00,2021,3,1,12,45,54,54304,Av Sainte Anne & Rue Aristide Briand,48.684784228,6.1558547616,Plein jour,En agglomération,Intersection en Y,Normale,Deux véhicules - côté,7,1,1,0,1,1,1,0,1,50,,2,1,0,0,1,64.0,56.0,,,1,2,4,1,3
202100049495,2021-02-27 15:23:00,2021,2,27,15,23,50,50218,VILLEDIEU LES POELES (ROUTE),48.83762,-1.54662,Plein jour,En agglomération,Intersection en X,Normale,Deux véhicules - côté,3,2,2,0,1,1,1,5,1,70,,2,1,0,1,0,18.0,84.0,,,1,2,2,1,3
202100049496,2021-03-02 02:50:00,2021,3,2,2,50,49,49007,CHAPEAU DE GENDARME,47.451306,-0.554263,Nuit avec éclairage allumé,En agglomération,Hors intersection,Normale,Autre collision,4,2,2,2,1,1,1,0,1,50,,3,0,0,0,3,22.0,,,,5,2,1,1,6
202100049497,2021-03-01 08:05:00,2021,3,1,8,5,45,45234,Rue Eugene Vignat,47.905849403,1.9097245485,Plein jour,En agglomération,Giratoire,Normale,Deux véhicules - côté,4,2,2,2,1,1,1,5,1,50,,2,1,0,1,0,22.0,22.0,,,1,2,6,1,3
202100049498,2021-03-01 17:20:00,2021,3,1,17,20,45,45208,Rue Emile Mengin,48.0055886376,2.7414227066,Plein jour,En agglomération,Hors intersection,Normale,Deux véhicules - frontale,3,2,2,0,1,1,1,0,1,50,,2,1,0,1,0,17.0,27.0,,,1,2,1,1,1
202100049499,2021-03-02 17:50:00,2021,3,2,17,50,44,44162,BOULEVARD DU MASSACRE,47.23251,-1.59136,Plein jour,En agglomération,Hors intersection,Normale,Autre collision,4,2,2,2,1,1,1,0,1,50,,2,1,0,0,1,,,,,1,2,1,1,6
202100049500,2021-03-02 08:10:00,2021,3,2,8,10,44,44162,N844,47.19989,-1.61766,Plein jour,Hors agglomération,Hors intersection,Normale,Deux véhicules - arrière,2,2,0,0,1,1,1,0,1,70,,2,1,0,0,1,22.0,60.0,,,1,1,1,1,2
202100049501,2021-03-02 06:35:00,2021,3,2,6,35,33,33063,Boulevard du Président Wilson,44.85109,-0.59556,Nuit avec éclairage allumé,En agglomération,Intersection en T,Normale,Deux véhicules - arrière,4,3,4,2,1,1,1,0,5,50,,2,1,0,0,1,24.0,21.0,,,5,2,3,1,2
202100049502,2021-03-01 12:30:00,2021,3,1,12,30,33,33162,Rue de la Renaissance,44.862529,-0.646325,Plein jour,En agglomération,Intersection en T,Normale,Deux véhicules - côté,4,2,2,0,1,1,1,0,1,50,,2,1,0,0,1,70.0,37.0,,,1,2,3,1,3
202100049503,2021-03-02 14:15:00,2021,3,2,14,15,31,31555,BD DES RECOLLETS,43.58438,1.44788,Plein jour,En agglomération,Autre intersection,Normale,Deux véhicules - côté,4,2,3,0,1,1,1,0,1,50,,3,2,0,0,1,55.0,21.0,,,1,2,9,1,3
202100049504,2021-02-28 17:25:00,2021,2,28,17,25,31,31557,RUE JEAN COCTEAU ,43.59204,1.32036,Plein jour,En agglomération,Intersection en T,Normale,Deux véhicules - côté,4,2,2,0,1,1,1,0,1,50,,4,2,0,0,2,41.0,20.0,,,1,2,3,1,3
202100049505,2021-02-27 13:00:00,2021,2,27,13,0,31,31555,RTE DE LAUNAGUET,43.64612,1.43926,Plein jour,En agglomération,Hors intersection,Normale,Deux véhicules - côté,7,2,2,0,1,1,1,0,1,50,,2,1,0,0,1,53.0,16.0,,,1,2,1,1,3
202100049506,2021-03-01 15:15:00,2021,3,1,15,15,22,22113,GUINGAMP (ROUTE DE),48.724299,-3.435497,Plein jour,En agglomération,Hors intersection,Normale,Deux véhicules - arrière,3,2,2,0,1,1,1,0,1,50,,2,1,0,0,1,20.0,80.0,,,1,2,1,1,2
202100049507,2021-03-02 16:48:00,2021,3,2,16,48,17,17291,REPUBLIQUE   RUE DE LA,46.18639,-1.11844,Plein jour,En agglomération,Hors intersection,Normale,Autre collision,4,2,2,0,1,1,1,0,1,30,,1,0,0,0,1,22.0,,,,1,2,1,1,6
202100049508,2021-02-26 17:55:00,2021,2,26,17,55,13,13056,CD 5 (Route d'Istres),43.42727,5.0512,Plein jour,En agglomération,Hors intersection,Normale,Trois véhicules et plus - collisions multiples,7,3,4,0,1,1,1,5,1,50,,4,1,0,1,2,33.0,61.0,,,1,2,1,1,5
202100049509,2021-02-24 07:35:00,2021,2,24,7,35,13,13004,RN 268,43.4668,4.84001,Plein jour,Hors agglomération,Hors intersection,Normale,Autre collision,3,2,2,0,1,2,1,3,1,70,,1,0,0,0,1,39.0,,,,1,1,1,1,6
202100049510,2021-03-02 17:55:00,2021,3,2,17,55,13,13211,CAMOINS (AVENUE DES),43.298956,5.500031,Plein jour,En agglomération,Hors intersection,Normale,Deux véhicules - côté,7,2,2,0,1,1,1,0,1,50,,2,1,0,0,1,38.0,19.0,,,1,2,1,1,3
202100049511,2021-03-02 13:15:00,2021,3,2,13,15,13,13215,LYON (RUE DE),43.3274,5.3662,Plein jour,En agglomération,Hors intersection,Normale,Autre collision,4,2,2,0,1,1,1,0,1,50,,3,2,0,0,1,55.0,,,,1,2,1,1,6
202100049512,2021-03-02 08:35:00,2021,3,2,8,35,13,13212,24 AVRIL 15 (AVENUE DU),43.308013,5.433574,Plein jour,En agglomération,Hors intersection,Normale,Autre collision,4,2,2,0,1,1,1,0,1,50,,2,1,0,1,0,35.0,,,,1,2,1,1,6
202100049513,2021-02-28 20:00:00,2021,2,28,20,0,13,13206,BAILLE (BOULEVARD),43.28749,5.38907,Nuit avec éclairage allumé,En agglomération,Intersection en X,Normale,Deux véhicules - côté,4,3,4,0,2,1,1,0,1,50,,2,1,0,1,0,46.0,54.0,,,5,2,2,1,3
202100049514,2021-03-02 14:10:00,2021,3,2,14,10,13,13005,LEGION ETRANGERE,43.2906113015,5.5535788499,Plein jour,En agglomération,Hors intersection,Normale,Deux véhicules - arrière,7,2,2,0,1,1,1,0,1,50,,2,1,0,0,1,33.0,30.0,,,1,2,1,1,2
202100049515,2021-02-06 07:15:00,2021,2,6,7,15,11,11262,1848 (BOULEVARD),43.19157,3.01512,Nuit avec éclairage allumé,En agglomération,Hors intersection,Normale,Sans collision,4,3,0,0,1,1,1,0,1,50,,2,1,0,0,1,22.0,,,,5,2,1,1,7
202100049516,2021-03-02 17:30:00,2021,3,2,17,30,10,10387,LA FONTAINE (RUE),48.29735,4.08011,Plein jour,En agglomération,Hors intersection,Normale,Sans collision,4,1,1,0,1,1,1,0,1,50,,2,1,0,0,1,31.0,,,,1,2,1,1,7
202100049517,2021-03-02 15:10:00,2021,3,2,15,10,10,10387,PASTEUR (RUE),48.30131,4.06423,Plein jour,En agglomération,Intersection en X,Normale,Deux véhicules - côté,4,-1,2,0,1,1,1,0,1,50,,3,2,0,0,1,77.0,60.0,,,1,2,2,1,3
202100049518,2021-03-01 14:54:00,2021,3,1,14,54,10,10387,GEORGES POMPIDOU (RUE),48.287902,4.081225,Plein jour,En agglomération,Giratoire,Normale,Deux véhicules - côté,4,1,1,2,1,2,1,0,5,50,,2,1,0,0,1,33.0,60.0,,,1,2,6,1,3
202100049519,2021-03-02 08:35:00,2021,3,2,8,35,02,02738,DENFERT ROCHEREAU,49.65848,3.29224,Plein jour,En agglomération,Hors intersection,Temps éblouissant,Autre collision,4,2,2,0,1,1,1,0,1,50,,1,0,0,1,0,19.0,,,,1,2,1,7,6
202100049520,2021-03-02 14:30:00,2021,3,2,14,30,75,75116,BOULEVARD PERIPHERIQUE INTERIEUR OUEST,48.835182,2.260879,Plein jour,En agglomération,Intersection en Y,Normale,Autre collision,4,1,4,0,1,3,2,1,1,70,,1,0,0,0,1,20.0,,,,1,2,4,1,6
202100049521,2021-03-02 10:23:00,2021,3,2,10,23,75,75119,AVENUE JEAN JAURES,48.887801,2.389298,Plein jour,En agglomération,Intersection en X,Normale,Deux véhicules - côté,4,2,3,1,1,1,1,-1,5,50,,2,1,0,1,0,31.0,27.0,,,1,2,2,1,3
202100049522,2021-03-02 08:30:00,2021,3,2,8,30,75,75119,AVENUE SECRETAN,48.881239,2.37324,Plein jour,En agglomération,Intersection en X,Normale,Autre collision,4,2,3,3,2,1,1,0,1,50,,2,1,0,0,1,45.0,,,,1,2,2,1,6
202100049523,2021-03-01 17:00:00,2021,3,1,17,0,75,75109,PLACE DE CLICHY,48.883639,2.328217,Plein jour,En agglomération,Hors intersection,Normale,Autre collision,4,1,2,3,1,1,1,-1,6,50,,2,1,0,0,1,29.0,,,,1,2,1,1,6
202100049524,2021-03-01 21:50:00,2021,3,1,21,50,75,75117,BOULEVARD DE DOUAUMONT,48.894675,2.306238,Nuit avec éclairage allumé,En agglomération,Hors intersection,Normale,Sans collision,4,1,1,0,1,1,1,8,1,30,,1,0,0,0,1,29.0,,,,5,2,1,1,7
202100049525,2021-03-02 08:45:00,2021,3,2,8,45,75,75116,AVENUE DES NATIONS UNIES,48.861812,2.291652,Plein jour,En agglomération,Hors intersection,Normale,Deux véhicules - côté,4,2,2,0,2,1,1,0,1,50,,2,1,0,0,1,62.0,26.0,,,1,2,1,1,3
202100049526,2021-03-01 09:55:00,2021,3,1,9,55,75,75116,RUE DAUMIER,48.839569,2.263335,Plein jour,En agglomération,Intersection en X,Normale,Autre collision,4,1,1,0,1,1,1,0,1,50,,2,1,0,0,1,27.0,,,,1,2,2,1,6
202100049527,2021-03-02 09:55:00,2021,3,2,9,55,75,75114,AVENUE DE LA PORTE D ORLEANS,48.820377,2.325432,Plein jour,En agglomération,Intersection en X,Normale,Deux véhicules - côté,4,1,2,0,3,1,1,0,1,50,,2,1,0,0,1,21.0,40.0,,,1,2,2,1,3
202100049528,2021-03-01 17:20:00,2021,3,1,17,20,75,75114,RUE DE LA LEGION ETRANGERE,48.8215061898,2.324835324,Plein jour,En agglomération,Intersection en Y,Normale,Autre collision,4,1,2,3,1,1,1,-1,6,50,,2,1,0,0,1,33.0,,,,1,2,4,1,6
202100049529,2021-03-02 16:30:00,2021,3,2,16,30,75,75112,COURS DE VINCENNES,48.847801,2.39909,Plein jour,En agglomération,Intersection en X,Normale,Deux véhicules - côté,4,1,1,0,1,1,1,0,1,30,,2,1,0,0,1,46.0,57.0,,,1,2,2,1,3
202100049530,2021-03-01 17:45:00,2021,3,1,17,45,75,75112,BOULEVARD DE LA BASTILLE,48.846461,2.366899,Plein jour,En agglomération,Intersection en T,Normale,Deux véhicules - côté,4,2,2,2,1,1,1,-1,5,50,,2,1,0,0,1,28.0,58.0,,,1,2,3,1,3
202100049531,2021-03-02 10:45:00,2021,3,2,10,45,75,75111,BOULEVARD VOLTAIRE,48.860984,2.374798,Plein jour,En agglomération,Intersection en Y,Normale,Autre collision,4,2,2,1,1,1,1,-1,5,30,,2,1,0,0,1,62.0,,,,1,2,4,1,6
202100049532,2021-03-02 21:20:00,2021,3,2,21,20,75,75101,RUE DU MARCHE SAINT HONORE,48.867819,2.332291,Nuit avec éclairage allumé,En agglomération,Intersection en X,Normale,Deux véhicules - côté,4,2,1,0,1,1,1,0,1,50,,2,1,0,0,1,32.0,30.0,,,5,2,2,1,3
202100049533,2021-03-01 16:45:00,2021,3,1,16,45,94,94068,Rue Politzer,48.8098,2.46654,Plein jour,En agglomération,Intersection en X,Normale,Deux véhicules - frontale,4,1,1,1,4,1,1,0,1,30,,2,1,0,0,1,47.0,38.0,,,1,2,2,1,1
202100049534,2021-03-01 20:38:00,2021,3,1,20,38,94,94041,PAUL VAILLANT COUTURIER (BD),48.81,2.39,Nuit avec éclairage allumé,En agglomération,Hors intersection,Normale,Autre collision,3,2,3,3,1,1,1,0,1,50,,3,2,0,0,1,27.0,49.0,,,5,2,1,1,6
202100049535,2021-03-01 12:45:00,2021,3,1,12,45,94,94065,BALTARD (R),48.7579,2.34595,Plein jour,En agglomération,Hors intersection,Normale,Deux véhicules - arrière,4,1,2,0,1,1,1,0,1,50,,2,1,0,0,1,23.0,67.0,,,1,2,1,1,2
202100049536,2021-03-02 10:30:00,2021,3,2,10,30,94,94028,GAULLE(AVENUE DU GENERAL DE),48.783,2.45261,Plein jour,En agglomération,Hors intersection,Normale,Autre collision,3,1,2,0,1,1,1,0,1,50,,2,1,0,0,1,35.0,,,,1,2,1,1,6
202100049537,2021-03-01 18:40:00,2021,3,1,18,40,94,94011,Avenue Rhin et Danube,48.76904,2.48873,Nuit avec éclairage allumé,En agglomération,Hors intersection,Normale,Autre collision,3,3,4,0,1,3,1,0,1,50,,1,0,0,0,1,34.0,,,,5,2,1,1,6
202100049538,2021-03-02 12:10:00,2021,3,2,12,10,94,94017,SONIA DE LAUNAY (VOI),48.8122,2.53401,Plein jour,En agglomération,Hors intersection,Normale,Deux véhicules - arrière,3,2,2,1,1,1,1,0,1,50,,2,1,0,0,1,63.0,39.0,,,1,2,1,1,2
202100049539,2021-02-26 21:30:00,2021,2,26,21,30,94,94002,Rue Paul Vaillant Couturier / Rue Louis Blanc,48.8063,2.41857,Nuit avec éclairage allumé,En agglomération,Intersection en X,Normale,Deux véhicules - côté,4,1,1,0,1,1,1,0,1,50,,3,1,0,0,2,33.0,34.0,,,5,2,2,1,3
202100049540,2021-03-02 15:05:00,2021,3,2,15,5,93,93070,SEINE (QUAI DE),48.91441,2.31867,Plein jour,En agglomération,Autre intersection,Normale,Deux véhicules - côté,3,2,2,0,1,1,1,0,6,50,,2,1,0,0,1,24.0,55.0,,,1,2,9,1,3
202100049541,2021-03-01 13:30:00,2021,3,1,13,30,93,93066,"""LANDY RD 20, NR IMPAIRS 1 A 144""",48.9153425166,2.3538885448,Plein jour,En agglomération,Hors intersection,Normale,Deux véhicules - arrière,3,2,2,0,1,1,1,0,1,50,,2,1,0,0,1,37.0,34.0,,,1,2,1,1,2
202100049542,2021-02-28 01:18:00,2021,2,28,1,18,93,93029,CASTELNAU (AVENUE),48.92916,2.45822,Nuit avec éclairage allumé,En agglomération,Intersection en T,Normale,Deux véhicules - côté,4,2,1,0,1,1,1,0,1,30,,2,1,0,0,1,36.0,29.0,,,5,2,3,1,3
202100049543,2021-03-02 16:10:00,2021,3,2,16,10,93,93005,Place Camelinat,48.92862,2.49858,Plein jour,En agglomération,Place,Normale,Autre collision,4,1,1,0,1,1,1,0,1,30,,2,1,0,0,1,33.0,,,,1,2,7,1,6
202100049544,2021-03-02 18:02:00,2021,3,2,18,2,92,92075,MARY BESSEYRE (RUE),48.8206981625,2.2903932362,Crépuscule ou aube,En agglomération,Hors intersection,Normale,Deux véhicules - côté,4,1,2,1,1,1,1,0,1,30,,2,1,0,0,1,64.0,18.0,,,2,2,1,1,3
202100049545,2021-03-02 18:00:00,2021,3,2,18,0,92,92050,REPUBLIQUE AVENUE DE LA,48.90921,2.21644,Crépuscule ou aube,En agglomération,Intersection en X,Normale,Deux véhicules - côté,3,2,2,0,1,1,1,0,1,50,,2,1,0,0,1,35.0,23.0,,,2,2,2,1,3
202100049546,2021-03-02 14:20:00,2021,3,2,14,20,92,92025,FELIX FAURE (RUE),48.9147757248,2.2550216317,Plein jour,En agglomération,Intersection en X,Normale,Deux véhicules - côté,4,2,2,0,1,1,1,0,1,50,,2,1,0,0,1,18.0,31.0,,,1,2,2,1,3
202100049547,2021-03-01 18:00:00,2021,3,1,18,0,92,92025,GABRIEL PERI (RUE),48.9221540524,2.2471252909,Plein jour,En agglomération,Autre intersection,Normale,Autre collision,4,1,0,0,1,1,1,0,1,50,,3,2,0,1,0,27.0,,,,1,2,9,1,6
202100049548,2021-03-02 17:00:00,2021,3,2,17,0,92,92012,SILLY (RUE DE) 1/87 - 2/88,48.8390169794,2.2320511937,Plein jour,En agglomération,Intersection en X,Normale,Deux véhicules - côté,3,2,2,1,1,1,1,0,1,50,,2,1,0,1,0,24.0,65.0,,,1,2,2,1,3
202100049549,2021-03-02 19:00:00,2021,3,2,19,0,37,37155,Le sentier,47.621789109,0.8192255182,Nuit sans éclairage public,Hors agglomération,Hors intersection,Normale,Sans collision,3,2,2,0,1,3,1,0,3,80,,1,0,0,0,1,41.0,,,,3,1,1,1,7
202100049550,2021-03-03 02:10:00,2021,3,3,2,10,60,60561,Russy-Bémont,49.2452329448,2.9619791311,Nuit sans éclairage public,En agglomération,Hors intersection,Normale,Sans collision,4,2,2,0,1,1,1,0,8,80,,1,0,0,0,1,24.0,,,,3,2,1,1,7
202100049551,2021-02-28 15:00:00,2021,2,28,15,0,37,37213,"A28, barrière de péage",47.638198,0.496742,Plein jour,Hors agglomération,Hors intersection,Normale,Deux véhicules - arrière,1,3,4,0,1,1,1,9,1,130,,5,3,0,0,2,41.0,29.0,,,1,1,1,1,2
202100049552,2021-03-02 07:00:00,2021,3,2,7,0,61,61256,a 88 PK 010+100,48.663536,0.06772,Crépuscule ou aube,Hors agglomération,Hors intersection,Normale,Sans collision,1,3,4,0,1,1,1,0,3,130,,1,0,0,1,0,37.0,,,,2,1,1,1,7
202100049553,2021-03-02 19:50:00,2021,3,2,19,50,57,57041,D906,49.408359,5.930734,Nuit sans éclairage public,Hors agglomération,Hors intersection,Normale,Trois véhicules et plus - collisions multiples,3,2,2,0,1,2,1,0,1,80,,4,3,0,1,0,26.0,24.0,,,3,1,1,1,5
202100049554,2021-03-02 16:55:00,2021,3,2,16,55,77,77357,27 avenue du général de gaulle,48.656227,3.078806,Plein jour,En agglomération,Intersection en X,Normale,Deux véhicules - côté,3,2,2,0,1,1,1,0,1,30,,2,1,0,1,0,56.0,38.0,,,1,2,2,1,3
202100049555,2021-03-01 15:50:00,2021,3,1,15,50,61,61167,Route de Moulins la Marche,48.822759,0.507238,Plein jour,Hors agglomération,Hors intersection,Normale,Deux véhicules - côté,3,2,2,0,1,1,1,0,1,80,,2,1,0,1,0,21.0,33.0,,,1,1,1,1,3
202100049556,2021-03-01 05:30:00,2021,3,1,5,30,61,61167,Grande Rue,48.84217,0.507999,Nuit avec éclairage allumé,En agglomération,Intersection en Y,Normale,Sans collision,3,2,2,0,1,1,1,0,1,50,,1,0,0,1,0,52.0,,,,5,2,4,1,7
202100049557,2021-03-02 17:30:00,2021,3,2,17,30,34,34031,Chemin de Vias,43.345061,3.423443,Plein jour,Hors agglomération,Hors intersection,Temps couvert,Deux véhicules - frontale,3,2,2,0,3,4,1,2,1,50,,5,2,0,0,3,19.0,46.0,,,1,1,1,8,1
202100049558,2021-03-03 15:50:00,2021,3,3,15,50,39,39412,,46.979345,5.374374,Plein jour,Hors agglomération,Hors intersection,Normale,Deux véhicules - frontale,3,2,2,0,1,1,1,0,1,80,,2,1,1,0,0,22.0,30.0,,,1,1,1,1,1
202100049559,2021-03-03 14:50:00,2021,3,3,14,50,02,02361,Place Louis Meurisse,49.900478,3.630611,Plein jour,En agglomération,Giratoire,Normale,Deux véhicules - côté,3,2,2,0,1,1,1,9,1,50,,2,1,0,1,0,72.0,31.0,,,1,2,6,1,3
202100049560,2021-03-03 09:15:00,2021,3,3,9,15,64,64023,D938,43.2299817894,-0.2589418897,Plein jour,Hors agglomération,Hors intersection,Normale,Deux véhicules - frontale,3,2,2,0,1,3,1,0,1,80,,2,0,0,0,2,56.0,53.0,,,1,1,1,1,1
202100049561,2021-03-01 14:30:00,2021,3,1,14,30,06,06083,"autoroute A8, Viaduc de Cabrolles, PK 219.800, chaussée sud , sens FRANCE-ITALIE",43.796848,7.480692,Plein jour,Hors agglomération,Hors intersection,Normale,Deux véhicules - arrière,1,3,4,0,1,3,1,2,1,110,,2,1,0,0,1,59.0,47.0,,,1,1,1,1,2
202100049562,2021-03-01 17:30:00,2021,3,1,17,30,46,46240,D673,44.802986,1.564744,Plein jour,Hors agglomération,Hors intersection,Normale,Sans collision,3,2,2,0,1,1,1,0,1,80,,1,0,0,1,0,64.0,,,,1,1,1,1,7
202100049563,2021-03-02 14:55:00,2021,3,2,14,55,45,45253,D927-PR 4 + 400,48.166173,2.199315,Plein jour,Hors agglomération,Intersection en X,Normale,Deux véhicules - arrière,3,2,2,0,1,1,1,0,1,-1,,3,1,0,0,2,36.0,23.0,,,1,1,2,1,2
202100049564,2021-03-02 17:35:00,2021,3,2,17,35,68,68294,rue Maurice Burrus,48.262841,7.226756,Plein jour,En agglomération,Intersection en T,Normale,Deux véhicules - côté,3,2,2,0,1,1,1,0,1,50,,2,1,0,0,1,50.0,16.0,,,1,2,3,1,3
202100049565,2021-03-02 14:45:00,2021,3,2,14,45,67,67018,D75,48.581583,7.423239,Plein jour,Hors agglomération,Hors intersection,Normale,Sans collision,3,2,2,0,2,2,1,0,8,80,,1,0,0,1,0,70.0,,,,1,1,1,1,7