accident_id,datetime,annee,mois,jour,heure,minute,departement,commune_insee,adresse,latitude,longitude,luminosite,agglomeration,intersection,meteo,collision,catr,circ,nbv,vosp,prof,plan,surf,infra,situ,vma,nb_vehicules,nb_usagers,nb_indemnes,nb_tues,nb_blesses_hosp,nb_blesses_legers,age_cond_1,age_cond_2,veh_type_cond_1,veh_type_cond_2,lum_code,agg_code,int_code,atm_code,col_code
202100049566,2021-03-02 15:00:00,2021,3,2,15,0,67,67520,Rue de la Gare,48.633284,7.450238,Plein jour,En agglomération,Intersection en X,Normale,Autre collision,3,2,2,0,1,1,1,0,1,50,,2,1,0,1,0,45.0,,,,1,2,2,1,6
202100049567,2021-02-19 15:30:00,2021,2,19,15,30,69,69273,CONDORCET (R),45.660423,4.901101,Plein jour,En agglomération,Hors intersection,Normale,Sans collision,4,2,2,0,1,1,1,0,1,50,,1,0,0,0,1,74.0,,,,1,2,1,1,7
202100049568,2021-02-27 18:00:00,2021,2,27,18,0,49,49035,D102e,47.445366,-0.619301,Plein jour,Hors agglomération,Hors intersection,Normale,Trois véhicules et plus - collisions multiples,3,2,2,0,1,2,1,0,1,80,,3,2,0,1,0,22.0,49.0,,,1,1,1,1,5
202100049569,2021-03-02 13:15:00,2021,3,2,13,15,61,61234,Zone Industrielle de Montperthuis,48.450294,0.046603,Plein jour,Hors agglomération,Hors intersection,Normale,Deux véhicules - côté,3,2,2,0,1,1,1,0,1,90,,2,1,0,0,1,55.0,56.0,,,1,1,1,1,3
202100049570,2021-02-28 16:30:00,2021,2,28,16,30,22,22327,D166,48.492812,-2.041778,Plein jour,Hors agglomération,Intersection en X,Normale,Deux véhicules - frontale,4,2,2,0,1,1,1,0,1,70,,2,1,0,1,0,69.0,18.0,,,1,1,2,1,1
202100049571,2021-03-02 17:30:00,2021,3,2,17,30,13,13214,A7-Sens Lyon vers Marseille,43.3379,5.3768,Plein jour,Hors agglomération,Hors intersection,Normale,Autre collision,1,2,3,0,2,1,1,0,1,70,,1,0,0,0,1,37.0,,,,1,1,1,1,6
202100049572,2021-03-02 14:30:00,2021,3,2,14,30,13,13106,A51-Sens Marseille vers Aix en Provence,43.4056482913,5.3613632014,Plein jour,Hors agglomération,Hors intersection,Normale,Deux véhicules - arrière,1,1,3,0,1,1,1,0,1,90,,4,3,0,0,1,48.0,43.0,,,1,1,1,1,2
202100049573,2021-02-25 08:30:00,2021,2,25,8,30,13,13210,A50-Sens Aubagne vers Marseille,43.28603,5.43057,Plein jour,Hors agglomération,Hors intersection,Normale,Deux véhicules - côté,1,1,2,0,2,1,1,1,1,70,,2,1,0,0,1,20.0,57.0,,,1,1,1,1,3
202100049574,2021-03-01 15:50:00,2021,3,1,15,50,13,13015,A515CM-sortie Gardanne/Bouc Bel Air,43.4294400224,5.3921966567,Plein jour,Hors agglomération,Hors intersection,Normale,Trois véhicules et plus - en chaîne,1,-1,2,0,1,1,1,0,1,70,,4,3,0,0,1,28.0,65.0,,,1,1,1,1,4
202100049575,2021-03-02 08:50:00,2021,3,2,8,50,33,33448,,44.715533,-0.518648,Plein jour,Hors agglomération,Hors intersection,Normale,Autre collision,1,3,4,0,1,1,1,0,1,130,,1,0,0,0,1,30.0,,,,1,1,1,1,6
202100049576,2021-03-02 12:50:00,2021,3,2,12,50,91,91228,AUTOROUTE A6,48.626,2.4162,Plein jour,Hors agglomération,Hors intersection,Normale,Trois véhicules et plus - collisions multiples,1,3,3,0,2,1,1,0,1,110,,3,2,0,0,1,35.0,21.0,,,1,1,1,1,5
202100049577,2021-03-02 09:20:00,2021,3,2,9,20,91,91471,RN 118,48.7134,2.17895,Plein jour,Hors agglomération,Hors intersection,Normale,Deux véhicules - arrière,2,3,7,0,3,1,1,0,1,110,,2,0,0,0,2,29.0,23.0,,,1,1,1,1,2
202100049578,2021-03-02 17:00:00,2021,3,2,17,0,93,93066,AUTOROUTE A1,48.91215,2.35812,Plein jour,Hors agglomération,Hors intersection,Normale,Deux véhicules - arrière,1,3,8,0,1,1,1,1,1,90,,3,2,0,0,1,68.0,51.0,,,1,1,1,1,2
202100049579,2021-03-02 12:40:00,2021,3,2,12,40,95,95277,RD 170 ,48.975163185,2.4850985631,Plein jour,Hors agglomération,Hors intersection,Normale,Sans collision,3,3,5,0,1,1,1,0,1,70,,1,0,0,0,1,30.0,,,,1,1,1,1,7
202100049580,2021-03-02 13:00:00,2021,3,2,13,0,95,95151,RN 104,49.0627736616,2.2755945549,Plein jour,Hors agglomération,Hors intersection,Normale,Autre collision,2,3,4,0,1,1,1,0,1,90,,1,0,0,0,1,54.0,,,,1,1,1,1,6
202100049581,2021-03-02 10:10:00,2021,3,2,10,10,93,93010,AUTOROUTE A3,48.90625,2.47214,Plein jour,Hors agglomération,Hors intersection,Normale,Deux véhicules - côté,1,3,6,0,1,1,1,0,1,90,,2,1,0,1,0,40.0,26.0,,,1,1,1,1,3
202100049582,2021-03-02 08:25:00,2021,3,2,8,25,93,93048,AUTOROUTE A3,48.87067,2.43113,Plein jour,Hors agglomération,Hors intersection,Normale,Deux véhicules - côté,1,3,9,0,1,1,1,1,1,90,,2,1,0,0,1,28.0,42.0,,,1,1,1,1,3
202100049583,2021-03-01 17:30:00,2021,3,1,17,30,93,93005,AUTOROUTE A3,48.96744,2.47878,Plein jour,Hors agglomération,Hors intersection,Normale,Trois véhicules et plus - en chaîne,1,3,-1,0,1,1,1,0,1,70,,3,2,0,0,1,44.0,53.0,,,1,1,1,1,4
202100049584,2021-03-01 12:40:00,2021,3,1,12,40,95,95277, A3,48.96856,2.47901,Plein jour,Hors agglomération,Hors intersection,Normale,Trois véhicules et plus - collisions multiples,1,3,-1,0,1,1,1,0,1,90,,5,3,0,0,2,49.0,44.0,,,1,1,1,1,5
202100049585,2021-03-01 08:30:00,2021,3,1,8,30,93,93078,AUTOROUTE A104,48.96692,2.5133,Plein jour,Hors agglomération,Hors intersection,Normale,Deux véhicules - arrière,1,3,8,0,1,1,1,0,1,110,,3,1,0,0,2,39.0,24.0,,,1,1,1,1,2
202100049586,2021-03-02 19:00:00,2021,3,2,19,0,94,94017,A4,48.82869,2.47834,Plein jour,Hors agglomération,Hors intersection,Normale,Deux véhicules - arrière,1,1,4,0,1,1,1,0,1,90,,2,1,0,0,1,44.0,28.0,,,1,1,1,1,2
202100049587,2021-03-02 18:00:00,2021,3,2,18,0,77,77121,A104,48.8405204658,2.6639265272,Crépuscule ou aube,Hors agglomération,Hors intersection,Normale,Trois véhicules et plus - en chaîne,1,3,6,0,1,1,1,0,1,90,,6,3,0,0,3,27.0,28.0,,,2,1,1,1,4
202100049588,2021-03-02 17:30:00,2021,3,2,17,30,94,94028,A86 EXT,48.77612,2.4287,Plein jour,Hors agglomération,Hors intersection,Normale,Trois véhicules et plus - en chaîne,1,3,2,0,2,1,1,0,1,90,,3,1,0,0,2,58.0,56.0,,,1,1,1,1,4
202100049589,2021-03-02 13:30:00,2021,3,2,13,30,75,75112,A4,48.82078,2.46113,Plein jour,Hors agglomération,Hors intersection,Normale,Trois véhicules et plus - en chaîne,1,-1,3,0,1,1,1,0,1,90,,3,2,0,0,1,38.0,46.0,,,1,1,1,1,4
202100049590,2021-03-01 12:30:00,2021,3,1,12,30,77,77514,A104,48.93744,2.62835,Plein jour,Hors agglomération,Hors intersection,Normale,Autre collision,1,3,2,0,2,1,1,0,1,90,,4,3,0,0,1,43.0,64.0,,,1,1,1,1,6
202100049591,2021-03-01 13:15:00,2021,3,1,13,15,974,97409,JEAN ALBANI(RUE),-20.96957,55.64885,Plein jour,En agglomération,Hors intersection,Normale,Deux véhicules - arrière,4,3,2,0,1,3,1,0,1,50,,1,0,0,0,1,19.0,,,,1,2,1,1,2
202100049592,2021-02-28 21:00:00,2021,2,28,21,0,974,97407,COMMUNE DE PARIS (AVENUE),-20.93766,55.29081,Nuit avec éclairage allumé,En agglomération,Autre intersection,Normale,Deux véhicules - côté,4,3,2,0,1,1,1,0,1,50,,2,1,0,1,0,21.0,72.0,,,5,2,9,1,3
202100049593,2021-03-01 14:00:00,2021,3,1,14,0,973,97302,MONTABO (ROUTE DE) 4,4.9273781132,-52.2898483873,Plein jour,En agglomération,Giratoire,Pluie légère,Deux véhicules - côté,3,2,2,2,1,1,2,0,1,50,,2,1,0,0,1,35.0,29.0,,,1,2,6,2,3
202100049594,2021-03-01 14:30:00,2021,3,1,14,30,69,69388,FRERES LUMIERE (DES)                (AV),45.74441,4.8689,Plein jour,En agglomération,Hors intersection,Normale,Autre collision,4,1,2,3,1,1,1,0,6,50,,2,1,0,0,1,40.0,,,,1,2,1,1,6
202100049595,2021-03-01 06:50:00,2021,3,1,6,50,972,97213,ROUTE DEPARTEMENTALE 3,14.64067,-60.99208,Plein jour,Hors agglomération,Intersection en T,Normale,Deux véhicules - côté,3,2,2,0,1,2,1,0,1,80,,2,1,0,0,1,41.0,60.0,,,1,1,3,1,3
202100049596,2021-02-28 08:25:00,2021,2,28,8,25,972,97209,Route de Bois Boyer,14.63108,-61.03664,Plein jour,Hors agglomération,Hors intersection,Normale,Deux véhicules - frontale,3,2,2,0,1,1,1,0,1,50,,3,1,0,0,2,42.0,,,,1,1,1,1,1
202100049597,2021-02-27 05:15:00,2021,2,27,5,15,972,97209,AUTOROUTE (A1),14.61444,-61.0482,Crépuscule ou aube,Hors agglomération,Hors intersection,Normale,Autre collision,1,3,7,0,1,1,1,5,3,90,,1,0,0,0,1,22.0,,,,2,1,1,1,6
202100049598,2021-03-01 07:40:00,2021,3,1,7,40,69,69034,CLAUDE BAUDRAND (R),45.7861283889,4.8341785574,Plein jour,En agglomération,Intersection en T,Normale,Deux véhicules - arrière,4,2,2,0,1,1,1,0,1,50,,2,1,0,0,1,60.0,25.0,,,1,2,3,1,2
202100049599,2021-02-28 23:25:00,2021,2,28,23,25,971,97101,PAUL VALENTINO (AVENUE),16.227159,-61.529693,Nuit avec éclairage allumé,Hors agglomération,Hors intersection,Normale,Deux véhicules - côté,3,2,0,0,1,1,1,9,8,50,,2,1,0,1,0,33.0,19.0,,,5,1,1,1,3
202100049600,2021-03-01 16:15:00,2021,3,1,16,15,971,97107,FRONT DE MER ( BOULEVARD),16.04236,-61.56438,Plein jour,En agglomération,Hors intersection,Normale,Deux véhicules - côté,4,2,1,0,1,1,1,0,1,50,,4,3,0,1,0,66.0,19.0,,,1,2,1,1,3
202100049601,2021-02-26 18:53:00,2021,2,26,18,53,95,95476,LIVILLIERS (RUE DE),49.072942842,2.0706868172,Nuit avec éclairage allumé,En agglomération,Intersection en T,Normale,Deux véhicules - côté,4,2,2,0,1,1,1,0,1,30,,2,1,0,1,0,22.0,27.0,,,5,2,3,1,3
202100049602,2021-03-01 10:35:00,2021,3,1,10,35,91,91021,PL DU MARCHE,48.59,2.25,Plein jour,En agglomération,Hors intersection,Temps éblouissant,Autre collision,4,1,1,0,1,1,1,0,1,30,,2,1,0,0,1,83.0,,,,1,2,1,7,6
202100049603,2021-03-01 08:40:00,2021,3,1,8,40,91,91103,RUE DE LEUVILLE,48.6169,2.2934,Plein jour,En agglomération,Autre intersection,Normale,Autre collision,4,2,2,0,1,1,1,0,1,50,,2,1,0,0,1,65.0,71.0,,,1,2,9,1,6
202100049604,2021-03-01 08:55:00,2021,3,1,8,55,91,91161,RUE D EFFIAT,48.70031,2.3179,Plein jour,En agglomération,Intersection en T,Normale,Sans collision,3,2,2,0,1,1,1,0,1,50,,1,0,0,0,1,67.0,,,,1,2,3,1,7
202100049605,2021-03-01 10:05:00,2021,3,1,10,5,91,91687,GENERAL DE GAULLE (AVENUE DU),48.678635,2.382341,Plein jour,En agglomération,Intersection en X,Normale,Deux véhicules - côté,3,2,4,0,1,1,1,5,1,50,,2,1,0,0,1,68.0,51.0,,,1,2,2,1,3
202100049606,2021-02-20 08:15:00,2021,2,20,8,15,91,91521,GRIGNY (ROUTE DE),48.65093,2.40418,Crépuscule ou aube,En agglomération,Hors intersection,Normale,Autre collision,4,2,2,0,1,1,1,0,1,50,,2,1,0,1,0,24.0,,,,2,2,1,1,6
202100049607,2021-02-28 14:49:00,2021,2,28,14,49,87,87085,CAVOU (RUE DU),45.84754,1.1924,Plein jour,Hors agglomération,Hors intersection,Normale,Sans collision,4,2,2,0,1,1,1,0,1,70,,2,1,0,0,1,15.0,15.0,,,1,1,1,1,7
202100049608,2021-02-26 16:34:00,2021,2,26,16,34,87,87085,RD 704A,45.79777,1.29497,Plein jour,Hors agglomération,Hors intersection,Normale,Deux véhicules - arrière,3,2,2,0,2,3,1,0,1,70,,2,0,0,0,2,37.0,50.0,,,1,1,1,1,2
202100049609,2021-02-26 17:30:00,2021,2,26,17,30,86,86158,N147,46.62137,0.303379,Plein jour,Hors agglomération,Hors intersection,Normale,Trois véhicules et plus - collisions multiples,2,3,4,0,2,1,1,0,1,70,,5,3,0,0,2,33.0,36.0,,,1,1,1,1,5
202100049610,2021-03-01 08:20:00,2021,3,1,8,20,83,83137,CLEMENCEAU (BD GEORGES),43.12321,5.93812,Plein jour,En agglomération,Hors intersection,Normale,Deux véhicules - côté,4,2,6,3,1,1,1,9,6,50,,2,1,0,1,0,39.0,28.0,,,1,2,1,1,3
202100049611,2021-02-27 17:00:00,2021,2,27,17,0,80,80021,DURY (BOULEVARD DE),49.8799291652,2.2908961773,Plein jour,En agglomération,Intersection en X,Normale,Deux véhicules - côté,4,2,6,0,1,1,1,0,1,50,,2,0,0,0,2,58.0,68.0,,,1,2,2,1,3
202100049612,2021-02-26 10:20:00,2021,2,26,10,20,80,80021,EUROPE (AVENUE DE L'),49.91366,2.3025,Plein jour,En agglomération,Hors intersection,Normale,Deux véhicules - côté,4,2,4,0,1,1,1,0,1,50,,2,1,0,0,1,53.0,54.0,,,1,2,1,1,3
202100049613,2021-03-01 16:16:00,2021,3,1,16,16,77,77445,REGALLES (AVENUE DES),48.60346,2.55916,Plein jour,En agglomération,Intersection à plus de 4 branches,Normale,Deux véhicules - côté,3,2,4,3,1,1,1,5,1,50,,2,1,0,1,0,62.0,49.0,,,1,2,5,1,3
202100049614,2021-02-28 16:30:00,2021,2,28,16,30,76,76231,Rue des Martyrs,49.28847,1.006706,Plein jour,En agglomération,Intersection en X,Normale,Deux véhicules - côté,4,2,2,0,1,1,1,0,1,30,,2,1,0,1,0,29.0,22.0,,,1,2,2,1,3
202100049615,2021-02-11 14:11:00,2021,2,11,14,11,76,76575,VELAY. RUE DU,49.37,1.09785,Plein jour,En agglomération,Hors intersection,Normale,Autre collision,4,2,2,0,1,4,1,9,1,30,,2,0,0,0,2,21.0,,,,1,2,1,1,6
202100049616,2021-02-10 17:15:00,2021,2,10,17,15,76,76322,VAILLANT COUTURIER. RUE PAUL,49.41898,1.04294,Plein jour,En agglomération,Hors intersection,Normale,Autre collision,4,2,2,0,1,3,1,0,1,50,,2,1,0,0,1,57.0,,,,1,2,1,1,6
202100049617,2021-02-28 16:30:00,2021,2,28,16,30,76,76552,PRESIDENT FELIX FAURE (BD),49.50734,0.07388,Plein jour,En agglomération,Hors intersection,Normale,Sans collision,3,2,2,0,2,1,1,0,1,30,,1,0,0,0,1,16.0,,,,1,2,1,1,7
202100049618,2021-02-28 10:55:00,2021,2,28,10,55,67,67482,ROMAINS (ROUTE DES),48.579081,7.712773,Plein jour,En agglomération,Hors intersection,Normale,Autre collision,4,2,4,1,1,1,1,0,1,50,,2,1,0,0,1,47.0,,,,1,2,1,1,6
202100049619,2021-02-28 11:00:00,2021,2,28,11,0,67,67482,HOPITAL (ROUTE DE L ),48.57167,7.75057,Plein jour,En agglomération,Intersection en T,Normale,Deux véhicules - côté,4,2,2,0,1,1,1,2,1,50,,3,1,0,0,2,80.0,45.0,,,1,2,3,1,3
202100049620,2021-02-27 17:45:00,2021,2,27,17,45,67,67118,ROMAINS (ROUTE DES),48.5827302717,7.69141427,Crépuscule ou aube,En agglomération,Hors intersection,Temps éblouissant,Autre collision,4,2,4,1,1,1,1,0,1,50,,2,1,0,0,1,37.0,,,,2,2,1,7,6
202100049621,2021-02-27 18:10:00,2021,2,27,18,10,67,67482,STEPHANIE (RUE),48.5304,7.76846,Crépuscule ou aube,En agglomération,Intersection en T,Normale,Deux véhicules - côté,4,2,2,0,1,1,1,0,1,30,,2,1,0,0,1,18.0,66.0,,,2,2,3,1,3
202100049622,2021-02-27 16:10:00,2021,2,27,16,10,67,67482,HELBLING (QUAI JEANNE),48.573558,7.762141,Plein jour,En agglomération,Hors intersection,Normale,Autre collision,4,-1,0,0,1,1,1,6,8,15,,2,1,0,0,1,42.0,,,,1,2,1,1,6
202100049623,2021-02-27 16:00:00,2021,2,27,16,0,67,67447,PROVENCE (RUE DE),48.60826,7.76442,Plein jour,En agglomération,Intersection en T,Normale,Autre collision,4,1,1,0,1,1,1,0,1,20,,2,1,0,0,1,56.0,,,,1,2,3,1,6
202100049624,2021-02-26 11:20:00,2021,2,26,11,20,67,67482,DIVISION LECLERC (RUE DE LA),48.57992,7.74768,Plein jour,En agglomération,Passage à niveau,Normale,Deux véhicules - arrière,4,3,4,1,2,1,1,4,1,50,,2,1,0,0,1,27.0,33.0,,,1,2,8,1,2
202100049625,2021-02-27 06:49:00,2021,2,27,6,49,67,67482,MURHOF (QUAI DU),48.564519,7.712186,Crépuscule ou aube,En agglomération,Intersection en T,Normale,Autre collision,4,2,3,1,1,1,1,0,1,50,,2,1,0,0,1,33.0,,,,2,2,3,1,6
202100049626,2021-02-27 14:00:00,2021,2,27,14,0,66,66136,ARGELES SUR MER AVENUE D',42.68374,2.90933,Plein jour,En agglomération,Hors intersection,Normale,Trois véhicules et plus - en chaîne,4,2,4,0,1,1,1,0,1,50,,3,2,0,0,1,45.0,21.0,,,1,2,1,1,4
202100049627,2021-02-26 17:25:00,2021,2,26,17,25,66,66136,R D 900,42.68145,2.85703,Plein jour,Hors agglomération,Hors intersection,Normale,Trois véhicules et plus - en chaîne,3,3,2,0,1,1,1,0,1,70,,6,4,0,0,2,51.0,27.0,,,1,1,1,1,4
202100049628,2021-03-01 09:33:00,2021,3,1,9,33,65,65226,DEPARTEMENTALE 94 (ROUTE),43.216837,0.016201,Plein jour,Hors agglomération,Intersection en T,Normale,Deux véhicules - côté,3,2,2,0,2,1,1,0,1,80,,2,1,0,0,1,85.0,55.0,,,1,1,3,1,3
202100049629,2021-03-01 16:35:00,2021,3,1,16,35,64,64348,CHENES DES,43.32607,-0.38927,Plein jour,En agglomération,Intersection en T,Normale,Deux véhicules - frontale,4,2,2,0,1,1,1,0,1,30,,2,1,0,0,1,90.0,42.0,,,1,2,3,1,1
202100049630,2021-03-01 16:55:00,2021,3,1,16,55,64,64122,CHIQUITO DE CAMBO (RUE),43.45763,-1.55307,Plein jour,En agglomération,Hors intersection,Normale,Sans collision,4,2,1,0,2,3,1,0,1,50,,1,0,0,1,0,63.0,,,,1,2,1,1,7
202100049631,2021-02-28 12:00:00,2021,2,28,12,0,64,64125,GARE (RUE DE LA),43.43122,-1.59629,Plein jour,En agglomération,Hors intersection,Normale,Trois véhicules et plus - collisions multiples,4,2,2,0,1,1,1,0,1,50,,4,3,0,0,1,58.0,56.0,,,1,2,1,1,5
202100049632,2021-02-28 09:20:00,2021,2,28,9,20,63,63113,GAILLARD (PLACE GILBERT),45.78026,3.0823,Plein jour,En agglomération,Hors intersection,Normale,Deux véhicules - frontale,4,2,2,0,1,1,1,0,1,50,,2,1,0,0,1,37.0,23.0,,,1,2,1,1,1
202100049633,2021-03-01 20:55:00,2021,3,1,20,55,61,61001,AMPERE (RUE),48.44091,0.09277,Nuit avec éclairage allumé,En agglomération,Hors intersection,Normale,Autre collision,4,2,2,0,1,3,1,0,4,50,,1,0,0,0,1,32.0,,,,5,2,1,1,6
202100049634,2021-02-28 19:00:00,2021,2,28,19,0,59,59350,REPUBLIQUE AVENUE DE LA,50.635834,3.009483,Nuit avec éclairage allumé,En agglomération,Intersection en X,Normale,Deux véhicules - côté,4,2,3,1,1,1,1,0,1,50,,2,1,0,1,0,54.0,29.0,,,5,2,2,1,3
202100049635,2021-02-22 20:44:00,2021,2,22,20,44,57,57143,FOCH (RUE),49.26104,6.09483,Nuit avec éclairage allumé,En agglomération,Hors intersection,Normale,,4,2,2,0,2,1,1,0,1,50,,1,0,0,1,0,29.0,,,,5,2,1,1,-1
202100049636,2021-02-27 15:00:00,2021,2,27,15,0,56,56121,NORMANDIE ( BD ET IMP DE ),47.75806,-3.37126,Plein jour,En agglomération,Hors intersection,Normale,Autre collision,4,2,3,3,3,1,1,0,1,30,,2,1,0,1,0,23.0,,,,1,2,1,1,6
202100049637,2021-03-01 13:50:00,2021,3,1,13,50,51,51454,Avenue de Laon,49.2701184804,4.0222842238,Plein jour,En agglomération,Intersection en X,Normale,Deux véhicules - côté,3,4,4,0,1,1,1,5,1,30,,3,0,0,0,3,20.0,27.0,,,1,2,2,1,3
202100049638,2021-02-26 15:23:00,2021,2,26,15,23,49,49007,BOISNET RUE,47.474238,-0.553285,Plein jour,En agglomération,Hors intersection,Normale,Deux véhicules - arrière,4,2,2,0,1,1,1,0,1,30,,2,1,0,0,1,47.0,55.0,,,1,2,1,1,2
202100049639,2021-02-28 17:20:00,2021,2,28,17,20,44,44162,RUE DU DOCTEUR BOUBEE,47.20801,-1.63756,Plein jour,En agglomération,Hors intersection,Normale,Deux véhicules - côté,4,2,0,0,2,2,1,0,1,30,,2,0,0,0,2,53.0,41.0,,,1,2,1,1,3
202100049640,2021-03-01 16:28:00,2021,3,1,16,28,41,41295,PLACE (RUE DE LA),47.59681,1.37923,Plein jour,Hors agglomération,Intersection en Y,Normale,Deux véhicules - frontale,3,2,2,0,1,1,1,0,1,80,,2,1,0,1,0,46.0,23.0,,,1,1,4,1,1
202100049641,2021-03-01 15:40:00,2021,3,1,15,40,35,35238,NIVERNAIS (DU),48.12203,-1.70957,Plein jour,En agglomération,Hors intersection,Normale,Autre collision,4,1,1,0,1,1,1,0,1,30,,2,1,0,0,1,21.0,,,,1,2,1,1,6
202100049642,2021-03-01 06:40:00,2021,3,1,6,40,35,35055,RD 173,48.0782,-1.6328,Crépuscule ou aube,Hors agglomération,Giratoire,Normale,Deux véhicules - côté,7,1,3,0,1,2,1,5,1,50,,2,1,0,0,1,44.0,60.0,,,2,1,6,1,3
202100049643,2021-02-23 15:25:00,2021,2,23,15,25,34,34108,BALARUC LA PEYRADE (ROUTE DE),43.4415,3.71696,Plein jour,Hors agglomération,Hors intersection,Normale,Trois véhicules et plus - collisions multiples,3,2,2,0,1,1,1,0,1,80,,3,2,0,1,0,18.0,57.0,,,1,1,1,1,5
202100049644,2021-02-28 18:00:00,2021,2,28,18,0,34,34172,CARRIEU (RUE MARIUS),43.61768,3.84338,Crépuscule ou aube,En agglomération,Intersection en T,Normale,Deux véhicules - côté,4,1,1,0,2,1,1,0,1,50,,3,1,0,0,2,26.0,32.0,,,2,2,3,1,3
202100049645,2021-03-01 10:50:00,2021,3,1,10,50,33,33281,Rue Jacques Anquetil,44.83086,-0.66114,Plein jour,En agglomération,Autre intersection,Normale,Deux véhicules - côté,4,2,2,0,1,1,1,0,1,50,,2,1,0,0,1,28.0,21.0,,,1,2,9,1,3
202100049646,2021-03-01 15:00:00,2021,3,1,15,0,29,29019,Rond Point Pen Ar Ch'leuz,48.41502,-4.47924,Plein jour,En agglomération,Giratoire,Normale,Deux véhicules - côté,7,1,3,0,1,2,1,5,1,50,,2,1,0,0,1,19.0,77.0,,,1,2,6,1,3
202100049647,2021-02-28 16:30:00,2021,2,28,16,30,27,27375,PARIS (ROUTE DE),49.20697,1.18806,Plein jour,En agglomération,Intersection en T,Normale,Deux véhicules - côté,3,2,2,0,4,1,1,0,1,50,,3,2,0,0,1,25.0,42.0,,,1,2,3,1,3
202100049648,2021-02-23 17:55:00,2021,2,23,17,55,22,22278,CHAPTAL,48.506307,-2.732436,Plein jour,En agglomération,Hors intersection,Normale,Deux véhicules - frontale,4,2,2,0,1,1,1,9,1,50,,2,1,0,0,1,63.0,60.0,,,1,2,1,1,1
202100049649,2021-02-28 06:15:00,2021,2,28,6,15,21,21231,186b Avenue Jean Jaurès,47.3003821972,5.0205346942,Nuit avec éclairage allumé,En agglomération,Intersection en X,Pluie légère,Deux véhicules - côté,4,2,2,0,1,1,2,0,1,50,,2,1,0,0,1,23.0,30.0,,,5,2,2,2,3
202100049650,2021-02-28 00:20:00,2021,2,28,0,20,21,21231,64 Rue Jean - Baptiste Baudin,47.320504,5.050415,Nuit avec éclairage allumé,En agglomération,Intersection à plus de 4 branches,Normale,Deux véhicules - côté,4,2,3,0,1,1,1,5,1,50,,4,1,0,1,2,26.0,25.0,,,5,2,5,1,3
202100049651,2021-03-01 13:45:00,2021,3,1,13,45,16,16015,Boulevard Berthelot,45.64935,0.15954,Plein jour,En agglomération,Hors intersection,Normale,Autre collision,4,2,2,0,2,2,1,0,1,50,,2,1,0,0,1,58.0,,,,1,2,1,1,6
202100049652,2021-02-26 06:15:00,2021,2,26,6,15,30,30032,FOURQUES ROUTE DE,43.78337,4.62571,Crépuscule ou aube,Hors agglomération,Intersection en T,Brouillard / fumée,Deux véhicules - côté,3,2,2,0,1,1,1,0,1,80,,2,1,0,1,0,58.0,53.0,,,2,1,3,5,3
202100049653,2021-02-10 16:40:00,2021,2,10,16,40,13,13108,ITAM (BOULEVARD),43.8064662105,4.6578073529,Plein jour,En agglomération,Hors intersection,Normale,Deux véhicules - frontale,3,-1,2,0,1,1,1,0,1,50,,2,1,0,1,0,17.0,23.0,,,1,2,1,1,1
202100049654,2021-03-02 00:15:00,2021,3,2,0,15,13,13208,ELSA TRIOLET (AVENUE),43.24849,5.388519,Nuit avec éclairage allumé,En agglomération,Hors intersection,Normale,Deux véhicules - arrière,4,2,2,0,1,1,1,0,1,50,,2,1,0,0,1,24.0,39.0,,,5,2,1,1,2
202100049655,2021-03-01 07:15:00,2021,3,1,7,15,13,13213,ALBERT EINSTEIN (RUE),43.343549635,5.4460892826,Plein jour,En agglomération,Intersection en X,Normale,Deux véhicules - côté,4,2,2,3,1,1,1,0,1,50,,3,0,0,0,3,33.0,44.0,,,1,2,2,1,3
202100049656,2021-03-01 16:59:00,2021,3,1,16,59,06,06029,PARIS (RUE DE ),43.56387,7.01296,Plein jour,En agglomération,Hors intersection,Normale,Sans collision,4,2,1,0,1,1,1,0,3,50,,1,0,0,1,0,44.0,,,,1,2,1,1,7
202100049657,2021-03-01 11:00:00,2021,3,1,11,0,75,75112,ECHANGEUR BERCY,48.8278710002,2.3887270689,Plein jour,En agglomération,Intersection en Y,Normale,Deux véhicules - côté,4,1,2,0,4,1,1,0,1,50,,2,1,0,0,1,36.0,62.0,,,1,2,4,1,3
202100049658,2021-03-01 01:40:00,2021,3,1,1,40,75,75114,PORTE D ORLEANS,48.818788,2.331743,Nuit avec éclairage allumé,En agglomération,Hors intersection,Normale,Sans collision,4,1,2,0,1,1,1,0,1,50,,1,0,0,0,1,25.0,,,,5,2,1,1,7
202100049659,2021-03-01 14:45:00,2021,3,1,14,45,75,75105,RUE MONGE,48.839143,2.350975,Plein jour,En agglomération,Intersection en Y,Normale,Deux véhicules - arrière,4,2,2,0,2,1,1,0,1,50,,2,1,0,0,1,53.0,34.0,,,1,2,4,1,2
202100049660,2021-02-28 12:20:00,2021,2,28,12,20,75,75118,BOULEVARD BARBES,48.88835,2.3496,Plein jour,En agglomération,Intersection en X,Normale,Deux véhicules - côté,4,2,4,3,1,1,1,-1,6,50,,2,1,0,0,1,44.0,54.0,,,1,2,2,1,3
202100049661,2021-02-24 13:24:00,2021,2,24,13,24,75,75116,AVENUE DE NEW YORK,48.8584799404,2.288787961,Plein jour,En agglomération,Hors intersection,Normale,Deux véhicules - arrière,4,1,2,0,2,1,1,1,1,50,,2,1,0,0,1,39.0,34.0,,,1,2,1,1,2