accident_id,datetime,annee,mois,jour,heure,minute,departement,commune_insee,adresse,latitude,longitude,luminosite,agglomeration,intersection,meteo,collision,catr,circ,nbv,vosp,prof,plan,surf,infra,situ,vma,nb_vehicules,nb_usagers,nb_indemnes,nb_tues,nb_blesses_hosp,nb_blesses_legers,age_cond_1,age_cond_2,veh_type_cond_1,veh_type_cond_2,lum_code,agg_code,int_code,atm_code,col_code
202100049662,2021-03-01 07:50:00,2021,3,1,7,50,75,75115,RUE CASTAGNARY,48.830692,2.306276,Plein jour,En agglomération,Intersection en T,Normale,Deux véhicules - côté,4,1,1,0,1,1,1,0,1,50,,2,1,0,0,1,45.0,45.0,,,1,2,3,1,3
202100049663,2021-03-01 10:30:00,2021,3,1,10,30,75,75113,BOULEVARD KELLERMANN,48.819128,2.359452,Plein jour,En agglomération,Intersection en X,Normale,Autre collision,4,2,4,0,1,1,1,0,1,50,,2,1,0,0,1,67.0,,,,1,2,2,1,6
202100049664,2021-03-01 09:18:00,2021,3,1,9,18,75,75107,QUAI D ORSAY,48.862827,2.313468,Plein jour,En agglomération,Intersection en X,Normale,Deux véhicules - côté,4,2,4,1,1,1,1,0,1,50,,2,1,0,0,1,32.0,46.0,,,1,2,2,1,3
202100049665,2021-03-01 16:30:00,2021,3,1,16,30,75,75102,BOULEVARD DE SEBASTOPOL,48.867062,2.352961,Plein jour,En agglomération,Intersection en X,Normale,Sans collision,4,2,5,1,1,1,1,-1,5,50,,1,0,0,0,1,63.0,,,,1,2,2,1,7
202100049666,2021-03-01 07:55:00,2021,3,1,7,55,75,75103,PLACE DE LA REPUBLIQUE,48.8673313025,2.3633959497,Plein jour,En agglomération,Intersection en X,Normale,Deux véhicules - arrière,4,2,2,0,1,1,1,0,1,50,,2,1,0,0,1,27.0,41.0,,,1,2,2,1,2
202100049667,2021-02-28 14:30:00,2021,2,28,14,30,75,75104,QUAI DES CELESTINS,48.852906,2.358984,Plein jour,En agglomération,Intersection en T,Normale,Deux véhicules - côté,4,2,4,0,1,1,1,0,1,50,,3,1,0,0,2,59.0,80.0,,,1,2,3,1,3
202100049668,2021-03-01 17:10:00,2021,3,1,17,10,94,94058,CHAMPAGNE (QU DE),48.83927,2.51278,Plein jour,En agglomération,Hors intersection,Normale,Deux véhicules - arrière,4,1,1,0,1,1,1,0,1,30,,3,2,0,0,1,21.0,,,,1,2,1,1,2
202100049669,2021-02-28 15:45:00,2021,2,28,15,45,94,94058,MARECHAL JOFFRE (AV DU),48.84041,2.51014,Plein jour,En agglomération,Intersection en T,Normale,Deux véhicules - côté,4,2,2,0,1,1,1,0,1,30,,3,1,0,0,2,15.0,45.0,,,1,2,3,1,3
202100049670,2021-03-01 05:50:00,2021,3,1,5,50,94,94046,REPUBLIQUE (AV DE LA),48.80284,2.43429,Nuit avec éclairage allumé,En agglomération,Intersection en X,Normale,Deux véhicules - côté,3,2,4,0,1,1,1,0,1,50,,2,1,0,1,0,26.0,36.0,,,5,2,2,1,3
202100049671,2021-03-01 18:00:00,2021,3,1,18,0,94,94037,ARCUEIL (R D),48.81018,2.34076,Crépuscule ou aube,En agglomération,Intersection en X,Normale,Deux véhicules - côté,4,2,1,0,2,1,1,0,1,30,,4,0,0,1,3,47.0,32.0,,,2,2,2,1,3
202100049672,2021-02-28 22:20:00,2021,2,28,22,20,94,94041,GEORGES GOSNAT (AV),48.81127,2.384,Nuit avec éclairage allumé,En agglomération,Intersection en T,Normale,Deux véhicules - côté,3,2,2,1,1,1,1,0,1,50,,2,1,0,0,1,20.0,54.0,,,5,2,3,1,3
202100049673,2021-03-01 07:55:00,2021,3,1,7,55,94,94073,FONTAINEBLEAU (AV DE),48.76211,2.36846,Plein jour,En agglomération,Hors intersection,Normale,Deux véhicules - côté,3,1,2,0,1,1,1,0,1,50,,2,1,0,0,1,47.0,31.0,,,1,2,1,1,3
202100049674,2021-02-28 11:50:00,2021,2,28,11,50,94,94028,NOUVEAU MONDE (rue du),48.77028,2.45667,Plein jour,En agglomération,Hors intersection,Normale,Autre collision,4,2,2,0,2,3,1,0,8,50,,2,0,1,0,1,82.0,,,,1,2,1,1,6
202100049675,2021-03-01 09:00:00,2021,3,1,9,0,94,94017,JEAN JAURES (R),48.81389,2.50974,Plein jour,En agglomération,Hors intersection,Normale,Deux véhicules - côté,3,2,4,0,1,1,1,0,1,50,,2,1,0,0,1,41.0,47.0,,,1,2,1,1,3
202100049676,2021-03-01 08:20:00,2021,3,1,8,20,94,94071,PROCESSION (R DE LA),48.77153,2.52757,Plein jour,En agglomération,Giratoire,Normale,Autre collision,4,1,1,0,1,1,1,0,1,30,,2,1,0,0,1,46.0,,,,1,2,6,1,6
202100049677,2021-03-01 00:40:00,2021,3,1,0,40,93,93066,Avenue Marcel Cachin,48.93720741,2.3720722819,Nuit avec éclairage allumé,En agglomération,Intersection en X,Normale,Trois véhicules et plus - collisions multiples,3,3,2,0,1,1,1,5,1,50,,3,1,0,1,1,28.0,19.0,,,5,2,2,1,5
202100049678,2021-02-28 22:18:00,2021,2,28,22,18,93,93066,CASANOVA DANIELLE NR 52-SUIV ET 21-SUIV,48.92979,2.36159,Nuit avec éclairage allumé,En agglomération,Hors intersection,Normale,Deux véhicules - arrière,3,4,4,0,1,1,1,0,1,50,,4,0,0,0,4,56.0,19.0,,,5,2,1,1,2
202100049679,2021-02-28 13:55:00,2021,2,28,13,55,93,93066,CROIZAT AMBROISE RD 29 BIS,48.92945,2.35101,Plein jour,En agglomération,Hors intersection,Normale,Deux véhicules - arrière,3,2,2,0,1,1,1,0,1,50,,2,1,0,0,1,26.0,24.0,,,1,2,1,1,2
202100049680,2021-03-01 08:35:00,2021,3,1,8,35,93,93062,THIERS (AVENUE),48.8988665812,2.5187691159,Plein jour,En agglomération,Hors intersection,Normale,Deux véhicules - côté,3,1,2,0,2,1,1,0,1,50,,2,1,0,0,1,57.0,39.0,,,1,2,1,1,3
202100049681,2021-02-28 21:40:00,2021,2,28,21,40,93,93055,GENERAL LECLERC(AVE DU)(43/87 ET 78/120),48.89983,2.4097,Nuit avec éclairage allumé,En agglomération,Hors intersection,Normale,Deux véhicules - côté,3,1,2,1,1,1,1,0,1,50,,2,1,0,0,1,50.0,33.0,,,5,2,1,1,3
202100049682,2021-03-01 13:20:00,2021,3,1,13,20,93,93053,BOBIGNY (AVENUE DE),48.8945417484,2.4469256401,Plein jour,En agglomération,Hors intersection,Normale,Deux véhicules - côté,4,2,2,1,1,1,1,0,1,50,,2,1,0,0,1,43.0,24.0,,,1,2,1,1,3
202100049683,2021-03-01 06:35:00,2021,3,1,6,35,93,93048,DOUY DELCUPE (RUE),48.8552790284,2.433023989,Nuit avec éclairage allumé,En agglomération,Autre intersection,Normale,Deux véhicules - côté,4,1,4,2,1,1,1,0,1,30,,2,1,0,0,1,31.0,50.0,,,5,2,9,1,3
202100049684,2021-03-01 17:00:00,2021,3,1,17,0,93,93071,VICTOR HUGO (AVENUE),48.93006,2.52587,Plein jour,En agglomération,Intersection en T,Normale,Deux véhicules - côté,4,2,2,0,1,1,1,0,1,30,,2,1,0,0,1,21.0,55.0,,,1,2,3,1,3
202100049685,2021-03-01 14:45:00,2021,3,1,14,45,93,93001,JEAN JAURES (AVE) 55 A 129,48.9037341491,2.3921227455,Plein jour,En agglomération,Intersection en T,Normale,Autre collision,3,2,4,3,1,1,1,0,1,50,,2,1,0,0,1,26.0,,,,1,2,3,1,6
202100049686,2021-03-01 06:20:00,2021,3,1,6,20,93,93001,VICTOR HUGO (AVE)  => N° 129,48.9092658599,2.3783227513,Nuit avec éclairage allumé,En agglomération,Hors intersection,Normale,Autre collision,6,-1,0,0,1,1,1,0,1,50,,2,1,0,0,1,39.0,,,,5,2,1,1,6
202100049687,2021-03-01 09:04:00,2021,3,1,9,4,92,92046,CAMELINAT (BOULEVARD),48.8147,2.29684,Plein jour,En agglomération,Intersection en T,Normale,Autre collision,3,2,1,0,1,1,1,0,1,50,,2,1,0,1,0,33.0,,,,1,2,3,1,6
202100049688,2021-03-01 17:25:00,2021,3,1,17,25,92,92062,PDT WILSON (Avenue),48.8852318236,2.2255924344,Plein jour,En agglomération,Hors intersection,Normale,Deux véhicules - côté,3,1,2,1,1,1,1,0,5,50,,2,1,0,0,1,22.0,19.0,,,1,2,1,1,3
202100049689,2021-03-01 12:10:00,2021,3,1,12,10,92,92036,GRESILLONS (QUAI DES),48.9205199889,2.3238394393,Plein jour,En agglomération,Hors intersection,Normale,Deux véhicules - arrière,3,3,4,0,1,2,1,2,1,50,,2,1,0,0,1,23.0,22.0,,,1,2,1,1,2
202100049690,2021-03-01 12:00:00,2021,3,1,12,0,92,92023,VIEUX CIMETIERE (ROUTE DU) BOIS S102,48.7996196875,2.2601124644,Plein jour,En agglomération,Giratoire,Normale,Autre collision,4,2,2,0,2,1,1,0,1,30,,2,0,0,0,2,49.0,,,,1,2,6,1,6
202100049691,2021-03-01 10:30:00,2021,3,1,10,30,92,92002,MAURICE LABROUSSE (RUE),48.7545559949,2.2974015523,Plein jour,En agglomération,Intersection en T,Normale,Autre collision,4,3,1,0,2,1,1,0,1,50,,2,1,0,0,1,73.0,,,,1,2,3,1,6
202100049692,2021-02-28 09:30:00,2021,2,28,9,30,51,51649,Rue Aristide Briand,48.724519,4.584262,Plein jour,En agglomération,Hors intersection,Normale,Sans collision,4,2,2,0,1,1,1,6,1,50,,2,1,0,0,1,85.0,,,,1,2,1,1,7
202100049693,2021-03-01 21:30:00,2021,3,1,21,30,67,67370,départementale 78 PR 4,48.8785,7.272609,Nuit sans éclairage public,Hors agglomération,Hors intersection,Normale,Sans collision,3,2,2,0,1,2,1,0,8,80,,1,0,0,1,0,26.0,,,,3,1,1,1,7
202100049694,2021-02-26 14:30:00,2021,2,26,14,30,06,06149,M2204,43.733992,7.300898,Plein jour,En agglomération,Hors intersection,Normale,Deux véhicules - côté,7,2,2,0,1,1,1,0,1,50,,2,1,0,0,1,54.0,45.0,,,1,2,1,1,3
202100049695,2021-02-28 17:35:00,2021,2,28,17,35,31,31573,route de lavaur,43.657394,1.690822,Plein jour,Hors agglomération,Hors intersection,Normale,Deux véhicules - côté,3,2,2,0,1,1,1,0,1,80,,3,2,0,1,0,46.0,36.0,,,1,1,1,1,3
202100049696,2021-02-28 17:55:00,2021,2,28,17,55,63,63004,D61-Hameau de Tournobert,45.91652,2.802823,Plein jour,Hors agglomération,Hors intersection,Normale,Deux véhicules - frontale,3,2,2,0,2,2,1,0,1,80,,4,3,0,0,1,34.0,30.0,,,1,1,1,1,1
202100049697,2021-03-01 12:50:00,2021,3,1,12,50,14,14061,La Couture - le Tourneur (Le Tourneur),48.963173534,-0.8163785935,Plein jour,Hors agglomération,Intersection en Y,Normale,Deux véhicules - côté,3,2,2,0,1,3,1,0,1,80,,2,1,0,1,0,28.0,15.0,,,1,1,4,1,3
202100049698,2021-02-28 18:00:00,2021,2,28,18,0,76,76419,D45,49.395113511,0.8793877065,Plein jour,Hors agglomération,Hors intersection,Normale,Autre collision,3,2,2,0,1,2,1,0,3,80,,2,1,0,1,0,32.0,46.0,,,1,1,1,1,6
202100049699,2021-02-28 16:30:00,2021,2,28,16,30,76,76543,D52,49.614603,0.48784,Plein jour,Hors agglomération,Hors intersection,Normale,Sans collision,3,2,2,0,1,3,1,0,1,80,,1,0,0,1,0,29.0,,,,1,1,1,1,7
202100049700,2021-03-01 16:12:00,2021,3,1,16,12,79,79207,,46.891009,-0.742457,Plein jour,Hors agglomération,Hors intersection,Normale,Deux véhicules - arrière,3,2,2,0,2,1,1,0,1,80,,3,1,0,0,2,71.0,44.0,,,1,1,1,1,2
202100049701,2021-03-02 13:45:00,2021,3,2,13,45,79,79101,19 Rue du Calvaire,46.478884,-0.599302,Plein jour,En agglomération,Hors intersection,Normale,Autre collision,4,2,2,0,1,1,1,0,4,30,,1,0,0,1,0,17.0,,,,1,2,1,1,6
202100049702,2021-03-02 10:05:00,2021,3,2,10,5,69,69088,SIMON ROUSSEAU (AV),45.8354968349,4.8472755029,Plein jour,En agglomération,Hors intersection,Normale,Autre collision,7,2,2,0,2,1,1,0,1,50,,2,1,0,1,0,52.0,,,,1,2,1,1,6
202100049703,2021-03-02 15:35:00,2021,3,2,15,35,12,12120,RN88,44.385986,2.82487,Plein jour,Hors agglomération,Hors intersection,Normale,Deux véhicules - frontale,2,2,2,0,1,3,1,0,1,80,,3,0,0,3,0,69.0,66.0,,,1,1,1,1,1
202100049704,2021-03-01 14:05:00,2021,3,1,14,5,47,47216,lieudit le Colombier,44.517531,0.33946,Plein jour,Hors agglomération,Hors intersection,Normale,Autre collision,3,2,2,0,2,2,1,0,3,80,,1,0,0,1,0,52.0,,,,1,1,1,1,6
202100049705,2021-03-02 04:10:00,2021,3,2,4,10,44,44164,Les Fosses,47.122811,-1.82909,Nuit sans éclairage public,Hors agglomération,Hors intersection,Normale,Autre collision,3,2,2,0,1,1,1,0,8,80,,1,0,1,0,0,21.0,,,,3,1,1,1,6
202100049706,2021-02-27 22:00:00,2021,2,27,22,0,44,44107,Le Pont Esnault,47.425242,-1.301751,Nuit sans éclairage public,Hors agglomération,Hors intersection,Normale,Sans collision,3,2,2,0,1,2,1,0,3,70,,1,0,0,1,0,25.0,,,,3,1,1,1,7
202100049707,2021-03-01 19:00:00,2021,3,1,19,0,38,38287,D17,45.427032,5.477006,Nuit sans éclairage public,Hors agglomération,Intersection en T,Normale,Deux véhicules - côté,3,2,2,0,1,1,1,5,1,80,,2,0,0,1,1,37.0,19.0,,,3,1,3,1,3
202100049708,2021-03-02 10:30:00,2021,3,2,10,30,15,15122,Rue Tour de Ville,44.711172,2.19755,Plein jour,En agglomération,Intersection en T,Normale,Autre collision,2,2,2,0,1,1,1,0,1,50,,2,1,0,1,0,69.0,,,,1,2,3,1,6
202100049709,2021-03-01 20:32:00,2021,3,1,20,32,58,58262,La Pommeree,47.059817,3.799263,Nuit sans éclairage public,Hors agglomération,Hors intersection,Normale,Sans collision,3,2,2,0,1,1,1,0,3,80,,1,0,0,1,0,32.0,,,,3,1,1,1,7
202100049710,2021-03-01 20:15:00,2021,3,1,20,15,64,64247,D918,43.187343,-0.903196,Nuit sans éclairage public,Hors agglomération,Hors intersection,Normale,Deux véhicules - frontale,3,2,1,0,1,1,1,0,1,80,,2,1,0,1,0,21.0,43.0,,,3,1,1,1,1
202100049711,2021-03-02 01:45:00,2021,3,2,1,45,04,04116,RD 4,44.03314,5.985838,Nuit avec éclairage allumé,En agglomération,Hors intersection,Normale,Autre collision,3,2,2,0,1,1,1,0,3,50,,1,0,0,1,0,17.0,,,,5,2,1,1,6
202100049712,2021-03-02 06:45:00,2021,3,2,6,45,17,17350,Route de Poitiers,45.93859,-0.479724,Nuit sans éclairage public,Hors agglomération,Hors intersection,Normale,Deux véhicules - arrière,3,2,2,0,1,1,1,0,1,80,,2,1,0,1,0,35.0,33.0,,,3,1,1,1,2
202100049713,2021-03-01 09:45:00,2021,3,1,9,45,17,17197,Boulevard Baie Saint Paul,45.450862,-0.441656,Plein jour,En agglomération,Hors intersection,Normale,Autre collision,3,2,2,0,1,1,1,0,1,50,,2,1,0,1,0,37.0,48.0,,,1,2,1,1,6
202100049714,2021-03-02 11:30:00,2021,3,2,11,30,978,97801,R DE LA BAIE NETTLE,18.061797,-63.111885,Plein jour,En agglomération,Hors intersection,Normale,Deux véhicules - frontale,2,2,2,0,1,1,1,0,1,50,,2,1,0,1,0,46.0,48.0,,,1,2,1,1,1
202100049715,2021-03-01 15:15:00,2021,3,1,15,15,37,37003,Av des Martyrs de la Resistance,47.4110810114,0.9796015086,Plein jour,En agglomération,Hors intersection,Normale,Autre collision,3,2,2,0,1,1,1,0,4,50,,3,2,0,1,0,83.0,,,,1,2,1,1,6
202100049716,2021-03-01 21:30:00,2021,3,1,21,30,2A,2A247,Route de Bonifacio,41.490567593,9.243534986,Nuit sans éclairage public,Hors agglomération,Hors intersection,Normale,Autre collision,2,2,2,0,1,3,1,0,3,80,,3,1,1,1,0,38.0,,,,3,1,1,1,6
202100049717,2021-03-01 07:45:00,2021,3,1,7,45,83,83047,Avenue de Toulon,43.14073482,6.05174429,Plein jour,Hors agglomération,Hors intersection,Normale,Deux véhicules - côté,7,2,2,0,1,1,1,0,1,90,,2,1,0,1,0,33.0,33.0,,,1,1,1,1,3
202100049718,2021-03-01 06:15:00,2021,3,1,6,15,63,63038,Route Départementale 978,45.5085837865,2.9094536304,Nuit sans éclairage public,Hors agglomération,Hors intersection,Autre,Autre collision,3,1,2,0,1,4,9,0,3,80,,1,0,0,1,0,49.0,,,,3,1,1,9,6
202100049719,2021-03-02 16:30:00,2021,3,2,16,30,74,74140,Rte Valla Verda,46.245356,6.467879,Plein jour,Hors agglomération,Hors intersection,Normale,Autre collision,3,2,2,0,2,1,1,0,3,80,,1,0,0,0,1,55.0,,,,1,1,1,1,6
202100049720,2021-03-01 18:20:00,2021,3,1,18,20,38,38487,59 Route des 7 Fontaines,45.559996,4.851408,Plein jour,En agglomération,Hors intersection,Normale,Autre collision,3,2,2,0,1,1,1,0,3,50,,2,1,0,0,1,,,,,1,2,1,1,6
202100049721,2021-03-01 09:00:00,2021,3,1,9,0,33,33056,Rue Alexis de Cholet,44.909482,-0.637985,Plein jour,En agglomération,Intersection en T,Normale,Autre collision,4,1,1,0,1,1,1,0,1,50,,2,1,0,0,1,87.0,,,,1,2,3,1,6
202100049722,2021-03-01 17:30:00,2021,3,1,17,30,56,56152,Route de Bangor,47.332133,-3.164738,Plein jour,Hors agglomération,Hors intersection,Normale,Deux véhicules - frontale,3,2,2,0,1,1,1,0,1,70,,2,1,1,0,0,62.0,41.0,,,1,1,1,1,1
202100049723,2021-02-08 13:00:00,2021,2,8,13,0,22,22324,Route de Perros-guirec / avenue de la résistance,48.764492,-3.45048,Plein jour,Hors agglomération,Hors intersection,Pluie légère,Autre collision,3,3,2,1,1,1,2,6,1,70,,2,1,0,1,0,21.0,,,,1,1,1,2,6
202100049724,2021-03-02 13:20:00,2021,3,2,13,20,27,27270,D2,49.288057,1.413969,Plein jour,Hors agglomération,Hors intersection,Normale,Autre collision,3,2,2,0,1,2,1,0,3,80,,1,0,0,1,0,35.0,,,,1,1,1,1,6
202100049725,2021-02-28 11:45:00,2021,2,28,11,45,60,60666,D84,49.103473,2.68899,Plein jour,Hors agglomération,Autre intersection,Normale,Deux véhicules - côté,3,2,2,0,2,2,1,5,1,80,,2,1,0,1,0,41.0,61.0,,,1,1,9,1,3
202100049726,2021-03-02 16:30:00,2021,3,2,16,30,60,60504,322 Rue de la Vigne au Mai,49.343226,2.198263,Plein jour,En agglomération,Hors intersection,Normale,Deux véhicules - frontale,4,2,2,0,2,1,1,0,1,50,,3,0,0,0,3,33.0,55.0,,,1,2,1,1,1
202100049727,2021-03-02 12:40:00,2021,3,2,12,40,62,62861,La Gueule d'Ours,50.377791,2.850448,Plein jour,Hors agglomération,Intersection en X,Normale,Deux véhicules - côté,3,2,2,0,1,1,1,0,1,80,,2,1,0,0,1,22.0,49.0,,,1,1,2,1,3
202100049728,2021-02-26 07:10:00,2021,2,26,7,10,59,59400,Place de la Liberation,50.642324,2.638956,Crépuscule ou aube,En agglomération,Intersection en T,Normale,Autre collision,3,2,-1,-1,1,1,1,0,1,-1,,2,1,0,1,0,20.0,,,,2,2,3,1,6
202100049729,2021-03-01 15:35:00,2021,3,1,15,35,59,59268,rue de la gendarmerie,50.6377740136,2.7203600854,Plein jour,En agglomération,Passage à niveau,Normale,Autre collision,3,-1,1,3,1,1,1,4,6,40,,2,1,1,0,0,41.0,,,,1,2,8,1,6
202100049730,2021-02-26 11:25:00,2021,2,26,11,25,83,83144,A57,43.1338388938,5.9861862659,Plein jour,Hors agglomération,Hors intersection,Normale,Trois véhicules et plus - en chaîne,1,3,4,0,1,1,1,0,1,110,,3,1,0,0,2,61.0,21.0,,,1,1,1,1,4
202100049731,2021-03-01 17:55:00,2021,3,1,17,55,91,91689,AUTOROUTE A6,48.72208,2.3117,Plein jour,Hors agglomération,Hors intersection,Normale,Deux véhicules - côté,1,1,3,0,1,1,1,0,1,110,,2,1,0,0,1,27.0,19.0,,,1,1,1,1,3
202100049732,2021-03-01 16:55:00,2021,3,1,16,55,91,91689,AUTOROUTE A6,48.72994,2.31458,Plein jour,Hors agglomération,Hors intersection,Normale,Deux véhicules - arrière,1,2,3,0,1,1,1,0,1,110,,3,1,0,0,2,76.0,26.0,,,1,1,1,1,2
202100049733,2021-03-01 18:30:00,2021,3,1,18,30,93,93001,AUTOROUTE A86,48.92087,2.37175,Plein jour,Hors agglomération,Hors intersection,Normale,Deux véhicules - arrière,1,3,8,0,1,1,1,0,1,90,,2,1,0,0,1,34.0,29.0,,,1,1,1,1,2
202100049734,2021-03-01 08:20:00,2021,3,1,8,20,93,93066,AUTOROUTE A1,48.93391,2.38202,Plein jour,Hors agglomération,Hors intersection,Normale,Deux véhicules - arrière,1,3,8,3,1,1,1,2,1,90,,2,1,0,1,0,62.0,19.0,,,1,1,1,1,2
202100049735,2021-03-01 22:53:00,2021,3,1,22,53,94,94069,A4,48.8175082166,2.4337587596,Nuit sans éclairage public,Hors agglomération,Hors intersection,Normale,Autre collision,1,1,5,0,1,1,1,0,1,90,,2,1,0,0,1,17.0,23.0,,,3,1,1,1,6
202100049736,2021-02-27 22:15:00,2021,2,27,22,15,973,97302,CABASSOU (ROUTE DE),4.91746,-52.31301,Nuit avec éclairage allumé,En agglomération,Hors intersection,Normale,Trois véhicules et plus - collisions multiples,3,2,2,0,1,1,1,0,1,50,,7,1,0,0,6,,22.0,,,5,2,1,1,5
202100049737,2021-02-28 16:40:00,2021,2,28,16,40,69,69259,FRANCIS DE PRESSENSE                (AV),45.71387,4.87318,Plein jour,En agglomération,Hors intersection,Normale,Deux véhicules - frontale,4,2,2,1,1,1,1,0,1,50,,2,1,0,0,1,45.0,41.0,,,1,2,1,1,1
202100049738,2021-02-28 14:50:00,2021,2,28,14,50,69,69383,VOLTAIRE (R),45.75839,4.84868,Plein jour,En agglomération,Intersection en X,Normale,Deux véhicules - côté,4,1,1,0,1,1,1,0,1,50,,2,1,0,0,1,21.0,31.0,,,1,2,2,1,3
202100049739,2021-02-28 11:00:00,2021,2,28,11,0,69,69386,TETE D'OR (R),45.7651248015,4.8532039134,Plein jour,En agglomération,Intersection en X,Normale,Deux véhicules - côté,4,1,1,2,1,1,1,0,1,50,,2,0,0,0,2,71.0,49.0,,,1,2,2,1,3
202100049740,2021-02-27 12:05:00,2021,2,27,12,5,69,69199,PARMENTIER (R),45.70551,4.85911,Plein jour,En agglomération,Intersection en X,Temps couvert,Deux véhicules - côté,4,2,0,1,1,1,1,0,1,50,,2,1,0,0,1,59.0,43.0,,,1,2,2,8,3
202100049741,2021-02-27 11:20:00,2021,2,27,11,20,69,69387,DOMER (R),45.74766,4.85026,Plein jour,En agglomération,Intersection en X,Normale,Deux véhicules - frontale,4,1,2,1,1,1,1,0,1,50,,2,1,0,1,0,69.0,45.0,,,1,2,2,1,1
202100049742,2021-02-28 11:40:00,2021,2,28,11,40,972,97209,RENE HUBERT GAMESS (BOULEVARD),14.63238,-61.06776,Plein jour,En agglomération,Hors intersection,Normale,Autre collision,4,2,2,0,1,1,1,0,1,30,,2,1,0,0,1,75.0,,,,1,2,1,1,6
202100049743,2021-02-28 13:11:00,2021,2,28,13,11,2B,2B033,IMPERIALE - ROUTE,42.66508,9.43856,Plein jour,En agglomération,Giratoire,Normale,Deux véhicules - côté,3,2,2,0,1,1,1,5,1,50,,4,0,0,0,4,26.0,39.0,,,1,2,6,1,3
202100049744,2021-02-27 19:05:00,2021,2,27,19,5,91,91665,AV DE LA DIVISION LECLERC,48.656518,2.27465,Nuit avec éclairage allumé,En agglomération,Hors intersection,Normale,Trois véhicules et plus - collisions multiples,3,3,4,0,1,1,1,0,1,50,,4,3,0,0,1,33.0,,,,5,2,1,1,5
202100049745,2021-02-28 20:55:00,2021,2,28,20,55,83,83137,STRASBOURG (BD DE ),43.125018,5.931887,Nuit avec éclairage allumé,En agglomération,Hors intersection,Normale,Deux véhicules - arrière,4,1,3,0,1,1,1,0,1,50,,2,1,0,1,0,29.0,25.0,,,5,2,1,1,2
202100049746,2021-02-20 16:40:00,2021,2,20,16,40,78,78624,CALIFORNIE CHEMIN DE LA,48.95506,2.0156,Plein jour,Hors agglomération,Hors intersection,Normale,Sans collision,4,-1,2,0,1,1,1,0,1,50,,2,1,0,1,0,26.0,11.0,,,1,1,1,1,7
202100049747,2021-02-28 17:00:00,2021,2,28,17,0,69,69266,EMILE ZOLA (CR),45.7678352871,4.8887399941,Plein jour,En agglomération,Intersection en T,Normale,Deux véhicules - côté,4,2,2,2,1,1,1,0,1,50,,3,2,0,0,1,24.0,49.0,,,1,2,3,1,3
202100049748,2021-02-28 08:20:00,2021,2,28,8,20,69,69271,PROGRES (DU) (AV),45.72766,4.96329,Plein jour,En agglomération,Intersection en X,Normale,Trois véhicules et plus - collisions multiples,4,2,2,0,1,1,1,8,1,50,,5,0,0,3,2,33.0,31.0,,,1,2,2,1,5
202100049749,2021-02-26 11:35:00,2021,2,26,11,35,69,69290,HEYRIEUX (D') (RTE),45.68959,4.93868,Plein jour,En agglomération,Hors intersection,Normale,Deux véhicules - arrière,7,2,2,0,1,1,1,0,1,50,,2,1,0,0,1,41.0,19.0,,,1,2,1,1,2
202100049750,2021-02-27 16:40:00,2021,2,27,16,40,69,69092,SAULE D'OINGT (DU) (RTE),45.98135,4.66976,Plein jour,Hors agglomération,Hors intersection,Normale,Sans collision,3,2,2,0,1,3,1,0,3,80,,1,0,1,0,0,22.0,,,,1,1,1,1,7
202100049751,2021-02-28 16:30:00,2021,2,28,16,30,64,64102,BASQUE (AVENUE DU GRAND),43.49182,-1.45369,Plein jour,En agglomération,Giratoire,Normale,Sans collision,3,2,4,1,4,1,2,0,1,50,,2,1,0,0,1,62.0,,,,1,2,6,1,7
202100049752,2021-02-28 15:10:00,2021,2,28,15,10,64,64102,BASQUE (AVENUE DU GRAND),43.49093,-1.45352,Plein jour,En agglomération,Giratoire,Pluie légère,Sans collision,3,2,2,0,1,2,2,0,1,50,,1,0,0,0,1,59.0,,,,1,2,6,2,7
202100049753,2021-02-27 17:55:00,2021,2,27,17,55,62,62193,SAINT EXUPERY (AVENUE. 325 A ...),50.947049,1.920472,Crépuscule ou aube,En agglomération,Giratoire,Normale,Autre collision,4,3,2,0,1,1,1,0,1,50,,2,1,0,0,1,77.0,,,,2,2,6,1,6
202100049754,2021-02-27 18:00:00,2021,2,27,18,0,59,59220,EGALITE RUE DE L,50.5849225282,3.0844065729,Plein jour,En agglomération,Hors intersection,Normale,Deux véhicules - côté,4,-1,2,0,1,1,1,0,1,30,,2,1,0,0,1,47.0,25.0,,,1,2,1,1,3
202100049755,2021-02-27 19:50:00,2021,2,27,19,50,59,59350,JACQUET EUGENE RUE N°IMPAIRS,50.6381276311,3.07928022,Nuit avec éclairage allumé,En agglomération,Autre intersection,Normale,Deux véhicules - côté,4,2,2,1,1,2,1,0,5,50,,2,1,0,0,1,30.0,,,,5,2,9,1,3
202100049756,2021-02-28 17:45:00,2021,2,28,17,45,42,42270,Route des Gorges,45.3965566902,4.2352759127,Plein jour,En agglomération,Hors intersection,Normale,Deux véhicules - arrière,7,2,2,0,1,3,1,0,1,50,,2,1,0,1,0,58.0,50.0,,,1,2,1,1,2
202100049757,2021-02-28 10:00:00,2021,2,28,10,0,29,29039,D783 - Lieu dit le Douric,47.9151847386,-3.9455853745,Plein jour,Hors agglomération,Intersection en T,Normale,Deux véhicules - arrière,3,2,2,0,2,1,1,0,1,70,,3,1,0,0,2,45.0,69.0,,,1,1,3,1,2