accident_id,datetime,annee,mois,jour,heure,minute,departement,commune_insee,adresse,latitude,longitude,luminosite,agglomeration,intersection,meteo,collision,catr,circ,nbv,vosp,prof,plan,surf,infra,situ,vma,nb_vehicules,nb_usagers,nb_indemnes,nb_tues,nb_blesses_hosp,nb_blesses_legers,age_cond_1,age_cond_2,veh_type_cond_1,veh_type_cond_2,lum_code,agg_code,int_code,atm_code,col_code
202100049758,2021-02-28 12:30:00,2021,2,28,12,30,27,27681,IVRY (ROUTE D'),49.08315,1.47769,Plein jour,En agglomération,Place,Normale,Deux véhicules - côté,4,3,2,0,1,1,1,0,1,50,,2,1,0,0,1,20.0,50.0,,,1,2,7,1,3
202100049759,2021-02-28 18:10:00,2021,2,28,18,10,15,15012,Rue du docteur Félix Ramond,44.9001,2.4597,Plein jour,En agglomération,Hors intersection,Normale,Autre collision,3,2,2,0,2,2,1,0,1,30,,1,0,0,0,1,14.0,,,,1,2,1,1,6
202100049760,2021-02-27 13:44:00,2021,2,27,13,44,13,13063,THEODORE AUBANEL BOULEVARD,43.58831,4.99607,Plein jour,En agglomération,Hors intersection,Normale,Autre collision,4,2,2,0,1,1,1,9,4,50,,1,0,0,0,1,62.0,,,,1,2,1,1,6
202100049761,2021-02-28 17:53:00,2021,2,28,17,53,08,08409,THIERS (RUE),49.70158,4.93756,Plein jour,En agglomération,Hors intersection,Temps éblouissant,Autre collision,4,2,2,0,1,1,1,2,1,50,,2,1,0,1,0,22.0,,,,1,2,1,7,6
202100049762,2021-02-26 13:30:00,2021,2,26,13,30,02,02408,ROMANETTE (RUE),49.5499,3.6135,Plein jour,En agglomération,Hors intersection,Normale,Autre collision,4,2,2,0,1,1,1,0,1,50,,3,1,0,2,0,30.0,,,,1,2,1,1,6
202100049763,2021-02-26 11:55:00,2021,2,26,11,55,75,75116,PORTE D AUTEUIL,48.846675,2.254583,Plein jour,En agglomération,Intersection en Y,Normale,Deux véhicules - arrière,4,1,4,0,1,1,1,0,1,70,,2,1,0,0,1,58.0,38.0,,,1,2,4,1,2
202100049764,2021-02-28 18:00:00,2021,2,28,18,0,75,75119,RUE DE LORRAINE,48.885101,2.383777,Nuit avec éclairage non allumé,En agglomération,Intersection en X,Normale,Deux véhicules - côté,4,1,1,0,1,1,1,0,1,50,,2,1,0,0,1,32.0,,,,4,2,2,1,3
202100049765,2021-02-28 08:45:00,2021,2,28,8,45,75,75118,BOULEVARD PERIPHERIQUE EXTERIEUR NORD  ,48.901076,2.345273,Plein jour,En agglomération,Hors intersection,Normale,Deux véhicules - arrière,4,1,4,0,1,1,1,0,1,70,,2,1,0,0,1,31.0,68.0,,,1,2,1,1,2
202100049766,2021-02-28 15:00:00,2021,2,28,15,0,75,75116,AVENUE DE VERSAILLES,48.840702,2.265016,Plein jour,En agglomération,Intersection en X,Normale,Deux véhicules - côté,4,-1,0,0,1,1,1,0,1,50,,2,1,0,0,1,29.0,79.0,,,1,2,2,1,3
202100049767,2021-02-28 13:00:00,2021,2,28,13,0,75,75116,ROUTE DE LA MUETTE A NEUILLY,48.868499,2.265316,Plein jour,En agglomération,Intersection en X,Normale,Deux véhicules - côté,4,3,2,1,1,1,1,-1,5,50,,2,1,0,0,1,39.0,43.0,,,1,2,2,1,3
202100049768,2021-02-26 10:00:00,2021,2,26,10,0,75,75116,RUE GALILEE,48.867293,2.290333,Plein jour,En agglomération,Intersection en Y,Normale,Autre collision,4,2,3,0,1,1,1,0,1,50,,2,1,0,0,1,82.0,,,,1,2,4,1,6
202100049769,2021-02-27 21:50:00,2021,2,27,21,50,75,75115,RUE JOSEPH LIOUVILLE,48.84506,2.297445,Nuit avec éclairage allumé,En agglomération,Intersection en T,Normale,Deux véhicules - côté,4,2,2,0,1,1,1,0,1,50,,3,2,0,0,1,26.0,20.0,,,5,2,3,1,3
202100049770,2021-02-28 12:50:00,2021,2,28,12,50,75,75113,BOULEVARD ARAGO,48.836805,2.351857,Plein jour,En agglomération,Intersection à plus de 4 branches,Normale,Deux véhicules - arrière,4,2,4,0,1,1,1,-1,6,30,,2,1,0,0,1,40.0,32.0,,,1,2,5,1,2
202100049771,2021-02-27 13:10:00,2021,2,27,13,10,75,75112,QUAI DE BERCY,48.835868,2.379109,Plein jour,En agglomération,Hors intersection,Normale,Deux véhicules - arrière,4,3,4,0,1,1,1,0,1,50,,3,2,0,0,1,53.0,29.0,,,1,2,1,1,2
202100049772,2021-02-28 12:27:00,2021,2,28,12,27,75,75109,BOULEVARD POISSONNIERE,48.871481,2.34305,Plein jour,En agglomération,Intersection en X,Normale,Deux véhicules - côté,4,1,3,1,1,1,1,-1,6,30,,3,2,0,0,1,53.0,55.0,,,1,2,2,1,3
202100049773,2021-02-28 13:10:00,2021,2,28,13,10,75,75107,QUAI BRANLY,48.862463,2.305422,Plein jour,En agglomération,Intersection en T,Normale,Sans collision,4,2,6,1,1,1,1,-1,5,50,,1,0,0,0,1,22.0,,,,1,2,3,1,7
202100049774,2021-02-28 11:35:00,2021,2,28,11,35,75,75107,AVENUE DUQUESNE,48.850262,2.312355,Plein jour,En agglomération,Intersection en X,Normale,Deux véhicules - côté,4,-1,1,0,1,1,1,0,1,30,,2,1,0,0,1,38.0,54.0,,,1,2,2,1,3
202100049775,2021-02-28 20:50:00,2021,2,28,20,50,75,75104,QUAI DES CELESTINS,48.852906,2.358984,Nuit avec éclairage allumé,En agglomération,Intersection en T,Normale,Autre collision,4,2,4,0,1,1,1,0,1,50,,1,0,0,0,1,56.0,,,,5,2,3,1,6
202100049776,2021-02-28 08:40:00,2021,2,28,8,40,75,75108,PLACE DE LA CONCORDE,48.864068,2.320125,Plein jour,En agglomération,Intersection en X,Normale,Autre collision,4,2,2,1,1,1,1,-1,5,50,,1,0,0,0,1,46.0,,,,1,2,2,1,6
202100049777,2021-02-27 17:40:00,2021,2,27,17,40,75,75104,RUE FRANCOIS MIRON,48.855528,2.357761,Plein jour,En agglomération,Intersection en X,Normale,Autre collision,4,1,1,2,1,1,1,-1,5,30,,3,2,0,0,1,21.0,,,,1,2,2,1,6
202100049778,2021-02-27 18:15:00,2021,2,27,18,15,75,75101,AVENUE DE L OPERA,48.86496,2.334757,Plein jour,En agglomération,Intersection en Y,Normale,Sans collision,4,2,4,3,1,1,1,0,1,50,,1,0,0,0,1,39.0,,,,1,2,4,1,7
202100049779,2021-02-28 12:15:00,2021,2,28,12,15,93,93073,PARC (AVENUE DU),48.95489,2.567,Plein jour,En agglomération,Intersection en X,Normale,Trois véhicules et plus - collisions multiples,4,2,2,0,1,1,1,0,1,50,,3,2,0,0,1,86.0,40.0,,,1,2,2,1,5
202100049780,2021-02-27 12:50:00,2021,2,27,12,50,93,93073,CHAPIT RE ( RUE DU),49.0028833603,2.5368793539,Plein jour,En agglomération,Hors intersection,Normale,Autre collision,4,1,1,0,1,2,1,0,1,30,,2,1,0,0,1,45.0,,,,1,2,1,1,6
202100049781,2021-02-28 16:45:00,2021,2,28,16,45,93,93064,GRAVIERS (RUE DES),48.8733047758,2.4978351089,Crépuscule ou aube,En agglomération,Hors intersection,Normale,Autre collision,4,-1,2,0,1,1,1,0,1,50,,2,1,0,1,0,31.0,,,,2,2,1,1,6
202100049782,2021-02-28 02:00:00,2021,2,28,2,0,93,93048,SOLIDARITE (RUE DE LA),48.8528579488,2.4440410636,Nuit avec éclairage allumé,En agglomération,Hors intersection,Normale,Autre collision,3,2,2,0,1,1,1,0,4,50,,1,0,0,0,1,34.0,,,,5,2,1,1,6
202100049783,2021-02-27 21:00:00,2021,2,27,21,0,93,93053,GAGNY (AVENUE DE),48.886552773,2.4720528424,Nuit avec éclairage allumé,En agglomération,Intersection en X,Normale,Deux véhicules - côté,3,1,4,1,1,1,1,5,1,50,,2,1,0,1,0,32.0,32.0,,,5,2,2,1,3
202100049784,2021-02-28 13:05:00,2021,2,28,13,5,93,93074,MEAUX RUE DE,48.93446,2.56497,Plein jour,En agglomération,Autre intersection,Normale,Deux véhicules - côté,3,2,2,0,1,1,1,0,1,50,,3,2,0,0,1,45.0,73.0,,,1,2,9,1,3
202100049785,2021-02-28 10:28:00,2021,2,28,10,28,93,93029,PEGOUD,48.9237464587,2.4556939561,Plein jour,En agglomération,Hors intersection,Normale,Autre collision,4,1,1,0,1,1,1,0,1,50,,2,1,0,1,0,78.0,,,,1,2,1,1,6
202100049786,2021-02-28 06:25:00,2021,2,28,6,25,93,93010,GALLIENI (AV.) DE 111 A 175,48.9059970237,2.4803187703,Nuit avec éclairage allumé,En agglomération,Intersection en X,Normale,Deux véhicules - frontale,3,2,2,0,1,1,1,0,1,50,,2,1,0,1,0,19.0,34.0,,,5,2,2,1,1
202100049787,2021-02-28 14:00:00,2021,2,28,14,0,92,92064,PARC SAINT CLOUD,48.8333116027,2.1943473816,Plein jour,En agglomération,Hors intersection,Normale,Autre collision,4,1,1,0,2,1,1,0,1,30,,1,0,0,0,1,50.0,,,,1,2,1,1,6
202100049788,2021-02-28 11:04:00,2021,2,28,11,4,11,11203,a61 - pk 357.080,43.169606,2.745858,Plein jour,Hors agglomération,Hors intersection,Normale,Autre collision,1,1,4,0,1,1,1,3,8,90,,2,1,0,1,0,32.0,,,,1,1,1,1,6
202100049789,2021-01-31 13:18:00,2021,1,31,13,18,31,31082,Cote des Rouilleres,43.599101709,1.7123354245,Plein jour,En agglomération,Autre intersection,Temps couvert,Deux véhicules - côté,3,2,2,0,2,1,2,0,1,50,,2,1,0,1,0,39.0,15.0,,,1,2,9,8,3
202100049790,2021-02-28 10:30:00,2021,2,28,10,30,67,67477,Chemin Rural,48.366268,7.223846,Plein jour,Hors agglomération,Hors intersection,Normale,Sans collision,3,2,2,0,2,4,1,0,1,80,,1,0,0,1,0,34.0,,,,1,1,1,1,7
202100049791,2021-02-28 18:00:00,2021,2,28,18,0,42,42182,D8,46.057836,3.928916,Crépuscule ou aube,Hors agglomération,Intersection en X,Normale,Deux véhicules - côté,3,2,2,0,1,1,1,0,1,80,,2,1,0,1,0,42.0,55.0,,,2,1,2,1,3
202100049792,2021-03-01 13:15:00,2021,3,1,13,15,37,37232,,47.2911738562,0.2847406268,Plein jour,Hors agglomération,Hors intersection,Normale,Deux véhicules - arrière,1,3,2,0,3,1,1,0,1,130,,2,1,0,1,0,33.0,53.0,,,1,1,1,1,2
202100049793,2021-02-28 15:35:00,2021,2,28,15,35,61,61497,A28 PK163.000 sens 1,48.475884,0.123548,Plein jour,Hors agglomération,Hors intersection,Normale,Autre collision,1,3,4,0,1,1,1,0,1,130,,1,0,0,0,1,23.0,,,,1,1,1,1,6
202100049794,2021-02-28 18:40:00,2021,2,28,18,40,59,59331,Faubourg de France,50.119553,3.69786,Nuit avec éclairage allumé,En agglomération,Autre intersection,Normale,Deux véhicules - frontale,3,2,2,0,1,3,1,0,1,50,,3,0,0,1,2,56.0,54.0,,,5,2,9,1,1
202100049795,2021-02-27 15:55:00,2021,2,27,15,55,19,19187,rd 901,45.306965,1.36091,Plein jour,Hors agglomération,Intersection en T,Normale,Deux véhicules - côté,3,2,2,0,2,3,1,0,1,90,,4,2,0,1,1,76.0,30.0,,,1,1,3,1,3
202100049796,2021-02-28 16:15:00,2021,2,28,16,15,56,56169,Route Militaire D158,47.689096,-3.297529,Plein jour,Hors agglomération,Hors intersection,Normale,Deux véhicules - côté,3,2,2,0,1,1,1,0,1,70,,4,2,0,2,0,22.0,60.0,,,1,1,1,1,3
202100049797,2021-02-27 17:12:00,2021,2,27,17,12,56,56046,D28,47.631826,-2.99053,Plein jour,Hors agglomération,Hors intersection,Normale,Trois véhicules et plus - en chaîne,3,2,2,0,1,1,1,0,1,80,,5,4,0,0,1,61.0,73.0,,,1,1,1,1,4
202100049798,2021-02-26 16:50:00,2021,2,26,16,50,74,74269,Rte de Ponty,45.972644,5.840553,Plein jour,Hors agglomération,Hors intersection,Normale,Autre collision,4,2,2,0,2,1,1,0,3,80,,1,0,1,0,0,78.0,,,,1,1,1,1,6
202100049799,2021-02-20 13:45:00,2021,2,20,13,45,74,74225,Boulevard Louis Dagand (Pont),45.867761,5.93854,Plein jour,En agglomération,Intersection en X,Normale,Autre collision,3,3,2,2,1,1,1,5,1,50,,2,1,0,1,0,31.0,,,,1,2,2,1,6
202100049800,2021-02-26 01:54:00,2021,2,26,1,54,82,82135,Route de Villebrumier,43.902666,1.451789,Nuit avec éclairage allumé,Hors agglomération,Intersection en T,Normale,Autre collision,3,2,2,0,1,1,1,5,3,80,,1,0,0,1,0,40.0,,,,5,1,3,1,6
202100049801,2021-03-01 08:30:00,2021,3,1,8,30,33,33348,Chemin des Cafés,45.344798,-1.022064,Plein jour,Hors agglomération,Intersection en X,Normale,Trois véhicules et plus - en chaîne,4,2,2,0,1,1,1,0,1,80,,6,2,0,1,3,22.0,30.0,,,1,1,2,1,4
202100049802,2021-02-28 16:15:00,2021,2,28,16,15,49,49135,Chemin du Port Albert,47.567211,-0.603735,Plein jour,En agglomération,Hors intersection,Normale,Sans collision,4,2,2,0,1,4,1,0,1,50,,2,1,0,1,0,25.0,,,,1,2,1,1,7
202100049803,2021-02-28 15:45:00,2021,2,28,15,45,68,68374,Departemental 417 lieu dit La Forge,48.061098,7.234899,Plein jour,Hors agglomération,Hors intersection,Temps éblouissant,Deux véhicules - côté,3,2,2,0,1,1,1,0,1,80,,2,1,0,0,1,45.0,56.0,,,1,1,1,7,3
202100049804,2021-02-25 15:00:00,2021,2,25,15,0,25,25186,D14,47.313995,5.942091,Plein jour,Hors agglomération,Intersection en X,Normale,Deux véhicules - côté,3,2,2,0,1,1,1,0,1,80,,3,1,0,2,0,50.0,65.0,,,1,1,2,1,3
202100049805,2021-02-27 17:35:00,2021,2,27,17,35,35,35250,Route de Châteaugiron,48.01425,-1.587766,Plein jour,En agglomération,Hors intersection,Normale,Sans collision,7,2,2,0,1,1,1,0,3,50,,1,0,0,1,0,36.0,,,,1,2,1,1,7
202100049806,2021-02-28 15:45:00,2021,2,28,15,45,29,29259,D769 - Rue Verderel,48.682684,-3.985897,Plein jour,En agglomération,Hors intersection,Normale,Deux véhicules - arrière,3,2,2,0,1,1,1,0,1,50,,2,1,0,1,0,16.0,35.0,,,1,2,1,1,2
202100049807,2021-02-28 18:00:00,2021,2,28,18,0,29,29102,N164 - Pont Ar Stang,48.2205823951,-3.736419726,Plein jour,Hors agglomération,Hors intersection,Normale,Autre collision,2,2,2,0,1,4,1,8,1,50,,1,0,0,1,0,24.0,,,,1,1,1,1,6
202100049808,2021-02-27 17:50:00,2021,2,27,17,50,31,31582,rd622,43.407604,1.73069,Plein jour,Hors agglomération,Hors intersection,Normale,Deux véhicules - côté,3,2,2,0,2,1,1,0,1,80,,2,1,0,0,1,18.0,,,,1,1,1,1,3
202100049809,2021-02-25 17:30:00,2021,2,25,17,30,31,31587,1074 Route de Bouloc,43.782326,1.435624,Plein jour,Hors agglomération,Hors intersection,Normale,Deux véhicules - côté,3,2,2,0,1,1,1,0,1,80,,2,1,0,0,1,54.0,56.0,,,1,1,1,1,3
202100049810,2021-02-28 18:00:00,2021,2,28,18,0,54,54594,Route de Charey,48.975709,5.856394,Crépuscule ou aube,En agglomération,Hors intersection,Normale,Autre collision,3,2,2,0,1,3,1,0,3,50,,1,0,0,0,1,51.0,,,,2,2,1,1,6
202100049811,2021-02-27 09:20:00,2021,2,27,9,20,53,53127,"9 Grande rue,",48.438134,-0.497126,Plein jour,En agglomération,Hors intersection,Normale,Autre collision,4,2,2,0,1,1,1,0,1,50,,2,1,0,1,0,36.0,,,,1,2,1,1,6
202100049812,2021-02-28 17:20:00,2021,2,28,17,20,21,21122,route communale,47.556821,4.539006,Plein jour,Hors agglomération,Hors intersection,Normale,Sans collision,4,2,2,0,1,1,1,0,3,80,,1,0,0,1,0,57.0,,,,1,1,1,1,7
202100049813,2021-02-28 19:45:00,2021,2,28,19,45,40,40083,22 Route de Courpignon,43.618462,-0.378605,Nuit sans éclairage public,Hors agglomération,Intersection en Y,Normale,Deux véhicules - frontale,3,2,2,0,2,2,1,0,3,80,,2,1,0,1,0,29.0,,,,3,1,4,1,1
202100049814,2021-02-27 17:45:00,2021,2,27,17,45,85,85142,La Tabarière,46.74313,-1.27014,Crépuscule ou aube,Hors agglomération,Intersection en X,Normale,Deux véhicules - côté,3,2,2,0,1,1,1,0,1,80,,2,1,0,0,1,17.0,39.0,,,2,1,2,1,3
202100049815,2021-02-28 18:15:00,2021,2,28,18,15,87,87081,barbeseche,45.736036,1.200578,Plein jour,Hors agglomération,Hors intersection,Normale,Autre collision,3,3,2,0,2,1,1,0,3,70,,2,0,1,1,0,22.0,,,,1,1,1,1,6
202100049816,2021-02-28 21:35:00,2021,2,28,21,35,37,37267,Chemin des Boileaux,47.3473966588,0.8213405212,Nuit sans éclairage public,Hors agglomération,Hors intersection,Normale,Autre collision,4,2,2,0,1,2,1,0,3,80,,2,0,1,1,0,21.0,,,,3,1,1,1,6
202100049817,2021-02-28 17:35:00,2021,2,28,17,35,37,37151,,47.4471245372,0.6328748366,Plein jour,Hors agglomération,Hors intersection,Normale,Deux véhicules - arrière,3,2,2,0,1,1,1,0,1,80,,2,1,0,1,0,22.0,52.0,,,1,1,1,1,2
202100049818,2021-02-28 22:40:00,2021,2,28,22,40,67,67324,DR 1062,48.925629,7.650304,Nuit sans éclairage public,Hors agglomération,Hors intersection,Normale,Sans collision,3,2,2,0,1,3,1,0,3,-1,,1,0,0,1,0,44.0,,,,3,1,1,1,7
202100049819,2021-03-01 12:20:00,2021,3,1,12,20,42,42279,Boulevard de la Libération,45.4988586137,4.2426953866,Plein jour,En agglomération,Intersection en X,Normale,Deux véhicules - côté,3,2,2,0,1,1,1,5,1,50,,2,1,0,0,1,24.0,38.0,,,1,2,2,1,3
202100049820,2021-02-26 15:00:00,2021,2,26,15,0,06,06085,Chemin des Peyroues,43.602459,6.986414,Plein jour,En agglomération,Hors intersection,Normale,Deux véhicules - côté,4,-1,2,0,1,1,1,0,1,50,,2,1,0,1,0,53.0,61.0,,,1,2,1,1,3
202100049821,2021-03-01 18:30:00,2021,3,1,18,30,89,89339,"Autoroute A6, P.K203+500 Direction LYON",47.555865,3.951237,Crépuscule ou aube,Hors agglomération,Hors intersection,Normale,Deux véhicules - arrière,1,3,4,0,4,3,1,0,1,130,,2,1,0,1,0,55.0,23.0,,,2,1,1,1,2
202100049822,2021-02-26 12:55:00,2021,2,26,12,55,971,97103,RN 11,16.255477,-61.570886,Plein jour,Hors agglomération,Autre intersection,Normale,Trois véhicules et plus - collisions multiples,2,1,4,0,1,1,1,0,1,90,,8,5,1,0,2,67.0,45.0,,,1,1,9,1,5
202100049823,2021-02-28 15:25:00,2021,2,28,15,25,29,29147,N165 - La Magdeleine,47.870546,-3.596761,Plein jour,Hors agglomération,Hors intersection,Normale,Autre collision,2,1,4,0,1,1,1,0,1,110,,1,0,0,0,1,21.0,,,,1,1,1,1,6
202100049824,2021-03-01 15:05:00,2021,3,1,15,5,77,77060,6 rue des roches,48.287412,2.43039,Plein jour,En agglomération,Hors intersection,Normale,Deux véhicules - frontale,4,2,2,0,1,1,1,0,1,30,,2,1,0,1,0,21.0,51.0,,,1,2,1,1,1
202100049825,2021-02-26 08:40:00,2021,2,26,8,40,95,95039,RD 27,49.089642,2.14618,Plein jour,Hors agglomération,Giratoire,Normale,Deux véhicules - côté,3,-1,1,0,1,3,1,0,1,80,,2,1,0,0,1,38.0,25.0,,,1,1,6,1,3
202100049826,2021-02-27 16:55:00,2021,2,27,16,55,78,78601,D936,48.620215,1.832174,Plein jour,Hors agglomération,Intersection en T,Temps éblouissant,Deux véhicules - côté,2,1,-1,-1,1,3,1,3,1,-1,,5,4,0,1,0,26.0,38.0,,,1,1,3,7,3
202100049827,2021-02-28 12:45:00,2021,2,28,12,45,83,83052,D70,43.618798,5.843986,Plein jour,Hors agglomération,Hors intersection,Normale,Autre collision,3,2,2,0,2,3,1,0,3,80,,1,0,0,1,0,40.0,,,,1,1,1,1,6
202100049828,2021-03-01 17:10:00,2021,3,1,17,10,04,04034,RD 4100,43.930408,5.877932,Plein jour,Hors agglomération,Hors intersection,Normale,Deux véhicules - frontale,3,2,2,0,1,3,1,0,1,80,,3,1,0,2,0,45.0,53.0,,,1,1,1,1,1
202100049829,2021-02-27 12:30:00,2021,2,27,12,30,58,58121,Rue Maurice Pilette,47.046985,3.072504,Plein jour,Hors agglomération,Hors intersection,Normale,Autre collision,4,2,2,0,1,1,1,0,3,50,,2,1,1,0,0,10.0,,,,1,1,1,1,6
202100049830,2021-03-01 08:10:00,2021,3,1,8,10,88,88206,RD 166,48.301638,5.913262,Plein jour,Hors agglomération,Hors intersection,Normale,Sans collision,3,2,2,0,1,2,1,0,1,90,,2,0,0,2,0,35.0,,,,1,1,1,1,7
202100049831,2021-03-01 17:20:00,2021,3,1,17,20,38,38344,Montée des Chapôts,45.377982,4.818352,Plein jour,En agglomération,Intersection en X,Normale,Autre collision,4,2,1,0,3,2,1,5,1,50,,2,1,0,1,0,87.0,44.0,,,1,2,2,1,6
202100049832,2021-02-28 17:40:00,2021,2,28,17,40,33,33474,Route de la Paloumeyre,44.671028,-0.483997,Plein jour,En agglomération,Intersection en T,Normale,Deux véhicules - côté,3,2,2,1,1,2,1,0,1,50,,3,1,0,1,1,65.0,17.0,,,1,2,3,1,3
202100049833,2021-02-20 17:30:00,2021,2,20,17,30,33,33051,Rue des Fonderies,44.636922,-0.960306,Plein jour,En agglomération,Intersection en X,Normale,Deux véhicules - côté,4,2,2,0,1,1,1,0,1,50,,2,1,0,1,0,46.0,66.0,,,1,2,2,1,3
202100049834,2021-03-01 17:00:00,2021,3,1,17,0,60,60395,Rue Aristide Briand,49.2253963622,2.1315443418,Plein jour,En agglomération,Intersection en T,Normale,Deux véhicules - côté,3,2,2,0,1,1,1,0,1,50,,2,1,0,0,1,14.0,24.0,,,1,2,3,1,3
202100049835,2021-03-01 01:30:00,2021,3,1,1,30,62,62474,AUTOROUTE A-16 sens boulogne/ paris,50.692359,1.639323,Nuit sans éclairage public,Hors agglomération,Hors intersection,Normale,Autre collision,1,3,2,0,1,1,1,0,1,110,,2,1,1,0,0,38.0,,,,3,1,1,1,6
202100049836,2021-02-28 18:45:00,2021,2,28,18,45,13,13071,A7-Sens Lyon vers Marseille,43.4052,5.3199,Nuit sans éclairage public,Hors agglomération,Hors intersection,Normale,Trois véhicules et plus - collisions multiples,1,1,3,0,1,1,1,0,1,110,,3,0,0,0,3,40.0,29.0,,,3,1,1,1,5
202100049837,2021-02-27 17:20:00,2021,2,27,17,20,13,13215,A7-Sens Lyon vers Marseille,43.36885,5.36089,Plein jour,Hors agglomération,Hors intersection,Pluie légère,Trois véhicules et plus - en chaîne,1,1,3,0,2,1,2,0,1,90,,10,6,0,0,4,23.0,65.0,,,1,1,1,2,4
202100049838,2021-02-26 12:30:00,2021,2,26,12,30,13,13215,A7-Sens Marseille vers Lyon,43.3672836313,5.3608345985,Plein jour,Hors agglomération,Hors intersection,Normale,Deux véhicules - arrière,1,3,3,0,2,3,1,0,1,90,,2,0,0,0,2,20.0,24.0,,,1,1,1,1,2
202100049839,2021-02-27 17:30:00,2021,2,27,17,30,13,13211,A50-Sens Aubagne vers Marseille,43.28596,5.51004,Plein jour,Hors agglomération,Hors intersection,Pluie légère,Deux véhicules - arrière,1,3,3,0,1,1,2,0,1,90,,4,3,0,0,1,61.0,26.0,,,1,1,1,2,2
202100049840,2021-02-27 12:20:00,2021,2,27,12,20,67,67218,M35,48.53249,7.69696,Plein jour,Hors agglomération,Hors intersection,Normale,Deux véhicules - arrière,7,3,3,0,1,1,1,0,1,90,,3,1,0,0,2,32.0,52.0,,,1,1,1,1,2
202100049841,2021-02-23 16:10:00,2021,2,23,16,10,67,67482,M351,48.58716,7.71349,Plein jour,Hors agglomération,Hors intersection,Normale,Trois véhicules et plus - en chaîne,7,3,3,0,1,1,1,0,1,90,,4,1,0,0,3,28.0,35.0,,,1,1,1,1,4
202100049842,2021-02-28 11:00:00,2021,2,28,11,0,91,91064,RN 118,48.750218,2.203664,Plein jour,Hors agglomération,Hors intersection,Normale,Autre collision,2,3,4,0,2,2,1,0,1,90,,2,1,0,0,1,31.0,,,,1,1,1,1,6
202100049843,2021-02-27 14:00:00,2021,2,27,14,0,91,91161,AUTOROUTE A126,48.71075,2.29935,Plein jour,Hors agglomération,Hors intersection,Normale,Trois véhicules et plus - en chaîne,1,-1,1,0,1,1,1,0,1,90,,4,1,0,0,3,55.0,43.0,,,1,1,1,1,4
202100049844,2021-02-28 13:40:00,2021,2,28,13,40,92,92047,A13,48.8345922746,2.1716273344,Plein jour,Hors agglomération,Hors intersection,Normale,Deux véhicules - arrière,1,3,6,0,1,1,1,0,1,110,,3,2,0,0,1,61.0,20.0,,,1,1,1,1,2
202100049845,2021-02-28 02:10:00,2021,2,28,2,10,92,92025,A86,48.93082,2.24405,Nuit sans éclairage public,Hors agglomération,Hors intersection,Normale,Autre collision,1,3,2,0,1,1,1,2,1,70,,1,0,0,0,1,56.0,,,,3,1,1,1,6
202100049846,2021-02-27 22:40:00,2021,2,27,22,40,92,92050,A86,48.9145462162,2.2193848208,Nuit avec éclairage allumé,Hors agglomération,Hors intersection,Normale,Trois véhicules et plus - en chaîne,1,1,3,0,1,1,1,0,1,90,,3,2,0,0,1,22.0,,,,5,1,1,1,4
202100049847,2021-02-27 20:35:00,2021,2,27,20,35,78,78217,A13,48.964717,1.821479,Nuit sans éclairage public,Hors agglomération,Hors intersection,Normale,Deux véhicules - arrière,1,3,6,0,1,1,1,0,1,130,,2,0,0,0,2,34.0,34.0,,,3,1,1,1,2
202100049848,2021-02-27 21:00:00,2021,2,27,21,0,92,92078,AUTOROUTE A86,48.93112,2.32352,Nuit sans éclairage public,Hors agglomération,Hors intersection,Normale,Autre collision,1,3,8,0,1,3,1,0,3,90,,1,0,0,0,1,25.0,,,,3,1,1,1,6
202100049849,2021-02-27 12:15:00,2021,2,27,12,15,95,95500,AUTOROUTE A15,49.0380491749,2.0889858295,Plein jour,Hors agglomération,Hors intersection,Normale,Deux véhicules - côté,1,3,8,0,1,1,1,0,1,90,,3,1,0,0,2,37.0,25.0,,,1,1,1,1,3
202100049850,2021-02-27 12:15:00,2021,2,27,12,15,93,93007,AUTOROUTE A3,48.94229,2.47831,Plein jour,Hors agglomération,Hors intersection,Normale,Trois véhicules et plus - en chaîne,1,1,6,0,1,1,1,0,1,90,,3,2,0,0,1,37.0,22.0,,,1,1,1,1,4
202100049851,2021-02-28 14:30:00,2021,2,28,14,30,94,94028,A86 EXT,48.7824279791,2.440778017,Plein jour,Hors agglomération,Hors intersection,Normale,Deux véhicules - arrière,1,3,2,0,1,1,1,0,1,90,,2,1,0,0,1,39.0,33.0,,,1,1,1,1,2
202100049852,2021-02-28 14:30:00,2021,2,28,14,30,94,94017,A4,48.8265014578,2.5187302586,Plein jour,Hors agglomération,Hors intersection,Normale,Trois véhicules et plus - en chaîne,1,3,4,0,1,1,1,0,1,110,,4,3,0,0,1,31.0,33.0,,,1,1,1,1,4
202100049853,2021-02-28 13:45:00,2021,2,28,13,45,77,77373,RN104,48.7641416397,2.615290405,Plein jour,Hors agglomération,Hors intersection,Normale,Deux véhicules - arrière,2,1,2,0,1,1,1,0,1,90,,2,1,0,0,1,22.0,32.0,,,1,1,1,1,2
202100049854,2021-02-28 08:15:00,2021,2,28,8,15,988,98818,RUE GEORGES CLEMENCEAU/RUE EUGENE PROCHERON,-22.27571,166.44204,Plein jour,En agglomération,Intersection en T,Normale,Deux véhicules - arrière,4,1,3,0,1,1,1,0,1,50,,3,2,0,0,1,61.0,32.0,,,1,2,3,1,2