accident_id,datetime,annee,mois,jour,heure,minute,departement,commune_insee,adresse,latitude,longitude,luminosite,agglomeration,intersection,meteo,collision,catr,circ,nbv,vosp,prof,plan,surf,infra,situ,vma,nb_vehicules,nb_usagers,nb_indemnes,nb_tues,nb_blesses_hosp,nb_blesses_legers,age_cond_1,age_cond_2,veh_type_cond_1,veh_type_cond_2,lum_code,agg_code,int_code,atm_code,col_code
202100049855,2021-02-26 11:45:00,2021,2,26,11,45,974,97416,LORION(RUE LUC),-21.34058,55.46911,Plein jour,En agglomération,Intersection en X,Normale,Deux véhicules - côté,4,2,2,0,2,1,1,0,1,50,,2,1,0,0,1,37.0,30.0,,,1,2,2,1,3
202100049856,2021-02-27 12:25:00,2021,2,27,12,25,69,69386,BELGES (DES) (BD),45.77343,4.85117,Plein jour,En agglomération,Hors intersection,Normale,Deux véhicules - côté,4,2,4,3,1,1,1,0,1,50,,2,1,0,0,1,27.0,57.0,,,1,2,1,1,3
202100049857,2021-02-27 17:00:00,2021,2,27,17,0,972,97213,ROUTE DEPARTEMENTALE 3,14.59924,-60.99773,Plein jour,Hors agglomération,Hors intersection,Normale,Trois véhicules et plus - en chaîne,3,1,2,0,1,1,1,5,1,70,,4,1,0,0,3,59.0,42.0,,,1,1,1,1,4
202100049858,2021-02-27 00:25:00,2021,2,27,0,25,972,97213,AUTOROUTE A1,14.61788,-61.03295,Nuit avec éclairage allumé,Hors agglomération,Hors intersection,Normale,Deux véhicules - arrière,1,1,3,0,2,1,1,3,1,90,,3,0,0,0,3,36.0,34.0,,,5,1,1,1,2
202100049859,2021-02-27 02:30:00,2021,2,27,2,30,972,97209,DOROTHY (ROUTE DE),14.61194,-61.04497,Nuit avec éclairage allumé,Hors agglomération,Hors intersection,Normale,Autre collision,4,2,2,0,2,1,1,0,1,30,,2,1,0,0,1,,,,,5,1,1,1,6
202100049860,2021-02-27 22:40:00,2021,2,27,22,40,69,69389,JOANNES MASSET (AV),45.7699394391,4.8008792213,Nuit avec éclairage allumé,En agglomération,Hors intersection,Normale,Sans collision,4,2,2,2,1,1,1,0,1,50,,3,2,0,0,1,25.0,,,,5,2,1,1,7
202100049861,2021-02-27 18:00:00,2021,2,27,18,0,69,69381,TUNNEL ROUTIER RUE TERME,45.77176,4.83096,Crépuscule ou aube,En agglomération,Hors intersection,Normale,Sans collision,4,1,1,0,2,1,1,1,1,50,,1,0,0,0,1,26.0,,,,2,2,1,1,7
202100049862,2021-02-26 20:20:00,2021,2,26,20,20,91,91347,RTE DE MONTLHERY,48.635264,2.285636,Nuit avec éclairage allumé,En agglomération,Intersection en T,Normale,Deux véhicules - côté,3,2,2,0,1,1,1,0,1,50,,2,1,0,1,0,21.0,23.0,,,5,2,3,1,3
202100049863,2021-02-27 13:10:00,2021,2,27,13,10,91,91421,REPUBLIQUE (AVENUE DE LA),48.70805,2.45351,Plein jour,En agglomération,Intersection en T,Normale,Deux véhicules - côté,3,2,2,0,2,1,1,0,1,30,,2,1,0,0,1,27.0,26.0,,,1,2,3,1,3
202100049864,2021-02-27 17:23:00,2021,2,27,17,23,91,91286,SABLONS (AVENUE DES),48.65554,2.39057,Plein jour,En agglomération,Hors intersection,Normale,Autre collision,4,1,1,0,1,1,1,0,4,30,,2,1,0,0,1,38.0,,,,1,2,1,1,6
202100049865,2021-02-27 06:30:00,2021,2,27,6,30,91,91687,DE FLEURY (ROUTE ),48.65356,2.36958,Nuit avec éclairage allumé,En agglomération,Hors intersection,Normale,Sans collision,4,2,2,0,1,3,1,0,1,50,,2,0,0,0,2,23.0,,,,5,2,1,1,7
202100049866,2021-02-27 17:25:00,2021,2,27,17,25,86,86194,Route de Bonneuil Matours,46.58855,0.370017,Plein jour,En agglomération,Hors intersection,Normale,Autre collision,3,2,2,0,1,1,1,0,1,30,,3,2,0,1,0,32.0,,,,1,2,1,1,6
202100049867,2021-02-27 17:00:00,2021,2,27,17,0,78,78551,FOURQUEUX (DE),48.89281,2.08305,Plein jour,En agglomération,Intersection en T,Normale,Deux véhicules - côté,2,1,1,0,2,3,1,2,1,50,,2,1,0,0,1,39.0,36.0,,,1,2,3,1,3
202100049868,2021-02-27 18:15:00,2021,2,27,18,15,78,78440,GIROFLÉES (ALLEE DES),48.982418,1.913625,Plein jour,En agglomération,Hors intersection,Normale,Autre collision,4,2,2,0,1,1,1,0,1,50,,2,1,0,0,1,22.0,,,,1,2,1,1,6
202100049869,2021-02-26 17:45:00,2021,2,26,17,45,77,77482,D606,48.36107,2.92568,Plein jour,Hors agglomération,Hors intersection,Normale,Deux véhicules - côté,3,2,3,0,1,1,1,0,1,90,,4,0,0,2,2,25.0,56.0,,,1,1,1,1,3
202100049870,2021-02-27 10:47:00,2021,2,27,10,47,77,77445,MOULIN (AVENUE JEAN),48.59421,2.58382,Plein jour,En agglomération,Hors intersection,Normale,Deux véhicules - arrière,4,2,2,0,1,3,1,0,8,50,,4,2,0,0,2,,44.0,,,1,2,1,1,2
202100049871,2021-02-27 16:30:00,2021,2,27,16,30,72,72181,LEDRU ROLLIN QUAI N° 1 A 99,48.00923,0.19393,Plein jour,En agglomération,Intersection en T,Normale,Deux véhicules - côté,4,2,2,0,1,1,1,0,1,50,,3,2,0,0,1,60.0,36.0,,,1,2,3,1,3
202100049872,2021-02-25 17:15:00,2021,2,25,17,15,69,69013,RN6 (CHARTONNIERE),46.0203003831,4.7207736969,Plein jour,En agglomération,Giratoire,Normale,Deux véhicules - côté,3,1,2,0,1,2,1,9,1,50,,2,1,0,0,1,38.0,77.0,,,1,2,6,1,3
202100049873,2021-02-27 15:50:00,2021,2,27,15,50,64,64335,ANDRE MARIE AMPERE,43.31523,-0.42989,Plein jour,En agglomération,Hors intersection,Normale,Deux véhicules - frontale,4,2,0,0,1,1,1,0,1,50,,2,1,0,0,1,48.0,38.0,,,1,2,1,1,1
202100049874,2021-02-27 09:40:00,2021,2,27,9,40,64,64102,LISSES (RUE DES),43.48947,-1.47201,Plein jour,En agglomération,Place,Normale,Deux véhicules - côté,4,2,2,0,1,1,1,0,1,30,,3,2,0,0,1,33.0,17.0,,,1,2,7,1,3
202100049875,2021-02-23 18:10:00,2021,2,23,18,10,59,59636,QUESNOY RUE DE,50.69325,3.05173,Plein jour,En agglomération,Giratoire,Normale,Autre collision,7,1,2,0,1,3,1,0,1,50,,2,1,0,0,1,76.0,,,,1,2,6,1,6
202100049876,2021-02-27 18:05:00,2021,2,27,18,5,56,56260,Rue de Sainte-Anne,47.66228,-2.77857,Plein jour,En agglomération,Intersection en X,Normale,Deux véhicules - côté,3,2,2,0,1,1,1,0,1,50,,2,1,0,0,1,56.0,21.0,,,1,2,2,1,3
202100049877,2021-02-27 16:05:00,2021,2,27,16,5,53,53130,BRETAGNE ( RUE DE ),48.06982,-0.79248,Plein jour,En agglomération,Intersection à plus de 4 branches,Normale,Deux véhicules - côté,4,4,12,0,1,1,1,0,1,50,,6,4,0,1,1,18.0,36.0,,,1,2,5,1,3
202100049878,2021-02-27 17:22:00,2021,2,27,17,22,47,47201,MARNE (AV. DE LA),44.19397,0.5992,Plein jour,En agglomération,Hors intersection,Normale,Deux véhicules - arrière,3,2,4,1,1,1,1,0,1,50,,2,1,0,0,1,18.0,66.0,,,1,2,1,1,2
202100049879,2021-02-24 13:40:00,2021,2,24,13,40,44,44109,DALBY ( BD ERNEST ),47.22477,-1.52961,Plein jour,En agglomération,Hors intersection,Normale,Deux véhicules - côté,4,2,2,0,1,1,1,0,1,30,,2,1,0,1,0,22.0,25.0,,,1,2,1,1,3
202100049880,2021-02-27 16:25:00,2021,2,27,16,25,37,37208,DE GAULLE (AV. DU GAL),47.3585333919,0.7395126522,Plein jour,En agglomération,Intersection en X,Normale,Autre collision,4,2,2,0,1,1,1,0,1,50,,2,1,0,0,1,16.0,60.0,,,1,2,2,1,6
202100049881,2021-02-27 05:30:00,2021,2,27,5,30,37,37214,MURIER (RUE DU),47.4233917104,0.6627025009,Nuit avec éclairage allumé,En agglomération,Hors intersection,Normale,Sans collision,4,2,2,0,1,3,1,0,1,50,,1,0,0,0,1,51.0,,,,5,2,1,1,7
202100049882,2021-02-26 13:00:00,2021,2,26,13,0,35,35238,CHATEAUGIRON (DE),48.10226,-1.65765,Plein jour,En agglomération,Hors intersection,Normale,Autre collision,4,2,2,3,2,3,1,0,1,50,,1,0,0,0,1,26.0,,,,1,2,1,1,6
202100049883,2021-02-27 02:00:00,2021,2,27,2,0,35,35238,ROCADE 14-15,48.14213,-1.6453,Nuit sans éclairage public,Hors agglomération,Hors intersection,Normale,Sans collision,2,3,4,0,1,1,1,0,3,90,,5,0,0,0,5,23.0,,,,3,1,1,1,7
202100049884,2021-02-27 19:55:00,2021,2,27,19,55,33,33063,Rue Capdeville,44.8432399893,-0.5864357582,Nuit avec éclairage allumé,En agglomération,Intersection en T,Normale,Deux véhicules - côté,4,2,2,0,1,1,1,0,1,50,,2,1,0,0,1,52.0,21.0,,,5,2,3,1,3
202100049885,2021-02-27 17:43:00,2021,2,27,17,43,33,33013,Avenue du Président John Fitzgerald Kennedy,44.86854,-0.50376,Plein jour,Hors agglomération,Hors intersection,Normale,Deux véhicules - arrière,4,3,2,0,2,1,1,0,1,90,,2,1,0,0,1,21.0,31.0,,,1,1,1,1,2
202100049886,2021-02-27 17:20:00,2021,2,27,17,20,32,32013,YSER (AVENUE DE L'),43.64956,0.5935,Plein jour,En agglomération,Hors intersection,Normale,Sans collision,2,2,2,0,1,1,1,0,1,50,,2,1,0,0,1,81.0,,,,1,2,1,1,7
202100049887,2021-02-27 12:00:00,2021,2,27,12,0,30,30189,ROUMANILLE (RUE),43.82837,4.35323,Plein jour,En agglomération,Hors intersection,Normale,Deux véhicules - côté,4,2,1,1,1,1,1,0,1,50,,2,1,0,0,1,22.0,22.0,,,1,2,1,1,3
202100049888,2021-02-27 04:35:00,2021,2,27,4,35,29,29039,D44 - Lieu-dit Kerambrunou,47.92128,-3.89241,Nuit sans éclairage public,Hors agglomération,Hors intersection,Normale,Autre collision,3,2,0,0,1,3,1,0,8,70,,2,0,1,1,0,23.0,,,,3,1,1,1,6
202100049889,2021-02-27 18:07:00,2021,2,27,18,7,29,29019,RP - Rue de Mesnos,48.390783,-4.537411,Plein jour,En agglomération,Giratoire,Normale,Deux véhicules - arrière,4,2,2,0,1,1,1,0,1,50,,2,1,0,0,1,35.0,60.0,,,1,2,6,1,2
202100049890,2021-02-27 08:00:00,2021,2,27,8,0,29,29019,Avenue Victor le Gorgeu,48.40173,-4.5021,Crépuscule ou aube,En agglomération,Giratoire,Normale,Autre collision,4,-1,4,0,1,1,1,5,1,30,,2,1,0,1,0,27.0,,,,2,2,6,1,6
202100049891,2021-02-22 19:30:00,2021,2,22,19,30,29,29019,Rond POint de Pen Ar Ch'leuz,48.41459,-4.48036,Nuit avec éclairage allumé,En agglomération,Giratoire,Normale,Deux véhicules - côté,4,-1,2,0,1,2,1,5,1,50,,2,1,0,0,1,52.0,27.0,,,5,2,6,1,3
202100049892,2021-02-27 16:45:00,2021,2,27,16,45,17,17306,LAMY (BD FRANCK),45.62795,-1.01604,Plein jour,En agglomération,Intersection en T,Normale,Deux véhicules - côté,4,2,2,0,1,1,1,0,1,30,,3,2,0,0,1,23.0,16.0,,,1,2,3,1,3
202100049893,2021-02-27 15:10:00,2021,2,27,15,10,17,17333,107 REGIMENT D'INFANTERIE,45.59479,-0.97418,Plein jour,En agglomération,Hors intersection,Normale,Trois véhicules et plus - collisions multiples,3,-1,2,0,4,3,1,0,1,50,,3,2,0,0,1,68.0,54.0,,,1,2,1,1,5
202100049894,2021-02-27 20:05:00,2021,2,27,20,5,17,17200,HUIT MAI 1945   AVENUE DU,46.1792,-1.15237,Nuit avec éclairage allumé,Hors agglomération,Giratoire,Normale,Sans collision,3,1,2,0,1,2,1,9,1,50,,1,0,0,0,1,20.0,,,,5,1,6,1,7
202100049895,2021-02-27 23:30:00,2021,2,27,23,30,13,13054,D9 (BRETELLE),43.42402,5.23377,Nuit sans éclairage public,Hors agglomération,Giratoire,Normale,Deux véhicules - frontale,7,3,2,0,1,1,1,0,1,90,,4,1,0,0,3,25.0,38.0,,,3,1,6,1,1
202100049896,2021-02-27 18:30:00,2021,2,27,18,30,13,13203,NATIONAL (BOULEVARD),43.3087872657,5.3806800346,Nuit avec éclairage allumé,En agglomération,Hors intersection,Pluie légère,Deux véhicules - arrière,4,2,2,0,1,1,2,0,1,50,,2,1,0,0,1,,27.0,,,5,2,1,2,2
202100049897,2021-02-27 12:10:00,2021,2,27,12,10,13,13211,MILLIERE (BOULEVARD DE LA ),43.283563,5.502445,Plein jour,En agglomération,Intersection en T,Pluie légère,Deux véhicules - côté,4,2,2,0,1,1,1,0,1,50,,2,1,0,0,1,27.0,28.0,,,1,2,3,2,3
202100049898,2021-02-26 17:05:00,2021,2,26,17,5,75,75116,PORTE DAUPHINE,48.871338,2.273122,Plein jour,En agglomération,Hors intersection,Normale,Deux véhicules - côté,4,-1,4,0,1,1,1,0,1,70,,2,1,0,0,1,49.0,22.0,,,1,2,1,1,3
202100049899,2021-02-26 11:30:00,2021,2,26,11,30,75,75106,QUAI MALAQUAIS,48.858103,2.333985,Plein jour,En agglomération,Hors intersection,Normale,Deux véhicules - arrière,4,1,3,0,1,1,1,0,1,50,,3,2,0,0,1,52.0,59.0,,,1,2,1,1,2
202100049900,2021-02-27 07:20:00,2021,2,27,7,20,75,75117,AVENUE DE CLICHY,48.886062,2.326258,Nuit avec éclairage allumé,En agglomération,Hors intersection,Normale,Autre collision,4,2,3,1,1,1,1,0,1,50,,1,0,0,0,1,41.0,,,,5,2,1,1,6
202100049901,2021-02-27 17:50:00,2021,2,27,17,50,75,75115,RUE DE VOUILLE,48.833383,2.309795,Plein jour,En agglomération,Intersection en T,Normale,Deux véhicules - côté,4,2,2,3,1,1,1,0,1,50,,2,1,0,0,1,63.0,34.0,,,1,2,3,1,3
202100049902,2021-02-27 14:55:00,2021,2,27,14,55,75,75107,QUAI D ORSAY,48.862591,2.319017,Plein jour,En agglomération,Intersection à plus de 4 branches,Normale,Deux véhicules - côté,4,2,4,1,1,1,1,0,1,50,,2,1,0,0,1,47.0,21.0,,,1,2,5,1,3
202100049903,2021-02-23 10:06:00,2021,2,23,10,6,94,94037,GABRIEL PERI (R),48.810824,2.349962,Plein jour,En agglomération,Hors intersection,Normale,Autre collision,4,1,1,3,1,1,1,9,6,30,,2,1,1,0,0,40.0,,,,1,2,1,1,6
202100049904,2021-02-27 10:40:00,2021,2,27,10,40,94,94028,PARIS.(RUE DE),48.79384,2.46058,Plein jour,En agglomération,Hors intersection,Normale,Autre collision,3,-1,0,0,1,1,1,0,4,50,,2,1,0,0,1,46.0,,,,1,2,1,1,6
202100049905,2021-02-27 09:35:00,2021,2,27,9,35,94,94028,PLICHON.(RUE DU DOCTEUR),48.79435,2.46406,Plein jour,En agglomération,Intersection en X,Normale,Deux véhicules - côté,4,-1,2,0,1,1,1,0,1,50,,2,1,0,0,1,15.0,48.0,,,1,2,2,1,3
202100049906,2021-02-27 02:55:00,2021,2,27,2,55,94,94073,Boulevard de Stalingrad,48.7702951639,2.401562067,Nuit sans éclairage public,En agglomération,Autre intersection,Normale,Deux véhicules - arrière,3,1,3,0,2,1,1,0,1,50,,2,0,0,0,2,24.0,27.0,,,3,2,9,1,2
202100049907,2021-02-27 10:30:00,2021,2,27,10,30,93,93050,PRESIDENT JOHN KENNEDY (AVENUE),48.8648109808,2.5259247651,Plein jour,En agglomération,Intersection en X,Temps éblouissant,Deux véhicules - côté,4,2,2,0,1,1,1,0,1,50,,2,1,0,0,1,52.0,63.0,,,1,2,2,7,3
202100049908,2021-02-27 18:30:00,2021,2,27,18,30,93,93027,TREFILERIE (RUE DE LA),48.92433,2.40868,Plein jour,En agglomération,Hors intersection,Normale,Deux véhicules - frontale,4,2,1,0,1,1,1,0,1,50,,5,2,0,0,3,29.0,28.0,,,1,2,1,1,1
202100049909,2021-02-26 23:00:00,2021,2,26,23,0,92,92050,VAILLANT COUTURIER PAUL RUE,48.88528769,2.2023162246,Nuit avec éclairage allumé,En agglomération,Intersection en T,Normale,Autre collision,3,2,2,0,2,1,1,9,1,50,,1,0,0,1,0,26.0,,,,5,2,3,1,6
202100049910,2021-02-27 19:00:00,2021,2,27,19,0,92,92048,JACQUEMINOT (AVENUE) N°1 A 15,48.8102968527,2.2331209196,Nuit avec éclairage allumé,En agglomération,Intersection en T,Normale,Deux véhicules - côté,4,2,2,0,2,1,1,0,1,50,,2,1,0,0,1,52.0,36.0,,,5,2,3,1,3
202100049911,2021-02-27 17:11:00,2021,2,27,17,11,92,92024,GENERAL ROGUET (RUE DU) DE (1 A 57)   (2,48.90748,2.31292,Plein jour,En agglomération,Hors intersection,Normale,Trois véhicules et plus - en chaîne,4,2,2,0,1,1,1,0,1,50,,4,3,0,0,1,31.0,31.0,,,1,2,1,1,4
202100049912,2021-02-27 10:35:00,2021,2,27,10,35,974,97415,Chemin Bruniquel,-21.099135,55.268258,Plein jour,Hors agglomération,Hors intersection,Normale,Autre collision,3,2,1,2,2,2,1,0,1,70,,1,0,1,0,0,41.0,,,,1,1,1,1,6
202100049913,2021-02-27 16:45:00,2021,2,27,16,45,51,51649,Place Maucourt,48.7240957087,4.5815032095,Plein jour,En agglomération,Hors intersection,Normale,Sans collision,4,1,1,0,1,1,1,0,1,50,,3,2,0,1,0,18.0,,,,1,2,1,1,7
202100049914,2021-02-26 17:30:00,2021,2,26,17,30,83,83054,Autoroute A57 PK 8,43.157391,6.044712,Plein jour,Hors agglomération,Hors intersection,Normale,Deux véhicules - arrière,1,1,4,0,1,1,1,0,1,110,,2,1,0,0,1,20.0,52.0,,,1,1,1,1,2
202100049915,2021-02-28 14:15:00,2021,2,28,14,15,29,29043,N165 - Echangeur de Daoulas,48.366671,-4.257202,Plein jour,Hors agglomération,Hors intersection,Normale,Autre collision,2,3,4,0,1,1,1,0,1,110,,3,0,0,1,2,22.0,,,,1,1,1,1,6
202100049916,2021-02-27 18:05:00,2021,2,27,18,5,26,26041,Route Barthelemy de Laffemas,45.216257,4.829049,Crépuscule ou aube,En agglomération,Intersection en T,Normale,Deux véhicules - côté,3,2,2,0,1,1,1,0,1,50,,2,1,0,1,0,72.0,,,,2,2,3,1,3
202100049917,2021-02-28 16:30:00,2021,2,28,16,30,62,62060,D933,50.204186,2.113721,Plein jour,Hors agglomération,Hors intersection,Normale,Deux véhicules - frontale,3,2,2,0,1,1,1,0,1,80,,4,0,0,0,4,23.0,25.0,,,1,1,1,1,1
202100049918,2021-02-27 08:05:00,2021,2,27,8,5,61,61341,A 28 PK 169+200,48.524379,0.153294,Plein jour,Hors agglomération,Hors intersection,Normale,Autre collision,1,3,4,0,1,1,1,0,8,130,,1,0,0,1,0,29.0,,,,1,1,1,1,6
202100049919,2021-02-28 17:45:00,2021,2,28,17,45,74,74293,Rte des Voirons,46.2669305516,6.2973453104,Plein jour,Hors agglomération,Hors intersection,Normale,Sans collision,3,2,2,0,1,3,1,0,8,80,,1,0,1,0,0,30.0,,,,1,1,1,1,7
202100049920,2021-02-28 15:00:00,2021,2,28,15,0,51,51052,Rue de Reims,49.270163787,4.1461375831,Plein jour,En agglomération,Hors intersection,Normale,Sans collision,3,2,2,0,2,1,1,0,1,50,,2,1,0,1,0,23.0,,,,1,2,1,1,7
202100049921,2021-02-27 09:20:00,2021,2,27,9,20,51,51171,D32,49.3780024577,3.8749670519,Plein jour,Hors agglomération,Hors intersection,Normale,Deux véhicules - arrière,3,2,2,0,3,1,1,0,1,80,,2,1,1,0,0,23.0,68.0,,,1,1,1,1,2
202100049922,2021-02-28 13:40:00,2021,2,28,13,40,56,56032,D724,47.962342,-2.249794,Plein jour,Hors agglomération,Hors intersection,Normale,Autre collision,3,2,2,0,1,1,1,0,1,80,,1,0,0,1,0,62.0,,,,1,1,1,1,6
202100049923,2021-02-27 16:25:00,2021,2,27,16,25,56,56111,L'Orme de Bas,47.658443,-2.358992,Plein jour,Hors agglomération,Hors intersection,Normale,Trois véhicules et plus - collisions multiples,3,2,2,0,2,3,1,0,1,80,,3,1,0,1,1,24.0,24.0,,,1,1,1,1,5
202100049924,2021-02-27 15:50:00,2021,2,27,15,50,56,56194,Gléré,47.6233231134,-2.1142975825,Plein jour,Hors agglomération,Intersection en Y,Temps éblouissant,Deux véhicules - côté,3,2,2,0,4,3,1,0,1,80,,2,1,0,1,0,63.0,58.0,,,1,1,4,7,3
202100049925,2021-02-26 21:30:00,2021,2,26,21,30,67,67278,D9,48.918854,7.182097,Nuit sans éclairage public,Hors agglomération,Hors intersection,Normale,Autre collision,3,2,2,0,1,2,1,0,1,80,,1,0,0,0,1,30.0,,,,3,1,1,1,6
202100049926,2021-02-28 15:45:00,2021,2,28,15,45,76,76664,D50,49.785275,0.662688,Plein jour,Hors agglomération,Hors intersection,Normale,Sans collision,3,2,2,0,1,1,1,0,3,80,,1,0,0,1,0,22.0,,,,1,1,1,1,7
202100049927,2021-02-27 12:00:00,2021,2,27,12,0,2B,2B043,Grotta Murata,42.78602,9.48354,Plein jour,Hors agglomération,Hors intersection,Normale,Deux véhicules - côté,3,2,2,0,1,2,1,0,1,80,,3,1,0,2,0,54.0,71.0,,,1,1,1,1,3
202100049928,2021-02-28 15:55:00,2021,2,28,15,55,69,69267,D68,46.171325736,4.6855291148,Plein jour,Hors agglomération,Intersection en Y,Normale,Deux véhicules - côté,3,2,2,0,4,3,1,0,1,80,,3,0,0,1,2,58.0,17.0,,,1,1,4,1,3
202100049929,2021-02-27 21:30:00,2021,2,27,21,30,55,55217,Grande Rue,48.486928,5.68234,Nuit sans éclairage public,Hors agglomération,Hors intersection,Normale,Sans collision,4,2,2,0,2,1,1,0,8,80,,1,0,0,1,0,47.0,,,,3,1,1,1,7
202100049930,2021-02-28 15:00:00,2021,2,28,15,0,49,49326,Chemin de la Tuffière,47.501793,-0.376652,Plein jour,En agglomération,Hors intersection,Normale,Autre collision,4,2,2,0,1,1,1,0,8,50,,1,0,0,1,0,60.0,,,,1,2,1,1,6
202100049931,2021-02-28 13:50:00,2021,2,28,13,50,34,34214,D15,43.474894,3.281157,Plein jour,Hors agglomération,Hors intersection,Temps couvert,Autre collision,3,2,2,0,1,1,2,0,3,80,,1,0,0,1,0,56.0,,,,1,1,1,8,6
202100049932,2021-02-28 17:50:00,2021,2,28,17,50,25,25196,28 Rue Centrale,47.478167,6.895257,Crépuscule ou aube,En agglomération,Intersection en X,Normale,Deux véhicules - frontale,3,2,2,0,1,1,1,0,1,50,,2,1,0,0,1,34.0,37.0,,,2,2,2,1,1
202100049933,2021-02-28 08:45:00,2021,2,28,8,45,29,29061,D13 - Rond Point du Dorguen,48.449546,-4.471596,Plein jour,Hors agglomération,Hors intersection,Normale,Deux véhicules - frontale,7,2,2,0,1,3,1,5,1,70,,5,3,0,0,2,53.0,28.0,,,1,1,1,1,1
202100049934,2021-02-27 17:00:00,2021,2,27,17,0,02,02140,24 Route de Noyon,49.52508,3.134644,Plein jour,En agglomération,Intersection en X,Normale,Deux véhicules - côté,3,2,2,0,2,1,1,0,1,50,,2,1,0,0,1,26.0,22.0,,,1,2,2,1,3
202100049935,2021-02-27 17:50:00,2021,2,27,17,50,02,02461,D1032,49.597687,3.131554,Plein jour,Hors agglomération,Intersection en X,Normale,Deux véhicules - côté,3,2,2,0,1,1,1,5,1,80,,3,2,0,1,0,18.0,20.0,,,1,1,2,1,3
202100049936,2021-02-28 17:00:00,2021,2,28,17,0,15,15077,,44.932815,2.882195,Plein jour,Hors agglomération,Hors intersection,Normale,Autre collision,4,-1,1,0,1,1,1,0,8,50,,1,0,1,0,0,15.0,,,,1,1,1,1,6
202100049937,2021-02-27 12:15:00,2021,2,27,12,15,70,70176,25 Grande Rue,47.894386,6.624957,Plein jour,En agglomération,Hors intersection,Normale,Deux véhicules - arrière,3,2,2,0,1,1,1,0,1,50,,2,0,0,1,1,18.0,22.0,,,1,2,1,1,2
202100049938,2021-02-28 05:30:00,2021,2,28,5,30,70,70247,RD 42,47.654288,5.678923,Nuit sans éclairage public,Hors agglomération,Hors intersection,Normale,Sans collision,3,2,2,0,2,1,1,0,3,80,,1,0,0,1,0,20.0,,,,3,1,1,1,7
202100049939,2021-02-28 11:10:00,2021,2,28,11,10,06,06136,cd93 pk2.1,43.890726,7.48555,Plein jour,Hors agglomération,Hors intersection,Normale,Sans collision,3,2,2,0,2,2,1,2,4,80,,4,0,0,1,3,23.0,,,,1,1,1,1,7
202100049940,2021-02-26 09:45:00,2021,2,26,9,45,14,14556,D562A,49.116396,-0.374463,Plein jour,En agglomération,Intersection en X,Normale,Autre collision,3,2,2,0,1,1,1,0,1,50,,2,1,0,1,0,53.0,,,,1,2,2,1,6
202100049941,2021-02-28 15:35:00,2021,2,28,15,35,90,90093,grande rue,47.690742,6.83584,Plein jour,En agglomération,Intersection en T,Normale,Deux véhicules - côté,3,2,2,0,1,1,1,0,1,50,,2,1,0,1,0,56.0,25.0,,,1,2,3,1,3
202100049942,2021-02-28 16:20:00,2021,2,28,16,20,45,45025,Rue de la Cave,48.169577,2.031704,Plein jour,Hors agglomération,Hors intersection,Normale,Sans collision,9,-1,1,0,1,1,1,0,8,-1,,1,0,0,1,0,21.0,,,,1,1,1,1,7
202100049943,2021-02-27 15:15:00,2021,2,27,15,15,36,36042,,46.632664,1.458038,Plein jour,Hors agglomération,Intersection en T,Normale,Deux véhicules - côté,3,2,2,0,1,1,1,5,1,90,,4,2,0,1,1,61.0,53.0,,,1,1,3,1,3
202100049944,2021-02-28 14:50:00,2021,2,28,14,50,85,85024,D32,46.935195,-1.836696,Plein jour,Hors agglomération,Hors intersection,Normale,Sans collision,3,1,4,0,1,1,1,0,6,110,,1,0,0,1,0,50.0,,,,1,1,1,1,7
202100049945,2021-02-27 16:55:00,2021,2,27,16,55,27,27587,D47,49.277549,0.62459,Plein jour,Hors agglomération,Autre intersection,Normale,Deux véhicules - frontale,3,2,2,0,1,2,1,5,1,80,,5,2,0,1,2,27.0,23.0,,,1,1,9,1,1
202100049946,2021-02-27 21:10:00,2021,2,27,21,10,30,30012,702 Avenue Jean Moulin,43.892001,4.68444,Nuit avec éclairage allumé,En agglomération,Hors intersection,Normale,Autre collision,4,2,2,0,1,1,1,0,4,50,,1,0,0,1,0,34.0,,,,5,2,1,1,6
202100049947,2021-02-28 14:21:00,2021,2,28,14,21,08,08482,route départementale 66,49.667753,4.66897,Plein jour,Hors agglomération,Hors intersection,Normale,Sans collision,3,-1,2,0,1,2,1,0,1,80,,1,0,0,1,0,48.0,,,,1,1,1,1,7
202100049948,2021-02-27 11:00:00,2021,2,27,11,0,08,08302,D989,49.921167,4.773345,Plein jour,Hors agglomération,Intersection en Y,Normale,Deux véhicules - frontale,3,2,2,0,1,4,1,0,1,80,,3,1,0,0,2,63.0,69.0,,,1,1,4,1,1
202100049949,2021-02-28 14:55:00,2021,2,28,14,55,67,67388,32 Route de Strasbourg,48.916644,7.657996,Plein jour,En agglomération,Hors intersection,Normale,Sans collision,3,2,2,0,1,1,1,0,4,50,,1,0,0,1,0,26.0,,,,1,2,1,1,7
202100049950,2021-02-28 16:00:00,2021,2,28,16,0,38,38048,D36,45.600377,5.125079,Plein jour,Hors agglomération,Hors intersection,Normale,Autre collision,3,2,2,0,1,1,1,0,1,70,,1,0,0,1,0,20.0,,,,1,1,1,1,6
202100049951,2021-02-28 19:15:00,2021,2,28,19,15,74,74010,17 Av de Champ Fleuri,45.890888,6.101467,Nuit avec éclairage allumé,En agglomération,Hors intersection,Normale,Autre collision,4,1,1,3,1,1,1,9,1,30,,2,1,0,0,1,29.0,,,,5,2,1,1,6