accident_id,datetime,annee,mois,jour,heure,minute,departement,commune_insee,adresse,latitude,longitude,luminosite,agglomeration,intersection,meteo,collision,catr,circ,nbv,vosp,prof,plan,surf,infra,situ,vma,nb_vehicules,nb_usagers,nb_indemnes,nb_tues,nb_blesses_hosp,nb_blesses_legers,age_cond_1,age_cond_2,veh_type_cond_1,veh_type_cond_2,lum_code,agg_code,int_code,atm_code,col_code
202100049952,2021-02-28 05:45:00,2021,2,28,5,45,33,33122,,44.7126965714,-0.7463853351,Nuit sans éclairage public,Hors agglomération,Hors intersection,Normale,Deux véhicules - arrière,1,3,4,0,1,1,1,0,1,130,,4,2,0,1,1,54.0,37.0,,,3,1,1,1,2
202100049953,2021-02-28 11:15:00,2021,2,28,11,15,13,13118,"A8, Pk 003+520 sens nord/sud",43.554535,5.267365,Plein jour,Hors agglomération,Hors intersection,Normale,Deux véhicules - arrière,1,3,3,0,1,1,1,0,1,130,,2,1,0,0,1,70.0,30.0,,,1,1,1,1,2
202100049954,2021-02-27 12:00:00,2021,2,27,12,0,51,51409,A26,48.8889806756,4.2890683031,Plein jour,Hors agglomération,Hors intersection,Normale,Sans collision,1,1,4,0,1,1,1,0,1,130,,1,0,0,1,0,66.0,,,,1,1,1,1,7
202100049955,2021-02-27 18:55:00,2021,2,27,18,55,973,97313,route de l'est PK 15,4.800378,-52.386053,Crépuscule ou aube,Hors agglomération,Hors intersection,Temps éblouissant,Deux véhicules - frontale,2,2,2,0,1,3,2,0,1,80,,4,3,0,1,0,39.0,37.0,,,2,1,1,7,1
202100049956,2021-02-28 13:30:00,2021,2,28,13,30,971,97129,La Boucan,16.284724,-61.668864,Plein jour,En agglomération,Hors intersection,Normale,Deux véhicules - côté,2,2,2,0,1,1,1,0,1,50,,2,1,0,1,0,18.0,42.0,,,1,2,1,1,3
202100049957,2021-02-27 17:15:00,2021,2,27,17,15,977,97701,"rt209 , marigot",17.909938,-62.806778,Plein jour,En agglomération,Hors intersection,Normale,Deux véhicules - frontale,3,2,2,0,4,2,1,0,1,50,,1,0,0,1,0,24.0,,,,1,2,1,1,1
202100049958,2021-02-27 17:45:00,2021,2,27,17,45,33,33085,Route de Balaresque,44.764774,-0.449173,Plein jour,Hors agglomération,Hors intersection,Normale,Deux véhicules - frontale,3,2,2,0,2,3,1,0,1,80,,3,1,0,1,1,49.0,53.0,,,1,1,1,1,1
202100049959,2021-02-26 19:50:00,2021,2,26,19,50,91,91041,D19,48.566778,2.225053,Nuit sans éclairage public,Hors agglomération,Hors intersection,Normale,Deux véhicules - frontale,3,2,2,0,1,3,1,0,1,70,,2,0,0,1,1,43.0,27.0,,,3,1,1,1,1
202100049960,2021-02-27 17:45:00,2021,2,27,17,45,78,78120,D149,48.640998,1.987184,Plein jour,Hors agglomération,Intersection en X,Temps éblouissant,Deux véhicules - côté,3,2,2,0,1,1,1,0,1,80,,3,2,0,1,0,22.0,38.0,,,1,1,2,7,3
202100049961,2021-02-28 13:40:00,2021,2,28,13,40,2B,2B148,Route territoriale 11 - bretelle accès aéroport de Poretta,42.551824,9.460827,Plein jour,Hors agglomération,Autre intersection,Normale,Autre collision,2,3,4,0,1,1,1,3,1,110,,3,0,1,0,2,20.0,,,,1,1,9,1,6
202100049962,2021-02-27 16:50:00,2021,2,27,16,50,11,11429,Départemental 249,43.242235,2.367943,Plein jour,Hors agglomération,Hors intersection,Normale,Deux véhicules - côté,3,2,2,0,1,2,1,0,1,80,,3,0,0,1,2,79.0,32.0,,,1,1,1,1,3
202100049963,2021-02-28 14:15:00,2021,2,28,14,15,68,68317,CD 417,48.066372,7.094024,Plein jour,Hors agglomération,Hors intersection,Normale,Autre collision,3,2,2,0,2,2,1,0,3,70,,1,0,0,0,1,25.0,,,,1,1,1,1,6
202100049964,2021-02-26 16:00:00,2021,2,26,16,0,57,57714,D74,49.090242,6.547098,Plein jour,En agglomération,Hors intersection,Normale,Deux véhicules - arrière,3,2,2,0,1,3,1,8,1,50,,3,1,0,1,1,22.0,,,,1,2,1,1,2
202100049965,2021-02-28 01:30:00,2021,2,28,1,30,74,74197,ROUTE D'ANNECY,46.135731,6.312139,Nuit sans éclairage public,Hors agglomération,Hors intersection,Normale,Deux véhicules - frontale,3,2,2,0,2,3,1,0,1,80,,2,0,0,2,0,26.0,57.0,,,3,1,1,1,1
202100049966,2021-02-28 16:45:00,2021,2,28,16,45,38,38155,Route du Pont Jean Lioud,45.43057,5.74866,Plein jour,En agglomération,Intersection en T,Normale,Deux véhicules - côté,3,2,2,0,1,1,1,0,1,30,,2,1,0,0,1,17.0,60.0,,,1,2,3,1,3
202100049967,2021-02-26 20:00:00,2021,2,26,20,0,07,07200,Route du Tunnel,44.720406,4.134145,Nuit sans éclairage public,Hors agglomération,Hors intersection,Normale,Autre collision,3,2,2,0,1,1,1,1,3,70,,4,1,0,2,1,28.0,,,,3,1,1,1,6
202100049968,2021-02-27 16:25:00,2021,2,27,16,25,40,40278,Route du Lac,44.232962,-1.181374,Plein jour,Hors agglomération,Hors intersection,Normale,Autre collision,4,2,2,0,1,2,1,0,1,-1,,2,1,1,0,0,78.0,86.0,,,1,1,1,1,6
202100049969,2021-02-28 15:20:00,2021,2,28,15,20,40,40123,route départementale 401,43.770908,-1.095543,Plein jour,Hors agglomération,Hors intersection,Normale,Sans collision,3,3,2,0,1,3,1,0,3,80,,2,0,2,0,0,21.0,,,,1,1,1,1,7
202100049970,2021-02-28 15:45:00,2021,2,28,15,45,27,27023,D74,48.989511,1.05568,Plein jour,Hors agglomération,Hors intersection,Normale,Sans collision,3,2,2,0,2,4,1,0,1,80,,1,0,0,1,0,31.0,,,,1,1,1,1,7
202100049971,2021-02-28 02:00:00,2021,2,28,2,0,59,59011,127 Route de Don,50.535625,2.925322,Nuit avec éclairage allumé,En agglomération,Hors intersection,Normale,Autre collision,7,2,2,0,1,1,1,0,4,50,,1,0,0,0,1,35.0,,,,5,2,1,1,6
202100049972,2021-02-27 19:30:00,2021,2,27,19,30,13,13005,A50-Sens Marseille vers Aubagne,43.27201,5.58884,Nuit sans éclairage public,Hors agglomération,Hors intersection,Temps couvert,Trois véhicules et plus - collisions multiples,1,3,4,0,2,4,2,0,1,110,,10,8,0,0,2,26.0,67.0,,,3,1,1,8,5
202100049973,2021-02-27 14:00:00,2021,2,27,14,0,91,91471,RN 118,48.69536,2.19254,Plein jour,Hors agglomération,Hors intersection,Normale,Deux véhicules - arrière,2,3,4,0,2,1,1,0,1,90,,2,1,0,0,1,30.0,37.0,,,1,1,1,1,2
202100049974,2021-02-27 17:25:00,2021,2,27,17,25,78,78640,A86 EXT,48.777905,2.215586,Plein jour,Hors agglomération,Hors intersection,Normale,Trois véhicules et plus - en chaîne,1,3,6,0,1,1,1,0,1,110,,9,7,0,0,2,29.0,22.0,,,1,1,1,1,4
202100049975,2021-02-27 15:47:00,2021,2,27,15,47,92,92025,A86,48.9189886921,2.2237886747,Plein jour,Hors agglomération,Hors intersection,Normale,Deux véhicules - côté,1,3,6,0,1,1,1,0,1,90,,2,1,0,0,1,29.0,32.0,,,1,1,1,1,3
202100049976,2021-02-27 13:20:00,2021,2,27,13,20,92,92047,A13,48.8340850137,2.16635012,Plein jour,Hors agglomération,Hors intersection,Normale,Trois véhicules et plus - en chaîne,1,3,6,0,1,1,1,0,1,110,,10,9,0,0,1,52.0,24.0,,,1,1,1,1,4
202100049977,2021-02-27 00:45:00,2021,2,27,0,45,93,93007,AUTOROUTE A3,48.92342,2.48073,Nuit sans éclairage public,Hors agglomération,Hors intersection,Normale,Deux véhicules - arrière,1,3,6,0,1,1,1,0,1,110,,3,2,0,0,1,36.0,24.0,,,3,1,1,1,2
202100049978,2021-02-26 18:00:00,2021,2,26,18,0,95,95351,RN 104,49.04117,2.48221,Plein jour,Hors agglomération,Hors intersection,Normale,Deux véhicules - arrière,2,3,6,0,1,1,1,0,1,110,,2,0,0,0,2,40.0,32.0,,,1,1,1,1,2
202100049979,2021-02-26 11:00:00,2021,2,26,11,0,93,93006,AUTOROUTE A3,48.86594,2.42147,Plein jour,Hors agglomération,Hors intersection,Pluie légère,Deux véhicules - arrière,1,3,8,0,1,1,2,0,1,90,,3,1,0,0,2,23.0,33.0,,,1,1,1,2,2
202100049980,2021-02-27 16:55:00,2021,2,27,16,55,77,77258,A4.W,48.8305927235,2.6321617785,Plein jour,Hors agglomération,Hors intersection,Normale,Deux véhicules - arrière,1,-1,4,0,1,1,1,0,1,110,,4,2,0,0,2,80.0,23.0,,,1,1,1,1,2
202100049981,2021-02-23 12:55:00,2021,2,23,12,55,988,98818,COOK (AVENUE JAMES),-22.26789,166.43211,Plein jour,En agglomération,Hors intersection,Normale,Deux véhicules - frontale,4,2,2,0,1,1,1,0,1,50,,2,1,0,0,1,45.0,22.0,,,1,2,1,1,1
202100049982,2021-02-26 19:44:00,2021,2,26,19,44,976,97611,passamanty-MRony Manga ( rue ),-12.79872,45.20158,Nuit avec éclairage allumé,En agglomération,Hors intersection,Normale,Autre collision,4,2,0,0,1,1,1,0,1,50,,1,0,0,0,1,42.0,,,,5,2,1,1,6
202100049983,2021-02-25 08:05:00,2021,2,25,8,5,974,97411,JAURES (BLD 1 JEAN),-20.89789,55.47596,Plein jour,En agglomération,Autre intersection,Normale,Deux véhicules - côté,4,1,1,0,1,1,1,9,1,50,,2,1,0,1,0,74.0,24.0,,,1,2,9,1,3
202100049984,2021-02-25 07:15:00,2021,2,25,7,15,974,97407,RUE THEODORE DROUET,-20.94909,55.31728,Plein jour,Hors agglomération,Hors intersection,Normale,Trois véhicules et plus - collisions multiples,4,2,2,0,1,1,1,0,1,50,,3,2,0,0,1,29.0,34.0,,,1,1,1,1,5
202100049985,2021-02-26 11:50:00,2021,2,26,11,50,69,69383,FERDINAND BUISSON (R),45.74977,4.88978,Plein jour,En agglomération,Intersection en X,Normale,Deux véhicules - côté,4,1,2,1,1,1,1,0,1,50,,2,1,0,0,1,29.0,23.0,,,1,2,2,1,3
202100049986,2021-02-26 16:00:00,2021,2,26,16,0,972,97213,ROUTE DEPARTEMENTALE 15,14.61461,-61.00463,Plein jour,Hors agglomération,Hors intersection,Normale,Deux véhicules - côté,3,2,2,0,1,1,1,0,1,50,,4,0,0,0,4,20.0,24.0,,,1,1,1,1,3
202100049987,2021-02-26 08:15:00,2021,2,26,8,15,972,97209,GEORGES GRATIANT (AVENUE),14.61346,-61.03712,Plein jour,En agglomération,Hors intersection,Pluie légère,Autre collision,5,2,1,0,1,1,2,9,1,30,,2,1,0,0,1,49.0,,,,1,2,1,2,6
202100049988,2021-02-25 17:45:00,2021,2,25,17,45,972,97209,EMILE ZOLA (RUE),14.60961,-61.07146,Plein jour,En agglomération,Hors intersection,Normale,Autre collision,4,2,2,0,1,1,1,9,1,50,,2,1,0,0,1,30.0,,,,1,2,1,1,6
202100049989,2021-02-25 10:45:00,2021,2,25,10,45,69,69202,GRANDE RUE,45.7339022505,4.8038316316,Plein jour,En agglomération,Hors intersection,Normale,Autre collision,4,1,1,0,1,1,1,6,1,30,,2,1,0,0,1,58.0,,,,1,2,1,1,6
202100049990,2021-02-25 17:07:00,2021,2,25,17,7,69,69202,CHAVRIL (DE) (R),45.74738,4.80647,Plein jour,En agglomération,Intersection en Y,Normale,Autre collision,4,2,2,0,1,1,1,0,1,50,,2,1,0,0,1,80.0,,,,1,2,4,1,6
202100049991,2021-02-08 11:44:00,2021,2,8,11,44,971,97120,CHANZY (BOULEVARD),16.24491,-61.539,Plein jour,En agglomération,Autre intersection,Normale,Autre collision,3,1,3,0,1,1,1,0,8,50,,2,1,0,0,1,32.0,,,,1,2,9,1,6
202100049992,2021-02-26 09:43:00,2021,2,26,9,43,2A,2A004,RECCO ABBE BOULEVARD,41.93732,8.73808,Plein jour,En agglomération,Hors intersection,Normale,Deux véhicules - arrière,4,3,4,0,1,1,1,0,1,50,,2,1,0,1,0,54.0,19.0,,,1,2,1,1,2
202100049993,2021-02-25 15:50:00,2021,2,25,15,50,95,95280,Avenue des Tilleuls,49.0349888583,2.4677932262,Plein jour,En agglomération,Intersection en X,Normale,Autre collision,4,2,2,0,1,1,1,0,1,50,,3,2,0,0,1,63.0,24.0,,,1,2,2,1,6
202100049994,2021-02-24 18:15:00,2021,2,24,18,15,91,91549,LIBERTE (AVENUE DE LA),48.64091,2.34584,Plein jour,En agglomération,Intersection en X,Normale,Deux véhicules - côté,4,2,2,0,1,1,1,0,1,50,,2,1,0,0,1,38.0,21.0,,,1,2,2,1,3
202100049995,2021-02-25 19:05:00,2021,2,25,19,5,91,91223,GENERAL LECLERC (PLACE DU),48.436654,2.159819,Nuit avec éclairage allumé,En agglomération,Hors intersection,Normale,Autre collision,6,-1,-1,3,1,1,1,0,6,50,,3,0,0,1,2,46.0,,,,5,2,1,1,6
202100049996,2021-02-15 13:45:00,2021,2,15,13,45,89,89236,D606,48.17976,3.30011,Plein jour,Hors agglomération,Hors intersection,Normale,Trois véhicules et plus - collisions multiples,3,2,2,0,1,1,1,2,1,80,,3,0,0,1,2,23.0,22.0,,,1,1,1,1,5
202100049997,2021-02-23 07:46:00,2021,2,23,7,46,87,87085,BELLAC (RUE DE),45.855295019,1.2482732534,Nuit avec éclairage allumé,En agglomération,Hors intersection,Normale,Deux véhicules - arrière,4,4,3,0,2,3,1,0,1,50,,2,1,0,0,1,44.0,55.0,,,5,2,1,1,2
202100049998,2021-02-25 15:30:00,2021,2,25,15,30,86,86194,Avenue John Kennedy,46.586942,0.365035,Plein jour,En agglomération,Hors intersection,Normale,Autre collision,3,3,4,0,1,1,1,0,1,50,,2,0,0,0,2,80.0,,,,1,2,1,1,6
202100049999,2021-02-26 12:00:00,2021,2,26,12,0,83,83069,GODILLOT  ( AVENUE ALEXIS ),43.115392,6.123066,Plein jour,En agglomération,Hors intersection,Normale,Deux véhicules - côté,7,2,2,0,2,1,1,0,1,50,,2,1,0,0,1,17.0,68.0,,,1,2,1,1,3
202100050000,2021-02-24 17:20:00,2021,2,24,17,20,80,80021,ALLONVILLE (ROUTE D'),49.91254,2.31717,Plein jour,En agglomération,Hors intersection,Normale,Deux véhicules - arrière,3,2,2,0,1,1,1,0,1,50,,2,1,0,0,1,49.0,48.0,,,1,2,1,1,2
202100050001,2021-02-25 15:15:00,2021,2,25,15,15,76,76305,CAMP DOLENT (AVENUE),49.50655,0.22305,Plein jour,En agglomération,Autre intersection,Normale,Autre collision,6,-1,-1,0,1,1,1,0,1,10,,2,1,0,1,0,22.0,,,,1,2,9,1,6
202100050002,2021-02-26 10:40:00,2021,2,26,10,40,71,71040,JEAN THOMASSET (RUE),46.6995582248,4.3873470717,Plein jour,En agglomération,Hors intersection,Normale,Sans collision,4,2,2,0,1,1,1,0,1,50,,1,0,0,0,1,15.0,,,,1,2,1,1,7
202100050003,2021-02-26 12:04:00,2021,2,26,12,4,69,69275,FRANCISCO FERRER (R),45.77434,4.97636,Plein jour,En agglomération,Passage à niveau,Normale,Deux véhicules - côté,4,2,2,0,1,1,1,4,1,30,,2,0,0,1,1,44.0,19.0,,,1,2,8,1,3
202100050004,2021-02-26 09:50:00,2021,2,26,9,50,69,69266,EMILE ZOLA (CR),45.76691,4.89352,Plein jour,En agglomération,Intersection en T,Normale,Deux véhicules - côté,4,2,4,0,1,1,1,0,1,50,,2,1,0,0,1,,54.0,,,1,2,3,1,3
202100050005,2021-02-24 14:03:00,2021,2,24,14,3,68,68066,ALSACE (RUE D'),48.06521,7.36432,Plein jour,En agglomération,Giratoire,Normale,Deux véhicules - côté,4,4,7,1,1,3,1,0,5,30,,2,1,0,1,0,78.0,89.0,,,1,2,6,1,3
202100050006,2021-02-25 16:22:00,2021,2,25,16,22,66,66136,WILSON (BOULEVARD THOMAS),42.70189,2.8955,Plein jour,En agglomération,Hors intersection,Normale,Autre collision,4,2,4,0,1,1,1,0,1,50,,2,1,0,0,1,72.0,,,,1,2,1,1,6
202100050007,2021-02-25 06:43:00,2021,2,25,6,43,66,66136,R D 900,42.74517,2.89273,Crépuscule ou aube,Hors agglomération,Hors intersection,Normale,Autre collision,3,1,1,0,2,2,1,0,1,70,,1,0,0,0,1,55.0,,,,2,1,1,1,6
202100050008,2021-02-26 17:55:00,2021,2,26,17,55,64,64284,HENRI IV,43.28319,-0.38677,Plein jour,En agglomération,Intersection en X,Normale,Deux véhicules - côté,4,2,3,0,1,1,1,0,1,50,,2,1,0,0,1,61.0,16.0,,,1,2,2,1,3
202100050009,2021-02-26 17:35:00,2021,2,26,17,35,64,64284,GEORGES GUYNEMER,43.291443,-0.397796,Plein jour,En agglomération,Hors intersection,Normale,Deux véhicules - frontale,4,2,1,0,1,1,1,0,1,30,,2,0,0,0,2,19.0,17.0,,,1,2,1,1,1
202100050010,2021-02-26 07:35:00,2021,2,26,7,35,64,64122,MARCEL DASSAULT (BD),43.461,-1.54668,Plein jour,En agglomération,Hors intersection,Normale,Deux véhicules - côté,3,2,4,0,2,1,1,0,1,30,,2,1,0,0,1,57.0,61.0,,,1,2,1,1,3
202100050011,2021-02-26 10:55:00,2021,2,26,10,55,64,64102,LOUISE DARRACQ (AVENUE),43.49417,-1.48168,Plein jour,En agglomération,Hors intersection,Normale,Deux véhicules - côté,4,1,1,0,1,1,1,0,4,50,,2,1,0,1,0,87.0,49.0,,,1,2,1,1,3
202100050012,2021-02-26 11:45:00,2021,2,26,11,45,63,63113,RESSORT (RUE DU),45.7864628808,3.1076837416,Plein jour,En agglomération,Intersection en T,Normale,Deux véhicules - côté,4,2,2,0,1,1,1,0,1,50,,2,1,0,0,1,36.0,28.0,,,1,2,3,1,3
202100050013,2021-02-25 12:55:00,2021,2,25,12,55,63,63113,BLATIN (RUE),45.77696,3.08008,Plein jour,En agglomération,Hors intersection,Normale,Trois véhicules et plus - en chaîne,4,2,1,3,1,1,1,0,1,50,,3,2,0,0,1,24.0,62.0,,,1,2,1,1,4
202100050014,2021-02-26 17:56:00,2021,2,26,17,56,59,59350,RAVEL MAURICE RUE,50.6295142147,3.0854116536,Plein jour,En agglomération,Hors intersection,Normale,Autre collision,4,1,1,2,1,1,1,0,1,30,,2,1,0,1,0,33.0,,,,1,2,1,1,6
202100050015,2021-02-11 16:00:00,2021,2,11,16,0,59,59350,DOREZ BARTHELEMY PLACE,50.618519,3.050459,Plein jour,En agglomération,Autre intersection,Normale,Autre collision,7,-1,3,0,1,1,1,0,8,50,,2,1,0,0,1,22.0,38.0,,,1,2,9,1,6
202100050016,2021-02-25 13:40:00,2021,2,25,13,40,58,58194,MARECHAL JUIN,47.00436,3.1538,Plein jour,En agglomération,Intersection en T,Normale,Deux véhicules - côté,3,2,4,0,1,1,1,0,1,30,,2,1,0,1,0,29.0,68.0,,,1,2,3,1,3
202100050017,2021-02-26 15:15:00,2021,2,26,15,15,57,57463,ALLIES (RUE DES),49.129818,6.1667911,Plein jour,En agglomération,Hors intersection,Normale,Deux véhicules - arrière,4,-1,2,0,1,1,1,0,1,70,,3,2,0,0,1,39.0,41.0,,,1,2,1,1,2
202100050018,2021-02-25 14:52:00,2021,2,25,14,52,56,56162,FORT BLOQUE (RUE DU),47.73656,-3.43249,Plein jour,En agglomération,Giratoire,Normale,Deux véhicules - côté,3,2,2,0,1,1,1,5,1,50,,2,1,0,0,1,88.0,48.0,,,1,2,6,1,3
202100050019,2021-02-26 12:45:00,2021,2,26,12,45,54,54395,POINCARE (RUE HENRI),48.690031713,6.1718102172,Plein jour,En agglomération,Intersection en X,Normale,Autre collision,7,1,2,0,1,1,1,0,1,50,,2,1,0,0,1,54.0,,,,1,2,2,1,6
202100050020,2021-02-25 09:30:00,2021,2,25,9,30,54,54395,MOULIN (BOULEVARD JEAN),48.6828664178,6.2064794451,Plein jour,En agglomération,Intersection en T,Normale,Deux véhicules - arrière,4,1,2,0,1,1,1,6,1,50,,3,2,0,0,1,41.0,,,,1,2,3,1,2
202100050021,2021-02-23 16:45:00,2021,2,23,16,45,54,54526,rue Jean Ferrat,48.67909,6.22541,Plein jour,En agglomération,Autre intersection,Normale,Autre collision,4,2,1,0,1,1,1,0,1,30,,2,1,0,0,1,57.0,,,,1,2,9,1,6
202100050022,2021-02-26 11:24:00,2021,2,26,11,24,51,51058,Avenue François Jacob,49.2202842989,4.0059215133,Plein jour,En agglomération,Hors intersection,Normale,Deux véhicules - côté,4,2,2,1,1,1,1,0,1,50,,3,2,0,0,1,24.0,41.0,,,1,2,1,1,3
202100050023,2021-02-25 17:45:00,2021,2,25,17,45,51,51454,Place de la Republique,49.2617632135,4.029546546,Crépuscule ou aube,En agglomération,Intersection en X,Normale,Deux véhicules - côté,3,2,2,0,1,1,1,0,1,-1,,2,1,0,0,1,27.0,48.0,,,2,2,2,1,3
202100050024,2021-02-24 08:10:00,2021,2,24,8,10,42,42123,Rue Antoine Durafour,45.5102011266,4.5760288797,Plein jour,En agglomération,Intersection en T,Normale,Deux véhicules - côté,7,2,2,0,2,1,1,0,1,50,,2,1,0,0,1,62.0,34.0,,,1,2,3,1,3
202100050025,2021-02-25 05:36:00,2021,2,25,5,36,37,37261,DE GAULLE (AVENUE DU GENERAL),47.3805991013,0.6985468716,Nuit avec éclairage allumé,En agglomération,Intersection en T,Normale,Deux véhicules - côté,4,2,2,1,1,1,1,0,1,50,,3,1,0,1,1,57.0,,,,5,2,3,1,3
202100050026,2021-02-24 12:10:00,2021,2,24,12,10,37,37122,RD 86 DE MONTS à TOURS,47.338009096,0.6648101234,Plein jour,En agglomération,Hors intersection,Normale,Autre collision,4,2,3,0,1,1,1,0,1,50,,2,1,0,0,1,21.0,40.0,,,1,2,1,1,6
202100050027,2021-02-26 14:22:00,2021,2,26,14,22,35,35238,LORIENT (DE),48.10682,-1.72809,Plein jour,En agglomération,Autre intersection,Normale,Trois véhicules et plus - collisions multiples,2,3,4,3,1,1,1,0,1,50,,4,3,0,1,0,26.0,43.0,,,1,2,9,1,5
202100050028,2021-02-26 12:00:00,2021,2,26,12,0,35,35281,PATIS-DES-COUASNES (RUE DU),48.08106,-1.72711,Plein jour,En agglomération,Hors intersection,Normale,Deux véhicules - côté,4,2,2,0,1,1,2,0,1,50,,3,2,0,0,1,20.0,32.0,,,1,2,1,1,3
202100050029,2021-02-26 09:15:00,2021,2,26,9,15,35,35238,ROBERT (FERNAND),48.13253,-1.70966,Plein jour,En agglomération,Hors intersection,Normale,Autre collision,4,2,2,0,1,1,1,9,1,30,,2,1,0,0,1,60.0,,,,1,2,1,1,6
202100050030,2021-02-25 21:55:00,2021,2,25,21,55,31,31555,PONT NEUF,43.59931,1.43869,Nuit avec éclairage allumé,En agglomération,Hors intersection,Normale,Sans collision,7,2,2,0,1,1,1,0,1,50,,1,0,0,0,1,21.0,,,,5,2,1,1,7
202100050031,2021-02-26 08:25:00,2021,2,26,8,25,29,29232,Rue Marcel Paul,47.9757240193,-4.0195588158,Plein jour,Hors agglomération,Hors intersection,Normale,Deux véhicules - côté,4,2,2,0,4,3,1,0,1,50,,2,1,0,0,1,34.0,25.0,,,1,1,1,1,3
202100050032,2021-02-27 22:35:00,2021,2,27,22,35,29,29019,Rue Camille Desmoulins,48.396232,-4.483926,Nuit avec éclairage allumé,En agglomération,Intersection en X,Normale,Deux véhicules - côté,4,3,4,0,3,1,1,5,1,50,,2,1,1,0,0,33.0,24.0,,,5,2,2,1,3
202100050033,2021-02-26 18:10:00,2021,2,26,18,10,26,26198,65 Route de Dieulefit,44.5519,4.76698,Plein jour,En agglomération,Hors intersection,Normale,Deux véhicules - côté,3,2,2,0,1,1,1,0,1,50,,2,1,0,0,1,15.0,66.0,,,1,2,1,1,3
202100050034,2021-02-25 11:15:00,2021,2,25,11,15,18,18279,HUIT MAI 1945 (RUE DU (JUSQU'AU GYMNASE,47.22691,2.07536,Plein jour,En agglomération,Hors intersection,Normale,Deux véhicules - frontale,4,-1,2,0,2,1,1,0,1,50,,2,1,0,1,0,55.0,,,,1,2,1,1,1
202100050035,2021-02-26 16:45:00,2021,2,26,16,45,17,17415,LECLERC COURS DU MARECHAL,45.75388,-0.65457,Plein jour,En agglomération,Hors intersection,Normale,Deux véhicules - côté,4,2,2,0,1,1,1,0,1,50,,2,0,0,1,1,56.0,37.0,,,1,2,1,1,3
202100050036,2021-02-26 18:30:00,2021,2,26,18,30,17,17300,06 PK RN237 MOULIN JUSTICE RE,46.16913,-1.120822,Nuit sans éclairage public,En agglomération,Hors intersection,Autre,Trois véhicules et plus - en chaîne,2,3,4,0,1,1,1,0,1,90,,3,1,0,0,2,52.0,34.0,,,3,2,1,9,4
202100050037,2021-02-26 11:30:00,2021,2,26,11,30,17,17028,GARE   RUE DE LA,46.13572,-1.11214,Plein jour,En agglomération,Intersection en T,Normale,Sans collision,4,1,1,2,2,1,1,9,1,30,,1,0,0,1,0,40.0,,,,1,2,3,1,7
202100050038,2021-02-25 11:40:00,2021,2,25,11,40,17,17200,HUIT MAI 1945   AVENUE DU,46.18305,-1.15233,Plein jour,En agglomération,Intersection en X,Normale,Trois véhicules et plus - en chaîne,3,3,4,0,1,1,1,5,1,50,,3,2,0,1,0,44.0,49.0,,,1,2,2,1,4
202100050039,2021-02-26 08:02:00,2021,2,26,8,2,16,16089,Av de Barbezieux,45.681407,-0.32858,Crépuscule ou aube,En agglomération,Giratoire,Normale,Deux véhicules - côté,3,2,2,0,1,2,1,5,1,50,,2,1,0,0,1,47.0,36.0,,,2,2,6,1,3
202100050040,2021-02-26 21:00:00,2021,2,26,21,0,13,13054,D9 (BRETELLE),43.4241003772,5.2350525966,Nuit sans éclairage public,En agglomération,Hors intersection,Normale,Deux véhicules - arrière,7,2,2,0,1,1,1,0,1,50,,3,0,0,0,3,57.0,57.0,,,3,2,1,1,2
202100050041,2021-02-24 10:55:00,2021,2,24,10,55,13,13216,CONDORCET (RUE),43.3564728889,5.3441508987,Plein jour,En agglomération,Hors intersection,Normale,Deux véhicules - frontale,4,2,2,0,1,1,1,0,1,50,,2,1,0,0,1,,25.0,,,1,2,1,1,1
202100050042,2021-02-25 08:49:00,2021,2,25,8,49,13,13202,BD JAQUES SAADE,43.3011033669,5.3640507689,Plein jour,En agglomération,Hors intersection,Normale,Deux véhicules - frontale,4,1,2,3,1,1,1,0,1,50,,2,1,0,1,0,22.0,31.0,,,1,2,1,1,1
202100050043,2021-02-26 12:30:00,2021,2,26,12,30,13,13001,VALLON DES LAURIERS (CH),43.54282,5.47261,Plein jour,Hors agglomération,Hors intersection,Normale,Autre collision,4,2,1,0,2,1,1,0,3,50,,1,0,0,0,1,34.0,,,,1,1,1,1,6
202100050044,2021-02-25 16:10:00,2021,2,25,16,10,13,13001,ST JEROME (AV),43.51743,5.46027,Plein jour,En agglomération,Giratoire,Normale,Deux véhicules - côté,4,1,1,0,2,1,1,0,1,50,,3,2,0,0,1,75.0,29.0,,,1,2,6,1,3
202100050045,2021-02-25 16:19:00,2021,2,25,16,19,11,11069,PERGAUD LOUIS,43.2092,2.3297,Plein jour,En agglomération,Hors intersection,Temps couvert,Autre collision,9,2,2,0,1,1,1,0,1,50,,4,3,0,0,1,17.0,,,,1,2,1,8,6
202100050046,2021-02-25 21:35:00,2021,2,25,21,35,10,10387,LOMBARDS (AVENUE),48.27276,4.07713,Nuit avec éclairage allumé,En agglomération,Intersection en X,Normale,Deux véhicules - côté,4,-1,2,0,1,1,1,0,1,50,,2,1,0,0,1,71.0,,,,5,2,2,1,3
202100050047,2021-02-25 11:45:00,2021,2,25,11,45,10,10387,MISSION (RUE DE LA),48.28799,4.07436,Plein jour,En agglomération,Autre intersection,Normale,Deux véhicules - côté,4,2,4,0,2,1,1,0,1,50,,2,1,0,0,1,42.0,44.0,,,1,2,9,1,3