accident_id,datetime,annee,mois,jour,heure,minute,departement,commune_insee,adresse,latitude,longitude,luminosite,agglomeration,intersection,meteo,collision,catr,circ,nbv,vosp,prof,plan,surf,infra,situ,vma,nb_vehicules,nb_usagers,nb_indemnes,nb_tues,nb_blesses_hosp,nb_blesses_legers,age_cond_1,age_cond_2,veh_type_cond_1,veh_type_cond_2,lum_code,agg_code,int_code,atm_code,col_code
202100050048,2021-02-26 08:08:00,2021,2,26,8,8,06,06088,JAURES (BD JEAN),43.699138,7.277353,Plein jour,En agglomération,Autre intersection,Normale,Deux véhicules - côté,4,2,1,3,1,1,1,9,6,25,,4,3,0,0,1,47.0,42.0,,,1,2,9,1,3
202100050049,2021-02-26 18:25:00,2021,2,26,18,25,06,06069,Pénétrante,43.63132,6.94707,Nuit sans éclairage public,Hors agglomération,Hors intersection,Normale,Deux véhicules - arrière,3,1,2,0,1,1,1,0,1,90,,2,1,0,0,1,21.0,27.0,,,3,1,1,1,2
202100050050,2021-02-26 13:15:00,2021,2,26,13,15,06,06027,PLAGE BOULEVARD DE LA,43.65683,7.1647,Plein jour,En agglomération,Hors intersection,Normale,Deux véhicules - arrière,7,2,4,0,1,1,1,0,1,50,,2,1,0,0,1,47.0,54.0,,,1,2,1,1,2
202100050051,2021-02-26 14:55:00,2021,2,26,14,55,01,01451,Route de Bourg,46.24312,5.22447,Plein jour,Hors agglomération,Intersection en X,Normale,Deux véhicules - côté,3,2,2,0,1,1,1,0,1,70,,2,1,0,1,0,18.0,22.0,,,1,1,2,1,3
202100050052,2021-02-25 19:30:00,2021,2,25,19,30,75,75115,PORTE DE SEVRES,48.834814,2.274063,Nuit avec éclairage allumé,En agglomération,Intersection en Y,Normale,Autre collision,4,1,3,0,1,1,1,0,1,70,,1,0,0,0,1,43.0,,,,5,2,4,1,6
202100050053,2021-02-22 16:45:00,2021,2,22,16,45,75,75115,PORTE D ISSY,48.835262,2.270712,Plein jour,En agglomération,Hors intersection,Normale,Deux véhicules - côté,4,1,4,0,1,1,1,0,1,70,,2,1,0,0,1,36.0,28.0,,,1,2,1,1,3
202100050054,2021-02-25 16:26:00,2021,2,25,16,26,75,75105,QUAI SAINT MICHEL,48.853758,2.344283,Plein jour,En agglomération,Intersection à plus de 4 branches,Normale,Autre collision,4,1,4,1,1,1,1,0,1,50,,4,1,0,2,1,48.0,,,,1,2,5,1,6
202100050055,2021-02-26 13:55:00,2021,2,26,13,55,75,75120,AVENUE GAMBETTA,48.866532,2.399893,Plein jour,En agglomération,Intersection en X,Normale,Autre collision,4,2,2,1,2,1,1,0,1,30,,3,1,0,2,0,47.0,,,,1,2,2,1,6
202100050056,2021-02-26 18:00:00,2021,2,26,18,0,75,75119,RUE MANIN,48.884966,2.392563,Crépuscule ou aube,En agglomération,Hors intersection,Normale,Deux véhicules - côté,4,2,0,0,1,3,1,0,1,50,,2,1,0,0,1,34.0,63.0,,,2,2,1,1,3
202100050057,2021-02-26 08:50:00,2021,2,26,8,50,75,75116,VOIE GEORGES POMPIDOU,48.858087,2.288352,Plein jour,En agglomération,Intersection à plus de 4 branches,Normale,Deux véhicules - côté,4,2,2,1,1,1,1,-1,5,50,,2,1,0,0,1,52.0,26.0,,,1,2,5,1,3
202100050058,2021-02-25 09:12:00,2021,2,25,9,12,75,75116,PLACE CHARLES DE GAULLE,48.873203,2.295127,Plein jour,En agglomération,Place,Normale,Deux véhicules - arrière,4,1,1,0,1,2,1,0,1,50,,2,1,0,0,1,36.0,34.0,,,1,2,7,1,2
202100050059,2021-02-26 14:14:00,2021,2,26,14,14,75,75115,RUE DE LA CONVENTION,48.837842,2.295087,Plein jour,En agglomération,Hors intersection,Normale,Autre collision,4,2,2,0,1,1,1,0,1,50,,2,1,0,0,1,28.0,,,,1,2,1,1,6
202100050060,2021-02-25 13:20:00,2021,2,25,13,20,75,75115,RUE DE VAUGIRARD,48.842462,2.31108,Plein jour,En agglomération,Intersection en T,Normale,Deux véhicules - côté,4,1,3,1,1,1,1,-1,5,50,,2,1,0,0,1,46.0,40.0,,,1,2,3,1,3
202100050061,2021-02-26 18:20:00,2021,2,26,18,20,75,75114,RUE DU COMMANDANT RENE MOUCHOTTE,48.837852,2.319116,Nuit avec éclairage allumé,En agglomération,Hors intersection,Normale,Autre collision,4,1,1,3,2,1,1,0,1,50,,2,1,0,0,1,49.0,,,,5,2,1,1,6
202100050062,2021-02-26 18:20:00,2021,2,26,18,20,75,75107,BOULEVARD DES INVALIDES,48.848288,2.315776,Plein jour,En agglomération,Intersection en T,Normale,Deux véhicules - côté,4,2,5,1,1,1,1,0,1,50,,2,1,0,0,1,,24.0,,,1,2,3,1,3
202100050063,2021-02-24 17:50:00,2021,2,24,17,50,75,75107,RUE DE L UNIVERSITE,48.860151,2.297463,Plein jour,En agglomération,Hors intersection,Normale,Sans collision,4,1,0,0,1,1,1,0,1,30,,2,1,0,0,1,24.0,,,,1,2,1,1,7
202100050064,2021-02-26 16:10:00,2021,2,26,16,10,75,75102,RUE DE LA PAIX,48.868943,2.330905,Plein jour,En agglomération,Hors intersection,Normale,Deux véhicules - côté,4,2,2,0,1,1,1,0,1,50,,2,1,0,0,1,36.0,40.0,,,1,2,1,1,3
202100050065,2021-02-26 08:25:00,2021,2,26,8,25,75,75102,BOULEVARD DES CAPUCINES,48.87097,2.33415,Plein jour,En agglomération,Intersection en X,Normale,Deux véhicules - arrière,4,2,2,0,1,1,1,0,1,50,,2,1,0,0,1,38.0,31.0,,,1,2,2,1,2
202100050066,2021-02-26 14:00:00,2021,2,26,14,0,94,94068,REPUBLIQUE (AV DE LA),48.79857,2.4859,Plein jour,En agglomération,Hors intersection,Normale,Autre collision,4,1,1,0,1,1,1,0,1,30,,2,1,0,1,0,40.0,,,,1,2,1,1,6
202100050067,2021-02-25 16:55:00,2021,2,25,16,55,94,94068,ALSACE LORRAINE (R D),48.80537707,2.4756927118,Plein jour,En agglomération,Hors intersection,Normale,Deux véhicules - côté,4,1,1,0,1,1,1,0,1,30,,2,1,0,0,1,62.0,69.0,,,1,2,1,1,3
202100050068,2021-02-26 07:20:00,2021,2,26,7,20,94,94046,Rue Paul Bert,48.815674,2.425871,Crépuscule ou aube,En agglomération,Intersection en T,Pluie légère,Autre collision,4,1,1,0,1,1,2,5,1,50,,2,1,0,0,1,61.0,,,,2,2,3,2,6
202100050069,2021-02-26 13:25:00,2021,2,26,13,25,94,94021,JEAN MERMOZ (BD),48.77,2.338,Plein jour,En agglomération,Hors intersection,Normale,Autre collision,3,3,0,0,1,1,1,0,4,50,,1,0,0,0,1,28.0,,,,1,2,1,1,6
202100050070,2021-02-26 07:45:00,2021,2,26,7,45,94,94070,MANDRES (RTE DE),48.7164,2.5629,Plein jour,Hors agglomération,Hors intersection,Pluie légère,Deux véhicules - frontale,3,2,2,0,1,1,2,0,1,50,,2,0,0,0,2,51.0,60.0,,,1,1,1,2,1
202100050071,2021-02-25 12:47:00,2021,2,25,12,47,94,94079,JEAN JAURES (R),48.8272424671,2.529560271,Plein jour,En agglomération,Intersection en T,Normale,Trois véhicules et plus - en chaîne,4,2,2,0,1,1,1,0,1,50,,4,2,0,0,2,50.0,61.0,,,1,2,3,1,4
202100050072,2021-02-26 19:30:00,2021,2,26,19,30,93,93072,MOLIERE (SQUARE),48.94951999,2.3737666908,Nuit avec éclairage allumé,En agglomération,Hors intersection,Normale,Deux véhicules - côté,4,2,2,0,2,1,1,9,1,50,,2,1,0,0,1,22.0,28.0,,,5,2,1,1,3
202100050073,2021-02-26 16:45:00,2021,2,26,16,45,93,93071,WESTINGHOUSE (BOULEVARD),48.9276451819,2.5193901999,Plein jour,En agglomération,Intersection en X,Normale,Deux véhicules - côté,3,3,5,1,1,1,1,0,1,50,,2,1,0,0,1,38.0,32.0,,,1,2,2,1,3
202100050074,2021-02-26 15:00:00,2021,2,26,15,0,93,93070,JEAN-JAURES (BD),48.91473,2.33714,Plein jour,En agglomération,Hors intersection,Normale,Deux véhicules - côté,3,2,2,2,1,1,1,0,1,50,,2,1,0,0,1,43.0,32.0,,,1,2,1,1,3
202100050075,2021-02-26 12:45:00,2021,2,26,12,45,93,93066,DE PRESSENSE FRANCIS,48.9234789419,2.3710677616,Plein jour,En agglomération,Hors intersection,Normale,Trois véhicules et plus - en chaîne,3,1,4,0,1,1,1,0,1,50,,7,2,1,0,4,57.0,34.0,,,1,2,1,1,4
202100050076,2021-02-25 13:20:00,2021,2,25,13,20,93,93066,"""STALINGRAD (AVENUE), NR 88 A 114 BIS""",48.9473774146,2.373748971,Plein jour,En agglomération,Hors intersection,Normale,Deux véhicules - côté,3,2,2,0,1,1,1,0,1,50,,2,1,0,0,1,65.0,28.0,,,1,2,1,1,3
202100050077,2021-02-26 15:00:00,2021,2,26,15,0,93,93033,PRINCES,48.85863,2.5816,Plein jour,En agglomération,Intersection en X,Normale,Autre collision,3,2,2,0,1,1,1,0,1,50,,2,1,0,0,1,22.0,,,,1,2,2,1,6
202100050078,2021-02-26 11:30:00,2021,2,26,11,30,93,93049,ROSNY (AVENUE),48.8708744603,2.5123502886,Plein jour,En agglomération,Intersection en X,Normale,Deux véhicules - côté,4,2,1,0,1,1,1,0,1,50,,3,2,0,0,1,52.0,58.0,,,1,2,2,1,3
202100050079,2021-02-26 13:23:00,2021,2,26,13,23,93,93031,CREDOS (SQUARE DES),48.9548320772,2.2997394619,Plein jour,Hors agglomération,Autre intersection,Normale,Autre collision,6,-1,1,0,2,1,1,0,8,30,,2,1,0,0,1,59.0,,,,1,1,9,1,6
202100050080,2021-02-26 11:45:00,2021,2,26,11,45,93,93047,GENERAL DE GAULLE (RUE DU),48.8992104582,2.5566697223,Plein jour,En agglomération,Hors intersection,Normale,Trois véhicules et plus - en chaîne,4,2,2,0,1,1,1,6,1,50,,3,2,0,0,1,46.0,29.0,,,1,2,1,1,4
202100050081,2021-02-25 09:50:00,2021,2,25,9,50,93,93071,AULNAY (RUE D'),48.9398609039,2.5234154178,Plein jour,En agglomération,Intersection en T,Normale,Autre collision,3,2,2,0,1,1,1,0,1,50,,2,1,0,0,1,26.0,,,,1,2,3,1,6
202100050082,2021-02-26 20:00:00,2021,2,26,20,0,93,93001,NICOLAS RAYER (RUE),48.9179919316,2.3763272544,Nuit sans éclairage public,En agglomération,Hors intersection,Normale,Autre collision,4,2,2,0,1,1,1,0,1,30,,2,1,0,0,1,,,,,3,2,1,1,6
202100050083,2021-02-26 21:50:00,2021,2,26,21,50,92,92022,PAVE DE MEUDON (ROUTE DU)  (4),48.80394,2.19913,Nuit sans éclairage public,En agglomération,Hors intersection,Normale,Autre collision,4,1,2,1,1,1,1,9,1,50,,1,0,0,0,1,37.0,,,,3,2,1,1,6
202100050084,2021-02-26 08:50:00,2021,2,26,8,50,92,92050,GARE RUE DE LA,48.8959327163,2.198449947,Plein jour,En agglomération,Hors intersection,Temps couvert,Deux véhicules - côté,4,-1,2,0,3,1,1,0,1,50,,2,1,0,0,1,39.0,49.0,,,1,2,1,8,3
202100050085,2021-02-26 06:40:00,2021,2,26,6,40,92,92025,BOURNARD (RUE DU),48.9232124456,2.2566832602,Nuit sans éclairage public,En agglomération,Autre intersection,Pluie légère,Deux véhicules - côté,3,3,4,3,2,2,2,9,1,50,,2,1,0,0,1,28.0,70.0,,,3,2,9,2,3
202100050086,2021-02-26 17:40:00,2021,2,26,17,40,92,92024,VICTOR HUGO (BD),48.90177,2.31746,Plein jour,En agglomération,Intersection en T,Normale,Deux véhicules - arrière,3,2,2,0,1,1,1,0,1,50,,3,2,0,0,1,40.0,17.0,,,1,2,3,1,2
202100050087,2021-02-26 16:00:00,2021,2,26,16,0,92,92024,MARTRE (RUE) DE (111 A 119)   (122 A 144,48.90773,2.30122,Plein jour,En agglomération,Hors intersection,Normale,Deux véhicules - arrière,3,1,3,1,1,1,1,0,1,50,,2,1,0,0,1,53.0,38.0,,,1,2,1,1,2
202100050088,2021-02-25 21:15:00,2021,2,25,21,15,92,92012,DANJOU (RUE) 1/15 - 2/18 BIS,48.8336223419,2.2479861975,Nuit avec éclairage allumé,En agglomération,Intersection en X,Normale,Deux véhicules - côté,4,1,1,0,1,1,1,8,1,50,,2,1,0,0,1,25.0,33.0,,,5,2,2,1,3
202100050089,2021-02-26 16:20:00,2021,2,26,16,20,92,92007,MIRABEAU (ALLEE),48.7896050009,2.3135474324,Plein jour,En agglomération,Intersection en T,Normale,Deux véhicules - côté,4,1,1,0,2,1,1,0,4,50,,2,1,0,0,1,9.0,19.0,,,1,2,3,1,3
202100050090,2021-02-26 16:20:00,2021,2,26,16,20,11,11004,Chemin du Bonnarel,43.101641,2.095267,Plein jour,Hors agglomération,Intersection en Y,Normale,Sans collision,4,2,2,0,4,1,1,0,1,30,,1,0,0,1,0,14.0,,,,1,1,4,1,7
202100050091,2021-02-27 16:10:00,2021,2,27,16,10,95,95134,RD 301,49.1352968646,2.2552418194,Plein jour,Hors agglomération,Hors intersection,Normale,Deux véhicules - arrière,3,3,4,0,1,1,1,0,1,-1,,3,1,0,0,2,57.0,45.0,,,1,1,1,1,2
202100050092,2021-02-26 17:00:00,2021,2,26,17,0,33,33170,,44.560329,-0.026634,Plein jour,Hors agglomération,Intersection en T,Temps couvert,Deux véhicules - arrière,3,2,2,0,1,1,1,5,1,80,,2,0,0,1,1,45.0,70.0,,,1,1,3,8,2
202100050093,2021-02-26 14:30:00,2021,2,26,14,30,06,06161,2686 Route Departementale 6007,43.625805,7.131933,Plein jour,En agglomération,Hors intersection,Normale,Deux véhicules - côté,3,2,2,1,1,1,1,0,1,50,,2,1,0,0,1,21.0,55.0,,,1,2,1,1,3
202100050094,2021-02-26 12:30:00,2021,2,26,12,30,972,97221,Rue du Morne Costet,14.524137,-60.973799,Plein jour,En agglomération,Giratoire,Normale,Autre collision,3,2,2,0,1,1,1,0,1,50,,2,1,0,1,0,66.0,,,,1,2,6,1,6
202100050095,2021-02-26 18:05:00,2021,2,26,18,5,56,56221,Rue du Clos Barre,47.68828,-2.221628,Plein jour,En agglomération,Intersection en X,Normale,Deux véhicules - côté,4,2,2,0,1,1,1,0,1,50,,2,1,0,1,0,18.0,31.0,,,1,2,2,1,3
202100050096,2021-02-23 23:50:00,2021,2,23,23,50,76,76580,Rue du Bout d'Amont,49.542048,1.196308,Nuit sans éclairage public,Hors agglomération,Intersection en X,Normale,Autre collision,3,2,2,0,1,1,1,0,8,80,,1,0,0,1,0,24.0,,,,3,1,2,1,6
202100050097,2021-02-27 15:40:00,2021,2,27,15,40,82,82004,Lieu dit costes haut,44.014436,0.952706,Plein jour,Hors agglomération,Hors intersection,Normale,Autre collision,4,-1,2,0,1,1,1,0,3,-1,,2,0,0,2,0,29.0,,,,1,1,1,1,6
202100050098,2021-02-27 12:30:00,2021,2,27,12,30,11,11262,rd 32,43.12935,3.057289,Plein jour,Hors agglomération,Hors intersection,Normale,Deux véhicules - frontale,3,2,2,0,2,4,1,0,1,80,,4,0,1,2,1,66.0,61.0,,,1,1,1,1,1
202100050099,2021-02-26 17:00:00,2021,2,26,17,0,63,63146,D307 - D997,45.71578,3.3788,Plein jour,Hors agglomération,Intersection en T,Normale,Deux véhicules - côté,3,2,3,0,4,2,1,0,1,90,,2,1,0,1,0,30.0,63.0,,,1,1,3,1,3
202100050100,2021-02-26 15:30:00,2021,2,26,15,30,12,12288,Route de Marcillac - D204 - Nuces,44.447423,2.442049,Plein jour,En agglomération,Intersection en T,Normale,Deux véhicules - arrière,3,2,2,0,1,1,1,0,1,50,,2,1,0,1,0,17.0,15.0,,,1,2,3,1,2
202100050101,2021-02-24 17:30:00,2021,2,24,17,30,39,39434,,46.850829,5.709844,Plein jour,Hors agglomération,Hors intersection,Normale,Deux véhicules - frontale,2,2,2,0,2,3,1,0,1,80,,2,1,0,0,1,26.0,50.0,,,1,1,1,1,1
202100050102,2021-02-26 18:30:00,2021,2,26,18,30,34,34192,D 986,43.538675,3.899809,Plein jour,Hors agglomération,Hors intersection,Normale,Deux véhicules - arrière,3,3,2,0,1,1,1,0,1,90,,2,1,0,1,0,45.0,27.0,,,1,1,1,1,2
202100050103,2021-02-26 07:10:00,2021,2,26,7,10,38,38229,6 Avenue des 7 Laux,45.223879,5.794634,Plein jour,En agglomération,Hors intersection,Normale,Deux véhicules - côté,7,2,2,1,2,1,1,0,1,50,,2,0,0,0,2,43.0,41.0,,,1,2,1,1,3
202100050104,2021-02-27 14:45:00,2021,2,27,14,45,02,02095,Rue de Saint-quentin,49.982272,3.452808,Plein jour,En agglomération,Hors intersection,Normale,Deux véhicules - arrière,3,2,2,0,1,1,1,0,1,50,,3,2,0,0,1,17.0,46.0,,,1,2,1,1,2
202100050105,2021-02-23 08:15:00,2021,2,23,8,15,26,26337,21 avenue du dauphiné,44.703844,4.799411,Plein jour,En agglomération,Hors intersection,Normale,Deux véhicules - arrière,2,2,2,0,1,1,1,0,1,50,,2,1,0,1,0,43.0,37.0,,,1,2,1,1,2
202100050106,2021-02-27 12:35:00,2021,2,27,12,35,14,14371,rue de Lisieux,49.006155,0.150778,Plein jour,En agglomération,Intersection en Y,Normale,Deux véhicules - côté,3,2,2,0,1,1,1,0,1,50,,2,1,0,0,1,16.0,65.0,,,1,2,4,1,3
202100050107,2021-02-26 07:30:00,2021,2,26,7,30,09,09223,la coumère,42.8642680683,1.232894072,Plein jour,En agglomération,Hors intersection,Normale,Autre collision,4,2,2,0,2,2,1,0,3,50,,1,0,0,1,0,41.0,,,,1,2,1,1,6
202100050108,2021-02-26 18:10:00,2021,2,26,18,10,60,60513,Rue de Blaincourt,49.2099427328,2.3709797501,Plein jour,En agglomération,Hors intersection,Normale,Deux véhicules - frontale,3,2,2,0,1,1,1,0,1,50,,2,1,0,0,1,12.0,23.0,,,1,2,1,1,1
202100050109,2021-02-24 16:00:00,2021,2,24,16,0,45,45248,Place de la Halle,48.047928,1.695486,Plein jour,En agglomération,Hors intersection,Normale,Autre collision,3,-1,2,0,1,1,1,0,1,50,,2,1,0,1,0,40.0,,,,1,2,1,1,6
202100050110,2021-02-27 16:50:00,2021,2,27,16,50,21,21139,D977bis,47.288832,4.171114,Plein jour,Hors agglomération,Intersection en T,Normale,Deux véhicules - côté,3,2,2,0,1,1,1,0,1,80,,4,2,0,2,0,74.0,36.0,,,1,1,3,1,3
202100050111,2021-02-26 21:00:00,2021,2,26,21,0,21,21411,D23,46.9865897625,4.9364590293,Nuit sans éclairage public,Hors agglomération,Hors intersection,Pluie légère,Autre collision,3,2,2,0,1,1,2,0,3,80,,1,0,0,0,1,42.0,,,,3,1,1,2,6
202100050112,2021-02-27 14:45:00,2021,2,27,14,45,24,24142,Route de Saint Georges,44.833566,0.972253,Plein jour,En agglomération,Intersection en T,Normale,Deux véhicules - frontale,3,2,2,0,2,1,1,0,1,50,,4,3,0,1,0,29.0,65.0,,,1,2,3,1,1
202100050113,2021-02-19 08:18:00,2021,2,19,8,18,24,24376,pont rouge,45.2067,0.154667,Plein jour,Hors agglomération,Intersection en T,Normale,Deux véhicules - côté,3,2,2,0,1,1,1,0,1,80,,2,0,0,1,1,74.0,77.0,,,1,1,3,1,3
202100050114,2021-02-16 10:30:00,2021,2,16,10,30,24,24156,Les Versannes (Gare),45.090085,0.855584,Plein jour,En agglomération,Intersection en T,Normale,Autre collision,3,2,2,0,1,1,1,0,1,50,,3,0,0,1,2,59.0,65.0,,,1,2,3,1,6
202100050115,2021-02-27 16:30:00,2021,2,27,16,30,68,68082,autoroute A35,47.861952,7.392297,Plein jour,Hors agglomération,Hors intersection,Normale,Autre collision,1,3,4,0,1,1,1,0,2,130,,4,2,0,0,2,63.0,,,,1,1,1,1,6
202100050116,2021-02-26 19:41:00,2021,2,26,19,41,77,77305,A5 PK 34+650 SENS 1 direction Troyes,48.397443,2.978223,Nuit sans éclairage public,Hors agglomération,Hors intersection,Normale,Deux véhicules - arrière,1,3,3,0,2,1,1,0,1,130,,2,1,0,1,0,36.0,52.0,,,3,1,1,1,2
202100050117,2021-02-26 16:00:00,2021,2,26,16,0,13,13113,Rue de la Touloubre,43.580014,5.470811,Plein jour,En agglomération,Hors intersection,Temps éblouissant,Deux véhicules - frontale,7,2,2,0,1,1,1,0,1,50,,2,1,0,0,1,84.0,,,,1,2,1,7,1
202100050118,2021-02-27 13:00:00,2021,2,27,13,0,03,03097,A 71 - PK 299 +100 - Sens Clermont vers Paris,46.36538,2.744544,Plein jour,Hors agglomération,Hors intersection,Normale,Trois véhicules et plus - en chaîne,1,1,4,0,1,1,1,0,1,130,,21,20,0,1,0,34.0,33.0,,,1,1,1,1,4
202100050119,2021-02-25 22:48:00,2021,2,25,22,48,11,11145,Autoroute A9 PK 176.800 sens BEZIERS/NARBONNE,43.2381530153,3.1425619126,Nuit sans éclairage public,Hors agglomération,Hors intersection,Temps couvert,Trois véhicules et plus - collisions multiples,1,3,5,0,1,1,1,0,2,130,,4,3,0,1,0,48.0,54.0,,,3,1,1,8,5
202100050120,2021-02-27 01:05:00,2021,2,27,1,5,27,27340,Autoroute A13 PK 130.900 sens PARIS/Province,49.364721,0.820571,Nuit sans éclairage public,Hors agglomération,Hors intersection,Normale,Deux véhicules - arrière,1,1,3,0,1,1,1,0,1,130,,15,14,0,1,0,29.0,58.0,,,3,1,1,1,2
202100050121,2021-02-27 17:15:00,2021,2,27,17,15,11,11430,Départementale 624,43.2880070857,1.9028019903,Crépuscule ou aube,Hors agglomération,Hors intersection,Temps éblouissant,Deux véhicules - frontale,3,2,2,0,3,1,1,0,1,80,,2,1,0,1,0,54.0,29.0,,,2,1,1,7,1
202100050122,2021-01-21 11:00:00,2021,1,21,11,0,34,34240,Centre Commercial E. Leclerc (Supermarché),43.651623,3.980504,Plein jour,Hors agglomération,Hors intersection,Normale,Autre collision,6,-1,-1,0,1,1,1,0,1,30,,2,1,0,1,0,58.0,,,,1,1,1,1,6
202100050123,2021-02-25 16:00:00,2021,2,25,16,0,13,13060,chemin de la guiramande - chemin DFCI,43.489249,5.468037,Plein jour,Hors agglomération,Hors intersection,Normale,Sans collision,9,-1,1,0,2,1,1,0,8,-1,,2,1,0,1,0,19.0,,,,1,1,1,1,7
202100050124,2021-02-27 17:20:00,2021,2,27,17,20,69,69243,RADISSON (R),45.896299,4.438173,Plein jour,En agglomération,Hors intersection,Normale,Deux véhicules - arrière,4,2,2,0,2,1,1,0,1,50,,3,1,0,0,2,30.0,30.0,,,1,2,1,1,2
202100050125,2021-02-26 11:15:00,2021,2,26,11,15,85,85226,Intersection Rue de la Touche / Avenue du Terre-Fort,46.716298,-1.961859,Plein jour,En agglomération,Intersection en T,Normale,Deux véhicules - frontale,4,2,2,0,1,1,1,0,1,50,,2,1,0,1,0,78.0,56.0,,,1,2,3,1,1
202100050126,2021-02-26 16:00:00,2021,2,26,16,0,27,27031,Route de Sacquenville,49.059681,1.100242,Plein jour,Hors agglomération,Hors intersection,Normale,Deux véhicules - frontale,4,2,2,0,1,2,1,0,1,80,,3,0,0,2,1,22.0,86.0,,,1,1,1,1,1
202100050127,2021-02-27 15:30:00,2021,2,27,15,30,76,76743,Rue Gadeau de Kerville,49.533161,0.920936,Plein jour,En agglomération,Hors intersection,Normale,Autre collision,4,2,2,0,1,1,1,0,1,50,,2,0,0,2,0,18.0,,,,1,2,1,1,6
202100050128,2021-02-26 16:30:00,2021,2,26,16,30,13,13070,A50-Sens Aubagne vers Marseille,43.28511,5.5177,Plein jour,Hors agglomération,Hors intersection,Normale,Trois véhicules et plus - en chaîne,1,1,3,0,1,1,1,0,1,90,,3,2,0,0,1,22.0,26.0,,,1,1,1,1,4
202100050129,2021-02-25 16:08:00,2021,2,25,16,8,13,13055,A507 sens Aubagne- Marseille,43.2875452962,5.4247310448,Plein jour,Hors agglomération,Hors intersection,Normale,Deux véhicules - côté,1,1,3,0,1,1,1,1,1,70,,2,1,0,0,1,54.0,49.0,,,1,1,1,1,3
202100050130,2021-02-24 09:30:00,2021,2,24,9,30,13,13055,A507 sens Aubagne- Marseille,43.330405,5.388485,Plein jour,Hors agglomération,Hors intersection,Normale,Deux véhicules - arrière,1,1,1,0,1,3,1,1,1,50,,2,1,0,0,1,50.0,32.0,,,1,1,1,1,2
202100050131,2021-02-25 18:22:00,2021,2,25,18,22,83,83144,A57,43.1434,6.0142,Crépuscule ou aube,Hors agglomération,Hors intersection,Normale,Deux véhicules - côté,1,3,4,0,1,1,1,0,1,110,,2,1,0,0,1,33.0,32.0,,,2,1,1,1,3
202100050132,2021-02-25 17:10:00,2021,2,25,17,10,69,69040,M6 ,45.7993635023,4.7752428817,Plein jour,Hors agglomération,Hors intersection,Normale,Trois véhicules et plus - en chaîne,7,3,3,3,2,1,1,0,1,70,,3,2,0,1,0,33.0,21.0,,,1,1,1,1,4
202100050133,2021-02-25 20:00:00,2021,2,25,20,0,59,59044,AUTOROUTE A27,50.602554,3.233643,Nuit sans éclairage public,Hors agglomération,Hors intersection,Normale,Deux véhicules - arrière,1,3,4,0,1,1,1,0,1,110,,2,1,0,1,0,49.0,32.0,,,3,1,1,1,2
202100050134,2021-02-26 14:30:00,2021,2,26,14,30,94,94034,AUTOROUTE A86,48.76028,2.32095,Plein jour,Hors agglomération,Hors intersection,Normale,Deux véhicules - arrière,1,1,2,0,1,1,1,1,1,70,,2,1,0,0,1,33.0,43.0,,,1,1,1,1,2
202100050135,2021-02-26 16:50:00,2021,2,26,16,50,78,78291,A13,48.96528,1.756153,Plein jour,Hors agglomération,Hors intersection,Normale,Deux véhicules - arrière,1,3,6,0,2,1,1,0,1,130,,2,1,0,0,1,23.0,52.0,,,1,1,1,1,2
202100050136,2021-02-26 13:40:00,2021,2,26,13,40,78,78133,A13,48.890981,2.009577,Plein jour,Hors agglomération,Hors intersection,Normale,Trois véhicules et plus - en chaîne,1,3,4,0,1,1,1,0,1,110,,9,3,0,0,6,28.0,23.0,,,1,1,1,1,4
202100050137,2021-02-26 11:45:00,2021,2,26,11,45,92,92025,A86,48.92046,2.2249,Plein jour,Hors agglomération,Hors intersection,Normale,Deux véhicules - arrière,1,3,4,0,1,1,1,0,1,90,,2,1,0,0,1,26.0,39.0,,,1,1,1,1,2
202100050138,2021-02-25 15:40:00,2021,2,25,15,40,78,78133,A13,48.891901,2.009014,Plein jour,Hors agglomération,Hors intersection,Normale,Trois véhicules et plus - en chaîne,1,3,4,0,1,1,1,0,1,110,,7,4,0,0,3,36.0,41.0,,,1,1,1,1,4
202100050139,2021-02-26 10:30:00,2021,2,26,10,30,93,93064,AUTOROUTE A86,48.88406,2.47155,Plein jour,Hors agglomération,Hors intersection,Normale,Deux véhicules - arrière,1,3,3,0,1,1,1,0,1,70,,3,2,0,0,1,53.0,73.0,,,1,1,1,1,2
202100050140,2021-02-26 08:30:00,2021,2,26,8,30,95,95151,RN 104,49.0639161254,2.265495687,Plein jour,Hors agglomération,Hors intersection,Pluie légère,Autre collision,2,3,4,0,1,1,2,0,1,110,,1,0,0,0,1,37.0,,,,1,1,1,2,6
202100050141,2021-02-24 19:30:00,2021,2,24,19,30,974,97411,MONTAGNE (ROUTE DE LA),-20.888076,55.43614,Nuit sans éclairage public,Hors agglomération,Hors intersection,Normale,Deux véhicules - frontale,3,2,2,0,2,2,1,0,1,50,,3,1,0,0,2,33.0,60.0,,,3,1,1,1,1
202100050142,2021-02-24 13:00:00,2021,2,24,13,0,974,97407,OWENS JAMES,-20.93557,55.32751,Plein jour,Hors agglomération,Hors intersection,Normale,Trois véhicules et plus - en chaîne,9,2,2,0,1,2,1,0,1,70,,3,1,0,0,2,32.0,52.0,,,1,1,1,1,4