accident_id,datetime,annee,mois,jour,heure,minute,departement,commune_insee,adresse,latitude,longitude,luminosite,agglomeration,intersection,meteo,collision,catr,circ,nbv,vosp,prof,plan,surf,infra,situ,vma,nb_vehicules,nb_usagers,nb_indemnes,nb_tues,nb_blesses_hosp,nb_blesses_legers,age_cond_1,age_cond_2,veh_type_cond_1,veh_type_cond_2,lum_code,agg_code,int_code,atm_code,col_code
202100050143,2021-02-24 14:20:00,2021,2,24,14,20,974,97407,COMMUNE DE PARIS (AVENUE),-20.94227,55.29187,Plein jour,En agglomération,Giratoire,Normale,Deux véhicules - côté,4,1,2,0,1,1,1,0,1,50,,2,1,0,0,1,50.0,53.0,,,1,2,6,1,3
202100050144,2021-02-25 11:25:00,2021,2,25,11,25,973,97302,MADELEINE (ROUTE DE LA),4.9204,-52.3211,Plein jour,En agglomération,Autre intersection,Normale,Deux véhicules - côté,3,2,2,0,1,1,1,9,1,50,,2,1,0,0,1,30.0,65.0,,,1,2,9,1,3
202100050145,2021-02-25 23:40:00,2021,2,25,23,40,69,69388,MARYSE BASTIE (R),45.74132,4.87417,Nuit avec éclairage allumé,En agglomération,Intersection en X,Normale,Deux véhicules - frontale,4,1,3,1,1,1,1,0,1,50,,2,1,0,0,1,30.0,40.0,,,5,2,2,1,1
202100050146,2021-02-25 21:10:00,2021,2,25,21,10,69,69388,VIENNE (DE) (RTE),45.73731,4.85255,Nuit avec éclairage allumé,En agglomération,Intersection en T,Normale,Deux véhicules - frontale,4,2,2,0,1,1,1,0,1,50,,2,1,0,0,1,39.0,25.0,,,5,2,3,1,1
202100050147,2021-02-25 17:45:00,2021,2,25,17,45,69,69388,PROFESSEUR RANVIER (DU) (R),45.73655,4.88611,Plein jour,En agglomération,Hors intersection,Normale,Autre collision,4,1,1,0,1,1,1,0,1,50,,2,1,0,0,1,22.0,,,,1,2,1,1,6
202100050148,2021-02-25 16:40:00,2021,2,25,16,40,69,69388,JOSEPH CHAPELLE (R),45.736156375,4.8680073358,Plein jour,En agglomération,Intersection en T,Normale,Deux véhicules - côté,4,1,2,0,1,1,1,0,1,50,,2,0,0,0,2,73.0,36.0,,,1,2,3,1,3
202100050149,2021-02-24 10:00:00,2021,2,24,10,0,69,69386,BUGEAUD (R),45.7667,4.85196,Plein jour,En agglomération,Intersection en X,Normale,Autre collision,4,1,1,0,1,1,1,0,4,30,,2,1,0,1,0,24.0,,,,1,2,2,1,6
202100050150,2021-02-24 12:35:00,2021,2,24,12,35,972,97209,FOLIE (ROUTE DE LA),14.60684,-61.06651,Plein jour,En agglomération,Hors intersection,Normale,Deux véhicules - arrière,2,1,1,0,1,1,1,0,1,30,,2,1,0,0,1,64.0,29.0,,,1,2,1,1,2
202100050151,2021-02-23 16:00:00,2021,2,23,16,0,972,97209,AUTOROUTE (A1),14.61479,-61.04816,Plein jour,Hors agglomération,Hors intersection,Normale,Trois véhicules et plus - collisions multiples,1,3,7,0,1,1,1,0,1,90,,4,0,0,0,4,42.0,68.0,,,1,1,1,1,5
202100050152,2021-02-24 17:50:00,2021,2,24,17,50,69,69381,CROIX PAQUET (PL),45.77024,4.83635,Plein jour,En agglomération,Intersection en T,Normale,Autre collision,4,2,2,0,2,1,1,0,1,50,,2,1,0,0,1,36.0,,,,1,2,3,1,6
202100050153,2021-02-25 18:20:00,2021,2,25,18,20,2B,2B033,ROUTE ROYALE,42.67707,9.43472,Nuit avec éclairage allumé,En agglomération,Autre intersection,Normale,Deux véhicules - côté,3,2,2,0,2,1,1,0,1,30,,2,1,1,0,0,37.0,50.0,,,5,2,9,1,3
202100050154,2021-02-25 14:30:00,2021,2,25,14,30,91,91477,DIDEROT (BOULEVARD),48.71973,2.25083,Plein jour,En agglomération,Hors intersection,Normale,Deux véhicules - frontale,3,2,2,0,1,2,1,0,1,30,,2,1,0,0,1,32.0,27.0,,,1,2,1,1,1
202100050155,2021-02-24 15:05:00,2021,2,24,15,5,86,86194,Route de Parthenay,46.5996,0.3213,Plein jour,En agglomération,Intersection en X,Normale,Deux véhicules - côté,3,2,4,0,1,1,1,0,1,50,,3,1,0,0,2,19.0,34.0,,,1,2,2,1,3
202100050156,2021-02-25 09:25:00,2021,2,25,9,25,85,85194,RUE SIMONE VEIL,46.49972,-1.75653,Plein jour,En agglomération,Giratoire,Normale,Deux véhicules - côté,4,-1,2,0,1,1,1,5,1,50,,2,1,0,1,0,41.0,32.0,,,1,2,6,1,3
202100050157,2021-02-16 22:00:00,2021,2,16,22,0,83,83129,REPUBLIQUE (AVENUE DE LA),43.09241,5.84064,Nuit avec éclairage allumé,En agglomération,Hors intersection,Normale,Deux véhicules - arrière,4,1,1,0,1,1,1,0,1,30,,2,1,0,0,1,32.0,21.0,,,5,2,1,1,2
202100050158,2021-02-25 08:10:00,2021,2,25,8,10,83,83069,RENAUDEL (AVENUE PIERRE),43.1067,6.1283,Plein jour,En agglomération,Autre intersection,Normale,Autre collision,4,1,1,0,1,1,1,0,1,30,,3,2,0,1,0,36.0,,,,1,2,9,1,6
202100050159,2021-02-25 07:55:00,2021,2,25,7,55,79,79300,Rue des Hauts Coteaux,47.00975,-0.24873,Crépuscule ou aube,En agglomération,Intersection en Y,Temps couvert,Deux véhicules - frontale,4,2,2,0,1,2,1,0,1,50,,3,2,0,0,1,27.0,40.0,,,2,2,4,8,1
202100050160,2021-02-25 15:27:00,2021,2,25,15,27,77,77439,D 403,48.41717,3.00997,Plein jour,Hors agglomération,Hors intersection,Normale,Autre collision,3,2,2,0,1,1,1,0,1,50,,2,1,0,0,1,38.0,,,,1,1,1,1,6
202100050161,2021-02-25 04:55:00,2021,2,25,4,55,77,77186,RD63E.  RD 607  à  RECLOSES,48.375,2.68726,Nuit sans éclairage public,Hors agglomération,Hors intersection,Normale,Deux véhicules - arrière,3,3,4,0,2,1,1,0,1,90,,2,1,0,0,1,59.0,44.0,,,3,1,1,1,2
202100050162,2021-02-20 10:46:00,2021,2,20,10,46,77,77131,D 934,48.7979120221,3.0947086151,Plein jour,Hors agglomération,Giratoire,Normale,Deux véhicules - côté,3,2,2,0,2,1,1,0,1,80,,3,0,0,0,3,51.0,53.0,,,1,1,6,1,3
202100050163,2021-02-16 11:40:00,2021,2,16,11,40,76,76540,Boulevard de l’Europe,49.42796,1.09341,Plein jour,En agglomération,Intersection en X,Normale,Deux véhicules - côté,4,2,4,0,1,1,1,0,1,50,,2,1,0,0,1,24.0,36.0,,,1,2,2,1,3
202100050164,2021-02-24 10:47:00,2021,2,24,10,47,74,74010,BROGNY (AVENUE DE) (SECTEUR 410),45.9218685755,6.1256021261,Plein jour,En agglomération,Hors intersection,Normale,Deux véhicules - frontale,4,2,0,0,1,1,1,0,1,50,,2,1,0,1,0,41.0,37.0,,,1,2,1,1,1
202100050165,2021-02-25 07:15:00,2021,2,25,7,15,72,72181,DEGRE (RTE DE) N° IMP DE 47 ET plus,47.99597,0.20759,Plein jour,En agglomération,Intersection en T,Normale,Deux véhicules - frontale,4,2,2,0,1,1,1,0,1,50,,2,1,0,0,1,34.0,58.0,,,1,2,3,1,1
202100050166,2021-02-21 17:30:00,2021,2,21,17,30,71,71497,DIX-NEUF MARS 1962 (RUE DU),46.33728,4.85062,Plein jour,Hors agglomération,Hors intersection,Normale,Autre collision,9,-1,1,1,1,1,1,6,6,25,,2,1,0,0,1,15.0,,,,1,1,1,1,6
202100050167,2021-02-25 08:45:00,2021,2,25,8,45,69,69029,PAGERE (DE LA)  (R),45.74012,4.91462,Plein jour,En agglomération,Intersection en X,Normale,Deux véhicules - côté,4,1,1,0,1,1,1,5,1,50,,2,1,0,0,1,59.0,,,,1,2,2,1,3
202100050168,2021-02-25 13:50:00,2021,2,25,13,50,69,69013,RN6 (CHARTONNIERE),46.0024775635,4.7194701842,Plein jour,En agglomération,Hors intersection,Normale,Deux véhicules - arrière,3,2,2,0,1,2,1,0,1,50,,2,1,0,0,1,21.0,56.0,,,1,2,1,1,2
202100050169,2021-02-24 15:00:00,2021,2,24,15,0,66,66136,JULIEN PANCHOT (AVENUE),42.68978,2.87905,Plein jour,En agglomération,Hors intersection,Normale,Autre collision,4,2,2,0,1,1,1,0,1,50,,2,1,0,0,1,65.0,,,,1,2,1,1,6
202100050170,2021-02-25 08:15:00,2021,2,25,8,15,64,64348,MARCEL DASSAULT,43.30113,-0.41029,Plein jour,En agglomération,Giratoire,Normale,Deux véhicules - côté,3,1,2,0,1,2,1,0,1,50,,2,1,0,0,1,35.0,18.0,,,1,2,6,1,3
202100050171,2021-02-25 17:55:00,2021,2,25,17,55,64,64102,AQUITAINE (AVENUE DE L'),43.48678,-1.46813,Plein jour,En agglomération,Hors intersection,Normale,Deux véhicules - côté,3,3,4,0,2,1,1,0,1,50,,2,1,0,0,1,21.0,25.0,,,1,2,1,1,3
202100050172,2021-02-24 13:40:00,2021,2,24,13,40,62,62040,CHOCHOY (AVE BERNARD ....N°13 et plus),50.727175,2.293662,Plein jour,En agglomération,Hors intersection,Normale,Autre collision,3,2,2,0,1,1,1,0,1,50,,2,1,1,0,0,34.0,,,,1,2,1,1,6
202100050173,2021-02-24 16:40:00,2021,2,24,16,40,60,60175,RD 201_ACCES 201 PAR BD S.ALLENDE,49.24916,2.4575,Plein jour,En agglomération,Hors intersection,Normale,Deux véhicules - arrière,3,2,2,0,1,4,1,0,1,80,,3,2,0,0,1,48.0,62.0,,,1,2,1,1,2
202100050174,2021-02-25 09:30:00,2021,2,25,9,30,59,59352,GAVRE (CHEMIN),50.731782,3.048835,Plein jour,Hors agglomération,Hors intersection,Normale,Deux véhicules - côté,4,-1,2,0,1,1,1,0,1,50,,2,1,0,1,0,54.0,69.0,,,1,1,1,1,3
202100050175,2021-02-24 16:45:00,2021,2,24,16,45,59,59178,GLACIS (RUE DES),50.36275,3.08419,Plein jour,En agglomération,Intersection en X,Normale,Trois véhicules et plus - collisions multiples,4,2,2,0,1,1,1,0,1,50,,3,1,0,0,2,40.0,43.0,,,1,2,2,1,5
202100050176,2021-02-19 04:30:00,2021,2,19,4,30,56,56260,NORMANDIE (RUE DE),47.64659,-2.78398,Nuit avec éclairage allumé,En agglomération,Intersection en T,Normale,Autre collision,4,2,2,0,1,3,1,0,4,30,,4,3,0,0,1,20.0,,,,5,2,3,1,6
202100050177,2021-02-25 00:30:00,2021,2,25,0,30,56,56098,MALACHAPPE (LIEU-DIT),47.77379,-3.3101,Nuit avec éclairage non allumé,Hors agglomération,Hors intersection,Normale,Autre collision,4,2,2,0,1,2,1,0,3,50,,1,0,0,1,0,24.0,,,,4,1,1,1,6
202100050178,2021-02-24 21:40:00,2021,2,24,21,40,56,56121,MERVILLE (RUE  JEAN DE ),47.7451,-3.37468,Nuit avec éclairage allumé,En agglomération,Intersection en X,Normale,Deux véhicules - arrière,4,2,2,0,1,1,1,0,1,50,,2,1,0,0,1,36.0,55.0,,,5,2,2,1,2
202100050179,2021-02-24 18:05:00,2021,2,24,18,5,56,56083,KERORBEN (RUE  DE ),47.80115,-3.27142,Plein jour,En agglomération,Hors intersection,Normale,Sans collision,4,2,2,0,1,1,1,0,1,30,,1,0,0,0,1,21.0,,,,1,2,1,1,7
202100050180,2021-02-02 12:20:00,2021,2,2,12,20,50,50218,CORSAIRES (RUE AUX),48.838446,-1.598983,Plein jour,En agglomération,Intersection en T,Pluie légère,Trois véhicules et plus - en chaîne,4,2,2,0,2,1,2,0,1,50,,3,2,0,0,1,42.0,32.0,,,1,2,3,2,4
202100050181,2021-02-20 23:28:00,2021,2,20,23,28,49,49007,HAUTE CHAINE PORTE,47.4781330619,-0.5551716685,Nuit avec éclairage allumé,En agglomération,Hors intersection,Normale,Autre collision,4,2,2,0,1,1,1,0,1,50,,1,0,0,0,1,22.0,,,,5,2,1,1,6
202100050182,2021-02-19 22:10:00,2021,2,19,22,10,49,49007,PYRAMIDE ROUTE,47.4518864178,-0.5219686031,Nuit avec éclairage allumé,En agglomération,Hors intersection,Normale,Deux véhicules - côté,4,2,2,0,1,1,1,0,1,50,,2,1,0,0,1,,22.0,,,5,2,1,1,3
202100050183,2021-02-25 14:10:00,2021,2,25,14,10,45,45284,D2060-PR 91 + 490,47.92495,1.97947,Plein jour,Hors agglomération,Hors intersection,Normale,Deux véhicules - arrière,7,1,4,0,1,1,1,0,1,90,,2,1,0,1,0,59.0,79.0,,,1,1,1,1,2
202100050184,2021-02-25 14:24:00,2021,2,25,14,24,45,45234,Avenue de l’Hopital,47.8387566918,1.9251647155,Plein jour,En agglomération,Hors intersection,Normale,Deux véhicules - côté,4,3,4,0,1,1,1,0,1,50,,2,1,0,1,0,58.0,23.0,,,1,2,1,1,3
202100050185,2021-02-23 17:30:00,2021,2,23,17,30,44,44184,RD 213,47.28581,-2.25768,Plein jour,Hors agglomération,Hors intersection,Normale,Trois véhicules et plus - en chaîne,3,3,4,0,1,1,1,0,1,90,,8,5,0,1,2,49.0,22.0,,,1,1,1,1,4
202100050186,2021-02-15 19:45:00,2021,2,15,19,45,44,44020,PERIPHERIQUE,47.1626,-1.5622,Nuit sans éclairage public,Hors agglomération,Hors intersection,Normale,Deux véhicules - arrière,2,3,4,0,1,1,1,0,1,90,,2,1,0,0,1,25.0,28.0,,,3,1,1,1,2
202100050187,2021-02-24 11:05:00,2021,2,24,11,5,44,44162,RUE DE LA MAISON NEUVE,47.2314,-1.64486,Plein jour,En agglomération,Hors intersection,Normale,Autre collision,4,2,0,0,1,1,1,0,1,50,,2,0,0,0,2,72.0,,,,1,2,1,1,6
202100050188,2021-02-25 14:30:00,2021,2,25,14,30,37,37261,MIRABEAU (PONT),47.3985863492,0.6998610713,Plein jour,En agglomération,Hors intersection,Normale,Autre collision,4,2,4,3,1,1,1,0,1,50,,2,1,0,0,1,27.0,51.0,,,1,2,1,1,6
202100050189,2021-02-24 10:58:00,2021,2,24,10,58,37,37261,GALPIN THIOU (RUE),47.3835975546,0.696198728,Plein jour,En agglomération,Intersection en X,Normale,Autre collision,4,2,2,0,1,1,1,0,1,50,,2,1,0,0,1,44.0,66.0,,,1,2,2,1,6
202100050190,2021-02-25 16:20:00,2021,2,25,16,20,33,33192,Allée Fernand Lataste,44.77804,-0.60416,Plein jour,En agglomération,Intersection en T,Normale,Deux véhicules - côté,4,2,2,0,1,1,1,0,1,50,,2,1,0,0,1,28.0,38.0,,,1,2,3,1,3
202100050191,2021-02-25 13:45:00,2021,2,25,13,45,33,33063,Cours d’Albret,44.83724,-0.58119,Plein jour,En agglomération,Intersection en T,Normale,Deux véhicules - frontale,4,2,4,0,1,1,1,0,1,50,,2,1,0,1,0,50.0,20.0,,,1,2,3,1,1
202100050192,2021-02-25 11:00:00,2021,2,25,11,0,33,33550,Route de Toulouse,44.791979,-0.567158,Plein jour,En agglomération,Hors intersection,Normale,Deux véhicules - côté,4,2,3,1,1,1,1,0,1,50,,3,1,0,0,2,28.0,52.0,,,1,2,1,1,3
202100050193,2021-02-25 14:45:00,2021,2,25,14,45,30,30007,CHAPTAL ( QUAI MAX ),44.1249,4.07082,Plein jour,En agglomération,Hors intersection,Normale,Autre collision,5,2,2,0,1,1,1,9,8,30,,2,1,0,0,1,39.0,,,,1,2,1,1,6
202100050194,2021-02-24 11:10:00,2021,2,24,11,10,27,27229,QUATORZE JUILLET (BOULEVARD),49.01198,1.16842,Plein jour,En agglomération,Hors intersection,Normale,Deux véhicules - frontale,4,-1,4,0,1,1,1,0,1,50,,1,0,0,0,1,25.0,,,,1,2,1,1,1
202100050195,2021-02-23 08:25:00,2021,2,23,8,25,21,21054,2 Boulevard Maréchal Foch,47.027896,4.837572,Plein jour,En agglomération,Hors intersection,Normale,Autre collision,4,1,2,0,1,1,1,9,1,50,,3,1,0,1,1,57.0,,,,1,2,1,1,6
202100050196,2021-02-24 20:30:00,2021,2,24,20,30,13,13077,TURENNE (rue),43.4027649791,4.9781420658,Nuit avec éclairage allumé,En agglomération,Hors intersection,Normale,Deux véhicules - côté,4,2,2,0,1,1,1,0,1,50,,4,1,0,0,3,27.0,25.0,,,5,2,1,1,3
202100050197,2021-02-25 15:25:00,2021,2,25,15,25,13,13205,FERRARI (RUE),43.292892627,5.3929338832,Plein jour,En agglomération,Intersection en X,Normale,Deux véhicules - côté,4,1,1,0,1,1,1,0,1,50,,2,0,0,1,1,30.0,36.0,,,1,2,2,1,3
202100050198,2021-02-25 07:00:00,2021,2,25,7,0,13,13214,SAINTE MARTHE (chemin),43.327575,5.387728,Plein jour,En agglomération,Hors intersection,Temps couvert,Trois véhicules et plus - en chaîne,4,2,2,0,1,1,1,0,1,50,,3,2,0,0,1,33.0,28.0,,,1,2,1,8,4
202100050199,2021-02-25 19:50:00,2021,2,25,19,50,13,13047,CORNICHE DE SUFFREN,43.50485,4.99683,Nuit avec éclairage allumé,En agglomération,Intersection en T,Normale,Deux véhicules - côté,4,2,2,0,2,1,1,0,1,50,,2,1,0,0,1,27.0,29.0,,,5,2,3,1,3
202100050200,2021-02-24 16:30:00,2021,2,24,16,30,13,13047,Boulevard Dethez,43.511839,4.983627,Plein jour,En agglomération,Hors intersection,Normale,Deux véhicules - côté,4,-1,2,0,1,1,1,0,1,50,,2,1,0,0,1,58.0,46.0,,,1,2,1,1,3
202100050201,2021-02-24 15:45:00,2021,2,24,15,45,13,13005,RN 8,43.28634,5.58691,Plein jour,En agglomération,Autre intersection,Normale,Trois véhicules et plus - collisions multiples,7,2,3,0,1,1,1,0,1,50,,4,1,0,0,3,63.0,35.0,,,1,2,9,1,5
202100050202,2021-02-25 18:30:00,2021,2,25,18,30,13,13001,GIONO JEAN (AV),43.5143430961,5.4388183355,Nuit avec éclairage allumé,En agglomération,Hors intersection,Normale,Deux véhicules - arrière,4,2,2,0,1,1,1,0,1,50,,2,1,0,0,1,17.0,55.0,,,5,2,1,1,2
202100050203,2021-02-25 06:39:00,2021,2,25,6,39,13,13001,DIOULOUFET JOSEPH (RUE),43.5288838629,5.4176920449,Nuit avec éclairage allumé,En agglomération,Hors intersection,Normale,Autre collision,4,2,2,0,4,1,1,0,1,50,,2,1,0,0,1,31.0,,,,5,2,1,1,6
202100050204,2021-02-24 14:38:00,2021,2,24,14,38,10,10333,MARECHAL LECLERC (RUE DU),48.28194,4.05932,Plein jour,En agglomération,Hors intersection,Normale,Autre collision,4,2,2,0,1,1,1,0,1,50,,2,1,0,1,0,89.0,,,,1,2,1,1,6
202100050205,2021-02-24 16:10:00,2021,2,24,16,10,06,06027,PLAGE BOULEVARD DE LA,43.65281,7.15504,Plein jour,En agglomération,Hors intersection,Normale,Deux véhicules - arrière,7,3,4,0,1,1,1,9,1,50,,2,1,0,0,1,37.0,39.0,,,1,2,1,1,2
202100050206,2021-02-23 09:25:00,2021,2,23,9,25,06,06027,PASSAU RUE DE,43.66392,7.1524,Plein jour,En agglomération,Intersection en T,Normale,Deux véhicules - arrière,4,1,2,0,1,1,1,0,1,50,,2,1,0,0,1,32.0,56.0,,,1,2,3,1,2
202100050207,2021-02-24 19:10:00,2021,2,24,19,10,75,75112,ECHANGEUR BERCY,48.828353,2.397596,Nuit avec éclairage allumé,En agglomération,Hors intersection,Normale,Sans collision,4,1,4,0,1,1,1,0,1,70,,1,0,0,0,1,38.0,,,,5,2,1,1,7
202100050208,2021-02-24 14:55:00,2021,2,24,14,55,75,75120,BOULEVARD PERIPHERIQUE INTERIEUR SUD,48.8477777646,2.4142616987,Plein jour,En agglomération,Hors intersection,Normale,Deux véhicules - côté,4,1,2,0,2,1,1,0,1,50,,3,1,0,1,1,22.0,48.0,,,1,2,1,1,3
202100050209,2021-02-25 10:00:00,2021,2,25,10,0,75,75120,RUE OLIVIER METRA,48.872084,2.394943,Plein jour,En agglomération,Hors intersection,Normale,Deux véhicules - côté,4,1,1,2,4,1,1,0,1,30,,2,1,0,0,1,34.0,28.0,,,1,2,1,1,3
202100050210,2021-02-24 19:20:00,2021,2,24,19,20,75,75119,PLACE AUGUSTE BARON,48.9009566236,2.3872920871,Nuit avec éclairage allumé,En agglomération,Place,Normale,Sans collision,4,1,4,0,1,2,1,0,1,50,,1,0,0,1,0,26.0,,,,5,2,7,1,7
202100050211,2021-02-24 14:56:00,2021,2,24,14,56,75,75119,AVENUE DE LA PORTE CHAUMONT,48.88634,2.395301,Plein jour,En agglomération,Intersection en X,Normale,Trois véhicules et plus - en chaîne,4,2,4,0,1,1,1,0,1,50,,5,3,0,0,2,44.0,62.0,,,1,2,2,1,4
202100050212,2021-02-25 16:00:00,2021,2,25,16,0,75,75118,RUE CUSTINE,48.889677,2.343362,Plein jour,En agglomération,Hors intersection,Normale,Autre collision,4,2,2,0,1,1,1,0,1,50,,2,1,0,0,1,38.0,,,,1,2,1,1,6
202100050213,2021-02-24 22:15:00,2021,2,24,22,15,75,75118,RUE ETEX,48.890068,2.329291,Nuit avec éclairage allumé,En agglomération,Intersection en X,Normale,Deux véhicules - côté,4,1,1,0,1,1,1,0,1,50,,2,1,0,0,1,,36.0,,,5,2,2,1,3
202100050214,2021-02-25 11:20:00,2021,2,25,11,20,75,75117,AVENUE DES TERNES,48.880355,2.286793,Plein jour,En agglomération,Intersection en X,Normale,Deux véhicules - côté,4,3,4,0,1,1,1,0,1,50,,2,1,0,0,1,65.0,26.0,,,1,2,2,1,3
202100050215,2021-02-25 12:10:00,2021,2,25,12,10,75,75117,AVENUE DES TERNES,48.880304,2.286995,Plein jour,En agglomération,Hors intersection,Normale,Deux véhicules - côté,4,2,4,0,1,1,1,0,1,50,,2,1,0,0,1,40.0,26.0,,,1,2,1,1,3
202100050216,2021-02-22 13:30:00,2021,2,22,13,30,75,75116,ROUTE DE LA PTE DAUPHINE A LA PTE DES SA,48.874925,2.271104,Plein jour,En agglomération,Intersection en X,Temps couvert,Deux véhicules - côté,4,2,4,0,1,1,1,0,1,50,,2,1,0,0,1,28.0,83.0,,,1,2,2,8,3
202100050217,2021-02-25 08:40:00,2021,2,25,8,40,75,75115,RUE DE LA CONVENTION,48.837235,2.296433,Plein jour,En agglomération,Intersection en X,Normale,Sans collision,4,2,3,3,1,1,1,0,1,50,,1,0,0,0,1,29.0,,,,1,2,2,1,7
202100050218,2021-02-24 16:15:00,2021,2,24,16,15,75,75113,BOULEVARD DE L HOPITAL,48.8387593094,2.3609132993,Plein jour,En agglomération,Hors intersection,Normale,Autre collision,4,2,1,0,1,2,1,0,1,30,,2,1,0,0,1,55.0,,,,1,2,1,1,6
202100050219,2021-02-24 15:40:00,2021,2,24,15,40,75,75113,QUAI DE LA GARE,48.8374,2.373851,Plein jour,En agglomération,Intersection en X,Normale,Deux véhicules - côté,4,2,2,0,1,1,1,0,1,50,,3,2,0,0,1,65.0,39.0,,,1,2,2,1,3
202100050220,2021-02-25 08:00:00,2021,2,25,8,0,75,75112,AVENUE DAUMESNIL,48.834205,2.410762,Plein jour,En agglomération,Intersection en T,Normale,Deux véhicules - arrière,4,2,2,0,1,1,1,0,1,50,,2,1,0,0,1,57.0,49.0,,,1,2,3,1,2
202100050221,2021-02-25 12:55:00,2021,2,25,12,55,75,75110,AVENUE CLAUDE VELLEFAUX,48.877344,2.370296,Plein jour,En agglomération,Hors intersection,Normale,Deux véhicules - côté,4,2,2,0,1,1,1,0,1,50,,2,1,0,0,1,39.0,25.0,,,1,2,1,1,3
202100050222,2021-02-25 15:40:00,2021,2,25,15,40,75,75101,BOULEVARD DE SEBASTOPOL,48.863402,2.350951,Plein jour,En agglomération,Intersection en X,Normale,Deux véhicules - côté,4,1,4,2,1,1,1,-1,5,50,,2,1,0,0,1,46.0,54.0,,,1,2,2,1,3
202100050223,2021-02-25 11:00:00,2021,2,25,11,0,94,94081,HENRI BARBUSSE (AV),48.79255,2.38739,Plein jour,En agglomération,Giratoire,Normale,Deux véhicules - côté,3,1,0,0,1,1,1,0,1,50,,2,1,0,0,1,77.0,39.0,,,1,2,6,1,3
202100050224,2021-02-25 09:20:00,2021,2,25,9,20,94,94067,Avenue Daumesnil,48.833857,2.412705,Plein jour,En agglomération,Hors intersection,Normale,Trois véhicules et plus - en chaîne,4,2,4,0,1,1,1,0,1,50,,3,2,0,0,1,34.0,25.0,,,1,2,1,1,4
202100050225,2021-02-25 12:05:00,2021,2,25,12,5,94,94017,Avenue Roger Salengro,48.817186,2.497322,Plein jour,En agglomération,Autre intersection,Normale,Deux véhicules - côté,3,1,1,0,1,1,1,9,1,20,,2,1,0,0,1,54.0,26.0,,,1,2,9,1,3
202100050226,2021-02-25 18:50:00,2021,2,25,18,50,94,94022,ALLIES (BD DES),48.764992,2.4049,Nuit avec éclairage allumé,En agglomération,Hors intersection,Normale,Deux véhicules - arrière,3,1,2,0,1,1,1,0,1,50,,3,2,0,0,1,37.0,20.0,,,5,2,1,1,2
202100050227,2021-02-25 14:20:00,2021,2,25,14,20,94,94077,GAMBETTA (AV),48.72888,2.42835,Plein jour,En agglomération,Hors intersection,Normale,Sans collision,4,2,2,0,1,1,1,0,1,30,,1,0,0,0,1,56.0,,,,1,2,1,1,7
202100050228,2021-02-25 12:00:00,2021,2,25,12,0,94,94079,ANDRE ROUY (R),48.82212,2.55396,Plein jour,En agglomération,Hors intersection,Normale,Deux véhicules - arrière,3,2,2,0,1,1,1,0,1,50,,3,2,0,0,1,54.0,,,,1,2,1,1,2
202100050229,2021-02-25 13:30:00,2021,2,25,13,30,93,93064,PERI (BOULEVARD GABRIEL)  0 - 37 / 42,48.8778738953,2.4743745582,Plein jour,En agglomération,Hors intersection,Normale,Deux véhicules - arrière,3,3,4,0,1,1,1,0,1,50,,2,1,0,0,1,21.0,24.0,,,1,2,1,1,2
202100050230,2021-02-25 18:30:00,2021,2,25,18,30,93,93048,VICTOR BEAUSSE (RUE),48.8667164873,2.4451259719,Nuit avec éclairage allumé,En agglomération,Intersection en X,Normale,Deux véhicules - côté,3,2,3,1,2,1,1,0,1,50,,2,1,0,0,1,28.0,24.0,,,5,2,2,1,3
202100050231,2021-02-25 12:15:00,2021,2,25,12,15,93,93031,REPUBLIQUE (AVENUE),48.94996,2.32836,Plein jour,En agglomération,Hors intersection,Normale,Autre collision,3,2,4,0,1,1,1,0,1,2,,2,1,0,0,1,34.0,,,,1,2,1,1,6
202100050232,2021-02-25 10:05:00,2021,2,25,10,5,93,93031,DE LATTRE DE TASSIGNY (1 A 51),48.95291,2.31564,Plein jour,En agglomération,Hors intersection,Normale,Autre collision,4,2,4,0,1,1,1,0,1,50,,2,1,0,0,1,27.0,,,,1,2,1,1,6
202100050233,2021-02-25 19:00:00,2021,2,25,19,0,93,93029,JULES GUESDE,48.9185125016,2.4618333578,Crépuscule ou aube,En agglomération,Autre intersection,Normale,Autre collision,4,1,1,0,1,1,1,0,1,50,,2,0,0,2,0,14.0,,,,2,2,9,1,6
202100050234,2021-02-25 08:08:00,2021,2,25,8,8,93,93008,PARIS (RUE DE),48.8998599135,2.4489566883,Plein jour,En agglomération,Hors intersection,Normale,Deux véhicules - côté,3,3,3,0,1,1,1,0,1,50,,2,1,0,0,1,,32.0,,,1,2,1,1,3
202100050235,2021-02-25 14:40:00,2021,2,25,14,40,93,93005,JEAN CHARCOT [CD115] (RUE),48.9330279198,2.4892441208,Plein jour,En agglomération,Hors intersection,Normale,Deux véhicules - arrière,3,1,4,0,3,1,1,0,1,50,,3,2,0,0,1,,66.0,,,1,2,1,1,2
202100050236,2021-02-25 12:15:00,2021,2,25,12,15,93,93005,MITRY [CD115] (ROUTE DE),48.9482775197,2.5136463541,Plein jour,En agglomération,Intersection en T,Normale,Deux véhicules - côté,3,2,4,0,1,1,1,9,1,50,,3,2,0,0,1,21.0,29.0,,,1,2,3,1,3
202100050237,2021-02-25 16:00:00,2021,2,25,16,0,92,92078,CHARLES DE GAULLE (BD)(72 AU 308),48.940059227,2.3239110976,Plein jour,En agglomération,Intersection en T,Normale,Sans collision,3,2,10,1,1,1,9,0,1,50,,2,0,0,0,2,19.0,,,,1,2,3,1,7
202100050238,2021-02-24 09:35:00,2021,2,24,9,35,92,92051,"CHARLES DE GAULLE (AVENUE, N° 18 A 116)",48.88189,2.26872,Plein jour,En agglomération,Hors intersection,Normale,Deux véhicules - côté,2,3,3,0,1,1,1,0,1,50,,2,1,0,0,1,52.0,28.0,,,1,2,1,1,3