accident_id,datetime,annee,mois,jour,heure,minute,departement,commune_insee,adresse,latitude,longitude,luminosite,agglomeration,intersection,meteo,collision,catr,circ,nbv,vosp,prof,plan,surf,infra,situ,vma,nb_vehicules,nb_usagers,nb_indemnes,nb_tues,nb_blesses_hosp,nb_blesses_legers,age_cond_1,age_cond_2,veh_type_cond_1,veh_type_cond_2,lum_code,agg_code,int_code,atm_code,col_code
202100050239,2021-02-25 08:10:00,2021,2,25,8,10,92,92020,ESTIENNE D'ORVES RUE D',48.7991729134,2.2867501708,Plein jour,En agglomération,Autre intersection,Normale,Deux véhicules - côté,3,2,2,0,2,1,1,0,1,50,,2,1,0,0,1,51.0,28.0,,,1,2,9,1,3
202100050240,2021-02-25 19:49:00,2021,2,25,19,49,92,92025,PAUL BERT (RUE),48.9273809396,2.2470125556,Nuit avec éclairage allumé,En agglomération,Intersection en X,Normale,Deux véhicules - arrière,4,3,3,0,1,1,1,0,1,50,,2,1,0,0,1,33.0,36.0,,,5,2,2,1,2
202100050241,2021-02-25 11:45:00,2021,2,25,11,45,92,92024,PIERRE BEREGOVOY (RUE),48.9015325937,2.294434011,Plein jour,En agglomération,Intersection en T,Normale,Deux véhicules - côté,4,2,2,0,1,1,1,0,1,50,,2,1,0,0,1,31.0,19.0,,,1,2,3,1,3
202100050242,2021-02-25 17:40:00,2021,2,25,17,40,92,92012,DESFEUX (AVENUE),48.8328842533,2.2413929504,Plein jour,En agglomération,Intersection en T,Normale,Autre collision,3,1,2,0,1,1,1,6,1,50,,2,1,0,0,1,39.0,,,,1,2,3,1,6
202100050243,2021-01-21 15:00:00,2021,1,21,15,0,92,92004,BRETAGNE ( RUE DE ),48.9053537495,2.2826985269,Plein jour,En agglomération,Intersection en T,Temps couvert,Autre collision,4,2,2,0,1,1,2,0,1,50,,2,1,0,0,1,26.0,,,,1,2,3,8,6
202100050244,2021-02-24 16:10:00,2021,2,24,16,10,17,17438,Rue des Fleurettes,45.559512,-0.619526,Plein jour,Hors agglomération,Hors intersection,Normale,Sans collision,3,2,2,0,1,1,1,0,3,80,,1,0,0,1,0,40.0,,,,1,1,1,1,7
202100050245,2021-02-26 09:54:00,2021,2,26,9,54,54,54371,AUTOROUTE A4 ,49.1993792,5.9324965,Plein jour,Hors agglomération,Hors intersection,Pluie légère,Autre collision,1,3,4,0,2,3,2,0,3,130,,2,1,0,1,0,69.0,,,,1,1,1,2,6
202100050246,2021-02-24 15:25:00,2021,2,24,15,25,28,28006,N123,48.436248,1.431098,Plein jour,Hors agglomération,Giratoire,Normale,Deux véhicules - arrière,2,3,4,0,1,1,1,0,1,110,,4,3,0,0,1,34.0,34.0,,,1,1,6,1,2
202100050247,2021-02-26 03:50:00,2021,2,26,3,50,62,62060,D938,50.223186,2.080199,Nuit sans éclairage public,Hors agglomération,Hors intersection,Brouillard / fumée,Autre collision,3,2,2,0,2,3,2,0,3,80,,1,0,0,1,0,47.0,,,,3,1,1,5,6
202100050248,2021-02-26 12:00:00,2021,2,26,12,0,56,56224,D147 LEZERAN,47.794061,-2.314548,Plein jour,Hors agglomération,Hors intersection,Normale,Sans collision,3,2,2,0,3,1,1,0,1,80,,1,0,1,0,0,75.0,,,,1,1,1,1,7
202100050249,2021-02-24 11:45:00,2021,2,24,11,45,56,56157,Le petit Kerhorno,47.798335,-2.729314,Plein jour,Hors agglomération,Intersection en X,Normale,Deux véhicules - côté,3,2,2,0,1,1,1,0,1,80,,2,1,0,0,1,37.0,69.0,,,1,1,2,1,3
202100050250,2021-02-25 16:05:00,2021,2,25,16,5,74,74299,Rte de Menthon,45.874212,6.182331,Plein jour,En agglomération,Hors intersection,Normale,Autre collision,3,2,2,2,1,1,1,0,4,-1,,1,0,0,1,0,60.0,,,,1,2,1,1,6
202100050251,2021-02-21 15:35:00,2021,2,21,15,35,67,67165,D993,48.514456,7.157012,Plein jour,Hors agglomération,Hors intersection,Autre,Deux véhicules - frontale,3,2,2,0,2,4,1,0,1,80,,4,2,0,0,2,88.0,23.0,,,1,1,1,9,1
202100050252,2021-02-26 15:05:00,2021,2,26,15,5,76,76254,Avenue George V,49.707005,0.205564,Plein jour,En agglomération,Hors intersection,Normale,Autre collision,3,2,2,0,1,1,1,0,1,50,,2,1,0,1,0,47.0,,,,1,2,1,1,6
202100050253,2021-02-20 13:45:00,2021,2,20,13,45,55,55500,D618,49.324472,5.662165,Plein jour,En agglomération,Hors intersection,Normale,Trois véhicules et plus - en chaîne,3,2,2,0,1,1,1,0,1,70,,4,1,0,0,3,53.0,42.0,,,1,2,1,1,4
202100050254,2021-02-25 15:05:00,2021,2,25,15,5,55,55359,1 Rue de la Liberation,48.576399,5.246902,Plein jour,En agglomération,Autre intersection,Normale,Autre collision,4,2,2,0,2,3,1,0,4,50,,1,0,0,1,0,13.0,,,,1,2,9,1,6
202100050255,2021-02-25 13:40:00,2021,2,25,13,40,49,49180,Lieu-dit d'Athee - CD 79,47.394406,-0.101291,Plein jour,Hors agglomération,Intersection en X,Normale,Deux véhicules - côté,3,2,2,0,1,2,1,0,1,90,,3,1,0,0,2,83.0,66.0,,,1,1,2,1,3
202100050256,2021-02-25 16:00:00,2021,2,25,16,0,49,49018,5 Rue de la Girouardière,47.540892,-0.104803,Plein jour,En agglomération,Place,Normale,Sans collision,6,-1,-1,0,1,1,1,0,8,30,,2,1,0,1,0,27.0,,,,1,2,7,1,7
202100050257,2021-02-25 17:10:00,2021,2,25,17,10,42,42034,D24,45.845558,3.765709,Plein jour,Hors agglomération,Hors intersection,Normale,Deux véhicules - frontale,3,2,2,0,2,3,1,0,1,80,,2,1,0,1,0,19.0,50.0,,,1,1,1,1,1
202100050258,2021-02-26 14:00:00,2021,2,26,14,0,44,44063,La Drouetterie,47.080245,-1.190772,Plein jour,Hors agglomération,Intersection en X,Normale,Deux véhicules - côté,3,2,2,0,1,1,1,0,1,70,,2,1,1,0,0,62.0,54.0,,,1,1,2,1,3
202100050259,2021-02-25 18:00:00,2021,2,25,18,0,73,73154,D64 Rte de la Foret,45.665582,6.345007,Plein jour,En agglomération,Hors intersection,Normale,Deux véhicules - frontale,3,2,2,0,2,3,1,0,1,50,,2,0,0,1,1,47.0,31.0,,,1,2,1,1,1
202100050260,2021-02-26 04:30:00,2021,2,26,4,30,10,10063,D443,48.367484,4.532096,Nuit sans éclairage public,Hors agglomération,Hors intersection,Normale,Sans collision,3,2,2,0,1,1,1,0,1,80,,1,0,1,0,0,19.0,,,,3,1,1,1,7
202100050261,2021-02-26 12:50:00,2021,2,26,12,50,10,10033,Boulevard de la République,48.230444,4.708307,Plein jour,En agglomération,Hors intersection,Pluie légère,Deux véhicules - côté,3,1,1,0,1,3,2,0,1,50,,4,2,0,1,1,21.0,23.0,,,1,2,1,2,3
202100050262,2021-02-25 14:00:00,2021,2,25,14,0,36,36220,,46.628194,1.415981,Plein jour,Hors agglomération,Hors intersection,Normale,Sans collision,3,2,2,0,1,1,1,0,1,80,,1,0,0,1,0,67.0,,,,1,1,1,1,7
202100050263,2021-02-26 15:30:00,2021,2,26,15,30,36,36189,Le Coudray,46.550534,1.811559,Plein jour,Hors agglomération,Hors intersection,Normale,Autre collision,3,2,2,0,2,1,1,0,1,80,,4,1,1,2,0,19.0,,,,1,1,1,1,6
202100050264,2021-02-24 21:15:00,2021,2,24,21,15,07,07181,"Route de PRIVAS, Départemantale 104",44.759046,4.744474,Nuit sans éclairage public,Hors agglomération,Hors intersection,Normale,Deux véhicules - côté,3,2,2,0,2,2,1,0,1,80,,2,1,0,0,1,,33.0,,,3,1,1,1,3
202100050265,2021-02-25 19:40:00,2021,2,25,19,40,21,21381,D70,47.392249,4.483345,Nuit sans éclairage public,Hors agglomération,Hors intersection,Normale,Autre collision,3,2,2,0,2,1,1,0,8,90,,1,0,1,0,0,56.0,,,,3,1,1,1,6
202100050266,2021-02-25 17:45:00,2021,2,25,17,45,40,40209,rue du 8 mai 1945,43.555033,-1.430916,Plein jour,Hors agglomération,Intersection en T,Normale,Deux véhicules - frontale,3,2,2,0,4,1,1,0,1,80,,2,1,0,1,0,52.0,38.0,,,1,1,3,1,1
202100050267,2021-02-13 15:50:00,2021,2,13,15,50,30,30352,337 Route d'Alès,43.792669,4.087068,Plein jour,En agglomération,Hors intersection,Normale,Autre collision,3,2,2,0,1,1,1,0,1,50,,2,1,0,1,0,46.0,,,,1,2,1,1,6
202100050268,2021-02-25 18:50:00,2021,2,25,18,50,24,24054,Chemin communal 3,44.755994,0.533384,Crépuscule ou aube,En agglomération,Intersection en T,Normale,Deux véhicules - côté,4,2,2,0,4,2,1,0,1,50,,3,0,0,1,2,75.0,48.0,,,2,2,3,1,3
202100050269,2021-02-25 22:45:00,2021,2,25,22,45,03,03297,A71,46.5295913324,2.5628823513,Nuit sans éclairage public,Hors agglomération,Hors intersection,Normale,Autre collision,1,3,4,0,1,1,1,0,3,130,,2,0,0,0,2,38.0,,,,3,1,1,1,6
202100050270,2021-02-26 18:25:00,2021,2,26,18,25,06,06152,Route du Parc,43.610655,7.048824,Crépuscule ou aube,Hors agglomération,Hors intersection,Normale,Sans collision,3,1,2,0,2,2,1,0,3,70,,1,0,0,0,1,51.0,,,,2,1,1,1,7
202100050271,2021-02-26 10:45:00,2021,2,26,10,45,68,68253,A36 pk 117.600,47.780816,7.492767,Plein jour,Hors agglomération,Hors intersection,Normale,Autre collision,1,3,4,0,1,1,1,0,1,130,,2,1,0,1,0,40.0,25.0,,,1,1,1,1,6
202100050272,2021-02-24 17:10:00,2021,2,24,17,10,57,57467,Intersection A315/A4,49.140653,6.246479,Plein jour,Hors agglomération,Intersection en Y,Normale,Autre collision,1,3,4,0,2,3,1,3,8,130,,1,0,0,1,0,68.0,,,,1,1,4,1,6
202100050273,2021-02-25 08:20:00,2021,2,25,8,20,69,69043,BRIGNAIS (DE) (RTE),45.7053298331,4.7677874565,Plein jour,Hors agglomération,Hors intersection,Normale,Deux véhicules - côté,3,2,2,0,1,1,1,0,1,80,,2,1,0,1,0,59.0,49.0,,,1,1,1,1,3
202100050274,2021-02-15 17:45:00,2021,2,15,17,45,971,97103,N2,16.255899,-61.601222,Crépuscule ou aube,Hors agglomération,Hors intersection,Normale,Deux véhicules - arrière,2,2,2,0,1,1,1,0,1,90,,3,2,0,1,0,25.0,25.0,,,2,1,1,1,2
202100050275,2021-02-25 21:45:00,2021,2,25,21,45,27,27351,"autoroute A13, pk099+380 vers Rouen",49.252173,1.167126,Nuit sans éclairage public,Hors agglomération,Hors intersection,Temps couvert,Deux véhicules - arrière,1,3,5,0,2,1,2,0,1,130,,3,1,0,2,0,55.0,21.0,,,3,1,1,8,2
202100050276,2021-02-25 17:15:00,2021,2,25,17,15,971,97119,Clugny,16.396818,-61.484106,Plein jour,Hors agglomération,Hors intersection,Normale,Deux véhicules - arrière,2,2,2,0,2,1,1,0,1,80,,2,1,0,1,0,28.0,72.0,,,1,1,1,1,2
202100050277,2021-02-24 19:10:00,2021,2,24,19,10,971,97117,D101,16.334741,-61.359226,Nuit sans éclairage public,Hors agglomération,Hors intersection,Normale,Autre collision,3,2,2,0,2,3,1,0,1,80,,2,1,0,0,1,34.0,49.0,,,3,1,1,1,6
202100050278,2021-02-24 17:20:00,2021,2,24,17,20,63,63200,place de la fontaine,45.839296,3.215446,Plein jour,En agglomération,Giratoire,Normale,Deux véhicules - côté,3,2,2,0,1,1,1,5,1,30,,2,1,0,1,0,57.0,59.0,,,1,2,6,1,3
202100050279,2021-02-26 18:52:00,2021,2,26,18,52,69,69003,GENERAL DE GAULLE (Q),45.873063,4.834901,Crépuscule ou aube,En agglomération,Hors intersection,Normale,Deux véhicules - frontale,7,2,2,0,1,1,1,0,1,50,,3,0,0,3,0,72.0,75.0,,,2,2,1,1,1
202100050280,2021-02-18 10:30:00,2021,2,18,10,30,33,33494,route de lacanau,44.942886,-0.840926,Plein jour,Hors agglomération,Hors intersection,Normale,Trois véhicules et plus - collisions multiples,3,2,2,0,1,3,1,0,1,80,,5,4,0,1,0,79.0,50.0,,,1,1,1,1,5
202100050281,2021-02-25 23:00:00,2021,2,25,23,0,29,29032,D34 - Route du Drennec,47.902707,-4.078674,Nuit sans éclairage public,Hors agglomération,Hors intersection,Normale,Autre collision,3,2,2,0,1,1,1,0,1,80,,1,0,0,1,0,45.0,,,,3,1,1,1,6
202100050282,2021-02-26 10:25:00,2021,2,26,10,25,59,59571,Rue Georges Clémenceau,50.185936,3.497144,Plein jour,En agglomération,Hors intersection,Normale,Trois véhicules et plus - collisions multiples,3,2,2,0,1,1,1,0,1,50,,3,2,0,1,0,17.0,42.0,,,1,2,1,1,5
202100050283,2021-02-24 16:30:00,2021,2,24,16,30,59,59252,D945,50.719629,2.939226,Plein jour,Hors agglomération,Intersection en T,Normale,Deux véhicules - côté,7,3,1,0,1,1,1,0,1,70,,2,1,0,1,0,95.0,28.0,,,1,1,3,1,3
202100050284,2021-02-24 18:00:00,2021,2,24,18,0,13,13071,A7-Sens Lyon vers Marseille,43.405932,5.322595,Plein jour,Hors agglomération,Hors intersection,Normale,Deux véhicules - arrière,1,-1,3,0,1,1,1,0,1,90,,2,1,0,0,1,38.0,24.0,,,1,1,1,1,2
202100050285,2021-02-25 17:48:00,2021,2,25,17,48,13,13055,A507 sens Marseille - Aubagne,43.329906,5.39457,Plein jour,Hors agglomération,Hors intersection,Normale,Trois véhicules et plus - en chaîne,1,1,3,0,1,1,1,1,1,70,,3,2,0,0,1,24.0,62.0,,,1,1,1,1,4
202100050286,2021-02-24 16:30:00,2021,2,24,16,30,13,13055,A507 sens Aubagne- Marseille,43.329824,5.412228,Plein jour,Hors agglomération,Hors intersection,Normale,Deux véhicules - arrière,1,-1,3,0,1,1,1,2,1,90,,4,3,0,0,1,21.0,51.0,,,1,1,1,1,2
202100050287,2021-02-24 17:50:00,2021,2,24,17,50,67,67152,M35,48.52257,7.64119,Plein jour,Hors agglomération,Hors intersection,Normale,Trois véhicules et plus - en chaîne,7,3,2,0,1,1,1,0,1,110,,5,4,0,0,1,39.0,35.0,,,1,1,1,1,4
202100050288,2021-02-25 10:10:00,2021,2,25,10,10,91,91589,AUTOROUTE A6,48.67927,2.33406,Plein jour,Hors agglomération,Hors intersection,Normale,Trois véhicules et plus - collisions multiples,1,3,6,0,1,1,1,0,1,110,,6,3,0,0,3,33.0,57.0,,,1,1,1,1,5
202100050289,2021-02-25 09:45:00,2021,2,25,9,45,94,94038,AUTOROUTE A6B,48.7845,2.347,Plein jour,Hors agglomération,Hors intersection,Normale,Deux véhicules - côté,1,1,2,0,1,1,1,0,1,90,,2,1,0,0,1,29.0,35.0,,,1,1,1,1,3
202100050290,2021-02-25 06:53:00,2021,2,25,6,53,91,91064,RN 118,48.74926,2.21203,Nuit sans éclairage public,Hors agglomération,Hors intersection,Normale,Deux véhicules - arrière,2,3,5,0,1,1,1,3,1,70,,2,1,1,0,0,50.0,48.0,,,3,1,1,1,2
202100050291,2021-02-25 06:20:00,2021,2,25,6,20,94,94034,AUTOROUTE A86,48.7558,2.3423,Nuit sans éclairage public,Hors agglomération,Hors intersection,Normale,Deux véhicules - côté,1,1,4,0,1,1,1,3,1,90,,2,1,0,0,1,48.0,24.0,,,3,1,1,1,3
202100050292,2021-02-25 06:30:00,2021,2,25,6,30,75,75116,A13W,48.848377,2.247359,Nuit avec éclairage allumé,Hors agglomération,Hors intersection,Normale,Deux véhicules - arrière,1,1,4,0,1,1,1,1,1,70,,2,1,0,0,1,39.0,29.0,,,5,1,1,1,2
202100050293,2021-02-24 17:20:00,2021,2,24,17,20,92,92036,A86,48.9348439651,2.2672648297,Plein jour,Hors agglomération,Hors intersection,Normale,Deux véhicules - arrière,1,3,4,0,1,1,1,0,1,90,,2,1,0,0,1,67.0,21.0,,,1,1,1,1,2
202100050294,2021-02-25 08:50:00,2021,2,25,8,50,93,93078,AUTOROUTE A104,48.96768,2.5108,Plein jour,Hors agglomération,Hors intersection,Normale,Trois véhicules et plus - en chaîne,1,3,7,0,1,1,1,9,1,110,,3,2,0,0,1,56.0,32.0,,,1,1,1,1,4
202100050295,2021-02-25 03:00:00,2021,2,25,3,0,95,95252,A115,48.9867419467,2.2424224657,Nuit sans éclairage public,Hors agglomération,Hors intersection,Normale,Autre collision,1,3,6,0,1,1,1,0,1,110,,1,0,0,0,1,24.0,,,,3,1,1,1,6
202100050296,2021-02-25 08:45:00,2021,2,25,8,45,94,94028,A86 EXT,48.785757,2.44032,Plein jour,Hors agglomération,Hors intersection,Normale,Trois véhicules et plus - en chaîne,1,1,3,0,1,1,1,0,1,90,,3,2,0,0,1,19.0,50.0,,,1,1,1,1,4
202100050297,2021-02-25 08:30:00,2021,2,25,8,30,77,77083,A4.W,48.8310075078,2.6062787316,Plein jour,Hors agglomération,Hors intersection,Normale,Trois véhicules et plus - en chaîne,1,3,4,0,1,1,1,0,1,110,,5,3,0,1,1,20.0,46.0,,,1,1,1,1,4
202100050298,2021-02-24 14:00:00,2021,2,24,14,0,974,97416,Chemin Neuf,-21.29141,55.4708,Plein jour,Hors agglomération,Hors intersection,Normale,Deux véhicules - côté,4,2,-1,0,2,2,1,0,1,50,,2,1,0,0,1,49.0,50.0,,,1,1,1,1,3
202100050299,2021-02-24 16:40:00,2021,2,24,16,40,974,97411,Rue des Jacinthes,-20.91011,55.48493,Plein jour,En agglomération,Hors intersection,Normale,Deux véhicules - côté,4,2,2,0,2,1,1,0,1,50,,4,2,0,0,2,25.0,52.0,,,1,2,1,1,3
202100050300,2021-02-24 22:20:00,2021,2,24,22,20,69,69388,JEAN SARRAZIN (R),45.73159,4.86709,Nuit avec éclairage allumé,En agglomération,Intersection en X,Normale,Deux véhicules - côté,4,2,2,0,1,1,1,0,1,50,,4,3,0,0,1,44.0,27.0,,,5,2,2,1,3
202100050301,2021-02-24 18:05:00,2021,2,24,18,5,69,69199,FRERES PERRET (AV),45.681323962,4.8482644558,Plein jour,Hors agglomération,Intersection en T,Normale,Deux véhicules - côté,7,1,1,0,2,1,1,0,1,50,,2,1,0,0,1,27.0,23.0,,,1,1,3,1,3
202100050302,2021-02-24 13:20:00,2021,2,24,13,20,69,69383,RABELAIS (R),45.76279,4.84613,Plein jour,En agglomération,Intersection en X,Normale,Deux véhicules - côté,4,-1,1,0,1,1,1,0,1,50,,2,1,0,0,1,31.0,30.0,,,1,2,2,1,3
202100050303,2021-02-24 07:30:00,2021,2,24,7,30,69,69386,VITTON (CR),45.76992,4.85714,Plein jour,En agglomération,Intersection à plus de 4 branches,Normale,Deux véhicules - côté,4,1,2,3,1,1,1,0,1,50,,2,1,0,0,1,26.0,31.0,,,1,2,5,1,3
202100050304,2021-02-23 12:05:00,2021,2,23,12,5,972,97213,AUTOROUTE A1,14.61812,-61.02766,Plein jour,Hors agglomération,Hors intersection,Temps éblouissant,Deux véhicules - arrière,1,1,3,3,1,1,1,0,1,50,,2,1,0,0,1,61.0,24.0,,,1,1,1,7,2
202100050305,2021-02-24 09:05:00,2021,2,24,9,5,69,69384,ESSES (DES) (MO),45.77198,4.81588,Plein jour,En agglomération,Intersection en T,Normale,Sans collision,4,2,2,2,2,3,2,0,1,50,,1,0,0,1,0,56.0,,,,1,2,3,1,7
202100050306,2021-02-23 07:30:00,2021,2,23,7,30,69,69385,CHOULANS (DE) (MO),45.7523441541,4.8162854219,Plein jour,En agglomération,Hors intersection,Temps couvert,Sans collision,4,1,2,0,2,2,2,0,1,50,,1,0,0,0,1,20.0,,,,1,2,1,8,7
202100050307,2021-02-24 13:35:00,2021,2,24,13,35,91,91421,CHARLES DE GAULLE (AVENUE),48.69644,2.45676,Plein jour,En agglomération,Intersection en X,Normale,Deux véhicules - côté,3,2,0,0,1,1,1,0,1,50,,2,1,0,1,0,,45.0,,,1,2,2,1,3
202100050308,2021-02-24 13:30:00,2021,2,24,13,30,91,91514,RUE DE JARCY,48.67452,2.53114,Plein jour,En agglomération,Hors intersection,Normale,Autre collision,4,2,0,0,1,1,1,0,1,30,,2,0,0,0,2,23.0,,,,1,2,1,1,6
202100050309,2021-02-22 16:55:00,2021,2,22,16,55,91,91201,RUE DE RIS,48.663444,2.418142,Plein jour,En agglomération,Hors intersection,Normale,Sans collision,3,2,3,0,2,1,1,0,1,50,,2,1,0,0,1,44.0,,,,1,2,1,1,7
202100050310,2021-02-24 15:25:00,2021,2,24,15,25,91,91687,DU MERIDIEN (QUARTIER),48.65665,2.37323,Plein jour,En agglomération,Hors intersection,Temps éblouissant,Autre collision,4,2,2,0,1,1,1,0,1,30,,2,1,0,0,1,23.0,,,,1,2,1,7,6
202100050311,2021-02-23 07:50:00,2021,2,23,7,50,86,86194,Avenue du 11 Novembre,46.567303,0.365832,Plein jour,En agglomération,Autre intersection,Normale,Deux véhicules - côté,3,3,8,0,1,1,2,0,1,50,,2,1,0,0,1,37.0,41.0,,,1,2,9,1,3
202100050312,2021-01-04 07:55:00,2021,1,4,7,55,82,82121,CHROL (AVENUE DU PERE LEONID),44.01003,1.37471,Crépuscule ou aube,En agglomération,Hors intersection,Normale,Autre collision,4,2,2,0,1,1,1,9,1,50,,2,1,0,1,0,20.0,,,,2,2,1,1,6
202100050313,2021-02-24 17:50:00,2021,2,24,17,50,81,81004,ROCADE RN88 SUD,43.9113678657,2.1402179174,Plein jour,En agglomération,Hors intersection,Normale,Sans collision,2,1,1,0,2,3,1,3,1,50,,1,0,0,0,1,52.0,,,,1,2,1,1,7
202100050314,2021-02-20 09:05:00,2021,2,20,9,5,80,80131,CD 4935,49.86396,2.34978,Plein jour,Hors agglomération,Hors intersection,Normale,Trois véhicules et plus - en chaîne,3,2,2,0,1,1,1,0,1,80,,3,1,0,0,2,20.0,21.0,,,1,1,1,1,4
202100050315,2021-02-24 12:10:00,2021,2,24,12,10,79,79191,Rue du 14 Juillet,46.32223,-0.45685,Plein jour,En agglomération,Intersection en T,Normale,Deux véhicules - côté,3,2,2,0,1,1,1,0,1,50,,2,1,0,1,0,55.0,48.0,,,1,2,3,1,3
202100050316,2021-02-24 14:10:00,2021,2,24,14,10,78,78551,RN 13,48.89795,2.07679,Plein jour,En agglomération,Hors intersection,Normale,Trois véhicules et plus - en chaîne,2,3,4,0,2,1,1,3,1,70,,8,4,0,0,4,42.0,41.0,,,1,2,1,1,4
202100050317,2021-02-24 16:30:00,2021,2,24,16,30,78,78498,RONSARD RUE,48.92267,2.0305,Plein jour,En agglomération,Hors intersection,Normale,Deux véhicules - côté,4,1,1,0,1,1,1,0,1,30,,3,2,0,1,0,17.0,34.0,,,1,2,1,1,3
202100050318,2021-02-24 18:10:00,2021,2,24,18,10,73,73011,Rue Pasteur,45.66894,6.38707,Plein jour,En agglomération,Autre intersection,Normale,Autre collision,4,2,2,0,1,1,1,0,4,30,,1,0,0,1,0,43.0,,,,1,2,9,1,6
202100050319,2021-02-23 17:50:00,2021,2,23,17,50,72,72095,MOSCOU (RUE DE),48.02284,0.20924,Plein jour,En agglomération,Hors intersection,Normale,Autre collision,4,1,1,0,2,1,1,0,1,30,,2,1,0,0,1,62.0,,,,1,2,1,1,6
202100050320,2021-02-20 17:30:00,2021,2,20,17,30,71,71306,JEAN DIDIER (RUE),46.6592131607,4.3511091847,Plein jour,En agglomération,Hors intersection,Normale,Autre collision,4,2,2,0,1,1,1,0,1,50,,3,2,0,0,1,46.0,,,,1,2,1,1,6
202100050321,2021-02-23 13:15:00,2021,2,23,13,15,66,66136,COPENHAGUE (ROND POINT DE),42.69111,2.85173,Plein jour,En agglomération,Hors intersection,Normale,Deux véhicules - côté,4,1,1,0,1,2,1,0,1,50,,2,1,0,0,1,50.0,40.0,,,1,2,1,1,3
202100050322,2021-02-24 17:55:00,2021,2,24,17,55,64,64348,MARTYRS DU PONT LONG DES,43.34831,-0.37998,Plein jour,Hors agglomération,Intersection en T,Normale,Deux véhicules - côté,3,2,2,0,1,1,1,0,5,50,,2,1,0,0,1,44.0,43.0,,,1,1,3,1,3
202100050323,2021-02-24 18:00:00,2021,2,24,18,0,64,64024,BAYONNE (AVENUE DE),43.4828037255,-1.504483223,Plein jour,En agglomération,Hors intersection,Normale,Sans collision,3,2,2,0,1,1,1,0,1,50,,2,1,0,0,1,18.0,,,,1,2,1,1,7
202100050324,2021-02-21 10:25:00,2021,2,21,10,25,62,62004,SALENGRO ( ROGER ),50.278844,2.764612,Plein jour,En agglomération,Hors intersection,Normale,Autre collision,3,2,2,0,1,1,1,0,1,50,,2,1,0,1,0,80.0,,,,1,2,1,1,6
202100050325,2021-01-14 15:00:00,2021,1,14,15,0,62,62041,TROIS VISAGES ( DES ),50.2929,2.7759,Plein jour,En agglomération,Autre intersection,Pluie légère,Autre collision,4,2,2,0,2,1,2,9,1,50,,2,1,0,1,0,35.0,,,,1,2,9,2,6
202100050326,2021-02-23 17:42:00,2021,2,23,17,42,59,59350,LIBERTE BVD N°147 A FIN-96 A FIN,50.63101,3.06302,Plein jour,En agglomération,Hors intersection,Normale,Deux véhicules - côté,4,1,2,0,1,1,1,0,1,50,,2,1,0,0,1,46.0,54.0,,,1,2,1,1,3
202100050327,2021-02-24 07:05:00,2021,2,24,7,5,59,59428,LILLE (RUE DE),50.1909242625,3.2146167755,Nuit sans éclairage public,Hors agglomération,Hors intersection,Normale,Deux véhicules - frontale,3,2,2,0,1,1,1,0,1,70,,2,0,0,0,2,29.0,51.0,,,3,1,1,1,1
202100050328,2021-02-24 17:50:00,2021,2,24,17,50,54,54339,Domaine de Pixérécourt,48.7252448522,6.181153357,Plein jour,Hors agglomération,Hors intersection,Normale,Deux véhicules - frontale,4,2,-1,0,1,1,1,0,8,50,,2,1,0,0,1,13.0,48.0,,,1,1,1,1,1
202100050329,2021-02-24 16:40:00,2021,2,24,16,40,54,54547,MIRECOURT (ROUTE DE),48.6569962948,6.1860644817,Plein jour,En agglomération,Hors intersection,Normale,Deux véhicules - côté,7,2,2,1,1,1,1,0,1,70,,2,1,0,0,1,51.0,23.0,,,1,2,1,1,3
202100050330,2021-02-24 16:40:00,2021,2,24,16,40,51,51454,Rue Pierre Taittinger,49.2369097662,4.0047423459,Plein jour,En agglomération,Hors intersection,Normale,Sans collision,4,2,2,0,1,1,1,0,1,30,,2,1,0,0,1,39.0,,,,1,2,1,1,7
202100050331,2021-02-23 07:50:00,2021,2,23,7,50,50,50602,BLUM (RUE LEON),49.62547,-1.58719,Plein jour,En agglomération,Intersection en T,Normale,Deux véhicules - côté,4,2,2,0,2,1,1,0,1,50,,2,1,0,0,1,22.0,46.0,,,1,2,3,1,3
202100050332,2021-02-23 17:30:00,2021,2,23,17,30,49,49353,A87N,47.45462,-0.51411,Plein jour,En agglomération,Hors intersection,Normale,Trois véhicules et plus - en chaîne,1,2,4,0,1,1,1,0,1,90,,3,2,0,0,1,52.0,51.0,,,1,2,1,1,4
202100050333,2021-02-24 12:25:00,2021,2,24,12,25,35,35238,GUILLOUX (LOUIS),48.10953,-1.6977,Plein jour,En agglomération,Autre intersection,Normale,Deux véhicules - côté,4,3,1,1,1,1,1,0,5,50,,2,1,0,0,1,48.0,26.0,,,1,2,9,1,3
202100050334,2021-02-24 09:40:00,2021,2,24,9,40,35,35051,PORTE DE LA RIGOURDIERE,48.11523,-1.57263,Plein jour,Hors agglomération,Hors intersection,Temps éblouissant,Autre collision,2,3,4,0,2,2,1,3,2,70,,1,0,1,0,0,22.0,,,,1,1,1,7,6
202100050335,2021-02-23 10:25:00,2021,2,23,10,25,34,34032,CHURCHILL (ROND POINT WINSTON),43.33355,3.23154,Plein jour,En agglomération,Giratoire,Normale,Sans collision,4,1,2,0,1,2,1,9,1,50,,1,0,0,1,0,24.0,,,,1,2,6,1,7