accident_id,datetime,annee,mois,jour,heure,minute,departement,commune_insee,adresse,latitude,longitude,luminosite,agglomeration,intersection,meteo,collision,catr,circ,nbv,vosp,prof,plan,surf,infra,situ,vma,nb_vehicules,nb_usagers,nb_indemnes,nb_tues,nb_blesses_hosp,nb_blesses_legers,age_cond_1,age_cond_2,veh_type_cond_1,veh_type_cond_2,lum_code,agg_code,int_code,atm_code,col_code
202100050336,2021-02-24 17:55:00,2021,2,24,17,55,33,33063,Boulevard Albert Brandenburg,44.875458,-0.545548,Plein jour,En agglomération,Intersection en X,Normale,Trois véhicules et plus - en chaîne,4,2,3,0,1,1,1,5,1,50,,3,2,0,0,1,,36.0,,,1,2,2,1,4
202100050337,2021-02-24 17:35:00,2021,2,24,17,35,33,33529,Boulevard de Cazaux,44.6131619819,-1.1349030804,Plein jour,En agglomération,Hors intersection,Normale,Deux véhicules - arrière,3,2,2,0,1,1,1,0,1,50,,3,1,0,0,2,81.0,17.0,,,1,2,1,1,2
202100050338,2021-02-23 16:30:00,2021,2,23,16,30,31,31555,DIEBOLD (Place),43.59795,1.42995,Plein jour,En agglomération,Hors intersection,Normale,Deux véhicules - arrière,4,1,1,1,1,1,1,0,1,50,,3,1,0,0,2,19.0,54.0,,,1,2,1,1,2
202100050339,2021-02-10 15:00:00,2021,2,10,15,0,30,30007,BOURDET ( RUE MAURICE),44.1249255589,4.0890169144,Plein jour,En agglomération,Intersection en T,Normale,Autre collision,4,1,1,0,1,1,1,0,1,30,,2,1,0,0,1,65.0,,,,1,2,3,1,6
202100050340,2021-02-23 19:12:00,2021,2,23,19,12,29,29051,D15 - Avenue de Coray ,48.02427,-3.98112,Nuit sans éclairage public,Hors agglomération,Hors intersection,Normale,Deux véhicules - frontale,3,-1,2,0,1,1,1,0,1,80,,2,0,0,0,2,28.0,42.0,,,3,1,1,1,1
202100050341,2021-02-12 15:18:00,2021,2,12,15,18,28,28134,ITALIE (PLACE D'),48.736,1.34915,Plein jour,Hors agglomération,Hors intersection,Normale,Autre collision,6,-1,0,0,1,1,1,9,8,50,,2,1,0,1,0,49.0,,,,1,1,1,1,6
202100050342,2021-02-24 17:40:00,2021,2,24,17,40,28,28085,REGNIER (RUE MATHURIN),48.44262,1.48731,Plein jour,En agglomération,Hors intersection,Normale,Sans collision,4,2,0,0,1,1,1,0,1,50,,1,0,0,1,0,53.0,,,,1,2,1,1,7
202100050343,2021-02-24 16:20:00,2021,2,24,16,20,25,25056,OUEST BOULEVARD,47.2207,5.9805,Plein jour,En agglomération,Giratoire,Normale,Deux véhicules - côté,2,2,2,0,1,2,1,0,1,50,,4,3,0,0,1,45.0,74.0,,,1,2,6,1,3
202100050344,2021-02-22 17:50:00,2021,2,22,17,50,25,25056,OUEST BOULEVARD,47.2238,5.9789,Crépuscule ou aube,En agglomération,Hors intersection,Normale,Deux véhicules - arrière,2,3,4,0,1,1,1,0,1,50,,2,1,0,0,1,44.0,61.0,,,2,2,1,1,2
202100050345,2021-02-24 11:55:00,2021,2,24,11,55,17,17300,08 PK RN237 MOULIN JUSTICE RE,46.17559,-1.21112,Plein jour,Hors agglomération,Hors intersection,Normale,Trois véhicules et plus - en chaîne,2,3,2,0,1,1,1,0,1,90,,3,2,0,0,1,74.0,74.0,,,1,1,1,1,4
202100050346,2021-02-24 10:15:00,2021,2,24,10,15,17,17200,04 PK RN237 MOULIN JUSTICE RE,46.17493,-1.17329,Plein jour,Hors agglomération,Hors intersection,Normale,Sans collision,2,3,4,0,1,1,1,0,3,90,,1,0,0,0,1,58.0,,,,1,1,1,1,7
202100050347,2021-02-23 17:30:00,2021,2,23,17,30,15,15014,Boulevard de Verdun,44.9122,2.43688,Plein jour,En agglomération,Intersection en X,Normale,Deux véhicules - côté,2,2,4,0,3,1,1,0,1,50,,3,2,0,0,1,28.0,20.0,,,1,2,2,1,3
202100050348,2021-02-24 19:00:00,2021,2,24,19,0,13,13209,JEAN BOUIN (AVENUE),43.26729,5.40312,Nuit avec éclairage allumé,En agglomération,Hors intersection,Normale,Deux véhicules - arrière,4,1,4,0,1,1,1,0,1,50,,2,1,0,0,1,19.0,,,,5,2,1,1,2
202100050349,2021-02-24 18:20:00,2021,2,24,18,20,13,13212,MARCEL (BOULEVARD),43.3189224329,5.4252589718,Crépuscule ou aube,En agglomération,Intersection en T,Normale,Deux véhicules - côté,4,2,2,0,3,2,1,0,1,50,,2,1,0,0,1,23.0,27.0,,,2,2,3,1,3
202100050350,2021-02-24 13:00:00,2021,2,24,13,0,13,13212,BOUYALA D'ARNAUD (BOULEVARD),43.2977651822,5.4405786128,Plein jour,En agglomération,Autre intersection,Normale,Deux véhicules - côté,4,2,2,0,1,1,1,0,1,30,,2,0,0,0,2,33.0,56.0,,,1,2,9,1,3
202100050351,2021-02-23 17:20:00,2021,2,23,17,20,13,13208,ALEXANDRE DUMAS (RUE),43.2636522655,5.3894698158,Plein jour,En agglomération,Intersection en T,Normale,Deux véhicules - côté,4,2,2,0,1,1,1,0,1,50,,2,1,0,0,1,49.0,19.0,,,1,2,3,1,3
202100050352,2021-02-23 16:50:00,2021,2,23,16,50,13,13209,MARÉCHAL DE LATTRE (AVENUE),43.24554,5.41208,Plein jour,En agglomération,Intersection en T,Normale,Deux véhicules - côté,7,2,2,1,1,1,1,0,1,50,,2,1,0,0,1,84.0,19.0,,,1,2,3,1,3
202100050353,2021-02-24 10:15:00,2021,2,24,10,15,13,13028,BRETAGNE (AVENUE DE),43.18702,5.6118,Plein jour,En agglomération,Hors intersection,Normale,Deux véhicules - frontale,4,2,1,0,1,1,1,0,1,30,,3,2,0,0,1,54.0,,,,1,2,1,1,1
202100050354,2021-02-23 17:17:00,2021,2,23,17,17,10,10333,ROCADE OUEST (RD 610),48.27515,4.0452,Plein jour,En agglomération,Hors intersection,Normale,Trois véhicules et plus - en chaîne,3,3,7,0,1,1,1,0,1,110,,3,0,0,0,3,66.0,69.0,,,1,2,1,1,4
202100050355,2021-02-23 17:15:00,2021,2,23,17,15,10,10387,FAUBOURG CRONCELS (RUE DU),48.2772,4.08259,Plein jour,En agglomération,Intersection en X,Normale,Deux véhicules - côté,4,2,4,0,1,1,1,0,1,50,,2,1,0,0,1,20.0,35.0,,,1,2,2,1,3
202100050356,2021-02-23 14:13:00,2021,2,23,14,13,10,10362,SAVIPOL (ZI),48.30058,4.01904,Plein jour,Hors agglomération,Hors intersection,Normale,Trois véhicules et plus - en chaîne,3,2,2,0,1,1,1,0,1,90,,3,1,0,0,2,33.0,29.0,,,1,1,1,1,4
202100050357,2021-02-24 11:30:00,2021,2,24,11,30,75,75119,AVENUE CORENTIN CARIOU,48.895482225,2.3831266165,Plein jour,En agglomération,Hors intersection,Normale,Deux véhicules - côté,4,2,4,0,1,1,1,0,1,50,,2,1,0,0,1,36.0,45.0,,,1,2,1,1,3
202100050358,2021-02-24 16:45:00,2021,2,24,16,45,75,75118,RUE DE CLIGNANCOURT,48.8890534563,2.348158168,Plein jour,En agglomération,Intersection en X,Normale,Deux véhicules - côté,4,1,1,0,2,1,1,0,1,50,,2,1,0,0,1,29.0,58.0,,,1,2,2,1,3
202100050359,2021-02-24 08:40:00,2021,2,24,8,40,75,75118,RUE JOSEPH DE MAISTRE,48.889673,2.331496,Plein jour,En agglomération,Hors intersection,Normale,Deux véhicules - arrière,4,2,2,0,2,1,1,0,1,50,,2,1,0,0,1,25.0,32.0,,,1,2,1,1,2
202100050360,2021-02-24 17:30:00,2021,2,24,17,30,75,75117,AVENUE DE WAGRAM,48.8821916483,2.3011690378,Crépuscule ou aube,En agglomération,Intersection en Y,Normale,Deux véhicules - côté,4,2,2,0,1,1,1,0,1,50,,2,1,0,0,1,52.0,22.0,,,2,2,4,1,3
202100050361,2021-02-24 14:25:00,2021,2,24,14,25,75,75115,RUE DE VAUGIRARD,48.835495,2.292766,Plein jour,En agglomération,Intersection en T,Normale,Deux véhicules - côté,4,1,4,1,1,1,1,-1,5,50,,2,1,0,0,1,20.0,47.0,,,1,2,3,1,3
202100050362,2021-02-24 13:30:00,2021,2,24,13,30,75,75114,RUE DE LA TOMBE ISSOIRE,48.823953,2.330982,Plein jour,En agglomération,Intersection en X,Normale,Deux véhicules - côté,4,2,2,0,1,1,1,0,1,50,,2,1,0,0,1,26.0,27.0,,,1,2,2,1,3
202100050363,2021-02-23 20:55:00,2021,2,23,20,55,75,75111,BOULEVARD DE MENILMONTANT,48.860972,2.388212,Nuit avec éclairage allumé,En agglomération,Intersection en T,Normale,Deux véhicules - côté,4,1,1,1,1,1,1,-1,5,30,,2,1,0,0,1,30.0,53.0,,,5,2,3,1,3
202100050364,2021-02-24 20:56:00,2021,2,24,20,56,75,75101,AVENUE DE L OPERA,48.866329,2.334165,Nuit avec éclairage allumé,En agglomération,Intersection en T,Normale,Deux véhicules - côté,4,2,2,3,1,1,1,0,1,50,,2,1,0,0,1,62.0,29.0,,,5,2,3,1,3
202100050365,2021-02-22 09:35:00,2021,2,22,9,35,94,94067,DAUMESNIL (AV),48.833722,2.414443,Plein jour,En agglomération,Hors intersection,Normale,Deux véhicules - côté,4,2,2,0,1,1,1,0,1,50,,2,1,0,0,1,58.0,38.0,,,1,2,1,1,3
202100050366,2021-02-24 12:34:00,2021,2,24,12,34,94,94074,JULIEN DURANTON (avenue),48.756156,2.453156,Plein jour,En agglomération,Hors intersection,Normale,Deux véhicules - arrière,3,2,2,0,1,1,1,0,1,50,,2,1,0,0,1,44.0,47.0,,,1,2,1,1,2
202100050367,2021-02-24 14:10:00,2021,2,24,14,10,94,94058,GENERAL DE GAULLE (AV DU),48.839029,2.508632,Plein jour,En agglomération,Intersection en X,Normale,Deux véhicules - côté,3,2,0,0,1,1,1,0,1,50,,2,1,0,0,1,22.0,26.0,,,1,2,2,1,3
202100050368,2021-02-24 16:30:00,2021,2,24,16,30,94,94034,AUGUSTE DAIX (R),48.75301,2.31882,Plein jour,En agglomération,Hors intersection,Temps éblouissant,Autre collision,4,2,0,0,1,1,1,0,4,50,,2,1,0,1,0,40.0,,,,1,2,1,7,6
202100050369,2021-02-23 07:20:00,2021,2,23,7,20,94,94021,Avenue de la Cité,48.75953,2.3629,Plein jour,En agglomération,Giratoire,Normale,Autre collision,4,1,4,0,1,1,1,0,1,30,,2,1,0,0,1,58.0,34.0,,,1,2,6,1,6
202100050370,2021-02-23 16:40:00,2021,2,23,16,40,94,94033,MARECHAL DE LATTRE DE TASSIGNY (AV DU),48.85764,2.4915,Plein jour,En agglomération,Hors intersection,Normale,Deux véhicules - côté,4,1,2,0,1,1,1,0,1,50,,2,1,0,0,1,28.0,20.0,,,1,2,1,1,3
202100050371,2021-02-24 17:20:00,2021,2,24,17,20,94,94022,HUIT MAI 1945 (AV DU),48.76769,2.41037,Plein jour,En agglomération,Hors intersection,Normale,Sans collision,4,1,2,0,1,3,1,0,1,30,,1,0,0,0,1,19.0,,,,1,2,1,1,7
202100050372,2021-02-24 08:20:00,2021,2,24,8,20,94,94017,Avenue Maurice Thorez,48.811095,2.536605,Plein jour,En agglomération,Hors intersection,Normale,Trois véhicules et plus - collisions multiples,3,-1,2,0,1,1,1,0,1,30,,3,2,0,0,1,39.0,36.0,,,1,2,1,1,5
202100050373,2021-02-24 13:40:00,2021,2,24,13,40,94,94071,QUEUE EN BRIE (RTE DE LA),48.7615117618,2.5331864848,Plein jour,En agglomération,Hors intersection,Normale,Deux véhicules - arrière,3,3,2,0,1,1,1,0,1,50,,2,1,0,0,1,57.0,33.0,,,1,2,1,1,2
202100050374,2021-02-24 09:00:00,2021,2,24,9,0,93,93066,CACHIN MARCEL (AVENUE),48.9383911267,2.3705409983,Plein jour,En agglomération,Hors intersection,Temps éblouissant,Autre collision,3,3,4,0,1,1,1,0,1,50,,3,1,0,0,2,57.0,,,,1,2,1,7,6
202100050375,2021-02-23 12:45:00,2021,2,23,12,45,93,93066,FAURE FELIX (BOULEVARD),48.9387467348,2.3578495677,Plein jour,En agglomération,Hors intersection,Normale,Autre collision,4,4,2,0,1,1,1,0,1,15,,2,1,0,0,1,31.0,,,,1,2,1,1,6
202100050376,2021-02-24 07:40:00,2021,2,24,7,40,93,93066,"""GUESDE JULES (BOULEVARD), NR 7 A 53""",48.9379584369,2.3504415887,Crépuscule ou aube,En agglomération,Hors intersection,Normale,Autre collision,4,1,0,0,1,2,1,5,1,50,,2,1,0,0,1,61.0,,,,2,2,1,1,6
202100050377,2021-02-24 19:10:00,2021,2,24,19,10,93,93049,PAUL VAILLANT COUTURIER (RUE),48.8614,2.504,Nuit avec éclairage allumé,En agglomération,Intersection en X,Normale,Deux véhicules - côté,4,1,1,0,2,1,1,0,1,50,,2,1,0,0,1,54.0,48.0,,,5,2,2,1,3
202100050378,2021-02-24 10:05:00,2021,2,24,10,5,93,93049,PASTEUR (RUE),48.858832952,2.5030664624,Plein jour,En agglomération,Giratoire,Normale,Deux véhicules - arrière,4,1,1,0,1,3,1,0,1,50,,2,1,0,0,1,54.0,59.0,,,1,2,6,1,2
202100050379,2021-02-24 17:45:00,2021,2,24,17,45,93,93015,PASTEUR AVENUE,48.9093569018,2.5889325142,Plein jour,En agglomération,Autre intersection,Normale,Deux véhicules - côté,4,2,2,0,1,1,1,0,1,50,,4,3,0,0,1,44.0,44.0,,,1,2,9,1,3
202100050380,2021-02-24 17:15:00,2021,2,24,17,15,93,93031,REPUBLIQUE (AVENUE),48.9515675054,2.3202885389,Plein jour,En agglomération,Hors intersection,Normale,Autre collision,3,2,4,0,1,1,1,0,1,50,,2,1,0,1,0,31.0,,,,1,2,1,1,6
202100050381,2021-02-24 10:20:00,2021,2,24,10,20,93,93057,BRIAND ( AV. ARISTIDE) 238 A 308,48.9111120963,2.5164974127,Plein jour,En agglomération,Intersection en X,Normale,Deux véhicules - côté,3,3,4,0,1,1,1,5,1,50,,2,1,0,0,1,26.0,71.0,,,1,2,2,1,3
202100050382,2021-02-23 12:30:00,2021,2,23,12,30,92,92047,G ET X. SCHLUMBERGER,48.8300622321,2.1746304631,Plein jour,En agglomération,Hors intersection,Normale,Deux véhicules - côté,3,2,2,0,4,3,1,0,1,50,,3,2,0,0,1,91.0,46.0,,,1,2,1,1,3
202100050383,2021-02-24 20:10:00,2021,2,24,20,10,92,92044,ANA. FRANCE(RUE)1A75 ET 2A72,48.8912875625,2.2857838869,Nuit avec éclairage allumé,En agglomération,Intersection en X,Normale,Deux véhicules - côté,3,1,2,0,1,1,1,0,1,50,,2,1,0,0,1,35.0,41.0,,,5,2,2,1,3
202100050384,2021-02-23 16:00:00,2021,2,23,16,0,92,92078,CHEMIN DES RENIERS (AVENUE DU),48.9320712385,2.3226803541,Plein jour,En agglomération,Intersection en X,Normale,Deux véhicules - arrière,4,3,1,0,1,1,1,0,1,50,,2,1,0,0,1,,50.0,,,1,2,2,1,2
202100050385,2021-02-24 18:30:00,2021,2,24,18,30,92,92009,ARGENTEUIL ( AVENUE D' ),48.9195608106,2.2801211039,Crépuscule ou aube,En agglomération,Hors intersection,Normale,Sans collision,3,2,0,0,1,1,1,0,1,50,,3,2,0,0,1,31.0,53.0,,,2,2,1,1,7
202100050386,2021-02-25 14:55:00,2021,2,25,14,55,84,84088,D31,43.985358,5.014213,Plein jour,Hors agglomération,Hors intersection,Normale,Trois véhicules et plus - en chaîne,3,2,2,0,1,1,1,0,1,80,,4,0,1,0,3,28.0,36.0,,,1,1,1,1,4
202100050387,2021-02-24 13:10:00,2021,2,24,13,10,17,17131,D730,45.58877,-0.863253,Plein jour,Hors agglomération,Hors intersection,Temps éblouissant,Deux véhicules - côté,3,2,2,0,1,1,1,5,1,80,,3,1,0,0,2,22.0,30.0,,,1,1,1,7,3
202100050388,2021-02-24 17:18:00,2021,2,24,17,18,51,51204,D22a,49.081916,3.858106,Plein jour,Hors agglomération,Hors intersection,Normale,Sans collision,3,2,2,0,2,4,1,0,1,80,,1,0,0,1,0,27.0,,,,1,1,1,1,7
202100050389,2021-02-25 16:40:00,2021,2,25,16,40,67,67360,RD 424 - PK 43+850,48.186111,7.533789,Plein jour,Hors agglomération,Hors intersection,Normale,Deux véhicules - frontale,3,2,2,2,1,1,1,0,1,80,,2,0,0,1,1,40.0,58.0,,,1,1,1,1,1
202100050390,2021-02-25 01:05:00,2021,2,25,1,5,80,80799,Rue d'Amiens,49.870752,2.516614,Nuit sans éclairage public,En agglomération,Hors intersection,Normale,Autre collision,3,2,2,0,1,1,1,0,3,50,,1,0,0,1,0,19.0,,,,3,2,1,1,6
202100050391,2021-02-24 16:45:00,2021,2,24,16,45,81,81120,400 Route de la Scierie,43.520936,2.30023,Plein jour,Hors agglomération,Hors intersection,Normale,Trois véhicules et plus - en chaîne,2,2,2,0,1,1,1,0,1,80,,3,2,0,1,0,46.0,42.0,,,1,1,1,1,4
202100050392,2021-02-25 17:25:00,2021,2,25,17,25,71,71182,Route d'Autun,46.803978,4.773733,Plein jour,Hors agglomération,Hors intersection,Normale,Trois véhicules et plus - collisions multiples,3,2,2,0,1,1,1,0,1,80,,6,5,0,1,0,39.0,38.0,,,1,1,1,1,5
202100050393,2021-02-22 17:30:00,2021,2,22,17,30,61,61464,D238e,48.609646,0.165224,Plein jour,Hors agglomération,Hors intersection,Normale,Sans collision,3,1,1,0,3,3,2,5,1,50,,1,0,0,1,0,48.0,,,,1,1,1,1,7
202100050394,2021-02-24 14:15:00,2021,2,24,14,15,46,46089,route de vire,44.505573,1.080426,Plein jour,Hors agglomération,Intersection en X,Temps éblouissant,Deux véhicules - côté,3,2,2,0,1,1,1,0,1,70,,2,1,0,0,1,77.0,26.0,,,1,1,2,7,3
202100050395,2021-02-24 14:00:00,2021,2,24,14,0,39,39245,,46.963103,5.448028,Plein jour,Hors agglomération,Intersection en X,Temps éblouissant,Deux véhicules - côté,3,2,2,0,1,1,1,0,1,80,,2,0,0,1,1,32.0,33.0,,,1,1,2,7,3
202100050396,2021-02-10 16:50:00,2021,2,10,16,50,34,34192,73 Avenue de l'Etang du Grec,43.5303129008,3.936798778,Plein jour,En agglomération,Intersection en Y,Normale,Deux véhicules - côté,4,-1,2,0,1,1,1,8,1,50,,2,1,0,1,0,55.0,67.0,,,1,2,4,1,3
202100050397,2021-02-24 15:45:00,2021,2,24,15,45,38,38511,Route Departementale 1090,45.355493,5.953121,Plein jour,Hors agglomération,Intersection en X,Normale,Deux véhicules - arrière,3,3,2,0,1,1,1,5,1,70,,2,0,0,0,2,65.0,53.0,,,1,1,2,1,2
202100050398,2021-02-24 13:45:00,2021,2,24,13,45,72,72344,Rue d'Arnage,47.913538,0.162515,Plein jour,Hors agglomération,Hors intersection,Normale,Deux véhicules - côté,3,2,2,0,1,1,1,5,1,80,,2,1,0,1,0,37.0,51.0,,,1,1,1,1,3
202100050399,2021-02-25 19:40:00,2021,2,25,19,40,14,14572,Saint Lazare,48.870685,-0.520864,Nuit avec éclairage non allumé,En agglomération,Intersection en T,Normale,Autre collision,3,2,2,0,1,1,1,0,1,50,,1,0,0,1,0,20.0,,,,4,2,3,1,6
202100050400,2021-02-25 07:00:00,2021,2,25,7,0,45,45272,404 Rue d'Olivet,47.833473,1.963385,Crépuscule ou aube,En agglomération,Hors intersection,Normale,Sans collision,7,2,2,0,1,3,1,0,1,50,,1,0,0,1,0,22.0,,,,2,2,1,1,7
202100050401,2021-02-24 17:10:00,2021,2,24,17,10,43,43224,Vaubarlet,45.220622,4.207463,Plein jour,Hors agglomération,Autre intersection,Normale,Deux véhicules - frontale,3,2,2,0,4,2,1,0,1,80,,2,1,0,0,1,17.0,68.0,,,1,1,9,1,1
202100050402,2021-02-24 10:37:00,2021,2,24,10,37,40,40313,Route de Saint-sever,43.816585,-0.783548,Plein jour,Hors agglomération,Intersection en X,Normale,Deux véhicules - arrière,3,2,2,0,1,1,1,0,1,80,,2,1,0,1,0,68.0,26.0,,,1,1,2,1,2
202100050403,2021-02-25 12:30:00,2021,2,25,12,30,40,40002,1800 Route de la Chalosse,43.608671,-0.755648,Plein jour,Hors agglomération,Hors intersection,Normale,Autre collision,3,2,2,0,1,2,1,0,3,80,,1,0,0,0,1,33.0,,,,1,1,1,1,6
202100050404,2021-02-24 20:30:00,2021,2,24,20,30,87,87033,RD 711 PK 35+200,45.999794,1.095457,Nuit sans éclairage public,Hors agglomération,Hors intersection,Normale,Sans collision,3,2,2,0,2,2,1,0,3,80,,1,0,0,0,1,21.0,,,,3,1,1,1,7
202100050405,2021-02-16 16:30:00,2021,2,16,16,30,88,88012,Sous les Roches,48.124976,6.528502,Plein jour,En agglomération,Intersection en T,Normale,Deux véhicules - côté,3,2,2,0,2,1,1,0,1,50,,2,1,0,1,0,18.0,75.0,,,1,2,3,1,3
202100050406,2021-02-25 07:01:00,2021,2,25,7,1,973,97307,Famiy Plazza (Galerie marchande),4.890461,-52.333025,Plein jour,En agglomération,Giratoire,Normale,Deux véhicules - côté,2,1,2,0,1,2,1,0,1,-1,,2,1,0,1,0,30.0,52.0,,,1,2,6,1,3
202100050407,2021-02-25 08:40:00,2021,2,25,8,40,69,69244,MARIN (R),45.7604148449,4.7701553842,Plein jour,En agglomération,Intersection en X,Normale,Autre collision,4,1,1,0,1,1,1,0,1,50,,2,1,0,1,0,54.0,,,,1,2,2,1,6
202100050408,2021-02-24 11:25:00,2021,2,24,11,25,33,33199,,44.614591,-1.0743,Plein jour,Hors agglomération,Hors intersection,Normale,Deux véhicules - côté,1,3,2,0,1,1,1,8,1,70,,2,1,0,0,1,23.0,46.0,,,1,1,1,1,3
202100050409,2021-02-21 16:35:00,2021,2,21,16,35,38,38285,Hameau de la Pouthuire,45.03723,5.97491,Plein jour,Hors agglomération,Hors intersection,Normale,Sans collision,3,2,2,0,2,2,1,0,1,80,,1,0,0,0,1,55.0,,,,1,1,1,1,7
202100050410,2021-02-24 15:55:00,2021,2,24,15,55,42,42092,Avenue Albert Raimond,45.482094,4.349948,Plein jour,Hors agglomération,Intersection en X,Normale,Deux véhicules - arrière,7,1,2,0,1,1,1,5,1,50,,2,1,0,0,1,37.0,51.0,,,1,1,2,1,2
202100050411,2021-02-20 11:20:00,2021,2,20,11,20,988,98831,RT 1/VU1 VOH,-20.947813,164.685123,Plein jour,En agglomération,Intersection en X,Normale,Autre collision,2,2,2,0,1,2,1,0,3,50,,1,0,0,1,0,31.0,,,,1,2,2,1,6
202100050412,2021-02-24 06:51:00,2021,2,24,6,51,971,97117,Rue Gaston Monnerville,16.334189,-61.349614,Plein jour,En agglomération,Giratoire,Normale,Autre collision,2,1,1,0,1,1,1,0,1,50,,2,1,0,0,1,29.0,,,,1,2,6,1,6
202100050413,2021-02-25 12:55:00,2021,2,25,12,55,971,97107,Rue de Carangaise,16.0798508222,-61.5748776101,Plein jour,En agglomération,Hors intersection,Normale,Autre collision,4,2,2,0,2,1,1,0,3,50,,2,1,1,0,0,16.0,,,,1,2,1,1,6
202100050414,2021-02-25 17:00:00,2021,2,25,17,0,71,71342,voie verte écluse numéro 23,46.444267,4.124873,Plein jour,En agglomération,Hors intersection,Normale,Deux véhicules - côté,9,2,2,1,1,1,1,0,5,-1,,2,1,0,1,0,44.0,64.0,,,1,2,1,1,3
202100050415,2021-02-25 14:30:00,2021,2,25,14,30,52,52366,D3 PK 9+120,47.91714,5.189506,Plein jour,Hors agglomération,Intersection en T,Normale,Deux véhicules - frontale,3,2,2,0,2,1,1,0,1,90,,3,2,1,0,0,65.0,87.0,,,1,1,3,1,1
202100050416,2021-02-24 16:30:00,2021,2,24,16,30,88,88196,Faubourg de Ramberchamp,48.065211,6.856552,Plein jour,En agglomération,Intersection en Y,Normale,Deux véhicules - frontale,3,2,2,0,1,2,1,0,1,50,,2,1,0,1,0,18.0,43.0,,,1,2,4,1,1
202100050417,2021-02-25 17:55:00,2021,2,25,17,55,54,54090,rue Raymond Poincaré,48.76053,6.15143,Crépuscule ou aube,Hors agglomération,Hors intersection,Normale,Deux véhicules - frontale,3,2,2,0,1,3,1,0,1,80,,2,1,0,0,1,36.0,50.0,,,2,1,1,1,1
202100050418,2021-02-20 14:00:00,2021,2,20,14,0,38,38557,rue des marais,45.783043,5.079739,Plein jour,Hors agglomération,Hors intersection,Normale,Sans collision,3,2,2,0,1,1,1,0,1,70,,1,0,0,1,0,24.0,,,,1,1,1,1,7
202100050419,2021-02-25 18:15:00,2021,2,25,18,15,38,38317,N85,45.117089,5.698444,Crépuscule ou aube,Hors agglomération,Hors intersection,Normale,Deux véhicules - frontale,2,2,2,0,1,1,1,0,1,80,,2,0,0,2,0,38.0,59.0,,,2,1,1,1,1
202100050420,2021-02-24 07:00:00,2021,2,24,7,0,27,27099,D316,49.065487,1.193004,Plein jour,Hors agglomération,Hors intersection,Normale,Deux véhicules - côté,3,2,2,0,2,4,1,0,1,-1,,2,1,0,0,1,,18.0,,,1,1,1,1,3
202100050421,2021-02-23 20:41:00,2021,2,23,20,41,13,13026,A55-Sens Marseille vers Martigues,43.400302,5.099628,Nuit sans éclairage public,Hors agglomération,Hors intersection,Normale,Trois véhicules et plus - collisions multiples,1,1,2,0,1,1,1,0,1,110,,3,2,0,0,1,46.0,24.0,,,3,1,1,1,5
202100050422,2021-02-21 08:20:00,2021,2,21,8,20,69,69266,RD383,45.76005,4.90958,Plein jour,Hors agglomération,Hors intersection,Normale,Trois véhicules et plus - en chaîne,7,3,3,0,1,1,1,0,1,70,,3,2,0,0,1,34.0,40.0,,,1,1,1,1,4
202100050423,2021-02-16 11:30:00,2021,2,16,11,30,69,69256,A42,45.8041391177,4.9261402804,Plein jour,Hors agglomération,Hors intersection,Normale,Autre collision,1,1,2,0,1,3,1,0,1,70,,1,0,0,0,1,27.0,,,,1,1,1,1,6
202100050424,2021-02-24 20:20:00,2021,2,24,20,20,95,95241,RN 104,49.04611,2.4524,Nuit sans éclairage public,Hors agglomération,Hors intersection,Normale,Autre collision,2,3,4,0,1,1,1,0,1,110,,1,0,0,0,1,51.0,,,,3,1,1,1,6
202100050425,2021-02-24 17:00:00,2021,2,24,17,0,93,93010,AUTOROUTE A3,48.9165,2.47816,Plein jour,Hors agglomération,Hors intersection,Normale,Trois véhicules et plus - en chaîne,1,3,8,0,1,1,1,0,1,110,,4,3,0,0,1,25.0,59.0,,,1,1,1,1,4
202100050426,2021-02-23 16:05:00,2021,2,23,16,5,30,30351,JACOB,43.9768,4.7944,Plein jour,En agglomération,Intersection en X,Normale,Autre collision,4,1,2,0,1,1,1,0,1,50,,4,2,0,0,2,62.0,,,,1,2,2,1,6
202100050427,2021-02-23 12:09:00,2021,2,23,12,9,974,97411,LANCASTEL (BOULEVARD),-20.88595,55.48135,Plein jour,En agglomération,Hors intersection,Normale,Deux véhicules - côté,2,1,3,0,1,1,1,0,1,70,,2,1,0,0,1,66.0,54.0,,,1,2,1,1,3
202100050428,2021-02-22 08:55:00,2021,2,22,8,55,974,97409,DE LA REPUBLIQUE(AVENUE),-20.9618103099,55.6527829171,Plein jour,En agglomération,Intersection en X,Pluie légère,Deux véhicules - côté,4,2,0,3,1,1,2,0,1,50,,3,0,0,0,3,20.0,40.0,,,1,2,2,2,3
202100050429,2021-02-23 15:15:00,2021,2,23,15,15,973,97302,MONTABO (ROUTE DE) 1,4.94445,-52.31014,Plein jour,En agglomération,Hors intersection,Pluie légère,Sans collision,3,2,2,0,1,2,2,0,1,50,,2,1,0,0,1,41.0,,,,1,2,1,2,7
202100050430,2021-02-22 11:25:00,2021,2,22,11,25,973,97302,MADELEINE (ROUTE DE LA),4.92717,-52.32478,Plein jour,En agglomération,Hors intersection,Normale,Deux véhicules - côté,3,2,2,0,1,1,1,0,1,50,,2,1,0,0,1,26.0,34.0,,,1,2,1,1,3