accident_id,datetime,annee,mois,jour,heure,minute,departement,commune_insee,adresse,latitude,longitude,luminosite,agglomeration,intersection,meteo,collision,catr,circ,nbv,vosp,prof,plan,surf,infra,situ,vma,nb_vehicules,nb_usagers,nb_indemnes,nb_tues,nb_blesses_hosp,nb_blesses_legers,age_cond_1,age_cond_2,veh_type_cond_1,veh_type_cond_2,lum_code,agg_code,int_code,atm_code,col_code
202100050431,2021-02-23 19:50:00,2021,2,23,19,50,69,69259,OSCHATZ (D')                        (AV),45.6957618897,4.8812180109,Nuit avec éclairage allumé,En agglomération,Autre intersection,Normale,Deux véhicules - côté,4,3,1,1,2,1,1,0,5,50,,2,1,0,0,1,48.0,37.0,,,5,2,9,1,3
202100050432,2021-02-23 16:20:00,2021,2,23,16,20,69,69259,CORBAS (DE) (RTE),45.68612705,4.89223854,Plein jour,En agglomération,Giratoire,Temps éblouissant,Deux véhicules - arrière,7,2,1,0,3,2,1,9,1,30,,3,2,0,0,1,28.0,43.0,,,1,2,6,7,2
202100050433,2021-02-23 08:09:00,2021,2,23,8,9,69,69388,PAUL CAZENEUVE (R),45.7346799506,4.8632630141,Plein jour,En agglomération,Intersection en X,Normale,Deux véhicules - arrière,4,2,5,1,1,1,1,0,1,50,,2,1,0,0,1,60.0,35.0,,,1,2,2,1,2
202100050434,2021-02-22 16:30:00,2021,2,22,16,30,972,97209,BISHOP (Avenue Maurice),14.61212,-61.05335,Plein jour,En agglomération,Hors intersection,Normale,Deux véhicules - arrière,2,1,2,0,1,1,1,0,1,30,,2,1,0,1,0,36.0,39.0,,,1,2,1,1,2
202100050435,2021-02-21 00:45:00,2021,2,21,0,45,972,97209,RD 41 (ROCADE),14.61401,-61.0528,Nuit sans éclairage public,Hors agglomération,Hors intersection,Pluie légère,Autre collision,3,3,4,0,2,3,2,2,1,60,,1,0,0,0,1,32.0,,,,3,1,1,2,6
202100050436,2021-02-20 23:15:00,2021,2,20,23,15,972,97209,GODISSARD (BOULEVARD),14.62851,-61.07205,Nuit avec éclairage allumé,En agglomération,Autre intersection,Pluie légère,Deux véhicules - frontale,4,2,2,0,2,3,2,0,1,50,,2,0,0,0,2,30.0,64.0,,,5,2,9,2,1
202100050437,2021-02-22 01:50:00,2021,2,22,1,50,971,97105,SIDAMBAROM(AVENUE),15.9992854654,-61.7258906364,Nuit avec éclairage allumé,En agglomération,Hors intersection,Normale,Sans collision,2,2,3,0,2,1,1,0,4,70,,1,0,0,0,1,58.0,,,,5,2,1,1,7
202100050438,2021-02-23 15:50:00,2021,2,23,15,50,2A,2A004,Avenue Napoleon III,41.9258666088,8.7344022295,Plein jour,En agglomération,Intersection en Y,Normale,Deux véhicules - côté,4,-1,2,0,3,1,1,0,1,50,,2,1,0,0,1,60.0,32.0,,,1,2,4,1,3
202100050439,2021-02-19 16:30:00,2021,2,19,16,30,95,95424,FRANCES(AVENUE DES),48.9956963477,2.2017139849,Plein jour,En agglomération,Hors intersection,Normale,Autre collision,3,3,2,1,1,1,1,0,1,50,,2,1,0,1,0,40.0,,,,1,2,1,1,6
202100050440,2021-02-23 21:10:00,2021,2,23,21,10,91,91201,AV DU GENERAL DE GAULLE,48.68695,2.40061,Nuit avec éclairage allumé,En agglomération,Hors intersection,Normale,Sans collision,3,2,0,0,4,1,1,0,1,50,,1,0,0,0,1,37.0,,,,5,2,1,1,7
202100050441,2021-02-23 04:40:00,2021,2,23,4,40,91,91223,R.D.20,48.43814,2.17159,Nuit avec éclairage allumé,Hors agglomération,Hors intersection,Normale,Autre collision,3,3,4,0,1,1,1,0,1,90,,1,0,0,0,1,26.0,,,,5,1,1,1,6
202100050442,2021-02-21 11:45:00,2021,2,21,11,45,86,86194,Boulevard Tison,46.575352,0.338395,Plein jour,En agglomération,Hors intersection,Normale,Autre collision,4,2,2,0,2,1,1,0,1,50,,2,1,0,1,0,83.0,,,,1,2,1,1,6
202100050443,2021-02-17 17:10:00,2021,2,17,17,10,84,84007,SEGHERS (rue Pierre),43.92895,4.83879,Plein jour,En agglomération,Hors intersection,Normale,Deux véhicules - frontale,6,2,2,0,1,1,1,9,1,30,,2,1,0,1,0,,,,,1,2,1,1,1
202100050444,2021-02-23 18:00:00,2021,2,23,18,0,79,79191,Boulevard de l'Europe,46.335697,-0.45165,Plein jour,En agglomération,Intersection en X,Normale,Deux véhicules - arrière,3,2,4,0,1,3,1,3,1,70,,2,1,0,1,0,16.0,42.0,,,1,2,2,1,2
202100050445,2021-02-23 19:30:00,2021,2,23,19,30,78,78481,PROFESSEUR ROUX (DU),48.886126,2.093471,Nuit avec éclairage allumé,En agglomération,Intersection en T,Normale,Deux véhicules - côté,4,2,0,0,2,1,1,0,1,50,,2,1,0,0,1,27.0,61.0,,,5,2,3,1,3
202100050446,2021-02-21 17:20:00,2021,2,21,17,20,77,77389,D606,48.507016,2.658477,Plein jour,Hors agglomération,Hors intersection,Normale,Autre collision,3,2,2,0,1,1,1,0,1,90,,5,3,0,1,1,67.0,29.0,,,1,1,1,1,6
202100050447,2021-02-23 10:58:00,2021,2,23,10,58,74,74012,RESISTANCE (RUE DE LA),46.198532,6.252133,Plein jour,En agglomération,Intersection en X,Normale,Autre collision,3,2,3,0,2,1,1,0,1,50,,2,1,0,0,1,70.0,,,,1,2,2,1,6
202100050448,2021-02-23 10:05:00,2021,2,23,10,5,72,72181,GAMBETTA (RUE) N° IMP 63 A 147,48.00678,0.19025,Plein jour,En agglomération,Hors intersection,Normale,Autre collision,4,2,2,3,1,1,1,4,6,50,,1,0,0,1,0,70.0,,,,1,2,1,1,6
202100050449,2021-02-23 15:10:00,2021,2,23,15,10,69,69264,BRAUN THEODORE (AV),45.980881154,4.7404709233,Plein jour,En agglomération,Hors intersection,Normale,Deux véhicules - côté,3,2,2,3,1,1,1,0,4,50,,2,1,0,1,0,37.0,39.0,,,1,2,1,1,3
202100050450,2021-02-22 11:50:00,2021,2,22,11,50,66,66136,CLEMENCEAU (BOULEVARD),42.6998,2.88912,Plein jour,En agglomération,Hors intersection,Pluie légère,Autre collision,4,2,3,0,1,1,2,0,1,50,,2,1,0,0,1,35.0,,,,1,2,1,2,6
202100050451,2021-02-23 10:35:00,2021,2,23,10,35,65,65331,LOURDES (AVENUE DE),43.2162,0.05476,Plein jour,En agglomération,Autre intersection,Normale,Trois véhicules et plus - en chaîne,3,2,3,0,1,1,1,0,1,50,,3,2,0,0,1,25.0,31.0,,,1,2,9,1,4
202100050452,2021-02-23 09:15:00,2021,2,23,9,15,65,65417,FERRY (RUE JULES),43.227127,0.104313,Plein jour,En agglomération,Hors intersection,Normale,Sans collision,4,-1,2,0,1,1,1,0,1,50,,1,0,0,0,1,55.0,,,,1,2,1,1,7
202100050453,2021-02-19 17:35:00,2021,2,19,17,35,65,65226,OURS (CHEMIN DE L'),43.238635,0.009841,Plein jour,Hors agglomération,Giratoire,Normale,Deux véhicules - côté,4,1,1,0,1,3,1,0,1,50,,2,1,0,0,1,18.0,50.0,,,1,1,6,1,3
202100050454,2021-02-23 08:00:00,2021,2,23,8,0,64,64483,ITHURRALDE ANDRE (AVENUE),43.3950357305,-1.6484105587,Plein jour,En agglomération,Intersection en T,Temps éblouissant,Deux véhicules - côté,3,2,2,0,1,1,1,0,1,50,,2,1,0,1,0,19.0,57.0,,,1,2,3,7,3
202100050455,2021-02-22 17:42:00,2021,2,22,17,42,56,56121,ROND-POINT DE LA CITE JEAN LE MAUX,47.75715,-3.38772,Plein jour,En agglomération,Giratoire,Normale,Deux véhicules - côté,4,1,2,0,1,1,1,5,5,30,,2,1,0,0,1,30.0,48.0,,,1,2,6,1,3
202100050456,2021-02-23 16:40:00,2021,2,23,16,40,54,54184,SAULXURES (AVENUE DE),48.7071348415,6.2448315607,Plein jour,En agglomération,Hors intersection,Normale,Trois véhicules et plus - en chaîne,7,2,2,0,2,1,1,0,1,50,,3,2,0,0,1,38.0,36.0,,,1,2,1,1,4
202100050457,2021-02-22 16:38:00,2021,2,22,16,38,51,51454,Boulevard Henry Vasnier,49.2478174668,4.0441409569,Plein jour,En agglomération,Intersection en Y,Normale,Deux véhicules - côté,3,2,2,1,1,1,1,0,1,50,,5,3,0,0,2,48.0,23.0,,,1,2,4,1,3
202100050458,2021-02-23 11:15:00,2021,2,23,11,15,50,50502,PLANCHE DU BOIS (lieu dit Le),49.1217,-1.0611,Plein jour,En agglomération,Hors intersection,Temps éblouissant,Deux véhicules - côté,3,2,2,0,4,2,1,0,1,50,,2,0,0,0,2,85.0,35.0,,,1,2,1,7,3
202100050459,2021-02-19 13:00:00,2021,2,19,13,0,49,49328,GAUTHIER (QUAI LUCIEN),47.25952,-0.07314,Plein jour,En agglomération,Hors intersection,Normale,Trois véhicules et plus - en chaîne,4,2,2,0,1,1,1,0,1,50,,4,3,0,0,1,38.0,51.0,,,1,2,1,1,4
202100050460,2021-02-22 08:05:00,2021,2,22,8,5,45,45235,Rue des Varennes,47.94355,1.83416,Plein jour,Hors agglomération,Giratoire,Normale,Deux véhicules - côté,4,2,2,0,1,1,1,0,1,50,,2,1,0,1,0,39.0,58.0,,,1,1,6,1,3
202100050461,2021-02-23 22:45:00,2021,2,23,22,45,44,44109,PLACE AIME DELRUE,47.2088217233,-1.5499134064,Nuit avec éclairage allumé,En agglomération,Intersection en X,Normale,Deux véhicules - côté,4,2,4,3,1,1,1,5,1,30,,2,0,0,0,2,31.0,24.0,,,5,2,2,1,3
202100050462,2021-02-23 18:00:00,2021,2,23,18,0,37,37214,ROUX (RUE DU DOCTEUR EMILE),47.4125266069,0.674518168,Plein jour,En agglomération,Hors intersection,Normale,Deux véhicules - frontale,4,2,1,0,1,2,1,0,1,50,,3,2,0,0,1,33.0,23.0,,,1,2,1,1,1
202100050463,2021-02-23 13:50:00,2021,2,23,13,50,35,35238,MONTS D'ARREE (AVENUE DES),48.13517,-1.65949,Plein jour,En agglomération,Intersection en X,Normale,Trois véhicules et plus - collisions multiples,4,3,4,1,2,1,1,0,1,50,,3,2,0,0,1,76.0,22.0,,,1,2,2,1,5
202100050464,2021-02-23 18:15:00,2021,2,23,18,15,33,33063,Cours Aristide Briand,44.83207,-0.57812,Crépuscule ou aube,En agglomération,Hors intersection,Normale,Deux véhicules - côté,4,2,3,3,1,1,1,0,1,50,,2,1,0,0,1,27.0,59.0,,,2,2,1,1,3
202100050465,2021-02-23 13:15:00,2021,2,23,13,15,33,33529,Rue de l’Oustalet,44.6242036049,-1.1514460921,Plein jour,En agglomération,Intersection en T,Normale,Deux véhicules - frontale,4,2,2,1,1,1,1,5,1,30,,2,1,0,0,1,46.0,22.0,,,1,2,3,1,1
202100050466,2021-02-23 08:35:00,2021,2,23,8,35,33,33009,Boulevard Mestrezat,44.65361,-1.14675,Plein jour,En agglomération,Giratoire,Temps éblouissant,Deux véhicules - côté,3,2,3,1,1,2,1,-1,1,50,,2,1,0,1,0,67.0,85.0,,,1,2,6,7,3
202100050467,2021-02-23 13:35:00,2021,2,23,13,35,32,32013,CORPS FRANC POMMIES (AVENUE DU),43.6306200862,0.5808173354,Plein jour,En agglomération,Hors intersection,Normale,Autre collision,2,2,4,0,1,1,1,0,1,50,,3,2,0,0,1,67.0,,,,1,2,1,1,6
202100050468,2021-02-23 14:30:00,2021,2,23,14,30,31,31483,COMMINGES (BOULEVARD),43.11255,0.71407,Plein jour,En agglomération,Hors intersection,Normale,Autre collision,3,2,2,0,1,1,1,6,1,50,,3,1,0,1,1,70.0,,,,1,2,1,1,6
202100050469,2021-02-23 11:37:00,2021,2,23,11,37,29,29232,Rue Nominoe,47.9795,-4.07482,Plein jour,En agglomération,Hors intersection,Normale,Deux véhicules - arrière,4,1,1,0,1,2,1,0,1,50,,2,1,0,0,1,66.0,53.0,,,1,2,1,1,2
202100050470,2021-02-23 10:30:00,2021,2,23,10,30,26,26362,270 Avenue Victor Hugo,44.91756,4.88523,Plein jour,En agglomération,Autre intersection,Normale,Deux véhicules - frontale,9,2,2,1,1,1,1,0,5,50,,2,1,0,1,0,33.0,48.0,,,1,2,9,1,1
202100050471,2021-02-23 16:17:00,2021,2,23,16,17,25,25056,EPITAPHE CHEMIN DE L',47.248706,5.996548,Plein jour,En agglomération,Hors intersection,Normale,Trois véhicules et plus - collisions multiples,4,2,2,0,1,1,1,0,1,50,,3,0,0,0,3,31.0,37.0,,,1,2,1,1,5
202100050472,2021-02-22 22:05:00,2021,2,22,22,5,21,21231,120 Avenue Jean Jaurès,47.30495,5.023072,Nuit avec éclairage allumé,En agglomération,Intersection en X,Pluie légère,Deux véhicules - côté,4,2,2,0,1,1,2,0,1,50,,2,1,0,1,0,,45.0,,,5,2,2,2,3
202100050473,2021-02-23 17:10:00,2021,2,23,17,10,17,17380,SOURCE (AVENUE DE LA),45.65129,-1.07139,Plein jour,En agglomération,Hors intersection,Normale,Deux véhicules - côté,4,2,2,0,1,1,1,0,1,50,,2,1,0,0,1,15.0,46.0,,,1,2,1,1,3
202100050474,2021-02-19 18:30:00,2021,2,19,18,30,13,13204,FRANCOISE DUPARC (BOULEVARD),43.3073755102,5.4014725577,Crépuscule ou aube,En agglomération,Hors intersection,Normale,Autre collision,4,2,4,0,1,1,1,2,1,50,,2,1,0,0,1,32.0,,,,2,2,1,1,6
202100050475,2021-02-23 13:27:00,2021,2,23,13,27,09,09122,LECLERC (AVENUE DU GENERAL),42.9875103882,1.6157118996,Plein jour,Hors agglomération,Autre intersection,Normale,Deux véhicules - côté,3,2,2,0,1,1,1,9,1,70,,2,0,0,0,2,58.0,21.0,,,1,1,9,1,3
202100050476,2021-02-23 16:35:00,2021,2,23,16,35,06,06088,ANGLAIS (DU N° 1 AU N° 43),43.694878,7.265271,Plein jour,En agglomération,Hors intersection,Normale,Autre collision,7,3,3,0,1,1,1,6,1,50,,2,1,0,1,0,46.0,,,,1,2,1,1,6
202100050477,2021-02-22 09:05:00,2021,2,22,9,5,06,06027,MIMOSAS AVENUE DES,43.65911,7.17674,Plein jour,En agglomération,Hors intersection,Normale,Deux véhicules - côté,4,2,2,0,1,1,1,0,1,30,,2,1,0,0,1,77.0,53.0,,,1,2,1,1,3
202100050478,2021-02-21 11:00:00,2021,2,21,11,0,05,05061,GUILLAUME FAREL ( AVENUE ),44.55788,6.07127,Plein jour,En agglomération,Hors intersection,Normale,Sans collision,3,2,2,0,2,2,1,0,3,50,,1,0,0,1,0,87.0,,,,1,2,1,1,7
202100050479,2021-02-23 14:50:00,2021,2,23,14,50,75,75116,PLACE D IENA,48.864871,2.294118,Plein jour,En agglomération,Place,Normale,Deux véhicules - côté,4,2,4,0,1,1,1,0,1,50,,8,5,0,0,3,67.0,32.0,,,1,2,7,1,3
202100050480,2021-02-23 16:55:00,2021,2,23,16,55,75,75115,RUE LECOURBE,48.835411,2.281064,Plein jour,En agglomération,Intersection en X,Normale,Sans collision,4,2,2,0,1,1,1,0,1,50,,1,0,0,0,1,35.0,,,,1,2,2,1,7
202100050481,2021-02-23 14:10:00,2021,2,23,14,10,75,75114,RUE D ALESIA,48.831051,2.31751,Plein jour,En agglomération,Intersection en Y,Normale,Deux véhicules - côté,4,2,2,1,1,1,1,-1,6,50,,2,1,0,0,1,57.0,72.0,,,1,2,4,1,3
202100050482,2021-02-22 12:40:00,2021,2,22,12,40,75,75114,RUE RAYMOND LOSSERAND,48.835107,2.320308,Plein jour,En agglomération,Intersection en X,Normale,Deux véhicules - côté,4,1,1,0,1,1,1,0,1,50,,2,1,0,0,1,30.0,31.0,,,1,2,2,1,3
202100050483,2021-02-23 17:35:00,2021,2,23,17,35,75,75112,QUAI DE LA RAPEE,48.845851,2.367637,Crépuscule ou aube,En agglomération,Intersection en X,Normale,Autre collision,4,-1,2,1,1,1,1,-1,5,50,,2,1,0,0,1,40.0,,,,2,2,2,1,6
202100050484,2021-02-23 12:05:00,2021,2,23,12,5,75,75112,RUE DE REUILLY,48.846579,2.387457,Plein jour,En agglomération,Intersection en T,Normale,Deux véhicules - côté,4,2,2,0,1,1,1,0,1,50,,2,1,0,0,1,64.0,17.0,,,1,2,3,1,3
202100050485,2021-02-23 08:50:00,2021,2,23,8,50,75,75112,BOULEVARD DE LA BASTILLE,48.846435,2.366876,Plein jour,En agglomération,Intersection en Y,Normale,Deux véhicules - côté,4,1,2,0,1,1,1,0,1,50,,2,1,0,0,1,55.0,35.0,,,1,2,4,1,3
202100050486,2021-02-22 12:20:00,2021,2,22,12,20,75,75107,BOULEVARD DES INVALIDES,48.849492,2.315297,Plein jour,En agglomération,Intersection en X,Normale,Deux véhicules - arrière,4,2,4,3,1,1,1,0,1,50,,2,1,0,0,1,42.0,76.0,,,1,2,2,1,2
202100050487,2021-02-23 09:30:00,2021,2,23,9,30,75,75109,RUE DE CHATEAUDUN,48.876299,2.333674,Plein jour,En agglomération,Hors intersection,Normale,Deux véhicules - côté,4,2,2,3,1,1,1,0,1,50,,2,1,0,0,1,23.0,61.0,,,1,2,1,1,3
202100050488,2021-02-23 16:03:00,2021,2,23,16,3,94,94078,CARNOT (AV),48.733014,2.447596,Plein jour,En agglomération,Hors intersection,Normale,Autre collision,4,2,2,0,1,1,1,0,1,50,,2,1,0,0,1,28.0,,,,1,2,1,1,6
202100050489,2021-02-23 11:25:00,2021,2,23,11,25,94,94078,HECTOR BERLIOZ (PL),48.7461389333,2.4468871272,Plein jour,En agglomération,Autre intersection,Normale,Autre collision,4,2,2,0,1,3,1,0,1,50,,2,1,0,0,1,31.0,,,,1,2,9,1,6
202100050490,2021-02-23 14:00:00,2021,2,23,14,0,94,94037,REPUBLIQUE (AV DE LA),48.81556,2.35111,Plein jour,En agglomération,Intersection en T,Normale,Autre collision,3,2,2,0,1,1,1,0,8,50,,2,1,0,0,1,30.0,,,,1,2,3,1,6
202100050491,2021-02-23 12:00:00,2021,2,23,12,0,94,94073,Avenue de Versailles,48.75842,2.39284,Plein jour,En agglomération,Intersection en X,Normale,Deux véhicules - côté,3,2,4,0,1,1,1,0,1,50,,3,2,0,0,1,36.0,25.0,,,1,2,2,1,3
202100050492,2021-02-22 22:40:00,2021,2,22,22,40,94,94077,VERDUN (COUR DE),48.73223,2.40884,Nuit avec éclairage allumé,En agglomération,Intersection en X,Normale,Deux véhicules - côté,3,2,2,0,2,1,1,0,1,50,,4,0,0,3,1,46.0,20.0,,,5,2,2,1,3
202100050493,2021-02-23 18:50:00,2021,2,23,18,50,94,94004,GENERAL LECLERC (AV),48.7475,2.51015,Nuit avec éclairage allumé,En agglomération,Hors intersection,Normale,Deux véhicules - arrière,2,2,2,0,2,1,1,0,1,50,,3,2,0,0,1,45.0,53.0,,,5,2,1,1,2
202100050494,2021-02-23 17:10:00,2021,2,23,17,10,93,93014,VICTOR HUGO (ALLEE),48.9074433949,2.5443007194,Plein jour,En agglomération,Hors intersection,Normale,Autre collision,4,2,1,0,1,1,1,0,1,30,,2,1,0,1,0,22.0,,,,1,2,1,1,6
202100050495,2021-02-21 19:55:00,2021,2,21,19,55,93,93014,MONTFERMEIL (ALLEE DE),48.8975097184,2.5331782293,Nuit avec éclairage allumé,En agglomération,Hors intersection,Normale,Deux véhicules - frontale,3,2,2,0,1,1,1,0,1,50,,2,1,0,0,1,,38.0,,,5,2,1,1,1
202100050496,2021-02-23 14:30:00,2021,2,23,14,30,93,93010,THERESE (AL.),48.9032948221,2.4987245934,Plein jour,En agglomération,Hors intersection,Normale,Autre collision,4,2,2,0,1,3,1,0,1,30,,2,1,0,0,1,55.0,,,,1,2,1,1,6
202100050497,2021-02-23 06:45:00,2021,2,23,6,45,92,92062,DE DION BOUTON (QUAI) DU 29 AU 65,48.8818673788,2.2467014194,Nuit avec éclairage allumé,En agglomération,Intersection en T,Normale,Deux véhicules - côté,3,2,6,1,1,1,1,9,5,50,,2,1,0,0,1,61.0,28.0,,,5,2,3,1,3
202100050498,2021-02-23 06:20:00,2021,2,23,6,20,92,92036,CHAMPS FOURGONS (RUE DES) (2),48.941774044,2.2952174333,Nuit avec éclairage allumé,En agglomération,Giratoire,Normale,Deux véhicules - arrière,4,2,2,0,1,3,1,5,1,50,,2,1,0,0,1,43.0,63.0,,,5,2,6,1,2
202100050499,2021-02-22 17:00:00,2021,2,22,17,0,92,92025,SQUARE VICTOR BACH,48.9132562573,2.2282853723,Plein jour,En agglomération,Hors intersection,Normale,Autre collision,5,-1,0,0,1,1,1,6,4,1,,2,1,0,0,1,,,,,1,2,1,1,6
202100050500,2021-02-21 14:00:00,2021,2,21,14,0,92,92024,GABRIEL PERI (RUE),48.9066172993,2.30208233,Plein jour,En agglomération,Hors intersection,Normale,Deux véhicules - côté,4,1,1,0,1,3,1,0,1,30,,2,1,0,0,1,22.0,29.0,,,1,2,1,1,3
202100050501,2021-02-23 22:15:00,2021,2,23,22,15,92,92023,VICTOR HUGO (AVENUE),48.803723098,2.2668810189,Nuit avec éclairage allumé,En agglomération,Giratoire,Normale,Sans collision,4,1,1,0,1,1,1,0,4,30,,1,0,0,0,1,26.0,,,,5,2,6,1,7
202100050502,2021-02-23 13:15:00,2021,2,23,13,15,92,92019,SALENGRO ROGER (RUE),48.7722763902,2.2752709687,Plein jour,En agglomération,Hors intersection,Normale,Autre collision,3,1,2,1,1,1,1,0,1,50,,2,1,0,0,1,20.0,,,,1,2,1,1,6
202100050503,2021-02-17 14:30:00,2021,2,17,14,30,35,35167,Le Bas Boulay,47.8716,-1.340636,Plein jour,Hors agglomération,Hors intersection,Normale,Deux véhicules - frontale,4,2,2,0,1,1,1,0,1,80,,3,0,0,2,1,31.0,25.0,,,1,1,1,1,1
202100050504,2021-02-24 04:45:00,2021,2,24,4,45,28,28334,D31,48.090507,1.239781,Nuit avec éclairage allumé,Hors agglomération,Hors intersection,Normale,Autre collision,3,2,2,0,1,3,1,0,3,70,,1,0,0,1,0,20.0,,,,5,1,1,1,6
202100050505,2021-02-23 10:15:00,2021,2,23,10,15,28,28088,D955,48.086551,1.309841,Plein jour,Hors agglomération,Autre intersection,Normale,Deux véhicules - arrière,3,2,2,0,3,1,1,0,1,90,,4,3,0,0,1,33.0,19.0,,,1,1,9,1,2
202100050506,2021-02-23 23:35:00,2021,2,23,23,35,52,52365,A5,48.058779,4.953461,Nuit sans éclairage public,Hors agglomération,Hors intersection,Normale,Deux véhicules - arrière,1,3,4,0,1,1,1,0,1,130,,3,1,0,0,2,41.0,65.0,,,3,1,1,1,2
202100050507,2021-02-23 15:39:00,2021,2,23,15,39,87,87203,autoroute A 20 PK 205+100,45.674343,1.379192,Plein jour,Hors agglomération,Hors intersection,Normale,Autre collision,1,1,4,0,1,1,1,0,8,90,,1,0,0,0,1,34.0,,,,1,1,1,1,6
202100050508,2021-02-23 21:30:00,2021,2,23,21,30,38,38115,D110,44.984729,5.647509,Nuit sans éclairage public,Hors agglomération,Hors intersection,Normale,Deux véhicules - côté,3,2,2,0,2,1,1,0,1,80,,2,1,0,0,1,25.0,34.0,,,3,1,1,1,3
202100050509,2021-02-24 10:35:00,2021,2,24,10,35,74,74299,D909,45.881104,6.179024,Plein jour,En agglomération,Intersection en T,Normale,Autre collision,3,2,2,0,2,1,1,5,1,50,,2,1,0,0,1,43.0,,,,1,2,3,1,6
202100050510,2021-02-23 13:54:00,2021,2,23,13,54,82,82025,Route de Montech,43.957835,1.286656,Plein jour,Hors agglomération,Intersection en X,Normale,Deux véhicules - côté,4,2,2,0,1,1,1,0,1,80,,3,0,0,1,2,74.0,23.0,,,1,1,2,1,3
202100050511,2021-02-24 10:40:00,2021,2,24,10,40,61,61007,Lieu Dit le Pont aux Malades,48.809064,-0.422426,Plein jour,Hors agglomération,Hors intersection,Normale,Sans collision,3,2,2,0,2,2,1,0,3,80,,1,0,0,1,0,57.0,,,,1,1,1,1,7
202100050512,2021-02-23 15:25:00,2021,2,23,15,25,49,49222,D160,47.349538,-0.576074,Plein jour,Hors agglomération,Intersection en T,Normale,Deux véhicules - frontale,3,2,2,0,2,1,1,0,1,90,,2,0,0,1,1,19.0,29.0,,,1,1,3,1,1
202100050513,2021-02-23 13:50:00,2021,2,23,13,50,68,68073,11 Rue des Prés (Pont),47.805409,6.935983,Plein jour,En agglomération,Intersection en T,Normale,Deux véhicules - frontale,4,2,2,0,2,1,1,0,1,50,,2,1,0,1,0,12.0,67.0,,,1,2,3,1,1
202100050514,2021-02-23 17:45:00,2021,2,23,17,45,22,22347,Rue de Traou Meur,48.7835402258,-3.2043600082,Plein jour,Hors agglomération,Intersection en X,Normale,Deux véhicules - côté,3,2,2,0,2,2,1,5,1,70,,2,1,0,0,1,90.0,39.0,,,1,1,2,1,3
202100050515,2021-02-21 16:30:00,2021,2,21,16,30,25,25611,D143,47.209285,6.052276,Plein jour,Hors agglomération,Hors intersection,Normale,Sans collision,3,2,2,0,4,3,1,0,3,80,,1,0,0,0,1,58.0,,,,1,1,1,1,7
202100050516,2021-02-23 15:10:00,2021,2,23,15,10,44,44211,Rue Saint-Molf,47.3765,-2.459779,Plein jour,Hors agglomération,Intersection en X,Normale,Deux véhicules - côté,3,2,2,0,1,1,1,5,1,80,,2,1,0,1,0,70.0,75.0,,,1,1,2,1,3
202100050517,2021-02-24 08:10:00,2021,2,24,8,10,06,06108,Chemin de la Lévade,43.573112,6.941605,Plein jour,En agglomération,Hors intersection,Normale,Deux véhicules - frontale,4,2,2,0,1,1,1,0,1,-1,,2,1,0,1,0,33.0,31.0,,,1,2,1,1,1
202100050518,2021-02-24 15:15:00,2021,2,24,15,15,14,14103,Route de Saon,49.256132,-0.86927,Plein jour,Hors agglomération,Hors intersection,Normale,Sans collision,3,2,2,0,1,1,1,0,1,80,,1,0,0,1,0,69.0,,,,1,1,1,1,7
202100050519,2021-02-24 16:40:00,2021,2,24,16,40,43,43113,D36,45.007717,3.998122,Plein jour,Hors agglomération,Intersection en Y,Temps éblouissant,Deux véhicules - côté,3,2,2,0,1,1,1,0,1,80,,2,1,1,0,0,35.0,26.0,,,1,1,4,7,3
202100050520,2021-02-24 17:10:00,2021,2,24,17,10,10,10148,"PK 5+800, rd 442",48.462802,3.585641,Plein jour,Hors agglomération,Hors intersection,Normale,Deux véhicules - côté,3,2,2,0,1,3,1,0,1,80,,2,1,0,1,0,38.0,67.0,,,1,1,1,1,3
202100050521,2021-02-24 11:50:00,2021,2,24,11,50,10,10318,18 rue du grand pré,48.412155,3.665603,Plein jour,En agglomération,Hors intersection,Normale,Deux véhicules - côté,4,2,2,0,2,4,1,0,1,50,,2,1,0,1,0,20.0,18.0,,,1,2,1,1,3
202100050522,2021-02-23 11:00:00,2021,2,23,11,0,16,16016,,46.007119,0.640284,Plein jour,Hors agglomération,Intersection en X,Normale,Deux véhicules - côté,3,2,4,3,1,1,1,5,1,90,,3,2,0,0,1,72.0,72.0,,,1,1,2,1,3
202100050523,2021-02-24 07:32:00,2021,2,24,7,32,53,53238,Départementale 31,48.446725,-1.018939,Plein jour,Hors agglomération,Hors intersection,Normale,Deux véhicules - arrière,3,2,2,0,2,1,1,0,1,90,,2,0,0,1,1,34.0,65.0,,,1,1,1,1,2
202100050524,2021-02-24 17:23:00,2021,2,24,17,23,53,53109,D160,48.294251,-0.480663,Plein jour,Hors agglomération,Hors intersection,Normale,Sans collision,3,2,2,0,1,1,1,0,1,80,,1,0,0,1,0,29.0,,,,1,1,1,1,7
202100050525,2021-02-24 15:10:00,2021,2,24,15,10,21,21177,D26,47.37476,4.40868,Plein jour,Hors agglomération,Intersection en Y,Normale,Deux véhicules - côté,3,2,2,0,1,1,1,0,1,80,,2,1,0,1,0,15.0,43.0,,,1,1,4,1,3
202100050526,2021-02-20 13:43:00,2021,2,20,13,43,17,17140,2 Chemin Saint James,45.891968,-1.273572,Plein jour,En agglomération,Hors intersection,Normale,Sans collision,4,2,2,0,1,1,1,0,3,50,,2,0,0,1,1,51.0,,,,1,2,1,1,7