accident_id,datetime,annee,mois,jour,heure,minute,departement,commune_insee,adresse,latitude,longitude,luminosite,agglomeration,intersection,meteo,collision,catr,circ,nbv,vosp,prof,plan,surf,infra,situ,vma,nb_vehicules,nb_usagers,nb_indemnes,nb_tues,nb_blesses_hosp,nb_blesses_legers,age_cond_1,age_cond_2,veh_type_cond_1,veh_type_cond_2,lum_code,agg_code,int_code,atm_code,col_code
202100050527,2021-02-23 16:50:00,2021,2,23,16,50,08,08003,3 Avenue Arthur Rimbaud,49.774849,4.763626,Plein jour,En agglomération,Hors intersection,Normale,Autre collision,3,2,2,0,2,3,1,0,1,50,,1,0,0,1,0,18.0,,,,1,2,1,1,6
202100050528,2021-02-23 22:50:00,2021,2,23,22,50,03,03118,A71,46.1103964532,3.13610195,Nuit sans éclairage public,Hors agglomération,Hors intersection,Normale,Autre collision,1,3,4,0,2,2,1,8,1,110,,1,0,1,0,0,56.0,,,,3,1,1,1,6
202100050529,2021-02-24 06:51:00,2021,2,24,6,51,77,77001,"A6, PK 058+350 circulant vers province",48.359699,2.576423,Crépuscule ou aube,Hors agglomération,Hors intersection,Normale,Deux véhicules - côté,1,3,5,0,1,1,1,8,1,110,,2,1,0,0,1,63.0,44.0,,,2,1,1,1,3
202100050530,2021-02-24 10:45:00,2021,2,24,10,45,973,97303,N1,5.429829,-53.089199,Plein jour,Hors agglomération,Hors intersection,Normale,Sans collision,2,2,2,0,1,1,1,0,3,80,,4,3,0,1,0,24.0,,,,1,1,1,1,7
202100050531,2021-02-23 15:25:00,2021,2,23,15,25,06,06157,M2210,43.723103,7.082738,Plein jour,En agglomération,Giratoire,Normale,Deux véhicules - côté,7,4,5,0,1,1,1,0,1,50,,2,1,0,1,0,72.0,69.0,,,1,2,6,1,3
202100050532,2021-02-15 13:20:00,2021,2,15,13,20,13,13081,Avenue Charles de Gaulle,43.488595,5.2299,Plein jour,En agglomération,Hors intersection,Normale,Deux véhicules - frontale,7,2,2,0,1,1,1,0,1,50,,2,1,0,0,1,48.0,,,,1,2,1,1,1
202100050533,2021-02-24 09:35:00,2021,2,24,9,35,67,67348,D422,48.477786,7.49878,Plein jour,Hors agglomération,Intersection en X,Normale,Deux véhicules - arrière,3,2,2,0,1,2,1,0,1,80,,2,1,0,0,1,38.0,61.0,,,1,1,2,1,2
202100050534,2021-02-22 17:50:00,2021,2,22,17,50,03,03104,Route de Montluçon,46.3344716976,2.7850210655,Plein jour,Hors agglomération,Intersection en T,Normale,Deux véhicules - côté,3,2,2,0,1,1,1,0,1,70,,2,0,0,1,1,55.0,29.0,,,1,1,3,1,3
202100050535,2021-02-23 12:30:00,2021,2,23,12,30,50,50139,Rue d'Arganchy,49.057628,-1.031749,Plein jour,En agglomération,Giratoire,Normale,Deux véhicules - côté,3,1,2,0,1,2,1,5,1,50,,2,1,0,0,1,17.0,25.0,,,1,2,6,1,3
202100050536,2021-02-23 17:25:00,2021,2,23,17,25,56,56046,Lieu Dit Le Braden,47.603671,-2.993077,Plein jour,Hors agglomération,Hors intersection,Normale,Trois véhicules et plus - en chaîne,3,2,2,0,1,1,1,0,1,80,,5,2,0,0,3,34.0,35.0,,,1,1,1,1,4
202100050537,2021-02-23 17:00:00,2021,2,23,17,0,35,35006,8 Rue des Sports,48.058678,-1.153302,Plein jour,En agglomération,Intersection en T,Normale,Autre collision,3,2,2,0,1,1,1,0,1,30,,2,1,0,1,0,39.0,,,,1,2,3,1,6
202100050538,2021-02-22 11:30:00,2021,2,22,11,30,13,13117,A7-Sens Lyon vers Marseille,43.44395,5.24466,Plein jour,Hors agglomération,Hors intersection,Normale,Deux véhicules - arrière,1,1,2,0,1,1,1,0,1,110,,5,3,0,0,2,45.0,22.0,,,1,1,1,1,2
202100050539,2021-02-18 08:25:00,2021,2,18,8,25,67,67152,M83,48.52888,7.69405,Plein jour,Hors agglomération,Hors intersection,Normale,Trois véhicules et plus - en chaîne,7,3,3,0,1,1,1,0,1,90,,3,1,0,0,2,32.0,51.0,,,1,1,1,1,4
202100050540,2021-02-23 15:00:00,2021,2,23,15,0,93,93053, A3,48.89291,2.47279,Plein jour,Hors agglomération,Hors intersection,Normale,Deux véhicules - arrière,1,3,10,0,1,1,1,0,1,90,,2,1,0,0,1,35.0,83.0,,,1,1,1,1,2
202100050541,2021-02-23 08:00:00,2021,2,23,8,0,95,95018, A15,48.9509042212,2.2798629853,Crépuscule ou aube,Hors agglomération,Hors intersection,Normale,Trois véhicules et plus - collisions multiples,1,3,8,0,1,1,1,0,1,90,,3,2,0,0,1,49.0,41.0,,,2,1,1,1,5
202100050542,2021-02-23 01:30:00,2021,2,23,1,30,95,95151,RN 104,49.06275,2.27474,Nuit sans éclairage public,Hors agglomération,Hors intersection,Normale,Autre collision,2,3,4,0,1,1,1,0,1,90,,1,0,0,0,1,31.0,,,,3,1,1,1,6
202100050543,2021-02-23 01:55:00,2021,2,23,1,55,95,95678,RN 184,49.0729089475,2.2286545153,Nuit sans éclairage public,Hors agglomération,Hors intersection,Normale,Autre collision,2,3,3,0,1,1,1,0,1,110,,1,0,0,0,1,57.0,,,,3,1,1,1,6
202100050544,2021-02-22 18:00:00,2021,2,22,18,0,93,93066,AUTOROUTE A1,48.91217,2.3578,Nuit avec éclairage allumé,Hors agglomération,Hors intersection,Normale,Deux véhicules - côté,1,3,8,0,1,1,1,1,1,90,,2,1,1,0,0,50.0,24.0,,,5,1,1,1,3
202100050545,2021-02-22 17:30:00,2021,2,22,17,30,93,93027,A1,48.93814,2.41449,Plein jour,Hors agglomération,Hors intersection,Normale,Deux véhicules - arrière,1,3,9,0,1,1,1,0,1,90,,2,1,0,0,1,62.0,40.0,,,1,1,1,1,2
202100050546,2021-02-22 19:00:00,2021,2,22,19,0,93,93078,AUTOROUTE A104,48.95811,2.5309,Nuit sans éclairage public,Hors agglomération,Hors intersection,Normale,Deux véhicules - côté,1,3,7,0,1,1,1,0,1,90,,2,1,0,0,1,20.0,32.0,,,3,1,1,1,3
202100050547,2021-02-22 13:15:00,2021,2,22,13,15,95,95424, A15,48.9942345585,2.184600156,Plein jour,Hors agglomération,Hors intersection,Normale,Deux véhicules - arrière,1,3,9,0,1,1,1,0,1,110,,2,1,0,0,1,21.0,24.0,,,1,1,1,1,2
202100050548,2021-02-22 08:40:00,2021,2,22,8,40,93,93007,A1,48.9492,2.44691,Plein jour,Hors agglomération,Hors intersection,Normale,Trois véhicules et plus - en chaîne,1,3,8,0,1,1,1,1,1,110,,5,2,0,0,3,31.0,47.0,,,1,1,1,1,4
202100050549,2021-02-23 07:30:00,2021,2,23,7,30,77,77514,A104,48.94132,2.62857,Plein jour,Hors agglomération,Hors intersection,Normale,Autre collision,1,-1,4,0,1,1,1,0,1,90,,3,2,0,0,1,23.0,29.0,,,1,1,1,1,6
202100050550,2021-02-22 12:50:00,2021,2,22,12,50,94,94017,A4,48.82667,2.51628,Plein jour,Hors agglomération,Hors intersection,Normale,Trois véhicules et plus - en chaîne,1,-1,4,0,1,1,1,1,1,90,,5,3,0,0,2,20.0,48.0,,,1,1,1,1,4
202100050551,2021-02-22 07:45:00,2021,2,22,7,45,77,77249,RN104,48.7368615789,2.6124278647,Plein jour,Hors agglomération,Hors intersection,Pluie légère,Deux véhicules - côté,2,-1,4,0,1,1,2,0,1,110,,2,1,0,0,1,26.0,,,,1,1,1,2,3
202100050552,2021-02-21 03:40:00,2021,2,21,3,40,988,98818,RUE AUGUSTE BENEBIG,-22.26805,166.46233,Nuit avec éclairage allumé,En agglomération,Hors intersection,Normale,Autre collision,4,2,2,0,4,1,1,0,4,50,,2,1,0,0,1,31.0,,,,5,2,1,1,6
202100050553,2021-02-21 22:00:00,2021,2,21,22,0,976,97611,m'tsapere-Nationale 2 (route),-12.79392,45.21882,Nuit sans éclairage public,Hors agglomération,Hors intersection,Normale,Autre collision,2,2,2,0,1,1,1,0,1,50,,2,0,0,0,2,24.0,,,,3,1,1,1,6
202100050554,2021-02-22 07:45:00,2021,2,22,7,45,974,97416,BASSIN PLAT(CHEMIN),-21.3260534549,55.4918335357,Plein jour,En agglomération,Giratoire,Normale,Deux véhicules - côté,4,2,2,0,1,1,1,5,1,30,,2,1,0,0,1,15.0,23.0,,,1,2,6,1,3
202100050555,2021-02-18 20:20:00,2021,2,18,20,20,974,97416,RN3 (3),-21.3234,55.47461,Nuit sans éclairage public,Hors agglomération,Hors intersection,Pluie légère,Autre collision,2,1,1,0,2,3,2,0,8,50,,2,1,0,0,1,58.0,,,,3,1,1,2,6
202100050556,2021-02-21 12:50:00,2021,2,21,12,50,974,97407,LAUDE E(RUE),-20.93729,55.29936,Plein jour,En agglomération,Hors intersection,Normale,Deux véhicules - côté,4,-1,2,0,1,1,1,0,1,50,,2,1,0,1,0,20.0,36.0,,,1,2,1,1,3
202100050557,2021-02-21 22:18:00,2021,2,21,22,18,973,97302,PREVOT (ERNEST),4.9319300723,-52.3325503115,Nuit avec éclairage allumé,En agglomération,Hors intersection,Normale,Sans collision,4,1,1,0,1,1,1,0,1,30,,2,1,0,1,0,39.0,,,,5,2,1,1,7
202100050558,2021-02-21 10:20:00,2021,2,21,10,20,69,69387,GARIBALDI (R),45.7450877695,4.8487409614,Plein jour,En agglomération,Intersection en X,Normale,Autre collision,4,1,4,3,1,1,1,0,1,50,,2,1,0,0,1,36.0,,,,1,2,2,1,6
202100050559,2021-02-20 11:50:00,2021,2,20,11,50,69,69386,BELLECOMBE (DE) (R),45.76816,4.86317,Plein jour,En agglomération,Intersection en X,Normale,Deux véhicules - côté,4,1,4,0,1,1,1,0,1,50,,2,1,0,0,1,33.0,52.0,,,1,2,2,1,3
202100050560,2021-02-20 10:30:00,2021,2,20,10,30,69,69034,PIERRE TERRASSE                     (AV),45.79926,4.84727,Plein jour,En agglomération,Intersection en X,Normale,Autre collision,4,2,2,0,1,3,1,0,4,50,,2,1,0,0,1,54.0,,,,1,2,2,1,6
202100050561,2021-02-21 17:40:00,2021,2,21,17,40,2A,2A004,ILES SANGUINAIRES ROUTE DES,41.90104,8.61693,Plein jour,Hors agglomération,Hors intersection,Normale,Autre collision,3,-1,1,0,1,1,1,0,1,30,,1,0,0,1,0,28.0,,,,1,1,1,1,6
202100050562,2021-02-21 13:25:00,2021,2,21,13,25,95,95197,DIVISION LECLERC (AVENEU DE LA),48.9662736053,2.3184714837,Plein jour,En agglomération,Hors intersection,Normale,Deux véhicules - frontale,3,2,2,0,1,1,1,0,1,50,,2,1,0,0,1,22.0,,,,1,2,1,1,1
202100050563,2021-02-20 12:20:00,2021,2,20,12,20,91,91692,CHAMPS LASNIERS (AVENUE),48.684527,2.16947,Plein jour,En agglomération,Hors intersection,Normale,Autre collision,6,-1,0,0,1,1,1,0,8,15,,2,1,0,0,1,40.0,,,,1,2,1,1,6
202100050564,2021-02-21 16:50:00,2021,2,21,16,50,83,83137,CAMUS (AVE ALBERT),43.13199,5.88189,Plein jour,En agglomération,Hors intersection,Normale,Deux véhicules - frontale,4,2,2,0,2,1,1,6,1,50,,2,1,0,0,1,27.0,21.0,,,1,2,1,1,1
202100050565,2021-02-17 14:40:00,2021,2,17,14,40,83,83069,ALMANARRE (ROUTE DE L'),43.092057,6.129827,Plein jour,En agglomération,Intersection en Y,Normale,Deux véhicules - frontale,7,2,2,0,1,1,1,0,1,70,,3,2,0,1,0,50.0,59.0,,,1,2,4,1,1
202100050566,2021-02-21 03:25:00,2021,2,21,3,25,83,83050,CHEMIN DE VILLENEUVE,43.51425,6.42023,Nuit sans éclairage public,Hors agglomération,Hors intersection,Normale,Autre collision,3,2,2,0,2,2,1,0,1,80,,2,0,0,1,1,20.0,,,,3,1,1,1,6
202100050567,2021-02-21 16:45:00,2021,2,21,16,45,77,77186,RD607 de Barbizon à pavé du roi,48.42831,2.6635,Plein jour,Hors agglomération,Hors intersection,Normale,Deux véhicules - arrière,3,2,4,0,3,1,1,0,1,90,,2,1,0,0,1,50.0,44.0,,,1,1,1,1,2
202100050568,2021-02-20 17:30:00,2021,2,20,17,30,76,76351,GRAVILLE (BD DE),49.49517,0.14973,Plein jour,En agglomération,Intersection en T,Normale,Deux véhicules - côté,4,2,2,0,1,1,1,0,1,50,,2,1,0,0,1,35.0,39.0,,,1,2,3,1,3
202100050569,2021-02-20 17:46:00,2021,2,20,17,46,76,76351,MALHERBE,49.49932,0.13956,Plein jour,En agglomération,Hors intersection,Normale,Deux véhicules - arrière,4,1,1,0,1,1,1,0,1,50,,2,1,0,0,1,57.0,15.0,,,1,2,1,1,2
202100050570,2021-02-22 11:45:00,2021,2,22,11,45,72,72181,LECLERC GENERAL (AV) PAIRS 70 ET plus,47.99675,0.19328,Plein jour,En agglomération,Autre intersection,Pluie légère,Deux véhicules - côté,4,1,1,0,2,1,1,0,1,50,,2,1,0,0,1,73.0,29.0,,,1,2,9,2,3
202100050571,2021-02-21 16:40:00,2021,2,21,16,40,71,71076,NIEPCE (AVENUE NICEPHORE),46.7790462131,4.8499806043,Plein jour,En agglomération,Intersection en X,Normale,Deux véhicules - frontale,4,2,2,0,1,1,1,5,1,50,,2,1,0,1,0,67.0,51.0,,,1,2,2,1,1
202100050572,2021-02-21 12:10:00,2021,2,21,12,10,69,69266,ANDRE PHILIP (CR),45.77249,4.8637,Plein jour,En agglomération,Hors intersection,Normale,Deux véhicules - côté,4,1,2,3,1,1,1,0,1,50,,2,1,0,0,1,35.0,61.0,,,1,2,1,1,3
202100050573,2021-02-22 07:40:00,2021,2,22,7,40,64,64122,MARNE (AVENUE DE LA),43.4824,-1.54448,Crépuscule ou aube,En agglomération,Intersection en X,Pluie forte,Deux véhicules - côté,4,2,3,0,1,1,2,5,1,50,,3,1,0,0,2,57.0,28.0,,,2,2,2,3,3
202100050574,2021-02-21 14:00:00,2021,2,21,14,0,62,62193,CLEMENCEAU (BOULEVARD G.),50.954918,1.850343,Plein jour,En agglomération,Giratoire,Normale,Deux véhicules - côté,4,1,1,0,1,3,1,0,1,50,,2,1,0,0,1,21.0,50.0,,,1,2,6,1,3
202100050575,2021-02-19 15:05:00,2021,2,19,15,5,58,58194,COLBERT,46.99303,3.16024,Plein jour,En agglomération,Intersection en T,Normale,Autre collision,4,2,2,0,1,1,1,0,1,30,,2,1,0,1,0,40.0,,,,1,2,3,1,6
202100050576,2021-02-21 14:00:00,2021,2,21,14,0,57,57306,RD 17 ,49.3151,6.0783,Plein jour,Hors agglomération,Hors intersection,Normale,Deux véhicules - arrière,3,2,2,0,2,1,1,0,1,70,,2,1,0,1,0,38.0,50.0,,,1,1,1,1,2
202100050577,2021-02-16 22:41:00,2021,2,16,22,41,57,57591,RD181,49.2395,6.06728,Nuit sans éclairage public,Hors agglomération,Hors intersection,Pluie légère,Autre collision,3,2,3,0,2,3,2,0,1,70,,1,0,0,1,0,24.0,,,,3,1,1,2,6
202100050578,2021-02-22 13:50:00,2021,2,22,13,50,51,51454,Rue Lieutenant Herduin,49.2491529193,4.0369893307,Plein jour,En agglomération,Intersection en X,Normale,Deux véhicules - côté,4,2,2,0,1,1,1,0,8,50,,3,2,0,0,1,14.0,65.0,,,1,2,2,1,3
202100050579,2021-02-21 13:53:00,2021,2,21,13,53,51,51454,Route de Witry,49.2681695927,4.0683715409,Plein jour,En agglomération,Intersection en T,Normale,Deux véhicules - côté,2,2,2,0,1,1,1,0,1,50,,2,1,0,0,1,63.0,43.0,,,1,2,3,1,3
202100050580,2021-02-20 18:30:00,2021,2,20,18,30,42,42110,Avenue Berthelot,45.49378,4.55974,Crépuscule ou aube,En agglomération,Hors intersection,Normale,Autre collision,7,3,2,0,1,1,1,0,4,50,,5,2,1,1,1,20.0,,,,2,2,1,1,6
202100050581,2021-02-20 15:10:00,2021,2,20,15,10,34,34129,D116,43.56127,3.86689,Plein jour,Hors agglomération,Hors intersection,Temps couvert,Trois véhicules et plus - collisions multiples,7,2,2,0,1,3,9,0,3,50,,5,1,1,0,3,25.0,23.0,,,1,1,1,8,5
202100050582,2021-02-05 17:30:00,2021,2,5,17,30,33,33281,Rue du Logey,44.8384392055,-0.6616754821,Plein jour,En agglomération,Giratoire,Normale,Autre collision,4,2,2,0,1,1,1,0,1,50,,2,1,0,0,1,55.0,,,,1,2,6,1,6
202100050583,2021-02-22 09:08:00,2021,2,22,9,8,29,29039,D122 - Rue Yves Trichard,47.8779918281,-3.8791138112,Plein jour,Hors agglomération,Intersection en X,Normale,Autre collision,3,2,2,0,1,1,1,5,1,70,,2,1,0,0,1,39.0,27.0,,,1,1,2,1,6
202100050584,2021-02-22 07:15:00,2021,2,22,7,15,26,26313,LACRA ,44.961412,4.946938,Nuit sans éclairage public,Hors agglomération,Hors intersection,Pluie légère,Deux véhicules - frontale,2,3,4,3,1,1,2,0,1,110,,2,0,0,1,1,86.0,30.0,,,3,1,1,2,1
202100050585,2021-02-21 16:30:00,2021,2,21,16,30,13,13214,ANATOLE DE LA FORGE (BOULEVARD),43.338153,5.393413,Plein jour,En agglomération,Hors intersection,Normale,Deux véhicules - côté,7,2,4,0,1,4,1,0,1,50,,2,1,0,1,0,20.0,22.0,,,1,2,1,1,3
202100050586,2021-02-15 17:00:00,2021,2,15,17,0,13,13208,RAYMOND TEISSERE (RUE),43.2707842745,5.4004615545,Plein jour,En agglomération,Autre intersection,Normale,Deux véhicules - côté,4,2,2,0,1,1,1,0,8,30,,2,1,0,0,1,21.0,18.0,,,1,2,9,1,3
202100050587,2021-02-20 13:40:00,2021,2,20,13,40,13,13028,BODIN (AVENUE EMILE),43.19737,5.58847,Plein jour,En agglomération,Intersection en Y,Normale,Deux véhicules - côté,7,2,2,0,1,1,1,0,1,50,,2,0,0,0,2,23.0,35.0,,,1,2,4,1,3
202100050588,2021-02-21 10:10:00,2021,2,21,10,10,13,13004,AV STALINGRAD,43.68351,4.63293,Plein jour,En agglomération,Hors intersection,Normale,Deux véhicules - frontale,4,2,2,0,1,1,1,0,1,50,,2,1,0,1,0,57.0,19.0,,,1,2,1,1,1
202100050589,2021-02-20 10:55:00,2021,2,20,10,55,13,13001,MIGNET (RUE),43.53198,5.45083,Plein jour,En agglomération,Hors intersection,Normale,Deux véhicules - frontale,4,-1,1,0,1,1,1,0,1,30,,2,1,0,0,1,83.0,,,,1,2,1,1,1
202100050590,2021-02-19 10:50:00,2021,2,19,10,50,11,11262,RD 6009 NARBONNE - BEZIERS,43.17815,2.96886,Plein jour,En agglomération,Hors intersection,Normale,Trois véhicules et plus - collisions multiples,3,2,0,0,1,1,1,0,1,80,,6,2,1,0,3,79.0,40.0,,,1,2,1,1,5
202100050591,2021-02-10 18:35:00,2021,2,10,18,35,11,11262,AVENIR (PONT DE L'),43.17984,3.01734,Plein jour,En agglomération,Hors intersection,Normale,Autre collision,4,2,2,0,1,1,1,0,8,50,,2,1,0,0,1,65.0,37.0,,,1,2,1,1,6
202100050592,2021-02-05 10:48:00,2021,2,5,10,48,11,11262,LONDRES (RUE DE),43.17518,3.00357,Plein jour,En agglomération,Giratoire,Normale,Sans collision,4,2,2,0,1,1,1,0,1,50,,2,1,0,0,1,71.0,,,,1,2,6,1,7
202100050593,2021-02-21 11:17:00,2021,2,21,11,17,10,10343,DIJON (RUE DE),48.27,4.08739,Plein jour,En agglomération,Intersection en X,Normale,Deux véhicules - côté,4,2,2,0,1,1,1,0,1,50,,2,1,0,1,0,53.0,17.0,,,1,2,2,1,3
202100050594,2021-02-07 04:15:00,2021,2,7,4,15,94,94068,GARE DE CHAMPIGNY (PL DE LA),48.80737,2.51044,Nuit avec éclairage allumé,En agglomération,Hors intersection,Pluie légère,Autre collision,4,1,1,0,1,1,2,0,1,30,,2,1,0,0,1,,,,,5,2,1,2,6
202100050595,2021-02-22 15:25:00,2021,2,22,15,25,94,94038,TOURNELLES (R DES),48.77649,2.33769,Plein jour,En agglomération,Hors intersection,Normale,Autre collision,4,1,1,0,1,1,1,0,1,50,,2,1,0,0,1,41.0,,,,1,2,1,1,6
202100050596,2021-02-22 10:33:00,2021,2,22,10,33,94,94078,HUIT MAI 1945 (AV DU),48.726951,2.445114,Plein jour,En agglomération,Hors intersection,Normale,Deux véhicules - côté,2,3,2,0,1,1,1,2,1,50,,2,1,0,0,1,52.0,35.0,,,1,2,1,1,3
202100050597,2021-02-22 16:05:00,2021,2,22,16,5,94,94053,CONDORCET (R),48.77554,2.54855,Plein jour,En agglomération,Intersection en X,Normale,Deux véhicules - frontale,4,2,2,0,1,1,1,0,1,50,,2,1,0,0,1,,,,,1,2,2,1,1
202100050598,2021-02-22 08:10:00,2021,2,22,8,10,94,94018,Rue de la Republique,48.8234,2.41967,Plein jour,En agglomération,Hors intersection,Normale,Autre collision,3,1,1,0,1,2,1,9,4,30,,1,0,0,1,0,60.0,,,,1,2,1,1,6
202100050599,2021-02-20 23:00:00,2021,2,20,23,0,94,94017,ALLIES (BD DES),48.82977,2.49158,Nuit sans éclairage public,Hors agglomération,Hors intersection,Normale,Autre collision,3,3,4,0,2,4,1,3,8,50,,4,3,1,0,0,34.0,35.0,,,3,1,1,1,6
202100050600,2021-02-22 20:05:00,2021,2,22,20,5,94,94071,Rue du Grand Val,48.77497,2.51975,Nuit avec éclairage allumé,En agglomération,Intersection en Y,Normale,Deux véhicules - arrière,4,2,2,0,2,1,1,0,1,50,,2,1,0,0,1,32.0,30.0,,,5,2,4,1,2
202100050601,2021-02-22 10:20:00,2021,2,22,10,20,94,94075,LIEUTENANT DAGORNO (R DU),48.72184,2.53358,Plein jour,En agglomération,Hors intersection,Temps couvert,Deux véhicules - arrière,3,-1,2,0,1,1,1,0,1,50,,3,2,0,0,1,52.0,43.0,,,1,2,1,8,2
202100050602,2021-02-22 17:03:00,2021,2,22,17,3,93,93059,JEAN MERMOZ (N°59 AU 185),48.97115,2.36622,Plein jour,En agglomération,Hors intersection,Normale,Autre collision,3,1,4,0,2,1,1,0,1,50,,2,1,0,0,1,65.0,,,,1,2,1,1,6
202100050603,2021-02-21 17:00:00,2021,2,21,17,0,93,93063,NOISY ROUTE DE,48.89313,2.43792,Plein jour,En agglomération,Hors intersection,Normale,Deux véhicules - côté,3,2,2,0,1,1,1,0,1,50,,2,1,0,0,1,36.0,29.0,,,1,2,1,1,3
202100050604,2021-02-22 09:25:00,2021,2,22,9,25,93,93032,"VERSAILLES (AVENUE DE, DU 30, IMPAIR DU",48.87665,2.54903,Plein jour,En agglomération,Hors intersection,Normale,Autre collision,4,2,2,0,1,1,1,0,1,50,,2,1,0,0,1,32.0,,,,1,2,1,1,6
202100050605,2021-01-08 21:10:00,2021,1,8,21,10,93,93029,REPUBLIQUE (DE LA) N° 1-161,48.9245838748,2.43713053,Nuit avec éclairage allumé,En agglomération,Hors intersection,Normale,Autre collision,4,2,2,0,1,1,1,0,1,50,,2,1,0,0,1,20.0,,,,5,2,1,1,6
202100050606,2021-02-21 16:25:00,2021,2,21,16,25,93,93005,JEAN MONET (CARREFOUR),48.9542281186,2.5100585412,Plein jour,En agglomération,Giratoire,Normale,Trois véhicules et plus - en chaîne,3,1,2,0,3,2,1,9,1,50,,3,2,0,0,1,31.0,53.0,,,1,2,6,1,4
202100050607,2021-02-19 08:15:00,2021,2,19,8,15,92,92063,VOLTAIRE (RUE),48.8736,2.19547,Plein jour,En agglomération,Intersection en T,Pluie légère,Deux véhicules - côté,4,2,2,0,1,1,2,0,1,50,,3,1,0,0,2,19.0,38.0,,,1,2,3,2,3
202100050608,2021-02-22 14:14:00,2021,2,22,14,14,92,92050,LENINE VLADIMIR ILITCH AVENUE,48.8871498993,2.1998615679,Plein jour,En agglomération,Place,Temps couvert,Autre collision,3,1,2,1,1,1,1,9,1,50,,3,2,0,0,1,,,,,1,2,7,8,6
202100050609,2021-02-21 17:30:00,2021,2,21,17,30,92,92050,CLEMENCEAU GEORGES AVENUE N° PAIR,48.8855910518,2.2199289501,Plein jour,En agglomération,Hors intersection,Normale,Deux véhicules - côté,3,2,3,1,1,1,1,0,1,50,,2,1,0,0,1,60.0,16.0,,,1,2,1,1,3
202100050610,2021-02-23 13:20:00,2021,2,23,13,20,37,37178,,47.1359321419,0.3746970892,Plein jour,Hors agglomération,Hors intersection,Normale,Deux véhicules - frontale,3,2,2,0,1,4,1,0,1,80,,2,1,0,1,0,24.0,51.0,,,1,1,1,1,1
202100050611,2021-02-23 15:45:00,2021,2,23,15,45,37,37077,Rue du Breuil,47.344510116,0.457731843,Plein jour,En agglomération,Hors intersection,Normale,Autre collision,4,2,2,0,1,2,1,0,4,-1,,1,0,0,0,1,39.0,,,,1,2,1,1,6
202100050612,2021-02-23 13:54:00,2021,2,23,13,54,08,08133,3 Rue de Rethel,49.508403,4.456259,Plein jour,En agglomération,Hors intersection,Normale,Deux véhicules - côté,3,2,2,0,1,1,1,0,1,50,,2,1,0,1,0,20.0,36.0,,,1,2,1,1,3
202100050613,2021-02-23 18:50:00,2021,2,23,18,50,54,54008, Autoroute A31,48.5365092738,5.9063409251,Crépuscule ou aube,Hors agglomération,Hors intersection,Normale,Deux véhicules - arrière,1,1,2,0,1,1,1,2,1,130,,3,2,0,1,0,41.0,67.0,,,2,1,1,1,2
202100050614,2021-02-22 10:30:00,2021,2,22,10,30,46,46172,Pech Pigueral,44.357095,1.42645,Plein jour,Hors agglomération,Hors intersection,Normale,Autre collision,3,2,2,0,1,1,1,0,1,80,,2,1,0,0,1,57.0,,,,1,1,1,1,6
202100050615,2021-02-23 16:45:00,2021,2,23,16,45,76,76238,Rue de Coupeauville,49.562703,0.223578,Plein jour,Hors agglomération,Hors intersection,Normale,Sans collision,3,2,2,0,2,2,1,0,3,80,,1,0,0,1,0,60.0,,,,1,1,1,1,7
202100050616,2021-02-23 09:00:00,2021,2,23,9,0,42,42320,Route de Saint Romain,45.551353,4.517848,Plein jour,Hors agglomération,Hors intersection,Normale,Sans collision,7,2,2,0,2,3,8,0,1,90,,1,0,0,0,1,67.0,,,,1,1,1,1,7
202100050617,2021-02-22 23:45:00,2021,2,22,23,45,85,85065,156 Rue des Rosiers,46.887849,-1.252398,Nuit sans éclairage public,En agglomération,Hors intersection,Normale,Deux véhicules - frontale,3,2,2,0,2,1,1,0,8,50,,2,1,0,1,0,17.0,58.0,,,3,2,1,1,1
202100050618,2021-02-22 16:30:00,2021,2,22,16,30,51,51254,Route du Champagne,48.628519383,3.6873284751,Plein jour,En agglomération,Hors intersection,Normale,Sans collision,3,2,2,0,1,1,1,0,1,50,,2,1,0,1,0,35.0,,,,1,2,1,1,7
202100050619,2021-02-22 14:00:00,2021,2,22,14,0,82,82085,D928 route d'Auch,43.979155,1.289204,Plein jour,Hors agglomération,Intersection en T,Pluie légère,Deux véhicules - arrière,3,2,2,0,1,1,2,0,1,80,,2,1,0,1,0,22.0,27.0,,,1,1,3,2,2
202100050620,2021-02-19 17:00:00,2021,2,19,17,0,33,33394,Lieu Dit le Rivallon,44.89741,-0.18459,Plein jour,Hors agglomération,Intersection en X,Normale,Deux véhicules - côté,4,2,2,0,1,1,1,0,1,70,,2,1,0,0,1,64.0,42.0,,,1,1,2,1,3
202100050621,2021-02-21 15:35:00,2021,2,21,15,35,89,89404,RD 660,48.171767,3.21672,Plein jour,Hors agglomération,Hors intersection,Temps éblouissant,Deux véhicules - arrière,3,2,2,0,2,1,1,0,1,80,,2,1,0,0,1,77.0,52.0,,,1,1,1,7,2
202100050622,2021-02-23 15:35:00,2021,2,23,15,35,63,63003,D38/VC,45.524679,3.752979,Plein jour,Hors agglomération,Intersection en X,Normale,Deux véhicules - côté,3,2,2,0,3,3,1,0,1,80,,3,1,0,2,0,41.0,62.0,,,1,1,2,1,3
202100050623,2021-02-23 17:40:00,2021,2,23,17,40,49,49123,Rue du Pavé de Riou,47.227423,-0.117202,Plein jour,En agglomération,Intersection en T,Normale,Deux véhicules - côté,4,2,2,0,1,1,1,0,1,30,,2,1,0,1,0,30.0,36.0,,,1,2,3,1,3