accident_id,datetime,annee,mois,jour,heure,minute,departement,commune_insee,adresse,latitude,longitude,luminosite,agglomeration,intersection,meteo,collision,catr,circ,nbv,vosp,prof,plan,surf,infra,situ,vma,nb_vehicules,nb_usagers,nb_indemnes,nb_tues,nb_blesses_hosp,nb_blesses_legers,age_cond_1,age_cond_2,veh_type_cond_1,veh_type_cond_2,lum_code,agg_code,int_code,atm_code,col_code
202100050624,2021-02-20 17:40:00,2021,2,20,17,40,86,86160,Carrefour Saint Jacques,46.776264,0.189203,Plein jour,En agglomération,Hors intersection,Normale,Deux véhicules - côté,3,2,2,0,1,1,1,0,1,70,,2,1,0,0,1,26.0,49.0,,,1,2,1,1,3
202100050625,2021-02-22 16:10:00,2021,2,22,16,10,22,22055,Boulevard Legris,48.624257,-2.824398,Plein jour,En agglomération,Hors intersection,Normale,Autre collision,4,2,2,0,2,1,1,0,1,50,,2,1,0,0,1,74.0,,,,1,2,1,1,6
202100050626,2021-02-23 16:16:00,2021,2,23,16,16,25,25334,D41,46.963839,6.149297,Plein jour,Hors agglomération,Hors intersection,Temps éblouissant,Deux véhicules - arrière,3,2,2,0,1,1,1,0,1,80,,2,1,0,1,0,30.0,47.0,,,1,1,1,7,2
202100050627,2021-02-22 14:00:00,2021,2,22,14,0,29,29274,D4 - Keranguen,47.9867037281,-3.7164592547,Plein jour,Hors agglomération,Hors intersection,Normale,Deux véhicules - côté,3,2,2,0,1,1,1,0,3,80,,2,1,0,0,1,63.0,75.0,,,1,1,1,1,3
202100050628,2021-02-22 14:30:00,2021,2,22,14,30,70,70421,Rue de la Rezelle,47.689782,6.040919,Plein jour,En agglomération,Intersection en T,Normale,Deux véhicules - côté,3,2,2,0,1,1,1,0,1,50,,2,1,0,0,1,74.0,52.0,,,1,2,3,1,3
202100050629,2021-02-19 08:25:00,2021,2,19,8,25,06,06038,Route d'Opio,43.67627,6.97549,Plein jour,En agglomération,Autre intersection,Normale,Deux véhicules - côté,3,2,2,0,3,1,1,0,1,50,,2,1,0,1,0,33.0,54.0,,,1,2,9,1,3
202100050630,2021-02-22 19:30:00,2021,2,22,19,30,43,43018,D589,45.004926,3.763032,Nuit sans éclairage public,Hors agglomération,Hors intersection,Normale,Sans collision,3,2,2,0,2,1,1,0,3,80,,1,0,0,1,0,28.0,,,,3,1,1,1,7
202100050631,2021-02-21 16:25:00,2021,2,21,16,25,07,07055,D11,44.854644,4.838212,Plein jour,En agglomération,Autre intersection,Temps éblouissant,Deux véhicules - côté,3,2,2,1,1,1,1,0,1,50,,2,1,0,0,1,88.0,38.0,,,1,2,9,7,3
202100050632,2021-02-21 11:05:00,2021,2,21,11,5,21,21505,"RD 980, PK 30+850",47.396748,4.304999,Plein jour,Hors agglomération,Hors intersection,Normale,Deux véhicules - côté,3,2,2,0,1,1,1,0,1,90,,2,1,0,0,1,65.0,,,,1,1,1,1,3
202100050633,2021-02-23 09:00:00,2021,2,23,9,0,85,85234,Avenue d'Orouet,46.770512,-2.005633,Plein jour,Hors agglomération,Intersection en T,Normale,Deux véhicules - frontale,3,2,2,0,1,1,2,0,1,70,,2,1,0,1,0,26.0,88.0,,,1,1,3,1,1
202100050634,2021-02-23 16:00:00,2021,2,23,16,0,27,27065,Av du 46 Royal Marine Commando,49.341657,0.358263,Plein jour,En agglomération,Hors intersection,Normale,Deux véhicules - frontale,3,2,2,0,1,1,1,0,1,50,,2,1,1,0,0,29.0,68.0,,,1,2,1,1,1
202100050635,2021-02-23 04:00:00,2021,2,23,4,0,13,13112,Chemin du Moulin Neuf,43.515638,5.246739,Nuit sans éclairage public,En agglomération,Hors intersection,Normale,Autre collision,4,2,2,0,1,1,2,0,1,70,,2,0,0,1,1,22.0,,,,3,2,1,1,6
202100050636,2021-02-23 06:20:00,2021,2,23,6,20,34,34135,A9,43.259815,3.167861,Nuit sans éclairage public,Hors agglomération,Hors intersection,Normale,Trois véhicules et plus - en chaîne,1,1,5,0,2,1,1,0,1,130,,4,0,1,0,3,60.0,50.0,,,3,1,1,1,4
202100050637,2021-02-21 17:40:00,2021,2,21,17,40,21,21171,Boulevard Jan Pallach,47.292933,5.130545,Crépuscule ou aube,En agglomération,Giratoire,Normale,Autre collision,7,2,2,0,2,3,1,0,1,50,,4,3,0,1,0,82.0,,,,2,2,6,1,6
202100050638,2021-02-23 13:45:00,2021,2,23,13,45,2B,2B042,Route territoriale 11,42.57647,9.440475,Plein jour,Hors agglomération,Hors intersection,Normale,,2,3,4,0,1,1,1,0,1,110,,4,3,0,1,0,70.0,49.0,,,1,1,1,1,-1
202100050639,2021-02-23 17:20:00,2021,2,23,17,20,67,67544,D264,49.044465,7.953286,Plein jour,Hors agglomération,Hors intersection,Normale,Deux véhicules - frontale,3,3,2,0,1,1,1,0,1,70,,2,1,0,1,0,65.0,41.0,,,1,1,1,1,1
202100050640,2021-02-20 17:45:00,2021,2,20,17,45,67,67230,Rue des Chasseurs,48.7911836909,7.8289377391,Nuit avec éclairage allumé,En agglomération,Intersection en X,Normale,Deux véhicules - côté,4,2,2,0,1,1,1,0,1,50,,2,1,0,0,1,18.0,32.0,,,5,2,2,1,3
202100050641,2021-02-21 17:55:00,2021,2,21,17,55,38,38565,Rue de Brandegaudiere,45.292694,5.62559,Plein jour,Hors agglomération,Intersection en T,Normale,Deux véhicules - côté,3,2,3,0,2,3,1,0,3,90,,2,1,0,1,0,34.0,77.0,,,1,1,3,1,3
202100050642,2021-02-20 15:25:00,2021,2,20,15,25,26,26038,2625 Route des Vignes,45.043016,4.911264,Plein jour,Hors agglomération,Hors intersection,Normale,Deux véhicules - côté,4,2,2,0,1,1,1,0,1,80,,2,1,0,1,0,28.0,74.0,,,1,1,1,1,3
202100050643,2021-02-21 16:35:00,2021,2,21,16,35,69,69208,D19,45.874352,4.603827,Plein jour,Hors agglomération,Intersection en X,Normale,Deux véhicules - côté,3,2,2,0,1,2,1,0,1,50,,2,1,0,1,0,57.0,10.0,,,1,1,2,1,3
202100050644,2021-02-22 16:00:00,2021,2,22,16,0,81,81100,D45,43.497215,1.963618,Plein jour,Hors agglomération,Hors intersection,Normale,Autre collision,3,2,2,0,1,1,1,0,3,80,,1,0,0,1,0,78.0,,,,1,1,1,1,6
202100050645,2021-02-22 12:00:00,2021,2,22,12,0,29,29058,D44 - Rond Point de Ker Elo,47.8979779797,-4.0144985187,Plein jour,En agglomération,Giratoire,Normale,Deux véhicules - côté,3,1,2,0,4,2,1,5,1,50,,2,1,0,0,1,49.0,22.0,,,1,2,6,1,3
202100050646,2021-02-23 17:00:00,2021,2,23,17,0,27,27188,Route d'Elbeuf,49.299431,1.07982,Plein jour,Hors agglomération,Hors intersection,Normale,Deux véhicules - frontale,3,2,2,0,1,1,1,0,1,70,,2,0,1,0,1,24.0,31.0,,,1,1,1,1,1
202100050647,2021-02-21 14:50:00,2021,2,21,14,50,59,59139,129 Rue Pasteur,50.117946,3.414385,Plein jour,En agglomération,Hors intersection,Normale,Autre collision,4,1,1,0,1,1,1,0,1,50,,2,1,0,0,1,54.0,,,,1,2,1,1,6
202100050648,2021-02-21 17:20:00,2021,2,21,17,20,83,83027,A50,43.193955,5.689519,Plein jour,Hors agglomération,Hors intersection,Normale,Deux véhicules - arrière,1,3,2,0,2,1,1,3,1,50,,4,0,0,1,3,71.0,31.0,,,1,1,1,1,2
202100050649,2021-02-22 08:38:00,2021,2,22,8,38,33,33550,,44.77412,-0.55623,Plein jour,Hors agglomération,Hors intersection,Normale,Trois véhicules et plus - en chaîne,1,3,6,0,1,1,1,3,1,90,,3,2,0,0,1,25.0,56.0,,,1,1,1,1,4
202100050650,2021-02-20 09:40:00,2021,2,20,9,40,59,59234,AUTOROUTE A21,50.403491,3.048238,Plein jour,Hors agglomération,Hors intersection,Normale,Autre collision,1,3,4,0,1,1,1,0,1,110,,1,0,0,0,1,21.0,,,,1,1,1,1,6
202100050651,2021-02-19 18:45:00,2021,2,19,18,45,59,59234,AUTOROUTE A21,50.40285,3.057419,Nuit sans éclairage public,Hors agglomération,Hors intersection,Normale,Deux véhicules - arrière,1,3,4,0,1,1,1,0,1,110,,2,1,0,0,1,57.0,30.0,,,3,1,1,1,2
202100050652,2021-02-19 16:05:00,2021,2,19,16,5,59,59566,AUTOROUTE A25,50.618473,2.9774,Plein jour,Hors agglomération,Hors intersection,Normale,Deux véhicules - arrière,1,3,6,0,1,1,1,0,1,110,,2,1,0,0,1,40.0,25.0,,,1,1,1,1,2
202100050653,2021-02-22 06:50:00,2021,2,22,6,50,78,78423,A12 W,48.78218,2.03096,Crépuscule ou aube,Hors agglomération,Hors intersection,Normale,Trois véhicules et plus - collisions multiples,2,3,2,0,1,1,1,0,1,90,,3,2,0,0,1,39.0,30.0,,,2,1,1,1,5
202100050654,2021-02-22 22:30:00,2021,2,22,22,30,95,95582,A15,48.9647920226,2.2609998281,Nuit sans éclairage public,Hors agglomération,Hors intersection,Normale,Autre collision,1,3,11,0,2,3,1,0,1,70,,1,0,0,0,1,51.0,,,,3,1,1,1,6
202100050655,2021-02-22 08:20:00,2021,2,22,8,20,94,94058,A86.EXT,48.8463007176,2.492279962,Plein jour,Hors agglomération,Hors intersection,Normale,Autre collision,1,-1,3,0,1,1,1,1,1,90,,1,0,0,0,1,39.0,,,,1,1,1,1,6
202100050656,2021-02-20 16:20:00,2021,2,20,16,20,75,75115,RUE ROBERT DE FLERS,48.850196,2.284875,Crépuscule ou aube,En agglomération,Intersection en X,Normale,Deux véhicules - côté,4,2,2,0,1,1,1,0,1,50,,3,2,0,0,1,31.0,18.0,,,2,2,2,1,3
202100050657,2021-02-21 18:40:00,2021,2,21,18,40,75,75111,RUE MORAND,48.868841,2.376305,Nuit avec éclairage allumé,En agglomération,Intersection en X,Normale,Deux véhicules - côté,4,1,1,1,1,1,1,0,1,30,,3,2,0,0,1,72.0,19.0,,,5,2,2,1,3
202100050658,2021-02-21 13:00:00,2021,2,21,13,0,75,75110,BOULEVARD DE LA VILLETTE,48.878429,2.370095,Plein jour,En agglomération,Place,Normale,Deux véhicules - côté,4,1,3,1,1,1,1,-1,5,50,,2,1,0,0,1,40.0,29.0,,,1,2,7,1,3
202100050659,2021-02-21 17:45:00,2021,2,21,17,45,94,94056,CHAUSSE DE L ETANG (R DE LA),48.69239,2.553084,Plein jour,En agglomération,Hors intersection,Normale,Autre collision,4,2,2,0,1,1,1,0,1,50,,6,3,0,3,0,16.0,,,,1,2,1,1,6
202100050660,2021-02-21 11:55:00,2021,2,21,11,55,92,92078,MARC SANGNIER (AVENUE),48.9298017547,2.3258229942,Plein jour,En agglomération,Intersection en T,Normale,Deux véhicules - côté,3,4,3,0,1,1,1,5,1,50,,3,1,0,0,2,24.0,43.0,,,1,2,3,1,3
202100050661,2021-02-21 20:45:00,2021,2,21,20,45,92,92077,SEVRES (RUE DE),48.826011957,2.1981760286,Nuit avec éclairage allumé,En agglomération,Intersection en X,Normale,Deux véhicules - côté,3,2,2,0,1,1,1,0,1,50,,2,1,0,0,1,30.0,27.0,,,5,2,2,1,3
202100050662,2021-02-22 18:40:00,2021,2,22,18,40,974,97404,Route des Sables,-21.279022,55.362377,Plein jour,Hors agglomération,Hors intersection,Normale,Sans collision,2,3,2,0,1,2,1,5,1,50,,1,0,0,1,0,49.0,,,,1,1,1,1,7
202100050663,2021-02-21 12:35:00,2021,2,21,12,35,83,83086,Piste l'Argile - G109 (Chemin),43.539112,6.620869,Plein jour,Hors agglomération,Hors intersection,Normale,Autre collision,9,2,1,0,2,3,9,0,8,-1,,4,1,0,0,3,59.0,,,,1,1,1,1,6
202100050664,2021-02-20 14:20:00,2021,2,20,14,20,83,83004,Dn7,43.442606,6.461635,Plein jour,Hors agglomération,Hors intersection,Normale,Deux véhicules - arrière,3,2,2,0,1,1,1,0,1,80,,3,2,0,1,0,16.0,72.0,,,1,1,1,1,2
202100050665,2021-02-22 05:10:00,2021,2,22,5,10,63,63450,D565,45.713159,2.53147,Nuit sans éclairage public,Hors agglomération,Hors intersection,Vent fort / tempête,Autre collision,3,2,2,0,1,1,1,0,3,80,,1,0,1,0,0,37.0,,,,3,1,1,6,6
202100050666,2021-02-22 12:46:00,2021,2,22,12,46,01,01078,492 Rue de la Mairie,46.182602,5.974212,Plein jour,En agglomération,Hors intersection,Normale,Autre collision,4,2,2,0,1,1,1,0,3,50,,2,1,0,1,0,61.0,,,,1,2,1,1,6
202100050667,2021-02-22 10:08:00,2021,2,22,10,8,01,01419,185 Avenue du Mont Blanc,46.23611,6.009028,Plein jour,Hors agglomération,Hors intersection,Normale,Deux véhicules - arrière,4,2,2,0,1,1,1,0,1,70,,2,1,0,1,0,64.0,87.0,,,1,1,1,1,2
202100050668,2021-02-21 16:20:00,2021,2,21,16,20,01,01354,Rue de Pouilly,46.248053,6.027691,Plein jour,En agglomération,Intersection en X,Normale,Deux véhicules - côté,3,2,2,0,1,1,1,0,1,50,,5,3,0,2,0,36.0,22.0,,,1,2,2,1,3
202100050669,2021-02-21 19:44:00,2021,2,21,19,44,34,34300,A75,43.398145,3.333822,Nuit sans éclairage public,Hors agglomération,Hors intersection,Normale,Autre collision,1,3,4,0,1,1,1,2,2,130,,2,0,1,1,0,47.0,,,,3,1,1,1,6
202100050670,2021-02-22 17:30:00,2021,2,22,17,30,62,62279,D939,50.309171,2.700051,Plein jour,Hors agglomération,Hors intersection,Normale,Deux véhicules - frontale,3,2,3,0,1,1,1,0,1,80,,3,2,0,1,0,19.0,50.0,,,1,1,1,1,1
202100050671,2021-02-20 14:45:00,2021,2,20,14,45,51,51046,Avenue de la Gare,49.250769,4.21418,Plein jour,En agglomération,Intersection en X,Normale,Deux véhicules - côté,4,2,2,0,2,1,1,0,1,50,,2,1,0,1,0,61.0,16.0,,,1,2,2,1,3
202100050672,2021-02-21 16:20:00,2021,2,21,16,20,51,51662,Avenue de Rethel,49.2959047194,4.1279294466,Plein jour,En agglomération,Intersection en T,Normale,Sans collision,3,2,2,0,1,1,1,5,1,50,,1,0,0,0,1,29.0,,,,1,2,3,1,7
202100050673,2021-02-21 22:50:00,2021,2,21,22,50,51,51393,D22,49.1177866674,3.9150517325,Nuit sans éclairage public,Hors agglomération,Hors intersection,Normale,Sans collision,3,2,2,0,1,2,1,0,3,80,,4,0,0,0,4,58.0,,,,3,1,1,1,7
202100050674,2021-02-20 14:15:00,2021,2,20,14,15,56,56122,D 129,47.998607,-2.383802,Plein jour,Hors agglomération,Hors intersection,Normale,Sans collision,3,2,2,0,1,3,1,0,1,80,,2,1,0,1,0,23.0,52.0,,,1,1,1,1,7
202100050675,2021-02-21 15:45:00,2021,2,21,15,45,76,76446,Rue du Chêne à Leu,49.454562,0.994605,Plein jour,Hors agglomération,Intersection en X,Normale,Deux véhicules - côté,4,2,2,0,1,1,1,0,1,80,,3,1,0,1,1,57.0,52.0,,,1,1,2,1,3
202100050676,2021-02-21 16:30:00,2021,2,21,16,30,76,76455,D62,49.475779,1.421957,Plein jour,Hors agglomération,Hors intersection,Normale,Autre collision,3,2,2,0,1,1,1,0,8,80,,4,1,0,2,1,20.0,,,,1,1,1,1,6
202100050677,2021-02-22 07:05:00,2021,2,22,7,5,79,79123,La Roche au Cou Montigny,46.7958,-0.655982,Nuit sans éclairage public,Hors agglomération,Hors intersection,Pluie légère,Trois véhicules et plus - collisions multiples,3,2,2,0,2,1,2,0,1,-1,,3,0,0,1,2,45.0,33.0,,,3,1,1,2,5
202100050678,2021-02-22 10:00:00,2021,2,22,10,0,65,65129,D929 Route du Gers,43.311845414,0.5234599114,Plein jour,Hors agglomération,Hors intersection,Normale,Autre collision,3,2,2,0,1,1,1,0,3,90,,1,0,0,1,0,71.0,,,,1,1,1,1,6
202100050679,2021-02-21 16:35:00,2021,2,21,16,35,33,33518,Route des Côteaux,44.73358,-0.406891,Plein jour,Hors agglomération,Hors intersection,Temps couvert,Autre collision,3,2,2,0,1,3,1,0,1,80,,1,0,0,1,0,57.0,,,,1,1,1,8,6
202100050680,2021-02-21 17:20:00,2021,2,21,17,20,89,89351,14 Rue au Dela du Rû,47.448454,4.080015,Plein jour,En agglomération,Hors intersection,Normale,Autre collision,4,2,2,0,1,3,1,0,3,50,,1,0,0,1,0,45.0,,,,1,2,1,1,6
202100050681,2021-02-19 12:39:00,2021,2,19,12,39,61,61176,Route département D28,48.63773,-0.059214,Plein jour,Hors agglomération,Hors intersection,Normale,Autre collision,3,2,2,0,1,1,1,0,3,90,,1,0,0,1,0,26.0,,,,1,1,1,1,6
202100050682,2021-02-22 08:00:00,2021,2,22,8,0,46,46127,Route du Bos,44.753217,1.407194,Plein jour,En agglomération,Hors intersection,Vent fort / tempête,Autre collision,4,2,2,0,1,1,1,0,1,50,,1,0,1,0,0,78.0,,,,1,2,1,6,6
202100050683,2021-02-22 10:35:00,2021,2,22,10,35,68,68004,Route de Carspach,47.622443,7.232856,Plein jour,En agglomération,Giratoire,Normale,Deux véhicules - arrière,3,2,2,0,1,1,1,0,1,50,,2,1,0,0,1,54.0,46.0,,,1,2,6,1,2
202100050684,2021-02-21 17:00:00,2021,2,21,17,0,22,22078,Kergoff (Hengoat),48.7668030607,-3.1914058192,Plein jour,Hors agglomération,Hors intersection,Temps couvert,Autre collision,3,2,2,0,1,1,2,0,1,80,,2,1,0,1,0,16.0,57.0,,,1,1,1,8,6
202100050685,2021-02-09 08:00:00,2021,2,9,8,0,22,22147,Beau Soleil,48.194619,-2.453728,Crépuscule ou aube,Hors agglomération,Autre intersection,Normale,Deux véhicules - arrière,2,2,2,0,1,1,1,0,1,80,,2,0,0,1,1,25.0,31.0,,,2,1,9,1,2
202100050686,2021-02-19 13:55:00,2021,2,19,13,55,39,39526,,47.042485,5.41464,Plein jour,En agglomération,Giratoire,Normale,Deux véhicules - côté,4,2,2,0,1,1,1,5,1,50,,3,1,0,0,2,15.0,78.0,,,1,2,6,1,3
202100050687,2021-02-22 17:51:00,2021,2,22,17,51,38,38351,1464 Route Départementale 522,45.547319,5.251529,Crépuscule ou aube,Hors agglomération,Hors intersection,Normale,Autre collision,3,2,2,0,2,1,1,5,1,70,,2,1,0,1,0,22.0,,,,2,1,1,1,6
202100050688,2021-02-21 16:40:00,2021,2,21,16,40,26,26165,1150 Route Nationale 7,44.788171,4.849906,Plein jour,Hors agglomération,Intersection en T,Normale,Deux véhicules - côté,2,2,2,0,1,1,1,0,1,90,,2,1,0,1,0,19.0,34.0,,,1,1,3,1,3
202100050689,2021-02-21 10:30:00,2021,2,21,10,30,66,66192,N116,42.507002,2.139657,Plein jour,Hors agglomération,Hors intersection,Normale,Deux véhicules - frontale,2,2,2,0,2,3,1,0,1,80,,3,1,0,1,1,39.0,41.0,,,1,1,1,1,1
202100050690,2021-02-22 10:30:00,2021,2,22,10,30,64,64008,D18,43.144679,-1.159519,Plein jour,En agglomération,Hors intersection,Pluie légère,Deux véhicules - frontale,3,2,2,0,2,3,2,0,1,50,,2,1,0,0,1,41.0,41.0,,,1,2,1,2,1
202100050691,2021-02-22 14:50:00,2021,2,22,14,50,64,64065,D918,43.358535,-1.632779,Plein jour,Hors agglomération,Intersection en T,Pluie légère,Deux véhicules - frontale,3,2,2,0,2,1,2,0,1,70,,4,2,0,1,1,62.0,23.0,,,1,1,3,2,1
202100050692,2021-02-20 08:16:00,2021,2,20,8,16,64,64250,Route départementale 253,43.512376,-1.203601,Plein jour,En agglomération,Intersection en T,Normale,Deux véhicules - frontale,3,2,2,0,3,2,1,0,1,50,,2,1,0,0,1,35.0,36.0,,,1,2,3,1,1
202100050693,2021-02-21 15:40:00,2021,2,21,15,40,18,18273,route de Chateauneuf,46.856303,2.305702,Plein jour,En agglomération,Hors intersection,Normale,Deux véhicules - arrière,3,2,2,0,2,1,1,0,1,50,,2,1,0,1,0,58.0,39.0,,,1,2,1,1,2
202100050694,2021-02-21 16:45:00,2021,2,21,16,45,43,43162,D46,45.225018,4.030612,Plein jour,Hors agglomération,Hors intersection,Normale,Deux véhicules - côté,3,2,2,0,1,4,1,0,1,90,,2,1,0,1,0,46.0,49.0,,,1,1,1,1,3
202100050695,2021-02-19 06:45:00,2021,2,19,6,45,40,40209,D 810,43.569287,-1.441972,Crépuscule ou aube,En agglomération,Hors intersection,Normale,Deux véhicules - côté,3,3,2,0,1,1,1,0,1,50,,2,1,0,1,0,47.0,30.0,,,2,2,1,1,3
202100050696,2021-02-21 07:00:00,2021,2,21,7,0,24,24308,Lieu Dit les Couriveaux,45.346434,0.882592,Crépuscule ou aube,Hors agglomération,Hors intersection,Normale,Deux véhicules - frontale,3,2,2,0,1,1,1,0,1,80,,2,0,0,1,1,58.0,35.0,,,2,1,1,1,1
202100050697,2021-02-21 14:20:00,2021,2,21,14,20,27,27227,Route de Routot,49.385128,0.659834,Plein jour,Hors agglomération,Intersection en X,Normale,Deux véhicules - côté,3,2,2,0,1,1,1,0,1,50,,3,1,0,0,2,21.0,73.0,,,1,1,2,1,3
202100050698,2021-02-21 12:17:00,2021,2,21,12,17,52,52234,d214,48.155236,5.581806,Plein jour,Hors agglomération,Hors intersection,Normale,Autre collision,3,2,2,0,1,4,1,0,3,80,,2,0,0,1,1,61.0,,,,1,1,1,1,6
202100050699,2021-02-12 17:38:00,2021,2,12,17,38,73,73191,A43 - PK 76+800,45.563313,5.774367,Nuit sans éclairage public,Hors agglomération,Hors intersection,Neige / grêle,Deux véhicules - arrière,1,3,5,3,2,1,5,0,1,130,,2,1,0,0,1,23.0,27.0,,,3,1,1,4,2
202100050700,2021-02-14 18:00:00,2021,2,14,18,0,988,98817,AVENUE DES DEUX BAIES,-22.226839,166.504927,Nuit avec éclairage allumé,En agglomération,Giratoire,Normale,Autre collision,3,-1,2,0,1,3,1,5,8,50,,3,2,0,1,0,48.0,,,,5,2,6,1,6
202100050701,2021-02-19 17:20:00,2021,2,19,17,20,28,28374,D26,48.611561,1.435164,Plein jour,Hors agglomération,Hors intersection,Normale,Deux véhicules - frontale,3,2,2,0,2,1,1,0,1,80,,2,0,1,0,1,40.0,52.0,,,1,1,1,1,1
202100050702,2021-02-21 14:40:00,2021,2,21,14,40,45,45315,D59-PR 4 + 700,47.728124,2.346053,Plein jour,Hors agglomération,Hors intersection,Normale,Autre collision,3,2,2,0,1,1,1,0,3,90,,1,0,0,1,0,32.0,,,,1,1,1,1,6
202100050703,2021-02-20 17:35:00,2021,2,20,17,35,45,45324,Route de Chateauneuf,47.809437,2.205677,Plein jour,Hors agglomération,Intersection en T,Normale,Deux véhicules - côté,3,2,2,0,1,1,1,0,1,80,,3,1,0,2,0,37.0,21.0,,,1,1,3,1,3
202100050704,2021-02-21 17:05:00,2021,2,21,17,5,78,78548,route départementale 91,48.713087,2.001901,Plein jour,Hors agglomération,Intersection en X,Normale,Deux véhicules - côté,3,2,2,0,1,1,1,0,1,80,,2,1,0,1,0,40.0,17.0,,,1,1,2,1,3
202100050705,2021-02-21 10:10:00,2021,2,21,10,10,03,03186,Boulevard Jean Moulin,46.3203787618,2.9551550869,Plein jour,En agglomération,Intersection en X,Normale,Deux véhicules - côté,3,2,2,0,4,1,1,5,1,50,,2,1,0,1,0,63.0,23.0,,,1,2,2,1,3
202100050706,2021-02-21 15:00:00,2021,2,21,15,0,73,73036,LD Glapigny,45.750434,6.11578,Plein jour,Hors agglomération,Hors intersection,Normale,Sans collision,9,2,2,0,2,4,3,2,1,-1,,1,0,0,1,0,47.0,,,,1,1,1,1,7
202100050707,2021-02-22 09:45:00,2021,2,22,9,45,42,42124,Route de Saint Pierre de Boeuf,45.3726147118,4.704670608,Plein jour,En agglomération,Hors intersection,Normale,Deux véhicules - arrière,3,2,2,0,1,1,1,0,1,50,,2,1,0,1,0,32.0,30.0,,,1,2,1,1,2
202100050708,2021-02-21 15:25:00,2021,2,21,15,25,16,16234,Lieu-dit Les Branges,45.678923,-0.046574,Plein jour,Hors agglomération,Hors intersection,Temps couvert,Deux véhicules - frontale,2,2,2,0,1,1,1,0,1,80,,3,1,1,1,0,61.0,67.0,,,1,1,1,8,1
202100050709,2021-02-22 15:30:00,2021,2,22,15,30,14,14663,Boulevard Winston Churchill,49.284653,-0.695711,Plein jour,En agglomération,Intersection en X,Normale,Deux véhicules - arrière,3,2,2,0,2,1,1,0,1,50,,3,2,1,0,0,44.0,57.0,,,1,2,2,1,2
202100050710,2021-02-22 17:15:00,2021,2,22,17,15,60,60452,D508,49.2023557397,2.0127768515,Plein jour,Hors agglomération,Hors intersection,Normale,Sans collision,3,2,2,0,1,1,1,0,3,80,,1,0,0,0,1,19.0,,,,1,1,1,1,7
202100050711,2021-02-22 15:50:00,2021,2,22,15,50,02,02676,48 Rue des Annois,49.523927,3.850923,Plein jour,En agglomération,Hors intersection,Normale,Sans collision,4,2,2,0,1,1,1,0,1,50,,1,0,0,0,1,29.0,,,,1,2,1,1,7
202100050712,2021-02-20 13:45:00,2021,2,20,13,45,59,59611,rue de messines,50.69187,2.984553,Plein jour,Hors agglomération,Hors intersection,Normale,Deux véhicules - arrière,7,2,2,0,1,1,1,0,1,80,,2,1,0,1,0,23.0,29.0,,,1,1,1,1,2
202100050713,2021-02-21 12:20:00,2021,2,21,12,20,13,13055,A507 sens Aubagne- Marseille,43.329971,5.402894,Plein jour,Hors agglomération,Hors intersection,Normale,Trois véhicules et plus - en chaîne,1,1,3,0,1,1,1,0,1,70,,5,4,0,0,1,28.0,25.0,,,1,1,1,1,4
202100050714,2021-02-20 08:10:00,2021,2,20,8,10,13,13071,A7-Sens Marseille vers Lyon,43.40355,5.34351,Plein jour,Hors agglomération,Hors intersection,Normale,Deux véhicules - arrière,1,-1,4,0,1,1,1,0,1,90,,2,1,0,0,1,23.0,33.0,,,1,1,1,1,2
202100050715,2021-02-12 14:50:00,2021,2,12,14,50,69,69204,A450,45.68745,4.81117,Plein jour,Hors agglomération,Hors intersection,Normale,Trois véhicules et plus - en chaîne,1,3,4,0,1,1,2,0,1,90,,3,2,0,0,1,44.0,52.0,,,1,1,1,1,4
202100050716,2021-02-20 14:00:00,2021,2,20,14,0,69,69091,A47,45.5838068605,4.7465268406,Plein jour,Hors agglomération,Hors intersection,Normale,Trois véhicules et plus - en chaîne,1,3,4,0,1,1,1,0,1,90,,7,6,0,0,1,30.0,,,,1,1,1,1,4
202100050717,2021-02-21 15:05:00,2021,2,21,15,5,94,94034,AUTOROUTE A86,48.75687,2.33167,Plein jour,Hors agglomération,Hors intersection,Normale,Deux véhicules - arrière,1,3,4,0,1,1,1,1,1,70,,2,1,0,0,1,32.0,33.0,,,1,1,1,1,2
202100050718,2021-02-21 11:40:00,2021,2,21,11,40,91,91064,RN 118,48.74882,2.2001,Plein jour,Hors agglomération,Autre intersection,Normale,Deux véhicules - arrière,2,3,5,0,2,1,1,3,1,90,,2,1,0,0,1,21.0,29.0,,,1,1,9,1,2
202100050719,2021-02-21 01:25:00,2021,2,21,1,25,91,91689,AUTOROUTE A6A,48.73918,2.31888,Nuit sans éclairage public,Hors agglomération,Hors intersection,Normale,Autre collision,1,1,3,0,2,1,1,0,1,110,,4,3,0,1,0,,,,,3,1,1,1,6
202100050720,2021-02-20 21:40:00,2021,2,20,21,40,91,91689,AUTOROUTE A6,48.722211,2.311744,Nuit sans éclairage public,Hors agglomération,Hors intersection,Normale,Sans collision,1,3,6,0,1,1,1,0,1,110,,1,0,0,1,0,35.0,,,,3,1,1,1,7