accident_id,datetime,annee,mois,jour,heure,minute,departement,commune_insee,adresse,latitude,longitude,luminosite,agglomeration,intersection,meteo,collision,catr,circ,nbv,vosp,prof,plan,surf,infra,situ,vma,nb_vehicules,nb_usagers,nb_indemnes,nb_tues,nb_blesses_hosp,nb_blesses_legers,age_cond_1,age_cond_2,veh_type_cond_1,veh_type_cond_2,lum_code,agg_code,int_code,atm_code,col_code
202100050721,2021-02-20 15:30:00,2021,2,20,15,30,78,78423,N12Y,48.798461,2.002346,Plein jour,Hors agglomération,Hors intersection,Normale,Autre collision,2,1,1,0,1,1,1,0,1,70,,2,1,0,1,0,27.0,56.0,,,1,1,1,1,6
202100050722,2021-02-21 19:30:00,2021,2,21,19,30,93,93007,AUTOROUTE A3,48.9356146203,2.4805701017,Nuit sans éclairage public,Hors agglomération,Autre intersection,Normale,Trois véhicules et plus - en chaîne,1,3,6,0,4,1,1,0,1,70,,3,2,0,0,1,59.0,27.0,,,3,1,9,1,4
202100050723,2021-02-20 21:10:00,2021,2,20,21,10,93,93064,AUTOROUTE A86,48.8771,2.47767,Nuit sans éclairage public,Hors agglomération,Hors intersection,Normale,Autre collision,1,3,6,0,1,1,1,0,1,90,,2,0,1,0,1,29.0,,,,3,1,1,1,6
202100050724,2021-02-21 05:30:00,2021,2,21,5,30,93,93066,A1,48.90177,2.35899,Nuit sans éclairage public,Hors agglomération,Hors intersection,Normale,Autre collision,1,3,9,0,1,1,1,3,1,90,,1,0,0,0,1,25.0,,,,3,1,1,1,6
202100050725,2021-02-21 13:15:00,2021,2,21,13,15,94,94033,A86.EXT,48.8521422803,2.4902740888,Plein jour,Hors agglomération,Hors intersection,Normale,Deux véhicules - arrière,1,1,-1,0,1,1,1,0,1,90,,3,2,0,0,1,20.0,41.0,,,1,1,1,1,2
202100050726,2021-02-20 01:45:00,2021,2,20,1,45,974,97416,D28 LIGNE DES BAMBOUS,-21.29455,55.48872,Nuit avec éclairage allumé,En agglomération,Autre intersection,Autre,Sans collision,3,2,2,0,2,2,2,0,8,50,,1,0,1,0,0,23.0,,,,5,2,9,9,7
202100050727,2021-02-18 09:50:00,2021,2,18,9,50,973,97302,MADELEINE (ROUTE DE LA),4.92172,-52.32263,Plein jour,En agglomération,Intersection en T,Normale,Deux véhicules - côté,3,2,2,0,1,1,1,0,1,50,,2,1,0,0,1,21.0,51.0,,,1,2,3,1,3
202100050728,2021-02-20 18:15:00,2021,2,20,18,15,69,69387,TONY GARNIER                        (AV),45.726692316,4.8308575842,Nuit avec éclairage allumé,En agglomération,Intersection en X,Normale,Deux véhicules - côté,4,2,7,0,1,1,1,0,1,50,,2,1,0,0,1,60.0,21.0,,,5,2,2,1,3
202100050729,2021-02-20 17:20:00,2021,2,20,17,20,69,69259,FRANCIS DE PRESSENSE                (AV),45.72043,4.86769,Plein jour,En agglomération,Hors intersection,Normale,Deux véhicules - côté,4,2,2,3,1,1,1,9,4,30,,3,2,0,1,0,31.0,,,,1,2,1,1,3
202100050730,2021-02-19 11:25:00,2021,2,19,11,25,69,69259,FRANCIS DE PRESSENSE                (AV),45.7190941137,4.8686735629,Plein jour,En agglomération,Hors intersection,Normale,Deux véhicules - arrière,4,-1,2,0,1,1,1,0,1,50,,4,2,0,0,2,81.0,31.0,,,1,2,1,1,2
202100050731,2021-02-20 16:50:00,2021,2,20,16,50,69,69149,RHONE (DU) (AV),45.71715,4.81497,Plein jour,En agglomération,Autre intersection,Normale,Autre collision,4,1,1,3,1,1,1,9,1,30,,2,1,0,1,0,48.0,,,,1,2,9,1,6
202100050732,2021-02-20 15:30:00,2021,2,20,15,30,69,69382,PERRACHE (Q),45.7413007231,4.8241050725,Plein jour,En agglomération,Hors intersection,Normale,Trois véhicules et plus - en chaîne,4,2,2,0,1,1,1,0,1,50,,6,3,0,0,3,72.0,40.0,,,1,2,1,1,4
202100050733,2021-02-20 14:25:00,2021,2,20,14,25,69,69382,BAYARD (CR),45.7430008251,4.8233538876,Plein jour,En agglomération,Intersection en X,Normale,Deux véhicules - côté,4,2,2,0,1,1,1,0,1,30,,4,3,0,0,1,55.0,26.0,,,1,2,2,1,3
202100050734,2021-02-21 01:40:00,2021,2,21,1,40,95,95268,AV AMBROISE CROIZAT,48.96262,2.41335,Nuit avec éclairage allumé,En agglomération,Hors intersection,Normale,Deux véhicules - arrière,3,3,2,0,1,1,1,0,1,50,,2,1,0,0,1,24.0,24.0,,,5,2,1,1,2
202100050735,2021-02-18 12:45:00,2021,2,18,12,45,95,95197,HAUTE (HAUTE),48.977259,2.327421,Plein jour,En agglomération,Intersection en X,Pluie légère,Deux véhicules - côté,4,1,1,0,1,1,2,6,1,50,,2,1,0,0,1,63.0,27.0,,,1,2,2,2,3
202100050736,2021-02-20 16:45:00,2021,2,20,16,45,91,91549,RENE DESCARTES (RUE),48.642179,2.344967,Plein jour,En agglomération,Hors intersection,Normale,Deux véhicules - frontale,4,-1,1,0,1,3,1,0,1,30,,2,1,0,1,0,30.0,26.0,,,1,2,1,1,1
202100050737,2021-02-17 15:00:00,2021,2,17,15,0,91,91434,MONTLHERY (RUE DE),48.661063,2.344496,Plein jour,En agglomération,Hors intersection,Normale,Deux véhicules - arrière,4,2,2,0,1,1,1,0,1,50,,2,1,0,0,1,78.0,30.0,,,1,2,1,1,2
202100050738,2021-02-20 14:05:00,2021,2,20,14,5,91,91433,R.D.20,48.4589,2.17703,Plein jour,Hors agglomération,Hors intersection,Normale,Autre collision,3,3,4,0,1,1,1,0,1,90,,1,0,0,1,0,61.0,,,,1,1,1,1,6
202100050739,2021-02-19 11:30:00,2021,2,19,11,30,78,78440,SEINE (RUE DE),48.996833,1.913154,Plein jour,En agglomération,Hors intersection,Normale,Deux véhicules - côté,3,1,2,0,1,2,1,9,6,50,,2,1,0,1,0,32.0,25.0,,,1,2,1,1,3
202100050740,2021-02-19 11:56:00,2021,2,19,11,56,74,74305,VOIRONS (RUE DES),46.20211,6.2728,Plein jour,En agglomération,Autre intersection,Normale,Deux véhicules - côté,4,2,2,0,1,2,1,9,1,50,,2,1,0,0,1,26.0,66.0,,,1,2,9,1,3
202100050741,2021-02-20 16:10:00,2021,2,20,16,10,64,64102,SAINTE CROIX (AVENUE DE),43.49997,-1.45611,Plein jour,En agglomération,Intersection en X,Normale,Deux véhicules - côté,4,2,2,0,1,1,1,0,1,50,,2,1,0,1,0,25.0,47.0,,,1,2,2,1,3
202100050742,2021-02-20 16:55:00,2021,2,20,16,55,62,62193,BOURDELLE (RUE A.),50.951016,1.890217,Plein jour,En agglomération,Hors intersection,Normale,Autre collision,4,2,2,0,1,1,1,0,1,50,,2,1,0,1,0,53.0,,,,1,2,1,1,6
202100050743,2021-02-20 09:50:00,2021,2,20,9,50,51,51454,Rue Emile Druart,49.2705686665,4.0002805524,Plein jour,En agglomération,Hors intersection,Normale,Sans collision,4,2,2,0,1,1,1,0,8,50,,1,0,0,0,1,71.0,,,,1,2,1,1,7
202100050744,2021-02-18 13:55:00,2021,2,18,13,55,39,39198,63 Avenue du Maréchal de Lattre de Tassigny,47.105109,5.499078,Plein jour,En agglomération,Giratoire,Normale,Deux véhicules - côté,4,2,2,0,1,1,1,0,1,50,,2,1,0,1,0,19.0,24.0,,,1,2,6,1,3
202100050745,2021-02-20 23:55:00,2021,2,20,23,55,35,35238,Carrefour Georges Nitsch,48.10167,-1.68453,Nuit avec éclairage allumé,En agglomération,Intersection en X,Normale,Autre collision,4,3,3,3,2,3,1,5,1,50,,1,0,1,0,0,28.0,,,,5,2,2,1,6
202100050746,2021-02-20 16:05:00,2021,2,20,16,5,35,35238,ANTRAIN (D') DE 43 ET 80 A FIN,48.12058,-1.67202,Plein jour,En agglomération,Intersection en Y,Normale,Deux véhicules - côté,4,2,2,0,1,3,1,0,1,50,,2,1,0,0,1,40.0,56.0,,,1,2,4,1,3
202100050747,2021-02-19 02:05:00,2021,2,19,2,5,35,35238,DUJARDIN (QUAI),48.11018,-1.6742,Nuit avec éclairage allumé,En agglomération,Intersection en X,Normale,Deux véhicules - côté,4,2,0,3,2,1,1,5,1,30,,2,1,0,0,1,33.0,22.0,,,5,2,2,1,3
202100050748,2021-02-20 16:50:00,2021,2,20,16,50,33,33281,Avenue de la Libération,44.85624,-0.64366,Plein jour,En agglomération,Giratoire,Normale,Deux véhicules - côté,4,2,2,0,1,1,1,0,1,50,,2,1,0,0,1,17.0,58.0,,,1,2,6,1,3
202100050749,2021-02-16 15:20:00,2021,2,16,15,20,22,22113,SAINT PIERRE (RUE),48.75218,-3.45432,Plein jour,En agglomération,Hors intersection,Pluie forte,Deux véhicules - arrière,3,2,2,0,1,1,2,0,1,50,,2,1,0,0,1,70.0,16.0,,,1,2,1,3,2
202100050750,2021-02-19 17:35:00,2021,2,19,17,35,17,17306,GRANDE CONCHE (DE LA) (AV),45.62341,-1.02274,Plein jour,En agglomération,Hors intersection,Normale,Autre collision,3,2,2,0,1,1,1,0,1,50,,2,1,0,1,0,63.0,,,,1,2,1,1,6
202100050751,2021-02-20 18:30:00,2021,2,20,18,30,13,13209,MORGIOU (chemin de ),43.2389330689,5.4082062493,Nuit sans éclairage public,En agglomération,Intersection en T,Normale,Deux véhicules - côté,4,2,0,0,1,1,1,0,1,50,,2,1,0,0,1,42.0,28.0,,,3,2,3,1,3
202100050752,2021-02-19 22:10:00,2021,2,19,22,10,13,13203,NATIONAL (BOULEVARD),43.30984,5.379,Nuit avec éclairage allumé,En agglomération,Intersection en X,Normale,Deux véhicules - côté,4,1,2,0,1,1,1,0,1,50,,5,1,0,1,3,,,,,5,2,2,1,3
202100050753,2021-02-20 12:30:00,2021,2,20,12,30,13,13075,PAUL SIRVENT (AVE),43.343887,5.46516,Plein jour,En agglomération,Hors intersection,Normale,Deux véhicules - côté,7,2,2,1,2,1,1,0,1,50,,2,1,0,0,1,78.0,63.0,,,1,2,1,1,3
202100050754,2021-02-20 11:20:00,2021,2,20,11,20,13,13202,CARGO RHIN FIDELI (RUE),43.327133,5.357263,Plein jour,En agglomération,Hors intersection,Normale,Deux véhicules - arrière,7,1,3,0,1,2,1,0,1,50,,3,2,0,0,1,50.0,25.0,,,1,2,1,1,2
202100050755,2021-02-20 15:00:00,2021,2,20,15,0,13,13047,RD 569,43.5450920101,4.9728022703,Plein jour,Hors agglomération,Hors intersection,Normale,Sans collision,7,2,2,0,1,1,1,0,3,70,,1,0,0,0,1,81.0,,,,1,1,1,1,7
202100050756,2021-02-20 14:50:00,2021,2,20,14,50,13,13001,RN 296,43.53253,5.429595,Plein jour,Hors agglomération,Autre intersection,Normale,Trois véhicules et plus - en chaîne,2,1,2,0,2,1,1,0,1,90,,6,5,0,1,0,34.0,38.0,,,1,1,9,1,4
202100050757,2021-02-19 17:30:00,2021,2,19,17,30,12,12100,Place Irenée Quintard,44.54071,2.30705,Plein jour,En agglomération,Hors intersection,Normale,Autre collision,4,2,2,0,1,2,1,0,1,50,,1,0,0,1,0,35.0,,,,1,2,1,1,6
202100050758,2021-02-20 22:25:00,2021,2,20,22,25,06,06088,PAPE JEAN XXIII (BD),43.70849,7.29325,Nuit avec éclairage allumé,En agglomération,Hors intersection,Normale,Deux véhicules - côté,4,1,1,0,1,1,1,0,1,50,,2,1,0,1,0,,44.0,,,5,2,1,1,3
202100050759,2021-02-20 14:03:00,2021,2,20,14,3,06,06088,GAMBETTA (A PARTIR DU N° 63-74),43.70805,7.25607,Plein jour,En agglomération,Hors intersection,Normale,Deux véhicules - côté,4,2,4,0,2,1,1,0,1,50,,4,2,0,2,0,39.0,61.0,,,1,2,1,1,3
202100050760,2021-02-11 15:47:00,2021,2,11,15,47,03,03321,56 Boulevard Saint-Exupéry,46.55637,3.35149,Plein jour,En agglomération,Intersection en X,Normale,Deux véhicules - côté,4,2,1,0,1,1,1,0,1,50,,2,1,0,0,1,,17.0,,,1,2,2,1,3
202100050761,2021-02-20 19:06:00,2021,2,20,19,6,75,75120,PORTE DE VINCENNES,48.849145,2.41514,Nuit avec éclairage allumé,En agglomération,Hors intersection,Normale,Trois véhicules et plus - en chaîne,4,1,4,0,1,1,1,0,1,70,,3,2,0,0,1,46.0,50.0,,,5,2,1,1,4
202100050762,2021-02-19 13:40:00,2021,2,19,13,40,75,75120,PORTE DES LILAS,48.872376,2.412504,Plein jour,En agglomération,Hors intersection,Normale,Trois véhicules et plus - en chaîne,4,1,4,0,1,1,1,1,1,70,,3,2,0,0,1,56.0,31.0,,,1,2,1,1,4
202100050763,2021-02-20 15:45:00,2021,2,20,15,45,75,75120,RUE DES RIGOLES,48.87361,2.390376,Plein jour,En agglomération,Intersection en X,Normale,Autre collision,4,1,1,0,1,1,1,0,1,50,,2,1,0,0,1,67.0,,,,1,2,2,1,6
202100050764,2021-02-20 14:08:00,2021,2,20,14,8,75,75119,AVENUE DE FLANDRE,48.894431,2.381483,Plein jour,En agglomération,Intersection en X,Normale,Deux véhicules - côté,4,2,5,1,1,1,1,-1,5,50,,2,1,0,0,1,44.0,47.0,,,1,2,2,1,3
202100050765,2021-02-20 17:10:00,2021,2,20,17,10,75,75118,AVENUE DE LA PORTE DE MONTMARTRE,48.898453,2.336874,Plein jour,En agglomération,Hors intersection,Normale,Sans collision,4,2,2,0,1,1,1,0,1,50,,1,0,0,0,1,60.0,,,,1,2,1,1,7
202100050766,2021-02-20 17:55:00,2021,2,20,17,55,75,75115,PLACE ETIENNE PERNET,48.843002,2.292683,Nuit avec éclairage allumé,En agglomération,Hors intersection,Normale,Sans collision,4,1,1,0,1,1,1,0,4,30,,1,0,0,0,1,53.0,,,,5,2,1,1,7
202100050767,2021-02-20 13:15:00,2021,2,20,13,15,75,75115,QUAI DE GRENELLE,48.8526,2.286181,Plein jour,En agglomération,Intersection en T,Normale,Trois véhicules et plus - collisions multiples,4,2,5,1,1,1,1,0,1,50,,3,2,0,0,1,28.0,22.0,,,1,2,3,1,5
202100050768,2021-02-20 11:25:00,2021,2,20,11,25,75,75112,AVENUE DAUMESNIL,48.834986,2.419802,Plein jour,En agglomération,Intersection en X,Normale,Deux véhicules - côté,4,2,2,0,1,1,1,0,1,50,,2,1,0,0,1,50.0,46.0,,,1,2,2,1,3
202100050769,2021-02-19 21:50:00,2021,2,19,21,50,75,75112,RUE DU FAUBOURG SAINT ANTOINE,48.849108,2.391012,Nuit avec éclairage allumé,En agglomération,Hors intersection,Normale,Deux véhicules - arrière,4,2,2,0,1,1,1,0,1,30,,2,1,0,0,1,,21.0,,,5,2,1,1,2
202100050770,2021-02-20 17:30:00,2021,2,20,17,30,75,75111,BOULEVARD VOLTAIRE,48.856179,2.38283,Plein jour,En agglomération,Intersection en X,Normale,Autre collision,4,2,4,1,1,1,1,-1,5,50,,2,1,0,0,1,44.0,,,,1,2,2,1,6
202100050771,2021-02-20 16:30:00,2021,2,20,16,30,75,75111,BOULEVARD DES FILLES DU CALVAIRE,48.862473,2.36689,Plein jour,En agglomération,Intersection en X,Normale,Deux véhicules - arrière,4,2,4,3,1,1,1,0,1,50,,3,2,0,0,1,28.0,40.0,,,1,2,2,1,2
202100050772,2021-02-19 23:09:00,2021,2,19,23,9,75,75107,AVENUE DE VILLARS,48.851766,2.313855,Nuit avec éclairage allumé,En agglomération,Intersection en X,Normale,Sans collision,4,2,2,0,1,1,1,0,1,50,,2,1,0,0,1,21.0,,,,5,2,2,1,7
202100050773,2021-02-20 19:45:00,2021,2,20,19,45,75,75103,RUE DES FRANCS BOURGEOIS,48.857378,2.361454,Nuit avec éclairage allumé,En agglomération,Hors intersection,Normale,Deux véhicules - côté,4,1,1,3,1,1,1,0,1,50,,2,1,0,0,1,67.0,40.0,,,5,2,1,1,3
202100050774,2021-02-20 13:50:00,2021,2,20,13,50,75,75102,RUE DES JEUNEURS,48.869315,2.345421,Plein jour,En agglomération,Hors intersection,Normale,Autre collision,4,-1,1,1,1,1,1,0,1,30,,2,1,0,0,1,46.0,,,,1,2,1,1,6
202100050775,2021-02-20 00:05:00,2021,2,20,0,5,75,75115,RUE DE LA CONVENTION,48.839971,2.290359,Nuit avec éclairage allumé,En agglomération,Intersection en X,Normale,Deux véhicules - côté,4,2,2,0,1,1,1,0,1,50,,5,0,0,0,5,32.0,24.0,,,5,2,2,1,3
202100050776,2021-02-20 14:20:00,2021,2,20,14,20,94,94043,CARNOT (R),48.80874,2.36809,Plein jour,En agglomération,Hors intersection,Normale,Deux véhicules - arrière,4,1,1,0,1,1,1,9,1,50,,2,1,0,0,1,49.0,,,,1,2,1,1,2
202100050777,2021-02-20 19:20:00,2021,2,20,19,20,94,94044,Avenue du 8 Mai 1945,48.75152,2.49057,Nuit avec éclairage allumé,En agglomération,Giratoire,Normale,Autre collision,3,1,1,0,1,3,1,5,1,50,,1,0,0,0,1,25.0,,,,5,2,6,1,6
202100050778,2021-02-20 17:20:00,2021,2,20,17,20,93,93073,VILLEPINTE (ROUTE DE),48.98053,2.534,Plein jour,En agglomération,Hors intersection,Normale,Sans collision,4,1,1,0,1,1,1,0,1,30,,2,0,0,2,0,20.0,,,,1,2,1,1,7
202100050779,2021-02-20 11:00:00,2021,2,20,11,0,93,93078,DAMBEL (AVENUE EMILE),48.95125,2.55247,Plein jour,En agglomération,Hors intersection,Normale,Autre collision,4,2,2,0,1,1,1,0,1,50,,2,1,0,0,1,84.0,,,,1,2,1,1,6
202100050780,2021-02-20 16:50:00,2021,2,20,16,50,93,93031,PARIS (RUE DE),48.9542310245,2.3100559569,Plein jour,En agglomération,Hors intersection,Normale,Sans collision,4,2,2,0,1,1,1,0,1,30,,2,1,0,0,1,30.0,,,,1,2,1,1,7
202100050781,2021-02-20 18:10:00,2021,2,20,18,10,92,92026,BOULEVARD CIRCULAIRE,48.8876815526,2.2522777319,Crépuscule ou aube,En agglomération,Intersection en Y,Normale,Deux véhicules - côté,2,1,0,0,1,1,1,0,1,70,,4,3,0,0,1,26.0,41.0,,,2,2,4,1,3
202100050782,2021-02-20 15:20:00,2021,2,20,15,20,92,92024,CLICHY (QUAI DE) DE (8 A 60),48.9050404203,2.2932010325,Plein jour,En agglomération,Intersection en T,Normale,Deux véhicules - côté,3,1,2,0,1,1,1,0,1,50,,3,1,0,0,2,54.0,37.0,,,1,2,3,1,3
202100050783,2021-02-20 18:05:00,2021,2,20,18,5,92,92019,ALLENDE SALVATOR (CARREFOUR),48.7640157338,2.2719356418,Plein jour,En agglomération,Intersection en X,Normale,Deux véhicules - côté,3,2,2,0,1,1,1,5,1,50,,2,1,0,0,1,37.0,30.0,,,1,2,2,1,3
202100050784,2021-02-20 19:40:00,2021,2,20,19,40,92,92012,EDOUARD VAILLANT (AVENUE) - DEBUT/55 - C,48.8354542452,2.2495151311,Nuit avec éclairage allumé,En agglomération,Intersection en X,Normale,Deux véhicules - côté,3,2,5,0,1,1,1,0,1,50,,2,1,0,0,1,28.0,26.0,,,5,2,2,1,3
202100050785,2021-02-21 12:00:00,2021,2,21,12,0,2A,2A272,La Madunina RT40,41.6428513675,8.9574198774,Plein jour,Hors agglomération,Intersection en T,Normale,Trois véhicules et plus - collisions multiples,2,2,2,0,1,1,1,0,1,80,,3,2,0,1,0,81.0,18.0,,,1,1,3,1,5
202100050786,2021-02-21 17:15:00,2021,2,21,17,15,38,38536,Chemin des Anduires,45.43985,4.91573,Crépuscule ou aube,Hors agglomération,Hors intersection,Normale,Sans collision,4,2,2,0,2,2,1,0,1,80,,1,0,0,0,1,16.0,,,,2,1,1,1,7
202100050787,2021-02-20 18:25:00,2021,2,20,18,25,09,09167,Lieu-dit l'Orée du Bois,43.277578,1.318429,Crépuscule ou aube,Hors agglomération,Hors intersection,Vent fort / tempête,Autre collision,4,2,2,0,1,2,1,0,3,80,,2,0,0,1,1,44.0,,,,2,1,1,6,6
202100050788,2021-02-20 19:40:00,2021,2,20,19,40,95,95313,RN 184,49.105824513,2.2588680919,Nuit avec éclairage allumé,Hors agglomération,Hors intersection,Normale,Deux véhicules - arrière,2,1,2,0,1,2,1,3,2,90,,2,1,0,0,1,29.0,46.0,,,5,1,1,1,2
202100050789,2021-02-20 11:35:00,2021,2,20,11,35,21,21638,A31,47.512688,5.195777,Plein jour,Hors agglomération,Hors intersection,Normale,Deux véhicules - arrière,1,3,5,0,1,1,1,0,1,130,,2,1,0,1,0,29.0,76.0,,,1,1,1,1,2
202100050790,2021-02-21 11:50:00,2021,2,21,11,50,71,71383,autoroute A6 PK 374+029 sens LYON PARIS,46.423526,4.867308,Plein jour,Hors agglomération,Hors intersection,Temps éblouissant,Deux véhicules - frontale,1,3,5,0,1,1,1,0,1,130,,4,3,0,0,1,25.0,35.0,,,1,1,1,7,1
202100050791,2021-02-21 15:00:00,2021,2,21,15,0,83,83148,Boulevard des Vallons,43.427613,6.444088,Plein jour,En agglomération,Hors intersection,Vent fort / tempête,Deux véhicules - côté,4,2,2,0,2,1,1,0,1,50,,3,1,0,1,1,16.0,38.0,,,1,2,1,6,3
202100050792,2021-02-21 10:14:00,2021,2,21,10,14,63,63048,route départementale 2089,45.650386,2.572914,Plein jour,Hors agglomération,Hors intersection,Normale,Autre collision,3,2,2,0,4,1,1,0,3,80,,1,0,0,1,0,36.0,,,,1,1,1,1,6
202100050793,2021-02-20 13:50:00,2021,2,20,13,50,28,28337,Rue de Beauce,48.412194,1.385071,Plein jour,En agglomération,Hors intersection,Normale,Deux véhicules - côté,3,2,2,0,1,4,1,0,1,50,,3,1,0,1,1,38.0,72.0,,,1,2,1,1,3
202100050794,2021-02-20 16:00:00,2021,2,20,16,0,83,83036,Departemental 559,43.166167,6.517741,Plein jour,En agglomération,Hors intersection,Normale,Trois véhicules et plus - collisions multiples,3,2,2,0,1,3,1,0,1,-1,,3,2,0,1,0,70.0,51.0,,,1,2,1,1,5
202100050795,2021-02-21 11:45:00,2021,2,21,11,45,74,74150,Rte de Marcorens,46.272817,6.313287,Plein jour,En agglomération,Hors intersection,Normale,Deux véhicules - frontale,3,2,2,0,2,1,1,0,1,50,,2,1,0,0,1,61.0,67.0,,,1,2,1,1,1
202100050796,2021-02-20 15:25:00,2021,2,20,15,25,57,57640,"32, rue jeanne d'arc",49.369137,6.579165,Plein jour,En agglomération,Autre intersection,Temps éblouissant,Deux véhicules - côté,3,2,2,0,2,3,1,0,1,50,,3,1,0,0,2,37.0,42.0,,,1,2,9,7,3
202100050797,2021-02-20 13:00:00,2021,2,20,13,0,95,95594,RD 922,49.1254065456,2.3975953962,Plein jour,Hors agglomération,Hors intersection,Normale,Deux véhicules - arrière,3,2,2,0,3,2,1,0,3,80,,2,1,0,0,1,24.0,38.0,,,1,1,1,1,2
202100050798,2021-02-20 17:07:00,2021,2,20,17,7,56,56133,Bellevue,47.823349,-2.378604,Plein jour,Hors agglomération,Intersection en Y,Normale,Deux véhicules - côté,3,2,2,0,1,2,1,0,1,80,,2,1,0,1,0,28.0,78.0,,,1,1,4,1,3
202100050799,2021-02-20 17:00:00,2021,2,20,17,0,67,67281,10 Rue du Lavoir,48.16747,7.548633,Plein jour,En agglomération,Hors intersection,Normale,Deux véhicules - frontale,4,2,2,0,1,1,1,0,1,30,,2,1,0,0,1,19.0,15.0,,,1,2,1,1,1
202100050800,2021-02-21 10:15:00,2021,2,21,10,15,80,80199,RD 938,49.958268,2.874362,Plein jour,Hors agglomération,Hors intersection,Normale,Deux véhicules - frontale,3,2,2,0,2,1,1,0,1,80,,5,2,0,2,1,36.0,22.0,,,1,1,1,1,1
202100050801,2021-02-20 22:30:00,2021,2,20,22,30,82,82167,route d'albi,43.969515,1.422472,Nuit avec éclairage allumé,En agglomération,Hors intersection,Normale,Autre collision,3,2,2,0,1,1,1,9,3,50,,3,0,0,1,2,20.0,,,,5,2,1,1,6
202100050802,2021-02-21 10:30:00,2021,2,21,10,30,11,11390,D611,43.110359,2.757429,Plein jour,Hors agglomération,Intersection en T,Normale,Deux véhicules - côté,3,2,2,0,1,2,1,0,1,80,,2,1,0,0,1,28.0,89.0,,,1,1,3,1,3
202100050803,2021-02-21 06:30:00,2021,2,21,6,30,49,49211,D748,47.1821681462,-0.5235671997,Nuit avec éclairage allumé,Hors agglomération,Hors intersection,Normale,Deux véhicules - frontale,3,2,2,0,1,1,1,0,1,90,,2,1,0,1,0,53.0,22.0,,,5,1,1,1,1
202100050804,2021-02-19 13:30:00,2021,2,19,13,30,12,12119,23 Allée de l'Amicale,44.683749,2.849123,Plein jour,En agglomération,Hors intersection,Normale,Autre collision,3,2,2,0,1,1,1,0,4,50,,1,0,1,0,0,82.0,,,,1,2,1,1,6
202100050805,2021-02-21 10:05:00,2021,2,21,10,5,47,47049,33 Allee des Promenades,44.443182,0.622476,Plein jour,En agglomération,Giratoire,Vent fort / tempête,Autre collision,3,1,2,0,1,1,1,0,1,50,,2,1,0,1,0,71.0,,,,1,2,6,6,6
202100050806,2021-02-21 16:25:00,2021,2,21,16,25,25,25387,D 437,47.280583,6.826522,Plein jour,Hors agglomération,Intersection en T,Normale,Deux véhicules - frontale,3,2,2,0,2,3,1,5,1,80,,3,2,0,1,0,23.0,23.0,,,1,1,3,1,1
202100050807,2021-02-21 20:05:00,2021,2,21,20,5,29,29171,D785 - Lieu dit Kerouze,47.8328191195,-4.3003778457,Nuit sans éclairage public,Hors agglomération,Intersection en T,Pluie forte,Trois véhicules et plus - collisions multiples,3,2,2,0,1,1,2,5,1,80,,3,1,0,0,2,42.0,72.0,,,3,1,3,3,5
202100050808,2021-02-21 16:20:00,2021,2,21,16,20,29,29220,Route de Quimper,47.879376,-4.216926,Plein jour,En agglomération,Hors intersection,Normale,Sans collision,4,2,1,0,1,3,1,0,1,50,,1,0,0,0,1,15.0,,,,1,2,1,1,7
202100050809,2021-02-19 10:00:00,2021,2,19,10,0,31,31232,Avenue de Guiraudis - D29,43.770327,1.286495,Plein jour,En agglomération,Giratoire,Normale,Deux véhicules - côté,3,2,2,0,1,1,1,0,1,50,,2,1,0,1,0,27.0,59.0,,,1,2,6,1,3
202100050810,2021-02-21 15:00:00,2021,2,21,15,0,02,02178,départementale 19,49.46332,3.73606,Plein jour,Hors agglomération,Hors intersection,Normale,Sans collision,3,2,2,0,1,1,1,0,1,80,,1,0,0,0,1,33.0,,,,1,1,1,1,7
202100050811,2021-02-20 23:57:00,2021,2,20,23,57,01,01246,683 Chemin de la Pernette,46.238693,5.052649,Nuit sans éclairage public,En agglomération,Autre intersection,Normale,Autre collision,4,2,2,0,1,1,1,9,3,50,,1,0,0,0,1,20.0,,,,3,2,9,1,6
202100050812,2021-02-21 17:55:00,2021,2,21,17,55,54,54327,RD 908  ,48.7184606141,5.853867531,Crépuscule ou aube,Hors agglomération,Hors intersection,Normale,Deux véhicules - côté,3,2,2,0,1,1,1,0,1,80,,5,4,1,0,0,56.0,22.0,,,2,1,1,1,3
202100050813,2021-02-20 13:00:00,2021,2,20,13,0,72,72127,Lieu Dit la Pinsonniere,47.971795,0.066406,Plein jour,Hors agglomération,Hors intersection,Normale,Deux véhicules - côté,3,2,2,0,1,2,1,0,1,80,,2,1,0,0,1,38.0,39.0,,,1,1,1,1,3
202100050814,2021-02-20 14:28:00,2021,2,20,14,28,14,14506,Lieu Dit Lignerolles,49.156595,-0.839133,Plein jour,Hors agglomération,Hors intersection,Normale,Deux véhicules - arrière,4,-1,2,0,1,1,1,0,1,80,,2,0,0,2,0,72.0,57.0,,,1,1,1,1,2
202100050815,2021-02-20 23:15:00,2021,2,20,23,15,05,05115,Route des 3 Alpes,44.4675064688,6.159653,Nuit sans éclairage public,Hors agglomération,Hors intersection,Normale,Autre collision,3,2,2,0,1,1,1,0,3,90,,1,0,0,0,1,27.0,,,,3,1,1,1,6