accident_id,datetime,annee,mois,jour,heure,minute,departement,commune_insee,adresse,latitude,longitude,luminosite,agglomeration,intersection,meteo,collision,catr,circ,nbv,vosp,prof,plan,surf,infra,situ,vma,nb_vehicules,nb_usagers,nb_indemnes,nb_tues,nb_blesses_hosp,nb_blesses_legers,age_cond_1,age_cond_2,veh_type_cond_1,veh_type_cond_2,lum_code,agg_code,int_code,atm_code,col_code
202100050816,2021-02-21 10:50:00,2021,2,21,10,50,64,64377,départementale 22,43.352911,-1.270468,Plein jour,Hors agglomération,Hors intersection,Normale,Deux véhicules - frontale,3,2,2,0,3,3,1,0,1,80,,2,1,0,1,0,25.0,24.0,,,1,1,1,1,1
202100050817,2021-02-21 10:14:00,2021,2,21,10,14,43,43185,D651,45.401399,3.303291,Plein jour,Hors agglomération,Hors intersection,Normale,Sans collision,3,2,2,0,2,2,1,0,8,-1,,3,1,0,1,1,57.0,,,,1,1,1,1,7
202100050818,2021-02-20 19:00:00,2021,2,20,19,0,43,43216,Pierre Brune,45.1397386423,3.7883602655,Nuit sans éclairage public,Hors agglomération,Hors intersection,Vent fort / tempête,Deux véhicules - arrière,3,3,2,0,1,1,1,0,1,90,,2,1,0,0,1,31.0,31.0,,,3,1,1,6,2
202100050819,2021-02-19 11:00:00,2021,2,19,11,0,10,10323,Rue Locarno,48.503638,3.729056,Plein jour,En agglomération,Intersection en T,Normale,Deux véhicules - côté,4,2,2,0,1,1,1,0,1,50,,2,1,0,0,1,29.0,24.0,,,1,2,3,1,3
202100050820,2021-02-19 16:15:00,2021,2,19,16,15,16,16180,Lieu-dit Le Pont,45.277121,0.188892,Plein jour,Hors agglomération,Hors intersection,Normale,Sans collision,3,-1,2,0,1,1,1,0,8,80,,2,1,0,1,0,88.0,,,,1,1,1,1,7
202100050821,2021-02-21 09:00:00,2021,2,21,9,0,53,53229,rue de la mairie,48.13022,-0.751032,Plein jour,En agglomération,Giratoire,Normale,Deux véhicules - côté,3,1,1,0,1,2,1,5,1,50,,2,0,0,1,1,35.0,49.0,,,1,2,6,1,3
202100050822,2021-02-20 07:15:00,2021,2,20,7,15,40,40046,Avenue Marechal Lyautey,44.390766,-1.160849,Crépuscule ou aube,En agglomération,Hors intersection,Normale,Deux véhicules - côté,3,2,2,0,1,1,1,0,1,50,,2,1,0,1,0,46.0,61.0,,,2,2,1,1,3
202100050823,2021-02-21 11:30:00,2021,2,21,11,30,04,04018,RD 950,44.040124,5.668854,Plein jour,Hors agglomération,Hors intersection,Normale,Autre collision,3,2,2,0,1,2,1,0,3,80,,1,0,0,1,0,63.0,,,,1,1,1,1,6
202100050824,2021-02-21 09:45:00,2021,2,21,9,45,04,04155,RD 807 - Avant le hameau de CHANOLLES,44.154553,6.416933,Plein jour,Hors agglomération,Hors intersection,Normale,Autre collision,3,2,2,0,1,4,1,0,3,80,,1,0,1,0,0,72.0,,,,1,1,1,1,6
202100050825,2021-02-20 12:10:00,2021,2,20,12,10,85,85034,La Borelière,46.615256,-1.149128,Plein jour,Hors agglomération,Intersection en X,Normale,Deux véhicules - frontale,3,2,2,0,2,1,1,0,1,70,,3,1,0,1,1,20.0,30.0,,,1,1,2,1,1
202100050826,2021-02-19 10:10:00,2021,2,19,10,10,17,17434,Rue Audry de Puyravault,46.109085,-0.755281,Plein jour,En agglomération,Hors intersection,Normale,Autre collision,3,2,2,0,1,1,1,0,1,50,,1,0,0,1,0,42.0,,,,1,2,1,1,6
202100050827,2021-02-19 14:00:00,2021,2,19,14,0,30,30179,D986l,43.870437,4.584225,Plein jour,Hors agglomération,Intersection en T,Normale,Deux véhicules - côté,3,2,2,0,1,1,1,0,1,80,,2,1,0,1,0,41.0,29.0,,,1,1,3,1,3
202100050828,2021-02-20 17:35:00,2021,2,20,17,35,52,52550,D2,48.515833,4.93601,Plein jour,Hors agglomération,Hors intersection,Normale,Deux véhicules - frontale,3,2,2,0,1,4,1,0,1,90,,2,0,0,2,0,61.0,51.0,,,1,1,1,1,1
202100050829,2021-02-20 15:45:00,2021,2,20,15,45,52,52369,"D148 - Lieu-dit ""le cul du cerf""",48.321125,5.417724,Plein jour,Hors agglomération,Hors intersection,Normale,Sans collision,3,2,2,0,1,1,1,0,3,80,,3,2,0,0,1,20.0,23.0,,,1,1,1,1,7
202100050830,2021-02-20 16:50:00,2021,2,20,16,50,01,01296,A39,46.393671,5.273623,Plein jour,Hors agglomération,Hors intersection,Normale,Deux véhicules - arrière,1,3,2,0,1,1,1,0,1,130,,2,1,0,0,1,31.0,43.0,,,1,1,1,1,2
202100050831,2021-02-20 21:10:00,2021,2,20,21,10,973,97305,"PK 15.800, route nationale 1",4.9406024639,-52.4118833543,Nuit sans éclairage public,Hors agglomération,Hors intersection,Normale,Deux véhicules - arrière,2,2,2,0,1,1,1,0,1,80,,2,1,1,0,0,54.0,32.0,,,3,1,1,1,2
202100050832,2021-02-20 20:40:00,2021,2,20,20,40,55,55340,D997,48.791033,4.996977,Nuit sans éclairage public,Hors agglomération,Hors intersection,Normale,Sans collision,3,2,2,0,1,1,1,0,1,-1,,1,0,0,1,0,46.0,,,,3,1,1,1,7
202100050833,2021-02-20 15:55:00,2021,2,20,15,55,54,54588,Route nationale 4,48.6060710649,6.4350914957,Plein jour,Hors agglomération,Hors intersection,Normale,Sans collision,3,2,2,0,1,1,1,0,8,80,,1,0,0,1,0,49.0,,,,1,1,1,1,7
202100050834,2021-02-21 12:40:00,2021,2,21,12,40,54,54150,route départementale 40,48.7755866413,6.1462283129,Plein jour,Hors agglomération,Hors intersection,Normale,Sans collision,3,2,2,0,2,1,1,0,3,80,,1,0,1,0,0,37.0,,,,1,1,1,1,7
202100050835,2021-02-20 17:15:00,2021,2,20,17,15,57,57206,Rue de la Saône,49.306462,6.098759,Plein jour,En agglomération,Intersection en T,Normale,Deux véhicules - frontale,4,2,2,0,1,1,1,0,1,50,,2,1,0,0,1,30.0,9.0,,,1,2,3,1,1
202100050836,2021-02-19 15:15:00,2021,2,19,15,15,73,73303,PARC DES BERGES,45.74629,6.416611,Plein jour,En agglomération,Hors intersection,Normale,Autre collision,9,2,-1,1,1,1,1,-1,5,-1,,2,1,0,1,0,22.0,,,,1,2,1,1,6
202100050837,2021-02-21 14:30:00,2021,2,21,14,30,42,42005,Rue Lamartine,45.526915,4.269669,Plein jour,En agglomération,Hors intersection,Normale,Deux véhicules - frontale,4,2,2,0,1,1,1,0,1,50,,2,1,0,1,0,20.0,26.0,,,1,2,1,1,1
202100050838,2021-02-21 13:00:00,2021,2,21,13,0,07,07169,RD 86,45.16691,4.807286,Plein jour,Hors agglomération,Hors intersection,Normale,Autre collision,3,2,2,0,1,1,1,0,1,80,,2,0,0,0,2,50.0,,,,1,1,1,1,6
202100050839,2021-02-21 00:45:00,2021,2,21,0,45,01,01211,,46.130876,5.191362,Nuit sans éclairage public,Hors agglomération,Hors intersection,Normale,Autre collision,3,2,2,0,2,1,1,0,1,80,,1,0,0,1,0,22.0,,,,3,1,1,1,6
202100050840,2021-02-21 09:50:00,2021,2,21,9,50,81,81117,d26,43.796237,1.982818,Plein jour,Hors agglomération,Hors intersection,Vent fort / tempête,Deux véhicules - côté,3,2,2,0,2,3,1,0,1,80,,3,2,0,0,1,25.0,67.0,,,1,1,1,6,3
202100050841,2021-02-21 04:30:00,2021,2,21,4,30,62,62589,D49,50.346367,2.666841,Nuit sans éclairage public,Hors agglomération,Hors intersection,Normale,Autre collision,3,2,2,0,1,3,1,0,1,80,,3,1,1,1,0,19.0,,,,3,1,1,1,6
202100050842,2021-02-20 14:30:00,2021,2,20,14,30,69,69290,A46S,45.70227,4.9659,Plein jour,Hors agglomération,Hors intersection,Normale,Deux véhicules - côté,1,3,7,0,1,2,1,0,1,90,,2,1,0,0,1,43.0,35.0,,,1,1,1,1,3
202100050843,2021-02-16 17:50:00,2021,2,16,17,50,42,42218,N488,45.4377,4.43866,Plein jour,Hors agglomération,Hors intersection,Normale,Autre collision,2,3,4,0,3,3,1,0,1,70,,1,0,1,0,0,31.0,,,,1,1,1,1,6
202100050844,2021-02-20 12:45:00,2021,2,20,12,45,91,91161,AUTOROUTE A126,48.71142,2.29449,Plein jour,Hors agglomération,Hors intersection,Normale,Deux véhicules - arrière,1,3,1,0,1,1,1,0,1,70,,2,1,0,1,0,26.0,23.0,,,1,1,1,1,2
202100050845,2021-02-20 11:45:00,2021,2,20,11,45,91,91340,RN 104,48.60938,2.4396,Plein jour,Hors agglomération,Hors intersection,Normale,Trois véhicules et plus - en chaîne,2,1,4,0,1,1,1,0,1,90,,3,2,0,0,1,33.0,22.0,,,1,1,1,1,4
202100050846,2021-02-19 21:35:00,2021,2,19,21,35,77,77384,AUTOROUTE A5A,48.60404,2.5917,Nuit sans éclairage public,Hors agglomération,Hors intersection,Normale,Deux véhicules - arrière,1,3,6,0,1,1,1,0,1,110,,2,1,0,0,1,41.0,56.0,,,3,1,1,1,2
202100050847,2021-02-20 11:50:00,2021,2,20,11,50,92,92064,A13,48.8385030862,2.1923600346,Plein jour,Hors agglomération,Hors intersection,Normale,Deux véhicules - côté,1,3,6,0,1,1,1,0,1,90,,2,1,0,0,1,56.0,19.0,,,1,1,1,1,3
202100050848,2021-02-19 15:45:00,2021,2,19,15,45,78,78402,A13,48.963911,1.778634,Plein jour,Hors agglomération,Hors intersection,Normale,Deux véhicules - arrière,1,3,6,0,1,1,1,0,1,110,,3,2,0,0,1,25.0,56.0,,,1,1,1,1,2
202100050849,2021-02-20 12:40:00,2021,2,20,12,40,95,95491, A115,49.0064000238,2.2435928422,Plein jour,Hors agglomération,Hors intersection,Normale,Autre collision,1,3,4,0,1,3,1,0,1,90,,2,1,0,0,1,,23.0,,,1,1,1,1,6
202100050850,2021-02-19 11:15:00,2021,2,19,11,15,95,95277, A3,48.9701404506,2.4818328249,Plein jour,Hors agglomération,Hors intersection,Normale,Deux véhicules - côté,1,3,-1,0,1,1,1,0,1,90,,3,1,0,0,2,53.0,56.0,,,1,1,1,1,3
202100050851,2021-02-20 13:00:00,2021,2,20,13,0,94,94011,RN406.Y,48.75954,2.48575,Plein jour,Hors agglomération,Hors intersection,Normale,Trois véhicules et plus - en chaîne,2,3,3,0,1,1,1,0,1,90,,3,2,0,0,1,61.0,60.0,,,1,1,1,1,4
202100050852,2021-02-19 18:00:00,2021,2,19,18,0,77,77294,A104,48.9730601379,2.5772762557,Plein jour,Hors agglomération,Hors intersection,Normale,Trois véhicules et plus - en chaîne,1,1,2,0,1,1,1,0,1,90,,3,1,0,0,2,60.0,33.0,,,1,1,1,1,4
202100050853,2021-02-17 19:35:00,2021,2,17,19,35,988,98818,RUE GEORGES CLEMENCEAU/RUE DU CAPITAINE ROBINEAU,-22.27693,166.44215,Nuit avec éclairage allumé,En agglomération,Intersection en Y,Normale,Trois véhicules et plus - en chaîne,4,1,3,0,1,1,1,0,1,50,,4,2,0,0,2,56.0,22.0,,,5,2,4,1,4
202100050854,2021-02-19 08:04:00,2021,2,19,8,4,973,97302,CABASSOU (ROUTE DE),4.92076,-52.3219,Plein jour,En agglomération,Giratoire,Normale,Deux véhicules - côté,3,1,2,0,1,1,1,0,1,50,,2,1,0,0,1,33.0,32.0,,,1,2,6,1,3
202100050855,2021-02-19 16:45:00,2021,2,19,16,45,69,69387,GIRONDINS (DES) (R),45.73916,4.82907,Plein jour,En agglomération,Intersection en T,Normale,Deux véhicules - côté,4,2,2,0,1,1,1,0,1,50,,3,2,0,0,1,45.0,28.0,,,1,2,3,1,3
202100050856,2021-02-19 16:25:00,2021,2,19,16,25,69,69386,MARECHAL FOCH (DU)                  (AV),45.7694762856,4.8437240124,Plein jour,En agglomération,Intersection en X,Normale,Deux véhicules - côté,4,2,3,3,1,1,1,0,1,50,,2,1,0,0,1,61.0,22.0,,,1,2,2,1,3
202100050857,2021-02-19 10:20:00,2021,2,19,10,20,69,69259,COLONEL MANHES (DU) (R),45.699863167,4.8783282194,Plein jour,En agglomération,Hors intersection,Normale,Autre collision,4,1,1,0,2,2,1,0,4,50,,1,0,0,0,1,80.0,,,,1,2,1,1,6
202100050858,2021-02-19 10:30:00,2021,2,19,10,30,69,69259,PIERRE SEMARD (AV),45.7091225446,4.8759586351,Plein jour,En agglomération,Hors intersection,Normale,Deux véhicules - arrière,4,3,2,0,1,1,1,0,1,50,,2,0,0,0,2,30.0,58.0,,,1,2,1,1,2
202100050859,2021-02-19 20:45:00,2021,2,19,20,45,69,69382,VERDUN RECAMIER                     (VO),45.74884,4.830638,Nuit avec éclairage allumé,En agglomération,Hors intersection,Normale,Sans collision,4,2,2,3,1,1,1,9,6,50,,2,0,0,1,1,27.0,,,,5,2,1,1,7
202100050860,2021-02-19 09:30:00,2021,2,19,9,30,2B,2B037,D 82,42.62289,9.43737,Plein jour,En agglomération,Giratoire,Normale,Trois véhicules et plus - collisions multiples,2,4,4,0,1,2,1,9,1,50,,4,1,0,0,3,57.0,76.0,,,1,2,6,1,5
202100050861,2021-02-19 15:05:00,2021,2,19,15,5,2A,2A004,PIETRI FRANCOIS RUE,41.9351,8.75093,Plein jour,En agglomération,Intersection en X,Normale,Deux véhicules - côté,4,3,2,0,1,1,1,0,1,30,,2,1,0,0,1,64.0,61.0,,,1,2,2,1,3
202100050862,2021-02-19 11:42:00,2021,2,19,11,42,2A,2A004,SEBASTIANU COSTA BD,41.9390778578,8.7423206139,Plein jour,En agglomération,Hors intersection,Normale,Deux véhicules - arrière,4,-1,4,0,1,1,1,0,1,50,,2,1,0,0,1,51.0,42.0,,,1,2,1,1,2
202100050863,2021-02-14 10:20:00,2021,2,14,10,20,95,95598,LEON JOUHAUX  RUE,48.986914,2.307514,Plein jour,En agglomération,Hors intersection,Normale,Autre collision,4,1,1,0,2,1,1,0,1,30,,2,1,0,0,1,38.0,,,,1,2,1,1,6
202100050864,2021-02-19 22:10:00,2021,2,19,22,10,91,91514,RTE DE BOUSSY ST ANTOINE,48.679685,2.536226,Nuit avec éclairage allumé,En agglomération,Hors intersection,Normale,Autre collision,3,1,1,0,2,1,1,0,1,50,,1,0,0,0,1,44.0,,,,5,2,1,1,6
202100050865,2021-02-19 09:51:00,2021,2,19,9,51,91,91215,AV CHARLES GOUNOD,48.6958,2.5226,Plein jour,En agglomération,Hors intersection,Normale,Autre collision,4,1,1,0,1,1,1,0,1,30,,2,1,0,0,1,38.0,,,,1,2,1,1,6
202100050866,2021-02-19 19:10:00,2021,2,19,19,10,91,91326,JEAN DANAUX (RUE),48.68899,2.38496,Nuit avec éclairage allumé,En agglomération,Hors intersection,Normale,Autre collision,4,-1,0,1,1,1,1,0,5,30,,2,1,0,0,1,27.0,,,,5,2,1,1,6
202100050867,2021-02-18 18:30:00,2021,2,18,18,30,85,85194,SAUNIERS (RUE DES),46.49952,-1.79894,Crépuscule ou aube,En agglomération,Hors intersection,Normale,Autre collision,4,2,0,0,1,1,1,0,1,50,,2,1,0,0,1,19.0,36.0,,,2,2,1,1,6
202100050868,2021-02-19 09:45:00,2021,2,19,9,45,85,85191,Rue de la Simbrandière,46.66188,-1.42603,Plein jour,En agglomération,Hors intersection,Normale,Deux véhicules - côté,4,-1,2,0,2,1,1,0,1,50,,3,1,0,0,2,17.0,77.0,,,1,2,1,1,3
202100050869,2021-02-17 17:40:00,2021,2,17,17,40,84,84087,CADEROUSSE (ROUTE DE),44.12488,4.78272,Plein jour,Hors agglomération,Intersection en T,Normale,Deux véhicules - arrière,3,2,2,0,1,1,1,0,1,90,,2,1,0,1,0,23.0,19.0,,,1,1,3,1,2
202100050870,2021-02-09 20:05:00,2021,2,9,20,5,84,84007,PIERRE SEMARD (avenue),43.93939,4.82134,Nuit avec éclairage allumé,En agglomération,Hors intersection,Normale,Deux véhicules - frontale,4,2,2,0,1,1,1,0,1,50,,2,1,0,1,0,,30.0,,,5,2,1,1,1
202100050871,2021-01-27 09:20:00,2021,1,27,9,20,84,84007,PLACE SAINT LAZARE,43.95119,4.8194,Plein jour,En agglomération,Hors intersection,Normale,Deux véhicules - frontale,4,1,1,0,1,1,1,0,1,30,,2,1,0,1,0,,,,,1,2,1,1,1
202100050872,2021-02-19 15:05:00,2021,2,19,15,5,83,83069,THOMAS (AVENUE AMBROISE),43.114356,6.134366,Plein jour,En agglomération,Place,Normale,Deux véhicules - côté,7,2,2,0,1,1,1,5,1,50,,2,1,0,0,1,23.0,46.0,,,1,2,7,1,3
202100050873,2021-02-17 00:25:00,2021,2,17,0,25,76,76540,RN1338,49.4375174753,1.0665643215,Nuit avec éclairage non allumé,En agglomération,Giratoire,Normale,Sans collision,2,1,3,0,1,2,2,0,1,50,,3,0,0,0,3,25.0,,,,4,2,6,1,7
202100050874,2021-02-17 10:40:00,2021,2,17,10,40,76,76575,DOCTEUR GALLOUEN. RUE DU,49.39755,1.08085,Plein jour,En agglomération,Giratoire,Normale,Deux véhicules - côté,4,1,1,0,1,1,2,0,1,30,,2,1,0,0,1,53.0,24.0,,,1,2,6,1,3
202100050875,2021-02-17 14:50:00,2021,2,17,14,50,76,76497,Rue Aristide Briand,49.39367,1.02361,Plein jour,En agglomération,Intersection en T,Normale,Deux véhicules - arrière,7,2,2,0,1,1,1,-1,1,50,,2,1,0,0,1,31.0,,,,1,2,3,1,2
202100050876,2021-02-18 17:50:00,2021,2,18,17,50,76,76351,CAVEE VERTE (RUE DE LA),49.50613,0.11749,Plein jour,En agglomération,Intersection en T,Normale,Trois véhicules et plus - en chaîne,4,2,3,0,1,1,1,0,1,50,,3,1,0,0,2,46.0,50.0,,,1,2,3,1,4
202100050877,2021-02-19 05:45:00,2021,2,19,5,45,73,73011,D990 R de la République,45.67515,6.38874,Nuit avec éclairage allumé,En agglomération,Intersection en Y,Normale,Deux véhicules - côté,3,2,2,0,1,1,1,0,1,30,,2,1,0,0,1,20.0,,,,5,2,4,1,3
202100050878,2021-02-19 09:50:00,2021,2,19,9,50,69,69264,MONPLAISIR,45.9949867109,4.7230859399,Plein jour,En agglomération,Intersection en T,Normale,Deux véhicules - côté,4,2,2,2,1,3,1,0,1,50,,2,1,0,0,1,20.0,43.0,,,1,2,3,1,3
202100050879,2021-02-19 13:08:00,2021,2,19,13,8,68,68297,STRASBOURG ( RUE DE ),47.61508,7.5349,Plein jour,En agglomération,Hors intersection,Normale,Deux véhicules - côté,3,2,2,0,1,1,1,0,1,50,,2,1,0,1,0,25.0,35.0,,,1,2,1,1,3
202100050880,2021-02-19 10:28:00,2021,2,19,10,28,66,66136,FLANDRES/DUNKERQUE (CARREFOUR),42.68656,2.90748,Plein jour,En agglomération,Hors intersection,Normale,Autre collision,4,1,1,0,1,1,1,0,1,50,,2,1,0,0,1,49.0,,,,1,2,1,1,6
202100050881,2021-02-19 15:10:00,2021,2,19,15,10,64,64445,LOUIS SALLENAVE,43.3165,-0.36012,Plein jour,En agglomération,Autre intersection,Normale,Deux véhicules - côté,6,-1,0,0,1,1,1,9,8,30,,2,1,0,0,1,30.0,15.0,,,1,2,9,1,3
202100050882,2021-02-17 15:45:00,2021,2,17,15,45,59,59368,DE GAULLE RUE DU GENERAL,50.65527,3.0737,Plein jour,En agglomération,Intersection en X,Normale,Deux véhicules - frontale,7,2,2,2,1,1,1,0,1,50,,2,1,0,1,0,30.0,17.0,,,1,2,2,1,1
202100050883,2021-02-18 14:30:00,2021,2,18,14,30,56,56098,CROIZAT ( AVE AMBROISE ),47.77272,-3.34778,Plein jour,En agglomération,Hors intersection,Normale,Autre collision,3,2,2,0,1,1,1,0,1,30,,2,1,0,0,1,65.0,12.0,,,1,2,1,1,6
202100050884,2021-02-18 13:15:00,2021,2,18,13,15,56,56121,TOULLEC (RUE  FRANCOIS ),47.73524,-3.37477,Plein jour,En agglomération,Giratoire,Normale,Autre collision,3,2,2,0,1,1,1,0,1,50,,2,1,0,0,1,64.0,,,,1,2,6,1,6
202100050885,2021-02-18 07:50:00,2021,2,18,7,50,56,56121,KERVARIC (RUE  DE ),47.74686,-3.386,Nuit avec éclairage allumé,En agglomération,Intersection en T,Normale,Deux véhicules - côté,4,2,2,0,1,1,1,0,1,30,,2,1,0,0,1,38.0,33.0,,,5,2,3,1,3
202100050886,2021-02-19 15:24:00,2021,2,19,15,24,54,54495,RM 674,48.698617,6.243508,Plein jour,Hors agglomération,Giratoire,Normale,Deux véhicules - arrière,7,2,2,0,1,1,1,5,1,70,,2,1,0,0,1,42.0,62.0,,,1,1,6,1,2
202100050887,2021-02-18 19:45:00,2021,2,18,19,45,54,54395,BOUDONVILLE (Rue de),48.69893,6.16795,Nuit avec éclairage allumé,En agglomération,Intersection en X,Normale,Deux véhicules - côté,4,1,1,0,1,1,1,0,1,30,,2,1,0,0,1,,32.0,,,5,2,2,1,3
202100050888,2021-02-12 15:55:00,2021,2,12,15,55,54,54395,rue de Dieuze,48.6985857029,6.192586273,Plein jour,En agglomération,Intersection en T,Normale,Autre collision,4,2,2,0,1,1,1,0,1,50,,2,1,0,0,1,,,,,1,2,3,1,6
202100050889,2021-02-12 16:20:00,2021,2,12,16,20,54,54395,BOFFRAND (AVENUE),48.6821124665,6.17439989,Plein jour,En agglomération,Intersection en T,Normale,Autre collision,4,1,1,0,1,1,1,0,1,30,,2,1,0,1,0,52.0,,,,1,2,3,1,6
202100050890,2021-02-19 15:45:00,2021,2,19,15,45,51,51454,Avenue de l’Europe,49.2505871418,4.0651796384,Plein jour,En agglomération,Intersection en T,Normale,Sans collision,4,3,4,3,1,1,1,0,1,50,,2,1,0,0,1,54.0,,,,1,2,3,1,7
202100050891,2021-02-18 12:10:00,2021,2,18,12,10,51,51454,Rue Joliot Curie,49.2267451605,4.0031441204,Plein jour,En agglomération,Intersection en T,Pluie légère,Deux véhicules - côté,4,2,2,0,1,1,2,0,1,50,,3,1,0,0,2,21.0,32.0,,,1,2,3,2,3
202100050892,2021-02-18 17:35:00,2021,2,18,17,35,49,49099,PORTE BARON (RUE DE LA),47.05685,-0.87288,Plein jour,En agglomération,Intersection en X,Normale,Deux véhicules - côté,4,2,2,0,2,1,1,0,1,50,,2,1,0,0,1,68.0,48.0,,,1,2,2,1,3
202100050893,2021-02-19 10:35:00,2021,2,19,10,35,49,49007,LARREY,47.479878,-0.555284,Plein jour,En agglomération,Hors intersection,Normale,Autre collision,4,2,2,0,1,1,1,0,1,30,,2,1,0,0,1,72.0,,,,1,2,1,1,6
202100050894,2021-02-18 15:00:00,2021,2,18,15,0,47,47027,BORDEAUX (avenue de),44.40355,0.68036,Plein jour,En agglomération,Hors intersection,Normale,Deux véhicules - côté,3,2,2,0,1,1,1,6,1,30,,2,1,0,1,0,52.0,16.0,,,1,2,1,1,3
202100050895,2021-02-19 14:00:00,2021,2,19,14,0,37,37122,RD 86 DE MONTS à TOURS,47.3304652982,0.6642576457,Plein jour,En agglomération,Intersection en T,Normale,Sans collision,3,2,2,0,1,1,1,0,1,50,,2,0,0,0,2,17.0,,,,1,2,3,1,7
202100050896,2021-02-19 15:50:00,2021,2,19,15,50,37,37261,HOSPITALITE (RUE DE L'),47.3904108879,0.6709191799,Plein jour,En agglomération,Hors intersection,Normale,Autre collision,4,1,1,2,1,1,1,0,4,30,,2,1,0,0,1,46.0,,,,1,2,1,1,6
202100050897,2021-02-18 17:26:00,2021,2,18,17,26,37,37214,DE GAULLE (BD CHARLES),47.4198470865,0.6632995606,Plein jour,En agglomération,Giratoire,Normale,Autre collision,4,2,4,0,1,1,2,0,1,50,,3,2,0,1,0,43.0,38.0,,,1,2,6,1,6
202100050898,2021-01-11 19:25:00,2021,1,11,19,25,36,36044,Rue Combanaire,46.8076,1.70558,Nuit avec éclairage allumé,En agglomération,Hors intersection,Normale,Autre collision,4,1,1,0,1,1,1,0,1,30,,2,1,0,0,1,,,,,5,2,1,1,6
202100050899,2021-02-15 16:05:00,2021,2,15,16,5,36,36044,Rue des Ingrains,46.7931492969,1.7113346233,Plein jour,En agglomération,Giratoire,Normale,Deux véhicules - côté,4,2,2,0,1,1,1,0,1,50,,2,1,0,0,1,45.0,32.0,,,1,2,6,1,3
202100050900,2021-02-19 16:15:00,2021,2,19,16,15,35,35051,RD32,48.096843,-1.563085,Plein jour,Hors agglomération,Hors intersection,Normale,Deux véhicules - frontale,7,2,2,0,2,1,1,0,1,80,,2,0,0,0,2,19.0,57.0,,,1,1,1,1,1
202100050901,2021-02-19 15:00:00,2021,2,19,15,0,35,35238,HONGRIE (DE),48.09131,-1.65723,Plein jour,En agglomération,Hors intersection,Normale,Sans collision,4,1,-1,0,1,1,1,0,1,50,,1,0,0,0,1,61.0,,,,1,2,1,1,7
202100050902,2021-02-18 16:35:00,2021,2,18,16,35,34,34032,ROUTE DE CAPESTANG (RD.11),43.3344,3.16446,Plein jour,Hors agglomération,Intersection en X,Normale,Deux véhicules - côté,3,1,2,0,1,1,1,0,1,110,,3,0,0,1,2,37.0,76.0,,,1,1,2,1,3
202100050903,2021-02-19 17:40:00,2021,2,19,17,40,29,29051,D15 - Avenue du Rouillen ,47.9996932597,-4.0512889624,Plein jour,En agglomération,Intersection en T,Normale,Deux véhicules - côté,4,2,2,0,1,1,1,9,1,50,,3,2,0,0,1,45.0,30.0,,,1,2,3,1,3
202100050904,2021-02-18 10:30:00,2021,2,18,10,30,29,29232,Avenue Léon Blum,47.986442,-4.080796,Plein jour,En agglomération,Hors intersection,Normale,Deux véhicules - arrière,4,2,2,0,1,1,2,0,1,50,,2,1,0,0,1,46.0,85.0,,,1,2,1,1,2
202100050905,2021-02-19 21:15:00,2021,2,19,21,15,29,29019,Rue Saint-Marc,48.3976010692,-4.4671306014,Nuit avec éclairage allumé,En agglomération,Intersection en T,Normale,Deux véhicules - frontale,4,2,2,0,1,1,1,5,1,50,,2,1,0,0,1,18.0,31.0,,,5,2,3,1,1
202100050906,2021-02-18 21:30:00,2021,2,18,21,30,29,29019,D112 - Amiral Desfossés,48.416493,-4.479007,Nuit sans éclairage public,Hors agglomération,Hors intersection,Normale,Deux véhicules - arrière,7,3,4,0,1,1,1,0,1,90,,2,1,0,0,1,24.0,28.0,,,3,1,1,1,2
202100050907,2021-02-19 18:30:00,2021,2,19,18,30,26,26058,Boulevard du Passeur,44.942555,4.889208,Crépuscule ou aube,Hors agglomération,Hors intersection,Normale,Autre collision,3,3,2,0,1,3,1,0,3,70,,2,0,1,0,1,29.0,36.0,,,2,1,1,1,6
202100050908,2021-02-19 17:50:00,2021,2,19,17,50,25,25462,ROCADE G.POMPIDOU (DU 25 A LA FIN),46.91072,6.33262,Crépuscule ou aube,En agglomération,Giratoire,Normale,Deux véhicules - côté,2,1,2,0,1,2,1,5,1,50,,2,1,0,0,1,23.0,28.0,,,2,2,6,1,3
202100050909,2021-02-18 08:55:00,2021,2,18,8,55,25,25056,KASTLER RUE ALFRED,47.228093,5.976498,Plein jour,En agglomération,Hors intersection,Normale,Deux véhicules - côté,4,2,2,0,1,1,1,0,1,50,,2,1,0,0,1,45.0,57.0,,,1,2,1,1,3
202100050910,2021-02-19 10:35:00,2021,2,19,10,35,16,16102,gir,45.693834,-0.347862,Plein jour,En agglomération,Giratoire,Normale,Deux véhicules - arrière,2,1,2,0,1,2,1,0,1,50,,2,1,0,1,0,48.0,47.0,,,1,2,6,1,2
202100050911,2021-02-19 12:30:00,2021,2,19,12,30,14,14118,Rue de la Délivrande,49.19057,-0.35946,Plein jour,En agglomération,Hors intersection,Normale,Deux véhicules - côté,4,2,2,0,2,1,1,0,1,50,,2,1,0,0,1,35.0,20.0,,,1,2,1,1,3
202100050912,2021-02-19 11:40:00,2021,2,19,11,40,14,14254,N814,49.15163,-0.41713,Plein jour,Hors agglomération,Hors intersection,Temps couvert,Deux véhicules - arrière,2,3,4,3,3,1,1,0,1,110,,2,1,1,0,0,54.0,31.0,,,1,1,1,8,2
202100050913,2021-02-19 20:35:00,2021,2,19,20,35,13,13203,LOUBON (RUE),43.312559,5.381775,Nuit avec éclairage allumé,En agglomération,Hors intersection,Normale,Deux véhicules - frontale,4,2,2,0,2,3,1,0,1,50,,2,1,0,0,1,39.0,,,,5,2,1,1,1