accident_id,datetime,annee,mois,jour,heure,minute,departement,commune_insee,adresse,latitude,longitude,luminosite,agglomeration,intersection,meteo,collision,catr,circ,nbv,vosp,prof,plan,surf,infra,situ,vma,nb_vehicules,nb_usagers,nb_indemnes,nb_tues,nb_blesses_hosp,nb_blesses_legers,age_cond_1,age_cond_2,veh_type_cond_1,veh_type_cond_2,lum_code,agg_code,int_code,atm_code,col_code
202100050914,2021-02-19 14:50:00,2021,2,19,14,50,13,13204,LIBERATION (BOULEVARD),43.3021800327,5.3947417438,Plein jour,En agglomération,Hors intersection,Normale,Deux véhicules - côté,4,2,0,0,1,1,1,0,1,50,,2,1,0,0,1,29.0,28.0,,,1,2,1,1,3
202100050915,2021-02-13 20:33:00,2021,2,13,20,33,13,13205,TERRUSSE (RUE),43.296364,5.391519,Nuit avec éclairage allumé,En agglomération,Intersection en X,Normale,Deux véhicules - côté,4,1,1,0,1,1,1,0,1,50,,2,1,0,0,1,40.0,,,,5,2,2,1,3
202100050916,2021-02-17 18:00:00,2021,2,17,18,0,13,13210,ELIE WIESEL (BD),43.2713225182,5.4221385928,Plein jour,En agglomération,Intersection en X,Normale,Deux véhicules - côté,4,2,7,0,1,1,1,0,1,50,,2,1,0,0,1,62.0,37.0,,,1,2,2,1,3
202100050917,2021-02-18 10:20:00,2021,2,18,10,20,13,13205,LIBERATION (BOULEVARD),43.300395,5.389296,Plein jour,En agglomération,Hors intersection,Normale,Deux véhicules - arrière,4,2,2,0,1,1,1,0,1,50,,3,1,0,0,2,32.0,30.0,,,1,2,1,1,2
202100050918,2021-02-01 19:25:00,2021,2,1,19,25,13,13063,ROSE DES VENTS AVENUE DE LA,43.59894,5.0081,Nuit avec éclairage allumé,En agglomération,Hors intersection,Normale,Deux véhicules - frontale,4,2,1,0,1,1,1,0,1,30,,5,4,0,0,1,,45.0,,,5,2,1,1,1
202100050919,2021-02-19 11:10:00,2021,2,19,11,10,11,11069,Avenue du Président Franklin Roosevelt ,43.21722,2.34649,Plein jour,En agglomération,Hors intersection,Normale,Sans collision,4,1,2,0,1,1,1,0,1,50,,2,1,0,0,1,34.0,,,,1,2,1,1,7
202100050920,2021-02-19 13:55:00,2021,2,19,13,55,09,09225,ROUTE NATIONALE 20,43.094561,1.633565,Plein jour,Hors agglomération,Hors intersection,Normale,Deux véhicules - arrière,2,1,4,0,1,1,1,0,1,110,,2,0,0,0,2,56.0,27.0,,,1,1,1,1,2
202100050921,2021-02-19 18:14:00,2021,2,19,18,14,06,06069,SIDI BRAHIM (AVENUE),43.648661,6.93709,Nuit avec éclairage allumé,En agglomération,Hors intersection,Temps couvert,Sans collision,4,2,2,0,1,1,1,0,1,50,,2,1,0,0,1,16.0,,,,5,2,1,8,7
202100050922,2021-02-18 12:06:00,2021,2,18,12,6,05,05061,NEFFES ( ROUTE DE ),44.52669,6.04081,Plein jour,Hors agglomération,Intersection en T,Normale,Autre collision,3,2,2,0,2,2,1,0,1,80,,3,2,1,0,0,59.0,50.0,,,1,1,3,1,6
202100050923,2021-02-19 12:50:00,2021,2,19,12,50,75,75105,BOULEVARD SAINT MARCEL,48.83839,2.357027,Plein jour,En agglomération,Intersection en X,Normale,Deux véhicules - côté,4,4,4,3,1,1,1,-1,6,50,,2,1,0,1,0,47.0,40.0,,,1,2,2,1,3
202100050924,2021-02-19 09:21:00,2021,2,19,9,21,75,75113,RUE DE TOLBIAC,48.829178,2.37422,Plein jour,En agglomération,Intersection en T,Normale,Deux véhicules - arrière,4,2,3,0,1,1,1,0,1,50,,2,1,0,0,1,41.0,29.0,,,1,2,3,1,2
202100050925,2021-02-19 15:05:00,2021,2,19,15,5,75,75120,RUE DU COMMANDANT L HERMINIER,48.846709,2.415874,Plein jour,En agglomération,Intersection en X,Normale,Deux véhicules - côté,4,3,4,0,1,1,1,-1,5,50,,2,1,0,0,1,19.0,,,,1,2,2,1,3
202100050926,2021-02-19 12:50:00,2021,2,19,12,50,75,75120,RUE DE MENILMONTANT,48.869207,2.391929,Plein jour,En agglomération,Intersection en X,Normale,Deux véhicules - côté,4,1,1,0,1,1,1,0,1,30,,2,1,0,1,0,91.0,37.0,,,1,2,2,1,3
202100050927,2021-02-19 08:20:00,2021,2,19,8,20,75,75120,RUE DES PYRENEES,48.851485,2.406283,Plein jour,En agglomération,Intersection en X,Temps couvert,Sans collision,4,2,2,0,1,1,2,0,1,30,,1,0,0,0,1,43.0,,,,1,2,2,8,7
202100050928,2021-02-19 16:35:00,2021,2,19,16,35,75,75119,RUE DE CRIMEE,48.884171,2.384292,Plein jour,En agglomération,Intersection en T,Normale,Deux véhicules - côté,4,-1,1,0,2,1,1,0,1,30,,3,2,0,0,1,20.0,53.0,,,1,2,3,1,3
202100050929,2021-02-19 14:50:00,2021,2,19,14,50,75,75117,RUE BOURSAULT,48.884474,2.319502,Plein jour,En agglomération,Intersection en X,Normale,Deux véhicules - arrière,4,1,1,0,1,1,1,0,1,50,,2,1,0,0,1,28.0,,,,1,2,2,1,2
202100050930,2021-02-19 17:40:00,2021,2,19,17,40,75,75116,AVENUE FERDINAND BUISSON,48.836735,2.253699,Plein jour,En agglomération,Intersection en X,Normale,Deux véhicules - côté,4,2,1,0,1,1,1,0,1,50,,2,1,0,0,1,32.0,30.0,,,1,2,2,1,3
202100050931,2021-02-19 16:55:00,2021,2,19,16,55,75,75116,AVENUE FOCH,48.8735409998,2.2924250364,Plein jour,En agglomération,Intersection en X,Normale,Deux véhicules - côté,4,2,4,0,1,1,1,-1,5,50,,2,1,0,0,1,52.0,38.0,,,1,2,2,1,3
202100050932,2021-02-19 06:30:00,2021,2,19,6,30,75,75114,AVENUE DU GENERAL LECLERC,48.833688,2.331891,Nuit avec éclairage allumé,En agglomération,Place,Normale,Deux véhicules - côté,4,1,5,0,1,1,2,0,1,50,,2,1,0,0,1,24.0,27.0,,,5,2,7,1,3
202100050933,2021-02-19 19:05:00,2021,2,19,19,5,75,75113,RUE DU CHEVALERET,48.829352,2.375906,Nuit avec éclairage allumé,En agglomération,Hors intersection,Normale,Deux véhicules - côté,4,1,1,0,1,1,1,0,1,30,,2,1,0,0,1,50.0,49.0,,,5,2,1,1,3
202100050934,2021-02-19 18:10:00,2021,2,19,18,10,75,75113,BOULEVARD KELLERMANN,48.820992,2.350741,Crépuscule ou aube,En agglomération,Intersection en X,Normale,Autre collision,4,-1,0,0,2,1,1,0,1,30,,1,0,0,0,1,61.0,,,,2,2,2,1,6
202100050935,2021-02-19 14:35:00,2021,2,19,14,35,75,75112,RUE ESCOFFIER,48.827215,2.393255,Plein jour,En agglomération,Intersection en T,Normale,Autre collision,4,2,1,0,1,1,1,0,1,30,,2,1,0,0,1,49.0,,,,1,2,3,1,6
202100050936,2021-02-19 08:40:00,2021,2,19,8,40,75,75112,PORT DE LA RAPEE,48.8394120962,2.3747398617,Plein jour,En agglomération,Hors intersection,Normale,Sans collision,4,-1,1,0,1,1,2,0,1,30,,1,0,0,0,1,56.0,,,,1,2,1,1,7
202100050937,2021-02-19 21:45:00,2021,2,19,21,45,75,75111,AVENUE DE LA REPUBLIQUE,48.8651563494,2.3752128917,Nuit avec éclairage allumé,En agglomération,Intersection à plus de 4 branches,Normale,Deux véhicules - côté,4,3,2,0,1,1,1,0,1,50,,2,1,0,0,1,,36.0,,,5,2,5,1,3
202100050938,2021-02-19 18:05:00,2021,2,19,18,5,75,75111,BOULEVARD RICHARD LENOIR,48.854827,2.369578,Crépuscule ou aube,En agglomération,Intersection en Y,Normale,Autre collision,4,1,2,1,1,1,1,-1,5,30,,2,1,0,0,1,32.0,,,,2,2,4,1,6
202100050939,2021-02-19 20:00:00,2021,2,19,20,0,75,75101,QUAI DES TUILERIES,48.860891,2.330037,Nuit avec éclairage allumé,En agglomération,Intersection en T,Normale,Autre collision,4,1,3,0,1,1,1,0,4,30,,1,0,0,0,1,23.0,,,,5,2,3,1,6
202100050940,2021-02-19 17:25:00,2021,2,19,17,25,75,75104,RUE DE RIVOLI,48.858052,2.349646,Plein jour,En agglomération,Intersection en T,Normale,Sans collision,4,2,5,1,1,1,1,-1,5,50,,1,0,0,0,1,30.0,,,,1,2,3,1,7
202100050941,2021-02-19 07:30:00,2021,2,19,7,30,94,94042,CHAPSAL (R),48.82032,2.46709,Crépuscule ou aube,En agglomération,Hors intersection,Normale,Autre collision,3,1,1,0,1,1,2,0,1,50,,2,1,0,1,0,,,,,2,2,1,1,6
202100050942,2021-02-18 06:30:00,2021,2,18,6,30,94,94011,HOTTINGER (Rue Rodolphe),48.7603,2.49,Nuit avec éclairage allumé,En agglomération,Hors intersection,Normale,Deux véhicules - frontale,9,2,2,0,1,1,1,0,1,50,,2,0,0,1,1,23.0,64.0,,,5,2,1,1,1
202100050943,2021-02-19 12:48:00,2021,2,19,12,48,94,94022,REMISE AUX FAISANS (R),48.75203,2.40786,Plein jour,En agglomération,Hors intersection,Normale,Deux véhicules - côté,4,2,2,0,1,1,1,9,1,30,,2,1,0,0,1,24.0,19.0,,,1,2,1,1,3
202100050944,2021-02-18 22:00:00,2021,2,18,22,0,94,94019,SUCY (R DE),48.790181,2.522425,Nuit avec éclairage allumé,En agglomération,Intersection en X,Pluie légère,Deux véhicules - côté,3,2,2,0,1,3,2,5,1,50,,3,2,0,0,1,25.0,26.0,,,5,2,2,2,3
202100050945,2021-02-19 19:15:00,2021,2,19,19,15,94,94017,GENERAL DE GAULLE (AV DU),48.82479,2.50015,Nuit avec éclairage allumé,En agglomération,Intersection à plus de 4 branches,Normale,Trois véhicules et plus - en chaîne,3,2,4,0,1,1,1,0,1,50,,4,3,0,0,1,50.0,52.0,,,5,2,5,1,4
202100050946,2021-02-19 18:40:00,2021,2,19,18,40,94,94028,Avenue Laferrière / Rue Chéret,48.80269,2.46045,Nuit avec éclairage allumé,En agglomération,Intersection en X,Normale,Deux véhicules - côté,4,2,2,0,1,1,1,5,1,50,,2,1,0,0,1,22.0,50.0,,,5,2,2,1,3
202100050947,2021-02-19 02:27:00,2021,2,19,2,27,94,94002,Quai Blanqui / Rue Emile Zola,48.79822,2.42047,Nuit avec éclairage allumé,En agglomération,Intersection à plus de 4 branches,Normale,Deux véhicules - côté,3,3,5,0,3,1,2,5,1,50,,4,3,0,0,1,40.0,29.0,,,5,2,5,1,3
202100050948,2021-02-18 17:30:00,2021,2,18,17,30,94,94002,Rue du Confluent / Rue de Charenton,48.8117639787,2.4114793738,Nuit avec éclairage allumé,En agglomération,Intersection en X,Pluie légère,Deux véhicules - côté,4,1,1,0,1,1,2,0,1,50,,2,1,0,0,1,24.0,31.0,,,5,2,2,2,3
202100050949,2021-02-18 17:00:00,2021,2,18,17,0,93,93070,BATELIERS (RUE DES),48.91251,2.32745,Plein jour,En agglomération,Hors intersection,Pluie légère,Autre collision,4,2,2,0,1,1,2,0,8,50,,2,1,0,0,1,30.0,,,,1,2,1,2,6
202100050950,2021-02-19 14:30:00,2021,2,19,14,30,93,93066,DE PRESSENSE FRANCIS,48.9244,2.37315,Plein jour,En agglomération,Hors intersection,Normale,Deux véhicules - côté,3,1,4,0,1,1,1,0,1,50,,2,1,0,0,1,52.0,21.0,,,1,2,1,1,3
202100050951,2021-02-19 17:40:00,2021,2,19,17,40,93,93047,VIOLETTES   (AVENUE DES),48.8947905589,2.5467578096,Plein jour,En agglomération,Hors intersection,Normale,Sans collision,4,1,1,0,1,1,1,0,1,50,,2,1,0,0,1,,20.0,,,1,2,1,1,7
202100050952,2021-02-19 09:35:00,2021,2,19,9,35,93,93001,VICTOR HUGO (AVE)  => N° 129,48.9092280133,2.3783249296,Crépuscule ou aube,En agglomération,Hors intersection,Pluie légère,Autre collision,3,2,2,0,1,1,2,0,1,50,,2,1,0,0,1,40.0,,,,2,2,1,2,6
202100050953,2021-02-19 14:00:00,2021,2,19,14,0,92,92075,JEAN BLEUZEN,48.8228586951,2.2954477175,Plein jour,En agglomération,Autre intersection,Normale,Deux véhicules - côté,4,2,2,0,1,1,1,0,1,50,,2,1,0,0,1,44.0,31.0,,,1,2,9,1,3
202100050954,2021-02-19 16:20:00,2021,2,19,16,20,92,92026,PRÉSIDENT PAUL DOUMER (QUAI DU),48.8911006803,2.2577186035,Plein jour,En agglomération,Hors intersection,Normale,Deux véhicules - arrière,3,1,4,0,1,1,1,0,1,70,,2,1,0,0,1,20.0,23.0,,,1,2,1,1,2
202100050955,2021-02-17 14:15:00,2021,2,17,14,15,92,92012,GALLIENI (RUE) 55/157 - 50/140,48.83706,2.24368,Plein jour,En agglomération,Intersection à plus de 4 branches,Normale,Deux véhicules - côté,4,2,2,0,1,1,1,0,1,50,,2,1,0,0,1,,48.0,,,1,2,5,1,3
202100050956,2021-02-19 21:50:00,2021,2,19,21,50,36,36247,La Pointe du Jour,46.912055,1.650095,Nuit avec éclairage non allumé,Hors agglomération,Hors intersection,Normale,Autre collision,3,2,2,0,1,1,1,0,3,70,,1,0,0,0,1,47.0,,,,4,1,1,1,6
202100050957,2021-02-17 11:25:00,2021,2,17,11,25,31,31547,D23,43.488253,1.275476,Plein jour,Hors agglomération,Intersection en X,Normale,Deux véhicules - côté,3,2,2,0,1,1,1,0,1,80,,2,0,0,0,2,24.0,52.0,,,1,1,2,1,3
202100050958,2021-02-19 16:40:00,2021,2,19,16,40,67,67073,D1059 - PR 002+400,48.281694,7.36202,Plein jour,Hors agglomération,Hors intersection,Normale,Trois véhicules et plus - collisions multiples,3,2,1,0,1,3,1,0,1,80,,5,4,0,1,0,40.0,61.0,,,1,1,1,1,5
202100050959,2021-02-20 01:05:00,2021,2,20,1,5,974,97410,N2,-21.032902,55.70549,Nuit sans éclairage public,Hors agglomération,Hors intersection,Pluie forte,Deux véhicules - frontale,2,2,2,0,1,1,2,0,1,80,,2,1,0,1,0,29.0,30.0,,,3,1,1,3,1
202100050960,2021-02-20 17:30:00,2021,2,20,17,30,57,57343,D1,49.325017,6.181194,Plein jour,Hors agglomération,Hors intersection,Normale,Deux véhicules - arrière,3,2,2,0,1,1,1,0,1,80,,2,1,0,0,1,49.0,29.0,,,1,1,1,1,2
202100050961,2021-02-20 10:24:00,2021,2,20,10,24,57,57708,D913,49.022195,6.198778,Plein jour,Hors agglomération,Hors intersection,Temps éblouissant,Deux véhicules - arrière,3,2,3,0,3,1,1,0,1,90,,2,1,0,0,1,86.0,41.0,,,1,1,1,7,2
202100050962,2021-02-19 08:15:00,2021,2,19,8,15,51,51563,Saint Prix,48.822100685,3.7590997506,Plein jour,Hors agglomération,Hors intersection,Normale,Deux véhicules - frontale,4,2,2,0,1,2,1,0,1,80,,4,3,0,1,0,49.0,31.0,,,1,1,1,1,1
202100050963,2021-02-19 16:55:00,2021,2,19,16,55,56,56177,Lieu Dit Malachappe,47.803166,-3.072883,Plein jour,Hors agglomération,Hors intersection,Temps couvert,Autre collision,3,2,2,0,2,3,1,0,1,80,,3,1,2,0,0,76.0,,,,1,1,1,8,6
202100050964,2021-02-20 17:00:00,2021,2,20,17,0,76,76232,Grand rue RD79,49.783197,0.449882,Plein jour,En agglomération,Hors intersection,Normale,Sans collision,3,2,2,0,1,4,1,0,3,50,,2,0,0,1,1,42.0,38.0,,,1,2,1,1,7
202100050965,2021-02-19 16:00:00,2021,2,19,16,0,79,79210,Chemin de la Boujaliere,46.895991,-0.656562,Plein jour,Hors agglomération,Hors intersection,Normale,Autre collision,4,2,2,0,1,2,1,0,8,80,,1,0,0,1,0,36.0,,,,1,1,1,1,6
202100050966,2021-02-19 22:40:00,2021,2,19,22,40,80,80332,route de romaine,50.241033,1.728335,Nuit sans éclairage public,Hors agglomération,Hors intersection,Normale,Sans collision,4,2,2,0,1,1,1,0,1,80,,1,0,1,0,0,29.0,,,,3,1,1,1,7
202100050967,2021-02-19 19:10:00,2021,2,19,19,10,65,65035,D6 Route d'Artagnan,43.3972107586,0.0717759132,Nuit sans éclairage public,Hors agglomération,Hors intersection,Normale,Sans collision,3,2,2,0,1,1,1,0,3,80,,1,0,0,1,0,46.0,,,,3,1,1,1,7
202100050968,2021-02-19 14:00:00,2021,2,19,14,0,69,69063,GELIVES (DE) (R),45.816571,4.841543,Plein jour,En agglomération,Intersection en T,Normale,Deux véhicules - côté,4,2,2,0,2,1,1,0,1,50,,2,0,0,0,2,66.0,33.0,,,1,2,3,1,3
202100050969,2021-02-20 17:00:00,2021,2,20,17,0,61,61339,D15,48.759131,-0.235519,Plein jour,Hors agglomération,Hors intersection,Normale,Sans collision,3,2,2,0,2,2,1,0,3,90,,2,0,0,1,1,46.0,,,,1,1,1,1,7
202100050970,2021-02-19 12:05:00,2021,2,19,12,5,49,49041,D10,47.285918,0.05947,Plein jour,Hors agglomération,Intersection en X,Normale,Autre collision,3,2,2,0,1,1,1,0,8,80,,1,0,0,1,0,73.0,,,,1,1,2,1,6
202100050971,2021-02-20 09:30:00,2021,2,20,9,30,42,42246,Rue de la Madone,45.320941765,4.6227293462,Plein jour,En agglomération,Intersection en X,Normale,Deux véhicules - frontale,4,2,2,0,2,1,1,0,1,50,,2,1,0,0,1,44.0,34.0,,,1,2,2,1,1
202100050972,2021-02-19 14:50:00,2021,2,19,14,50,41,41198,Le Paradis,47.255706,1.353711,Plein jour,Hors agglomération,Hors intersection,Normale,Autre collision,3,2,2,0,2,2,1,0,3,80,,1,0,0,0,1,31.0,,,,1,1,1,1,6
202100050973,2021-02-19 15:40:00,2021,2,19,15,40,25,25074,Route de Saint-julien,47.200531,6.711692,Plein jour,Hors agglomération,Hors intersection,Normale,Autre collision,4,2,2,0,2,1,1,0,1,50,,2,0,0,2,0,83.0,,,,1,1,1,1,6
202100050974,2021-02-19 18:30:00,2021,2,19,18,30,29,29211,D764 - PK15+045,48.3460464835,-3.7274479868,Plein jour,Hors agglomération,Hors intersection,Pluie légère,Deux véhicules - frontale,3,2,2,0,2,1,2,0,1,80,,2,0,1,0,1,52.0,20.0,,,1,1,1,2,1
202100050975,2021-02-19 18:05:00,2021,2,19,18,5,03,03254,Route de Montord,46.2965188431,3.2632559538,Plein jour,Hors agglomération,Hors intersection,Normale,Autre collision,4,2,2,0,1,3,1,0,3,90,,2,0,0,2,0,17.0,,,,1,1,1,1,6
202100050976,2021-02-20 14:10:00,2021,2,20,14,10,15,15165,chemin communal,45.010372,2.157054,Plein jour,Hors agglomération,Hors intersection,Vent fort / tempête,Autre collision,4,2,2,0,1,1,1,0,3,90,,1,0,1,0,0,14.0,,,,1,1,1,6,6
202100050977,2021-02-19 16:15:00,2021,2,19,16,15,70,70311,D957,47.823399,6.388432,Plein jour,En agglomération,Intersection en T,Normale,Deux véhicules - côté,3,2,2,0,1,1,1,5,1,80,,5,4,0,1,0,26.0,51.0,,,1,2,3,1,3
202100050978,2021-02-19 21:30:00,2021,2,19,21,30,64,64412,D115,43.319542,-0.888948,Nuit sans éclairage public,Hors agglomération,Hors intersection,Normale,Sans collision,3,2,2,0,2,1,1,0,3,80,,1,0,1,0,0,19.0,,,,3,1,1,1,7
202100050979,2021-02-19 17:30:00,2021,2,19,17,30,21,21127,RD 105,47.478892,5.076917,Plein jour,Hors agglomération,Hors intersection,Temps éblouissant,Deux véhicules - côté,3,2,2,0,1,1,1,0,3,80,,2,1,0,0,1,55.0,20.0,,,1,1,1,7,3
202100050980,2021-02-20 14:35:00,2021,2,20,14,35,24,24547,Avenue Victor Hugo,45.130582,1.292492,Plein jour,En agglomération,Hors intersection,Normale,Deux véhicules - arrière,3,2,2,0,1,1,1,0,1,50,,2,1,0,1,0,16.0,48.0,,,1,2,1,1,2
202100050981,2021-02-20 12:20:00,2021,2,20,12,20,04,04049,RD 4096 - Av Jean Moulin,44.0863004784,6.008249812,Plein jour,En agglomération,Hors intersection,Normale,Deux véhicules - frontale,3,2,2,1,2,1,1,0,1,50,,4,1,0,0,3,74.0,38.0,,,1,2,1,1,1
202100050982,2021-02-20 07:45:00,2021,2,20,7,45,37,37151,,47.4387630632,0.6408247076,Crépuscule ou aube,En agglomération,Hors intersection,Normale,Deux véhicules - frontale,3,2,2,3,4,3,1,8,1,30,,2,0,0,1,1,28.0,24.0,,,2,2,1,1,1
202100050983,2021-02-20 06:15:00,2021,2,20,6,15,01,01038,Autoroute A39 - PK 133+320,46.344998,5.286103,Nuit sans éclairage public,Hors agglomération,Hors intersection,Normale,Deux véhicules - arrière,1,1,2,0,1,1,1,0,1,130,,4,2,0,0,2,52.0,58.0,,,3,1,1,1,2
202100050984,2021-02-19 14:35:00,2021,2,19,14,35,06,06085,Chemin du Grand Vallon,43.595931,6.965446,Plein jour,Hors agglomération,Hors intersection,Normale,Deux véhicules - côté,4,2,2,0,2,1,1,0,1,50,,2,1,0,0,1,41.0,77.0,,,1,1,1,1,3
202100050985,2021-02-20 11:10:00,2021,2,20,11,10,31,31036,31 Allée de Nanbours,43.548149,1.563139,Plein jour,En agglomération,Hors intersection,Vent fort / tempête,Autre collision,4,2,1,0,2,1,1,0,1,30,,2,1,0,0,1,51.0,,,,1,2,1,6,6
202100050986,2021-02-15 09:40:00,2021,2,15,9,40,21,21481,A311,47.261682,5.03414,Plein jour,Hors agglomération,Hors intersection,Normale,Autre collision,1,3,8,0,1,1,1,7,1,30,,1,0,0,1,0,41.0,,,,1,1,1,1,6
202100050987,2021-02-19 19:00:00,2021,2,19,19,0,62,62259,A1,50.200842,2.878678,Nuit sans éclairage public,Hors agglomération,Hors intersection,Normale,Trois véhicules et plus - en chaîne,1,3,5,0,1,1,1,0,1,130,,6,4,1,0,1,55.0,51.0,,,3,1,1,1,4
202100050988,2021-02-02 20:00:00,2021,2,2,20,0,987,98754,pk 17.500,-16.878131,-151.447298,Nuit sans éclairage public,En agglomération,Hors intersection,Normale,Deux véhicules - côté,4,2,2,0,1,1,1,0,1,60,,2,1,0,1,0,28.0,36.0,,,3,2,1,1,3
202100050989,2021-02-20 07:15:00,2021,2,20,7,15,988,98820,Tribu d'Ouloup - RM5/Voie privée,-20.64832,166.56862,Plein jour,Hors agglomération,Intersection en T,Normale,Deux véhicules - frontale,4,2,2,0,2,1,2,0,1,70,,2,1,0,0,1,39.0,60.0,,,1,1,3,1,1
202100050990,2021-02-17 11:50:00,2021,2,17,11,50,91,91041,N20,48.5731,2.235374,Plein jour,Hors agglomération,Hors intersection,Normale,Trois véhicules et plus - en chaîne,3,3,4,0,1,1,1,0,1,90,,7,4,0,2,1,37.0,32.0,,,1,1,1,1,4
202100050991,2021-02-16 18:25:00,2021,2,16,18,25,34,34057,D 21,43.647597,3.899422,Crépuscule ou aube,Hors agglomération,Hors intersection,Autre,Deux véhicules - frontale,7,2,2,1,3,3,2,9,1,30,,2,1,0,1,0,48.0,37.0,,,2,1,1,9,1
202100050992,2021-02-20 12:15:00,2021,2,20,12,15,08,08328,42 Rue Parmentier,49.822612,4.742671,Plein jour,Hors agglomération,Hors intersection,Normale,Deux véhicules - arrière,3,2,2,0,1,1,1,0,1,70,,2,1,0,0,1,53.0,31.0,,,1,1,1,1,2
202100050993,2021-02-20 17:56:00,2021,2,20,17,56,74,74040,avenue du léman,46.173545,6.309661,Crépuscule ou aube,Hors agglomération,Hors intersection,Normale,Deux véhicules - frontale,3,1,2,0,1,1,1,2,1,80,,2,1,0,1,0,68.0,55.0,,,2,1,1,1,1
202100050994,2021-02-20 08:26:00,2021,2,20,8,26,42,42056,D1086,45.394036559,4.742947787,Plein jour,Hors agglomération,Hors intersection,Normale,Autre collision,3,2,2,0,1,3,1,0,8,70,,1,0,1,0,0,31.0,,,,1,1,1,1,6
202100050995,2021-02-20 11:00:00,2021,2,20,11,0,42,42088,D1082,45.778696,4.213471,Plein jour,Hors agglomération,Hors intersection,Normale,Trois véhicules et plus - collisions multiples,3,2,2,0,1,1,1,0,1,80,,6,0,0,0,6,68.0,70.0,,,1,1,1,1,5
202100050996,2021-02-20 17:00:00,2021,2,20,17,0,38,38405,D520,45.37141,5.68975,Plein jour,Hors agglomération,Hors intersection,Normale,Sans collision,3,2,2,0,1,2,1,0,1,80,,1,0,0,0,1,37.0,,,,1,1,1,1,7
202100050997,2021-02-20 12:21:00,2021,2,20,12,21,38,38236,Chemin des Emptoz,45.40892,5.69838,Plein jour,Hors agglomération,Hors intersection,Normale,Sans collision,4,2,2,0,2,1,1,0,1,70,,2,1,0,0,1,60.0,61.0,,,1,1,1,1,7
202100050998,2021-02-20 11:05:00,2021,2,20,11,5,01,01213,1084,45.931726,5.288554,Plein jour,Hors agglomération,Hors intersection,Normale,Deux véhicules - côté,3,2,2,0,1,1,1,0,1,80,,3,0,0,0,3,56.0,42.0,,,1,1,1,1,3
202100050999,2021-02-20 07:15:00,2021,2,20,7,15,85,85178,D6,46.75821,-1.528087,Crépuscule ou aube,Hors agglomération,Hors intersection,Normale,Deux véhicules - frontale,3,2,2,0,1,1,1,0,1,80,,2,0,0,2,0,19.0,69.0,,,2,1,1,1,1
202100051000,2021-02-19 16:20:00,2021,2,19,16,20,44,44047,llieu-dit l'épine,47.231539,-1.706024,Plein jour,Hors agglomération,Hors intersection,Normale,Trois véhicules et plus - collisions multiples,3,2,2,0,1,3,1,0,1,70,,4,1,0,0,3,54.0,48.0,,,1,1,1,1,5
202100051001,2021-02-19 19:20:00,2021,2,19,19,20,14,14488,Route de Saint Aubin d’Arquenay,49.26492,-0.27438,Nuit sans éclairage public,Hors agglomération,Hors intersection,Normale,Autre collision,4,2,2,1,1,3,1,0,5,80,,1,0,0,1,0,25.0,,,,3,1,1,1,6
202100051002,2021-02-19 15:50:00,2021,2,19,15,50,62,62801,8 Rue Raoul Briquet,50.391579,2.742957,Plein jour,En agglomération,Hors intersection,Normale,Autre collision,4,2,2,0,1,1,1,0,1,50,,3,1,0,1,1,16.0,81.0,,,1,2,1,1,6
202100051003,2021-02-19 13:30:00,2021,2,19,13,30,59,59232,D649,50.303004,3.728351,Plein jour,Hors agglomération,Autre intersection,Normale,Deux véhicules - côté,3,3,4,0,1,1,1,8,1,110,,2,1,0,0,1,54.0,71.0,,,1,1,9,1,3
202100051004,2021-02-18 15:32:00,2021,2,18,15,32,59,59053,52 Route d'Avesnes,50.293123,3.801114,Plein jour,En agglomération,Intersection en Y,Normale,Deux véhicules - arrière,3,2,2,0,1,1,1,0,5,50,,4,1,0,0,3,36.0,28.0,,,1,2,4,1,2
202100051005,2021-02-18 08:25:00,2021,2,18,8,25,13,13206,Tunnel Prado Carénage,43.2856,5.375,Nuit avec éclairage allumé,Hors agglomération,Hors intersection,Normale,Deux véhicules - côté,4,1,2,0,1,1,1,1,1,50,,2,1,0,0,1,48.0,21.0,,,5,1,1,1,3
202100051006,2021-02-19 14:35:00,2021,2,19,14,35,69,69283,A46S,45.66126,4.92286,Plein jour,Hors agglomération,Hors intersection,Normale,Deux véhicules - arrière,1,3,4,0,1,1,1,0,1,90,,2,1,1,0,0,51.0,33.0,,,1,1,1,1,2
202100051007,2021-02-19 14:20:00,2021,2,19,14,20,33,33013,,44.868651,-0.500454,Plein jour,Hors agglomération,Hors intersection,Normale,Deux véhicules - arrière,2,3,4,0,1,1,1,0,1,90,,3,2,0,0,1,51.0,60.0,,,1,1,1,1,2
202100051008,2021-02-18 06:20:00,2021,2,18,6,20,59,59124,AUTOROUTE A27,50.6014373851,3.2582750916,Nuit sans éclairage public,Hors agglomération,Hors intersection,Normale,Autre collision,1,3,0,0,1,1,1,0,1,110,,1,0,0,1,0,32.0,,,,3,1,1,1,6