accident_id,datetime,annee,mois,jour,heure,minute,departement,commune_insee,adresse,latitude,longitude,luminosite,agglomeration,intersection,meteo,collision,catr,circ,nbv,vosp,prof,plan,surf,infra,situ,vma,nb_vehicules,nb_usagers,nb_indemnes,nb_tues,nb_blesses_hosp,nb_blesses_legers,age_cond_1,age_cond_2,veh_type_cond_1,veh_type_cond_2,lum_code,agg_code,int_code,atm_code,col_code
202100051009,2021-02-19 16:30:00,2021,2,19,16,30,78,78165,RN12 EXT,48.799283,1.993594,Plein jour,Hors agglomération,Hors intersection,Normale,Deux véhicules - arrière,2,3,4,0,1,1,1,0,1,90,,3,2,0,0,1,27.0,30.0,,,1,1,1,1,2
202100051010,2021-02-19 14:50:00,2021,2,19,14,50,92,92050,A86,48.907448408,2.2123349753,Plein jour,Hors agglomération,Hors intersection,Normale,Deux véhicules - côté,1,3,4,0,1,1,1,0,1,90,,2,1,0,0,1,43.0,34.0,,,1,1,1,1,3
202100051011,2021-02-18 22:15:00,2021,2,18,22,15,78,78646,RN12 INT,48.782486,2.161168,Nuit sans éclairage public,Hors agglomération,Hors intersection,Pluie légère,Autre collision,2,3,4,0,1,1,2,0,2,90,,1,0,0,0,1,26.0,,,,3,1,1,2,6
202100051012,2021-02-19 13:35:00,2021,2,19,13,35,93,93078,AUTOROUTE A104,48.95851,2.5269,Plein jour,Hors agglomération,Hors intersection,Pluie légère,Deux véhicules - arrière,1,3,6,0,1,2,2,0,1,90,,3,2,0,0,1,46.0,48.0,,,1,1,1,2,2
202100051013,2021-02-19 11:20:00,2021,2,19,11,20,93,93048,A3,48.8722,2.43352,Plein jour,Hors agglomération,Hors intersection,Normale,Deux véhicules - arrière,1,3,10,0,1,1,1,0,1,70,,2,0,0,0,2,43.0,50.0,,,1,1,1,1,2
202100051014,2021-02-19 01:40:00,2021,2,19,1,40,95,95018, A15,48.9619688867,2.2678476835,Nuit sans éclairage public,Hors agglomération,Hors intersection,Temps couvert,Autre collision,1,3,6,0,2,3,1,0,1,70,,1,0,0,0,1,28.0,,,,3,1,1,8,6
202100051015,2021-02-18 09:12:00,2021,2,18,9,12,974,97416,RN3 (1),-21.3153934237,55.4924583435,Plein jour,Hors agglomération,Hors intersection,Normale,Trois véhicules et plus - collisions multiples,2,1,2,0,1,1,1,0,8,110,,3,2,0,0,1,24.0,30.0,,,1,1,1,1,5
202100051016,2021-02-17 09:20:00,2021,2,17,9,20,974,97411,KERVEGUEN (GABRIEL DE),-20.89164,55.49674,Plein jour,Hors agglomération,Hors intersection,Normale,Deux véhicules - côté,4,1,2,0,1,1,1,0,1,50,,2,1,0,1,0,35.0,38.0,,,1,1,1,1,3
202100051017,2021-02-17 20:08:00,2021,2,17,20,8,972,97209,RD 41 (ROCADE),14.6169068752,-61.0599474519,Nuit sans éclairage public,En agglomération,Hors intersection,Pluie légère,Autre collision,3,2,4,0,1,2,2,0,1,60,,2,1,0,0,1,,,,,3,2,1,2,6
202100051018,2021-02-17 09:15:00,2021,2,17,9,15,972,97209,ROUTOUTOU (RUE DU),14.59903,-61.05343,Plein jour,En agglomération,Hors intersection,Normale,Autre collision,4,1,1,0,1,1,1,0,1,50,,1,0,0,1,0,33.0,,,,1,2,1,1,6
202100051019,2021-02-18 08:20:00,2021,2,18,8,20,69,69384,ARTAUD (R),45.7809477486,4.8366073966,Plein jour,En agglomération,Intersection en X,Normale,Deux véhicules - côté,4,1,1,0,1,1,1,0,1,20,,2,1,0,0,1,30.0,72.0,,,1,2,2,1,3
202100051020,2021-02-18 14:48:00,2021,2,18,14,48,971,97128,ROUTE DE BOULIQUI,16.25267,-61.44473,Plein jour,Hors agglomération,Hors intersection,Normale,Sans collision,3,2,2,0,3,3,1,0,1,90,,1,0,0,1,0,40.0,,,,1,1,1,1,7
202100051021,2021-02-16 20:00:00,2021,2,16,20,0,971,97101,PATRICK SAINT ELOI ( AVENUE ),16.2569,-61.52055,Nuit avec éclairage allumé,En agglomération,Hors intersection,Pluie légère,Autre collision,2,2,2,0,1,1,2,0,1,50,,2,1,0,0,1,30.0,,,,5,2,1,2,6
202100051022,2021-02-18 10:12:00,2021,2,18,10,12,2A,2A004,GEORGES POMPIDOU AVENUE,41.933477822,8.7541763101,Plein jour,En agglomération,Hors intersection,Normale,Deux véhicules - arrière,2,3,4,0,1,1,1,0,1,50,,2,1,0,0,1,64.0,38.0,,,1,2,1,1,2
202100051023,2021-02-18 06:40:00,2021,2,18,6,40,91,91161,RTE DE LONGJUMEAU,48.71499,2.29826,Nuit avec éclairage allumé,En agglomération,Hors intersection,Normale,Deux véhicules - arrière,3,1,3,0,1,1,1,0,1,50,,2,1,0,0,1,33.0,54.0,,,5,2,1,1,2
202100051024,2021-02-18 16:00:00,2021,2,18,16,0,91,91691,MARCEAU BAILLIOTI(RUE),48.70971,2.49151,Plein jour,En agglomération,Giratoire,Pluie légère,Autre collision,3,-1,2,0,1,3,2,0,1,50,,2,1,0,0,1,79.0,,,,1,2,6,2,6
202100051025,2021-02-18 10:50:00,2021,2,18,10,50,91,91114,BD DE L ILE DE FRANCE,48.7084,2.5263,Plein jour,En agglomération,Hors intersection,Pluie légère,Deux véhicules - côté,4,2,2,0,2,1,2,0,1,30,,2,1,0,0,1,50.0,20.0,,,1,2,1,2,3
202100051026,2021-02-18 08:25:00,2021,2,18,8,25,91,91657,RUE DE LA LIBERTE,48.694424,2.417427,Plein jour,En agglomération,Intersection en X,Pluie légère,Deux véhicules - côté,4,-1,2,0,1,1,1,0,1,50,,2,1,0,0,1,40.0,21.0,,,1,2,2,2,3
202100051027,2021-02-17 11:41:00,2021,2,17,11,41,88,88424,CHEMIN DES AULNES,48.26518,6.96547,Plein jour,En agglomération,Hors intersection,Normale,Autre collision,4,2,2,0,1,2,1,0,3,50,,4,3,0,0,1,22.0,,,,1,2,1,1,6
202100051028,2021-02-15 07:47:00,2021,2,15,7,47,84,84087,Avenue Jean Moulin,44.151315,4.806474,Plein jour,En agglomération,Hors intersection,Brouillard / fumée,Autre collision,4,2,2,0,1,1,1,0,1,50,,2,1,0,1,0,36.0,51.0,,,1,2,1,5,6
202100051029,2021-01-26 08:00:00,2021,1,26,8,0,84,84031,D942,44.04675,5.02465,Plein jour,Hors agglomération,Hors intersection,Normale,Trois véhicules et plus - en chaîne,3,1,2,0,1,1,1,0,1,90,,4,3,0,0,1,52.0,37.0,,,1,1,1,1,4
202100051030,2021-02-17 14:25:00,2021,2,17,14,25,83,83137,FREPPEL (RUE MONSEIGNEUR ),43.11097,5.95229,Plein jour,En agglomération,Hors intersection,Normale,Autre collision,4,2,1,0,2,1,1,0,8,50,,2,1,0,1,0,24.0,,,,1,2,1,1,6
202100051031,2021-02-15 17:35:00,2021,2,15,17,35,80,80021,PARIS (RUE DE),49.88782,2.28923,Plein jour,En agglomération,Hors intersection,Pluie légère,Deux véhicules - côté,4,-1,2,0,3,1,2,0,1,50,,2,1,0,0,1,56.0,,,,1,2,1,2,3
202100051032,2021-02-18 21:25:00,2021,2,18,21,25,78,78498,VERSAILLES AV DE,48.92644,2.0515,Nuit avec éclairage allumé,En agglomération,Intersection en T,Autre,Deux véhicules - frontale,3,2,3,0,2,1,2,0,1,50,,3,0,0,0,3,29.0,44.0,,,5,2,3,9,1
202100051033,2021-02-16 18:15:00,2021,2,16,18,15,77,77320,PARIS (AVENUE DE),48.81786,3.05409,Nuit avec éclairage allumé,En agglomération,Hors intersection,Pluie légère,Autre collision,3,2,3,0,1,1,2,0,1,50,,2,1,0,0,1,43.0,26.0,,,5,2,1,2,6
202100051034,2021-02-14 19:10:00,2021,2,14,19,10,73,73065,D10 Avenue des Landiers,45.58667,5.90737,Nuit avec éclairage allumé,Hors agglomération,Hors intersection,Normale,Autre collision,3,2,2,3,2,1,1,-1,3,80,,2,0,0,0,2,34.0,,,,5,1,1,1,6
202100051035,2021-02-18 11:05:00,2021,2,18,11,5,73,73029,STADE (AVENUE DU),45.561021,5.942025,Plein jour,En agglomération,Hors intersection,Normale,Deux véhicules - arrière,4,2,2,0,4,1,1,0,1,30,,3,0,0,0,3,30.0,31.0,,,1,2,1,1,2
202100051036,2021-02-17 08:35:00,2021,2,17,8,35,73,73011,D990 DE GAULLE (AV) J. MOULIN A WINNEDEN,45.670134261,6.3775760365,Plein jour,En agglomération,Giratoire,Normale,Sans collision,3,1,1,2,1,1,1,5,1,50,,1,0,0,0,1,18.0,,,,1,2,6,1,7
202100051037,2021-02-18 18:15:00,2021,2,18,18,15,69,69029,DROITS DE L'HOMME (DES)             (BD),45.735721323,4.9336123466,Nuit avec éclairage allumé,En agglomération,Autre intersection,Normale,Deux véhicules - côté,7,4,4,0,1,1,1,0,1,70,,2,1,0,1,0,28.0,40.0,,,5,2,9,1,3
202100051038,2021-02-18 13:40:00,2021,2,18,13,40,69,69266,GREUZE (R),45.7698577168,4.8936393037,Plein jour,En agglomération,Hors intersection,Normale,Autre collision,4,2,2,0,1,1,1,0,1,50,,2,1,0,0,1,36.0,,,,1,2,1,1,6
202100051039,2021-02-18 12:15:00,2021,2,18,12,15,69,69266,GENAS (DE) (RTE),45.74931,4.91425,Plein jour,En agglomération,Intersection en X,Normale,Deux véhicules - côté,4,2,4,3,1,1,1,0,1,50,,3,1,0,0,2,28.0,46.0,,,1,2,2,1,3
202100051040,2021-02-04 08:10:00,2021,2,4,8,10,64,64445,BEZIOU,43.30457,-0.37993,Plein jour,En agglomération,Intersection en X,Normale,Autre collision,4,2,2,0,1,1,1,6,1,50,,2,1,0,0,1,41.0,,,,1,2,2,1,6
202100051041,2021-02-18 18:05:00,2021,2,18,18,5,64,64024,BAYONNE (AVENUE DE),43.48245,-1.50613,Crépuscule ou aube,En agglomération,Hors intersection,Normale,Deux véhicules - côté,3,3,5,3,1,1,1,0,6,30,,2,1,0,1,0,43.0,17.0,,,2,2,1,1,3
202100051042,2021-02-18 15:35:00,2021,2,18,15,35,57,57463,STOXEY (RUE DU ),49.11959,6.19635,Plein jour,En agglomération,Hors intersection,Normale,Autre collision,4,2,2,0,1,1,1,0,4,30,,2,1,0,0,1,85.0,,,,1,2,1,1,6
202100051043,2021-02-18 17:50:00,2021,2,18,17,50,56,56260,Rue du Docteur Georges Cadoret,47.66554,-2.75035,Plein jour,En agglomération,Hors intersection,Normale,Deux véhicules - côté,4,2,2,0,1,1,1,0,1,50,,4,3,0,0,1,19.0,30.0,,,1,2,1,1,3
202100051044,2021-02-17 18:30:00,2021,2,17,18,30,54,54578,MULLER (AVENUE PAUL),48.6672315452,6.1463287228,Nuit avec éclairage allumé,En agglomération,Hors intersection,Normale,Autre collision,4,2,-1,0,1,1,1,0,1,50,,1,0,0,0,1,23.0,,,,5,2,1,1,6
202100051045,2021-02-18 18:55:00,2021,2,18,18,55,51,51454,Avenue d’Epernay,49.2370986024,4.0140511576,Nuit avec éclairage allumé,En agglomération,Hors intersection,Pluie légère,Deux véhicules - frontale,4,2,1,0,1,1,2,0,1,50,,2,1,0,0,1,28.0,20.0,,,5,2,1,2,1
202100051046,2021-02-18 11:15:00,2021,2,18,11,15,51,51454,Rue Clovis,49.2507688676,4.0283728222,Plein jour,En agglomération,Intersection en X,Temps couvert,Deux véhicules - côté,4,1,2,0,1,1,1,0,1,50,,2,1,0,0,1,42.0,92.0,,,1,2,2,8,3
202100051047,2021-02-16 17:45:00,2021,2,16,17,45,50,50002,RN 174 (2X2) Rocreuil-sortie Agneaux,49.10928,-1.13469,Plein jour,En agglomération,Giratoire,Temps éblouissant,Autre collision,3,4,2,0,2,1,2,3,1,50,,4,2,0,0,2,85.0,,,,1,2,6,7,6
202100051048,2021-02-17 18:15:00,2021,2,17,18,15,50,50129,FOEDRE (RUE DE LA),49.62729,-1.66777,Crépuscule ou aube,En agglomération,Hors intersection,Normale,Autre collision,4,2,1,0,1,2,1,0,3,50,,1,0,0,0,1,27.0,,,,2,2,1,1,6
202100051049,2021-02-15 08:00:00,2021,2,15,8,0,49,49099,LECOQ (BOULEVARD PIERRE),47.04929,-0.86645,Crépuscule ou aube,En agglomération,Hors intersection,Normale,Autre collision,4,2,2,0,1,1,1,0,1,50,,2,1,0,1,0,69.0,,,,2,2,1,1,6
202100051050,2021-02-18 13:30:00,2021,2,18,13,30,49,49007,EVAIN,47.46039,-0.55445,Plein jour,En agglomération,Autre intersection,Normale,Deux véhicules - côté,4,2,2,0,1,1,2,0,1,50,,3,1,0,0,2,17.0,46.0,,,1,2,9,1,3
202100051051,2021-02-18 08:25:00,2021,2,18,8,25,49,49007,ARTILLEURS,47.4936938918,-0.5735515058,Plein jour,En agglomération,Hors intersection,Normale,Deux véhicules - arrière,4,2,2,0,1,1,2,0,6,50,,2,1,0,0,1,26.0,,,,1,2,1,1,2
202100051052,2021-02-16 18:56:00,2021,2,16,18,56,49,49007,ROI RENE BOULEVARD,47.467253,-0.555037,Nuit sans éclairage public,En agglomération,Hors intersection,Normale,Deux véhicules - côté,4,2,2,2,1,1,2,0,1,50,,2,1,0,0,1,54.0,21.0,,,3,2,1,1,3
202100051053,2021-02-17 07:55:00,2021,2,17,7,55,49,49007,BIRGE BOULEVARD,47.4714,-0.51912,Crépuscule ou aube,En agglomération,Hors intersection,Normale,Deux véhicules - côté,4,2,4,0,1,1,2,0,1,50,,2,1,0,0,1,38.0,24.0,,,2,2,1,1,3
202100051054,2021-02-18 10:50:00,2021,2,18,10,50,42,42071,Boulevard Charles de Gaulle,46.00902,4.09783,Plein jour,Hors agglomération,Intersection en X,Temps couvert,Deux véhicules - côté,3,2,3,3,1,1,1,0,1,50,,2,1,0,0,1,66.0,26.0,,,1,1,2,8,3
202100051055,2021-02-17 17:30:00,2021,2,17,17,30,41,41018,VENDOME (AVENUE DE),47.59937,1.32113,Plein jour,En agglomération,Autre intersection,Normale,Autre collision,4,4,0,0,1,1,1,0,1,50,,2,1,0,1,0,,,,,1,2,9,1,6
202100051056,2021-02-18 13:42:00,2021,2,18,13,42,37,37261,PROUDHON (AVENUE),47.3953441487,0.6744202673,Plein jour,En agglomération,Intersection en T,Pluie légère,Autre collision,4,2,2,2,1,1,3,9,4,50,,2,1,0,0,1,10.0,53.0,,,1,2,3,2,6
202100051057,2021-02-17 09:10:00,2021,2,17,9,10,34,34032,GRIGNARD VICTOR (RUE),43.36195,3.23487,Plein jour,En agglomération,Hors intersection,Normale,Autre collision,4,2,2,0,1,1,1,0,1,50,,2,1,0,1,0,38.0,,,,1,2,1,1,6
202100051058,2021-02-18 16:05:00,2021,2,18,16,5,33,33063,Rue Pierre Trebod,44.85825,-0.58433,Plein jour,En agglomération,Intersection en X,Normale,Deux véhicules - côté,4,2,2,0,1,1,1,5,1,50,,2,0,0,0,2,35.0,41.0,,,1,2,2,1,3
202100051059,2021-02-18 11:31:00,2021,2,18,11,31,33,33063,Place André Meunier Dit Mureine,44.829499,-0.561296,Plein jour,En agglomération,Intersection en T,Normale,Deux véhicules - côté,4,1,-1,3,1,1,1,-1,6,30,,2,1,0,0,1,47.0,30.0,,,1,2,3,1,3
202100051060,2021-02-18 07:50:00,2021,2,18,7,50,33,33192,Cours du Général de Gaulle,44.778411,-0.609782,Plein jour,En agglomération,Intersection en X,Normale,Deux véhicules - côté,4,2,4,0,1,1,1,0,1,50,,2,1,0,0,1,32.0,50.0,,,1,2,2,1,3
202100051061,2021-02-18 11:45:00,2021,2,18,11,45,33,33529,Boulevard de l’Industrie,44.60491,-1.13031,Plein jour,En agglomération,Giratoire,Normale,Deux véhicules - côté,3,2,-1,-1,1,1,1,0,1,-1,,2,1,0,0,1,66.0,18.0,,,1,2,6,1,3
202100051062,2021-02-17 13:45:00,2021,2,17,13,45,31,31555,AV DE LATTRE DE TASSIGNY,43.57735,1.43644,Plein jour,En agglomération,Hors intersection,Normale,Deux véhicules - côté,4,2,4,0,1,1,1,0,1,50,,4,2,0,0,2,28.0,38.0,,,1,2,1,1,3
202100051063,2021-02-18 16:52:00,2021,2,18,16,52,27,27229,EIFFEL (PONT),49.01889,1.1549,Plein jour,En agglomération,Intersection en X,Normale,Deux véhicules - côté,4,-1,2,0,1,1,1,2,1,50,,4,1,0,0,3,21.0,48.0,,,1,2,2,1,3
202100051064,2021-02-16 08:50:00,2021,2,16,8,50,26,26313,LACRA ,44.961125,4.945705,Plein jour,Hors agglomération,Autre intersection,Temps couvert,Deux véhicules - frontale,2,1,2,0,1,3,1,9,1,110,,2,1,0,1,0,26.0,74.0,,,1,1,9,8,1
202100051065,2021-02-18 11:15:00,2021,2,18,11,15,26,26198,ESPELUCHE (Route d'),44.54291,4.7731,Plein jour,Hors agglomération,Autre intersection,Normale,Autre collision,3,2,2,0,1,1,1,0,1,50,,2,1,0,0,1,75.0,76.0,,,1,1,9,1,6
202100051066,2021-02-17 07:00:00,2021,2,17,7,0,25,25388,SAINT-GEORGES (RUE),47.509572,6.789851,Nuit avec éclairage allumé,En agglomération,Hors intersection,Temps couvert,Autre collision,4,1,1,0,1,1,1,0,1,50,,2,1,0,1,0,57.0,,,,5,2,1,8,6
202100051067,2021-02-16 18:31:00,2021,2,16,18,31,18,18033,DE GAULLE (AV DU GENERAL) N° PAIRS,47.0993,2.4067,Nuit avec éclairage allumé,En agglomération,Intersection en T,Normale,Deux véhicules - côté,4,3,4,0,1,1,1,0,1,50,,2,1,0,1,0,18.0,53.0,,,5,2,3,1,3
202100051068,2021-02-18 16:40:00,2021,2,18,16,40,17,17300,MESCHINET DE RICHEMOND   RUE,46.162441,-1.182329,Plein jour,En agglomération,Intersection en Y,Normale,Deux véhicules - arrière,4,2,2,0,1,1,1,0,1,30,,2,1,0,0,1,62.0,80.0,,,1,2,4,1,2
202100051069,2021-02-18 16:50:00,2021,2,18,16,50,13,13210,ROMAIN ROLLAND (BOULEVARD),43.2753607145,5.4164290304,Plein jour,En agglomération,Hors intersection,Normale,Deux véhicules - frontale,4,2,3,0,1,1,1,0,1,50,,2,1,0,0,1,16.0,,,,1,2,1,1,1
202100051070,2021-02-18 16:05:00,2021,2,18,16,5,13,13211,MONTRE (TRAVERSE DE LA),43.29407,5.47565,Plein jour,En agglomération,Hors intersection,Normale,Deux véhicules - côté,4,1,1,0,2,3,1,0,1,50,,3,1,0,0,2,21.0,16.0,,,1,2,1,1,3
202100051071,2021-02-17 14:30:00,2021,2,17,14,30,13,13205,SAINT PIERRE (RUE),43.2918330003,5.4074828052,Plein jour,En agglomération,Intersection en T,Normale,Deux véhicules - côté,4,2,2,0,1,1,1,0,1,50,,2,1,0,0,1,31.0,26.0,,,1,2,3,1,3
202100051072,2021-02-18 08:40:00,2021,2,18,8,40,13,13001,DALMAS JEAN (RUE),43.53294,5.42812,Plein jour,En agglomération,Hors intersection,Normale,Deux véhicules - côté,4,2,2,0,1,1,1,0,1,50,,2,1,0,0,1,20.0,64.0,,,1,2,1,1,3
202100051073,2021-02-16 20:10:00,2021,2,16,20,10,11,11069,LIMOUX -ROUTE DE - JUSQU'A LA ROCADE,43.19925,2.32714,Nuit avec éclairage allumé,En agglomération,Intersection en Y,Normale,Deux véhicules - frontale,3,2,3,0,1,1,1,0,1,80,,4,1,0,1,2,22.0,23.0,,,5,2,4,1,1
202100051074,2021-02-17 12:16:00,2021,2,17,12,16,10,10387,GENERAL GASTON BILLOTTE (RUE),48.30537,4.07222,Plein jour,En agglomération,Hors intersection,Autre,Sans collision,4,2,2,0,1,1,2,0,1,50,,1,0,0,0,1,49.0,,,,1,2,1,9,7
202100051075,2021-02-17 13:40:00,2021,2,17,13,40,06,06088,BEHRA (BD JEAN),43.72909,7.24415,Plein jour,En agglomération,Hors intersection,Normale,Autre collision,4,2,2,0,2,1,1,0,1,50,,2,1,0,0,1,51.0,,,,1,2,1,1,6
202100051076,2021-02-18 09:50:00,2021,2,18,9,50,06,06123,DE GAULLE GENERAL AVENUE,43.66591,7.19308,Plein jour,En agglomération,Intersection en X,Normale,Deux véhicules - côté,7,2,2,0,1,1,1,0,1,50,,2,1,0,0,1,37.0,59.0,,,1,2,2,1,3
202100051077,2021-02-18 09:10:00,2021,2,18,9,10,06,06004,PELISSIER AV.JEAN MICHARD,43.61104,7.10952,Plein jour,Hors agglomération,Hors intersection,Normale,Sans collision,3,2,2,0,1,2,1,0,3,50,,1,0,1,0,0,36.0,,,,1,1,1,1,7
202100051078,2021-02-18 20:00:00,2021,2,18,20,0,75,75119,PLACE AUGUSTE BARON,48.900932,2.388209,Nuit avec éclairage allumé,En agglomération,Place,Normale,Deux véhicules - côté,4,-1,2,0,1,2,1,0,1,50,,2,1,0,0,1,26.0,48.0,,,5,2,7,1,3
202100051079,2021-02-17 20:00:00,2021,2,17,20,0,75,75118,RUE ORDENER,48.890273,2.359029,Nuit avec éclairage allumé,En agglomération,Hors intersection,Normale,Deux véhicules - côté,4,2,4,1,1,1,1,0,1,50,,2,0,0,0,2,23.0,28.0,,,5,2,1,1,3
202100051080,2021-02-17 09:10:00,2021,2,17,9,10,75,75117,RUE GALVANI,48.883984,2.290875,Plein jour,En agglomération,Intersection en X,Temps couvert,Sans collision,4,1,1,0,1,1,2,0,1,50,,1,0,0,0,1,39.0,,,,1,2,2,8,7
202100051081,2021-02-17 13:30:00,2021,2,17,13,30,75,75116,BOULEVARD MURAT,48.8444028575,2.2570949793,Plein jour,En agglomération,Intersection en Y,Normale,Deux véhicules - arrière,4,3,2,0,1,1,1,0,1,50,,2,1,0,0,1,37.0,74.0,,,1,2,4,1,2
202100051082,2021-02-18 20:29:00,2021,2,18,20,29,75,75115,RUE BRANCION,48.83472,2.305191,Nuit avec éclairage allumé,En agglomération,Intersection en X,Normale,Deux véhicules - côté,4,2,3,3,1,1,2,0,1,50,,2,1,0,0,1,72.0,37.0,,,5,2,2,1,3
202100051083,2021-02-18 16:30:00,2021,2,18,16,30,75,75112,COURS DE VINCENNES,48.846827,2.410052,Plein jour,En agglomération,Hors intersection,Pluie légère,Autre collision,4,1,0,0,1,1,2,0,1,30,,2,1,0,0,1,33.0,,,,1,2,1,2,6
202100051084,2021-02-17 15:50:00,2021,2,17,15,50,75,75112,BOULEVARD DIDEROT,48.846196,2.376699,Plein jour,En agglomération,Hors intersection,Normale,Autre collision,4,1,2,1,1,1,1,-1,5,20,,2,1,0,0,1,37.0,,,,1,2,1,1,6
202100051085,2021-02-18 19:40:00,2021,2,18,19,40,75,75111,RUE DE LA ROQUETTE,48.855987,2.375697,Nuit avec éclairage allumé,En agglomération,Hors intersection,Normale,Deux véhicules - arrière,4,1,1,0,1,1,2,0,1,50,,3,2,0,0,1,36.0,31.0,,,5,2,1,1,2
202100051086,2021-02-18 13:30:00,2021,2,18,13,30,75,75107,RUE DE GRENELLE,48.857826,2.306531,Plein jour,En agglomération,Intersection en T,Pluie légère,Autre collision,4,1,1,1,1,1,2,0,1,50,,2,1,0,0,1,,,,,1,2,3,2,6
202100051087,2021-02-17 12:30:00,2021,2,17,12,30,75,75103,RUE DU TEMPLE,48.8668096515,2.3620036436,Plein jour,En agglomération,Intersection en Y,Normale,Deux véhicules - frontale,4,1,3,0,1,3,1,0,1,50,,2,1,0,0,1,47.0,38.0,,,1,2,4,1,1
202100051088,2021-02-18 20:15:00,2021,2,18,20,15,94,94078,PARIS (R DE),48.755,2.444,Nuit avec éclairage allumé,En agglomération,Hors intersection,Pluie légère,Deux véhicules - arrière,2,3,4,0,1,1,2,0,1,50,,2,1,0,0,1,25.0,26.0,,,5,2,1,2,2
202100051089,2021-02-18 22:15:00,2021,2,18,22,15,94,94058,ALSACE LORRAINE (BD D),48.84921,2.49607,Nuit avec éclairage allumé,En agglomération,Intersection en X,Normale,Deux véhicules - frontale,3,2,2,0,1,1,1,0,1,50,,2,1,0,0,1,41.0,17.0,,,5,2,2,1,1
202100051090,2021-02-18 15:15:00,2021,2,18,15,15,94,94076,CHASTENET DE GERY (BD),48.80146,2.35577,Plein jour,En agglomération,Hors intersection,Pluie légère,Deux véhicules - frontale,4,2,2,0,1,1,2,9,1,50,,2,1,0,0,1,83.0,,,,1,2,1,2,1
202100051091,2021-02-18 15:00:00,2021,2,18,15,0,94,94077,Cours de Verdun,48.73291,2.406132,Plein jour,En agglomération,Autre intersection,Pluie légère,Deux véhicules - côté,3,-1,2,0,3,1,2,5,1,50,,3,1,0,0,2,26.0,33.0,,,1,2,9,2,3
202100051092,2021-02-18 13:10:00,2021,2,18,13,10,93,93071,JOHN F. KENNEDY (AVENUE),48.9364629115,2.5148877095,Plein jour,En agglomération,Intersection en T,Pluie légère,Deux véhicules - côté,3,3,2,1,1,1,2,0,5,50,,2,1,0,0,1,20.0,59.0,,,1,2,3,2,3
202100051093,2021-02-17 15:00:00,2021,2,17,15,0,93,93066,FRANCE ANATOLE ENTREE A1,48.9287393577,2.3602989647,Plein jour,En agglomération,Hors intersection,Normale,Trois véhicules et plus - en chaîne,3,2,4,0,1,1,1,0,1,50,,3,1,0,0,2,32.0,22.0,,,1,2,1,1,4
202100051094,2021-02-17 10:13:00,2021,2,17,10,13,93,93066,"""LANDY RD 20, NR IMPAIRS 1 A 144""",48.91536,2.35253,Plein jour,En agglomération,Hors intersection,Normale,Deux véhicules - frontale,3,2,3,0,1,1,1,0,8,50,,2,1,0,0,1,36.0,26.0,,,1,2,1,1,1
202100051095,2021-02-18 11:15:00,2021,2,18,11,15,93,93077,GALLIENI (AVENUE DU GENERAL),48.8913537873,2.507276555,Plein jour,En agglomération,Hors intersection,Pluie légère,Autre collision,3,1,2,0,1,3,2,0,1,50,,2,1,0,0,1,60.0,,,,1,2,1,2,6
202100051096,2021-02-18 16:30:00,2021,2,18,16,30,93,93046,MARECHAL LECLERC AVENUE,48.9205614075,2.5400401152,Plein jour,En agglomération,Hors intersection,Pluie légère,Deux véhicules - côté,3,-1,4,0,1,1,2,0,1,50,,4,2,0,0,2,21.0,19.0,,,1,2,1,2,3
202100051097,2021-02-18 20:45:00,2021,2,18,20,45,93,93029,CHARLES GIDE,48.9146931489,2.4460909667,Nuit avec éclairage allumé,En agglomération,Intersection en T,Pluie légère,Deux véhicules - côté,3,2,2,0,1,1,2,0,1,50,,2,1,0,0,1,27.0,24.0,,,5,2,3,2,3
202100051098,2021-02-18 03:05:00,2021,2,18,3,5,93,93005,NONNEVILLE (AVENUE DE),48.9267918218,2.5087776203,Nuit avec éclairage allumé,En agglomération,Autre intersection,Normale,Deux véhicules - côté,4,-1,2,0,1,1,1,5,1,50,,3,2,0,0,1,23.0,22.0,,,5,2,9,1,3
202100051099,2021-02-17 19:10:00,2021,2,17,19,10,92,92075,JEAN BLEUZEN,48.8225475369,2.2949194908,Nuit avec éclairage non allumé,En agglomération,Autre intersection,Normale,Deux véhicules - côté,4,2,2,0,1,1,1,0,1,50,,2,1,0,1,0,42.0,,,,4,2,9,1,3
202100051100,2021-02-17 14:45:00,2021,2,17,14,45,92,92063,QUATRE SEPTEMBRE (RUE DU),48.8760430142,2.1827253699,Plein jour,En agglomération,Intersection en X,Normale,Deux véhicules - côté,4,1,1,0,1,1,1,0,1,50,,2,1,0,0,1,20.0,28.0,,,1,2,2,1,3
202100051101,2021-02-18 22:55:00,2021,2,18,22,55,92,92050,JOLIOT CURIE F. ET IRENE AVENUE  N°PAIRS,48.8881309529,2.2020737674,Nuit avec éclairage allumé,En agglomération,Intersection en T,Pluie légère,Deux véhicules - arrière,3,1,3,0,1,1,2,0,1,50,,2,1,0,0,1,40.0,35.0,,,5,2,3,2,2
202100051102,2021-02-18 11:55:00,2021,2,18,11,55,92,92044,VIC. HUGO(RUE)077A089 ET 090A110,48.8936188884,2.2994014621,Plein jour,En agglomération,Hors intersection,Pluie légère,Autre collision,3,2,3,3,1,1,2,0,3,50,,2,1,0,0,1,43.0,,,,1,2,1,2,6
202100051103,2021-02-17 17:14:00,2021,2,17,17,14,92,92036,MOULIN DE CAGE (RUE DU),48.9287642991,2.3122339343,Plein jour,En agglomération,Hors intersection,Normale,Deux véhicules - côté,4,2,2,0,1,1,1,0,1,50,,2,1,0,0,1,43.0,20.0,,,1,2,1,1,3