accident_id,datetime,annee,mois,jour,heure,minute,departement,commune_insee,adresse,latitude,longitude,luminosite,agglomeration,intersection,meteo,collision,catr,circ,nbv,vosp,prof,plan,surf,infra,situ,vma,nb_vehicules,nb_usagers,nb_indemnes,nb_tues,nb_blesses_hosp,nb_blesses_legers,age_cond_1,age_cond_2,veh_type_cond_1,veh_type_cond_2,lum_code,agg_code,int_code,atm_code,col_code
202100051104,2021-02-18 09:15:00,2021,2,18,9,15,92,92026,PUVIS DE CHAVANNES,48.8990002177,2.2354276288,Plein jour,En agglomération,Hors intersection,Pluie légère,Deux véhicules - côté,4,3,2,0,1,1,2,0,1,50,,2,1,0,0,1,62.0,40.0,,,1,2,1,2,3
202100051105,2021-02-18 08:54:00,2021,2,18,8,54,92,92024,CLICHY (QUAI DE) DE (104 A 202),48.9123608708,2.311442667,Plein jour,En agglomération,Intersection en X,Normale,Trois véhicules et plus - en chaîne,3,2,2,0,1,1,1,0,1,50,,4,3,0,0,1,41.0,57.0,,,1,2,2,1,4
202100051106,2021-02-19 11:10:00,2021,2,19,11,10,37,37260,La Simardière,47.0645664184,0.372606039,Plein jour,Hors agglomération,Intersection en X,Normale,Deux véhicules - côté,3,2,2,0,1,1,1,0,1,80,,2,1,0,1,0,59.0,20.0,,,1,1,2,1,3
202100051107,2021-02-19 05:35:00,2021,2,19,5,35,25,25510,"RD67, point kilométrique 003+300",47.277337,5.812631,Nuit sans éclairage public,Hors agglomération,Hors intersection,Temps couvert,Deux véhicules - frontale,3,2,2,0,1,1,2,0,1,80,,2,1,1,0,0,56.0,29.0,,,3,1,1,8,1
202100051108,2021-02-19 14:20:00,2021,2,19,14,20,49,49127,la touchardière,47.705054,-0.268875,Plein jour,Hors agglomération,Hors intersection,Normale,Deux véhicules - frontale,3,2,2,0,3,2,1,0,1,80,,2,1,1,0,0,42.0,21.0,,,1,1,1,1,1
202100051109,2021-02-18 09:00:00,2021,2,18,9,0,10,10115,Rd 172,48.318655,4.129052,Plein jour,Hors agglomération,Hors intersection,Normale,Deux véhicules - arrière,3,2,2,0,1,1,1,0,1,80,,2,1,0,1,0,34.0,68.0,,,1,1,1,1,2
202100051110,2021-02-18 13:10:00,2021,2,18,13,10,972,97227,"D7,  Quartier Dormante",14.486038,-60.962668,Plein jour,Hors agglomération,Hors intersection,Normale,Deux véhicules - frontale,3,2,2,0,1,1,1,0,1,50,,2,0,0,1,1,21.0,23.0,,,1,1,1,1,1
202100051111,2021-02-19 16:20:00,2021,2,19,16,20,83,83134,D10,43.457631,6.420929,Plein jour,Hors agglomération,Hors intersection,Normale,Trois véhicules et plus - collisions multiples,3,2,2,0,2,3,1,0,1,80,,3,2,0,1,0,32.0,63.0,,,1,1,1,1,5
202100051112,2021-02-18 22:30:00,2021,2,18,22,30,74,74213,D3508,45.909508,6.08415,Nuit sans éclairage public,Hors agglomération,Hors intersection,Normale,Autre collision,3,2,2,0,1,1,1,8,1,80,,2,1,0,0,1,40.0,,,,3,1,1,1,6
202100051113,2021-02-17 15:40:00,2021,2,17,15,40,33,33233,Les Vergnottes,45.114511,-0.375928,Plein jour,Hors agglomération,Intersection en T,Normale,Deux véhicules - côté,3,2,2,0,1,1,1,0,1,80,,2,1,1,0,0,37.0,23.0,,,1,1,3,1,3
202100051114,2021-02-19 18:40:00,2021,2,19,18,40,51,51355,D566,49.18319,4.733434,Nuit sans éclairage public,Hors agglomération,Hors intersection,Normale,Deux véhicules - frontale,3,2,2,0,1,2,1,0,1,80,,2,1,0,1,0,55.0,16.0,,,3,1,1,1,1
202100051115,2021-02-18 16:35:00,2021,2,18,16,35,56,56165,Rue St Nicolas,47.929111,-2.395161,Plein jour,En agglomération,Hors intersection,Normale,Autre collision,4,2,2,0,1,1,1,0,1,30,,2,1,0,0,1,63.0,,,,1,2,1,1,6
202100051116,2021-02-18 18:30:00,2021,2,18,18,30,56,56101,Pont er pach,47.825092,-3.199714,Plein jour,Hors agglomération,Hors intersection,Normale,Deux véhicules - côté,3,2,2,0,1,1,1,0,1,70,,2,1,0,1,0,27.0,24.0,,,1,1,1,1,3
202100051117,2021-02-19 18:20:00,2021,2,19,18,20,76,76594,907 Route de Duclair,49.4870649295,1.0078591932,Crépuscule ou aube,Hors agglomération,Hors intersection,Normale,Deux véhicules - frontale,3,2,2,0,1,1,1,0,1,50,,2,1,0,0,1,31.0,23.0,,,2,1,1,1,1
202100051118,2021-02-18 14:35:00,2021,2,18,14,35,65,65252,D940 Route de Pau,43.170052,-0.112031,Plein jour,Hors agglomération,Hors intersection,Normale,Sans collision,3,2,2,0,1,1,1,0,3,80,,1,0,0,1,0,54.0,,,,1,1,1,1,7
202100051119,2021-02-18 15:00:00,2021,2,18,15,0,47,47038,D205,44.321457,0.403592,Plein jour,Hors agglomération,Hors intersection,Normale,Autre collision,3,2,2,0,1,3,1,0,3,80,,1,0,0,1,0,64.0,,,,1,1,1,1,6
202100051120,2021-02-18 15:30:00,2021,2,18,15,30,03,03264,Rue des Vialattes,46.0637138582,3.465579775,Plein jour,En agglomération,Intersection en X,Normale,Deux véhicules - côté,3,2,2,0,1,1,1,0,1,50,,3,1,0,1,1,28.0,57.0,,,1,2,2,1,3
202100051121,2021-02-18 16:45:00,2021,2,18,16,45,14,14572,D511,48.849863,-0.521314,Plein jour,Hors agglomération,Hors intersection,Normale,Deux véhicules - frontale,3,2,2,0,1,3,1,0,1,90,,5,2,0,0,3,19.0,35.0,,,1,1,1,1,1
202100051122,2021-02-19 03:10:00,2021,2,19,3,10,14,14287,D613,49.137417,-0.235262,Nuit sans éclairage public,Hors agglomération,Hors intersection,Normale,Autre collision,3,2,2,0,1,1,1,0,1,90,,2,1,0,1,0,49.0,,,,3,1,1,1,6
202100051123,2021-02-19 16:15:00,2021,2,19,16,15,43,43174,Route de Tallobre,44.993208,3.828593,Plein jour,Hors agglomération,Hors intersection,Temps couvert,Autre collision,3,2,2,0,2,1,1,0,1,80,,1,0,0,1,0,39.0,,,,1,1,1,8,6
202100051124,2021-02-17 14:40:00,2021,2,17,14,40,07,07319,Avenue Joliot Curie,44.544836,4.679301,Plein jour,En agglomération,Hors intersection,Normale,Autre collision,2,2,2,0,2,1,1,0,1,50,,2,1,0,1,0,67.0,,,,1,2,1,1,6
202100051125,2021-02-19 11:40:00,2021,2,19,11,40,01,01159,D933,46.333206,4.887784,Plein jour,En agglomération,Hors intersection,Normale,Deux véhicules - frontale,3,2,2,0,1,1,1,0,1,50,,2,1,0,1,0,64.0,31.0,,,1,2,1,1,1
202100051126,2021-02-19 10:15:00,2021,2,19,10,15,31,31582,Rue de la République,43.399238,1.71647,Plein jour,En agglomération,Hors intersection,Normale,Autre collision,3,1,1,0,1,1,1,0,1,50,,2,1,1,0,0,46.0,,,,1,2,1,1,6
202100051127,2021-02-19 15:00:00,2021,2,19,15,0,33,33002,,44.511182,-0.061578,Plein jour,Hors agglomération,Autre intersection,Normale,Autre collision,1,3,4,0,1,1,1,0,8,130,,2,1,0,0,1,52.0,,,,1,1,9,1,6
202100051128,2021-02-19 17:00:00,2021,2,19,17,0,27,27340,A13,49.364238,0.828652,Plein jour,Hors agglomération,Hors intersection,Normale,Deux véhicules - côté,1,3,4,0,1,1,1,0,2,130,,3,2,0,1,0,30.0,53.0,,,1,1,1,1,3
202100051129,2021-02-14 19:50:00,2021,2,14,19,50,971,97128,Boucherie Tayalé,16.252768,-61.371147,Nuit avec éclairage allumé,Hors agglomération,Hors intersection,Normale,Deux véhicules - frontale,3,2,2,0,1,1,1,0,1,80,,3,1,0,1,1,30.0,18.0,,,5,1,1,1,1
202100051130,2021-02-19 17:30:00,2021,2,19,17,30,95,95169,Route départementale 43,49.1230613178,1.887392127,Plein jour,Hors agglomération,Hors intersection,Normale,Deux véhicules - frontale,3,2,2,0,1,1,1,0,1,80,,3,0,1,1,1,73.0,49.0,,,1,1,1,1,1
202100051131,2021-02-18 17:20:00,2021,2,18,17,20,68,68287,Route du Rhin,47.960768,7.314062,Plein jour,En agglomération,Hors intersection,Normale,Sans collision,3,2,2,0,2,1,1,2,1,30,,1,0,0,1,0,20.0,,,,1,2,1,1,7
202100051132,2021-02-19 07:30:00,2021,2,19,7,30,69,69148,102 PONTET (DU) (RTE),45.655223,4.714417,Crépuscule ou aube,En agglomération,Intersection en T,Normale,Trois véhicules et plus - en chaîne,3,2,2,0,2,1,1,0,1,50,,3,1,0,0,2,39.0,43.0,,,2,2,3,1,4
202100051133,2021-02-19 15:00:00,2021,2,19,15,0,69,69028,ROULATTES (DES) (CHM),45.714862,4.693217,Plein jour,Hors agglomération,Intersection en X,Temps éblouissant,Deux véhicules - côté,3,2,2,0,1,1,1,0,1,70,,2,1,0,1,0,28.0,29.0,,,1,1,2,7,3
202100051134,2021-01-24 15:35:00,2021,1,24,15,35,81,81143,D622,43.535716,2.104037,Plein jour,En agglomération,Hors intersection,Pluie légère,Deux véhicules - frontale,3,2,2,0,1,1,2,0,1,80,,2,1,0,0,1,21.0,24.0,,,1,2,1,2,1
202100051135,2021-02-19 07:15:00,2021,2,19,7,15,33,33012,Route du Verdon,44.966369,-0.718596,Crépuscule ou aube,Hors agglomération,Hors intersection,Normale,Deux véhicules - côté,3,2,2,0,1,1,1,0,1,80,,2,1,0,1,0,51.0,28.0,,,2,1,1,1,3
202100051136,2021-02-19 08:20:00,2021,2,19,8,20,62,62148,D46,50.379759,2.906107,Crépuscule ou aube,En agglomération,Giratoire,Autre,Sans collision,3,2,2,0,1,3,1,0,4,50,,1,0,0,1,0,60.0,,,,2,2,6,9,7
202100051137,2021-02-19 07:30:00,2021,2,19,7,30,59,59197,route de templeuve,50.5424990675,3.1519402564,Crépuscule ou aube,Hors agglomération,Hors intersection,Normale,Deux véhicules - frontale,3,2,2,0,1,1,7,0,1,70,,2,0,0,1,1,29.0,24.0,,,2,1,1,1,1
202100051138,2021-02-17 15:30:00,2021,2,17,15,30,13,13071,A7-Sens Marseille vers Lyon,43.41112,5.28372,Plein jour,Hors agglomération,Hors intersection,Normale,Trois véhicules et plus - collisions multiples,1,1,3,0,1,1,1,1,1,110,,3,2,0,0,1,,49.0,,,1,1,1,1,5
202100051139,2021-02-17 07:05:00,2021,2,17,7,5,54,54232,Autoroute A 31,48.68435,5.94978,Crépuscule ou aube,Hors agglomération,Hors intersection,Normale,Sans collision,1,3,4,0,1,1,1,0,1,130,,2,1,0,0,1,34.0,43.0,,,2,1,1,1,7
202100051140,2021-02-18 19:15:00,2021,2,18,19,15,94,94065,AUTOROUTE A86,48.755087,2.345115,Nuit avec éclairage allumé,Hors agglomération,Hors intersection,Normale,Deux véhicules - côté,2,-1,3,0,1,1,2,0,1,70,,2,1,0,0,1,19.0,50.0,,,5,1,1,1,3
202100051141,2021-02-18 10:35:00,2021,2,18,10,35,91,91689,AUTOROUTE A10,48.73646,2.31712,Plein jour,Hors agglomération,Hors intersection,Pluie légère,Sans collision,1,1,2,0,1,2,2,0,1,90,,1,0,0,0,1,49.0,,,,1,1,1,2,7
202100051142,2021-02-17 22:35:00,2021,2,17,22,35,91,91589,AUTOROUTE A6,48.68085,2.33126,Nuit sans éclairage public,Hors agglomération,Hors intersection,Normale,Sans collision,1,3,6,0,1,2,1,0,1,110,,2,0,0,0,2,34.0,,,,3,1,1,1,7
202100051143,2021-02-18 17:05:00,2021,2,18,17,5,78,78640,A86 EXT,48.777143,2.224109,Plein jour,Hors agglomération,Hors intersection,Pluie légère,Deux véhicules - arrière,1,3,4,0,1,1,2,0,1,90,,2,1,0,0,1,43.0,,,,1,1,1,2,2
202100051144,2021-02-17 11:00:00,2021,2,17,11,0,78,78402,A13,48.964166,1.794172,Plein jour,Hors agglomération,Hors intersection,Temps couvert,Trois véhicules et plus - en chaîne,1,3,6,0,1,1,1,0,1,130,,7,6,0,0,1,29.0,55.0,,,1,1,1,8,4
202100051145,2021-02-18 14:00:00,2021,2,18,14,0,95,95582, A15,48.9685783549,2.2515955054,Plein jour,Hors agglomération,Hors intersection,Pluie légère,Trois véhicules et plus - en chaîne,1,3,8,0,2,1,2,0,1,90,,4,3,0,0,1,32.0,32.0,,,1,1,1,2,4
202100051146,2021-02-17 11:00:00,2021,2,17,11,0,95,95488, A15,49.0238447885,2.1332005354,Plein jour,Hors agglomération,Hors intersection,Normale,Deux véhicules - côté,1,3,6,0,1,1,1,0,1,110,,2,1,0,0,1,70.0,56.0,,,1,1,1,1,3
202100051147,2021-02-17 15:00:00,2021,2,17,15,0,976,97611,kaweni-Grande Traverse (rue de la),-12.77254,45.2249,Plein jour,En agglomération,Hors intersection,Normale,Deux véhicules - côté,4,2,0,0,1,1,1,0,1,50,,2,1,0,0,1,28.0,37.0,,,1,2,1,1,3
202100051148,2021-02-16 16:10:00,2021,2,16,16,10,974,97411,TOPAZES(ALLEE DES),-20.89202,55.44488,Plein jour,En agglomération,Hors intersection,Normale,Sans collision,3,2,2,0,2,1,1,0,1,50,,1,0,0,0,1,74.0,,,,1,2,1,1,7
202100051149,2021-02-17 16:45:00,2021,2,17,16,45,973,97302,FELIX EBOUE (Rue),4.93678,-52.32781,Plein jour,En agglomération,Intersection en T,Normale,Deux véhicules - côté,4,1,1,0,1,1,1,0,1,50,,3,1,0,0,2,25.0,29.0,,,1,2,3,1,3
202100051150,2021-02-14 17:14:00,2021,2,14,17,14,69,69386,CHARLES DE GAULLE (Q),45.78565,4.85394,Plein jour,En agglomération,Hors intersection,Normale,Autre collision,4,1,3,3,1,1,1,5,1,50,,2,1,0,0,1,21.0,,,,1,2,1,1,6
202100051151,2021-02-16 01:35:00,2021,2,16,1,35,972,97213,ROUTE NATIONALE 6,14.5949700352,-60.9812664986,Nuit avec éclairage allumé,Hors agglomération,Autre intersection,Normale,Autre collision,2,1,2,0,1,1,1,9,3,30,,1,0,1,0,0,35.0,,,,5,1,9,1,6
202100051152,2021-02-16 19:30:00,2021,2,16,19,30,69,69382,VUILLERME (R),45.7343834668,4.8181505052,Nuit avec éclairage allumé,En agglomération,Intersection en X,Normale,Sans collision,4,1,1,0,1,3,8,0,1,50,,1,0,0,0,1,48.0,,,,5,2,2,1,7
202100051153,2021-02-16 14:00:00,2021,2,16,14,0,971,97113,SECTION MOREAU,16.24794,-61.45955,Plein jour,Hors agglomération,Hors intersection,Normale,Sans collision,3,2,2,0,2,2,1,0,3,50,,2,1,0,1,0,47.0,,,,1,1,1,1,7
202100051154,2021-02-16 16:50:00,2021,2,16,16,50,971,97105,BOLOGNE (ROUTE DE),16.00844,-61.729445,Plein jour,Hors agglomération,Hors intersection,Normale,Sans collision,3,-1,0,0,2,1,1,0,1,70,,1,0,0,1,0,29.0,,,,1,1,1,1,7
202100051155,2021-01-31 11:05:00,2021,1,31,11,5,83,83069,OLBIA  (VOIE),43.1135099554,6.1269173877,Plein jour,En agglomération,Hors intersection,Normale,Deux véhicules - arrière,7,1,2,0,1,1,1,0,1,50,,4,1,0,0,3,32.0,72.0,,,1,2,1,1,2
202100051156,2021-02-12 23:12:00,2021,2,12,23,12,76,76212,PAIX. BOULEVARD DE LA (RN 31),49.43773,1.1439,Nuit avec éclairage allumé,En agglomération,Intersection en X,Normale,Autre collision,2,3,5,0,1,1,1,0,1,50,,2,1,0,0,1,26.0,,,,5,2,2,1,6
202100051157,2021-02-01 06:00:00,2021,2,1,6,0,76,76457,Côte de la Maison Brûlée (D132),49.3449272341,0.9325066306,Nuit avec éclairage allumé,Hors agglomération,Giratoire,Normale,Sans collision,7,-1,2,0,1,2,2,0,1,50,,1,0,0,0,1,30.0,,,,5,1,6,1,7
202100051158,2021-02-16 17:40:00,2021,2,16,17,40,76,76305,RD 6382,49.49897,0.21489,Plein jour,Hors agglomération,Hors intersection,Normale,Deux véhicules - arrière,2,3,4,0,1,1,1,0,1,90,,2,1,0,0,1,67.0,,,,1,1,1,1,2
202100051159,2021-02-16 06:40:00,2021,2,16,6,40,74,74118,DEPORTES (ROUTE DES ),46.18205,6.22999,Crépuscule ou aube,En agglomération,Hors intersection,Normale,Trois véhicules et plus - collisions multiples,3,2,2,0,3,3,1,2,1,50,,4,2,0,0,2,32.0,52.0,,,2,2,1,1,5
202100051160,2021-02-17 12:05:00,2021,2,17,12,5,72,72181,PATTON GENERAL RTE BAUGE A CHEMIN RONDE,47.99559,0.17258,Plein jour,En agglomération,Hors intersection,Normale,Deux véhicules - arrière,3,3,4,0,2,2,1,0,1,70,,2,1,0,0,1,42.0,19.0,,,1,2,1,1,2
202100051161,2021-02-07 13:17:00,2021,2,7,13,17,68,68066,LADHOF (RUE DU),48.0834655046,7.3658437729,Plein jour,En agglomération,Intersection en T,Normale,Deux véhicules - côté,4,2,2,0,1,1,1,0,1,50,,2,1,0,0,1,17.0,58.0,,,1,2,3,1,3
202100051162,2021-02-16 14:22:00,2021,2,16,14,22,66,66136,LANGUEDOC (AVENUE DU CD 88),42.73107,2.88934,Plein jour,En agglomération,Hors intersection,Normale,Sans collision,4,2,2,0,1,1,1,0,1,50,,2,1,0,0,1,41.0,66.0,,,1,2,1,1,7
202100051163,2021-02-16 12:32:00,2021,2,16,12,32,66,66136,R D 900,42.69856,2.86606,Plein jour,Hors agglomération,Hors intersection,Normale,Sans collision,3,2,3,0,1,1,1,0,1,50,,1,0,0,0,1,50.0,,,,1,1,1,1,7
202100051164,2021-01-28 16:40:00,2021,1,28,16,40,63,63224,CHARMES (ROUTE DE),45.87138,3.13313,Plein jour,En agglomération,Hors intersection,Normale,Autre collision,3,2,2,0,1,1,1,0,1,50,,3,2,0,1,0,42.0,,,,1,2,1,1,6
202100051165,2021-02-16 10:50:00,2021,2,16,10,50,63,63113,AGRICULTURE (AVENUE DE L'),45.77939,3.12244,Plein jour,En agglomération,Hors intersection,Normale,Deux véhicules - côté,7,3,6,0,1,1,1,0,1,50,,2,1,0,0,1,68.0,66.0,,,1,2,1,1,3
202100051166,2021-02-15 07:00:00,2021,2,15,7,0,50,50129,ATLANTIQUE (BOULEVARD DE L'),49.61967,-1.65023,Nuit avec éclairage allumé,Hors agglomération,Intersection en Y,Normale,Sans collision,3,2,2,0,3,2,2,3,1,50,,2,1,0,0,1,19.0,,,,5,1,4,1,7
202100051167,2021-02-17 18:45:00,2021,2,17,18,45,35,35051,RIGOURDIERE (RUE DE LA),48.1146,-1.59194,Crépuscule ou aube,En agglomération,Autre intersection,Normale,Sans collision,4,2,2,0,1,1,1,5,1,50,,3,2,0,0,1,60.0,29.0,,,2,2,9,1,7
202100051168,2021-02-17 18:30:00,2021,2,17,18,30,35,35238,LANGEVIN (PAUL),48.09391,-1.65839,Crépuscule ou aube,En agglomération,Hors intersection,Normale,Autre collision,4,2,2,0,1,1,1,0,4,30,,1,0,0,1,0,46.0,,,,2,2,1,1,6
202100051169,2021-02-17 07:45:00,2021,2,17,7,45,35,35206,PORTE DE BREQUIGNY,48.07934,-1.6882,Plein jour,Hors agglomération,Hors intersection,Temps couvert,Deux véhicules - côté,2,3,4,0,1,1,1,0,1,90,,2,1,0,0,1,50.0,27.0,,,1,1,1,8,3
202100051170,2021-02-17 02:45:00,2021,2,17,2,45,35,35238,BREST (DE),48.1125,-1.6922,Nuit avec éclairage allumé,En agglomération,Hors intersection,Normale,Sans collision,4,3,2,2,1,3,2,0,1,50,,1,0,0,0,1,20.0,,,,5,2,1,1,7
202100051171,2021-02-17 20:05:00,2021,2,17,20,5,33,33063,Rue Villedieu,44.83107,-0.57518,Nuit avec éclairage allumé,En agglomération,Intersection en X,Normale,Deux véhicules - côté,4,1,1,0,1,1,1,0,1,50,,2,1,0,1,0,23.0,33.0,,,5,2,2,1,3
202100051172,2021-02-17 08:45:00,2021,2,17,8,45,33,33063,Rue Marguerite Crauste,44.83588,-0.58791,Crépuscule ou aube,En agglomération,Hors intersection,Normale,Deux véhicules - côté,4,2,3,2,1,1,1,8,1,50,,2,1,0,0,1,36.0,55.0,,,2,2,1,1,3
202100051173,2021-02-17 06:00:00,2021,2,17,6,0,33,33162,Avenue de Saint-Médard,44.86167,-0.64354,Nuit avec éclairage allumé,En agglomération,Hors intersection,Brouillard / fumée,Deux véhicules - frontale,4,2,3,3,1,1,1,8,1,50,,2,1,0,0,1,40.0,53.0,,,5,2,1,5,1
202100051174,2021-02-17 21:35:00,2021,2,17,21,35,21,21231,Rue Django Reinhardt,47.30286,5.07142,Nuit avec éclairage allumé,En agglomération,Intersection en T,Pluie légère,Deux véhicules - côté,7,1,2,0,2,1,2,0,1,50,,3,1,0,0,2,35.0,53.0,,,5,2,3,2,3
202100051175,2021-02-16 16:50:00,2021,2,16,16,50,13,13054,EDMOND ROSTAND (RUE ),43.41597,5.20688,Plein jour,En agglomération,Intersection en X,Normale,Deux véhicules - côté,4,3,1,0,1,1,1,0,1,30,,2,1,0,0,1,22.0,47.0,,,1,2,2,1,3
202100051176,2021-02-15 15:10:00,2021,2,15,15,10,13,13056,ROUTE DE SAINT PIERRE,43.39146,5.05691,Plein jour,En agglomération,Hors intersection,Normale,Deux véhicules - arrière,7,3,2,0,2,1,1,0,1,70,,2,1,0,1,0,57.0,58.0,,,1,2,1,1,2
202100051177,2021-02-17 06:50:00,2021,2,17,6,50,13,13215,SAINT ANTOINE A SAINT JOSEPH (CHEMIN DE),43.36625,5.36275,Crépuscule ou aube,En agglomération,Hors intersection,Normale,Trois véhicules et plus - en chaîne,4,2,2,0,1,2,1,2,1,50,,4,2,0,0,2,,47.0,,,2,2,1,1,4
202100051178,2021-02-16 16:00:00,2021,2,16,16,0,13,13209,SAINTE MARGUERITE (BOULEVARD),43.2650389139,5.4091492886,Plein jour,En agglomération,Hors intersection,Temps couvert,Deux véhicules - arrière,4,2,2,0,2,1,2,0,1,50,,3,2,0,0,1,52.0,36.0,,,1,2,1,8,2
202100051179,2021-02-17 14:30:00,2021,2,17,14,30,13,13004,BD GEORGES CLEMENCEAU,43.67481,4.62345,Plein jour,En agglomération,Intersection en X,Normale,Deux véhicules - frontale,3,2,2,0,1,1,1,0,1,50,,2,1,0,1,0,56.0,75.0,,,1,2,2,1,1
202100051180,2021-02-16 16:30:00,2021,2,16,16,30,10,10081,JEAN JAURES (AVENUE),48.312,4.03618,Plein jour,En agglomération,Hors intersection,Normale,Trois véhicules et plus - en chaîne,4,2,2,0,1,1,1,0,1,50,,3,2,0,0,1,23.0,22.0,,,1,2,1,1,4
202100051181,2021-02-17 17:55:00,2021,2,17,17,55,75,75120,RUE ETIENNE DOLET,48.867797,2.384307,Crépuscule ou aube,En agglomération,Hors intersection,Normale,Autre collision,4,1,1,1,1,1,1,-1,5,50,,2,1,0,0,1,22.0,,,,2,2,1,1,6
202100051182,2021-02-16 18:40:00,2021,2,16,18,40,75,75118,RUE DE LA CHAPELLE,48.894256,2.359474,Nuit avec éclairage allumé,En agglomération,Intersection en Y,Pluie légère,Autre collision,4,1,3,3,1,1,2,0,1,50,,2,1,0,0,1,38.0,,,,5,2,4,2,6
202100051183,2021-02-16 23:00:00,2021,2,16,23,0,75,75117,BOULEVARD DU BOIS LE PRETRE,48.899212,2.321277,Nuit avec éclairage allumé,En agglomération,Intersection en X,Temps couvert,Deux véhicules - côté,4,2,4,1,2,1,2,0,1,30,,2,1,0,0,1,67.0,30.0,,,5,2,2,8,3
202100051184,2021-02-16 18:15:00,2021,2,16,18,15,75,75116,AVENUE D EYLAU,48.864449,2.28485,Nuit avec éclairage non allumé,En agglomération,Hors intersection,Pluie légère,Autre collision,4,1,1,0,1,1,2,0,1,30,,2,1,0,0,1,86.0,,,,4,2,1,2,6
202100051185,2021-02-17 16:00:00,2021,2,17,16,0,75,75114,BOULEVARD BRUNE,48.82474,2.318337,Plein jour,En agglomération,Intersection en X,Normale,Autre collision,4,2,2,1,1,1,1,-1,5,50,,2,1,0,0,1,34.0,,,,1,2,2,1,6
202100051186,2021-02-17 15:32:00,2021,2,17,15,32,75,75113,AVENUE D ITALIE,48.8261829044,2.3572808504,Plein jour,En agglomération,Intersection en X,Normale,Deux véhicules - côté,4,2,4,0,1,1,1,0,1,50,,2,1,0,0,1,50.0,39.0,,,1,2,2,1,3
202100051187,2021-02-17 08:48:00,2021,2,17,8,48,75,75113,PONT NATIONAL,48.827042,2.385453,Plein jour,En agglomération,Hors intersection,Normale,Deux véhicules - côté,4,2,4,1,1,1,2,-1,5,50,,2,1,0,0,1,29.0,33.0,,,1,2,1,1,3
202100051188,2021-02-16 18:00:00,2021,2,16,18,0,75,75113,AVENUE D ITALIE,48.823016,2.35827,Crépuscule ou aube,En agglomération,Intersection en T,Pluie légère,Autre collision,4,-1,6,1,1,1,2,0,1,50,,2,1,0,0,1,19.0,,,,2,2,3,2,6
202100051189,2021-02-17 12:50:00,2021,2,17,12,50,75,75111,AVENUE PARMENTIER,48.858425,2.380065,Plein jour,En agglomération,Intersection en T,Normale,Deux véhicules - côté,4,1,1,0,1,1,1,0,1,30,,2,1,0,0,1,57.0,23.0,,,1,2,3,1,3
202100051190,2021-02-17 14:11:00,2021,2,17,14,11,75,75108,BOULEVARD DES BATIGNOLLES,48.881231,2.316824,Plein jour,En agglomération,Place,Normale,Autre collision,4,1,2,0,1,1,1,0,1,50,,2,1,0,0,1,28.0,,,,1,2,7,1,6
202100051191,2021-02-17 10:57:00,2021,2,17,10,57,75,75107,QUAI D ORSAY,48.862899,2.315216,Plein jour,En agglomération,Intersection en T,Normale,Deux véhicules - côté,4,2,3,1,1,1,1,0,1,50,,2,1,0,0,1,38.0,47.0,,,1,2,3,1,3
202100051192,2021-02-17 17:00:00,2021,2,17,17,0,75,75109,RUE DE LIEGE,48.879634,2.327042,Plein jour,En agglomération,Intersection à plus de 4 branches,Normale,Autre collision,4,1,1,0,1,1,1,0,1,50,,2,1,0,0,1,53.0,48.0,,,1,2,5,1,6
202100051193,2021-02-17 09:30:00,2021,2,17,9,30,75,75109,BOULEVARD MONTMARTRE,48.8719773445,2.3400198206,Plein jour,En agglomération,Intersection à plus de 4 branches,Temps couvert,Sans collision,4,2,2,0,2,1,2,0,1,50,,1,0,0,0,1,34.0,,,,1,2,5,8,7
202100051194,2021-02-16 14:56:00,2021,2,16,14,56,75,75104,QUAI DES CELESTINS,48.851136,2.362394,Plein jour,En agglomération,Intersection en T,Normale,Sans collision,4,1,0,0,1,2,1,0,1,50,,2,1,0,0,1,35.0,,,,1,2,3,1,7
202100051195,2021-02-17 19:00:00,2021,2,17,19,0,94,94046,REPUBLIQUE (AV DE LA),48.80498,2.4393,Nuit avec éclairage allumé,En agglomération,Hors intersection,Normale,Deux véhicules - arrière,3,2,2,0,1,1,1,0,1,50,,3,2,0,0,1,36.0,44.0,,,5,2,1,1,2
202100051196,2021-02-17 14:25:00,2021,2,17,14,25,94,94037,ALBERT GUILPIN (R),48.816387,2.349444,Plein jour,En agglomération,Hors intersection,Normale,Autre collision,4,2,2,0,1,1,1,0,1,50,,2,1,0,0,1,46.0,,,,1,2,1,1,6
202100051197,2021-02-17 16:40:00,2021,2,17,16,40,94,94021,ROUERGUE (R DU),48.77623,2.36301,Plein jour,En agglomération,Hors intersection,Normale,Deux véhicules - arrière,4,2,2,0,1,1,1,0,1,50,,2,1,0,0,1,55.0,,,,1,2,1,1,2
202100051198,2021-02-16 13:35:00,2021,2,16,13,35,94,94028,SAVAR.(RUE JULIETTE),48.77797,2.46671,Plein jour,En agglomération,Intersection en X,Normale,Deux véhicules - frontale,4,-1,4,0,1,1,1,0,1,50,,2,1,0,0,1,31.0,20.0,,,1,2,2,1,1
202100051199,2021-02-16 13:50:00,2021,2,16,13,50,93,93029,JEAN JAURES (AVENUE) N°,48.91453,2.461,Plein jour,En agglomération,Autre intersection,Normale,Deux véhicules - côté,3,2,0,0,1,1,1,0,1,50,,2,1,0,0,1,27.0,42.0,,,1,2,9,1,3