accident_id,datetime,annee,mois,jour,heure,minute,departement,commune_insee,adresse,latitude,longitude,luminosite,agglomeration,intersection,meteo,collision,catr,circ,nbv,vosp,prof,plan,surf,infra,situ,vma,nb_vehicules,nb_usagers,nb_indemnes,nb_tues,nb_blesses_hosp,nb_blesses_legers,age_cond_1,age_cond_2,veh_type_cond_1,veh_type_cond_2,lum_code,agg_code,int_code,atm_code,col_code
202100051200,2021-02-17 16:15:00,2021,2,17,16,15,93,93030,CROIZAT (AVENUE AMBROISE),48.9561,2.41616,Plein jour,En agglomération,Intersection en X,Normale,Deux véhicules - arrière,3,2,2,2,1,1,1,0,1,50,,3,2,0,0,1,32.0,55.0,,,1,2,2,1,2
202100051201,2021-02-17 14:45:00,2021,2,17,14,45,93,93005,MITRY [CD115] (ROUTE DE),48.94262,2.50557,Plein jour,En agglomération,Intersection en T,Normale,Trois véhicules et plus - collisions multiples,4,-1,4,0,1,1,1,0,1,50,,3,2,0,0,1,32.0,37.0,,,1,2,3,1,5
202100051202,2021-02-17 18:30:00,2021,2,17,18,30,92,92050,REPUBLIQUE AVENUE DE LA,48.9113630278,2.2217045724,Plein jour,En agglomération,Hors intersection,Normale,Autre collision,3,2,2,0,1,1,1,0,1,50,,2,1,0,0,1,37.0,,,,1,2,1,1,6
202100051203,2021-02-17 15:47:00,2021,2,17,15,47,92,92036,LUCIEN LANTERNIER (AVENUE) (1/17),48.9326554434,2.2922544585,Plein jour,En agglomération,Hors intersection,Normale,Sans collision,3,2,2,0,1,1,1,0,1,50,,1,0,0,0,1,41.0,,,,1,2,1,1,7
202100051204,2021-02-17 14:10:00,2021,2,17,14,10,92,92036,LOUIS ROCHE (AVENUE) (2/44),48.9271470882,2.3141241074,Plein jour,En agglomération,Hors intersection,Normale,Deux véhicules - frontale,3,2,2,0,1,1,1,0,1,50,,2,1,0,0,1,25.0,27.0,,,1,2,1,1,1
202100051205,2021-02-17 19:10:00,2021,2,17,19,10,92,92026,VERDUN (DE 62 A FIN),48.904,2.256,Nuit avec éclairage allumé,En agglomération,Hors intersection,Normale,Autre collision,3,2,4,3,1,1,1,0,6,50,,2,1,0,0,1,19.0,,,,5,2,1,1,6
202100051206,2021-02-16 06:40:00,2021,2,16,6,40,35,35136,Lieu Dit le Petit Brulon,47.930426,-1.520391,Nuit sans éclairage public,Hors agglomération,Hors intersection,Normale,Sans collision,3,2,2,0,1,1,1,0,1,80,,1,0,0,1,0,51.0,,,,3,1,1,1,7
202100051207,2021-02-11 19:00:00,2021,2,11,19,0,35,35013,D177,47.693434,-2.047963,Nuit sans éclairage public,Hors agglomération,Hors intersection,Neige / grêle,Deux véhicules - arrière,3,3,4,0,1,1,7,0,1,110,,5,2,0,0,3,20.0,33.0,,,3,1,1,4,2
202100051208,2021-02-18 17:30:00,2021,2,18,17,30,54,54108,D112,48.5778564333,6.2687301636,Plein jour,Hors agglomération,Hors intersection,Normale,Autre collision,3,2,2,0,1,1,1,0,8,80,,1,0,0,0,1,29.0,,,,1,1,1,1,6
202100051209,2021-02-14 18:25:00,2021,2,14,18,25,01,01333,Route de Meximieux,45.924558,4.986956,Crépuscule ou aube,Hors agglomération,Hors intersection,Normale,Autre collision,3,2,2,0,1,1,1,0,3,80,,1,0,0,1,0,48.0,,,,2,1,1,1,6
202100051210,2021-02-17 14:47:00,2021,2,17,14,47,40,40065,Avenue de Verdun,43.638238,-1.425015,Plein jour,En agglomération,Hors intersection,Normale,Autre collision,3,2,2,0,1,1,1,0,1,50,,2,1,1,0,0,72.0,,,,1,2,1,1,6
202100051211,2021-02-18 14:00:00,2021,2,18,14,0,972,97221,Route Morne Glouglou,14.54551,-60.94532,Plein jour,En agglomération,Hors intersection,Normale,Deux véhicules - frontale,3,2,2,0,2,1,1,0,1,50,,2,1,0,1,0,19.0,54.0,,,1,2,1,1,1
202100051212,2021-02-16 21:17:00,2021,2,16,21,17,74,74272,D1508,45.948942,6.045935,Nuit sans éclairage public,Hors agglomération,Hors intersection,Normale,Deux véhicules - arrière,3,2,2,1,1,1,1,0,1,70,,2,0,0,0,2,44.0,55.0,,,3,1,1,1,2
202100051213,2021-02-17 18:30:00,2021,2,17,18,30,59,59653,Rocade des Weppes (Pont),50.590096,2.927856,Crépuscule ou aube,Hors agglomération,Hors intersection,Normale,Deux véhicules - côté,2,3,2,0,2,1,1,0,1,-1,,2,1,0,1,0,38.0,28.0,,,2,1,1,1,3
202100051214,2021-02-18 14:00:00,2021,2,18,14,0,56,56218,RD 777 - PK16+500,47.72261,-2.316699,Plein jour,Hors agglomération,Hors intersection,Temps éblouissant,Autre collision,3,2,2,0,1,2,1,0,3,80,,1,0,0,1,0,66.0,,,,1,1,1,7,6
202100051215,2021-02-18 06:45:00,2021,2,18,6,45,74,74255,Rte des Creuses,45.87506,5.969127,Nuit sans éclairage public,En agglomération,Hors intersection,Normale,Deux véhicules - frontale,3,2,2,0,2,1,1,0,1,70,,2,0,0,0,2,50.0,40.0,,,3,2,1,1,1
202100051216,2021-02-17 12:30:00,2021,2,17,12,30,2B,2B050,route territoriale 30,42.555269,8.791624,Plein jour,Hors agglomération,Hors intersection,Normale,,2,2,2,0,1,1,1,0,1,70,,4,2,0,0,2,39.0,27.0,,,1,1,1,1,-1
202100051217,2021-02-18 07:20:00,2021,2,18,7,20,63,63179,D906,45.589086,3.727541,Crépuscule ou aube,Hors agglomération,Hors intersection,Normale,Deux véhicules - frontale,3,2,2,0,4,3,1,0,1,-1,,2,0,1,0,1,50.0,25.0,,,2,1,1,1,1
202100051218,2021-02-18 15:45:00,2021,2,18,15,45,76,76758,D113e,49.61789,0.78882,Plein jour,Hors agglomération,Hors intersection,Normale,Trois véhicules et plus - en chaîne,3,2,2,0,2,1,1,0,1,80,,3,1,0,2,0,45.0,62.0,,,1,1,1,1,4
202100051219,2021-02-18 07:55:00,2021,2,18,7,55,76,76255,INTERSECTION D925/D925C,50.06255,1.42585,Plein jour,Hors agglomération,Intersection en Y,Normale,Deux véhicules - côté,3,2,2,0,2,1,1,5,1,80,,2,1,0,1,0,27.0,54.0,,,1,1,4,1,3
202100051220,2021-02-18 08:55:00,2021,2,18,8,55,55,55391,D13d,49.550454,5.215137,Plein jour,Hors agglomération,Hors intersection,Normale,Autre collision,3,2,2,0,3,3,7,0,1,80,,5,4,0,1,0,25.0,,,,1,1,1,1,6
202100051221,2021-02-17 19:20:00,2021,2,17,19,20,46,46033,"La Rivière, Le Boulve",44.4198820151,1.1520626158,Crépuscule ou aube,En agglomération,Hors intersection,Normale,Sans collision,4,2,1,0,1,3,1,0,8,50,,1,0,1,0,0,80.0,,,,2,2,1,1,7
202100051222,2021-02-17 17:55:00,2021,2,17,17,55,35,35009,Lieu Dit la Morinais,48.505015,-1.73996,Crépuscule ou aube,Hors agglomération,Autre intersection,Normale,Deux véhicules - arrière,3,2,2,0,3,1,1,0,1,80,,2,1,0,1,0,29.0,26.0,,,2,1,9,1,2
202100051223,2021-02-18 14:15:00,2021,2,18,14,15,29,29015,D13 - Kerdalaes,48.515083,-4.500275,Plein jour,Hors agglomération,Giratoire,Normale,Deux véhicules - arrière,3,2,2,0,1,1,1,5,1,80,,4,3,0,0,1,69.0,45.0,,,1,1,6,1,2
202100051224,2021-02-18 07:30:00,2021,2,18,7,30,03,03126,D131,46.0794048488,3.4411316324,Crépuscule ou aube,En agglomération,Giratoire,Normale,Autre collision,3,2,2,0,1,4,1,9,3,50,,1,0,0,1,0,22.0,,,,2,2,6,1,6
202100051225,2021-02-18 08:50:00,2021,2,18,8,50,26,26157,Route de Crest,44.608656,4.85056,Plein jour,Hors agglomération,Hors intersection,Temps couvert,Autre collision,3,2,2,0,1,1,1,0,3,80,,2,0,0,0,2,23.0,,,,1,1,1,8,6
202100051226,2021-02-18 08:00:00,2021,2,18,8,0,54,54435,route de Preny,48.9677053312,5.9478532973,Plein jour,Hors agglomération,Hors intersection,Temps couvert,Autre collision,4,2,2,0,1,1,7,0,3,80,,1,0,0,0,1,52.0,,,,1,1,1,8,6
202100051227,2021-02-18 13:35:00,2021,2,18,13,35,06,06038,137 Route de Grasse,43.664052,6.975711,Plein jour,Hors agglomération,Hors intersection,Temps couvert,Deux véhicules - côté,3,2,2,0,1,2,1,0,1,50,,2,1,0,1,0,35.0,36.0,,,1,1,1,8,3
202100051228,2021-02-18 08:30:00,2021,2,18,8,30,06,06079,295 avenue du general de gaulle,43.53166,6.948127,Plein jour,En agglomération,Hors intersection,Normale,Trois véhicules et plus - collisions multiples,3,2,2,1,1,1,1,2,1,-1,,2,1,0,1,0,70.0,63.0,,,1,2,1,1,5
202100051229,2021-02-09 22:00:00,2021,2,9,22,0,50,50090,La Belaisiere St-symphorie (Saint-Symphorien-des-Monts),48.552289,-0.970252,Nuit sans éclairage public,Hors agglomération,Hors intersection,Neige / grêle,Sans collision,3,2,1,0,1,1,5,0,1,80,,1,0,0,1,0,59.0,,,,3,1,1,4,7
202100051230,2021-02-18 11:40:00,2021,2,18,11,40,60,60178,Rue Gambetta,49.607119,2.076164,Plein jour,En agglomération,Giratoire,Normale,Sans collision,4,-1,2,0,1,2,1,0,1,50,,1,0,0,0,1,19.0,,,,1,2,6,1,7
202100051231,2021-02-18 18:00:00,2021,2,18,18,0,36,36200,Le Gué de Saint Marin,46.608652,1.494116,Crépuscule ou aube,Hors agglomération,Hors intersection,Pluie légère,Autre collision,3,2,2,0,1,1,2,0,3,80,,2,0,0,1,1,27.0,,,,2,1,1,2,6
202100051232,2021-02-18 14:25:00,2021,2,18,14,25,07,07078,D820,45.2626179,4.707665,Plein jour,En agglomération,Hors intersection,Vent fort / tempête,Autre collision,3,3,4,0,1,1,1,0,4,110,,1,0,0,1,0,63.0,,,,1,2,1,6,6
202100051233,2021-02-17 20:00:00,2021,2,17,20,0,40,40316,1181 Chemin de l'Amérique,43.585874,-0.845037,Nuit sans éclairage public,Hors agglomération,Hors intersection,Normale,Autre collision,4,-1,2,0,1,1,1,0,3,80,,2,0,0,1,1,20.0,,,,3,1,1,1,6
202100051234,2021-02-18 14:30:00,2021,2,18,14,30,85,85047,Rue de Saint-jean-de-monts,46.843682,-1.888688,Plein jour,En agglomération,Hors intersection,Pluie légère,Sans collision,4,2,2,0,1,1,2,0,1,50,,1,0,0,1,0,41.0,,,,1,2,1,2,7
202100051235,2021-02-17 16:30:00,2021,2,17,16,30,85,85084,Avenue de la Promenade,46.777313,-1.230083,Plein jour,En agglomération,Giratoire,Normale,Autre collision,4,2,2,0,1,3,1,5,1,50,,2,1,0,0,1,78.0,,,,1,2,6,1,6
202100051236,2021-02-17 15:40:00,2021,2,17,15,40,69,69044,SAIN-BEL (DE) (RTE),45.7706472189,4.741187515,Plein jour,En agglomération,Hors intersection,Normale,Sans collision,7,2,2,0,1,1,1,0,4,50,,2,1,0,1,0,68.0,40.0,,,1,2,1,1,7
202100051237,2021-02-17 18:00:00,2021,2,17,18,0,33,33097,Avenue du Pouch,45.071517,-1.095843,Plein jour,En agglomération,Hors intersection,Normale,Deux véhicules - arrière,3,2,2,1,1,1,1,-1,1,70,,2,0,1,1,0,67.0,64.0,,,1,2,1,1,2
202100051238,2021-02-17 12:40:00,2021,2,17,12,40,45,45315,Route de Cerdon,47.760413,2.374055,Plein jour,En agglomération,Intersection en X,Normale,Deux véhicules - frontale,3,2,2,0,1,1,1,0,1,50,,2,1,0,1,0,51.0,26.0,,,1,2,2,1,1
202100051239,2021-02-11 14:35:00,2021,2,11,14,35,95,95287,D22,49.1436486332,2.0478208905,Plein jour,Hors agglomération,Autre intersection,Normale,Deux véhicules - frontale,3,2,2,0,3,1,1,0,3,80,,2,1,0,0,1,27.0,40.0,,,1,1,9,1,1
202100051240,2021-02-18 17:00:00,2021,2,18,17,0,11,11429,Chemin de Laprade,43.2473571,2.3685512,Plein jour,En agglomération,Intersection en T,Normale,Deux véhicules - côté,4,2,2,0,1,1,1,0,1,50,,2,1,1,0,0,16.0,40.0,,,1,2,3,1,3
202100051241,2021-02-17 15:15:00,2021,2,17,15,15,34,34299,Parking de la Maïre,43.268181,3.339951,Plein jour,En agglomération,Autre intersection,Normale,Autre collision,6,-1,-1,0,1,1,1,0,8,30,,2,1,0,1,0,36.0,,,,1,2,9,1,6
202100051242,2021-02-17 10:55:00,2021,2,17,10,55,83,83035,Route des Hauts du Camp,43.249587,5.786281,Plein jour,Hors agglomération,Hors intersection,Normale,Deux véhicules - côté,3,2,2,0,1,1,1,5,1,70,,2,1,0,1,0,51.0,73.0,,,1,1,1,1,3
202100051243,2021-02-17 14:04:00,2021,2,17,14,4,68,68287,D8,47.967947,7.331797,Plein jour,Hors agglomération,Hors intersection,Normale,Autre collision,3,2,1,0,1,3,1,2,3,80,,1,0,1,0,0,86.0,,,,1,1,1,1,6
202100051244,2021-02-17 09:15:00,2021,2,17,9,15,79,79049,19 Boulevard de Poitiers,46.839277,-0.487508,Plein jour,En agglomération,Intersection en T,Normale,Deux véhicules - côté,4,2,2,0,1,1,1,0,1,50,,2,1,0,0,1,52.0,45.0,,,1,2,3,1,3
202100051245,2021-02-18 10:10:00,2021,2,18,10,10,33,33219,,44.971198,-0.382498,Plein jour,En agglomération,Intersection en X,Normale,Deux véhicules - côté,3,2,2,0,1,1,1,0,1,50,,2,1,0,1,0,82.0,54.0,,,1,2,2,1,3
202100051246,2021-02-17 14:45:00,2021,2,17,14,45,33,33022,D208,45.018602,-0.733545,Plein jour,Hors agglomération,Hors intersection,Normale,Sans collision,3,2,2,0,1,1,1,0,3,80,,2,0,0,1,1,19.0,,,,1,1,1,1,7
202100051247,2021-02-17 17:35:00,2021,2,17,17,35,85,85226,86 Rue de la Touche,46.71509,-1.965567,Plein jour,En agglomération,Hors intersection,Normale,Deux véhicules - arrière,4,2,2,0,1,1,1,0,1,50,,2,1,0,1,0,60.0,85.0,,,1,2,1,1,2
202100051248,2021-02-18 15:35:00,2021,2,18,15,35,14,14488,Route de Saint Aubin d'Arquenay,49.271676,-0.264798,Plein jour,En agglomération,Giratoire,Temps éblouissant,Deux véhicules - côté,3,2,2,0,1,1,1,5,1,50,,2,1,0,0,1,73.0,50.0,,,1,2,6,7,3
202100051249,2021-02-18 17:40:00,2021,2,18,17,40,29,29247,D783 - Lieu dit Carn Yann,47.9352412102,-3.9953598214,Plein jour,Hors agglomération,Intersection en X,Pluie légère,Deux véhicules - côté,3,2,2,0,1,1,2,5,1,50,,2,1,0,1,0,43.0,70.0,,,1,1,2,2,3
202100051250,2021-02-15 08:20:00,2021,2,15,8,20,60,60700,Route Nationale 1,49.388927,2.144045,Plein jour,En agglomération,Intersection en X,Normale,Deux véhicules - côté,3,2,2,0,1,1,1,5,1,50,,2,0,0,0,2,49.0,38.0,,,1,2,2,1,3
202100051251,2021-02-17 13:50:00,2021,2,17,13,50,13,13055,A507 sens Aubagne- Marseille,43.32184,5.42293,Plein jour,Hors agglomération,Hors intersection,Normale,Deux véhicules - arrière,1,1,2,0,2,1,1,0,1,70,,2,1,0,0,1,29.0,31.0,,,1,1,1,1,2
202100051252,2021-02-14 16:20:00,2021,2,14,16,20,67,67137,M83,48.50283,7.69353,Plein jour,Hors agglomération,Hors intersection,Normale,Trois véhicules et plus - en chaîne,7,3,2,0,1,1,1,0,1,50,,6,2,0,0,4,19.0,47.0,,,1,1,1,1,4
202100051253,2021-02-17 12:00:00,2021,2,17,12,0,91,91589,AUTOROUTE A6,48.67327,2.34356,Plein jour,Hors agglomération,Hors intersection,Normale,Deux véhicules - arrière,1,3,6,0,3,1,1,0,1,110,,2,1,0,0,1,60.0,47.0,,,1,1,1,1,2
202100051254,2021-02-15 10:15:00,2021,2,15,10,15,974,97411,BOIS DE NEFLES (ROUTE DE),-20.90277,55.47803,Plein jour,En agglomération,Hors intersection,Normale,Trois véhicules et plus - collisions multiples,5,2,1,3,2,2,1,0,1,30,,1,0,0,1,0,36.0,,,,1,2,1,1,5
202100051255,2021-02-16 11:15:00,2021,2,16,11,15,973,97302,BADUEL (ROUTE DE),4.93693,-52.31514,Plein jour,En agglomération,Hors intersection,Normale,Deux véhicules - côté,3,2,2,2,1,1,1,0,3,50,,2,1,0,0,1,44.0,62.0,,,1,2,1,1,3
202100051256,2021-02-16 21:25:00,2021,2,16,21,25,69,69387,BERTHELOT                           (AV),45.74346,4.84729,Nuit avec éclairage allumé,En agglomération,Intersection en X,Pluie légère,Deux véhicules - côté,4,1,2,0,1,1,2,0,1,50,,2,1,0,1,0,26.0,,,,5,2,2,2,3
202100051257,2021-02-16 15:30:00,2021,2,16,15,30,69,69383,LEON JOUHAUX (R),45.75483,4.85433,Plein jour,En agglomération,Intersection en X,Normale,Deux véhicules - côté,4,1,1,0,1,1,1,0,1,50,,5,4,0,0,1,24.0,23.0,,,1,2,2,1,3
202100051258,2021-02-16 16:42:00,2021,2,16,16,42,69,69387,UNIVERSITE (DE L') (R),45.74919,4.84194,Plein jour,En agglomération,Intersection en X,Normale,Deux véhicules - côté,4,1,3,3,1,1,1,0,1,50,,2,1,0,1,0,59.0,23.0,,,1,2,2,1,3
202100051259,2021-02-16 09:50:00,2021,2,16,9,50,69,69383,LAFAYETTE (CR),45.7636897092,4.8668763041,Plein jour,En agglomération,Hors intersection,Normale,Autre collision,4,1,2,1,1,1,1,0,1,50,,2,1,1,0,0,60.0,,,,1,2,1,1,6
202100051260,2021-02-16 03:37:00,2021,2,16,3,37,972,97213,ROUTE NATIONALE 5,14.594686244,-60.9845495224,Nuit avec éclairage allumé,Hors agglomération,Hors intersection,Normale,Autre collision,2,-1,6,0,1,1,1,0,1,90,,2,1,0,0,1,53.0,,,,5,1,1,1,6
202100051261,2021-02-16 06:59:00,2021,2,16,6,59,69,69286,ROUTE DE GENEVE (RTE),45.80801,4.91097,Crépuscule ou aube,En agglomération,Intersection en T,Normale,Deux véhicules - côté,7,2,4,2,1,1,1,0,1,50,,2,1,0,0,1,33.0,37.0,,,2,2,3,1,3
202100051262,2021-02-10 08:50:00,2021,2,10,8,50,95,95555,PASTEUR (BOULEVARD),48.9659957303,2.2801458836,Plein jour,En agglomération,Intersection en T,Normale,Autre collision,3,2,4,0,1,2,1,0,1,50,,2,1,0,0,1,47.0,,,,1,2,3,1,6
202100051263,2021-02-16 17:20:00,2021,2,16,17,20,91,91514,RTE DE BOUSSY A QUINCY,48.68034,2.53792,Plein jour,En agglomération,Giratoire,Pluie légère,Deux véhicules - arrière,3,1,1,0,2,1,2,5,1,50,,3,2,0,0,1,50.0,59.0,,,1,2,6,2,2
202100051264,2021-02-12 11:30:00,2021,2,12,11,30,89,89024,JEAN JAURES (AVENUE),47.79718,3.57986,Plein jour,En agglomération,Hors intersection,Normale,Deux véhicules - côté,6,-1,-1,0,1,1,1,0,1,50,,2,1,0,1,0,29.0,50.0,,,1,2,1,1,3
202100051265,2021-02-16 12:10:00,2021,2,16,12,10,83,83137,MATISSE (RUE / IMP HENRI),43.12894,5.98207,Plein jour,Hors agglomération,Giratoire,Normale,Deux véhicules - côté,4,4,2,0,1,3,1,5,1,50,,2,1,0,0,1,57.0,35.0,,,1,1,6,1,3
202100051266,2021-02-15 07:00:00,2021,2,15,7,0,83,83090,SEYNE (ROUTE DE LA),43.123427,5.84748,Plein jour,En agglomération,Hors intersection,Normale,Autre collision,7,2,1,0,1,3,1,5,1,50,,2,1,0,1,0,56.0,,,,1,2,1,1,6
202100051267,2021-02-15 16:10:00,2021,2,15,16,10,83,83123,CORNICHE DU SOLEIL N° PAIRS,43.1224,5.80149,Plein jour,En agglomération,Hors intersection,Normale,Autre collision,3,2,2,0,2,1,1,0,1,50,,2,1,0,1,0,38.0,52.0,,,1,2,1,1,6
202100051268,2021-02-15 12:15:00,2021,2,15,12,15,83,83069,ALMANARRE (ROUTE DE L'),43.0808,6.1275,Plein jour,Hors agglomération,Hors intersection,Normale,Autre collision,7,2,2,0,1,1,1,9,1,50,,1,0,0,0,1,66.0,,,,1,1,1,1,6
202100051269,2021-02-16 18:00:00,2021,2,16,18,0,81,81033,GUIGNERETTE ( COTE DE LA ),44.04239,2.12454,Plein jour,En agglomération,Hors intersection,Normale,Deux véhicules - frontale,4,2,2,0,2,3,1,0,1,50,,2,1,0,0,1,35.0,20.0,,,1,2,1,1,1
202100051270,2021-02-15 12:40:00,2021,2,15,12,40,79,79329,118 Avenue Emile Zola,46.992541,-0.20871,Plein jour,En agglomération,Intersection en T,Normale,Trois véhicules et plus - en chaîne,3,2,3,0,1,1,1,5,1,50,,3,2,0,0,1,62.0,47.0,,,1,2,3,1,4
202100051271,2021-02-16 09:10:00,2021,2,16,9,10,78,78146,VERDUN (AVENUE DE),48.89934,2.15439,Plein jour,En agglomération,Intersection en T,Normale,Deux véhicules - côté,4,2,2,0,1,1,1,0,1,50,,2,1,0,0,1,38.0,32.0,,,1,2,3,1,3
202100051272,2021-01-05 20:25:00,2021,1,5,20,25,69,69266,LEON BLUM (R),45.76027,4.9015,Nuit avec éclairage allumé,En agglomération,Hors intersection,Normale,Trois véhicules et plus - en chaîne,4,2,2,0,1,1,1,9,1,50,,3,2,0,1,0,34.0,28.0,,,5,2,1,1,4
202100051273,2021-02-15 15:14:00,2021,2,15,15,14,66,66136,R D 900,42.67939,2.87349,Plein jour,Hors agglomération,Hors intersection,Normale,Deux véhicules - côté,3,3,4,0,1,1,1,0,1,90,,2,0,0,0,2,32.0,32.0,,,1,1,1,1,3
202100051274,2021-02-16 09:51:00,2021,2,16,9,51,65,65440,AVENUE JULES LAFORGUE ,43.224178,0.068292,Plein jour,En agglomération,Intersection en X,Normale,Autre collision,4,-1,2,0,1,1,1,0,1,50,,2,1,0,0,1,35.0,,,,1,2,2,1,6
202100051275,2021-02-16 09:50:00,2021,2,16,9,50,64,64373,LOUIS BARTHOU,43.27781,-0.35933,Plein jour,En agglomération,Hors intersection,Normale,Sans collision,4,2,1,0,1,1,1,0,1,30,,1,0,0,0,1,25.0,,,,1,2,1,1,7
202100051276,2021-02-13 11:15:00,2021,2,13,11,15,64,64445,ETIGNY D',43.29599,-0.37861,Plein jour,En agglomération,Intersection en X,Normale,Autre collision,4,1,1,0,2,1,1,0,1,50,,2,1,0,0,1,60.0,,,,1,2,2,1,6
202100051277,2021-02-16 17:05:00,2021,2,16,17,5,64,64122,SABAOU (AVENUE DU),43.4740064431,-1.5442121029,Plein jour,En agglomération,Hors intersection,Normale,Sans collision,4,2,2,0,2,1,1,9,1,50,,1,0,0,1,0,55.0,,,,1,2,1,1,7
202100051278,2021-02-16 18:13:00,2021,2,16,18,13,64,64102,QUATORZE AVRIL (AVENUE DU),43.5039495899,-1.4502006769,Plein jour,En agglomération,Intersection en T,Normale,Deux véhicules - côté,4,2,2,0,1,1,1,0,1,50,,2,1,0,0,1,36.0,21.0,,,1,2,3,1,3
202100051279,2021-02-15 13:05:00,2021,2,15,13,5,64,64140,DOUANE (QUAI DE LA),43.52246,-1.48988,Plein jour,En agglomération,Intersection en T,Normale,Deux véhicules - arrière,3,2,3,1,1,2,1,0,5,50,,2,1,0,0,1,,33.0,,,1,2,3,1,2
202100051280,2021-02-16 14:20:00,2021,2,16,14,20,59,59122,CATEAU (AVENUE DU),50.16685,3.26882,Plein jour,En agglomération,Intersection en T,Normale,Deux véhicules - arrière,3,-1,0,0,1,1,1,0,1,50,,2,1,0,0,1,39.0,40.0,,,1,2,3,1,2
202100051281,2021-02-03 07:40:00,2021,2,3,7,40,55,55545,CHEVERT ( PLACE ),49.15951,5.386,Crépuscule ou aube,En agglomération,Hors intersection,Normale,Sans collision,4,2,2,0,1,1,1,6,1,30,,2,1,0,0,1,26.0,,,,2,2,1,1,7
202100051282,2021-02-13 10:59:00,2021,2,13,10,59,51,51230,Avenue de Franche Comté,49.0337016556,3.9567357302,Plein jour,En agglomération,Hors intersection,Normale,Sans collision,4,2,2,0,2,2,1,5,1,50,,3,2,0,1,0,55.0,59.0,,,1,2,1,1,7
202100051283,2021-02-16 08:22:00,2021,2,16,8,22,49,49007,PETIT MONTREJEAU CHEMIN,47.466707,-0.530122,Plein jour,En agglomération,Hors intersection,Normale,Sans collision,4,2,2,0,1,1,2,0,1,50,,1,0,0,0,1,18.0,,,,1,2,1,1,7
202100051284,2021-02-15 04:34:00,2021,2,15,4,34,49,49007,MONPROFIT PLACE,47.47426,-0.567097,Nuit avec éclairage non allumé,En agglomération,Place,Normale,Deux véhicules - côté,4,2,2,0,1,1,1,0,1,50,,2,1,0,0,1,48.0,33.0,,,4,2,7,1,3
202100051285,2021-02-16 08:10:00,2021,2,16,8,10,45,45284,Avenue Pierre et Marie Curie,47.90839,1.97728,Plein jour,Hors agglomération,Hors intersection,Normale,Deux véhicules - côté,4,2,2,0,1,1,1,0,1,50,,3,1,0,0,2,50.0,45.0,,,1,1,1,1,3
202100051286,2021-02-16 08:10:00,2021,2,16,8,10,45,45302,Route d’Ormes-D557 PR1+1,47.952711,1.856268,Plein jour,Hors agglomération,Hors intersection,Normale,Deux véhicules - arrière,7,3,4,0,1,1,1,0,1,90,,2,0,0,0,2,25.0,51.0,,,1,1,1,1,2
202100051287,2021-01-09 16:45:00,2021,1,9,16,45,44,44055,FLORALIES ( AVENUE DES ),47.29121,-2.39568,Plein jour,En agglomération,Hors intersection,Normale,Autre collision,4,2,1,0,1,1,1,0,1,50,,3,1,0,1,1,85.0,,,,1,2,1,1,6
202100051288,2021-02-09 17:30:00,2021,2,9,17,30,42,42218,Rue Robespierre,45.41376,4.39601,Plein jour,En agglomération,Intersection en X,Normale,Trois véhicules et plus - collisions multiples,4,2,2,0,1,1,1,0,1,50,,3,2,0,0,1,55.0,36.0,,,1,2,2,1,5
202100051289,2021-02-15 12:30:00,2021,2,15,12,30,37,37261,MAGINOT (AV. ANDRE),47.4207646611,0.6948509217,Plein jour,En agglomération,Hors intersection,Normale,Autre collision,4,3,3,3,1,1,1,9,6,50,,3,2,0,0,1,44.0,,,,1,2,1,1,6
202100051290,2021-02-16 18:30:00,2021,2,16,18,30,35,35055,RN136,48.09479,-1.62211,Nuit sans éclairage public,Hors agglomération,Hors intersection,Normale,Trois véhicules et plus - en chaîne,2,3,4,0,1,1,1,0,1,90,,3,2,0,0,1,41.0,24.0,,,3,1,1,1,4
202100051291,2021-02-16 12:50:00,2021,2,16,12,50,35,35238,INNOCENTS ( DES),48.11346,-1.6827,Plein jour,En agglomération,Hors intersection,Pluie légère,Sans collision,4,1,1,3,1,1,2,6,1,30,,1,0,0,0,1,21.0,,,,1,2,1,2,7
202100051292,2021-02-16 07:00:00,2021,2,16,7,0,35,35238,TOUFFAIT (ADOLPHE),48.10659,-1.66443,Nuit avec éclairage allumé,En agglomération,Intersection en T,Normale,Autre collision,4,2,2,0,2,1,1,0,1,50,,2,1,0,0,1,62.0,,,,5,2,3,1,6
202100051293,2021-02-16 17:00:00,2021,2,16,17,0,33,33522,Rue Blumerel,44.80184,-0.58509,Plein jour,En agglomération,Giratoire,Normale,Deux véhicules - côté,4,2,2,0,1,3,1,5,5,50,,2,1,0,0,1,33.0,33.0,,,1,2,6,1,3
202100051294,2021-02-16 07:15:00,2021,2,16,7,15,33,33522,Boulevard du Président Franklin Roosevelt,44.820576,-0.581753,Crépuscule ou aube,En agglomération,Hors intersection,Normale,Deux véhicules - côté,4,3,4,1,1,1,1,1,1,50,,2,1,0,0,1,56.0,38.0,,,2,2,1,1,3
202100051295,2021-01-18 08:50:00,2021,1,18,8,50,33,33192,Boulevard de Malartic,44.7679,-0.60327,Plein jour,En agglomération,Hors intersection,Normale,Deux véhicules - côté,4,2,2,0,1,1,1,0,1,50,,2,1,0,0,1,36.0,13.0,,,1,2,1,1,3