accident_id,datetime,annee,mois,jour,heure,minute,departement,commune_insee,adresse,latitude,longitude,luminosite,agglomeration,intersection,meteo,collision,catr,circ,nbv,vosp,prof,plan,surf,infra,situ,vma,nb_vehicules,nb_usagers,nb_indemnes,nb_tues,nb_blesses_hosp,nb_blesses_legers,age_cond_1,age_cond_2,veh_type_cond_1,veh_type_cond_2,lum_code,agg_code,int_code,atm_code,col_code
202100051296,2021-02-16 17:16:00,2021,2,16,17,16,30,30189,ALLENDE SALVADOR (RUE),43.8179,4.3475,Plein jour,En agglomération,Giratoire,Pluie légère,Autre collision,4,3,4,0,1,1,2,0,1,50,,2,1,0,1,0,35.0,,,,1,2,6,2,6
202100051297,2021-02-14 16:40:00,2021,2,14,16,40,29,29019,Rue Bouet,48.414509,-4.495354,Plein jour,En agglomération,Hors intersection,Pluie légère,Autre collision,4,2,1,0,1,1,2,0,1,50,,2,1,0,1,0,60.0,,,,1,2,1,2,6
202100051298,2021-02-15 15:40:00,2021,2,15,15,40,21,21054,3 Rue des Prévoles,47.021153,4.830701,Plein jour,En agglomération,Hors intersection,Normale,Deux véhicules - frontale,4,2,2,0,1,2,1,0,1,50,,4,3,0,1,0,43.0,82.0,,,1,2,1,1,1
202100051299,2021-02-16 13:55:00,2021,2,16,13,55,13,13215,SAINT ANTOINE (AVENUE DE),43.3772609817,5.3564921021,Plein jour,En agglomération,Autre intersection,Pluie légère,Deux véhicules - frontale,4,2,2,0,1,1,2,0,1,50,,2,1,0,1,0,24.0,25.0,,,1,2,9,2,1
202100051300,2021-02-16 13:45:00,2021,2,16,13,45,13,13002,PROVENCE (AVENUE DE),43.329,5.48,Plein jour,En agglomération,Hors intersection,Pluie légère,Deux véhicules - côté,4,-1,2,1,1,3,2,0,1,30,,2,1,0,0,1,,39.0,,,1,2,1,2,3
202100051301,2021-02-15 13:45:00,2021,2,15,13,45,13,13207,Corniche John Fitzgérald Kennedy,43.276844081,5.3572879896,Plein jour,En agglomération,Hors intersection,Normale,Autre collision,4,2,2,0,1,1,1,0,1,30,,2,0,0,0,2,42.0,14.0,,,1,2,1,1,6
202100051302,2021-02-13 18:15:00,2021,2,13,18,15,12,12202,RN88,44.36247,2.57091,Plein jour,Hors agglomération,Hors intersection,Normale,Trois véhicules et plus - en chaîne,2,1,2,0,1,1,1,0,1,50,,3,1,0,1,1,28.0,39.0,,,1,1,1,1,4
202100051303,2021-02-15 11:00:00,2021,2,15,11,0,10,10387,GEORGES POMPIDOU (RUE),48.28894,4.08425,Plein jour,En agglomération,Intersection en X,Temps couvert,Deux véhicules - côté,4,2,4,1,1,1,2,0,1,50,,3,1,0,0,2,38.0,85.0,,,1,2,2,8,3
202100051304,2021-02-16 17:10:00,2021,2,16,17,10,09,09122,LECLERC (AVENUE DU GENERAL),42.98362,1.61385,Plein jour,En agglomération,Hors intersection,Normale,Deux véhicules - arrière,3,2,2,0,1,1,1,0,1,50,,4,3,0,1,0,17.0,43.0,,,1,2,1,1,2
202100051305,2021-02-16 18:07:00,2021,2,16,18,7,06,06069,PROVENCE (AVENUE DE),43.653665,6.922015,Crépuscule ou aube,En agglomération,Hors intersection,Normale,Deux véhicules - arrière,4,2,2,0,1,1,1,0,1,50,,2,1,0,0,1,45.0,41.0,,,2,2,1,1,2
202100051306,2021-02-16 15:45:00,2021,2,16,15,45,06,06069,MARIGARDE (ROUTE DE LA),43.65414,6.93678,Plein jour,En agglomération,Hors intersection,Normale,Deux véhicules - arrière,3,2,2,0,4,2,1,0,1,50,,2,1,0,0,1,50.0,40.0,,,1,2,1,1,2
202100051307,2021-02-16 08:00:00,2021,2,16,8,0,06,06069,PLASCASSIER (route de),43.651967,6.959727,Plein jour,Hors agglomération,Hors intersection,Normale,Deux véhicules - côté,3,2,2,0,1,1,1,0,1,50,,2,1,0,0,1,23.0,47.0,,,1,1,1,1,3
202100051308,2021-02-15 07:10:00,2021,2,15,7,10,01,01283,VAUGELAS (RUE DU 1 AU 11),46.26643,5.65712,Crépuscule ou aube,En agglomération,Intersection en T,Normale,Deux véhicules - côté,4,2,2,0,2,3,1,5,1,50,,2,0,0,1,1,17.0,48.0,,,2,2,3,1,3
202100051309,2021-02-16 14:40:00,2021,2,16,14,40,75,75113,BOULEVARD PERIPHERIQUE INTERIEUR SUD,48.820004,2.374225,Plein jour,En agglomération,Hors intersection,Normale,Trois véhicules et plus - collisions multiples,4,1,4,0,1,1,1,0,1,70,,3,2,0,0,1,26.0,,,,1,2,1,1,5
202100051310,2021-02-16 11:15:00,2021,2,16,11,15,75,75112,BOULEVARD PERIPHERIQUE EXTERIEUR NORD  ,48.830171,2.402188,Plein jour,En agglomération,Hors intersection,Normale,Deux véhicules - côté,4,1,4,0,1,1,1,0,1,70,,2,1,0,0,1,36.0,24.0,,,1,2,1,1,3
202100051311,2021-02-15 07:50:00,2021,2,15,7,50,75,75119,PORTE D AUBERVILLIERS,48.90073,2.372563,Plein jour,En agglomération,Hors intersection,Normale,Deux véhicules - arrière,4,1,4,0,1,1,1,0,1,70,,2,1,0,0,1,29.0,52.0,,,1,2,1,1,2
202100051312,2021-02-16 10:36:00,2021,2,16,10,36,75,75106,RUE D ASSAS,48.847828,2.329577,Plein jour,En agglomération,Intersection en X,Normale,Deux véhicules - côté,4,2,2,0,1,1,1,0,1,30,,2,1,0,0,1,27.0,29.0,,,1,2,2,1,3
202100051313,2021-02-15 03:57:00,2021,2,15,3,57,75,75112,AVENUE DU DOCTEUR ARNOLD NETTER,48.842358,2.405105,Nuit avec éclairage allumé,En agglomération,Hors intersection,Normale,Autre collision,4,2,3,0,1,1,2,0,1,50,,6,1,0,1,4,22.0,,,,5,2,1,1,6
202100051314,2021-02-15 14:24:00,2021,2,15,14,24,75,75105,RUE SAINT JACQUES,48.850814,2.345525,Plein jour,En agglomération,Intersection à plus de 4 branches,Temps couvert,Autre collision,4,1,2,0,1,1,1,0,1,50,,4,1,0,0,3,,,,,1,2,5,8,6
202100051315,2021-02-16 20:50:00,2021,2,16,20,50,75,75119,BOULEVARD PERIPHERIQUE EXTERIEUR NORD  ,48.899734,2.392334,Nuit avec éclairage allumé,En agglomération,Intersection en Y,Normale,Trois véhicules et plus - en chaîne,4,1,2,0,2,1,2,0,1,70,,10,8,0,0,2,22.0,50.0,,,5,2,4,1,4
202100051316,2021-02-16 09:20:00,2021,2,16,9,20,75,75119,RUE MANIN,48.884346,2.391286,Plein jour,En agglomération,Intersection en X,Normale,Deux véhicules - côté,4,2,2,0,1,1,1,0,1,50,,2,1,0,0,1,60.0,51.0,,,1,2,2,1,3
202100051317,2021-02-16 17:50:00,2021,2,16,17,50,75,75118,BOULEVARD DE LA CHAPELLE,48.884477,2.3648,Nuit avec éclairage allumé,En agglomération,Intersection en X,Pluie légère,Deux véhicules - côté,4,1,2,0,1,1,2,0,1,30,,2,1,0,0,1,36.0,23.0,,,5,2,2,2,3
202100051318,2021-02-13 12:20:00,2021,2,13,12,20,75,75117,AVENUE DE WAGRAM,48.8756367673,2.2963839769,Plein jour,En agglomération,Hors intersection,Normale,Autre collision,4,3,4,0,1,1,1,0,1,50,,2,1,0,0,1,49.0,,,,1,2,1,1,6
202100051319,2021-02-15 20:30:00,2021,2,15,20,30,75,75113,AVENUE DES GOBELINS,48.833931,2.353815,Nuit avec éclairage allumé,En agglomération,Intersection en T,Pluie légère,Deux véhicules - côté,4,2,4,0,1,1,2,0,1,50,,2,1,0,0,1,19.0,,,,5,2,3,2,3
202100051320,2021-02-16 13:30:00,2021,2,16,13,30,75,75111,PLACE DE LA BASTILLE,48.8533427588,2.3696026314,Plein jour,En agglomération,Place,Normale,Deux véhicules - côté,4,2,4,3,1,3,1,0,1,50,,2,1,0,0,1,49.0,31.0,,,1,2,7,1,3
202100051321,2021-02-15 08:30:00,2021,2,15,8,30,75,75109,BOULEVARD MONTMARTRE,48.8719739025,2.3400420319,Plein jour,En agglomération,Intersection à plus de 4 branches,Pluie légère,Autre collision,4,4,5,3,1,1,2,-1,6,50,,1,0,0,0,1,52.0,,,,1,2,5,2,6
202100051322,2021-02-16 18:20:00,2021,2,16,18,20,94,94081,JEAN JAURES (AV),48.79444,2.40226,Nuit avec éclairage allumé,En agglomération,Intersection en X,Pluie légère,Deux véhicules - frontale,3,2,2,0,1,1,2,0,1,50,,2,1,0,0,1,31.0,,,,5,2,2,2,1
202100051323,2021-02-16 00:35:00,2021,2,16,0,35,94,94081,ROUGET DE L ISLE (AV),48.78082,2.39514,Nuit avec éclairage allumé,En agglomération,Hors intersection,Normale,Deux véhicules - côté,4,1,2,0,1,1,2,0,1,50,,2,0,0,0,2,35.0,,,,5,2,1,1,3
202100051324,2021-02-15 13:15:00,2021,2,15,13,15,94,94033,REPUBLIQUE (AV DE LA),48.85279,2.4572,Plein jour,En agglomération,Intersection en T,Normale,Deux véhicules - côté,4,4,2,0,1,1,1,0,1,50,,2,1,0,0,1,28.0,37.0,,,1,2,3,1,3
202100051325,2021-02-15 08:45:00,2021,2,15,8,45,94,94028,DEMENITROUX(RUE MAURICE),48.78754,2.45595,Crépuscule ou aube,En agglomération,Autre intersection,Normale,Deux véhicules - frontale,4,-1,1,0,1,2,2,5,1,30,,2,1,0,0,1,25.0,56.0,,,2,2,9,1,1
202100051326,2021-02-16 04:00:00,2021,2,16,4,0,94,94038,Avenue du Général Leclerc,48.771193,2.349838,Nuit avec éclairage allumé,En agglomération,Giratoire,Normale,Autre collision,3,1,0,0,1,2,1,0,4,50,,4,1,0,0,3,15.0,,,,5,2,6,1,6
202100051327,2021-02-16 11:30:00,2021,2,16,11,30,94,94019,Rue Rabelais,48.802967,2.552016,Plein jour,En agglomération,Hors intersection,Normale,Deux véhicules - côté,4,2,2,0,1,1,1,0,1,50,,3,2,0,0,1,30.0,16.0,,,1,2,1,1,3
202100051328,2021-02-16 16:10:00,2021,2,16,16,10,93,93064,HOFFMANN (RUE PHILIBERT),48.8815895852,2.4862790108,Plein jour,En agglomération,Hors intersection,Normale,Autre collision,4,2,2,0,1,1,1,0,1,50,,2,0,0,0,2,34.0,,,,1,2,1,1,6
202100051329,2021-02-16 10:16:00,2021,2,16,10,16,93,93064,JAURES (AVENUE JEAN),48.87091,2.48651,Plein jour,En agglomération,Hors intersection,Normale,Autre collision,3,2,2,0,1,1,1,0,1,50,,2,1,0,0,1,25.0,,,,1,2,1,1,6
202100051330,2021-02-16 12:25:00,2021,2,16,12,25,93,93014,RECY (ALLEE DE),48.901103841,2.5420683006,Plein jour,En agglomération,Hors intersection,Normale,Deux véhicules - arrière,4,-1,2,0,2,1,1,0,1,50,,2,1,0,0,1,41.0,26.0,,,1,2,1,1,2
202100051331,2021-02-16 05:00:00,2021,2,16,5,0,93,93005,RAOUL DUFY (AVENUE),48.9601710066,2.5023195693,Nuit avec éclairage allumé,En agglomération,Intersection en T,Pluie légère,Trois véhicules et plus - collisions multiples,3,2,4,0,1,1,2,5,1,50,,4,2,0,0,2,49.0,33.0,,,5,2,3,2,5
202100051332,2021-02-16 18:20:00,2021,2,16,18,20,92,92044,DANTON(RUE)125+ ET 134BIS+,48.8975159453,2.2772410512,Nuit avec éclairage allumé,En agglomération,Intersection en T,Pluie légère,Autre collision,4,1,1,1,1,1,2,0,6,50,,2,1,0,0,1,21.0,,,,5,2,3,2,6
202100051333,2021-02-16 18:35:00,2021,2,16,18,35,92,92040,GENERAL LECLERC (DU) DU 32 A 62,48.82477,2.27503,Nuit avec éclairage allumé,En agglomération,Intersection en T,Pluie légère,Deux véhicules - côté,3,1,3,0,1,1,2,0,1,30,,3,2,0,0,1,30.0,38.0,,,5,2,3,2,3
202100051334,2021-02-02 11:30:00,2021,2,2,11,30,92,92025,HUIT MAI 45 (RUE DU),48.9229433926,2.2590261698,Plein jour,En agglomération,Intersection en T,Pluie légère,Autre collision,4,2,0,0,2,1,2,0,1,50,,2,1,0,0,1,28.0,,,,1,2,3,2,6
202100051335,2021-02-15 16:45:00,2021,2,15,16,45,51,51144,D16,48.736139,4.913517,Plein jour,Hors agglomération,Hors intersection,Pluie légère,Sans collision,3,2,2,0,2,4,2,0,8,80,,1,0,0,1,0,89.0,,,,1,1,1,2,7
202100051336,2021-02-17 14:50:00,2021,2,17,14,50,01,01443,D1083,45.990082,5.021852,Plein jour,Hors agglomération,Hors intersection,Normale,Deux véhicules - frontale,3,2,2,0,1,1,1,0,1,80,,2,0,0,0,2,69.0,46.0,,,1,1,1,1,1
202100051337,2021-02-17 16:00:00,2021,2,17,16,0,29,29302,RN 165 - PR 83+600,48.255127,-4.114981,Plein jour,Hors agglomération,Hors intersection,Normale,Sans collision,2,3,4,0,2,2,1,0,3,110,,1,0,0,0,1,93.0,,,,1,1,1,1,7
202100051338,2021-02-17 19:20:00,2021,2,17,19,20,58,58295,"Autoroute A77,PK 113.000 sens PARIS-NEVERS",47.307444,2.945664,Nuit sans éclairage public,Hors agglomération,Hors intersection,Normale,Deux véhicules - arrière,1,3,4,0,2,1,1,0,1,130,,2,1,0,0,1,37.0,44.0,,,3,1,1,1,2
202100051339,2021-02-17 13:00:00,2021,2,17,13,0,62,62147,Rue de Ficheux,50.210664,2.748733,Plein jour,Hors agglomération,Intersection en X,Normale,Deux véhicules - côté,3,2,2,0,1,1,1,0,1,80,,2,1,0,0,1,57.0,31.0,,,1,1,2,1,3
202100051340,2021-02-16 17:55:00,2021,2,16,17,55,74,74150,D35,46.26744,6.323227,Crépuscule ou aube,Hors agglomération,Hors intersection,Normale,Autre collision,3,2,2,0,1,2,1,0,3,80,,1,0,1,0,0,46.0,,,,2,1,1,1,6
202100051341,2021-02-17 02:24:00,2021,2,17,2,24,89,89471,10 Rue du Relais de Poste,48.176408,3.414374,Nuit avec éclairage non allumé,Hors agglomération,Intersection en T,Normale,Deux véhicules - côté,3,2,2,0,2,1,2,5,1,70,,6,1,0,4,1,38.0,59.0,,,4,1,3,1,3
202100051342,2021-02-16 12:20:00,2021,2,16,12,20,56,56036,332 Rue Pierre Landais,47.785675,-3.335268,Plein jour,Hors agglomération,Hors intersection,Pluie légère,Deux véhicules - arrière,3,2,2,0,1,1,2,0,1,50,,2,1,0,1,0,42.0,25.0,,,1,1,1,2,2
202100051343,2021-02-17 12:15:00,2021,2,17,12,15,80,80827,Rue Jean Jaurès,50.064787,1.536793,Plein jour,En agglomération,Hors intersection,Normale,Deux véhicules - arrière,3,2,2,0,1,1,1,0,1,50,,2,1,0,1,0,27.0,16.0,,,1,2,1,1,2
202100051344,2021-02-16 13:50:00,2021,2,16,13,50,65,65128,D17 Route de Trie sur Baïse,43.190960732,0.3566747904,Plein jour,Hors agglomération,Intersection en T,Normale,Autre collision,3,2,2,0,1,2,9,0,3,80,,1,0,0,1,0,16.0,,,,1,1,3,1,6
202100051345,2021-02-16 16:45:00,2021,2,16,16,45,12,12290,cavagnac,44.435249,2.194812,Plein jour,Hors agglomération,Hors intersection,Normale,Deux véhicules - arrière,3,2,2,0,1,1,1,0,1,80,,2,1,0,1,0,28.0,24.0,,,1,1,1,1,2
202100051346,2021-02-17 16:15:00,2021,2,17,16,15,42,42014,Route du Beaujolais,46.178865,4.406794,Plein jour,Hors agglomération,Hors intersection,Normale,Deux véhicules - arrière,3,2,2,0,2,3,1,0,1,80,,2,1,0,1,0,17.0,54.0,,,1,1,1,1,2
202100051347,2021-02-17 11:20:00,2021,2,17,11,20,41,41051,D115,47.367642,1.121936,Plein jour,Hors agglomération,Hors intersection,Normale,Deux véhicules - frontale,3,3,2,0,1,1,1,0,1,80,,2,0,1,1,0,45.0,60.0,,,1,1,1,1,1
202100051348,2021-02-16 11:45:00,2021,2,16,11,45,22,22377,Rue Saint Marc,48.666056,-2.860694,Plein jour,En agglomération,Hors intersection,Pluie forte,Autre collision,4,2,2,0,1,1,2,6,1,50,,2,1,0,1,0,82.0,,,,1,2,1,3,6
202100051349,2021-02-17 16:40:00,2021,2,17,16,40,39,39453,33 Grande Rue,46.429227,5.803217,Plein jour,En agglomération,Hors intersection,Normale,Sans collision,3,2,2,0,2,1,1,0,3,50,,1,0,1,0,0,75.0,,,,1,2,1,1,7
202100051350,2021-02-17 17:45:00,2021,2,17,17,45,26,26326,33 Chemin de Solérieux,44.340352,4.798349,Plein jour,Hors agglomération,Hors intersection,Normale,Autre collision,3,2,2,0,1,1,1,9,1,80,,1,0,0,1,0,80.0,,,,1,1,1,1,6
202100051351,2021-02-16 17:20:00,2021,2,16,17,20,14,14319,Route de Cormelles,49.14798,-0.288337,Plein jour,En agglomération,Hors intersection,Normale,Deux véhicules - frontale,4,-1,2,0,1,1,1,0,1,30,,2,1,0,1,0,24.0,16.0,,,1,2,1,1,1
202100051352,2021-02-17 14:15:00,2021,2,17,14,15,14,14198,D276,49.228059,0.025481,Plein jour,Hors agglomération,Hors intersection,Normale,Autre collision,3,2,2,0,2,3,1,0,1,80,,2,1,0,1,0,65.0,,,,1,1,1,1,6
202100051353,2021-02-16 14:55:00,2021,2,16,14,55,14,14016,La Place d’Annebault,49.249858,0.065778,Plein jour,Hors agglomération,Hors intersection,Pluie légère,Autre collision,3,2,2,0,1,1,2,2,3,80,,1,0,0,0,1,41.0,,,,1,1,1,2,6
202100051354,2021-02-16 12:00:00,2021,2,16,12,0,16,16071,Lieu-dit La Gouie,45.92383,0.754589,Plein jour,Hors agglomération,Intersection en T,Normale,Sans collision,3,2,2,0,2,2,9,0,1,80,,1,0,0,0,1,19.0,,,,1,1,3,1,7
202100051355,2021-02-17 12:20:00,2021,2,17,12,20,24,24550,La Fouille,45.138371,1.045139,Plein jour,Hors agglomération,Hors intersection,Normale,Sans collision,3,2,2,0,1,2,1,0,1,-1,,1,0,0,1,0,23.0,,,,1,1,1,1,7
202100051356,2021-02-16 22:25:00,2021,2,16,22,25,85,85008,La Voie,46.6520899247,-1.5015247464,Nuit sans éclairage public,Hors agglomération,Hors intersection,Normale,Deux véhicules - frontale,3,2,2,0,1,1,2,0,1,80,,2,0,1,1,0,50.0,21.0,,,3,1,1,1,1
202100051357,2021-02-16 10:10:00,2021,2,16,10,10,52,52523,D147,48.27014,5.314078,Plein jour,Hors agglomération,Hors intersection,Normale,Sans collision,3,2,2,0,1,1,1,0,8,90,,1,0,0,1,0,64.0,,,,1,1,1,1,7
202100051358,2021-02-13 13:45:00,2021,2,13,13,45,06,06149,"Autoroute A8, pk 206.000, chaussée sud",43.744088,7.359445,Plein jour,Hors agglomération,Hors intersection,Normale,Sans collision,1,3,3,0,2,2,1,1,1,90,,2,1,0,0,1,28.0,,,,1,1,1,1,7
202100051359,2021-02-15 00:30:00,2021,2,15,0,30,988,98831,Tribu de OUNDJO,-21.041989,164.699103,Nuit avec éclairage allumé,En agglomération,Intersection en X,Normale,Autre collision,2,2,2,0,1,2,1,0,3,50,,3,1,0,1,1,24.0,,,,5,2,2,1,6
202100051360,2021-01-30 14:50:00,2021,1,30,14,50,973,97312,RN1,5.317607,-52.914233,Plein jour,Hors agglomération,Hors intersection,Pluie forte,Deux véhicules - frontale,2,2,2,0,1,1,2,0,1,80,,6,0,1,2,3,31.0,36.0,,,1,1,1,3,1
202100051361,2021-02-16 16:40:00,2021,2,16,16,40,21,21295,82 Route de Beaune,47.22684,4.979376,Plein jour,En agglomération,Intersection en X,Normale,Trois véhicules et plus - en chaîne,3,2,3,0,1,1,1,5,1,50,,7,5,0,1,1,33.0,60.0,,,1,2,2,1,4
202100051362,2021-02-16 19:19:00,2021,2,16,19,19,52,52037,D74,47.908245,5.401604,Nuit sans éclairage public,Hors agglomération,Hors intersection,Temps couvert,Deux véhicules - frontale,3,2,2,0,1,2,1,0,1,90,,2,1,0,1,0,28.0,27.0,,,3,1,1,8,1
202100051363,2021-02-17 08:30:00,2021,2,17,8,30,38,38565,Route de l'Isère,45.27963,5.62432,Plein jour,Hors agglomération,Giratoire,Normale,Sans collision,3,-1,2,0,1,2,1,9,1,80,,1,0,0,0,1,39.0,,,,1,1,6,1,7
202100051364,2021-02-17 15:15:00,2021,2,17,15,15,17,17163,rue saint laurent,45.386291,-0.38055,Plein jour,En agglomération,Hors intersection,Normale,Deux véhicules - frontale,3,2,2,0,2,3,1,0,1,50,,2,1,0,1,0,49.0,27.0,,,1,2,1,1,1
202100051365,2021-01-30 00:37:00,2021,1,30,0,37,33,33219,Route de Barreaud,44.998557,-0.386109,Nuit sans éclairage public,Hors agglomération,Hors intersection,Pluie légère,Autre collision,4,2,2,0,2,3,2,0,3,50,,3,0,0,1,2,22.0,,,,3,1,1,2,6
202100051366,2021-02-16 18:30:00,2021,2,16,18,30,35,35360,Boulevard de Laval,48.120755,-1.176943,Crépuscule ou aube,En agglomération,Hors intersection,Normale,Deux véhicules - frontale,3,2,2,0,1,1,2,0,1,50,,2,1,0,1,0,53.0,46.0,,,2,2,1,1,1
202100051367,2021-02-17 02:51:00,2021,2,17,2,51,02,02309,D1044,49.535264,3.751574,Nuit sans éclairage public,Hors agglomération,Hors intersection,Normale,Autre collision,3,2,2,0,1,1,1,0,3,80,,2,0,0,1,1,34.0,,,,3,1,1,1,6
202100051368,2021-02-14 15:20:00,2021,2,14,15,20,62,62861,37 bis rue de la gare,50.373619,2.821952,Plein jour,En agglomération,Hors intersection,Normale,Autre collision,3,2,2,0,1,3,1,0,1,50,,1,0,0,0,1,28.0,,,,1,2,1,1,6
202100051369,2021-02-15 16:00:00,2021,2,15,16,0,13,13210,A50-Sens Marseille vers Aubagne,43.28499,5.42342,Plein jour,Hors agglomération,Hors intersection,Normale,Deux véhicules - arrière,1,1,2,0,4,1,1,0,1,50,,3,2,0,1,0,28.0,21.0,,,1,1,1,1,2
202100051370,2021-02-15 07:30:00,2021,2,15,7,30,13,13001,A51-Sens Aix en Provence vers Marseille,43.5237,5.4265,Crépuscule ou aube,Hors agglomération,Hors intersection,Normale,Sans collision,1,1,3,0,1,1,1,0,1,90,,1,0,0,0,1,24.0,,,,2,1,1,1,7
202100051371,2021-02-10 19:30:00,2021,2,10,19,30,13,13019,A51-Sens Marseille vers Aix en Provence,43.4171,5.36605,Nuit sans éclairage public,Hors agglomération,Hors intersection,Normale,Deux véhicules - arrière,1,1,1,0,1,3,1,0,1,70,,2,1,0,0,1,38.0,55.0,,,3,1,1,1,2
202100051372,2021-02-06 13:50:00,2021,2,6,13,50,69,69029,RD383,45.7441683416,4.9061842561,Plein jour,Hors agglomération,Hors intersection,Normale,Deux véhicules - arrière,7,1,4,0,1,1,1,0,1,70,,2,0,0,0,2,22.0,38.0,,,1,1,1,1,2
202100051373,2021-02-15 07:40:00,2021,2,15,7,40,67,67152,M83,48.5154160844,7.6983749512,Plein jour,Hors agglomération,Hors intersection,Normale,Deux véhicules - arrière,7,3,2,0,1,1,1,0,1,90,,2,1,0,0,1,46.0,35.0,,,1,1,1,1,2
202100051374,2021-02-13 05:45:00,2021,2,13,5,45,59,59515,AUTOROUTE A2,50.3337454373,3.4461050737,Nuit sans éclairage public,Hors agglomération,Hors intersection,Normale,Autre collision,1,3,4,0,1,1,1,0,1,110,,2,1,1,0,0,46.0,,,,3,1,1,1,6
202100051375,2021-02-16 18:00:00,2021,2,16,18,0,78,78545,A12 Y,48.809196,2.054421,Nuit sans éclairage public,Hors agglomération,Hors intersection,Pluie légère,Trois véhicules et plus - en chaîne,1,3,6,0,2,1,2,0,1,110,,7,5,0,0,2,78.0,37.0,,,3,1,1,2,4
202100051376,2021-02-16 15:50:00,2021,2,16,15,50,78,78423,RN12,48.796834,2.021855,Plein jour,Hors agglomération,Hors intersection,Normale,Sans collision,2,1,2,0,2,3,1,0,1,70,,1,0,0,0,1,38.0,,,,1,1,1,1,7
202100051377,2021-02-16 08:40:00,2021,2,16,8,40,78,78291,A13,48.969809,1.73586,Plein jour,Hors agglomération,Hors intersection,Temps éblouissant,Deux véhicules - arrière,1,1,3,0,3,1,1,0,1,110,,2,1,0,1,0,31.0,27.0,,,1,1,1,7,2
202100051378,2021-02-15 21:05:00,2021,2,15,21,5,93,93007,AUTOROUTE A3,48.92343,2.48075,Nuit sans éclairage public,Hors agglomération,Hors intersection,Normale,Deux véhicules - côté,1,3,6,0,1,1,2,0,1,90,,2,1,0,0,1,50.0,23.0,,,3,1,1,1,3
202100051379,2021-02-15 18:15:00,2021,2,15,18,15,95,95582,A15,48.96852,2.25127,Crépuscule ou aube,Hors agglomération,Hors intersection,Normale,Autre collision,1,3,8,0,2,3,1,0,1,110,,1,0,0,0,1,63.0,,,,2,1,1,1,6
202100051380,2021-02-15 15:30:00,2021,2,15,15,30,95,95572,RN 184,49.04997,2.14333,Plein jour,Hors agglomération,Hors intersection,Normale,Deux véhicules - arrière,2,3,4,0,1,1,1,0,1,90,,2,0,0,0,2,32.0,29.0,,,1,1,1,1,2
202100051381,2021-02-15 08:20:00,2021,2,15,8,20,93,93006,AUTOROUTE A3,48.86507,2.41245,Crépuscule ou aube,Hors agglomération,Hors intersection,Pluie légère,Autre collision,1,3,8,0,1,1,2,1,1,70,,1,0,1,0,0,62.0,,,,2,1,1,2,6
202100051382,2021-02-14 23:50:00,2021,2,14,23,50,93,93064,AUTOROUTE A86,48.86944,2.48241,Nuit sans éclairage public,Hors agglomération,Hors intersection,Normale,Deux véhicules - arrière,1,3,6,0,1,1,1,0,1,90,,3,1,1,1,0,32.0,43.0,,,3,1,1,1,2
202100051383,2021-02-15 09:41:00,2021,2,15,9,41,988,98818,SORTIE DU PARKING STATION ESSENCE/ROUTE DE L'ANSE-VATA,-22.29869,166.44478,Plein jour,En agglomération,Intersection en T,Normale,Autre collision,4,2,2,-1,1,1,1,-1,1,50,,2,1,0,0,1,64.0,,,,1,2,3,1,6
202100051384,2021-02-14 12:30:00,2021,2,14,12,30,976,97611,tsoundzou-Kwalé ( route de ),-12.80721,45.20043,Plein jour,Hors agglomération,Hors intersection,Normale,Deux véhicules - arrière,4,2,0,0,1,4,1,0,1,50,,3,1,0,0,2,17.0,39.0,,,1,1,1,1,2
202100051385,2021-02-13 12:00:00,2021,2,13,12,0,974,97407,COUCOU FRANCK (ALLEE),-20.94081,55.30457,Plein jour,En agglomération,Hors intersection,Normale,Deux véhicules - frontale,4,2,2,0,1,3,1,0,1,30,,2,1,0,0,1,15.0,25.0,,,1,2,1,1,1
202100051386,2021-02-14 00:49:00,2021,2,14,0,49,973,97302,EBOUE (ROCADE FELIX),4.93075,-52.3137,Nuit avec éclairage allumé,En agglomération,Hors intersection,Normale,Sans collision,3,2,2,0,1,1,1,0,1,50,,1,0,0,0,1,41.0,,,,5,2,1,1,7
202100051387,2021-02-15 17:15:00,2021,2,15,17,15,69,69199,LUCIEN SAMPAIX                      (BD),45.7146975059,4.8478920649,Plein jour,En agglomération,Hors intersection,Temps couvert,Sans collision,4,2,2,2,2,1,1,9,1,50,,1,0,0,0,1,53.0,,,,1,2,1,8,7
202100051388,2021-02-15 07:26:00,2021,2,15,7,26,972,97213,ROUTE DEPARTEMENTALE 3,14.6193,-60.9944,Plein jour,En agglomération,Autre intersection,Normale,Deux véhicules - côté,3,2,4,0,1,3,1,0,1,50,,2,1,0,1,0,50.0,60.0,,,1,2,9,1,3
202100051389,2021-02-14 23:25:00,2021,2,14,23,25,972,97213,AUTOROUTE A1,14.6182,-61.0289,Nuit avec éclairage allumé,Hors agglomération,Hors intersection,Normale,Autre collision,1,2,6,3,1,1,1,0,1,90,,2,1,0,0,1,24.0,,,,5,1,1,1,6
202100051390,2021-02-15 13:30:00,2021,2,15,13,30,69,69286,STRASBOURG (DE) (RTE),45.82607,4.90496,Plein jour,En agglomération,Intersection en T,Normale,Deux véhicules - arrière,7,2,3,0,1,1,1,0,1,70,,2,1,0,0,1,61.0,59.0,,,1,2,3,1,2