accident_id,datetime,annee,mois,jour,heure,minute,departement,commune_insee,adresse,latitude,longitude,luminosite,agglomeration,intersection,meteo,collision,catr,circ,nbv,vosp,prof,plan,surf,infra,situ,vma,nb_vehicules,nb_usagers,nb_indemnes,nb_tues,nb_blesses_hosp,nb_blesses_legers,age_cond_1,age_cond_2,veh_type_cond_1,veh_type_cond_2,lum_code,agg_code,int_code,atm_code,col_code
202100051391,2021-02-14 11:15:00,2021,2,14,11,15,69,69286,EUROPE (DE L') (AV),45.8152911095,4.8969385028,Plein jour,En agglomération,Hors intersection,Normale,Deux véhicules - arrière,4,3,2,0,1,1,1,0,1,50,,2,1,0,0,1,35.0,51.0,,,1,2,1,1,2
202100051392,2021-02-15 11:00:00,2021,2,15,11,0,971,97101,CARAQUE,16.26123,-61.49805,Plein jour,Hors agglomération,Intersection en T,Normale,Deux véhicules - côté,3,2,2,0,1,1,1,0,1,50,,4,2,0,0,2,37.0,30.0,,,1,1,3,1,3
202100051393,2021-02-15 07:30:00,2021,2,15,7,30,971,97120,A.LEGER,16.24293,-61.53449,Plein jour,En agglomération,Autre intersection,Temps éblouissant,Autre collision,4,2,1,0,1,1,1,0,1,50,,3,2,0,1,0,51.0,,,,1,2,9,7,6
202100051394,2021-02-15 00:15:00,2021,2,15,0,15,971,97120,BLANCHARD,16.22534,-61.52738,Nuit sans éclairage public,En agglomération,Hors intersection,Normale,Autre collision,3,2,2,0,1,1,1,0,1,50,,2,1,0,1,0,42.0,,,,3,2,1,1,6
202100051395,2021-02-13 10:12:00,2021,2,13,10,12,2A,2A004,FINOSELLO CHEMIN,41.94185,8.74659,Plein jour,En agglomération,Hors intersection,Pluie légère,Deux véhicules - côté,4,2,2,0,2,1,2,9,1,50,,4,2,0,0,2,43.0,44.0,,,1,2,1,2,3
202100051396,2021-02-14 13:26:00,2021,2,14,13,26,91,91228,ROUTE DE MENNECY,48.63819,2.41714,Plein jour,En agglomération,Hors intersection,Normale,Deux véhicules - frontale,2,2,2,0,1,1,1,0,1,50,,7,1,0,6,0,35.0,40.0,,,1,2,1,1,1
202100051397,2021-02-15 07:25:00,2021,2,15,7,25,87,87085,LECLERC (AVENUE DU GENERAL),45.85462,1.26625,Nuit avec éclairage allumé,En agglomération,Hors intersection,Normale,Deux véhicules - côté,4,2,3,3,1,1,1,0,1,50,,2,1,0,1,0,54.0,53.0,,,5,2,1,1,3
202100051398,2021-02-14 19:53:00,2021,2,14,19,53,87,87085,ROUSSILLON (AVENUE DU),45.820005,1.223795,Crépuscule ou aube,En agglomération,Hors intersection,Normale,Autre collision,4,2,2,0,1,1,1,0,1,50,,2,0,0,1,1,34.0,,,,2,2,1,1,6
202100051399,2021-02-12 22:39:00,2021,2,12,22,39,87,87085,NEUVE DES CARMES (RUE),45.82957,1.25086,Nuit avec éclairage allumé,Hors agglomération,Hors intersection,Normale,Sans collision,4,2,2,0,1,1,1,0,1,50,,1,0,0,0,1,31.0,,,,5,1,1,1,7
202100051400,2021-02-15 13:48:00,2021,2,15,13,48,83,83137,BRIAND (AVE ARISTIDE PROLONGEE),43.1202551294,5.8888027703,Plein jour,En agglomération,Autre intersection,Normale,Autre collision,4,1,2,0,1,1,1,0,1,50,,2,1,0,0,1,31.0,,,,1,2,9,1,6
202100051401,2021-02-15 09:00:00,2021,2,15,9,0,83,83069,ALMANARRE (ROUTE DE L'),43.0958,6.1315,Plein jour,Hors agglomération,Autre intersection,Normale,Deux véhicules - frontale,7,2,2,2,1,3,1,9,5,70,,2,0,0,2,0,18.0,58.0,,,1,1,9,1,1
202100051402,2021-02-14 00:00:00,2021,2,14,0,0,82,82121,ROUTE DE BORDEAUX,44.02756,1.32507,Nuit sans éclairage public,En agglomération,Giratoire,Normale,Autre collision,3,2,2,0,1,3,1,0,8,50,,2,0,2,0,0,20.0,,,,3,2,6,1,6
202100051403,2021-02-15 15:50:00,2021,2,15,15,50,81,81004,CANAVIERES (CHEM DE),43.92647023,2.1304767232,Plein jour,En agglomération,Hors intersection,Normale,Autre collision,4,2,2,0,1,1,1,0,1,50,,2,1,0,0,1,58.0,,,,1,2,1,1,6
202100051404,2021-02-11 08:15:00,2021,2,11,8,15,81,81257,MONTPLAISIR ( ROUTE DE ),43.9308130516,2.2032274998,Plein jour,En agglomération,Intersection en T,Normale,Deux véhicules - côté,3,2,2,0,1,1,2,0,1,50,,4,0,1,1,2,45.0,58.0,,,1,2,3,1,3
202100051405,2021-02-12 16:30:00,2021,2,12,16,30,80,80725,NORMANDIE (ROUTE DE) RD 1029,49.8684190019,2.2368335724,Plein jour,En agglomération,Hors intersection,Normale,Deux véhicules - arrière,3,-1,2,0,1,1,1,0,1,50,,2,1,0,0,1,29.0,40.0,,,1,2,1,1,2
202100051406,2021-02-11 10:35:00,2021,2,11,10,35,80,80021,TERRAL (RUE),49.90863,2.29162,Plein jour,En agglomération,Hors intersection,Normale,Deux véhicules - arrière,4,2,2,0,1,3,1,0,1,50,,2,1,0,0,1,19.0,48.0,,,1,2,1,1,2
202100051407,2021-02-11 08:15:00,2021,2,11,8,15,80,80021,EUROPE (AVENUE DE L'),49.9123220425,2.3026732988,Plein jour,En agglomération,Hors intersection,Normale,Deux véhicules - côté,4,2,4,0,1,1,1,0,1,50,,2,1,0,0,1,41.0,41.0,,,1,2,1,1,3
202100051408,2021-02-15 16:05:00,2021,2,15,16,5,79,79191,50 Rue du 14 Juillet,46.32303,-0.45611,Plein jour,En agglomération,Intersection en X,Normale,Deux véhicules - côté,4,2,2,0,1,1,1,0,1,50,,2,0,0,0,2,26.0,33.0,,,1,2,2,1,3
202100051409,2021-02-12 10:10:00,2021,2,12,10,10,76,76484,PAIX. RUE DE LA,49.34083,1.09856,Plein jour,En agglomération,Hors intersection,Normale,Sans collision,4,2,2,0,2,1,1,0,1,50,,1,0,0,0,1,68.0,,,,1,2,1,1,7
202100051410,2021-02-11 09:30:00,2021,2,11,9,30,76,76540,LYONS. ROUTE DE (BRETELLE C),49.43799,1.11021,Plein jour,En agglomération,Hors intersection,Normale,Sans collision,7,2,2,0,1,1,1,-1,1,50,,2,0,0,0,2,36.0,,,,1,2,1,1,7
202100051411,2021-02-12 14:45:00,2021,2,12,14,45,76,76351,BRIQUETIERS (DES),49.49328,0.13742,Plein jour,En agglomération,Hors intersection,Normale,Deux véhicules - côté,4,1,1,0,1,1,1,0,1,50,,2,1,0,0,1,32.0,28.0,,,1,2,1,1,3
202100051412,2021-02-13 02:10:00,2021,2,13,2,10,76,76351,SAINT JUST,49.51954,0.09317,Nuit avec éclairage allumé,Hors agglomération,Hors intersection,Normale,Autre collision,4,2,1,0,1,1,1,0,4,50,,1,0,0,0,1,41.0,,,,5,1,1,1,6
202100051413,2021-02-16 23:50:00,2021,2,16,23,50,69,69290,EGALITE (DE L') (R),45.69258,4.94653,Nuit sans éclairage public,En agglomération,Hors intersection,Normale,Autre collision,4,1,1,1,1,1,1,0,4,50,,3,1,0,0,2,30.0,,,,3,2,1,1,6
202100051414,2021-02-14 10:30:00,2021,2,14,10,30,69,69266,MARNE (DE LA) (R),45.7524809194,4.9061346521,Plein jour,En agglomération,Intersection en X,Normale,Deux véhicules - côté,4,1,1,0,1,1,1,0,1,50,,2,1,0,1,0,22.0,38.0,,,1,2,2,1,3
202100051415,2021-02-15 08:05:00,2021,2,15,8,5,69,69013,BEAUJEU (DE) (AV),46.008118061,4.7199100256,Plein jour,En agglomération,Giratoire,Normale,Deux véhicules - arrière,3,2,2,0,1,3,1,5,1,50,,2,1,0,0,1,22.0,27.0,,,1,2,6,1,2
202100051416,2021-02-14 20:30:00,2021,2,14,20,30,67,67043,GEORGES BURGER (RUE),48.6159212141,7.7312748986,Nuit avec éclairage allumé,En agglomération,Hors intersection,Normale,Autre collision,7,3,4,0,1,1,1,0,3,50,,1,0,1,0,0,37.0,,,,5,2,1,1,6
202100051417,2021-02-14 15:44:00,2021,2,14,15,44,66,66136,COURTY (PAUL),42.6983579436,2.8891983459,Plein jour,En agglomération,Intersection en T,Normale,Autre collision,4,1,2,0,1,2,1,0,1,30,,2,1,0,1,0,30.0,,,,1,2,3,1,6
202100051418,2021-02-13 23:28:00,2021,2,13,23,28,66,66136,BRIAND BOULEVARD ARISTIDE,42.69307,2.90168,Nuit avec éclairage allumé,En agglomération,Hors intersection,Normale,Autre collision,4,2,2,0,2,1,1,0,1,50,,1,0,0,0,1,22.0,,,,5,2,1,1,6
202100051419,2021-02-13 18:05:00,2021,2,13,18,5,66,66136,DALBIEZ (AVENUE VICTOR),42.6844650165,2.8820688995,Plein jour,En agglomération,Autre intersection,Normale,Deux véhicules - côté,4,2,2,0,1,1,1,0,1,50,,3,0,0,0,3,21.0,20.0,,,1,2,9,1,3
202100051420,2021-02-12 21:00:00,2021,2,12,21,0,66,66136,BOURRAT BOULEVARD JEAN,42.70167,2.90001,Nuit avec éclairage allumé,En agglomération,Autre intersection,Normale,Deux véhicules - côté,4,2,2,0,1,1,1,0,1,50,,2,1,0,1,0,66.0,27.0,,,5,2,9,1,3
202100051421,2021-02-15 07:24:00,2021,2,15,7,24,65,65440,SEPTEMBRE (RUE DU IV),43.228818,0.083073,Crépuscule ou aube,En agglomération,Intersection en X,Normale,Deux véhicules - côté,4,2,2,0,1,1,1,0,1,50,,2,1,0,0,1,48.0,,,,2,2,2,1,3
202100051422,2021-02-15 13:30:00,2021,2,15,13,30,64,64445,COLONEL GLOXIN DU,43.2904280458,-0.382976532,Plein jour,En agglomération,Intersection en T,Normale,Deux véhicules - côté,4,2,2,0,1,1,1,0,1,50,,2,1,0,0,1,33.0,31.0,,,1,2,3,1,3
202100051423,2021-02-15 13:35:00,2021,2,15,13,35,64,64102,MAIGNON (GIRATOIRE DE),43.46618,-1.49456,Plein jour,En agglomération,Giratoire,Normale,Sans collision,4,2,2,0,1,2,1,0,1,50,,1,0,0,0,1,51.0,,,,1,2,6,1,7
202100051424,2021-02-15 12:50:00,2021,2,15,12,50,64,64024,ADOUR (AVENUE DE L'),43.51351,-1.5004,Plein jour,En agglomération,Intersection en T,Normale,Autre collision,4,2,2,0,1,1,1,0,1,50,,2,1,0,1,0,54.0,,,,1,2,3,1,6
202100051425,2021-02-15 00:45:00,2021,2,15,0,45,59,59350,TURENNE RUE,50.6275709821,3.0385639585,Nuit avec éclairage allumé,En agglomération,Hors intersection,Normale,Autre collision,4,-1,2,0,1,1,1,0,1,50,,3,0,0,0,3,37.0,,,,5,2,1,1,6
202100051426,2021-02-12 10:15:00,2021,2,12,10,15,59,59170,LANNOY (RUE SUZANNE),50.3521,3.13045,Plein jour,En agglomération,Hors intersection,Temps éblouissant,Autre collision,3,3,2,0,1,1,1,0,1,50,,2,1,0,1,0,64.0,,,,1,2,1,7,6
202100051427,2021-02-12 09:30:00,2021,2,12,9,30,56,56121,DUNANT (RUE  HENRI ),47.75113,-3.37629,Plein jour,En agglomération,Hors intersection,Autre,Sans collision,4,2,2,0,2,1,7,0,1,30,,1,0,0,0,1,40.0,,,,1,2,1,9,7
202100051428,2021-02-15 10:40:00,2021,2,15,10,40,54,54304,EUROPE (AVENUE DE L'),48.6803382887,6.1535785389,Plein jour,En agglomération,Intersection en X,Pluie légère,Deux véhicules - côté,4,2,-1,0,1,1,2,0,1,50,,3,2,0,1,0,37.0,42.0,,,1,2,2,2,3
202100051429,2021-02-13 16:35:00,2021,2,13,16,35,54,54395,FRANCE (AVENUE ANATOLE),48.6858254462,6.1580461264,Plein jour,En agglomération,Intersection en X,Normale,Autre collision,4,1,2,1,1,1,1,0,1,50,,2,1,0,0,1,55.0,,,,1,2,2,1,6
202100051430,2021-02-14 21:10:00,2021,2,14,21,10,50,50602,MEDERIC (RUE),49.64235,-1.58713,Nuit avec éclairage allumé,En agglomération,Hors intersection,Normale,Autre collision,4,2,2,0,1,1,1,0,8,50,,1,0,0,0,1,48.0,,,,5,2,1,1,6
202100051431,2021-02-15 16:22:00,2021,2,15,16,22,45,45147,Rue Gustave Rolland,47.9298,1.91273,Plein jour,En agglomération,Hors intersection,Normale,Autre collision,4,2,2,0,2,1,1,0,1,30,,2,1,0,0,1,58.0,,,,1,2,1,1,6
202100051432,2021-01-23 15:50:00,2021,1,23,15,50,42,42218,Rue Marengo,45.44574,4.38405,Plein jour,En agglomération,Intersection en X,Normale,Deux véhicules - côté,4,1,1,0,1,1,1,0,1,50,,2,1,0,0,1,49.0,20.0,,,1,2,2,1,3
202100051433,2021-02-09 12:52:00,2021,2,9,12,52,40,40281,ROCADE SUD RD 824,43.87812,-0.5236,Plein jour,Hors agglomération,Hors intersection,Pluie légère,Autre collision,3,2,2,0,2,1,2,0,3,80,,1,0,1,0,0,48.0,,,,1,1,1,2,6
202100051434,2021-02-03 14:30:00,2021,2,3,14,30,35,35115,FAUCHEUX (BD JACQUES),48.35508,-1.2018,Plein jour,En agglomération,Hors intersection,Pluie légère,Autre collision,4,2,2,2,1,1,2,0,1,30,,2,1,0,0,1,24.0,,,,1,2,1,2,6
202100051435,2021-02-14 09:30:00,2021,2,14,9,30,31,31555,BD LASCROSSES,43.60939,1.43189,Plein jour,En agglomération,Hors intersection,Normale,Deux véhicules - arrière,4,3,4,0,1,1,1,0,1,50,,3,2,0,0,1,62.0,82.0,,,1,2,1,1,2
202100051436,2021-02-13 08:00:00,2021,2,13,8,0,31,31555,RTE D ALBI,43.64531,1.46905,Plein jour,En agglomération,Hors intersection,Normale,Deux véhicules - côté,7,1,1,0,1,1,1,0,1,50,,2,1,0,0,1,30.0,26.0,,,1,2,1,1,3
202100051437,2021-02-12 17:50:00,2021,2,12,17,50,31,31555,76 bis route de Narbonne,43.56792,1.45753,Nuit avec éclairage allumé,En agglomération,Hors intersection,Pluie forte,Deux véhicules - frontale,7,2,3,3,1,1,2,0,1,50,,6,5,0,1,0,27.0,18.0,,,5,2,1,3,1
202100051438,2021-02-15 07:55:00,2021,2,15,7,55,29,29232,Rue de l’Universite,47.98143,-4.09681,Nuit avec éclairage allumé,En agglomération,Hors intersection,Pluie légère,Autre collision,4,2,2,0,2,1,2,0,1,30,,3,1,0,2,0,19.0,,,,5,2,1,2,6
202100051439,2021-02-15 19:16:00,2021,2,15,19,16,17,17300,SAUTEL  BOULEVARD ANDRE,46.16676,-1.13638,Nuit avec éclairage allumé,En agglomération,Hors intersection,Normale,Sans collision,4,3,4,0,1,1,9,8,1,50,,1,0,0,0,1,28.0,,,,5,2,1,1,7
202100051440,2021-02-07 18:23:00,2021,2,7,18,23,17,17028,PONTREAU   CHEMIN DU,46.116889,-1.119101,Nuit sans éclairage public,Hors agglomération,Hors intersection,Normale,Sans collision,4,2,2,0,1,2,1,9,8,50,,2,0,1,0,1,31.0,,,,3,1,1,1,7
202100051441,2021-02-13 14:45:00,2021,2,13,14,45,15,15014,Giratoire du Vialenc,44.922726,2.42763,Plein jour,En agglomération,Autre intersection,Normale,Deux véhicules - arrière,4,1,2,0,1,2,1,0,1,50,,2,1,0,0,1,67.0,59.0,,,1,2,9,1,2
202100051442,2021-02-15 11:30:00,2021,2,15,11,30,13,13210,Rue Francois Mauriac,43.271468,5.422005,Plein jour,En agglomération,Intersection en T,Normale,Deux véhicules - côté,4,2,3,0,1,1,1,0,1,50,,2,1,0,0,1,68.0,35.0,,,1,2,3,1,3
202100051443,2021-02-11 18:45:00,2021,2,11,18,45,13,13005,EOURES (ROUTE D'),43.3077738403,5.5503831321,Crépuscule ou aube,En agglomération,Hors intersection,Normale,Deux véhicules - frontale,7,2,2,1,2,1,1,0,1,50,,2,1,0,0,1,20.0,16.0,,,2,2,1,1,1
202100051444,2021-02-15 09:30:00,2021,2,15,9,30,13,13070,GARE (BOULEVARD DE LA),43.28512,5.51411,Plein jour,En agglomération,Autre intersection,Normale,Autre collision,4,3,2,0,1,1,1,3,1,50,,2,1,0,0,1,29.0,66.0,,,1,2,9,1,6
202100051445,2021-02-15 13:35:00,2021,2,15,13,35,10,10387,JULES GUESDE (RUE),48.2940057089,4.0817427635,Plein jour,En agglomération,Hors intersection,Normale,Autre collision,4,2,3,0,1,1,1,0,1,50,,2,1,0,0,1,22.0,,,,1,2,1,1,6
202100051446,2021-02-13 13:23:00,2021,2,13,13,23,05,05061,GEORGES POMPIDOU ( BD),44.55585,6.078359,Plein jour,En agglomération,Hors intersection,Normale,Deux véhicules - arrière,4,2,3,0,1,1,1,0,1,50,,6,5,0,1,0,63.0,52.0,,,1,2,1,1,2
202100051447,2021-02-15 15:40:00,2021,2,15,15,40,75,75117,PORTE DE CLICHY,48.89781,2.31361,Plein jour,En agglomération,Hors intersection,Normale,Deux véhicules - arrière,4,-1,4,0,1,1,1,0,1,70,,2,1,0,0,1,50.0,31.0,,,1,2,1,1,2
202100051448,2021-02-14 13:05:00,2021,2,14,13,5,75,75104,BOULEVARD HENRI IV,48.852231,2.36603,Plein jour,En agglomération,Intersection en T,Normale,Trois véhicules et plus - collisions multiples,4,2,4,0,1,1,1,0,1,50,,7,0,0,3,4,58.0,54.0,,,1,2,3,1,5
202100051449,2021-02-13 16:43:00,2021,2,13,16,43,75,75104,QUAI DE GESVRES,48.856304,2.350034,Plein jour,En agglomération,Hors intersection,Normale,Autre collision,4,1,4,0,1,1,1,0,4,50,,3,1,0,1,1,22.0,,,,1,2,1,1,6
202100051450,2021-02-15 17:30:00,2021,2,15,17,30,75,75120,BOULEVARD DE CHARONNE,48.85591,2.394961,Plein jour,En agglomération,Hors intersection,Normale,Autre collision,4,-1,1,0,1,1,1,0,1,50,,2,1,0,0,1,30.0,,,,1,2,1,1,6
202100051451,2021-02-15 11:40:00,2021,2,15,11,40,75,75115,RUE DE VAUGIRARD,48.841288,2.307189,Plein jour,En agglomération,Intersection en T,Normale,Sans collision,4,1,2,2,1,1,2,-1,5,30,,2,1,0,0,1,54.0,67.0,,,1,2,3,1,7
202100051452,2021-02-15 07:25:00,2021,2,15,7,25,75,75115,QUAI ANDRE CITROEN,48.846084,2.276962,Nuit avec éclairage allumé,En agglomération,Intersection en X,Pluie légère,Sans collision,4,2,4,0,1,1,2,0,1,50,,2,1,0,0,1,48.0,25.0,,,5,2,2,2,7
202100051453,2021-02-15 08:40:00,2021,2,15,8,40,75,75113,AVENUE D IVRY,48.824631,2.363093,Plein jour,En agglomération,Hors intersection,Temps couvert,Sans collision,4,1,2,0,1,1,2,0,1,30,,1,0,0,0,1,51.0,,,,1,2,1,8,7
202100051454,2021-02-15 13:45:00,2021,2,15,13,45,75,75109,RUE BLANCHE,48.881198,2.331569,Plein jour,En agglomération,Intersection en T,Pluie légère,Autre collision,4,1,1,0,2,1,2,0,4,50,,2,0,0,0,2,21.0,,,,1,2,3,2,6
202100051455,2021-02-15 13:45:00,2021,2,15,13,45,75,75116,RUE JEAN DE LA FONTAINE,48.848355,2.264932,Plein jour,En agglomération,Intersection en X,Temps couvert,Deux véhicules - côté,4,2,2,0,1,1,1,0,1,50,,2,1,0,0,1,73.0,23.0,,,1,2,2,8,3
202100051456,2021-02-15 13:00:00,2021,2,15,13,0,94,94022,ANATOLE FRANCE (AV),48.76327,2.41066,Plein jour,En agglomération,Hors intersection,Normale,Sans collision,4,2,2,2,1,1,1,0,1,30,,1,0,0,0,1,50.0,,,,1,2,1,1,7
202100051457,2021-02-15 20:45:00,2021,2,15,20,45,93,93073,RESISTANCE (RUE DE LA),48.9472,2.56641,Nuit avec éclairage allumé,En agglomération,Giratoire,Normale,Autre collision,3,2,4,0,1,1,2,5,1,50,,3,1,0,0,2,24.0,,,,5,2,6,1,6
202100051458,2021-02-15 19:50:00,2021,2,15,19,50,93,93064,LAVOISIER (RUE),48.8621540541,2.4926270559,Nuit avec éclairage allumé,En agglomération,Intersection en T,Normale,Autre collision,3,2,2,0,1,1,1,5,1,50,,2,1,0,1,0,56.0,25.0,,,5,2,3,1,6
202100051459,2021-02-15 16:50:00,2021,2,15,16,50,93,93014,FREDERIC LADRETTE (ALLEE),48.90686,2.54336,Plein jour,En agglomération,Hors intersection,Normale,Autre collision,4,2,1,0,2,1,1,9,1,50,,2,1,0,0,1,24.0,,,,1,2,1,1,6
202100051460,2021-02-13 09:51:00,2021,2,13,9,51,92,92024,VICTOR HUGO (BD),48.8979192563,2.3112971988,Plein jour,En agglomération,Intersection en X,Normale,Autre collision,3,1,1,0,1,1,1,5,1,50,,2,1,0,0,1,71.0,,,,1,2,2,1,6
202100051461,2021-02-15 07:44:00,2021,2,15,7,44,92,92024,JEAN JAURES (BD) DE 47 A 109)   (56 A 14,48.9000303556,2.3062290251,Crépuscule ou aube,En agglomération,Intersection en X,Normale,Deux véhicules - côté,3,1,3,1,1,1,1,0,1,50,,2,1,0,0,1,43.0,27.0,,,2,2,2,1,3
202100051462,2021-02-16 09:05:00,2021,2,16,9,5,65,65304,D50 - Route de Sauveterre,43.471651,0.047191,Plein jour,En agglomération,Intersection en Y,Normale,Deux véhicules - côté,3,2,2,0,1,2,1,0,1,50,,2,1,0,1,0,53.0,41.0,,,1,2,4,1,3
202100051463,2021-02-12 21:19:00,2021,2,12,21,19,06,06149,45 Boulevard Général de Gaulle,43.744027,7.314174,Nuit avec éclairage allumé,En agglomération,Hors intersection,Normale,Sans collision,4,2,2,0,2,1,1,5,1,30,,1,0,0,1,0,25.0,,,,5,2,1,1,7
202100051464,2021-02-15 20:10:00,2021,2,15,20,10,33,33225,Arrougeys,44.561242,-0.38924,Nuit avec éclairage allumé,En agglomération,Hors intersection,Normale,Autre collision,3,2,2,0,1,3,1,0,3,70,,1,0,1,0,0,83.0,,,,5,2,1,1,6
202100051465,2021-02-14 17:00:00,2021,2,14,17,0,57,57767,Ronde des Écureuils,49.328297,6.231233,Plein jour,En agglomération,Hors intersection,Normale,Deux véhicules - côté,4,2,2,0,2,1,1,0,1,50,,2,1,0,1,0,66.0,8.0,,,1,2,1,1,3
202100051466,2021-02-14 11:35:00,2021,2,14,11,35,32,32409,D 226,43.390329,0.546613,Plein jour,Hors agglomération,Hors intersection,Normale,Deux véhicules - arrière,3,2,2,0,1,1,1,0,1,80,,3,1,0,0,2,16.0,,,,1,1,1,1,2
202100051467,2021-02-15 16:45:00,2021,2,15,16,45,11,11170,Avenue des Bains,43.1178151139,3.1126660113,Plein jour,En agglomération,Giratoire,Normale,Deux véhicules - côté,4,2,2,0,1,1,1,5,1,50,,4,2,0,1,1,44.0,19.0,,,1,2,6,1,3
202100051468,2021-02-16 12:20:00,2021,2,16,12,20,34,34252,d922,43.66207,3.100124,Plein jour,Hors agglomération,Hors intersection,Pluie légère,Deux véhicules - frontale,3,2,2,0,1,3,2,0,1,80,,2,1,0,0,1,67.0,40.0,,,1,1,1,2,1
202100051469,2021-02-15 06:00:00,2021,2,15,6,0,68,68308,16 Route de la Vallée,47.780857,6.978888,Nuit avec éclairage non allumé,En agglomération,Intersection en T,Normale,Deux véhicules - côté,3,2,2,0,1,1,1,5,1,50,,2,1,0,0,1,66.0,55.0,,,4,2,3,1,3
202100051470,2021-02-10 06:45:00,2021,2,10,6,45,68,68200,D14bis,47.609537,7.100011,Nuit sans éclairage public,Hors agglomération,Intersection en Y,Neige / grêle,Deux véhicules - frontale,3,2,2,0,2,3,5,0,1,80,,2,0,0,0,2,46.0,41.0,,,3,1,4,4,1
202100051471,2021-02-15 17:20:00,2021,2,15,17,20,35,35025,La Leutière,48.290903,-1.257634,Plein jour,Hors agglomération,Intersection en Y,Normale,Autre collision,3,2,2,0,4,2,1,0,3,80,,1,0,0,1,0,32.0,,,,1,1,4,1,6
202100051472,2021-02-16 14:45:00,2021,2,16,14,45,03,03260,D231,46.3980632665,2.9847555598,Plein jour,Hors agglomération,Hors intersection,Normale,Sans collision,3,2,2,0,2,2,1,0,3,90,,1,0,0,1,0,16.0,,,,1,1,1,1,7
202100051473,2021-02-16 11:25:00,2021,2,16,11,25,05,05162,les albergemnts,44.427283,6.022224,Plein jour,Hors agglomération,Hors intersection,Normale,Sans collision,3,2,2,0,2,1,1,0,1,90,,1,0,1,0,0,61.0,,,,1,1,1,1,7
202100051474,2021-02-16 07:28:00,2021,2,16,7,28,50,50569,2 Rte de la Croix Periers,49.063892,-1.337017,Nuit sans éclairage public,Hors agglomération,Hors intersection,Normale,Autre collision,3,2,2,0,2,4,2,0,1,80,,2,1,0,0,1,30.0,,,,3,1,1,1,6
202100051475,2021-02-15 17:10:00,2021,2,15,17,10,60,60324,Rue de Villers-cotterêts,49.393508,3.044661,Plein jour,Hors agglomération,Hors intersection,Normale,Sans collision,3,2,2,0,2,3,2,0,3,80,,1,0,0,0,1,24.0,,,,1,1,1,1,7
202100051476,2021-02-16 01:35:00,2021,2,16,1,35,48,48132,d987,44.792678,3.391782,Nuit sans éclairage public,Hors agglomération,Hors intersection,Normale,Sans collision,3,2,2,0,1,2,1,0,3,90,,1,0,0,1,0,48.0,,,,3,1,1,1,7
202100051477,2021-02-16 10:15:00,2021,2,16,10,15,03,03193,A71,46.5131033565,2.5915408502,Plein jour,Hors agglomération,Hors intersection,Normale,Sans collision,1,3,4,0,3,1,1,0,3,-1,,1,0,0,0,1,24.0,,,,1,1,1,1,7
202100051478,2021-02-16 08:55:00,2021,2,16,8,55,34,34159,route départementale 612,43.518609,3.808937,Plein jour,Hors agglomération,Hors intersection,Pluie légère,Autre collision,3,3,4,0,4,3,2,0,3,90,,1,0,1,0,0,23.0,,,,1,1,1,2,6
202100051479,2021-02-15 05:40:00,2021,2,15,5,40,62,62369,L'Autoroute des Anglais (Pont),50.322422,2.858886,Nuit avec éclairage allumé,Hors agglomération,Hors intersection,Autre,Autre collision,1,3,4,0,1,1,7,0,3,130,,1,0,0,1,0,46.0,,,,5,1,1,9,6
202100051480,2021-02-16 12:15:00,2021,2,16,12,15,971,97103,N1,16.24631,-61.593745,Plein jour,Hors agglomération,Hors intersection,Normale,Deux véhicules - arrière,2,3,2,1,1,1,1,0,1,90,,2,1,1,0,0,18.0,24.0,,,1,1,1,1,2
202100051481,2021-02-16 07:55:00,2021,2,16,7,55,68,68118,177 Rue du Général de Gaulle,47.717107,7.419479,Crépuscule ou aube,En agglomération,Hors intersection,Normale,Autre collision,3,2,2,0,1,1,2,9,1,50,,2,1,0,1,0,50.0,,,,2,2,1,1,6
202100051482,2021-02-16 03:38:00,2021,2,16,3,38,13,13081,A7 PK 252.400 sens sud-nord,43.508099,5.235793,Nuit sans éclairage public,Hors agglomération,Hors intersection,Pluie légère,Deux véhicules - arrière,1,3,4,0,2,1,2,1,1,130,,5,1,0,0,4,58.0,42.0,,,3,1,1,2,2
202100051483,2021-02-13 19:20:00,2021,2,13,19,20,987,98725,AHONU PK 12.4,-17.5074943164,-149.4833096266,Nuit avec éclairage allumé,En agglomération,Intersection en T,Pluie légère,Deux véhicules - côté,2,2,2,0,1,1,2,0,1,60,,2,1,0,1,0,26.0,46.0,,,5,2,3,2,3
202100051484,2021-02-15 21:22:00,2021,2,15,21,22,77,77327,D619,48.569579,3.00225,Nuit sans éclairage public,Hors agglomération,Hors intersection,Pluie légère,Autre collision,3,2,2,0,1,1,2,0,3,90,,3,0,0,1,2,30.0,,,,3,1,1,2,6
202100051485,2021-01-29 18:37:00,2021,1,29,18,37,77,77196,N 3 PK 12,48.950225,2.759725,Crépuscule ou aube,Hors agglomération,Hors intersection,Pluie légère,Trois véhicules et plus - en chaîne,2,3,4,0,1,1,2,9,1,110,,5,4,0,0,1,33.0,27.0,,,2,1,1,2,4
202100051486,2021-02-14 21:00:00,2021,2,14,21,0,91,91226,RN20,48.492108,2.198419,Nuit sans éclairage public,Hors agglomération,Hors intersection,Normale,Deux véhicules - arrière,3,3,4,0,1,1,1,0,1,90,,2,1,0,1,0,23.0,36.0,,,3,1,1,1,2