accident_id,datetime,annee,mois,jour,heure,minute,departement,commune_insee,adresse,latitude,longitude,luminosite,agglomeration,intersection,meteo,collision,catr,circ,nbv,vosp,prof,plan,surf,infra,situ,vma,nb_vehicules,nb_usagers,nb_indemnes,nb_tues,nb_blesses_hosp,nb_blesses_legers,age_cond_1,age_cond_2,veh_type_cond_1,veh_type_cond_2,lum_code,agg_code,int_code,atm_code,col_code
202100051487,2021-02-16 10:00:00,2021,2,16,10,0,34,34058,Avenue de Sommières,43.684237,3.994389,Plein jour,Hors agglomération,Hors intersection,Pluie légère,Deux véhicules - frontale,7,2,2,0,1,2,2,0,1,70,,3,0,2,0,1,54.0,28.0,,,1,1,1,2,1
202100051488,2021-02-16 13:30:00,2021,2,16,13,30,84,84092,Avenue du Parc,43.96385,4.857014,Plein jour,En agglomération,Hors intersection,Temps couvert,Autre collision,9,-1,2,0,1,1,1,0,1,50,,2,1,0,0,1,61.0,,,,1,2,1,8,6
202100051489,2021-02-16 07:50:00,2021,2,16,7,50,08,08137,RD88,49.820127,4.698286,Plein jour,Hors agglomération,Hors intersection,Normale,Deux véhicules - côté,3,2,2,0,1,2,7,0,1,80,,2,1,0,0,1,45.0,29.0,,,1,1,1,1,3
202100051490,2021-02-15 15:00:00,2021,2,15,15,0,68,68247,18 Rue Saint-nicolas,47.9120490581,6.9732961804,Plein jour,En agglomération,Hors intersection,Normale,Sans collision,4,2,2,0,1,1,5,0,6,50,,1,0,0,0,1,17.0,,,,1,2,1,1,7
202100051491,2021-02-15 21:45:00,2021,2,15,21,45,54,54186,D83c,48.7423234918,6.2216091156,Nuit sans éclairage public,Hors agglomération,Hors intersection,Temps couvert,Sans collision,3,2,2,0,1,3,2,0,1,80,,1,0,0,1,0,33.0,,,,3,1,1,8,7
202100051492,2021-02-16 00:05:00,2021,2,16,0,5,03,03316,RN7,46.667081,3.256744,Nuit sans éclairage public,Hors agglomération,Hors intersection,Normale,Autre collision,2,3,4,0,1,1,1,0,1,110,,3,1,1,0,1,33.0,,,,3,1,1,1,6
202100051493,2021-01-30 09:40:00,2021,1,30,9,40,63,63141,1 Avenue de Pontgibaud,45.797945237,3.0523716274,Plein jour,En agglomération,Hors intersection,Normale,Autre collision,7,2,2,0,1,1,2,0,1,50,,2,1,0,1,0,52.0,,,,1,2,1,1,6
202100051494,2021-02-15 15:10:00,2021,2,15,15,10,09,09185,Av du Mal de Lattre de Tassigny,43.253801,1.680932,Plein jour,En agglomération,Intersection en X,Normale,Autre collision,3,2,2,0,2,1,1,0,3,50,,1,0,0,1,0,17.0,,,,1,2,2,1,6
202100051495,2021-02-16 18:05:00,2021,2,16,18,5,64,64067,Route du Bois,43.254443,-0.292329,Plein jour,En agglomération,Intersection en T,Normale,Deux véhicules - côté,3,2,2,0,1,1,1,0,1,50,,2,1,0,1,0,24.0,45.0,,,1,2,3,1,3
202100051496,2021-02-13 16:10:00,2021,2,13,16,10,72,72244,Les mottes,47.777708,-0.319515,Plein jour,Hors agglomération,Intersection en T,Normale,Deux véhicules - arrière,3,2,2,0,1,1,1,0,1,80,,7,1,0,0,6,20.0,44.0,,,1,1,3,1,2
202100051497,2021-02-15 12:05:00,2021,2,15,12,5,59,59086,Rue de la Gare,50.81034,2.67936,Plein jour,En agglomération,Hors intersection,Pluie légère,Autre collision,3,2,2,0,1,1,2,0,8,50,,2,1,0,1,0,72.0,,,,1,2,1,2,6
202100051498,2021-02-15 13:00:00,2021,2,15,13,0,13,13071,A7-Sens Lyon vers Marseille,43.403643,5.312173,Plein jour,Hors agglomération,Hors intersection,Normale,Autre collision,1,1,3,0,1,1,1,0,1,110,,1,0,0,0,1,55.0,,,,1,1,1,1,6
202100051499,2021-02-09 07:10:00,2021,2,9,7,10,57,57096,Autoroute A30,49.3924875,5.9551383,Nuit sans éclairage public,Hors agglomération,Hors intersection,Autre,Trois véhicules et plus - collisions multiples,1,3,4,0,1,1,7,0,1,110,,7,5,0,1,1,37.0,32.0,,,3,1,1,9,5
202100051500,2021-02-11 10:00:00,2021,2,11,10,0,62,62193,AUTOROUTE A16,50.941657,1.822829,Plein jour,Hors agglomération,Hors intersection,Normale,Deux véhicules - arrière,1,3,3,0,1,1,1,0,6,110,,2,1,0,1,0,32.0,47.0,,,1,1,1,1,2
202100051501,2021-02-15 09:15:00,2021,2,15,9,15,93,93063,A3,48.87831,2.44699,Plein jour,Hors agglomération,Hors intersection,Normale,Deux véhicules - côté,1,3,8,0,1,1,1,1,1,70,,2,1,0,0,1,39.0,44.0,,,1,1,1,1,3
202100051502,2021-02-14 21:50:00,2021,2,14,21,50,988,98818,UNGER (RUE EDOUARD),-22.26302,166.4444,Nuit avec éclairage allumé,En agglomération,Hors intersection,Normale,Autre collision,4,2,2,3,1,1,1,0,1,50,,2,1,0,0,1,34.0,69.0,,,5,2,1,1,6
202100051503,2021-02-14 08:50:00,2021,2,14,8,50,974,97409,PENTE SASSY (chemin de la),-20.9642,55.65905,Plein jour,En agglomération,Hors intersection,Pluie légère,Trois véhicules et plus - en chaîne,3,2,2,0,1,1,2,8,1,50,,4,2,0,0,2,58.0,58.0,,,1,2,1,2,4
202100051504,2021-02-14 04:45:00,2021,2,14,4,45,972,97209,BEAUSEJOUR JAMBETTE (ROUTE DE ),14.6361,-61.04004,Crépuscule ou aube,Hors agglomération,Hors intersection,Normale,Deux véhicules - frontale,3,2,2,0,1,3,1,0,1,30,,2,1,0,1,0,29.0,43.0,,,2,1,1,1,1
202100051505,2021-02-14 20:00:00,2021,2,14,20,0,95,95268,AV DE STALINGRAD,48.970275,2.413607,Nuit avec éclairage allumé,En agglomération,Hors intersection,Normale,Deux véhicules - côté,3,3,4,0,1,1,1,0,1,50,,2,1,0,0,1,40.0,47.0,,,5,2,1,1,3
202100051506,2021-02-13 12:17:00,2021,2,13,12,17,83,83069,THOMAS (AVENUE AMBROISE),43.11921,6.13105,Plein jour,En agglomération,Intersection en X,Temps couvert,Deux véhicules - côté,4,2,3,0,2,1,1,9,1,50,,2,1,0,0,1,17.0,38.0,,,1,2,2,8,3
202100051507,2021-02-12 14:50:00,2021,2,12,14,50,73,73065,ROUTE NATIONALE 201 (VRU),45.5873490589,5.9084960818,Plein jour,Hors agglomération,Intersection en X,Neige / grêle,Deux véhicules - côté,2,1,1,0,3,1,2,3,1,50,,3,0,0,0,3,23.0,39.0,,,1,1,2,4,3
202100051508,2021-02-10 16:25:00,2021,2,10,16,25,65,65286, RUE SAINT-PIERRE,43.09615,-0.04615,Plein jour,En agglomération,Hors intersection,Normale,Autre collision,4,2,2,0,1,1,1,0,1,50,,2,1,0,0,1,36.0,,,,1,2,1,1,6
202100051509,2021-02-14 13:00:00,2021,2,14,13,0,44,44162,RUE DE SAINT NAZAIRE,47.211524,-1.614505,Plein jour,En agglomération,Autre intersection,Normale,Deux véhicules - arrière,4,-1,2,1,1,1,1,0,1,50,,2,1,0,0,1,24.0,21.0,,,1,2,9,1,2
202100051510,2021-02-14 18:30:00,2021,2,14,18,30,13,13211,MENARD (PIERRE) (BOULEVARD),43.290407,5.439982,Nuit avec éclairage non allumé,En agglomération,Hors intersection,Normale,Deux véhicules - frontale,4,3,3,1,1,1,1,0,8,50,,3,2,0,0,1,58.0,85.0,,,4,2,1,1,1
202100051511,2021-02-10 12:45:00,2021,2,10,12,45,13,13214,SAINTE MARTHE (chemin),43.33071,5.38988,Plein jour,En agglomération,Hors intersection,Normale,Autre collision,4,2,2,0,1,1,1,0,1,50,,2,0,0,1,1,17.0,,,,1,2,1,1,6
202100051512,2021-02-14 02:45:00,2021,2,14,2,45,13,13212,SARIETTE (TRAVERSE DE LA),43.30699,5.44795,Nuit avec éclairage allumé,En agglomération,Hors intersection,Normale,Autre collision,4,1,1,0,1,2,1,0,1,50,,1,0,0,0,1,42.0,,,,5,2,1,1,6
202100051513,2021-02-13 16:45:00,2021,2,13,16,45,13,13203,FÉLIX PYAT (RUE),43.3201609843,5.3743201435,Plein jour,En agglomération,Intersection en Y,Normale,Deux véhicules - côté,4,2,2,0,1,1,1,0,1,50,,2,1,0,0,1,34.0,34.0,,,1,2,4,1,3
202100051514,2021-02-13 10:30:00,2021,2,13,10,30,13,13002,DES TERMES (ROUTE) RD 908,43.36631,5.50369,Plein jour,Hors agglomération,Hors intersection,Normale,Deux véhicules - côté,7,2,2,1,4,3,8,0,1,70,,2,0,0,0,2,19.0,49.0,,,1,1,1,1,3
202100051515,2021-02-13 12:15:00,2021,2,13,12,15,09,09225,FOIX AVENUE DE,43.10558,1.61928,Plein jour,En agglomération,Hors intersection,Normale,Deux véhicules - côté,3,2,2,0,1,1,1,0,1,50,,2,0,0,0,2,27.0,44.0,,,1,2,1,1,3
202100051516,2021-02-13 11:50:00,2021,2,13,11,50,08,08043,DE GAULLE (AVENUE CHARLES),49.6903804994,4.9631211363,Plein jour,En agglomération,Intersection en T,Normale,Deux véhicules - côté,3,-1,2,0,1,1,1,0,1,50,,2,1,0,1,0,36.0,53.0,,,1,2,3,1,3
202100051517,2021-02-14 11:30:00,2021,2,14,11,30,06,06088,CORNICHE FLEURIE (AV. DE LA),43.684765,7.209446,Plein jour,Hors agglomération,Intersection en T,Normale,Trois véhicules et plus - collisions multiples,4,2,-1,0,1,1,1,0,1,50,,3,2,0,0,1,14.0,50.0,,,1,1,3,1,5
202100051518,2021-02-13 18:19:00,2021,2,13,18,19,06,06123,BARONNE ROUTE DE LA,43.70709,7.17844,Nuit avec éclairage allumé,En agglomération,Hors intersection,Pluie légère,Deux véhicules - frontale,7,2,2,0,1,2,2,0,1,50,,2,0,0,0,2,58.0,36.0,,,5,2,1,2,1
202100051519,2021-02-14 21:23:00,2021,2,14,21,23,75,75120,RUE DE MENILMONTANT,48.867542,2.385094,Nuit avec éclairage allumé,En agglomération,Intersection en T,Normale,Deux véhicules - côté,4,2,2,0,2,1,1,0,1,50,,2,1,0,0,1,33.0,,,,5,2,3,1,3
202100051520,2021-02-13 16:05:00,2021,2,13,16,5,75,75117,BOULEVARD BESSIERES,48.897633499,2.3241502047,Plein jour,En agglomération,Intersection en X,Normale,Deux véhicules - côté,4,3,2,0,1,1,1,0,1,50,,3,1,0,1,1,22.0,28.0,,,1,2,2,1,3
202100051521,2021-02-13 13:45:00,2021,2,13,13,45,75,75108,RUE DE LA VILLE L EVEQUE,48.871162,2.321642,Plein jour,En agglomération,Intersection en X,Normale,Deux véhicules - côté,4,1,1,0,1,1,1,0,1,30,,3,2,0,0,1,68.0,34.0,,,1,2,2,1,3
202100051522,2021-02-14 06:10:00,2021,2,14,6,10,93,93064,WALESA (AVENUE LECH),48.8743851587,2.4865748106,Nuit avec éclairage allumé,En agglomération,Hors intersection,Autre,Autre collision,3,1,2,2,1,4,1,0,8,50,,4,1,0,0,3,36.0,,,,5,2,1,9,6
202100051523,2021-02-14 17:40:00,2021,2,14,17,40,93,93048,PARIS (RUE DE),48.8560756572,2.4248278538,Crépuscule ou aube,En agglomération,Hors intersection,Normale,Deux véhicules - côté,3,2,2,0,1,1,1,6,1,50,,2,1,0,0,1,26.0,53.0,,,2,2,1,1,3
202100051524,2021-02-14 20:15:00,2021,2,14,20,15,93,93008,SEMARD (AVENUE PIERRE),48.9098,2.44602,Nuit avec éclairage allumé,En agglomération,Giratoire,Normale,Deux véhicules - côté,3,-1,2,0,1,1,1,0,1,50,,3,2,0,0,1,43.0,21.0,,,5,2,6,1,3
202100051525,2021-02-14 02:30:00,2021,2,14,2,30,93,93001,REPUBLIQUE (AVE DE LA ) => NO 41/50,48.9124500141,2.3834361237,Nuit avec éclairage allumé,En agglomération,Intersection en X,Normale,Deux véhicules - arrière,3,2,2,0,1,1,1,0,1,50,,2,1,0,0,1,44.0,,,,5,2,2,1,2
202100051526,2021-02-14 08:30:00,2021,2,14,8,30,92,92012,WALLACE (PLACE),48.83965,2.24012,Plein jour,En agglomération,Intersection en X,Normale,Deux véhicules - côté,3,3,0,0,1,1,1,0,1,30,,5,2,0,0,3,49.0,33.0,,,1,2,2,1,3
202100051527,2021-02-14 18:30:00,2021,2,14,18,30,92,92004,VOLTAIRE ( BD 16 A FIN ),48.91756,2.28578,Plein jour,En agglomération,Intersection en X,Normale,Deux véhicules - côté,3,-1,2,0,1,1,1,0,1,50,,2,1,0,0,1,20.0,43.0,,,1,2,2,1,3
202100051528,2021-02-14 21:00:00,2021,2,14,21,0,26,26087,615 Route de Parnans,45.09165,5.13281,Nuit sans éclairage public,Hors agglomération,Hors intersection,Normale,Autre collision,3,2,2,0,1,1,1,0,3,80,,1,0,1,0,0,42.0,,,,3,1,1,1,6
202100051529,2021-02-12 06:00:00,2021,2,12,6,0,974,97422,Route Nat 3 PR 19,-21.239082,55.540872,Crépuscule ou aube,En agglomération,Hors intersection,Normale,Sans collision,2,3,2,1,2,1,1,5,5,50,,1,0,0,0,1,51.0,,,,2,2,1,1,7
202100051530,2021-02-13 21:45:00,2021,2,13,21,45,63,63071,D52 Montmeyre rue des clos,45.757235,2.904827,Nuit sans éclairage public,Hors agglomération,Hors intersection,Brouillard / fumée,Autre collision,3,2,2,0,1,1,1,0,3,80,,1,0,0,1,0,27.0,,,,3,1,1,5,6
202100051531,2021-02-14 22:00:00,2021,2,14,22,0,21,21362,A6,47.223419,4.592108,Nuit sans éclairage public,Hors agglomération,Hors intersection,Normale,Autre collision,1,3,4,0,1,1,1,0,1,130,,1,0,0,1,0,31.0,,,,3,1,1,1,6
202100051532,2021-02-14 17:30:00,2021,2,14,17,30,14,14738,A84,49.164748,-0.432828,Plein jour,Hors agglomération,Hors intersection,Normale,Trois véhicules et plus - collisions multiples,1,3,4,0,1,1,1,0,1,90,,5,4,0,0,1,21.0,27.0,,,1,1,1,1,5
202100051533,2021-02-13 16:00:00,2021,2,13,16,0,57,57530,Route de Boulay,49.205216,6.528531,Plein jour,En agglomération,Hors intersection,Normale,Deux véhicules - côté,3,2,1,0,2,1,1,0,1,50,,2,1,0,0,1,44.0,20.0,,,1,2,1,1,3
202100051534,2021-02-14 15:45:00,2021,2,14,15,45,51,51381,D951,48.9350835045,3.8279379,Plein jour,Hors agglomération,Hors intersection,Normale,Sans collision,3,2,2,0,2,1,1,0,1,80,,1,0,0,1,0,42.0,,,,1,1,1,1,7
202100051535,2021-02-14 22:15:00,2021,2,14,22,15,76,76263,Route du Tronquay,49.45285,1.50996,Nuit sans éclairage public,Hors agglomération,Hors intersection,Normale,Sans collision,3,2,2,0,1,1,1,0,1,80,,2,1,1,0,0,49.0,,,,3,1,1,1,7
202100051536,2021-02-15 18:25:00,2021,2,15,18,25,2B,2B343,RT 10,42.497423,9.469442,Nuit sans éclairage public,En agglomération,Hors intersection,Normale,Deux véhicules - côté,2,2,2,0,1,1,1,0,1,-1,,2,0,0,0,2,55.0,47.0,,,3,2,1,1,3
202100051537,2021-02-12 15:30:00,2021,2,12,15,30,61,61070,L'Aubriere,48.768986,-0.595936,Plein jour,Hors agglomération,Hors intersection,Normale,Deux véhicules - frontale,3,2,2,0,1,4,1,0,1,50,,3,1,0,0,2,28.0,27.0,,,1,1,1,1,1
202100051538,2021-02-15 09:45:00,2021,2,15,9,45,55,55054,D964,48.871209,5.524065,Plein jour,Hors agglomération,Hors intersection,Normale,Autre collision,3,2,2,0,1,3,1,0,1,30,,3,2,0,0,1,34.0,50.0,,,1,1,1,1,6
202100051539,2021-02-15 09:24:00,2021,2,15,9,24,22,22061,ZA de Goperen,48.255177,-3.38484,Plein jour,Hors agglomération,Hors intersection,Pluie légère,Deux véhicules - frontale,2,2,2,0,1,1,2,0,1,80,,2,1,0,1,0,38.0,52.0,,,1,1,1,2,1
202100051540,2021-02-15 12:00:00,2021,2,15,12,0,39,39443,,46.543919,5.599267,Plein jour,Hors agglomération,Intersection en X,Normale,Trois véhicules et plus - collisions multiples,3,2,2,0,1,2,1,0,1,90,,5,2,0,1,2,58.0,36.0,,,1,1,2,1,5
202100051541,2021-02-14 17:30:00,2021,2,14,17,30,44,44041,La Guillauderie D117,47.0773313443,-1.5664958954,Plein jour,Hors agglomération,Hors intersection,Normale,Deux véhicules - côté,3,3,4,0,1,1,1,9,1,110,,2,1,0,0,1,,21.0,,,1,1,1,1,3
202100051542,2021-01-07 21:10:00,2021,1,7,21,10,31,31451,Route de Toulouse,43.464729,1.989019,Nuit avec éclairage allumé,En agglomération,Giratoire,Normale,Autre collision,3,2,2,0,1,1,1,0,1,-1,,1,0,0,1,0,61.0,,,,5,2,6,1,6
202100051543,2021-02-13 19:30:00,2021,2,13,19,30,14,14020,Rue du Marais,49.134237,-0.173153,Nuit sans éclairage public,Hors agglomération,Hors intersection,Normale,Autre collision,4,2,2,0,1,1,1,0,3,50,,1,0,0,0,1,41.0,,,,3,1,1,1,6
202100051544,2021-02-14 17:00:00,2021,2,14,17,0,45,45129,Route de Brigny,47.9370170905,3.0335038685,Plein jour,Hors agglomération,Hors intersection,Normale,Autre collision,4,2,2,0,1,3,7,0,3,80,,1,0,0,1,0,44.0,,,,1,1,1,1,6
202100051545,2021-02-15 17:10:00,2021,2,15,17,10,64,64148,d35,43.112881,-0.318968,Plein jour,En agglomération,Hors intersection,Normale,Sans collision,3,2,2,0,3,1,1,0,1,50,,4,2,0,0,2,45.0,,,,1,2,1,1,7
202100051546,2021-02-15 10:30:00,2021,2,15,10,30,10,10132,D114,48.516064,3.959241,Plein jour,Hors agglomération,Hors intersection,Normale,Autre collision,3,2,2,0,1,3,1,0,1,80,,1,0,0,1,0,35.0,,,,1,1,1,1,6
202100051547,2021-02-15 07:00:00,2021,2,15,7,0,24,24064,Les gourdou,45.373554,0.685143,Nuit avec éclairage non allumé,Hors agglomération,Hors intersection,Normale,Deux véhicules - côté,3,2,2,0,1,1,1,0,1,80,,2,1,0,1,0,29.0,52.0,,,4,1,1,1,3
202100051548,2021-02-12 12:50:00,2021,2,12,12,50,85,85128,D2949,46.45988,-1.19573,Plein jour,Hors agglomération,Hors intersection,Normale,Trois véhicules et plus - collisions multiples,3,2,2,0,1,1,1,0,1,80,,4,0,0,1,3,52.0,71.0,,,1,1,1,1,5
202100051549,2021-02-14 18:00:00,2021,2,14,18,0,87,87028,D942 PK 37+600,46.232697,0.933108,Crépuscule ou aube,Hors agglomération,Hors intersection,Normale,Autre collision,3,2,2,0,2,4,1,2,3,50,,1,0,0,0,1,27.0,,,,2,1,1,1,6
202100051550,2021-02-14 16:50:00,2021,2,14,16,50,44,44003,autroute A11,47.3962273107,-1.2128777408,Plein jour,Hors agglomération,Autre intersection,Normale,Deux véhicules - arrière,1,1,2,0,1,1,1,0,1,130,,5,3,0,2,0,34.0,32.0,,,1,1,9,1,2
202100051551,2021-02-15 08:40:00,2021,2,15,8,40,83,83140,Autoroute A8 - PK 63+500,43.428817,5.943984,Plein jour,Hors agglomération,Hors intersection,Normale,Deux véhicules - arrière,1,3,3,3,1,1,1,0,1,130,,2,1,0,0,1,47.0,45.0,,,1,1,1,1,2
202100051552,2021-02-10 19:20:00,2021,2,10,19,20,76,76705,"Autoroute A13, PK110+900, sens PARIS/CAEN",49.3331675888,1.0809087753,Nuit sans éclairage public,Hors agglomération,Hors intersection,Normale,Trois véhicules et plus - collisions multiples,1,3,3,3,2,1,1,0,1,110,,3,2,0,1,0,22.0,51.0,,,3,1,1,1,5
202100051553,2021-02-14 17:00:00,2021,2,14,17,0,2A,2A163,route territoriale 10,41.498059,8.95011,Plein jour,Hors agglomération,Hors intersection,Normale,Deux véhicules - frontale,2,2,2,0,2,4,1,0,1,80,,2,1,0,0,1,54.0,48.0,,,1,1,1,1,1
202100051554,2021-02-14 19:00:00,2021,2,14,19,0,30,30258,D42. PK 10+120,43.7516,4.4069,Nuit sans éclairage public,Hors agglomération,Hors intersection,Normale,Trois véhicules et plus - en chaîne,3,2,2,0,1,1,1,0,1,80,,3,2,0,0,1,51.0,54.0,,,3,1,1,1,4
202100051555,2021-02-14 20:50:00,2021,2,14,20,50,34,34249,Avenue Croix de Mounié,43.7307990057,3.9728894651,Nuit avec éclairage allumé,En agglomération,Hors intersection,Normale,Autre collision,7,2,2,0,1,1,1,9,1,50,,1,0,0,1,0,20.0,,,,5,2,1,1,6
202100051556,2021-02-13 15:10:00,2021,2,13,15,10,65,65335,RD 8,43.114122,0.121134,Plein jour,Hors agglomération,Hors intersection,Normale,Deux véhicules - côté,3,2,2,0,1,2,1,0,3,90,,2,1,0,0,1,66.0,,,,1,1,1,1,3
202100051557,2021-02-14 17:30:00,2021,2,14,17,30,22,22143,Rue du Chemin Vert,48.592093,-2.272668,Plein jour,Hors agglomération,Hors intersection,Temps couvert,Sans collision,4,2,2,0,1,1,7,0,1,50,,1,0,0,0,1,16.0,,,,1,1,1,8,7
202100051558,2021-02-15 07:55:00,2021,2,15,7,55,27,27448,Route départementale 71,49.014962,1.358185,Crépuscule ou aube,Hors agglomération,Hors intersection,Normale,Trois véhicules et plus - collisions multiples,3,2,2,0,1,1,2,0,1,80,,3,2,0,0,1,40.0,21.0,,,2,1,1,1,5
202100051559,2021-02-14 20:15:00,2021,2,14,20,15,33,33249,Autoroute A10,44.88768,-0.50538,Nuit avec éclairage allumé,Hors agglomération,Hors intersection,Normale,Autre collision,1,3,8,0,1,1,1,0,1,110,,2,1,0,0,1,34.0,,,,5,1,1,1,6
202100051560,2021-02-14 17:25:00,2021,2,14,17,25,91,91659,AUTOROUTE A6,48.58045,2.46039,Plein jour,Hors agglomération,Hors intersection,Temps couvert,Sans collision,1,3,3,0,2,1,1,0,3,110,,1,0,0,0,1,51.0,,,,1,1,1,8,7
202100051561,2021-02-14 14:15:00,2021,2,14,14,15,92,92036,AUTOROUTE A15,48.9435578314,2.2873807879,Plein jour,Hors agglomération,Hors intersection,Normale,Autre collision,1,3,8,0,1,1,1,2,1,90,,2,0,0,0,2,20.0,,,,1,1,1,1,6
202100051562,2021-02-13 18:30:00,2021,2,13,18,30,95,95277,AUTOROUTE A3,48.97153,2.48495,Nuit sans éclairage public,Hors agglomération,Hors intersection,Normale,Trois véhicules et plus - en chaîne,1,3,-1,0,1,1,1,0,1,90,,4,3,0,0,1,35.0,25.0,,,3,1,1,1,4
202100051563,2021-02-12 09:20:00,2021,2,12,9,20,94,94017,A4,48.830322896,2.4893496496,Plein jour,Hors agglomération,Hors intersection,Normale,Trois véhicules et plus - en chaîne,1,-1,3,0,1,1,1,0,1,90,,3,2,0,0,1,29.0,60.0,,,1,1,1,1,4
202100051564,2021-02-13 20:15:00,2021,2,13,20,15,976,97611,vahibe-Departementale 3 ( route ),-12.79919,45.20264,Nuit sans éclairage public,En agglomération,Hors intersection,Normale,Sans collision,3,2,0,0,1,1,1,0,1,50,,4,3,0,0,1,24.0,,,,3,2,1,1,7
202100051565,2021-02-13 13:40:00,2021,2,13,13,40,974,97409,BELZOR(RUE),-20.97517,55.65338,Plein jour,En agglomération,Autre intersection,Normale,Deux véhicules - frontale,4,2,1,0,1,1,1,0,1,50,,2,1,0,0,1,41.0,,,,1,2,9,1,1
202100051566,2021-02-11 13:30:00,2021,2,11,13,30,973,97302,RABAN (ROUTE DE),4.9282584541,-52.3137167805,Plein jour,En agglomération,Hors intersection,Normale,Autre collision,4,2,2,0,2,1,1,0,1,50,,2,1,0,0,1,31.0,,,,1,2,1,1,6
202100051567,2021-02-13 19:00:00,2021,2,13,19,0,69,69387,DOMER (R),45.7473111765,4.8480198188,Nuit avec éclairage allumé,En agglomération,Intersection en X,Normale,Deux véhicules - côté,4,1,1,0,1,1,1,0,1,50,,2,1,0,0,1,21.0,,,,5,2,2,1,3
202100051568,2021-02-12 18:50:00,2021,2,12,18,50,69,69034,BOUTARY (DE) (CHM),45.79247,4.85728,Nuit avec éclairage allumé,En agglomération,Intersection en T,Neige / grêle,Autre collision,4,2,2,0,2,1,5,0,1,50,,1,0,0,0,1,38.0,,,,5,2,3,4,6
202100051569,2021-02-12 20:00:00,2021,2,12,20,0,971,97101,BOULEVARD DES HEROS,16.24761,-61.52837,Nuit sans éclairage public,En agglomération,Autre intersection,Normale,Autre collision,3,1,2,0,1,1,1,0,1,50,,2,1,0,0,1,33.0,,,,3,2,9,1,6
202100051570,2021-02-10 18:30:00,2021,2,10,18,30,95,95268,AV DU GENERAL DE GAULLE,48.9704188861,2.4032378197,Nuit avec éclairage allumé,En agglomération,Hors intersection,Normale,Deux véhicules - frontale,3,3,4,0,1,1,1,0,1,50,,3,2,0,0,1,40.0,24.0,,,5,2,1,1,1
202100051571,2021-02-13 13:54:00,2021,2,13,13,54,91,91326,ESTIENNES D'ORVES (AVENUE D'),48.69054,2.38076,Plein jour,En agglomération,Hors intersection,Normale,Autre collision,3,2,2,0,1,1,1,0,1,50,,3,2,0,0,1,34.0,,,,1,2,1,1,6
202100051572,2021-02-13 23:00:00,2021,2,13,23,0,78,78396,ROMILLY (RUE DE),48.9408,2.12806,Nuit avec éclairage allumé,En agglomération,Hors intersection,Normale,Autre collision,4,1,1,0,1,1,1,0,4,50,,2,1,0,0,1,22.0,,,,5,2,1,1,6
202100051573,2021-02-12 08:15:00,2021,2,12,8,15,77,77122,RD 48,48.65758,2.61197,Crépuscule ou aube,Hors agglomération,Intersection en T,Normale,Deux véhicules - côté,2,1,1,0,2,1,1,0,1,30,,2,1,0,0,1,21.0,37.0,,,2,1,3,1,3
202100051574,2021-02-13 15:46:00,2021,2,13,15,46,65,65286,Route de Tarbes,43.11867,-0.03085,Plein jour,Hors agglomération,Hors intersection,Normale,Deux véhicules - côté,2,2,0,0,2,1,1,0,1,80,,5,3,0,0,2,53.0,42.0,,,1,1,1,1,3
202100051575,2021-02-13 17:00:00,2021,2,13,17,0,64,64269,TARBES DE,43.2975,-0.30065,Plein jour,En agglomération,Hors intersection,Normale,Deux véhicules - arrière,3,2,2,0,1,1,1,0,1,50,,4,1,0,0,3,47.0,25.0,,,1,2,1,1,2
202100051576,2021-02-13 16:40:00,2021,2,13,16,40,64,64024,MER (BOULEVARD DE LA),43.49622,-1.53926,Plein jour,En agglomération,Hors intersection,Normale,Trois véhicules et plus - en chaîne,4,2,2,0,2,1,1,0,1,50,,3,2,0,0,1,51.0,17.0,,,1,2,1,1,4
202100051577,2021-02-13 15:20:00,2021,2,13,15,20,59,59508,BARBUSSE (RUE HENRI),50.74751,3.12462,Plein jour,En agglomération,Intersection en X,Normale,Deux véhicules - côté,4,2,2,0,2,1,1,0,1,30,,5,1,0,0,4,20.0,19.0,,,1,2,2,1,3
202100051578,2021-02-10 19:10:00,2021,2,10,19,10,56,56260,Boulevard de la Résistance,47.64787,-2.78181,Nuit avec éclairage allumé,En agglomération,Intersection en X,Normale,Deux véhicules - côté,4,2,2,0,2,1,1,5,1,50,,2,1,0,0,1,45.0,27.0,,,5,2,2,1,3
202100051579,2021-02-13 11:00:00,2021,2,13,11,0,54,54184,RM 674,48.70606,6.242569,Plein jour,Hors agglomération,Hors intersection,Normale,Trois véhicules et plus - en chaîne,7,2,2,0,1,1,1,0,1,70,,5,4,0,0,1,35.0,50.0,,,1,1,1,1,4
202100051580,2021-02-12 10:00:00,2021,2,12,10,0,54,54159,ROSIERES (AVENUE DE),48.61054,6.35294,Plein jour,En agglomération,Intersection en T,Normale,Deux véhicules - côté,3,2,-1,-1,1,1,1,0,1,50,,2,1,0,1,0,79.0,21.0,,,1,2,3,1,3
202100051581,2021-02-13 17:10:00,2021,2,13,17,10,51,51454,Rue Buirette,49.2544420398,4.0253155886,Plein jour,En agglomération,Hors intersection,Normale,Sans collision,4,2,2,0,1,1,1,0,1,30,,2,1,0,0,1,,,,,1,2,1,1,7