accident_id,datetime,annee,mois,jour,heure,minute,departement,commune_insee,adresse,latitude,longitude,luminosite,agglomeration,intersection,meteo,collision,catr,circ,nbv,vosp,prof,plan,surf,infra,situ,vma,nb_vehicules,nb_usagers,nb_indemnes,nb_tues,nb_blesses_hosp,nb_blesses_legers,age_cond_1,age_cond_2,veh_type_cond_1,veh_type_cond_2,lum_code,agg_code,int_code,atm_code,col_code
202100051582,2021-02-13 04:14:00,2021,2,13,4,14,51,51454,Avenue de Champagne,49.2272615581,4.0290763694,Nuit avec éclairage allumé,En agglomération,Hors intersection,Normale,Sans collision,3,3,4,1,1,1,1,2,3,70,,1,0,0,1,0,23.0,,,,5,2,1,1,7
202100051583,2021-02-12 18:07:00,2021,2,12,18,7,51,51454,Rue Gustave Laurent,49.2541534538,4.0501835513,Crépuscule ou aube,En agglomération,Intersection en X,Normale,Deux véhicules - côté,4,2,2,0,1,1,1,0,1,50,,2,1,1,0,0,45.0,31.0,,,2,2,2,1,3
202100051584,2021-02-10 09:30:00,2021,2,10,9,30,45,45338,D 2060-PR29+200,47.970718,2.719645,Plein jour,En agglomération,Hors intersection,Neige / grêle,Autre collision,3,3,4,0,1,1,5,0,1,110,,1,0,0,0,1,31.0,,,,1,2,1,4,6
202100051585,2021-02-13 19:20:00,2021,2,13,19,20,30,30189,BELLINI (RUE),43.82527,4.3411,Nuit avec éclairage allumé,En agglomération,Intersection en T,Normale,Deux véhicules - côté,4,2,1,0,2,1,1,0,1,50,,2,1,0,1,0,21.0,,,,5,2,3,1,3
202100051586,2021-02-13 17:45:00,2021,2,13,17,45,29,29232,D785 - Route de Pont l’Abbe,47.977145402,-4.1334411489,Plein jour,Hors agglomération,Hors intersection,Normale,Autre collision,3,2,4,0,1,2,2,0,3,110,,1,0,0,0,1,24.0,,,,1,1,1,1,6
202100051587,2021-02-13 17:15:00,2021,2,13,17,15,29,29019,Rue de Gouesnou,48.4118096764,-4.468515457,Plein jour,En agglomération,Hors intersection,Normale,Deux véhicules - côté,4,2,2,0,1,1,1,0,1,50,,2,1,0,1,0,28.0,28.0,,,1,2,1,1,3
202100051588,2021-02-13 20:32:00,2021,2,13,20,32,13,13206,LIEUTAUD (COURS),43.28826,5.384564,Nuit avec éclairage allumé,En agglomération,Intersection en T,Normale,Deux véhicules - côté,4,2,2,0,1,1,1,0,1,50,,2,1,0,1,0,40.0,31.0,,,5,2,3,1,3
202100051589,2021-02-13 16:00:00,2021,2,13,16,0,13,13215,LYON (RUE DE),43.32244,5.36765,Plein jour,En agglomération,Hors intersection,Normale,Deux véhicules - côté,4,-1,2,0,1,1,1,0,1,50,,3,1,0,0,2,17.0,,,,1,2,1,1,3
202100051590,2021-02-13 02:07:00,2021,2,13,2,7,13,13210,ROMAIN ROLLAND (BOULEVARD),43.2771961492,5.419887191,Nuit avec éclairage allumé,En agglomération,Hors intersection,Pluie légère,Deux véhicules - frontale,4,1,1,0,1,1,2,0,1,50,,3,1,0,0,2,21.0,18.0,,,5,2,1,2,1
202100051591,2021-02-13 18:40:00,2021,2,13,18,40,75,75120,RUE D AVRON,48.851443,2.399049,Nuit avec éclairage allumé,En agglomération,Hors intersection,Normale,Deux véhicules - côté,4,2,2,0,1,1,1,0,1,30,,2,1,0,0,1,,32.0,,,5,2,1,1,3
202100051592,2021-02-13 14:45:00,2021,2,13,14,45,75,75118,RUE CAULAINCOURT,48.8896910112,2.3401891402,Plein jour,En agglomération,Intersection à plus de 4 branches,Normale,Deux véhicules - côté,4,2,2,0,2,1,1,0,1,50,,3,2,0,0,1,39.0,25.0,,,1,2,5,1,3
202100051593,2021-02-13 10:35:00,2021,2,13,10,35,75,75116,BOULEVARD DELESSERT,48.858504,2.284777,Plein jour,En agglomération,Place,Normale,Autre collision,4,3,2,0,1,1,1,0,1,50,,2,1,0,0,1,78.0,,,,1,2,7,1,6
202100051594,2021-02-13 15:20:00,2021,2,13,15,20,75,75112,RUE DE CHARENTON,48.841604,2.386948,Plein jour,En agglomération,Intersection en T,Normale,Deux véhicules - côté,4,2,2,0,1,1,1,0,1,30,,2,1,0,0,1,,14.0,,,1,2,3,1,3
202100051595,2021-02-12 16:50:00,2021,2,12,16,50,75,75109,RUE DE CHATEAUDUN,48.876199,2.335355,Plein jour,En agglomération,Intersection en X,Normale,Deux véhicules - côté,4,3,2,3,1,1,1,-1,6,50,,2,1,0,0,1,32.0,41.0,,,1,2,2,1,3
202100051596,2021-02-13 09:45:00,2021,2,13,9,45,75,75108,RUE FRANCOIS 1ER,48.868654,2.303707,Plein jour,En agglomération,Intersection en X,Normale,Deux véhicules - côté,4,1,2,1,2,1,1,-1,5,50,,3,2,0,0,1,26.0,29.0,,,1,2,2,1,3
202100051597,2021-02-02 04:25:00,2021,2,2,4,25,75,75108,ROND POINT CHAMPS ELYSEES MARCEL DASSAUL,48.868556,2.309281,Nuit sans éclairage public,En agglomération,Place,Pluie forte,Sans collision,4,1,1,0,1,2,2,0,1,50,,1,0,0,0,1,50.0,,,,3,2,7,3,7
202100051598,2021-02-13 12:20:00,2021,2,13,12,20,75,75103,RUE SAINT MARTIN,48.868426,2.355281,Plein jour,En agglomération,Intersection en T,Normale,Deux véhicules - côté,4,1,3,0,1,1,1,0,1,50,,2,1,0,0,1,39.0,39.0,,,1,2,3,1,3
202100051599,2021-02-13 15:40:00,2021,2,13,15,40,94,94081,Rue d’Odessa,48.795146,2.404349,Plein jour,En agglomération,Hors intersection,Normale,Deux véhicules - côté,4,1,1,0,1,1,1,0,1,50,,2,1,0,1,0,55.0,17.0,,,1,2,1,1,3
202100051600,2021-02-13 13:25:00,2021,2,13,13,25,94,94022,REPUBLIQUE (AV DE LA),48.760527,2.407857,Plein jour,En agglomération,Intersection en T,Normale,Deux véhicules - côté,3,1,1,0,1,1,1,0,6,50,,3,0,0,0,3,52.0,29.0,,,1,2,3,1,3
202100051601,2021-02-13 15:00:00,2021,2,13,15,0,93,93070,LANDY(RUE):N° 1 AU 43,48.91614,2.33549,Plein jour,En agglomération,Hors intersection,Normale,Sans collision,4,1,0,0,1,1,7,0,1,50,,2,0,0,0,2,28.0,,,,1,2,1,1,7
202100051602,2021-02-13 19:30:00,2021,2,13,19,30,93,93051,NEUILLY (ROUTE),48.84806,2.53887,Nuit avec éclairage allumé,En agglomération,Intersection en X,Normale,Trois véhicules et plus - en chaîne,3,2,3,1,2,1,1,0,1,50,,5,3,0,0,2,29.0,53.0,,,5,2,2,1,4
202100051603,2021-02-13 19:45:00,2021,2,13,19,45,93,93048,EPERNONS (RUE DES),48.8682,2.4467,Nuit avec éclairage allumé,En agglomération,Hors intersection,Normale,Trois véhicules et plus - en chaîne,4,2,2,0,4,1,1,0,1,50,,3,1,0,0,2,42.0,48.0,,,5,2,1,1,4
202100051604,2021-02-13 16:30:00,2021,2,13,16,30,93,93048,GENERAL DE GAULE (PLACE DU),48.8686289211,2.4336482584,Plein jour,En agglomération,Hors intersection,Normale,Autre collision,4,2,2,0,2,1,1,0,1,50,,2,1,0,0,1,,,,,1,2,1,1,6
202100051605,2021-02-13 14:00:00,2021,2,13,14,0,93,93048,PARIS (RUE DE),48.8578,2.4348,Plein jour,En agglomération,Intersection en T,Normale,Deux véhicules - côté,3,2,3,1,1,1,1,0,1,50,,2,1,0,0,1,40.0,32.0,,,1,2,3,1,3
202100051606,2021-02-13 20:11:00,2021,2,13,20,11,93,93010,BARBUSSE (AV. HENRI) DE 126 A FIN COTE P,48.8996858586,2.4958181995,Nuit avec éclairage allumé,En agglomération,Hors intersection,Normale,Deux véhicules - arrière,4,2,2,0,1,1,1,0,1,30,,2,1,0,0,1,27.0,26.0,,,5,2,1,1,2
202100051607,2021-02-13 20:40:00,2021,2,13,20,40,93,93005,GEORGES BRAQUE (BOULEVARD),48.9576472313,2.4785289034,Nuit avec éclairage allumé,En agglomération,Hors intersection,Normale,Trois véhicules et plus - en chaîne,3,1,2,0,1,1,1,0,1,50,,3,2,0,0,1,25.0,27.0,,,5,2,1,1,4
202100051608,2021-02-13 14:50:00,2021,2,13,14,50,92,92064,GOUNOD,48.8434306686,2.2167854011,Plein jour,En agglomération,Hors intersection,Normale,Trois véhicules et plus - en chaîne,3,2,2,0,2,1,1,0,1,50,,4,3,0,0,1,28.0,46.0,,,1,2,1,1,4
202100051609,2021-02-13 15:25:00,2021,2,13,15,25,92,92050,GARE RUE DE LA,48.89635,2.19966,Plein jour,En agglomération,Giratoire,Normale,Autre collision,4,2,2,0,1,1,1,0,4,50,,1,0,0,1,0,19.0,,,,1,2,6,1,6
202100051610,2021-02-13 15:50:00,2021,2,13,15,50,92,92014,LIBERATION (PLACE DE LA),48.77681,2.31426,Plein jour,En agglomération,Place,Normale,Deux véhicules - côté,3,4,5,0,1,1,1,0,1,50,,3,0,0,0,3,61.0,50.0,,,1,2,7,1,3
202100051611,2021-02-14 15:14:00,2021,2,14,15,14,54,54089,Route Departementale 913,48.7592442681,6.254181862,Plein jour,Hors agglomération,Hors intersection,Temps éblouissant,Deux véhicules - arrière,3,2,2,0,1,1,1,0,1,80,,2,0,0,0,2,33.0,74.0,,,1,1,1,7,2
202100051612,2021-02-14 17:00:00,2021,2,14,17,0,68,68178,D430,47.941453,7.110536,Plein jour,Hors agglomération,Intersection en Y,Normale,Autre collision,3,2,2,0,4,2,7,2,3,80,,1,0,0,1,0,19.0,,,,1,1,4,1,6
202100051613,2021-02-12 08:15:00,2021,2,12,8,15,31,31446,D813,43.549285,1.479171,Plein jour,En agglomération,Hors intersection,Pluie légère,Autre collision,3,1,1,0,1,1,2,0,1,50,,2,1,0,1,0,54.0,,,,1,2,1,2,6
202100051614,2021-02-13 14:20:00,2021,2,13,14,20,41,41173,D74,47.904016,1.534245,Plein jour,Hors agglomération,Hors intersection,Normale,Autre collision,3,2,2,0,1,1,7,9,3,80,,2,0,1,0,1,18.0,,,,1,1,1,1,6
202100051615,2021-02-14 17:50:00,2021,2,14,17,50,76,76750,Rue de la Republique,49.457218,0.827011,Plein jour,En agglomération,Hors intersection,Normale,Autre collision,9,2,2,0,1,3,1,0,3,50,,2,1,0,0,1,30.0,,,,1,2,1,1,6
202100051616,2021-02-13 21:46:00,2021,2,13,21,46,61,61230,D918,48.531732,0.751574,Nuit sans éclairage public,Hors agglomération,Hors intersection,Normale,Sans collision,3,2,2,0,1,1,1,0,3,90,,1,0,0,1,0,21.0,,,,3,1,1,1,7
202100051617,2021-02-13 12:40:00,2021,2,13,12,40,39,39510,,46.35169,5.909991,Plein jour,Hors agglomération,Hors intersection,Normale,Autre collision,3,2,2,0,1,2,5,0,3,80,,2,0,0,1,1,32.0,,,,1,1,1,1,6
202100051618,2021-02-13 12:00:00,2021,2,13,12,0,58,58035,D958,47.061732,3.426404,Plein jour,Hors agglomération,Hors intersection,Normale,Autre collision,3,2,2,0,4,3,1,0,3,80,,1,0,0,1,0,41.0,,,,1,1,1,1,6
202100051619,2021-02-14 11:30:00,2021,2,14,11,30,14,14269,Route de Blangy-le-Château,49.2478371237,0.2358743565,Plein jour,Hors agglomération,Hors intersection,Normale,Autre collision,3,2,2,0,1,2,1,0,1,50,,4,0,0,1,3,21.0,,,,1,1,1,1,6
202100051620,2021-02-13 16:25:00,2021,2,13,16,25,10,10209,54 Avenue du 28 Août 1944,48.2513822485,4.2636085153,Plein jour,En agglomération,Intersection en X,Normale,Deux véhicules - côté,3,2,2,0,1,1,1,5,1,50,,2,1,0,0,1,42.0,34.0,,,1,2,2,1,3
202100051621,2021-02-13 16:00:00,2021,2,13,16,0,36,36096,Champ Rocher,46.742677,1.129859,Plein jour,Hors agglomération,Hors intersection,Normale,Autre collision,3,2,2,0,1,1,1,0,3,80,,3,2,0,1,0,24.0,,,,1,1,1,1,6
202100051622,2021-02-14 12:45:00,2021,2,14,12,45,16,16192,Lieu-dit la Grande Pièce,45.879134,0.565791,Plein jour,Hors agglomération,Intersection en X,Normale,Deux véhicules - côté,2,2,2,0,1,1,1,0,1,70,,5,4,0,1,0,41.0,35.0,,,1,1,2,1,3
202100051623,2021-02-13 14:50:00,2021,2,13,14,50,17,17197,Avenue du 57e regiment d'infanterie,45.437163,-0.452569,Plein jour,En agglomération,Autre intersection,Normale,Autre collision,6,-1,-1,0,1,1,1,9,8,-1,,2,1,0,0,1,40.0,,,,1,2,9,1,6
202100051624,2021-02-13 16:00:00,2021,2,13,16,0,30,30002,D6110,43.966195,4.098115,Plein jour,Hors agglomération,Hors intersection,Temps couvert,Sans collision,3,2,2,0,1,2,1,0,3,80,,1,0,0,1,0,25.0,,,,1,1,1,8,7
202100051625,2021-02-13 09:01:00,2021,2,13,9,1,30,30036,cd 135,43.740964,4.293036,Plein jour,Hors agglomération,Hors intersection,Normale,Deux véhicules - côté,3,2,2,0,1,1,1,0,1,80,,2,1,0,1,0,24.0,28.0,,,1,1,1,1,3
202100051626,2021-02-14 09:55:00,2021,2,14,9,55,45,45254,D940-PR 14 + 242,47.664882,2.61981,Plein jour,Hors agglomération,Giratoire,Normale,Autre collision,3,1,2,0,2,2,1,0,3,90,,2,0,0,2,0,50.0,,,,1,1,6,1,6
202100051627,2021-02-13 14:55:00,2021,2,13,14,55,34,34063,D13,43.4909705572,3.3461791277,Plein jour,Hors agglomération,Intersection en X,Normale,Deux véhicules - côté,3,2,2,0,1,1,1,0,1,80,,2,1,0,0,1,49.0,63.0,,,1,1,2,1,3
202100051628,2021-02-14 11:45:00,2021,2,14,11,45,06,06097,D17,43.864953,7.096637,Plein jour,En agglomération,Hors intersection,Normale,Autre collision,3,2,2,0,1,1,1,0,8,50,,1,0,1,0,0,37.0,,,,1,2,1,1,6
202100051629,2021-02-14 11:30:00,2021,2,14,11,30,04,04242,RD 4096,43.8959731814,5.8774778229,Plein jour,Hors agglomération,Intersection en T,Normale,Deux véhicules - arrière,3,2,2,0,1,1,1,0,1,80,,2,0,0,0,2,25.0,61.0,,,1,1,3,1,2
202100051630,2021-02-14 03:05:00,2021,2,14,3,5,58,58126,10 Route de Bourges,46.945979,3.093327,Nuit sans éclairage public,Hors agglomération,Hors intersection,Normale,Autre collision,3,2,2,0,1,1,1,0,1,80,,2,1,1,0,0,33.0,,,,3,1,1,1,6
202100051631,2021-02-14 15:10:00,2021,2,14,15,10,03,03248,Foret domaniale de l'assise,46.0371252074,3.8097399473,Plein jour,Hors agglomération,Hors intersection,Normale,Sans collision,9,2,2,0,2,1,7,0,8,-1,,1,0,0,1,0,22.0,,,,1,1,1,1,7
202100051632,2021-02-13 17:20:00,2021,2,13,17,20,74,74243,D34,46.131047,6.071212,Plein jour,Hors agglomération,Hors intersection,Temps couvert,Deux véhicules - frontale,3,2,2,0,1,1,2,0,1,80,,2,1,0,1,0,83.0,25.0,,,1,1,1,8,1
202100051633,2021-02-14 15:20:00,2021,2,14,15,20,60,60370,Rue de Villeneuve,49.251686,2.097166,Plein jour,Hors agglomération,Hors intersection,Normale,Sans collision,3,2,2,0,4,1,1,0,1,80,,1,0,0,0,1,32.0,,,,1,1,1,1,7
202100051634,2021-02-09 07:10:00,2021,2,9,7,10,67,67482,M350,48.59235,7.73673,Crépuscule ou aube,Hors agglomération,Hors intersection,Normale,Autre collision,7,1,2,0,1,2,2,3,1,50,,2,0,0,0,2,38.0,,,,2,1,1,1,6
202100051635,2021-02-13 12:00:00,2021,2,13,12,0,92,92002,AUTOROUTE A86,48.76347,2.30713,Plein jour,Hors agglomération,Hors intersection,Normale,Deux véhicules - arrière,1,3,2,0,1,1,1,1,1,70,,2,1,0,0,1,37.0,56.0,,,1,1,1,1,2
202100051636,2021-02-12 14:50:00,2021,2,12,14,50,94,94021,AUTOROUTE A6A,48.7650247315,2.3429737146,Plein jour,Hors agglomération,Hors intersection,Normale,Trois véhicules et plus - en chaîne,1,1,3,0,1,2,1,0,1,90,,4,2,0,0,2,64.0,60.0,,,1,1,1,1,4
202100051637,2021-02-13 15:35:00,2021,2,13,15,35,92,92036,A86,48.9354016608,2.2654496814,Plein jour,Hors agglomération,Hors intersection,Normale,Deux véhicules - arrière,1,3,4,0,1,1,1,0,2,90,,2,1,0,0,1,23.0,40.0,,,1,1,1,1,2
202100051638,2021-02-13 16:15:00,2021,2,13,16,15,93,93013,AUTOROUTE A1,48.93875,2.41626,Plein jour,Hors agglomération,Hors intersection,Normale,Trois véhicules et plus - en chaîne,1,3,8,0,1,1,1,0,1,90,,4,3,0,0,1,56.0,33.0,,,1,1,1,1,4
202100051639,2021-02-12 19:30:00,2021,2,12,19,30,93,93010,AUTOROUTE A3,48.90391,2.4715,Nuit sans éclairage public,Hors agglomération,Hors intersection,Normale,Deux véhicules - côté,1,3,8,0,1,1,1,0,1,90,,2,1,0,0,1,53.0,21.0,,,3,1,1,1,3
202100051640,2021-02-12 15:45:00,2021,2,12,15,45,93,93063,A3,48.87885,2.44767,Plein jour,Hors agglomération,Hors intersection,Normale,Trois véhicules et plus - en chaîne,1,3,7,0,1,1,1,1,1,90,,4,3,0,0,1,40.0,60.0,,,1,1,1,1,4
202100051641,2021-02-12 16:20:00,2021,2,12,16,20,974,97411,LECONTE DE LISLE (AVENUE),-20.89304,55.48422,Plein jour,En agglomération,Hors intersection,Normale,Deux véhicules - frontale,4,2,3,3,1,1,1,0,6,50,,2,1,0,0,1,28.0,,,,1,2,1,1,1
202100051642,2021-02-11 05:30:00,2021,2,11,5,30,974,97411,RAMBAUD (LEOPOLD),-20.885864,55.475153,Crépuscule ou aube,En agglomération,Hors intersection,Pluie légère,Autre collision,4,1,2,0,1,1,2,0,1,70,,1,0,0,1,0,32.0,,,,2,2,1,2,6
202100051643,2021-02-12 14:10:00,2021,2,12,14,10,973,97302,MANDELA  (BOULEVARD),4.93994,-52.32667,Plein jour,En agglomération,Intersection en X,Normale,Deux véhicules - côté,3,3,2,0,1,1,1,0,1,30,,2,1,0,0,1,31.0,55.0,,,1,2,2,1,3
202100051644,2021-02-12 21:30:00,2021,2,12,21,30,69,69387,TONY GARNIER (AV),45.7265842479,4.8324276836,Nuit avec éclairage allumé,En agglomération,Hors intersection,Neige / grêle,Deux véhicules - côté,4,3,6,0,1,1,5,0,1,50,,3,0,0,0,3,40.0,21.0,,,5,2,1,4,3
202100051645,2021-02-12 13:15:00,2021,2,12,13,15,69,69383,VICTOR AUGAGNEUR (Q),45.76343,4.84143,Plein jour,En agglomération,Hors intersection,Normale,Deux véhicules - côté,4,1,3,0,1,1,1,0,1,50,,2,1,0,1,0,29.0,23.0,,,1,2,1,1,3
202100051646,2021-02-12 06:00:00,2021,2,12,6,0,972,97209,JULES MONNEROT (RUE),14.60816,-61.06937,Plein jour,En agglomération,Intersection en X,Pluie légère,Autre collision,4,1,2,0,1,1,2,0,1,50,,2,1,0,0,1,62.0,,,,1,2,2,2,6
202100051647,2021-02-12 15:37:00,2021,2,12,15,37,69,69389,JAYR (Q),45.7785391046,4.8079616635,Plein jour,En agglomération,Intersection en T,Normale,Autre collision,4,2,2,1,1,1,1,0,1,50,,2,1,0,0,1,,,,,1,2,3,1,6
202100051648,2021-02-12 16:30:00,2021,2,12,16,30,2B,2B033,ALLEMAND - CIMETIERE,42.66965,9.4383,Plein jour,En agglomération,Hors intersection,Pluie légère,Deux véhicules - côté,4,2,2,0,1,1,2,0,1,50,,3,1,0,0,2,36.0,45.0,,,1,2,1,2,3
202100051649,2021-02-11 09:30:00,2021,2,11,9,30,2B,2B033,COLLE - RUE DU,42.6946,9.45,Plein jour,En agglomération,Intersection en T,Normale,Autre collision,3,2,2,0,2,2,1,0,1,50,,4,1,0,1,2,38.0,35.0,,,1,2,3,1,6
202100051650,2021-02-11 18:30:00,2021,2,11,18,30,971,97113,RN4-ROND POINT SAINT FELIX,16.2093037046,-61.4713811874,Crépuscule ou aube,En agglomération,Hors intersection,Pluie légère,Deux véhicules - côté,2,2,2,0,1,1,2,0,1,50,,2,1,0,1,0,33.0,27.0,,,2,2,1,2,3
202100051651,2021-02-11 08:10:00,2021,2,11,8,10,95,95288,SARCELLES (RUE DE),48.984758,2.363946,Plein jour,En agglomération,Hors intersection,Normale,Deux véhicules - côté,3,2,2,0,1,1,1,0,1,50,,2,1,0,0,1,33.0,26.0,,,1,2,1,1,3
202100051652,2021-01-30 12:45:00,2021,1,30,12,45,95,95555,SERRES (ALLEE DES),48.96901,2.28179,Plein jour,En agglomération,Hors intersection,Normale,Autre collision,4,-1,1,0,1,1,1,0,1,30,,2,1,0,0,1,33.0,,,,1,2,1,1,6
202100051653,2021-02-11 13:35:00,2021,2,11,13,35,91,91549,GABRIEL PERI (AVENUE),48.64728,2.327275,Plein jour,En agglomération,Hors intersection,Normale,Autre collision,4,2,2,0,1,1,1,0,1,30,,2,1,0,0,1,36.0,,,,1,2,1,1,6
202100051654,2021-02-12 15:20:00,2021,2,12,15,20,91,91645,FOCH (BOULEVARD DU MARECHAL),48.74462,2.26735,Plein jour,En agglomération,Hors intersection,Normale,Autre collision,4,2,2,0,1,1,1,0,1,50,,2,1,0,0,1,63.0,,,,1,2,1,1,6
202100051655,2021-02-12 18:20:00,2021,2,12,18,20,91,91479,RUE MAXIMIL ROBESPIERRE,48.70719,2.36319,Nuit avec éclairage non allumé,En agglomération,Giratoire,Normale,Deux véhicules - côté,4,1,1,0,1,2,1,0,1,50,,2,1,0,0,1,34.0,38.0,,,4,2,6,1,3
202100051656,2021-02-12 17:35:00,2021,2,12,17,35,90,90099,PASTEUR (RUE),47.66346,6.84119,Plein jour,En agglomération,Intersection en T,Autre,Deux véhicules - côté,4,1,0,0,1,1,7,0,1,20,,5,4,0,1,0,21.0,32.0,,,1,2,3,9,3
202100051657,2021-02-12 09:35:00,2021,2,12,9,35,90,90010,FRANCE BOULEVARD ANATOLE ),47.64091,6.848,Plein jour,En agglomération,Hors intersection,Normale,Autre collision,3,3,2,0,1,1,1,0,1,50,,1,0,0,0,1,54.0,,,,1,2,1,1,6
202100051658,2021-02-12 12:15:00,2021,2,12,12,15,86,86214,Rocade Sud Est,46.55182,0.32122,Plein jour,Hors agglomération,Hors intersection,Pluie forte,Deux véhicules - arrière,3,4,5,0,1,1,7,0,1,50,,2,1,0,0,1,53.0,21.0,,,1,1,1,3,2
202100051659,2021-02-05 15:00:00,2021,2,5,15,0,30,30351,DE LATTRE DE TASSIGNY (BOULEVARD),43.968422,4.780694,Plein jour,Hors agglomération,Hors intersection,Normale,Deux véhicules - côté,4,2,2,0,1,1,1,0,1,50,,3,1,0,1,1,83.0,16.0,,,1,1,1,1,3
202100051660,2021-02-12 07:15:00,2021,2,12,7,15,83,83137,JOFFRE (BD MARECHAL),43.12365,5.94925,Plein jour,En agglomération,Intersection en T,Normale,Deux véhicules - côté,4,2,2,0,1,1,1,0,1,50,,2,1,0,0,1,43.0,29.0,,,1,2,3,1,3
202100051661,2021-01-14 08:50:00,2021,1,14,8,50,83,83126,STALINGRAD (BD),43.106088,5.867152,Plein jour,En agglomération,Hors intersection,Normale,Autre collision,4,2,2,0,1,1,1,9,1,50,,2,1,0,1,0,57.0,,,,1,2,1,1,6
202100051662,2021-02-09 10:20:00,2021,2,9,10,20,80,80021,CHATEAUDUN (BOULEVARD DE),49.88642,2.27924,Plein jour,En agglomération,Hors intersection,Neige / grêle,Deux véhicules - arrière,4,2,4,0,1,1,5,0,1,50,,2,1,0,0,1,,44.0,,,1,2,1,4,2
202100051663,2021-02-12 08:00:00,2021,2,12,8,0,78,78481,JEAN JAURES (AVENUE),48.897971,2.111372,Plein jour,En agglomération,Hors intersection,Autre,Deux véhicules - côté,3,1,4,0,1,1,1,0,1,50,,2,1,0,0,1,23.0,54.0,,,1,2,1,9,3
202100051664,2021-02-11 16:00:00,2021,2,11,16,0,76,76451,Avenue du Mont aux Malades,49.46354,1.07496,Plein jour,En agglomération,Hors intersection,Normale,Autre collision,4,2,2,3,1,1,1,-1,1,50,,3,1,0,0,2,49.0,,,,1,2,1,1,6
202100051665,2021-02-10 07:55:00,2021,2,10,7,55,74,74118,ZONE (ROUTE DE),46.16926,6.20574,Crépuscule ou aube,Hors agglomération,Hors intersection,Temps couvert,Deux véhicules - arrière,3,1,1,0,1,1,2,0,1,80,,2,1,0,0,1,36.0,31.0,,,2,1,1,8,2
202100051666,2021-02-12 18:10:00,2021,2,12,18,10,69,69266,JEAN JAURES (R),45.7573286474,4.8817920685,Nuit avec éclairage allumé,En agglomération,Hors intersection,Neige / grêle,Deux véhicules - côté,4,2,-1,0,1,1,5,0,1,50,,3,2,0,0,1,27.0,30.0,,,5,2,1,4,3
202100051667,2021-02-11 13:10:00,2021,2,11,13,10,64,64122,JUIN MARECHAL (RUE DU),43.47326,-1.54078,Plein jour,En agglomération,Intersection en T,Normale,Deux véhicules - côté,4,2,2,0,1,1,1,0,1,50,,2,1,0,0,1,16.0,78.0,,,1,2,3,1,3
202100051668,2021-02-11 16:15:00,2021,2,11,16,15,64,64102,HARGOUS (CHEMIN DE),43.50421,-1.46343,Plein jour,En agglomération,Hors intersection,Normale,Autre collision,4,2,2,0,1,1,1,0,1,30,,2,1,0,0,1,83.0,,,,1,2,1,1,6
202100051669,2021-02-11 18:24:00,2021,2,11,18,24,63,63113,JULIEN (AVENUE),45.77382,3.07561,Crépuscule ou aube,En agglomération,Intersection en Y,Normale,Autre collision,4,1,2,0,1,1,1,0,1,50,,2,1,0,0,1,55.0,,,,2,2,4,1,6
202100051670,2021-02-12 11:45:00,2021,2,12,11,45,59,59599,GRAMME (CHAUSSEE),50.73659,3.17068,Plein jour,Hors agglomération,Hors intersection,Temps éblouissant,Deux véhicules - arrière,7,-1,2,0,1,1,1,0,1,50,,2,1,0,0,1,66.0,38.0,,,1,1,1,7,2
202100051671,2021-02-12 07:25:00,2021,2,12,7,25,54,54184,RD 674,48.7081,6.24436,Crépuscule ou aube,En agglomération,Giratoire,Normale,Autre collision,7,2,2,0,1,1,1,0,1,50,,2,1,0,0,1,52.0,,,,2,2,6,1,6
202100051672,2021-02-12 17:31:00,2021,2,12,17,31,51,51454,Avenue Maurice Plongeron Neuv,49.2932037782,4.0135332079,Plein jour,En agglomération,Hors intersection,Normale,Deux véhicules - côté,4,-1,1,0,1,1,1,0,4,50,,2,1,0,0,1,17.0,53.0,,,1,2,1,1,3
202100051673,2021-02-12 10:15:00,2021,2,12,10,15,49,49267,GANDHI,47.46999,-0.51919,Plein jour,En agglomération,Hors intersection,Normale,Sans collision,4,2,2,1,1,1,2,0,5,50,,1,0,0,0,1,17.0,,,,1,2,1,1,7
202100051674,2021-02-11 13:50:00,2021,2,11,13,50,49,49007,ATLANTIQUE  AVENUE DE L',47.4671,-0.5835,Plein jour,Hors agglomération,Hors intersection,Autre,Deux véhicules - arrière,3,2,4,0,1,1,1,0,1,90,,3,2,0,0,1,52.0,67.0,,,1,1,1,9,2
202100051675,2021-02-11 09:45:00,2021,2,11,9,45,44,44184,RD 213,47.28408,-2.296,Plein jour,Hors agglomération,Hors intersection,Neige / grêle,Deux véhicules - arrière,3,1,2,0,1,1,5,0,1,90,,3,2,0,0,1,66.0,26.0,,,1,1,1,4,2
202100051676,2021-02-12 09:00:00,2021,2,12,9,0,41,41018,BOUGAINVILLE (RUE),47.59572,1.30049,Plein jour,En agglomération,Hors intersection,Normale,Autre collision,6,-1,0,0,1,1,1,0,1,30,,2,1,0,0,1,47.0,,,,1,2,1,1,6
202100051677,2021-02-12 16:36:00,2021,2,12,16,36,37,37214,REPUBLIQUE (AVENUE DE LA),47.40402948,0.6675481796,Plein jour,En agglomération,Hors intersection,Temps éblouissant,Autre collision,4,2,2,0,1,1,1,0,1,30,,2,1,0,0,1,20.0,,,,1,2,1,7,6
202100051678,2021-02-10 06:50:00,2021,2,10,6,50,34,34172,LIBERTE (AVENUE DE LA),43.61135,3.82871,Nuit avec éclairage allumé,En agglomération,Intersection en X,Normale,Deux véhicules - frontale,4,2,4,0,1,1,1,0,1,50,,2,1,0,1,0,36.0,32.0,,,5,2,2,1,1