accident_id,datetime,annee,mois,jour,heure,minute,departement,commune_insee,adresse,latitude,longitude,luminosite,agglomeration,intersection,meteo,collision,catr,circ,nbv,vosp,prof,plan,surf,infra,situ,vma,nb_vehicules,nb_usagers,nb_indemnes,nb_tues,nb_blesses_hosp,nb_blesses_legers,age_cond_1,age_cond_2,veh_type_cond_1,veh_type_cond_2,lum_code,agg_code,int_code,atm_code,col_code
202100051679,2021-02-12 13:55:00,2021,2,12,13,55,33,33063,Cours d’Alsace et Lorraine,44.837745,-0.571549,Plein jour,En agglomération,Hors intersection,Temps couvert,Deux véhicules - côté,4,1,1,3,1,1,2,4,6,50,,2,1,0,0,1,41.0,34.0,,,1,2,1,8,3
202100051680,2021-02-11 19:50:00,2021,2,11,19,50,33,33069,Avenue Sadi Carnot,44.86386,-0.59035,Nuit avec éclairage allumé,En agglomération,Intersection en X,Temps couvert,Deux véhicules - côté,4,2,2,0,1,1,2,0,1,50,,4,0,0,0,4,44.0,35.0,,,5,2,2,8,3
202100051681,2021-02-10 20:35:00,2021,2,10,20,35,33,33119,Avenue René Cassagne,44.8484,-0.51855,Nuit avec éclairage allumé,En agglomération,Intersection en X,Normale,Deux véhicules - côté,4,3,2,0,2,1,1,9,1,50,,3,2,0,0,1,42.0,28.0,,,5,2,2,1,3
202100051682,2021-02-10 16:30:00,2021,2,10,16,30,33,33063,Cours du Médoc,44.86,-0.56879,Plein jour,En agglomération,Intersection en X,Normale,Autre collision,4,2,2,2,1,1,1,0,1,50,,2,1,0,0,1,40.0,,,,1,2,2,1,6
202100051683,2021-02-12 16:20:00,2021,2,12,16,20,33,33529,,44.476421,-1.235098,Plein jour,Hors agglomération,Hors intersection,Normale,Deux véhicules - arrière,3,2,2,0,1,1,1,0,1,80,,2,1,0,1,0,45.0,71.0,,,1,1,1,1,2
202100051684,2021-02-11 17:35:00,2021,2,11,17,35,31,31555,ALL JULES GUESDE,43.59331,1.44512,Plein jour,En agglomération,Hors intersection,Normale,Deux véhicules - arrière,4,2,2,0,1,1,1,0,1,50,,2,1,0,1,0,39.0,39.0,,,1,2,1,1,2
202100051685,2021-02-11 16:03:00,2021,2,11,16,3,30,30189,ALLENDE SALVADOR (RUE),43.8218,4.3651,Plein jour,En agglomération,Giratoire,Normale,Deux véhicules - arrière,4,2,2,0,1,2,1,0,1,50,,3,1,0,0,2,32.0,,,,1,2,6,1,2
202100051686,2021-02-11 09:30:00,2021,2,11,9,30,30,30007,TRESPEAUX (CHEMIN DE),44.11707,4.10639,Plein jour,En agglomération,Intersection en X,Normale,Trois véhicules et plus - collisions multiples,4,2,2,0,1,1,1,0,1,50,,3,1,0,1,1,51.0,37.0,,,1,2,2,1,5
202100051687,2021-02-11 10:10:00,2021,2,11,10,10,29,29232,D770 - Route de Brest,48.0391,-4.07279,Plein jour,Hors agglomération,Intersection en T,Neige / grêle,Deux véhicules - côté,3,2,2,0,1,1,5,5,1,50,,2,0,0,0,2,34.0,53.0,,,1,1,3,4,3
202100051688,2021-01-25 15:50:00,2021,1,25,15,50,29,29019,Rue de Gouesnou,48.4070275,-4.4677755,Plein jour,En agglomération,Intersection en T,Normale,Autre collision,4,3,2,3,1,1,1,5,6,30,,2,1,0,0,1,40.0,,,,1,2,3,1,6
202100051689,2021-02-11 16:40:00,2021,2,11,16,40,27,27375,PORTE DE L'EAU (PLACE DE LA),49.21588,1.17186,Plein jour,En agglomération,Giratoire,Normale,Sans collision,4,1,1,0,1,2,1,5,1,50,,1,0,0,0,1,16.0,,,,1,2,6,1,7
202100051690,2021-02-09 17:03:00,2021,2,9,17,3,21,21231,GENEVIEVE BIANQUIS (RUE),47.3380085492,5.0471093248,Plein jour,En agglomération,Intersection en X,Normale,Autre collision,4,2,1,0,1,1,1,0,1,30,,3,1,0,0,2,,,,,1,2,2,1,6
202100051691,2021-02-12 13:08:00,2021,2,12,13,8,17,17306,REUTIN (BD FELIX),45.63558,-1.02637,Plein jour,En agglomération,Intersection en X,Normale,Deux véhicules - côté,3,2,2,0,1,1,1,0,1,50,,2,1,0,0,1,68.0,75.0,,,1,2,2,1,3
202100051692,2021-02-12 16:45:00,2021,2,12,16,45,17,17300,09 PK RN237 RE MOULIN JUSTICE,46.16651,-1.12127,Plein jour,En agglomération,Hors intersection,Normale,Trois véhicules et plus - en chaîne,2,3,4,0,1,1,1,0,1,90,,4,3,0,0,1,63.0,20.0,,,1,2,1,1,4
202100051693,2021-02-12 17:37:00,2021,2,12,17,37,14,14167,Avenue des Canadiens,49.20552,-0.308506,Plein jour,En agglomération,Hors intersection,Normale,Deux véhicules - côté,3,2,2,0,1,1,1,0,1,50,,4,2,0,0,2,41.0,31.0,,,1,2,1,1,3
202100051694,2021-02-12 16:55:00,2021,2,12,16,55,14,14118,Boulevard Yves Guillou,49.1785460187,-0.3625917435,Plein jour,En agglomération,Hors intersection,Normale,Deux véhicules - arrière,4,2,0,0,1,1,1,0,1,50,,3,2,0,0,1,54.0,53.0,,,1,2,1,1,2
202100051695,2021-02-10 19:30:00,2021,2,10,19,30,13,13078,RN 268,43.4155925128,4.8028332254,Nuit sans éclairage public,Hors agglomération,Hors intersection,Normale,Deux véhicules - côté,7,3,3,0,2,2,1,0,1,90,,2,1,0,0,1,57.0,40.0,,,3,1,1,1,3
202100051696,2021-02-12 22:20:00,2021,2,12,22,20,13,13210,BONNEFOY (RUE),43.28029,5.40012,Nuit avec éclairage allumé,En agglomération,Hors intersection,Pluie légère,Deux véhicules - côté,4,2,2,0,1,1,2,0,1,50,,2,1,0,0,1,47.0,15.0,,,5,2,1,2,3
202100051697,2021-02-12 19:15:00,2021,2,12,19,15,13,13210,REBOUL (rue),43.2809,5.3979,Nuit avec éclairage allumé,En agglomération,Hors intersection,Pluie légère,Deux véhicules - côté,4,2,2,0,1,1,2,0,1,50,,2,1,0,0,1,32.0,30.0,,,5,2,1,2,3
202100051698,2021-02-12 16:15:00,2021,2,12,16,15,13,13212,24 AVRIL 15 (AVENUE DU),43.307991,5.433949,Plein jour,En agglomération,Hors intersection,Pluie légère,Deux véhicules - arrière,4,2,2,0,2,3,2,0,1,50,,2,1,0,0,1,34.0,54.0,,,1,2,1,2,2
202100051699,2021-02-12 16:00:00,2021,2,12,16,0,13,13204,SAINT JUST (AVENUE DE),43.3130417204,5.4020199977,Plein jour,En agglomération,Hors intersection,Pluie légère,Autre collision,4,2,2,0,1,1,2,0,1,50,,2,1,0,0,1,41.0,,,,1,2,1,2,6
202100051700,2021-02-12 14:00:00,2021,2,12,14,0,13,13211,CARTONNERIE (BOULEVARD DE LA ),43.2921,5.4595,Plein jour,En agglomération,Hors intersection,Pluie légère,Deux véhicules - côté,4,2,2,0,1,1,2,0,1,50,,2,1,0,0,1,28.0,51.0,,,1,2,1,2,3
202100051701,2021-02-12 13:50:00,2021,2,12,13,50,13,13208,HAMBOURG (BOULEVARD),43.2477,5.3924,Plein jour,En agglomération,Autre intersection,Normale,Deux véhicules - côté,4,1,3,0,2,1,1,9,1,50,,2,1,0,1,0,58.0,77.0,,,1,2,9,1,3
202100051702,2021-02-12 19:20:00,2021,2,12,19,20,13,13005,MERMOZ (RUE JEAN),43.2871059968,5.573547553,Nuit avec éclairage allumé,En agglomération,Intersection en X,Pluie légère,Deux véhicules - frontale,7,2,2,0,1,1,2,0,1,30,,2,1,0,0,1,53.0,23.0,,,5,2,2,2,1
202100051703,2021-02-11 17:30:00,2021,2,11,17,30,11,11069,MONTREAL -ROUTE DE -,43.21244,2.26532,Plein jour,Hors agglomération,Intersection en X,Normale,Deux véhicules - côté,3,2,2,0,1,1,1,0,1,80,,2,1,0,1,0,47.0,69.0,,,1,1,2,1,3
202100051704,2021-02-11 09:10:00,2021,2,11,9,10,06,06027,NICE AVENUE DE (RN7),43.659205,7.164091,Plein jour,En agglomération,Hors intersection,Normale,Autre collision,7,2,2,0,1,1,1,0,1,50,,2,0,0,0,2,27.0,,,,1,2,1,1,6
202100051705,2021-02-12 16:10:00,2021,2,12,16,10,75,75120,AVENUE CARTELLIER,48.86475,2.412088,Plein jour,En agglomération,Intersection en Y,Normale,Deux véhicules - arrière,4,1,4,0,1,2,1,0,1,50,,2,1,0,0,1,34.0,54.0,,,1,2,4,1,2
202100051706,2021-02-12 12:56:00,2021,2,12,12,56,75,75119,BOULEVARD DE LA VILLETTE,48.884052,2.368846,Plein jour,En agglomération,Intersection en X,Normale,Deux véhicules - arrière,4,1,0,1,1,2,1,-1,5,50,,2,1,0,0,1,30.0,39.0,,,1,2,2,1,2
202100051707,2021-02-12 13:45:00,2021,2,12,13,45,75,75118,RUE DES POISSONNIERS,48.891185,2.351621,Plein jour,En agglomération,Intersection en X,Normale,Autre collision,4,2,4,3,1,1,1,0,1,50,,2,1,0,0,1,56.0,,,,1,2,2,1,6
202100051708,2021-02-12 09:50:00,2021,2,12,9,50,75,75115,AVENUE DE LA PORTE DE LA PLAINE,48.83084,2.292306,Plein jour,En agglomération,Intersection en X,Normale,Deux véhicules - arrière,4,2,2,1,1,1,1,0,1,50,,2,1,0,0,1,53.0,32.0,,,1,2,2,1,2
202100051709,2021-02-12 10:20:00,2021,2,12,10,20,75,75110,RUE DU FAUBOURG SAINT MARTIN,48.880416,2.364299,Plein jour,En agglomération,Intersection en T,Normale,Deux véhicules - arrière,4,2,2,0,1,1,1,0,1,50,,2,1,0,0,1,,22.0,,,1,2,3,1,2
202100051710,2021-02-12 19:35:00,2021,2,12,19,35,75,75107,BOULEVARD DES INVALIDES,48.8474459323,2.3162430525,Nuit avec éclairage allumé,En agglomération,Intersection en T,Normale,Deux véhicules - arrière,4,-1,4,0,1,1,1,0,1,50,,3,2,0,0,1,47.0,37.0,,,5,2,3,1,2
202100051711,2021-02-11 21:42:00,2021,2,11,21,42,75,75103,RUE DES FRANCS BOURGEOIS,48.856467,2.364308,Nuit avec éclairage allumé,En agglomération,Intersection en X,Normale,Deux véhicules - côté,4,1,1,0,2,1,1,0,1,50,,2,1,0,0,1,26.0,57.0,,,5,2,2,1,3
202100051712,2021-02-12 09:30:00,2021,2,12,9,30,94,94068,Avenue du 11 Novembre,48.8077,2.5096,Plein jour,En agglomération,Hors intersection,Normale,Deux véhicules - côté,4,1,1,0,1,1,1,0,1,30,,2,1,0,0,1,37.0,40.0,,,1,2,1,1,3
202100051713,2021-02-12 15:55:00,2021,2,12,15,55,94,94016,PRESIDENT WILSON (AV DU),48.79285,2.32986,Plein jour,En agglomération,Hors intersection,Normale,Autre collision,3,2,2,0,1,1,1,0,1,50,,2,1,0,0,1,28.0,,,,1,2,1,1,6
202100051714,2021-02-12 18:45:00,2021,2,12,18,45,94,94028,Av du Mal de Lattre de Tassigny,48.7981,2.4558,Nuit avec éclairage allumé,En agglomération,Hors intersection,Normale,Deux véhicules - côté,3,2,4,0,1,1,1,0,1,50,,2,1,0,0,1,33.0,29.0,,,5,2,1,1,3
202100051715,2021-02-12 19:30:00,2021,2,12,19,30,94,94077,PASTEUR (AV),48.73781,2.42266,Nuit avec éclairage allumé,En agglomération,Autre intersection,Normale,Deux véhicules - côté,4,-1,2,0,1,1,1,0,1,50,,2,1,0,0,1,29.0,31.0,,,5,2,9,1,3
202100051716,2021-02-12 18:40:00,2021,2,12,18,40,94,94059,MAURICE BERTEAUX (AV),48.8131755469,2.5669351272,Nuit avec éclairage allumé,En agglomération,Hors intersection,Normale,Deux véhicules - arrière,3,-1,2,0,1,1,1,0,1,50,,2,1,0,0,1,22.0,53.0,,,5,2,1,1,2
202100051717,2021-02-11 12:50:00,2021,2,11,12,50,94,94069,Av du Mal de Lattre de Tassigny,48.824092,2.419919,Plein jour,En agglomération,Intersection en X,Normale,Deux véhicules - côté,3,2,8,0,1,1,1,0,1,50,,2,1,0,0,1,25.0,59.0,,,1,2,2,1,3
202100051718,2021-02-12 17:00:00,2021,2,12,17,0,94,94017,LENINE (PL),48.81194,2.51076,Plein jour,En agglomération,Intersection en T,Normale,Deux véhicules - côté,4,-1,0,0,2,1,1,0,1,50,,2,1,0,0,1,65.0,,,,1,2,3,1,3
202100051719,2021-02-12 16:35:00,2021,2,12,16,35,93,93078,CLEMENCEAU (AVENUE GEORGES),48.95825,2.55838,Plein jour,En agglomération,Autre intersection,Normale,Deux véhicules - côté,3,3,4,0,1,1,1,0,1,50,,3,2,0,0,1,24.0,29.0,,,1,2,9,1,3
202100051720,2021-02-11 13:00:00,2021,2,11,13,0,93,93007,PETRODVORETZ (RUE),48.94941,2.4554,Plein jour,En agglomération,Intersection en T,Normale,Deux véhicules - frontale,3,-1,4,0,1,1,1,0,1,50,,5,2,0,0,3,25.0,40.0,,,1,2,3,1,1
202100051721,2021-02-12 16:25:00,2021,2,12,16,25,93,93039,ORTEBOUT,48.9325024483,2.3388555582,Plein jour,En agglomération,Hors intersection,Normale,Deux véhicules - frontale,4,2,2,0,1,1,1,0,1,50,,2,1,0,0,1,31.0,39.0,,,1,2,1,1,1
202100051722,2021-02-12 10:30:00,2021,2,12,10,30,93,93066,MOULIN JEAN (AVE) NR 10 A 20 ET  13 A 17,48.94133,2.36488,Plein jour,En agglomération,Hors intersection,Normale,Deux véhicules - arrière,4,2,2,2,1,1,1,0,1,50,,2,1,0,0,1,39.0,36.0,,,1,2,1,1,2
202100051723,2021-02-11 13:58:00,2021,2,11,13,58,93,93066,FAURE FELIX (BOULEVARD),48.93868,2.359,Plein jour,En agglomération,Intersection en X,Normale,Deux véhicules - côté,4,1,1,0,1,1,1,0,1,50,,2,1,0,0,1,26.0,38.0,,,1,2,2,1,3
202100051724,2021-02-12 06:20:00,2021,2,12,6,20,93,93064,MONTGOLFIER (RUE J ET E),48.8860742438,2.4840513186,Nuit avec éclairage allumé,En agglomération,Hors intersection,Neige / grêle,Autre collision,4,2,2,2,1,2,7,0,1,50,,2,1,0,0,1,64.0,,,,5,2,1,4,6
202100051725,2021-02-12 13:29:00,2021,2,12,13,29,93,93055,CARTIER BRESSON DU 1/39.2/44,48.89886,2.40728,Plein jour,En agglomération,Intersection en T,Normale,Deux véhicules - côté,3,1,3,1,1,1,1,0,1,50,,2,1,1,0,0,51.0,56.0,,,1,2,3,1,3
202100051726,2021-02-11 11:00:00,2021,2,11,11,0,93,93051,EMILE COSSONNEAU (AVE),48.849369758,2.5668653116,Plein jour,En agglomération,Hors intersection,Normale,Deux véhicules - arrière,3,3,2,0,1,1,1,0,1,50,,2,1,0,0,1,20.0,37.0,,,1,2,1,1,2
202100051727,2021-02-11 21:26:00,2021,2,11,21,26,93,93046,ARISTIDE BRIAND AVENUE,48.91069,2.51298,Nuit avec éclairage allumé,En agglomération,Hors intersection,Normale,Autre collision,3,2,2,0,1,1,1,0,1,50,,2,1,0,1,0,22.0,,,,5,2,1,1,6
202100051728,2021-02-12 13:20:00,2021,2,12,13,20,93,93045,DECROS EUGENE BOULEVARD,48.8831392011,2.4159979448,Plein jour,En agglomération,Hors intersection,Normale,Deux véhicules - côté,3,2,2,0,1,1,1,0,1,30,,2,1,0,0,1,33.0,63.0,,,1,2,1,1,3
202100051729,2021-02-12 14:40:00,2021,2,12,14,40,93,93007,MONTGOLFIER (RUE),48.9532451976,2.4452590229,Plein jour,En agglomération,Hors intersection,Normale,Deux véhicules - côté,4,2,1,0,1,1,1,0,1,50,,3,0,0,0,3,38.0,40.0,,,1,2,1,1,3
202100051730,2021-02-12 16:33:00,2021,2,12,16,33,93,93005,LOUISE MICHEL (RUE),48.93095,2.50492,Plein jour,En agglomération,Hors intersection,Normale,Autre collision,4,-1,2,1,1,1,1,0,1,50,,1,0,0,0,1,60.0,,,,1,2,1,1,6
202100051731,2021-02-12 06:45:00,2021,2,12,6,45,93,93001,LUCIEN LEFRANC (QUAI),48.91236,2.37311,Nuit avec éclairage allumé,En agglomération,Intersection en T,Normale,Autre collision,3,2,3,0,1,1,1,0,1,50,,2,1,0,0,1,56.0,,,,5,2,3,1,6
202100051732,2021-02-12 09:00:00,2021,2,12,9,0,92,92048,VAUGIRARD (ROUTE DE),48.82014,2.23968,Plein jour,En agglomération,Hors intersection,Normale,Sans collision,3,2,2,1,1,1,7,0,5,30,,1,0,0,0,1,53.0,,,,1,2,1,1,7
202100051733,2021-02-13 10:40:00,2021,2,13,10,40,01,01381,D70A,46.035867,5.150042,Plein jour,Hors agglomération,Hors intersection,Autre,Deux véhicules - frontale,3,2,2,0,1,2,7,0,1,80,,6,3,0,0,3,42.0,57.0,,,1,1,1,9,1
202100051734,2021-02-10 15:45:00,2021,2,10,15,45,22,22135,RN 12 PR102+700,48.5656155033,-3.3248398232,Plein jour,Hors agglomération,Hors intersection,Temps couvert,Sans collision,2,3,4,0,1,1,7,0,1,110,,3,0,0,0,3,31.0,,,,1,1,1,8,7
202100051735,2021-02-12 17:43:00,2021,2,12,17,43,74,74026,D1508,45.961234,6.035163,Nuit sans éclairage public,Hors agglomération,Hors intersection,Neige / grêle,Trois véhicules et plus - collisions multiples,3,2,2,0,1,3,5,0,1,80,,4,3,0,1,0,49.0,26.0,,,3,1,1,4,5
202100051736,2021-02-12 21:45:00,2021,2,12,21,45,974,97413,249 Rue du General Lambert,-21.173812,55.287843,Nuit sans éclairage public,En agglomération,Hors intersection,Normale,Deux véhicules - côté,2,2,2,0,1,1,1,0,1,50,,2,1,0,0,1,33.0,16.0,,,3,2,1,1,3
202100051737,2021-02-13 11:05:00,2021,2,13,11,5,08,08479,A34,49.637017,4.564123,Plein jour,Hors agglomération,Hors intersection,Normale,Autre collision,1,2,4,0,1,1,1,0,2,130,,2,1,0,1,0,24.0,,,,1,1,1,1,6
202100051738,2021-02-13 11:06:00,2021,2,13,11,6,48,48005,Autoroute A75 - PK 153+100 - Sens Sud/Nord,44.580656,3.249652,Plein jour,Hors agglomération,Hors intersection,Normale,Deux véhicules - arrière,1,3,4,0,3,1,2,0,1,130,,3,1,1,0,1,50.0,42.0,,,1,1,1,1,2
202100051739,2021-02-11 19:00:00,2021,2,11,19,0,87,87143,42 Rue la Croix des Charriers,45.903814,1.155099,Nuit sans éclairage public,Hors agglomération,Hors intersection,Normale,Autre collision,3,2,2,0,1,1,1,0,8,70,,1,0,0,1,0,20.0,,,,3,1,1,1,6
202100051740,2021-02-13 15:00:00,2021,2,13,15,0,41,41238,La Roncière,47.87657,0.85283,Plein jour,Hors agglomération,Hors intersection,Temps couvert,Autre collision,4,2,1,0,2,3,7,2,3,80,,1,0,1,0,0,85.0,,,,1,1,1,8,6
202100051741,2021-02-12 17:55:00,2021,2,12,17,55,56,56231,Pont de Kerhon,47.691248,-2.665204,Crépuscule ou aube,Hors agglomération,Intersection en X,Normale,Autre collision,3,2,2,0,1,1,1,0,3,80,,5,4,0,1,0,19.0,,,,2,1,2,1,6
202100051742,2021-02-12 19:20:00,2021,2,12,19,20,74,74208,200 Rte de Maffrey,45.932155,6.701252,Nuit sans éclairage public,Hors agglomération,Hors intersection,Neige / grêle,Autre collision,4,2,2,0,2,2,5,0,3,50,,1,0,0,1,0,46.0,,,,3,1,1,4,6
202100051743,2021-02-12 19:20:00,2021,2,12,19,20,12,12026,N88,44.389904,2.795473,Nuit sans éclairage public,Hors agglomération,Hors intersection,Pluie légère,Autre collision,2,2,2,0,1,2,2,0,3,80,,1,0,0,1,0,42.0,,,,3,1,1,2,6
202100051744,2021-02-13 09:30:00,2021,2,13,9,30,44,44188,Rue de Plaisance,47.034716,-1.638401,Plein jour,En agglomération,Hors intersection,Normale,Deux véhicules - côté,3,2,2,0,1,1,1,0,1,50,,2,1,0,1,0,49.0,17.0,,,1,2,1,1,3
202100051745,2021-02-13 16:00:00,2021,2,13,16,0,58,58210,Planchez,47.143073,4.026253,Plein jour,Hors agglomération,Hors intersection,Normale,Autre collision,3,2,2,0,1,1,1,0,1,80,,2,1,1,0,0,60.0,,,,1,1,1,1,6
202100051746,2021-02-12 13:45:00,2021,2,12,13,45,72,72376,"RD 13, PK 53+800",47.877879,0.522744,Plein jour,Hors agglomération,Hors intersection,Normale,Autre collision,3,2,2,0,1,1,5,0,3,80,,1,0,0,1,0,24.0,,,,1,1,1,1,6
202100051747,2021-02-10 11:55:00,2021,2,10,11,55,05,05040,D9b1,44.541051,6.286036,Plein jour,En agglomération,Hors intersection,Normale,Sans collision,2,1,1,0,1,1,2,0,3,50,,1,0,0,0,1,35.0,,,,1,2,1,1,7
202100051748,2021-02-12 16:00:00,2021,2,12,16,0,53,53127,Rue Saint-sauveur,48.437497,-0.495651,Plein jour,En agglomération,Hors intersection,Temps éblouissant,Autre collision,9,2,2,0,1,3,1,5,1,50,,2,1,0,1,0,58.0,,,,1,2,1,7,6
202100051749,2021-02-13 07:00:00,2021,2,13,7,0,24,24396,D35,44.889931,1.018102,Nuit sans éclairage public,Hors agglomération,Hors intersection,Normale,Autre collision,3,2,2,0,2,2,1,0,3,80,,2,0,1,1,0,23.0,,,,3,1,1,1,6
202100051750,2021-02-12 18:55:00,2021,2,12,18,55,24,24521,Adoux,45.258214,0.860968,Nuit sans éclairage public,Hors agglomération,Hors intersection,Temps couvert,Autre collision,2,2,2,0,1,3,2,0,3,80,,1,0,1,0,0,31.0,,,,3,1,1,8,6
202100051751,2021-02-13 17:40:00,2021,2,13,17,40,85,85282,15 Rue de Chantonnay,46.706147,-0.990526,Plein jour,En agglomération,Hors intersection,Normale,Deux véhicules - frontale,3,3,2,0,1,1,1,0,1,50,,2,1,0,0,1,74.0,17.0,,,1,2,1,1,1
202100051752,2021-02-13 17:15:00,2021,2,13,17,15,27,27051,Cote Saint Aubin,49.074119,0.793301,Plein jour,Hors agglomération,Hors intersection,Normale,Autre collision,4,2,2,0,2,1,1,0,3,80,,1,0,1,0,0,16.0,,,,1,1,1,1,6
202100051753,2021-02-13 12:53:00,2021,2,13,12,53,13,13029,D70a,43.577886,5.074155,Plein jour,Hors agglomération,Autre intersection,Normale,Deux véhicules - frontale,7,2,2,0,2,3,1,9,3,50,,1,0,0,1,0,42.0,,,,1,1,9,1,1
202100051754,2021-02-12 00:25:00,2021,2,12,0,25,17,17213,AUTOROUTE A 10 PK 405+700 sens Paris/Bordeaux,46.027631,-0.539714,Nuit sans éclairage public,Hors agglomération,Hors intersection,Temps couvert,Deux véhicules - arrière,1,3,4,0,1,1,2,0,1,130,,3,1,0,2,0,55.0,68.0,,,3,1,1,8,2
202100051755,2021-02-13 03:16:00,2021,2,13,3,16,988,98815,"tribu de la Roche- RM12, sens RAWA-LA ROCHE",-21.48098,168.013793,Nuit sans éclairage public,Hors agglomération,Intersection en T,Normale,Autre collision,4,2,2,0,1,1,1,0,3,90,,1,0,1,0,0,26.0,,,,3,1,3,1,6
202100051756,2021-02-13 09:05:00,2021,2,13,9,5,988,98824,Tribu de Yambé,-20.43028,164.651182,Plein jour,Hors agglomération,Hors intersection,Temps éblouissant,Autre collision,3,2,2,0,4,1,1,0,3,70,,5,1,0,2,2,52.0,,,,1,1,1,7,6
202100051757,2021-02-13 16:30:00,2021,2,13,16,30,974,97408,Chemin Moulin Joli,-20.957794,55.32625,Plein jour,En agglomération,Hors intersection,Normale,Deux véhicules - frontale,4,2,2,0,1,1,1,0,1,50,,2,1,0,1,0,27.0,34.0,,,1,2,1,1,1
202100051758,2021-02-12 15:10:00,2021,2,12,15,10,971,97128,Fonds Thézan,16.217693,-61.418595,Plein jour,Hors agglomération,Hors intersection,Normale,Autre collision,2,2,2,0,1,2,1,0,3,80,,1,0,0,1,0,32.0,,,,1,1,1,1,6
202100051759,2021-02-13 07:15:00,2021,2,13,7,15,2B,2B140,RT 20,42.502731,9.304304,Crépuscule ou aube,Hors agglomération,Hors intersection,Pluie légère,Deux véhicules - frontale,2,2,2,0,2,2,2,0,1,80,,2,1,0,0,1,24.0,24.0,,,2,1,1,2,1
202100051760,2021-02-12 19:00:00,2021,2,12,19,0,71,71439,RN70 PK 5+900,46.4818011122,4.1469568581,Nuit sans éclairage public,Hors agglomération,Hors intersection,Normale,Deux véhicules - arrière,2,3,4,0,1,1,1,0,1,110,,2,1,0,1,0,56.0,26.0,,,3,1,1,1,2
202100051761,2021-02-12 18:45:00,2021,2,12,18,45,63,63263,Route de la Baraque,45.7840653164,3.0437077582,Nuit sans éclairage public,Hors agglomération,Hors intersection,Neige / grêle,Autre collision,7,2,3,0,2,1,7,0,1,80,,3,2,0,1,0,20.0,50.0,,,3,1,1,4,6
202100051762,2021-02-10 07:00:00,2021,2,10,7,0,38,38474,Avenue de Valence,45.22799,5.651663,Nuit sans éclairage public,En agglomération,Hors intersection,Normale,Autre collision,7,2,2,0,1,1,2,9,1,50,,1,0,0,1,0,46.0,,,,3,2,1,1,6
202100051763,2021-02-12 14:00:00,2021,2,12,14,0,38,38382,Route de Grenoble,45.223,5.68883,Plein jour,En agglomération,Hors intersection,Pluie légère,Deux véhicules - côté,7,3,2,1,1,1,2,0,5,50,,2,1,0,0,1,26.0,44.0,,,1,2,1,2,3
202100051764,2021-02-13 03:50:00,2021,2,13,3,50,60,60197,rd 1001,49.239534,2.215199,Nuit sans éclairage public,Hors agglomération,Hors intersection,Normale,Deux véhicules - frontale,3,2,2,0,1,1,1,0,1,80,,5,0,1,2,2,30.0,61.0,,,3,1,1,1,1
202100051765,2021-02-12 16:00:00,2021,2,12,16,0,33,33249,Rocade Rive Droite A630,44.884537,-0.512542,Plein jour,Hors agglomération,Hors intersection,Pluie légère,Deux véhicules - côté,1,3,8,0,2,2,2,3,1,90,,3,1,0,0,2,43.0,73.0,,,1,1,1,2,3
202100051766,2021-02-12 17:50:00,2021,2,12,17,50,91,91136,BRETELLE A10/RN20,48.70986,2.2872,Crépuscule ou aube,Hors agglomération,Hors intersection,Normale,Deux véhicules - arrière,1,-1,1,0,2,3,1,0,1,70,,2,1,0,0,1,25.0,28.0,,,2,1,1,1,2
202100051767,2021-02-12 14:10:00,2021,2,12,14,10,94,94065,AUTOROUTE A86,48.7548646202,2.3465137766,Plein jour,Hors agglomération,Hors intersection,Normale,Deux véhicules - côté,2,3,3,0,1,1,1,0,1,70,,3,2,0,0,1,37.0,62.0,,,1,1,1,1,3
202100051768,2021-02-11 18:30:00,2021,2,11,18,30,93,93007,AUTOROUTE A1,48.95318,2.45403,Nuit sans éclairage public,Hors agglomération,Hors intersection,Normale,Autre collision,1,3,8,0,1,1,1,0,1,110,,2,1,0,0,1,,38.0,,,3,1,1,1,6
202100051769,2021-02-10 21:00:00,2021,2,10,21,0,92,92036,AUTOROUTE A86,48.9386090333,2.3110311142,Nuit sans éclairage public,Hors agglomération,Hors intersection,Normale,Deux véhicules - côté,1,3,7,0,1,2,1,0,1,90,,2,1,0,0,1,29.0,23.0,,,3,1,1,1,3
202100051770,2021-02-12 16:00:00,2021,2,12,16,0,77,77450,RN104,48.7076627011,2.5986078309,Plein jour,Hors agglomération,Hors intersection,Normale,Deux véhicules - arrière,2,3,4,0,1,1,1,0,1,110,,3,2,0,0,1,44.0,21.0,,,1,1,1,1,2
202100051771,2021-02-06 11:06:00,2021,2,6,11,6,988,98818,RUE TINDALE/RUE JULES GARNIER,-22.28997,166.44204,Plein jour,En agglomération,Intersection en T,Normale,Deux véhicules - côté,4,2,2,0,1,1,1,5,1,50,,2,1,0,0,1,78.0,58.0,,,1,2,3,1,3
202100051772,2021-02-11 16:30:00,2021,2,11,16,30,974,97416,ENTRE DEUX (CHEMIN) CD26,-21.2767446678,55.4662907124,Plein jour,Hors agglomération,Hors intersection,Normale,Autre collision,3,2,2,0,2,1,1,2,1,50,,2,0,0,0,1,,,,,1,1,1,1,6
202100051773,2021-02-11 14:10:00,2021,2,11,14,10,974,97416,ENTRE DEUX (CHEMIN) CD26,-21.30258,55.43151,Plein jour,Hors agglomération,Hors intersection,Temps éblouissant,Trois véhicules et plus - en chaîne,3,2,2,0,1,1,1,0,1,70,,3,2,0,0,1,66.0,23.0,,,1,1,1,7,4