accident_id,datetime,annee,mois,jour,heure,minute,departement,commune_insee,adresse,latitude,longitude,luminosite,agglomeration,intersection,meteo,collision,catr,circ,nbv,vosp,prof,plan,surf,infra,situ,vma,nb_vehicules,nb_usagers,nb_indemnes,nb_tues,nb_blesses_hosp,nb_blesses_legers,age_cond_1,age_cond_2,veh_type_cond_1,veh_type_cond_2,lum_code,agg_code,int_code,atm_code,col_code
202100051774,2021-02-11 05:55:00,2021,2,11,5,55,974,97416,CEDRES(ALLEE DES),-21.3047422062,55.4264330864,Plein jour,Hors agglomération,Autre intersection,Normale,Deux véhicules - côté,4,2,2,0,1,2,1,3,1,30,,2,0,0,0,2,60.0,56.0,,,1,1,9,1,3
202100051775,2021-02-09 14:15:00,2021,2,9,14,15,974,97411,Avenue Stanislas Gimart,-20.896674,55.475298,Plein jour,En agglomération,Intersection en Y,Normale,Trois véhicules et plus - collisions multiples,4,2,2,0,2,2,1,0,1,50,,3,2,0,0,1,44.0,47.0,,,1,2,4,1,5
202100051776,2021-02-11 17:30:00,2021,2,11,17,30,973,97302,MONTABO (ROUTE DE) 2,4.938166087,-52.2991651297,Plein jour,En agglomération,Intersection en T,Pluie forte,Deux véhicules - côté,3,2,2,0,3,1,2,5,1,50,,2,1,0,0,1,43.0,45.0,,,1,2,3,3,3
202100051777,2021-02-11 18:10:00,2021,2,11,18,10,69,69259,LENINE (BD),45.69083,4.86607,Nuit avec éclairage allumé,En agglomération,Intersection à plus de 4 branches,Normale,Deux véhicules - côté,4,2,2,0,1,1,1,0,1,50,,5,4,0,0,1,20.0,,,,5,2,5,1,3
202100051778,2021-02-11 10:25:00,2021,2,11,10,25,69,69383,LACASSAGNE (AV),45.75269,4.8699,Plein jour,En agglomération,Hors intersection,Normale,Autre collision,4,2,3,1,1,1,1,0,1,50,,2,1,0,0,1,53.0,,,,1,2,1,1,6
202100051779,2021-02-08 08:50:00,2021,2,8,8,50,69,69389,SIDOINE APPOLINAIRE (AV),45.7736,4.7952,Plein jour,En agglomération,Intersection en X,Normale,Autre collision,4,2,3,0,1,1,1,0,1,50,,2,1,0,0,1,31.0,,,,1,2,2,1,6
202100051780,2021-02-11 08:15:00,2021,2,11,8,15,95,95268,AV FRANCOIS MITTERRAND,48.973361,2.398149,Plein jour,En agglomération,Hors intersection,Normale,Deux véhicules - côté,3,2,3,0,1,1,7,5,1,50,,3,2,0,0,1,37.0,,,,1,2,1,1,3
202100051781,2021-02-11 14:00:00,2021,2,11,14,0,95,95277,ARSONVAL (RUE D'),48.9888609061,2.4585771561,Plein jour,En agglomération,Hors intersection,Normale,Deux véhicules - arrière,3,2,2,0,2,1,1,0,1,50,,2,1,0,0,1,29.0,36.0,,,1,2,1,1,2
202100051782,2021-02-10 11:35:00,2021,2,10,11,35,91,91223,R.D.20,48.42279,2.13786,Plein jour,Hors agglomération,Hors intersection,Normale,Deux véhicules - côté,3,3,4,0,2,1,7,0,1,90,,5,3,0,0,2,50.0,35.0,,,1,1,1,1,3
202100051783,2021-02-10 08:30:00,2021,2,10,8,30,86,86194,N147,46.600372,0.391743,Plein jour,En agglomération,Hors intersection,Pluie légère,Deux véhicules - arrière,2,3,4,0,2,1,2,0,1,80,,3,2,0,0,1,36.0,51.0,,,1,2,1,2,2
202100051784,2021-02-08 09:09:00,2021,2,8,9,9,84,84087,CARISTIE (RUE),44.137,4.81,Plein jour,En agglomération,Hors intersection,Normale,Autre collision,4,-1,1,0,1,1,1,0,1,30,,2,1,0,1,0,31.0,,,,1,2,1,1,6
202100051785,2021-02-10 16:30:00,2021,2,10,16,30,80,80001,DOULLENS (de),50.1110668648,1.8676230312,Plein jour,En agglomération,Hors intersection,Normale,Autre collision,3,2,1,0,2,1,1,9,1,50,,1,0,0,1,0,21.0,,,,1,2,1,1,6
202100051786,2021-02-10 09:25:00,2021,2,10,9,25,71,71040,RN 70 (ROUTE EXPRESS),46.6992731746,4.388988735,Plein jour,Hors agglomération,Hors intersection,Normale,Deux véhicules - arrière,2,2,2,0,1,1,1,0,1,70,,2,1,0,0,1,52.0,47.0,,,1,1,1,1,2
202100051787,2021-02-11 15:34:00,2021,2,11,15,34,69,69256,GEORGES DIMITROV                    (AV),45.77678,4.92091,Plein jour,En agglomération,Giratoire,Normale,Deux véhicules - côté,4,-1,2,0,1,1,1,5,1,50,,3,1,0,0,2,33.0,50.0,,,1,2,6,1,3
202100051788,2021-02-11 15:50:00,2021,2,11,15,50,69,69264,GRANGE BLAZET (R),45.97912,4.71866,Plein jour,En agglomération,Hors intersection,Normale,Deux véhicules - côté,4,2,4,0,1,1,1,0,1,50,,2,1,0,0,1,79.0,62.0,,,1,2,1,1,3
202100051789,2021-02-09 08:15:00,2021,2,9,8,15,67,67365,GENERAL LECLERC (RUE DU),48.55143,7.71124,Plein jour,En agglomération,Passage à niveau,Normale,Autre collision,7,2,1,0,1,1,1,4,1,50,,2,1,0,0,1,33.0,,,,1,2,8,1,6
202100051790,2021-02-09 22:50:00,2021,2,9,22,50,66,66136,JARDINS SAINT-JACQUES (CHEMIN DES)(CR18),42.70669,2.92913,Nuit sans éclairage public,Hors agglomération,Hors intersection,Normale,Autre collision,4,2,1,0,1,4,1,0,8,50,,1,0,0,1,0,23.0,,,,3,1,1,1,6
202100051791,2021-02-11 14:15:00,2021,2,11,14,15,64,64445,TOURASSE,43.31108,-0.36191,Plein jour,En agglomération,Hors intersection,Normale,Deux véhicules - côté,4,3,4,0,1,1,1,0,1,50,,2,1,0,0,1,30.0,62.0,,,1,2,1,1,3
202100051792,2021-02-11 08:10:00,2021,2,11,8,10,59,59599,GAMBETTA (BOULEVARD),50.704957,3.160219,Plein jour,En agglomération,Autre intersection,Autre,Autre collision,7,1,2,0,1,1,7,5,1,50,,2,1,1,0,0,45.0,,,,1,2,9,9,6
202100051793,2021-02-11 16:35:00,2021,2,11,16,35,54,54395,SCARPONE (BD DE),48.7051513625,6.1626528203,Plein jour,En agglomération,Hors intersection,Normale,Deux véhicules - côté,4,2,4,3,1,1,1,0,1,50,,3,2,0,0,1,33.0,60.0,,,1,2,1,1,3
202100051794,2021-02-10 15:00:00,2021,2,10,15,0,49,49267,PUITS DES BOIS LIEU DIT,47.47666,-0.46269,Plein jour,En agglomération,Hors intersection,Normale,Sans collision,4,2,2,0,1,1,1,0,8,50,,2,1,0,0,1,40.0,,,,1,2,1,1,7
202100051795,2021-02-11 10:40:00,2021,2,11,10,40,45,45302,224 Ancienne Route de Chartres,47.934091,1.893837,Plein jour,En agglomération,Intersection en X,Normale,Autre collision,4,2,2,0,1,1,1,0,1,50,,2,1,1,0,0,44.0,,,,1,2,2,1,6
202100051796,2021-02-06 15:35:00,2021,2,6,15,35,42,42095,Boulevard Fayol,45.38333,4.30133,Plein jour,En agglomération,Hors intersection,Normale,Deux véhicules - frontale,7,2,2,0,2,1,1,0,1,50,,2,1,0,0,1,20.0,75.0,,,1,2,1,1,1
202100051797,2021-02-10 11:35:00,2021,2,10,11,35,37,37261,POMPIDOU (AVENUE GEORGES),47.3849855656,0.7102822065,Plein jour,En agglomération,Intersection en T,Temps couvert,Deux véhicules - côté,4,2,3,0,1,1,2,0,1,50,,2,1,0,0,1,73.0,37.0,,,1,2,3,8,3
202100051798,2021-02-11 13:50:00,2021,2,11,13,50,35,35238,BRIAND (AVENUE ARISTIDE),48.11018,-1.6631,Plein jour,En agglomération,Hors intersection,Normale,Deux véhicules - arrière,4,1,2,2,1,1,2,0,1,50,,2,1,0,0,1,38.0,20.0,,,1,2,1,1,2
202100051799,2021-02-10 16:30:00,2021,2,10,16,30,35,35238,CUCILLE (AVENUE DE),48.12885,-1.69534,Plein jour,En agglomération,Hors intersection,Neige / grêle,Deux véhicules - frontale,4,2,2,0,1,1,5,0,1,50,,2,0,0,0,2,23.0,20.0,,,1,2,1,4,1
202100051800,2021-01-08 07:58:00,2021,1,8,7,58,33,33281,Avenue de la Libération,44.854314,-0.644404,Nuit avec éclairage allumé,En agglomération,Hors intersection,Normale,Autre collision,4,2,2,0,1,1,1,0,1,50,,2,0,0,0,2,43.0,,,,5,2,1,1,6
202100051801,2021-02-11 07:10:00,2021,2,11,7,10,29,29051,D15 - Route de Coray,48.02437,-3.98001,Nuit sans éclairage public,Hors agglomération,Intersection en T,Temps couvert,Deux véhicules - arrière,3,2,2,0,3,3,1,5,1,80,,3,1,0,0,2,48.0,52.0,,,3,1,3,8,2
202100051802,2021-02-10 06:30:00,2021,2,10,6,30,28,28229,RN 1154,48.45054,1.44365,Nuit sans éclairage public,Hors agglomération,Hors intersection,Neige / grêle,Deux véhicules - frontale,2,2,2,0,1,1,5,0,1,80,,2,1,0,1,0,51.0,50.0,,,3,1,1,4,1
202100051803,2021-02-11 23:30:00,2021,2,11,23,30,25,25056,N57 MONTBOUCONS,47.26282,6.005745,Nuit sans éclairage public,Hors agglomération,Hors intersection,Autre,Autre collision,2,3,4,0,2,3,7,0,3,90,,1,0,0,0,1,23.0,,,,3,1,1,9,6
202100051804,2021-02-11 21:45:00,2021,2,11,21,45,17,17300,DENFERT-ROCHEREAU   AVENUE (59),46.16557,-1.18835,Nuit avec éclairage non allumé,En agglomération,Giratoire,Normale,Deux véhicules - arrière,4,2,2,0,1,1,1,0,1,50,,2,1,0,0,1,,48.0,,,4,2,6,1,2
202100051805,2021-02-11 17:30:00,2021,2,11,17,30,14,14243,Avenue Charles Houssaye,49.3969,0.21247,Crépuscule ou aube,En agglomération,Hors intersection,Normale,Deux véhicules - arrière,3,3,2,0,1,1,1,0,1,50,,2,1,0,0,1,30.0,45.0,,,2,2,1,1,2
202100051806,2021-02-10 15:30:00,2021,2,10,15,30,13,13056,ELUARD BOULEVARD PAUL,43.42242,5.05467,Plein jour,En agglomération,Hors intersection,Normale,Deux véhicules - côté,4,2,2,0,2,1,1,0,1,50,,2,1,0,0,1,75.0,,,,1,2,1,1,3
202100051807,2021-02-11 16:45:00,2021,2,11,16,45,13,13201,ESPERANDIEU (RUE),43.30459,5.39223,Plein jour,En agglomération,Intersection en T,Normale,Deux véhicules - côté,4,1,1,0,2,1,1,0,1,50,,3,2,0,1,0,17.0,60.0,,,1,2,3,1,3
202100051808,2021-02-11 13:30:00,2021,2,11,13,30,13,13210,CAPELETTE (AVENUE DE LA),43.2811,5.4059,Plein jour,En agglomération,Hors intersection,Normale,Autre collision,4,-1,2,0,1,1,1,0,1,50,,2,1,0,0,1,50.0,,,,1,2,1,1,6
202100051809,2021-02-11 09:25:00,2021,2,11,9,25,13,13201,JEAN DE BERNARDY (RUE),43.3027913828,5.3896565314,Plein jour,En agglomération,Hors intersection,Normale,Deux véhicules - côté,4,-1,1,0,1,1,1,0,1,50,,2,1,0,0,1,26.0,,,,1,2,1,1,3
202100051810,2021-02-11 09:35:00,2021,2,11,9,35,13,13209,MICHELET (BOULEVARD),43.2694093636,5.3930479288,Plein jour,En agglomération,Hors intersection,Normale,Deux véhicules - arrière,4,1,1,0,1,1,1,0,1,50,,2,0,0,0,2,26.0,39.0,,,1,2,1,1,2
202100051811,2021-02-11 08:45:00,2021,2,11,8,45,13,13202,GRAND RUE,43.2977651439,5.3712239878,Plein jour,En agglomération,Hors intersection,Normale,Deux véhicules - arrière,4,2,2,0,1,1,1,0,1,50,,2,1,0,0,1,54.0,61.0,,,1,2,1,1,2
202100051812,2021-02-10 11:50:00,2021,2,10,11,50,13,13201,CANEBIERE    81 A FIN,43.29813,5.38303,Plein jour,En agglomération,Intersection en T,Normale,Autre collision,4,1,1,0,1,1,1,0,1,50,,2,1,0,0,1,,,,,1,2,3,1,6
202100051813,2021-02-11 11:00:00,2021,2,11,11,0,13,13047,D.5,43.478001,4.99655,Plein jour,Hors agglomération,Hors intersection,Normale,Deux véhicules - côté,7,-1,2,0,1,1,1,0,1,80,,2,0,0,1,1,51.0,35.0,,,1,1,1,1,3
202100051814,2021-02-10 17:30:00,2021,2,10,17,30,13,13005,AUBES (ROUTE DES),43.29808,5.57526,Crépuscule ou aube,En agglomération,Hors intersection,Normale,Deux véhicules - frontale,7,2,2,0,1,1,1,9,1,50,,2,1,0,1,0,68.0,,,,2,2,1,1,1
202100051815,2021-02-11 14:10:00,2021,2,11,14,10,13,13001,RN 296,43.5392042717,5.4328078072,Plein jour,Hors agglomération,Hors intersection,Normale,Deux véhicules - arrière,2,2,5,0,2,2,1,0,6,90,,3,1,1,0,1,47.0,41.0,,,1,1,1,1,2
202100051816,2021-02-11 09:45:00,2021,2,11,9,45,13,13001,REPUBLIQUE (BD DE LA),43.5273,5.4431,Plein jour,En agglomération,Hors intersection,Normale,Deux véhicules - arrière,4,2,4,0,1,1,1,0,1,50,,2,1,0,0,1,19.0,69.0,,,1,2,1,1,2
202100051817,2021-02-09 17:44:00,2021,2,9,17,44,11,11069,ALEXANDRO VOLTA -RUE-,43.20465,2.30972,Crépuscule ou aube,En agglomération,Hors intersection,Normale,Deux véhicules - côté,4,2,2,0,1,1,1,0,1,50,,3,1,0,0,2,24.0,67.0,,,2,2,1,1,3
202100051818,2021-02-11 18:40:00,2021,2,11,18,40,75,75120,PORTE DE MONTREUIL,48.856321,2.414137,Nuit avec éclairage allumé,En agglomération,Intersection en Y,Normale,Deux véhicules - arrière,4,1,4,0,1,1,2,0,1,70,,2,1,0,0,1,26.0,28.0,,,5,2,4,1,2
202100051819,2021-02-09 15:30:00,2021,2,9,15,30,75,75119,PORTE DES LILAS,48.878061,2.408447,Plein jour,En agglomération,Hors intersection,Temps couvert,Sans collision,4,1,4,0,1,1,1,1,1,70,,1,0,0,0,1,41.0,,,,1,2,1,8,7
202100051820,2021-02-10 13:50:00,2021,2,10,13,50,75,75117,AVENUE DE VILLIERS,48.882911,2.309033,Plein jour,En agglomération,Place,Normale,Sans collision,4,2,1,1,1,1,5,0,1,30,,1,0,0,0,1,33.0,,,,1,2,7,1,7
202100051821,2021-02-11 12:50:00,2021,2,11,12,50,75,75115,RUE DE LA CROIX NIVERT,48.836491,2.289594,Plein jour,En agglomération,Intersection en T,Normale,Deux véhicules - arrière,4,2,2,0,1,1,1,0,1,50,,2,1,0,0,1,46.0,37.0,,,1,2,3,1,2
202100051822,2021-02-11 09:45:00,2021,2,11,9,45,75,75115,RUE DE JAVEL,48.845134,2.283091,Plein jour,En agglomération,Intersection en T,Normale,Autre collision,4,-1,1,0,1,1,1,0,1,50,,2,1,0,0,1,41.0,,,,1,2,3,1,6
202100051823,2021-02-11 08:45:00,2021,2,11,8,45,75,75115,BOULEVARD LEFEBVRE,48.828647,2.301413,Plein jour,En agglomération,Intersection en X,Normale,Autre collision,4,3,4,0,1,1,1,0,1,50,,2,1,0,0,1,35.0,,,,1,2,2,1,6
202100051824,2021-02-10 10:20:00,2021,2,10,10,20,75,75110,RUE DE SAINT QUENTIN,48.878975,2.355756,Plein jour,En agglomération,Intersection en X,Neige / grêle,Deux véhicules - arrière,4,1,2,0,2,1,5,0,1,50,,2,1,0,0,1,32.0,45.0,,,1,2,2,4,2
202100051825,2021-02-11 10:00:00,2021,2,11,10,0,75,75108,RUE DE SAINT PETERSBOURG,48.879962,2.324144,Plein jour,En agglomération,Intersection en T,Normale,Autre collision,4,-1,2,0,1,1,1,0,1,50,,2,1,0,0,1,53.0,,,,1,2,3,1,6
202100051826,2021-02-11 06:00:00,2021,2,11,6,0,75,75108,PLACE PROSPER GOUBAUX,48.881208,2.316757,Nuit avec éclairage allumé,En agglomération,Place,Autre,Sans collision,4,1,1,0,1,3,7,0,1,50,,1,0,0,0,1,31.0,,,,5,2,7,9,7
202100051827,2021-02-11 12:15:00,2021,2,11,12,15,94,94046,Avenue du Général de Gaulle,48.80814,2.4246,Plein jour,En agglomération,Hors intersection,Normale,Deux véhicules - arrière,3,2,4,0,1,1,2,0,1,50,,2,1,0,0,1,27.0,27.0,,,1,2,1,1,2
202100051828,2021-02-11 17:00:00,2021,2,11,17,0,94,94076,LILAS (ALL DES),48.781811,2.364028,Crépuscule ou aube,En agglomération,Hors intersection,Temps couvert,Deux véhicules - frontale,4,2,2,0,1,1,1,0,1,30,,2,1,0,0,1,44.0,43.0,,,2,2,1,8,1
202100051829,2021-02-11 12:10:00,2021,2,11,12,10,94,94054,DOCTEUR CALMETTE (R DU),48.74723,2.40981,Plein jour,En agglomération,Autre intersection,Normale,Deux véhicules - frontale,4,2,1,0,1,1,1,0,1,50,,2,1,0,0,1,24.0,29.0,,,1,2,9,1,1
202100051830,2021-02-10 16:00:00,2021,2,10,16,0,94,94004,BREVANNES (R DE),48.75015,2.50281,Plein jour,En agglomération,Hors intersection,Normale,Deux véhicules - frontale,3,2,2,0,2,1,7,0,1,50,,4,1,0,0,3,29.0,,,,1,2,1,1,1
202100051831,2021-02-11 17:15:00,2021,2,11,17,15,93,93072,MAXIME GORKI (BOULEVARD) DES N°89 A ...,48.95622,2.38329,Plein jour,En agglomération,Hors intersection,Normale,Autre collision,3,2,2,3,1,1,1,6,1,50,,2,1,0,0,1,20.0,,,,1,2,1,1,6
202100051832,2021-02-11 18:10:00,2021,2,11,18,10,93,93072,ARISTIDE BRIAND (AVENUE) COTE DES N°1A87,48.96206,2.38068,Crépuscule ou aube,En agglomération,Hors intersection,Normale,Deux véhicules - côté,3,2,3,1,1,1,1,0,5,50,,3,2,0,1,0,37.0,37.0,,,2,2,1,1,3
202100051833,2021-02-10 13:39:00,2021,2,10,13,39,93,93053,PARIS (RUE DE),48.9005998192,2.4533046638,Plein jour,En agglomération,Hors intersection,Neige / grêle,Trois véhicules et plus - en chaîne,3,2,2,0,2,1,7,1,1,50,,3,2,0,0,1,33.0,55.0,,,1,2,1,4,4
202100051834,2021-02-11 17:00:00,2021,2,11,17,0,93,93051,MEDERIC (AVENUE),48.8293,2.5701,Plein jour,En agglomération,Hors intersection,Neige / grêle,Trois véhicules et plus - en chaîne,4,2,2,0,1,1,5,0,1,50,,3,2,0,0,1,43.0,52.0,,,1,2,1,4,4
202100051835,2021-02-10 17:40:00,2021,2,10,17,40,93,93050,GASTON NAVAILLE (RUE),48.87088,2.53325,Plein jour,En agglomération,Intersection en T,Normale,Autre collision,4,2,1,0,1,1,1,0,1,50,,2,1,0,1,0,29.0,,,,1,2,3,1,6
202100051836,2021-02-11 16:18:00,2021,2,11,16,18,93,93048,FAIDHERBE (AVENUE),48.8673076708,2.4345566393,Plein jour,En agglomération,Giratoire,Normale,Deux véhicules - arrière,4,1,4,2,2,3,1,0,1,30,,2,1,0,0,1,46.0,67.0,,,1,2,6,1,2
202100051837,2021-02-11 07:28:00,2021,2,11,7,28,92,92036,PIERRE TIMBAUD (RUE) (PAIRS),48.9333662494,2.3005922854,Plein jour,En agglomération,Hors intersection,Normale,Deux véhicules - arrière,3,1,3,0,1,3,1,5,1,50,,2,1,0,0,1,25.0,55.0,,,1,2,1,1,2
202100051838,2021-02-10 16:33:00,2021,2,10,16,33,92,92002,JEAN MONNET (AVENUE),48.74637,2.29649,Plein jour,En agglomération,Hors intersection,Neige / grêle,Autre collision,3,-1,2,0,1,3,7,0,4,50,,1,0,0,1,0,47.0,,,,1,2,1,4,6
202100051839,2021-02-12 07:00:00,2021,2,12,7,0,74,74243,A40,46.135018,6.106682,Nuit avec éclairage allumé,Hors agglomération,Intersection en Y,Normale,Deux véhicules - côté,1,1,2,0,1,1,1,3,1,110,,2,1,0,0,1,22.0,27.0,,,5,1,4,1,3
202100051840,2021-02-12 08:30:00,2021,2,12,8,30,49,49092,Route départementale 65,47.156386,-0.70246,Plein jour,Hors agglomération,Hors intersection,Autre,Deux véhicules - frontale,3,3,2,0,4,4,7,0,1,90,,2,1,0,1,0,27.0,52.0,,,1,1,1,9,1
202100051841,2021-02-12 07:35:00,2021,2,12,7,35,67,67115,Croisement RD 1083 et RD 210,48.313042,7.506269,Crépuscule ou aube,Hors agglomération,Intersection en T,Normale,Deux véhicules - côté,3,2,2,0,1,1,1,0,1,80,,3,1,0,0,2,31.0,46.0,,,2,1,3,1,3
202100051842,2021-02-11 22:05:00,2021,2,11,22,5,22,22020,RN12 PR 08+400,48.294787074,-2.2226200104,Nuit sans éclairage public,Hors agglomération,Hors intersection,Autre,Deux véhicules - arrière,2,3,4,0,1,1,7,0,1,110,,4,1,0,0,3,36.0,22.0,,,3,1,1,9,2
202100051843,2021-02-11 12:00:00,2021,2,11,12,0,33,33108,36 Rue du Champ de Foire,44.852994,-0.047612,Plein jour,En agglomération,Intersection en X,Normale,Deux véhicules - côté,4,2,2,0,1,1,1,0,1,50,,2,1,0,1,0,46.0,19.0,,,1,2,2,1,3
202100051844,2021-02-11 16:50:00,2021,2,11,16,50,32,32459,Au Haut Régé,43.868685,0.391946,Plein jour,En agglomération,Hors intersection,Normale,Autre collision,6,-1,-1,0,1,1,1,0,8,-1,,2,1,0,1,0,73.0,,,,1,2,1,1,6
202100051845,2021-02-11 17:15:00,2021,2,11,17,15,71,71367,route de saint Martin,46.637025,5.299026,Plein jour,Hors agglomération,Intersection en X,Normale,Deux véhicules - arrière,4,2,2,0,2,1,1,0,1,80,,3,2,0,0,1,86.0,20.0,,,1,1,2,1,2
202100051846,2021-02-12 13:00:00,2021,2,12,13,0,26,26115,Route de Montélimar ,44.692917,5.005558,Plein jour,Hors agglomération,Hors intersection,Pluie légère,Trois véhicules et plus - en chaîne,3,2,2,0,1,3,2,0,1,80,,9,3,0,2,4,50.0,35.0,,,1,1,1,2,4
202100051847,2021-02-12 19:45:00,2021,2,12,19,45,64,64538,D933,43.163399,-1.242031,Nuit avec éclairage allumé,En agglomération,Hors intersection,Pluie forte,Deux véhicules - côté,3,2,2,0,2,3,2,0,1,50,,4,3,0,1,0,45.0,51.0,,,5,2,1,3,3
202100051848,2021-02-10 05:45:00,2021,2,10,5,45,73,73065,D1 Av de la Motte Servolex,45.5867597477,5.8838864866,Nuit avec éclairage allumé,En agglomération,Intersection en X,Temps couvert,Deux véhicules - côté,3,2,2,1,1,1,2,5,1,50,,2,1,0,1,0,54.0,23.0,,,5,2,2,8,3
202100051849,2021-02-11 17:50:00,2021,2,11,17,50,21,21362,RD 981,47.233339,4.568295,Crépuscule ou aube,Hors agglomération,Hors intersection,Normale,Deux véhicules - frontale,3,2,2,0,1,1,1,0,1,90,,4,0,1,3,0,54.0,72.0,,,2,1,1,1,1
202100051850,2021-02-12 05:35:00,2021,2,12,5,35,85,85090,Les Echardières,46.79911,-0.86911,Nuit sans éclairage public,Hors agglomération,Hors intersection,Autre,Autre collision,3,-1,2,0,1,3,7,0,1,80,,4,1,0,0,3,43.0,57.0,,,3,1,1,9,6
202100051851,2021-01-13 12:25:00,2021,1,13,12,25,87,87154,avenue du Général De Gaulle,45.899148,0.918345,Plein jour,En agglomération,Intersection en T,Temps couvert,Deux véhicules - côté,4,3,2,0,2,1,2,0,1,-1,,2,1,0,0,1,15.0,60.0,,,1,2,3,8,3
202100051852,2021-02-12 04:30:00,2021,2,12,4,30,30,30123,RN113,43.6998195162,4.1792380661,Nuit sans éclairage public,Hors agglomération,Hors intersection,Normale,Autre collision,2,2,2,0,1,1,1,0,1,80,,2,1,0,0,1,62.0,,,,3,1,1,1,6
202100051853,2021-02-10 16:05:00,2021,2,10,16,5,72,72320,"Autoroute A11, PK 171, vers Paris",48.05396,0.181403,Plein jour,Hors agglomération,Hors intersection,Autre,Autre collision,1,3,3,0,2,1,5,0,1,110,,2,1,0,1,0,52.0,,,,1,1,1,9,6
202100051854,2021-02-11 07:45:00,2021,2,11,7,45,01,01083,Carrefour D17 / D66B / D75,46.098992,4.858671,Plein jour,Hors agglomération,Intersection en X,Normale,Trois véhicules et plus - collisions multiples,3,2,2,0,1,1,1,5,8,80,,3,1,0,0,2,29.0,30.0,,,1,1,2,1,5
202100051855,2021-02-11 11:00:00,2021,2,11,11,0,38,38316,Rue de la République,45.75003,5.17422,Plein jour,En agglomération,Hors intersection,Normale,Autre collision,3,2,2,0,1,1,1,9,1,50,,2,1,1,0,0,50.0,,,,1,2,1,1,6
202100051856,2021-02-12 09:30:00,2021,2,12,9,30,77,77172,D219,48.335841,2.958176,Plein jour,Hors agglomération,Hors intersection,Normale,Sans collision,3,2,2,0,1,1,7,0,3,90,,3,2,0,1,0,27.0,,,,1,1,1,1,7
202100051857,2021-02-12 11:45:00,2021,2,12,11,45,91,91226,Rue des Hetres Pourpres,48.4986,2.204551,Plein jour,Hors agglomération,Hors intersection,Temps couvert,Deux véhicules - frontale,4,2,2,0,2,3,7,0,1,50,,2,1,0,0,1,44.0,36.0,,,1,1,1,8,1
202100051858,2021-02-12 11:00:00,2021,2,12,11,0,2A,2A247,RT 10 - TRINITÉ DE PORTO VECCHIO,41.6230284682,9.285278829,Plein jour,Hors agglomération,Hors intersection,Normale,Deux véhicules - côté,2,2,2,0,2,3,1,0,1,80,,2,1,0,0,1,39.0,39.0,,,1,1,1,1,3
202100051859,2021-02-12 08:10:00,2021,2,12,8,10,66,66108,19 Avenue Jean Jaurés,42.691204,2.699776,Crépuscule ou aube,En agglomération,Hors intersection,Pluie légère,Deux véhicules - côté,3,1,1,0,1,1,2,0,1,50,,2,1,0,1,0,13.0,44.0,,,2,2,1,2,3
202100051860,2021-02-05 15:15:00,2021,2,5,15,15,83,83127,Rue du Lotissement des Cigales,43.290959,5.871474,Plein jour,En agglomération,Hors intersection,Normale,Deux véhicules - frontale,4,2,2,0,1,1,1,0,1,-1,,2,1,0,0,1,23.0,50.0,,,1,2,1,1,1
202100051861,2021-02-11 20:15:00,2021,2,11,20,15,05,05118,Les Vignasses,44.28698,5.82144,Nuit sans éclairage public,Hors agglomération,Hors intersection,Normale,Sans collision,3,2,2,0,1,3,1,0,8,80,,1,0,0,1,0,31.0,,,,3,1,1,1,7
202100051862,2021-02-11 08:00:00,2021,2,11,8,0,13,13018,CD26,43.8548,4.957935,Plein jour,Hors agglomération,Hors intersection,Normale,Sans collision,3,2,2,0,1,1,1,0,1,80,,2,1,0,1,0,22.0,34.0,,,1,1,1,1,7
202100051863,2021-02-10 12:45:00,2021,2,10,12,45,67,67438,Schaeffersheim,48.439351,7.604363,Plein jour,Hors agglomération,Hors intersection,Temps couvert,Trois véhicules et plus - en chaîne,3,2,2,0,1,2,5,0,1,80,,3,1,0,0,2,20.0,61.0,,,1,1,1,8,4
202100051864,2021-02-10 16:05:00,2021,2,10,16,5,38,38317,Route Napoléon,45.12484,5.69263,Plein jour,Hors agglomération,Hors intersection,Pluie légère,Deux véhicules - frontale,2,2,2,0,1,1,2,0,1,80,,3,0,1,0,2,71.0,36.0,,,1,1,1,2,1
202100051865,2021-02-12 07:00:00,2021,2,12,7,0,07,07323,Rue du Moulin de l'Aure,44.897794,4.819216,Nuit avec éclairage allumé,En agglomération,Intersection en T,Normale,Deux véhicules - côté,3,2,2,0,2,1,1,5,1,50,,2,1,0,1,0,78.0,48.0,,,5,2,3,1,3
202100051866,2021-02-10 16:30:00,2021,2,10,16,30,01,01142,1910 route de geneve,45.850729,5.086026,Plein jour,En agglomération,Hors intersection,Temps couvert,Autre collision,3,2,2,0,1,1,1,0,8,50,,1,0,0,0,1,30.0,,,,1,2,1,8,6
202100051867,2021-02-11 09:40:00,2021,2,11,9,40,13,13001,A51-Sens Aix en Provence vers Marseille,43.52342,5.4266,Plein jour,Hors agglomération,Hors intersection,Normale,Autre collision,1,1,3,0,1,1,1,3,1,90,,2,1,0,1,0,91.0,,,,1,1,1,1,6
202100051868,2021-02-11 08:15:00,2021,2,11,8,15,13,13117,A7-Sens Lyon vers Marseille,43.464648,5.234291,Plein jour,Hors agglomération,Hors intersection,Normale,Deux véhicules - arrière,1,-1,1,0,3,1,1,0,1,50,,2,0,0,0,2,43.0,23.0,,,1,1,1,1,2