accident_id,datetime,annee,mois,jour,heure,minute,departement,commune_insee,adresse,latitude,longitude,luminosite,agglomeration,intersection,meteo,collision,catr,circ,nbv,vosp,prof,plan,surf,infra,situ,vma,nb_vehicules,nb_usagers,nb_indemnes,nb_tues,nb_blesses_hosp,nb_blesses_legers,age_cond_1,age_cond_2,veh_type_cond_1,veh_type_cond_2,lum_code,agg_code,int_code,atm_code,col_code
202100051869,2021-02-08 19:20:00,2021,2,8,19,20,59,59507,AUTOROUTE A1,50.6086135117,3.0939382162,Nuit sans éclairage public,Hors agglomération,Hors intersection,Normale,Trois véhicules et plus - collisions multiples,1,3,10,0,1,1,2,0,1,90,,3,2,0,1,0,26.0,26.0,,,3,1,1,1,5
202100051870,2021-02-10 22:56:00,2021,2,10,22,56,91,91553,RN 104,48.63019,2.484,Nuit sans éclairage public,Hors agglomération,Hors intersection,Autre,Deux véhicules - arrière,2,3,6,0,1,1,2,0,1,110,,5,3,0,0,2,20.0,31.0,,,3,1,1,9,2
202100051871,2021-02-11 16:45:00,2021,2,11,16,45,77,77372,A104,48.8799332483,2.6680765807,Plein jour,Hors agglomération,Hors intersection,Normale,Deux véhicules - côté,1,1,3,0,1,1,1,0,1,90,,2,1,0,0,1,35.0,31.0,,,1,1,1,1,3
202100051872,2021-02-10 15:55:00,2021,2,10,15,55,974,97416,RN2 (2),-21.35,55.50441,Plein jour,Hors agglomération,Hors intersection,Normale,Deux véhicules - côté,2,2,2,0,1,1,1,0,1,80,,2,1,0,0,1,33.0,41.0,,,1,1,1,1,3
202100051873,2021-02-09 08:30:00,2021,2,9,8,30,974,97411,Route de la Rivière des Pluies,-20.90109,55.50068,Plein jour,En agglomération,Hors intersection,Normale,Deux véhicules - côté,2,2,2,0,1,1,1,0,1,50,,2,1,0,0,1,36.0,26.0,,,1,2,1,1,3
202100051874,2021-02-10 08:30:00,2021,2,10,8,30,974,97407,VERGES(AVENUE),-20.93993,55.30563,Plein jour,En agglomération,Giratoire,Normale,Deux véhicules - côté,4,2,2,0,1,1,1,0,1,50,,2,1,0,0,1,43.0,51.0,,,1,2,6,1,3
202100051875,2021-02-10 15:55:00,2021,2,10,15,55,973,97302,MADELEINE (ROUTE DE LA),4.91115,-52.32146,Plein jour,En agglomération,Autre intersection,Pluie légère,Deux véhicules - côté,3,2,2,0,1,1,2,9,1,50,,2,1,0,0,1,57.0,30.0,,,1,2,9,2,3
202100051876,2021-02-10 13:25:00,2021,2,10,13,25,973,97302,MADELEINE (ROUTE DE LA),4.93071,-52.32622,Plein jour,En agglomération,Hors intersection,Temps couvert,Deux véhicules - côté,3,2,2,0,1,1,1,9,1,50,,2,1,0,0,1,60.0,42.0,,,1,2,1,8,3
202100051877,2021-02-10 17:50:00,2021,2,10,17,50,972,97213,MORNE PITAULT (ROUTE DE),14.62538,-60.97292,Plein jour,En agglomération,Intersection en T,Normale,Deux véhicules - côté,2,2,2,0,1,1,1,0,1,50,,2,1,0,0,1,20.0,46.0,,,1,2,3,1,3
202100051878,2021-02-09 08:50:00,2021,2,9,8,50,972,97209,GRAND CARAIBE (RUE DU),14.60179,-61.07935,Plein jour,En agglomération,Autre intersection,Pluie légère,Deux véhicules - frontale,4,2,2,0,1,1,2,0,1,50,,2,0,0,1,1,37.0,18.0,,,1,2,9,2,1
202100051879,2021-02-10 10:40:00,2021,2,10,10,40,69,69384,JEROME DULAAR (R),45.7770526927,4.8242824634,Plein jour,En agglomération,Hors intersection,Normale,Autre collision,4,1,1,2,1,1,1,0,1,50,,2,1,0,0,1,28.0,,,,1,2,1,1,6
202100051880,2021-02-09 15:15:00,2021,2,9,15,15,971,97113,RN4 - SECTION RIVIERA,16.21792,-61.48789,Plein jour,Hors agglomération,Hors intersection,Normale,Trois véhicules et plus - collisions multiples,2,-1,2,0,1,1,1,0,1,70,,3,2,0,1,0,30.0,,,,1,1,1,1,5
202100051881,2021-02-08 18:55:00,2021,2,8,18,55,91,91549,PAUL VAILLANT-COUTURIER (AVENUE),48.652148,2.326077,Nuit avec éclairage allumé,En agglomération,Intersection en X,Temps couvert,Deux véhicules - côté,4,2,2,0,1,1,2,0,1,50,,2,1,0,0,1,33.0,21.0,,,5,2,2,8,3
202100051882,2021-02-10 12:55:00,2021,2,10,12,55,91,91479,RTE DE FONTAINEBLEAU,48.72341,2.37044,Plein jour,Hors agglomération,Hors intersection,Normale,Deux véhicules - côté,3,-1,2,0,1,1,2,0,1,70,,2,1,0,0,1,43.0,39.0,,,1,1,1,1,3
202100051883,2021-02-09 16:30:00,2021,2,9,16,30,91,91521,REMY (RUE ALBERT),48.66101,2.40283,Plein jour,En agglomération,Autre intersection,Normale,Deux véhicules - côté,3,2,4,0,1,1,1,0,1,50,,3,1,0,2,0,28.0,19.0,,,1,2,9,1,3
202100051884,2021-02-09 08:02:00,2021,2,9,8,2,87,87085,GIFFARD (RUE HENRI),45.875047,1.266165,Plein jour,En agglomération,Hors intersection,Normale,Deux véhicules - côté,4,2,3,3,1,1,1,0,1,50,,2,1,0,0,1,55.0,55.0,,,1,2,1,1,3
202100051885,2021-02-09 17:45:00,2021,2,9,17,45,86,86194,Rue de Nimegue,46.589832,0.360231,Crépuscule ou aube,En agglomération,Hors intersection,Pluie forte,Autre collision,4,2,3,0,1,1,2,0,1,50,,2,1,0,1,0,52.0,,,,2,2,1,3,6
202100051886,2021-02-10 18:00:00,2021,2,10,18,0,81,81004,DAUDET (ALPHONSE),43.9137530606,2.136236107,Crépuscule ou aube,En agglomération,Hors intersection,Normale,Autre collision,4,2,2,0,1,1,1,0,1,50,,2,1,0,0,1,33.0,,,,2,2,1,1,6
202100051887,2021-02-09 23:00:00,2021,2,9,23,0,81,81257,BLEUE ( RUE ),43.9485141815,2.2056317601,Nuit avec éclairage allumé,En agglomération,Hors intersection,Pluie légère,Autre collision,4,1,1,0,1,3,2,0,4,50,,1,0,0,0,1,57.0,,,,5,2,1,2,6
202100051888,2021-02-10 18:10:00,2021,2,10,18,10,69,69266,PEROU (DU) (R),45.77709,4.87829,Nuit avec éclairage allumé,En agglomération,Hors intersection,Pluie légère,Sans collision,4,1,1,0,1,1,2,0,1,50,,1,0,1,0,0,53.0,,,,5,2,1,2,7
202100051889,2021-02-09 18:00:00,2021,2,9,18,0,67,67482,REMPART (RUE DU),48.588544,7.733164,Nuit avec éclairage allumé,En agglomération,Hors intersection,Temps couvert,Autre collision,4,2,2,0,1,1,2,0,1,50,,1,0,0,0,1,29.0,,,,5,2,1,8,6
202100051890,2021-02-09 17:30:00,2021,2,9,17,30,66,66136,DALBIEZ (AVENUE VICTOR),42.68016,2.88276,Plein jour,En agglomération,Hors intersection,Normale,Deux véhicules - côté,4,2,2,0,1,1,1,0,1,50,,2,1,0,1,0,38.0,54.0,,,1,2,1,1,3
202100051891,2021-02-09 06:55:00,2021,2,9,6,55,66,66136,FRANCE (BOULEVARD ANATOLE),42.69729,2.90381,Nuit avec éclairage allumé,En agglomération,Autre intersection,Normale,Autre collision,4,3,4,0,1,1,1,0,1,50,,2,1,0,1,0,30.0,,,,5,2,9,1,6
202100051892,2021-02-09 07:20:00,2021,2,9,7,20,64,64129,CLAVERIE,43.3,-0.3905,Nuit avec éclairage allumé,En agglomération,Intersection en X,Normale,Deux véhicules - côté,4,2,2,0,1,1,1,9,1,50,,2,0,0,0,2,26.0,33.0,,,5,2,2,1,3
202100051893,2021-02-09 19:01:00,2021,2,9,19,1,63,63113,Paul Diomède (rue),45.78373,3.0767,Nuit avec éclairage allumé,En agglomération,Intersection en X,Normale,Deux véhicules - côté,7,3,-1,-1,1,1,2,0,1,-1,,2,1,0,0,1,36.0,32.0,,,5,2,2,1,3
202100051894,2021-02-05 10:13:00,2021,2,5,10,13,63,63113,CLEMENTEL (BD ETIENNE),45.80964,3.10941,Plein jour,En agglomération,Intersection en X,Normale,Deux véhicules - arrière,7,3,6,0,1,1,1,0,1,50,,3,1,0,0,2,56.0,19.0,,,1,2,2,1,2
202100051895,2021-02-06 20:30:00,2021,2,6,20,30,63,63113,RABANESSE (RUE DE),45.76953,3.0866,Nuit avec éclairage allumé,En agglomération,Hors intersection,Normale,Sans collision,4,1,1,0,1,1,2,0,1,50,,1,0,0,0,1,27.0,,,,5,2,1,1,7
202100051896,2021-02-03 10:50:00,2021,2,3,10,50,63,63113,LEMOY (RUE ROBERT),45.8171111341,3.1112966542,Plein jour,En agglomération,Hors intersection,Normale,Deux véhicules - côté,4,2,2,0,1,1,2,0,1,50,,2,1,0,0,1,82.0,92.0,,,1,2,1,1,3
202100051897,2021-02-02 07:55:00,2021,2,2,7,55,63,63113,BLUM (AVENUE LEON),45.767127443,3.0959578304,Crépuscule ou aube,En agglomération,Hors intersection,Normale,Deux véhicules - côté,4,2,2,2,1,1,2,0,1,50,,2,1,0,0,1,26.0,17.0,,,2,2,1,1,3
202100051898,2021-02-02 17:22:00,2021,2,2,17,22,63,63113,CRISTAL /Lavoisier,45.7590551607,3.1443127441,Plein jour,En agglomération,Intersection en X,Normale,Autre collision,4,3,5,3,1,1,1,0,1,50,,2,1,0,0,1,53.0,,,,1,2,2,1,6
202100051899,2021-02-01 18:10:00,2021,2,1,18,10,63,63019,GAGARINE (RUE YOURI),45.79164,3.16319,Nuit avec éclairage allumé,En agglomération,Hors intersection,Normale,Autre collision,7,2,2,0,1,1,1,0,1,50,,2,1,0,0,1,21.0,,,,5,2,1,1,6
202100051900,2021-02-09 16:25:00,2021,2,9,16,25,59,59043,PHARAON DE WINTER (RUE),50.7343102475,2.7258954942,Plein jour,En agglomération,Hors intersection,Autre,Deux véhicules - arrière,3,2,2,0,2,1,7,0,1,30,,2,1,0,0,1,54.0,57.0,,,1,2,1,9,2
202100051901,2021-02-09 07:55:00,2021,2,9,7,55,49,49246,PYRAMIDE PLACE ET ROUTE,47.45121,-0.52021,Plein jour,En agglomération,Hors intersection,Normale,Autre collision,4,2,2,0,1,1,1,0,1,50,,2,1,0,0,1,75.0,26.0,,,1,2,1,1,6
202100051902,2021-02-10 14:40:00,2021,2,10,14,40,44,44109,QUAI DE MALAKOFF,47.2135267119,-1.5395961618,Plein jour,En agglomération,Giratoire,Normale,Deux véhicules - côté,4,1,1,0,1,1,1,0,1,30,,2,1,0,0,1,51.0,20.0,,,1,2,6,1,3
202100051903,2021-02-10 15:00:00,2021,2,10,15,0,35,35238,TILLON (AVENUE CHARLES),48.12437,-1.70998,Plein jour,En agglomération,Intersection en T,Temps couvert,Trois véhicules et plus - en chaîne,4,1,4,0,1,1,7,0,1,50,,7,5,0,0,2,64.0,30.0,,,1,2,3,8,4
202100051904,2021-02-10 16:00:00,2021,2,10,16,0,33,33063,Rue des Pins Francs,44.861729,-0.623489,Plein jour,En agglomération,Giratoire,Normale,Deux véhicules - côté,4,1,1,0,2,1,1,0,1,50,,3,0,0,0,3,64.0,30.0,,,1,2,6,1,3
202100051905,2021-02-09 19:20:00,2021,2,9,19,20,33,33281,Avenue de la Marne,44.8328,-0.64812,Nuit avec éclairage allumé,En agglomération,Intersection en X,Pluie légère,Deux véhicules - côté,4,2,7,0,1,1,2,8,1,50,,2,1,0,0,1,37.0,36.0,,,5,2,2,2,3
202100051906,2021-02-08 19:00:00,2021,2,8,19,0,31,31555,BD PIERRE ET MARIE CURIE,43.62617,1.43714,Nuit avec éclairage allumé,En agglomération,Intersection en T,Normale,Deux véhicules - côté,7,2,2,0,1,1,1,0,1,50,,2,1,0,0,1,40.0,24.0,,,5,2,3,1,3
202100051907,2021-02-08 14:00:00,2021,2,8,14,0,31,31555,VA007331 A620,43.60917,1.41246,Plein jour,Hors agglomération,Hors intersection,Pluie légère,Deux véhicules - côté,1,3,4,0,1,1,2,0,1,90,,2,1,0,0,1,47.0,55.0,,,1,1,1,2,3
202100051908,2021-02-10 13:45:00,2021,2,10,13,45,29,29151,Avenue de Truro,48.5881,-3.82434,Plein jour,En agglomération,Giratoire,Normale,Deux véhicules - côté,4,1,1,0,1,2,1,5,1,50,,2,1,0,0,1,16.0,61.0,,,1,2,6,1,3
202100051909,2021-02-08 20:10:00,2021,2,8,20,10,25,25056,ALLENDE  BOULEVARD SALVADOR,47.217539,5.967521,Nuit avec éclairage allumé,En agglomération,Giratoire,Pluie légère,Autre collision,4,2,2,0,1,3,2,5,4,50,,1,0,0,0,1,20.0,,,,5,2,6,2,6
202100051910,2021-02-10 12:45:00,2021,2,10,12,45,14,14254,N814,49.147617654,-0.4115152359,Plein jour,Hors agglomération,Hors intersection,Normale,Deux véhicules - arrière,2,3,4,0,1,1,1,3,1,110,,2,1,0,0,1,47.0,64.0,,,1,1,1,1,2
202100051911,2021-02-10 12:15:00,2021,2,10,12,15,13,13206,LIEUTAUD (COURS),43.2884714761,5.3844313216,Plein jour,En agglomération,Hors intersection,Normale,Deux véhicules - frontale,4,2,2,0,1,1,1,0,1,50,,3,1,0,0,2,25.0,31.0,,,1,2,1,1,1
202100051912,2021-02-10 09:30:00,2021,2,10,9,30,13,13208,MICHELET (BOULEVARD),43.262828,5.39675,Plein jour,En agglomération,Autre intersection,Normale,Autre collision,7,2,4,0,1,1,1,0,1,50,,2,0,0,0,2,22.0,,,,1,2,9,1,6
202100051913,2021-02-10 10:45:00,2021,2,10,10,45,13,13047,FELIX GOUIN AVENUE,43.49065,4.98615,Plein jour,En agglomération,Autre intersection,Normale,Deux véhicules - côté,4,2,2,0,1,1,1,0,1,50,,4,3,0,0,1,50.0,30.0,,,1,2,9,1,3
202100051914,2021-02-09 10:25:00,2021,2,9,10,25,13,13005,GARLABAN (AVENUE DU),43.30004,5.57215,Plein jour,En agglomération,Hors intersection,Normale,Autre collision,7,2,2,0,1,1,1,0,1,50,,3,1,1,1,0,64.0,,,,1,2,1,1,6
202100051915,2021-02-01 12:00:00,2021,2,1,12,0,13,13001,PAGNOL MARCEL (AV),43.5256344751,5.4237404272,Plein jour,En agglomération,Hors intersection,Normale,Autre collision,4,2,4,0,1,3,1,9,1,50,,2,1,0,0,1,57.0,,,,1,2,1,1,6
202100051916,2021-02-10 09:21:00,2021,2,10,9,21,10,10081,MARCEL DEFRANCE (RUE),48.30684,4.02756,Crépuscule ou aube,En agglomération,Hors intersection,Neige / grêle,Autre collision,4,2,2,0,1,2,5,0,1,50,,1,0,0,0,1,21.0,,,,2,2,1,4,6
202100051917,2021-02-10 08:20:00,2021,2,10,8,20,07,07281,HUIT MAI (AVENUE DU),44.94654,4.85073,Plein jour,En agglomération,Hors intersection,Temps couvert,Deux véhicules - arrière,3,3,2,0,1,1,2,0,1,50,,2,1,0,0,1,38.0,22.0,,,1,2,1,8,2
202100051918,2021-02-10 10:20:00,2021,2,10,10,20,06,06027,ALPES AVENUE DES,43.66855,7.12619,Plein jour,En agglomération,Hors intersection,Normale,Autre collision,7,1,4,0,1,1,1,9,1,50,,2,1,0,1,0,24.0,,,,1,2,1,1,6
202100051919,2021-02-09 14:30:00,2021,2,9,14,30,05,05061,VEYNES ( AVENUE DE  ),44.557894,6.068714,Plein jour,En agglomération,Giratoire,Normale,Deux véhicules - côté,3,2,3,0,2,1,1,5,1,50,,2,1,0,0,1,70.0,63.0,,,1,2,6,1,3
202100051920,2021-02-09 16:50:00,2021,2,9,16,50,75,75120,RUE DE BAGNOLET,48.8635849332,2.407534761,Plein jour,En agglomération,Hors intersection,Normale,Autre collision,4,2,2,0,1,1,1,0,1,50,,2,1,0,1,0,64.0,,,,1,2,1,1,6
202100051921,2021-02-10 14:10:00,2021,2,10,14,10,75,75106,RUE DU VIEUX COLOMBIER,48.851362,2.332049,Plein jour,En agglomération,Intersection en X,Neige / grêle,Deux véhicules - arrière,4,2,3,0,1,1,5,0,1,50,,3,2,0,0,1,49.0,48.0,,,1,2,2,4,2
202100051922,2021-02-10 10:50:00,2021,2,10,10,50,75,75117,ECHANGEUR ASNIERES,48.892466,2.301328,Plein jour,En agglomération,Intersection en Y,Normale,Deux véhicules - côté,4,1,2,0,2,1,5,0,1,50,,2,1,0,0,1,28.0,35.0,,,1,2,4,1,3
202100051923,2021-02-10 07:30:00,2021,2,10,7,30,75,75117,BOULEVARD PERIPHERIQUE EXTERIEUR OUEST,48.893308,2.30336,Crépuscule ou aube,En agglomération,Intersection en Y,Neige / grêle,Sans collision,4,1,4,0,1,1,5,0,1,70,,1,0,0,0,1,40.0,,,,2,2,4,4,7
202100051924,2021-02-09 20:05:00,2021,2,9,20,5,75,75115,RUE DES MORILLONS,48.832803,2.300495,Nuit avec éclairage non allumé,En agglomération,Intersection en Y,Normale,Deux véhicules - frontale,4,2,2,0,1,1,1,0,1,50,,2,1,0,1,0,62.0,37.0,,,4,2,4,1,1
202100051925,2021-02-10 09:42:00,2021,2,10,9,42,75,75114,RUE DU MOULIN VERT,48.83133,2.319841,Plein jour,En agglomération,Intersection en X,Neige / grêle,Sans collision,4,1,1,0,1,1,5,0,1,30,,1,0,0,0,1,27.0,,,,1,2,2,4,7
202100051926,2021-02-10 07:03:00,2021,2,10,7,3,75,75112,RUE BARON LE ROY,48.8352,2.387347,Nuit avec éclairage allumé,En agglomération,Intersection en X,Neige / grêle,Autre collision,4,2,2,0,1,1,5,0,1,50,,1,0,0,0,1,28.0,,,,5,2,2,4,6
202100051927,2021-02-10 12:00:00,2021,2,10,12,0,75,75111,RUE DU FAUBOURG SAINT ANTOINE,48.849886,2.3860341,Plein jour,En agglomération,Hors intersection,Neige / grêle,Deux véhicules - arrière,4,2,4,2,2,1,5,0,1,50,,2,1,0,0,1,38.0,,,,1,2,1,4,2
202100051928,2021-02-10 18:50:00,2021,2,10,18,50,75,75110,RUE DE LA FIDELITE,48.874364,2.355415,Nuit avec éclairage allumé,En agglomération,Intersection en X,Neige / grêle,Deux véhicules - arrière,4,1,2,3,1,1,5,0,1,50,,2,1,0,0,1,31.0,24.0,,,5,2,2,4,2
202100051929,2021-02-10 17:40:00,2021,2,10,17,40,75,75110,RUE SAINT MAUR,48.873399,2.370601,Crépuscule ou aube,En agglomération,Intersection en T,Neige / grêle,Autre collision,4,1,2,1,1,1,5,-1,5,50,,2,1,0,0,1,,,,,2,2,3,4,6
202100051930,2021-02-10 11:57:00,2021,2,10,11,57,75,75108,AVENUE DE MARIGNY,48.870567,2.315887,Plein jour,En agglomération,Hors intersection,Normale,Deux véhicules - arrière,4,2,3,3,1,1,7,0,1,50,,2,1,0,0,1,28.0,43.0,,,1,2,1,1,2
202100051931,2021-02-09 12:50:00,2021,2,9,12,50,94,94067,ALOUETTE (R DE L),48.83825,2.41611,Plein jour,En agglomération,Autre intersection,Temps couvert,Deux véhicules - frontale,4,1,1,0,1,1,1,0,1,50,,2,1,0,0,1,40.0,,,,1,2,9,8,1
202100051932,2021-02-10 15:00:00,2021,2,10,15,0,94,94003,R Division du Gén Leclerc,48.804774,2.338851,Plein jour,En agglomération,Hors intersection,Neige / grêle,Sans collision,3,2,2,0,1,1,5,0,1,50,,1,0,0,0,1,33.0,,,,1,2,1,4,7
202100051933,2021-02-09 17:00:00,2021,2,9,17,0,94,94076,Rue Daniel Féry,48.78404,2.36727,Crépuscule ou aube,En agglomération,Intersection en X,Autre,Deux véhicules - arrière,3,3,2,2,1,1,1,9,5,50,,2,1,0,0,1,30.0,18.0,,,2,2,2,9,2
202100051934,2021-02-09 22:25:00,2021,2,9,22,25,94,94046,Rue Jean Jaurès / Rue de Rome,48.79041,2.43513,Nuit avec éclairage allumé,En agglomération,Intersection en T,Neige / grêle,Deux véhicules - frontale,3,2,4,0,1,1,5,0,1,50,,2,1,0,0,1,34.0,24.0,,,5,2,3,4,1
202100051935,2021-02-10 17:30:00,2021,2,10,17,30,93,93059,EDOUARD VAILLANT (RUE),48.9687950666,2.3626845749,Plein jour,En agglomération,Intersection en T,Normale,Trois véhicules et plus - collisions multiples,4,2,2,0,1,1,7,0,1,50,,6,1,0,0,4,,,,,1,2,3,1,5
202100051936,2021-02-09 18:50:00,2021,2,9,18,50,93,93066,FRANCE ANATOLE (BOULEVARD) NR AUTRES,48.9222364025,2.347062262,Nuit avec éclairage allumé,En agglomération,Hors intersection,Normale,Deux véhicules - arrière,3,1,1,0,3,2,1,0,1,50,,2,1,0,0,1,33.0,39.0,,,5,2,1,1,2
202100051937,2021-02-08 15:10:00,2021,2,8,15,10,93,93066,FRANCE ANATOLE (BOULEVARD) NR 2 A 24,48.9295825308,2.3554795682,Plein jour,En agglomération,Hors intersection,Normale,Autre collision,3,2,4,1,2,1,1,0,1,50,,2,1,0,0,1,38.0,,,,1,2,1,1,6
202100051938,2021-02-10 08:50:00,2021,2,10,8,50,93,93064,BOIS DE NEUILLY (RUE DU),48.8725039623,2.5009614229,Crépuscule ou aube,En agglomération,Hors intersection,Neige / grêle,Trois véhicules et plus - collisions multiples,4,2,2,0,2,1,7,0,1,50,,4,3,0,1,0,22.0,50.0,,,2,2,1,4,5
202100051939,2021-02-10 14:50:00,2021,2,10,14,50,93,93053,ANATOLE FRANCE (RUE),48.8883372155,2.450589627,Plein jour,En agglomération,Intersection en X,Neige / grêle,Deux véhicules - côté,3,3,2,0,1,1,2,0,1,50,,2,1,0,0,1,54.0,44.0,,,1,2,2,4,3
202100051940,2021-02-10 15:10:00,2021,2,10,15,10,93,93048,PRESIDENT WILSON (AVENUE DU),48.854429537,2.4391599298,Plein jour,En agglomération,Hors intersection,Neige / grêle,Autre collision,3,2,2,0,1,1,2,0,1,50,,2,1,0,0,1,62.0,,,,1,2,1,4,6
202100051941,2021-02-10 18:15:00,2021,2,10,18,15,93,93031,ARGENTEUIL (ROUTE D'),48.9593857734,2.2908523892,Crépuscule ou aube,En agglomération,Hors intersection,Normale,Deux véhicules - côté,3,2,2,0,1,1,2,0,1,50,,2,1,0,1,0,30.0,,,,2,2,1,1,3
202100051942,2021-02-09 12:35:00,2021,2,9,12,35,93,93013,JAURES (AVENUE JEAN) DE 28 A 62,48.9317,2.42776,Plein jour,En agglomération,Intersection en T,Temps couvert,Deux véhicules - arrière,3,2,2,0,1,1,1,0,1,50,,2,1,0,0,1,36.0,21.0,,,1,2,3,8,2
202100051943,2021-02-10 18:05:00,2021,2,10,18,5,92,92075,JACQUES JEZEQUEL (AVENUE),48.8199891862,2.2903476655,Crépuscule ou aube,En agglomération,Hors intersection,Autre,Sans collision,4,1,0,0,1,1,7,0,1,30,,2,1,0,0,1,18.0,,,,2,2,1,9,7
202100051944,2021-02-10 07:20:00,2021,2,10,7,20,92,92073,SELLIER (BOULEVARD HENRI),48.86808,2.22478,Crépuscule ou aube,En agglomération,Hors intersection,Neige / grêle,Deux véhicules - arrière,3,1,3,0,1,1,5,0,1,50,,2,1,0,0,1,27.0,47.0,,,2,2,1,4,2
202100051945,2021-02-10 18:15:00,2021,2,10,18,15,92,92050,PONS NOEL RUE,48.9040937696,2.2191306536,Crépuscule ou aube,En agglomération,Intersection en X,Normale,Deux véhicules - côté,3,1,3,0,2,1,2,0,1,50,,2,0,0,0,2,35.0,34.0,,,2,2,2,1,3
202100051946,2021-02-10 21:13:00,2021,2,10,21,13,92,92040,DOCTEUR WUILLIEME (DU),48.8191950586,2.246388942,Nuit avec éclairage allumé,En agglomération,Hors intersection,Neige / grêle,Sans collision,4,1,1,0,1,1,7,0,1,30,,1,0,0,0,1,30.0,,,,5,2,1,4,7
202100051947,2021-02-10 18:45:00,2021,2,10,18,45,17,17109,rue du grand chemin,46.138947,-1.027216,Nuit avec éclairage allumé,En agglomération,Intersection en T,Normale,Deux véhicules - côté,3,2,2,0,1,1,1,0,1,30,,2,1,0,0,1,48.0,28.0,,,5,2,3,1,3
202100051948,2021-02-10 20:10:00,2021,2,10,20,10,06,06161,Route Departementale 6007,43.643824,7.133195,Nuit avec éclairage allumé,Hors agglomération,Hors intersection,Normale,Sans collision,3,1,2,0,2,2,1,0,4,70,,1,0,1,0,0,36.0,,,,5,1,1,1,7
202100051949,2021-02-10 13:30:00,2021,2,10,13,30,84,84116,D938 route de Nyons,44.266892,5.103385,Plein jour,Hors agglomération,Hors intersection,Normale,Deux véhicules - côté,3,2,2,0,1,1,1,0,1,80,,3,2,0,0,1,41.0,40.0,,,1,1,1,1,3
202100051950,2021-02-10 14:50:00,2021,2,10,14,50,26,26138,Autoroute du Soleil,44.397053,4.729292,Plein jour,Hors agglomération,Hors intersection,Normale,Deux véhicules - arrière,1,3,5,0,1,1,1,0,1,130,,3,1,0,1,1,28.0,67.0,,,1,1,1,1,2
202100051951,2021-02-10 19:15:00,2021,2,10,19,15,12,12276,la greze,44.161858,2.332116,Nuit sans éclairage public,Hors agglomération,Hors intersection,Normale,Autre collision,4,2,2,0,1,1,2,0,3,80,,1,0,0,1,0,36.0,,,,3,1,1,1,6
202100051952,2021-02-11 17:15:00,2021,2,11,17,15,44,44185,Avenue Jean Burel (Pont),47.646708,-2.079306,Plein jour,En agglomération,Hors intersection,Pluie légère,Deux véhicules - arrière,3,2,2,0,1,1,2,0,1,50,,5,2,0,0,3,36.0,57.0,,,1,2,1,2,2
202100051953,2021-02-11 07:37:00,2021,2,11,7,37,51,51479,D980,49.203931,3.89081,Crépuscule ou aube,Hors agglomération,Hors intersection,Normale,Deux véhicules - frontale,3,2,2,0,1,1,1,0,1,80,,2,0,0,1,1,38.0,63.0,,,2,1,1,1,1
202100051954,2021-02-11 09:55:00,2021,2,11,9,55,76,76113,199 Rue Saint-martin,49.52133,1.3553,Plein jour,En agglomération,Hors intersection,Normale,Deux véhicules - frontale,3,2,2,0,1,1,1,0,1,50,,2,1,0,0,1,24.0,45.0,,,1,2,1,1,1
202100051955,2021-02-10 07:40:00,2021,2,10,7,40,79,79311,Le Longeais,46.618686,-0.425538,Crépuscule ou aube,Hors agglomération,Intersection en X,Normale,Autre collision,3,2,3,3,1,1,1,5,3,70,,1,0,0,1,0,24.0,,,,2,1,2,1,6
202100051956,2021-02-11 08:30:00,2021,2,11,8,30,2A,2A085,Valle Torta,41.909623,8.859208,Plein jour,Hors agglomération,Hors intersection,Temps couvert,Autre collision,2,2,2,0,1,1,1,0,1,80,,2,0,0,1,1,44.0,37.0,,,1,1,1,8,6
202100051957,2021-01-29 16:15:00,2021,1,29,16,15,81,81277,D903,43.978518,2.217007,Plein jour,Hors agglomération,Hors intersection,Normale,Deux véhicules - côté,3,2,2,0,1,2,1,0,1,80,,2,1,0,1,0,,25.0,,,1,1,1,1,3
202100051958,2021-02-10 15:00:00,2021,2,10,15,0,89,89062,pk 12+189 D8,47.91517,3.827255,Plein jour,Hors agglomération,Hors intersection,Temps couvert,Autre collision,3,2,2,0,2,1,7,0,3,80,,2,1,0,1,0,20.0,,,,1,1,1,8,6
202100051959,2021-02-06 17:40:00,2021,2,6,17,40,61,61483,route departementale 916,48.552193,-0.403501,Crépuscule ou aube,Hors agglomération,Intersection en T,Normale,Deux véhicules - côté,3,2,2,0,1,1,2,0,1,90,,2,1,0,0,1,55.0,22.0,,,2,1,3,1,3
202100051960,2021-02-10 16:00:00,2021,2,10,16,0,44,44003,D763,47.362912,-1.176964,Plein jour,En agglomération,Hors intersection,Normale,Deux véhicules - côté,3,2,2,0,1,1,1,0,1,50,,2,1,0,1,0,50.0,37.0,,,1,2,1,1,3
202100051961,2021-02-08 16:45:00,2021,2,8,16,45,29,29160,D788 - Kergrac'h,48.518637,-4.402878,Plein jour,Hors agglomération,Hors intersection,Normale,Deux véhicules - frontale,3,2,2,0,2,3,1,0,1,80,,3,1,0,0,2,38.0,25.0,,,1,1,1,1,1
202100051962,2021-02-11 17:18:00,2021,2,11,17,18,70,70117,D619,47.64714,6.772792,Plein jour,Hors agglomération,Hors intersection,Normale,Deux véhicules - côté,3,2,3,0,1,1,7,0,3,80,,2,0,0,1,1,57.0,22.0,,,1,1,1,1,3
202100051963,2021-02-11 07:35:00,2021,2,11,7,35,06,06150,Chemin du Serrier 13,43.743208,7.393531,Plein jour,En agglomération,Hors intersection,Normale,Deux véhicules - côté,9,2,2,0,2,2,1,0,1,50,,2,1,0,0,1,17.0,27.0,,,1,2,1,1,3