accident_id,datetime,annee,mois,jour,heure,minute,departement,commune_insee,adresse,latitude,longitude,luminosite,agglomeration,intersection,meteo,collision,catr,circ,nbv,vosp,prof,plan,surf,infra,situ,vma,nb_vehicules,nb_usagers,nb_indemnes,nb_tues,nb_blesses_hosp,nb_blesses_legers,age_cond_1,age_cond_2,veh_type_cond_1,veh_type_cond_2,lum_code,agg_code,int_code,atm_code,col_code
202100051964,2021-02-11 16:30:00,2021,2,11,16,30,18,18052,33 Le Petit Teilleux,46.746106,2.663916,Plein jour,Hors agglomération,Hors intersection,Normale,Autre collision,3,2,2,0,2,3,1,0,3,80,,1,0,1,0,0,74.0,,,,1,1,1,1,6
202100051965,2021-02-11 07:50:00,2021,2,11,7,50,27,27656,Route de la Vallée de la Masse,49.357591,0.481744,Crépuscule ou aube,En agglomération,Intersection en T,Normale,Deux véhicules - côté,3,2,2,0,1,1,1,0,1,70,,2,1,0,0,1,15.0,59.0,,,2,2,3,1,3
202100051966,2021-02-11 15:15:00,2021,2,11,15,15,48,48080,19 Boulevard Charles de Gaulle,44.726385,3.855836,Plein jour,En agglomération,Hors intersection,Temps éblouissant,Autre collision,2,2,2,0,1,1,1,0,1,50,,3,2,0,1,0,39.0,,,,1,2,1,7,6
202100051967,2021-02-10 18:00:00,2021,2,10,18,0,973,97309,Route de Montjoly,4.915395,-52.2751,Crépuscule ou aube,En agglomération,Autre intersection,Normale,Deux véhicules - côté,3,2,2,0,1,1,1,0,1,50,,3,1,0,0,2,29.0,50.0,,,2,2,9,1,3
202100051968,2021-02-06 05:30:00,2021,2,6,5,30,83,83063,Chemin du Debat,43.314285,6.468856,Nuit avec éclairage allumé,En agglomération,Hors intersection,Normale,Autre collision,4,2,2,0,2,1,1,0,3,55,,1,0,0,1,0,35.0,,,,5,2,1,1,6
202100051969,2021-02-10 13:45:00,2021,2,10,13,45,89,89079,D67,47.950156,3.355122,Plein jour,Hors agglomération,Hors intersection,Neige / grêle,Deux véhicules - frontale,3,2,2,0,1,1,7,0,1,-1,,3,0,0,1,2,53.0,63.0,,,1,1,1,4,1
202100051970,2021-02-11 08:25:00,2021,2,11,8,25,03,03219,D2371,46.327001585,2.9030881657,Plein jour,Hors agglomération,Hors intersection,Temps couvert,Autre collision,3,2,3,0,2,2,7,0,3,80,,1,0,0,0,1,23.0,,,,1,1,1,8,6
202100051971,2021-02-10 15:30:00,2021,2,10,15,30,85,85070,D82,46.74023,-1.79177,Plein jour,Hors agglomération,Hors intersection,Normale,Deux véhicules - frontale,3,2,2,0,1,1,1,0,1,80,,2,0,0,0,2,40.0,39.0,,,1,1,1,1,1
202100051972,2021-02-10 15:50:00,2021,2,10,15,50,13,13071,A7-Sens Marseille vers Lyon,43.41043,5.28448,Plein jour,Hors agglomération,Hors intersection,Normale,Deux véhicules - arrière,1,1,2,0,1,1,1,1,1,110,,2,1,0,0,1,40.0,24.0,,,1,1,1,1,2
202100051973,2021-02-10 15:40:00,2021,2,10,15,40,33,33013,Rocade Rive Droite N230,44.84474,-0.50162,Plein jour,Hors agglomération,Hors intersection,Normale,Trois véhicules et plus - en chaîne,2,1,1,0,4,1,1,3,1,50,,4,3,0,0,1,56.0,60.0,,,1,1,1,1,4
202100051974,2021-02-10 12:55:00,2021,2,10,12,55,91,91161,AUTOROUTE A6,48.6948,2.31878,Plein jour,Hors agglomération,Hors intersection,Neige / grêle,Deux véhicules - côté,1,3,6,0,1,1,5,0,1,110,,2,1,0,0,1,44.0,33.0,,,1,1,1,4,3
202100051975,2021-02-10 06:40:00,2021,2,10,6,40,95,95678,RN 184,49.0651,2.21443,Crépuscule ou aube,Hors agglomération,Hors intersection,Neige / grêle,Deux véhicules - côté,2,3,4,0,1,1,5,0,1,90,,2,1,0,0,1,23.0,67.0,,,2,1,1,4,3
202100051976,2021-02-10 06:05:00,2021,2,10,6,5,93,93029,AUTOROUTE A86,48.92587,2.42375,Nuit avec éclairage allumé,Hors agglomération,Hors intersection,Neige / grêle,Deux véhicules - côté,1,3,6,0,1,1,2,2,1,90,,2,1,0,0,1,43.0,36.0,,,5,1,1,4,3
202100051977,2021-02-10 06:00:00,2021,2,10,6,0,92,92036,AUTOROUTE A86,48.93647,2.2897,Nuit sans éclairage public,Hors agglomération,Hors intersection,Neige / grêle,Autre collision,1,3,7,0,2,3,7,0,1,90,,1,0,0,0,1,36.0,,,,3,1,1,4,6
202100051978,2021-02-09 15:15:00,2021,2,9,15,15,95,95572, A15,49.0310371904,2.1215077035,Plein jour,Hors agglomération,Hors intersection,Normale,Deux véhicules - arrière,1,3,9,0,1,1,1,0,1,90,,2,1,0,0,1,27.0,43.0,,,1,1,1,1,2
202100051979,2021-02-09 06:30:00,2021,2,9,6,30,95,95252,A15,48.98732,2.20823,Nuit sans éclairage public,Hors agglomération,Hors intersection,Pluie légère,Autre collision,1,3,8,0,1,1,2,0,1,110,,1,0,0,0,1,32.0,,,,3,1,1,2,6
202100051980,2021-02-09 07:50:00,2021,2,9,7,50,95,95582,RD 170,48.9643180407,2.2684302737,Crépuscule ou aube,Hors agglomération,Hors intersection,Pluie légère,Deux véhicules - arrière,3,3,7,0,1,1,2,0,1,70,,2,1,0,0,1,41.0,23.0,,,2,1,1,2,2
202100051981,2021-02-10 05:15:00,2021,2,10,5,15,94,94073,A86 EXT,48.77196,2.3964,Nuit sans éclairage public,Hors agglomération,Hors intersection,Neige / grêle,Autre collision,1,3,3,0,2,1,5,0,1,90,,1,0,0,0,1,42.0,,,,3,1,1,4,6
202100051982,2021-02-09 16:20:00,2021,2,9,16,20,974,97416,CHAMPCOURT (CHEMIN),-21.28611,55.481,Plein jour,Hors agglomération,Intersection en T,Normale,Autre collision,3,2,2,0,2,1,1,0,1,50,,3,2,0,0,1,38.0,,,,1,1,3,1,6
202100051983,2021-02-09 07:30:00,2021,2,9,7,30,974,97416,AUGUSTIN ARCHAMBAUD(RUE),-21.3325605604,55.4795730114,Plein jour,En agglomération,Giratoire,Normale,Autre collision,4,2,2,0,2,1,1,5,1,30,,2,1,0,0,1,51.0,18.0,,,1,2,6,1,6
202100051984,2021-02-09 10:40:00,2021,2,9,10,40,974,97411,Boulevard Gaston Monnerville,-20.8968,55.4473,Plein jour,En agglomération,Hors intersection,Normale,Deux véhicules - arrière,4,2,2,0,4,2,1,0,4,50,,2,1,0,0,1,62.0,,,,1,2,1,1,2
202100051985,2021-02-09 17:45:00,2021,2,9,17,45,973,97302,BADUEL (ROUTE DE),4.92934,-52.29653,Plein jour,En agglomération,Hors intersection,Normale,Deux véhicules - frontale,3,2,2,0,1,1,1,0,1,50,,2,1,0,0,1,57.0,24.0,,,1,2,1,1,1
202100051986,2021-02-09 18:00:00,2021,2,9,18,0,973,97302,TOUSSAINT LOUVERTURE (rue),4.9259519963,-52.3063158989,Crépuscule ou aube,En agglomération,Hors intersection,Normale,Autre collision,4,2,2,0,1,1,1,9,1,50,,2,1,0,0,1,25.0,,,,2,2,1,1,6
202100051987,2021-02-09 14:45:00,2021,2,9,14,45,973,97302,BADUEL (ROUTE DE),4.9284,-52.29349,Plein jour,En agglomération,Intersection en T,Normale,Deux véhicules - frontale,3,2,2,0,1,1,1,0,1,50,,5,3,0,0,2,63.0,26.0,,,1,2,3,1,1
202100051988,2021-02-09 17:50:00,2021,2,9,17,50,69,69388,BERTHELOT                           (AV),45.73953,4.85941,Nuit avec éclairage allumé,En agglomération,Hors intersection,Normale,Deux véhicules - côté,4,1,3,0,1,1,1,0,1,50,,2,1,0,0,1,23.0,30.0,,,5,2,1,1,3
202100051989,2021-02-09 18:00:00,2021,2,9,18,0,972,97213,ROUTE DEPARTEMENTALE 15 A,14.61047,-61.00324,Nuit avec éclairage non allumé,En agglomération,Hors intersection,Normale,Deux véhicules - arrière,3,2,2,0,1,1,1,0,1,50,,2,0,0,0,2,39.0,43.0,,,4,2,1,1,2
202100051990,2021-02-09 17:00:00,2021,2,9,17,0,972,97213,ROUTE NATIONALE 1,14.62305,-60.98891,Plein jour,En agglomération,Giratoire,Normale,Deux véhicules - côté,2,2,4,0,1,1,1,0,1,50,,2,1,0,0,1,76.0,32.0,,,1,2,6,1,3
202100051991,2021-02-10 00:50:00,2021,2,10,0,50,69,69142,FONTANIERES (DE) (CHM),45.7257749555,4.811569494,Nuit avec éclairage allumé,En agglomération,Intersection en X,Pluie légère,Deux véhicules - côté,4,2,2,0,2,1,2,0,1,50,,3,2,0,0,1,,21.0,,,5,2,2,2,3
202100051992,2021-01-27 15:50:00,2021,1,27,15,50,69,69382,DOCTEUR GAILLETON (DU) (Q),45.7567496881,4.8363500834,Plein jour,En agglomération,Autre intersection,Normale,Deux véhicules - côté,4,1,2,0,1,1,1,0,1,50,,2,1,0,0,1,18.0,24.0,,,1,2,9,1,3
202100051993,2021-02-04 12:15:00,2021,2,4,12,15,971,97105,BOLOGNE (ROUTE DE),16.00567,-61.73374,Plein jour,Hors agglomération,Hors intersection,Normale,Autre collision,3,2,2,0,1,1,1,0,1,50,,1,0,0,0,1,31.0,,,,1,1,1,1,6
202100051994,2021-02-09 18:45:00,2021,2,9,18,45,91,91434,CORBEIL (ROUTE DE),48.65713,2.33921,Crépuscule ou aube,En agglomération,Intersection en X,Normale,Deux véhicules - frontale,3,4,2,0,1,1,1,0,1,50,,2,1,0,0,1,50.0,29.0,,,2,2,2,1,1
202100051995,2021-02-09 16:00:00,2021,2,9,16,0,91,91479,RTE DE FONTAINEBLEAU,48.71982,2.37096,Plein jour,Hors agglomération,Hors intersection,Normale,Deux véhicules - arrière,3,1,2,0,1,1,1,1,1,70,,2,1,0,0,1,71.0,38.0,,,1,1,1,1,2
202100051996,2021-02-08 17:15:00,2021,2,8,17,15,90,90010,KLEBER (RUE),47.6392382884,6.8560691178,Crépuscule ou aube,En agglomération,Hors intersection,Temps couvert,Sans collision,4,1,1,0,1,1,2,0,1,50,,2,1,0,1,0,37.0,,,,2,2,1,8,7
202100051997,2021-02-08 15:10:00,2021,2,8,15,10,85,85194,PINS (ROUTE DES),46.54218,-1.79751,Plein jour,En agglomération,Hors intersection,Normale,Autre collision,3,2,2,0,1,1,1,2,3,50,,1,0,1,0,0,85.0,,,,1,2,1,1,6
202100051998,2021-02-09 16:30:00,2021,2,9,16,30,83,83144,SAINTE CECILE (AVE DE),43.14333,5.98271,Plein jour,En agglomération,Hors intersection,Normale,Deux véhicules - arrière,4,3,2,0,2,1,1,0,1,50,,3,2,0,0,1,58.0,44.0,,,1,2,1,1,2
202100051999,2021-02-07 21:35:00,2021,2,7,21,35,80,80021,PARACLET (RUE DU),49.88457,2.314,Nuit avec éclairage allumé,En agglomération,Hors intersection,Pluie légère,Autre collision,4,1,1,0,1,1,2,0,1,50,,1,0,0,0,1,36.0,,,,5,2,1,2,6
202100052000,2021-02-07 05:30:00,2021,2,7,5,30,80,80256,LOUIS PASTEUR (AVENUE),49.915,2.2313,Nuit avec éclairage allumé,En agglomération,Hors intersection,Pluie légère,Autre collision,3,2,2,0,1,1,2,0,1,50,,3,1,0,0,2,,,,,5,2,1,2,6
202100052001,2021-02-08 19:08:00,2021,2,8,19,8,76,76157,QUEVILLON. ROUTE DE,49.4381035853,0.9994654774,Nuit sans éclairage public,Hors agglomération,Hors intersection,Normale,Deux véhicules - frontale,7,2,2,0,1,1,1,0,1,80,,3,1,0,0,2,58.0,49.0,,,3,1,1,1,1
202100052002,2021-02-08 14:05:00,2021,2,8,14,5,71,71270,NEUF CLES (BOULEVARD DES),46.31137,4.8205,Plein jour,En agglomération,Hors intersection,Normale,Autre collision,4,2,1,0,4,2,1,0,4,50,,1,0,0,0,1,56.0,,,,1,2,1,1,6
202100052003,2021-01-31 11:20:00,2021,1,31,11,20,70,70550,SAINT LOUP (RUE DE),47.6379,6.16579,Plein jour,En agglomération,Hors intersection,Pluie légère,Autre collision,4,2,2,0,2,1,2,0,1,50,,3,0,0,1,2,61.0,60.0,,,1,2,1,2,6
202100052004,2021-01-22 14:10:00,2021,1,22,14,10,59,59350,SALENGRO ROGER RUE,50.62659,3.11047,Plein jour,En agglomération,Hors intersection,Normale,Deux véhicules - côté,7,2,2,0,1,1,1,0,1,50,,2,1,0,0,1,34.0,27.0,,,1,2,1,1,3
202100052005,2021-02-04 17:20:00,2021,2,4,17,20,59,59227,JAURES JEAN (RUE),50.36418,3.30029,Crépuscule ou aube,En agglomération,Hors intersection,Normale,Deux véhicules - côté,3,2,2,0,1,1,2,0,1,50,,2,1,0,1,0,37.0,27.0,,,2,2,1,1,3
202100052006,2021-02-03 16:20:00,2021,2,3,16,20,58,58194,VAUZELLES,47.0022,3.1526,Plein jour,En agglomération,Hors intersection,Normale,Deux véhicules - arrière,4,2,2,0,1,1,1,0,1,50,,2,0,0,0,2,42.0,46.0,,,1,2,1,1,2
202100052007,2021-02-08 14:40:00,2021,2,8,14,40,56,56260,VERDUN(AVENUE DE),47.66249,-2.73931,Plein jour,En agglomération,Hors intersection,Normale,Deux véhicules - arrière,4,2,2,0,2,2,1,0,1,50,,2,1,0,0,1,24.0,69.0,,,1,2,1,1,2
202100052008,2021-02-09 07:45:00,2021,2,9,7,45,54,54395,LOBAU (BOULEVARD),48.6835345362,6.1967984752,Plein jour,En agglomération,Hors intersection,Normale,Trois véhicules et plus - collisions multiples,4,2,4,0,1,1,1,0,1,50,,4,3,0,0,1,27.0,50.0,,,1,2,1,1,5
202100052009,2021-02-07 16:15:00,2021,2,7,16,15,54,54547,PERI (RUE GABRIEL),48.6661360586,6.1762541509,Plein jour,En agglomération,Hors intersection,Normale,Autre collision,7,3,2,0,1,1,1,-1,1,30,,1,0,0,0,1,19.0,,,,1,2,1,1,6
202100052010,2021-02-09 17:20:00,2021,2,9,17,20,51,51454,Avenue d’Epernay,49.2368645961,4.0138556044,Crépuscule ou aube,En agglomération,Intersection en X,Normale,Autre collision,4,2,2,0,1,1,1,0,1,50,,3,2,0,0,1,31.0,53.0,,,2,2,2,1,6
202100052011,2021-02-09 14:00:00,2021,2,9,14,0,45,45234,Avenue Dauphine,47.8910454662,1.9047794474,Plein jour,En agglomération,Hors intersection,Normale,Deux véhicules - arrière,4,-1,2,0,1,1,1,0,1,50,,2,1,0,1,0,16.0,21.0,,,1,2,1,1,2
202100052012,2021-02-06 10:16:00,2021,2,6,10,16,40,40192,DELAMARRE (BD),43.8899,-0.49687,Plein jour,En agglomération,Intersection en T,Normale,Deux véhicules - côté,4,2,2,0,1,1,1,0,1,50,,2,1,0,0,1,47.0,,,,1,2,3,1,3
202100052013,2021-02-09 09:38:00,2021,2,9,9,38,38,38544,GENERAL LECLERC(AV),45.50838,4.86004,Plein jour,En agglomération,Hors intersection,Normale,Deux véhicules - côté,4,2,2,1,1,1,1,0,1,50,,2,1,0,0,1,32.0,38.0,,,1,2,1,1,3
202100052014,2021-02-09 14:00:00,2021,2,9,14,0,35,35238,PRE BOTTE (DU),48.1093593328,-1.6792274524,Plein jour,En agglomération,Intersection en T,Temps couvert,Autre collision,4,1,1,0,1,1,1,6,1,50,,2,1,0,1,0,41.0,,,,1,2,3,8,6
202100052015,2021-02-09 15:00:00,2021,2,9,15,0,33,33281,Avenue du Truc,44.84929,-0.6545,Plein jour,En agglomération,Intersection en T,Pluie forte,Deux véhicules - côté,4,2,2,2,1,1,2,0,5,50,,2,1,0,1,0,82.0,28.0,,,1,2,3,3,3
202100052016,2021-02-08 10:30:00,2021,2,8,10,30,31,31555,AV CRAMPEL,43.58636,1.45731,Plein jour,En agglomération,Hors intersection,Pluie forte,Deux véhicules - côté,4,-1,2,0,1,1,2,0,1,50,,2,1,0,0,1,73.0,37.0,,,1,2,1,3,3
202100052017,2021-02-08 08:25:00,2021,2,8,8,25,31,31069,A621,43.62131,1.39639,Plein jour,Hors agglomération,Hors intersection,Pluie légère,Sans collision,1,-1,6,0,2,1,2,0,1,90,,1,0,0,0,1,33.0,,,,1,1,1,2,7
202100052018,2021-02-06 20:45:00,2021,2,6,20,45,31,31555,AV GEORGES POMPIDOU,43.61263,1.45888,Nuit avec éclairage allumé,En agglomération,Hors intersection,Pluie légère,Sans collision,4,-1,2,0,2,1,2,0,1,50,,2,0,0,0,2,17.0,,,,5,2,1,2,7
202100052019,2021-02-06 11:45:00,2021,2,6,11,45,31,31555,ROND-POINT JOSEPH SAUVEUR,43.57833,1.3939,Plein jour,En agglomération,Hors intersection,Normale,Deux véhicules - arrière,4,-1,2,0,1,2,1,0,1,50,,2,1,0,0,1,46.0,47.0,,,1,2,1,1,2
202100052020,2021-02-04 19:20:00,2021,2,4,19,20,31,31555,Grande-Rue Saint Michel,43.59205,1.44463,Nuit avec éclairage allumé,En agglomération,Hors intersection,Normale,Deux véhicules - côté,4,2,2,0,1,1,1,0,1,50,,2,1,0,0,1,20.0,25.0,,,5,2,1,1,3
202100052021,2021-02-09 07:15:00,2021,2,9,7,15,27,27681,ROUEN (AVENUE DE),49.09766,1.4786,Nuit avec éclairage allumé,En agglomération,Intersection en X,Normale,Autre collision,3,2,2,0,1,1,1,0,1,30,,2,1,0,0,1,25.0,,,,5,2,2,1,6
202100052022,2021-02-09 11:10:00,2021,2,9,11,10,17,17306,AQUITAINE (ALIENOR D') (AVENUE),45.61932,-1.0069,Plein jour,En agglomération,Intersection en X,Temps couvert,Deux véhicules - côté,3,2,2,0,2,1,2,0,1,50,,2,1,0,0,1,57.0,81.0,,,1,2,2,8,3
202100052023,2021-02-09 21:45:00,2021,2,9,21,45,13,13206,PIERRE PUGET (COURS),43.29124,5.37678,Nuit avec éclairage allumé,En agglomération,Hors intersection,Pluie légère,Sans collision,4,2,4,0,1,1,2,0,1,50,,1,0,0,1,0,21.0,,,,5,2,1,2,7
202100052024,2021-02-09 14:00:00,2021,2,9,14,0,13,13208,HAMBOURG (BOULEVARD),43.250879,5.388296,Plein jour,En agglomération,Hors intersection,Normale,Deux véhicules - arrière,4,2,4,0,1,1,1,0,1,50,,2,1,0,0,1,25.0,17.0,,,1,2,1,1,2
202100052025,2021-02-09 08:15:00,2021,2,9,8,15,13,13215,SAINT ANTOINE A SAINT JOSEPH (CHEMIN DE),43.359359,5.364986,Plein jour,En agglomération,Hors intersection,Normale,Autre collision,4,2,1,0,2,1,2,0,1,30,,2,0,0,0,2,39.0,,,,1,2,1,1,6
202100052026,2021-02-09 05:25:00,2021,2,9,5,25,13,13206,BRETEUIL (RUE),43.29747,5.38077,Nuit avec éclairage allumé,En agglomération,Intersection en X,Normale,Deux véhicules - côté,4,1,2,0,2,1,2,0,1,50,,2,1,0,1,0,45.0,19.0,,,5,2,2,1,3
202100052027,2021-02-09 09:10:00,2021,2,9,9,10,13,13047,RN 569,43.54193,4.95654,Plein jour,Hors agglomération,Hors intersection,Normale,Deux véhicules - côté,2,2,2,0,1,1,1,0,1,80,,3,2,0,0,1,32.0,49.0,,,1,1,1,1,3
202100052028,2021-02-09 07:40:00,2021,2,9,7,40,13,13047,VAURANNE BOULEVARD DE,43.5104,4.98491,Plein jour,En agglomération,Autre intersection,Normale,Deux véhicules - côté,4,-1,2,0,1,1,1,0,1,50,,3,2,0,1,0,22.0,14.0,,,1,2,9,1,3
202100052029,2021-02-09 10:59:00,2021,2,9,10,59,09,09122,FAURE (COURS GABRIEL),42.96419,1.60677,Plein jour,En agglomération,Autre intersection,Normale,Autre collision,4,1,2,0,1,1,1,6,4,30,,2,1,0,0,1,83.0,,,,1,2,9,1,6
202100052030,2021-02-09 12:16:00,2021,2,9,12,16,07,07186,PASTE (BLD. DE),44.72583,4.59517,Plein jour,En agglomération,Autre intersection,Normale,Autre collision,4,-1,0,0,4,2,1,0,1,30,,2,1,0,1,0,31.0,,,,1,2,9,1,6
202100052031,2021-02-09 13:00:00,2021,2,9,13,0,06,06069,MARIGARDE (ROUTE DE LA),43.655196,6.940504,Plein jour,En agglomération,Hors intersection,Normale,Deux véhicules - arrière,3,2,2,0,1,1,1,0,1,50,,2,1,0,0,1,34.0,52.0,,,1,2,1,1,2
202100052032,2021-02-09 19:05:00,2021,2,9,19,5,06,06027,ALPES AVENUE DES,43.660022,7.138739,Nuit avec éclairage allumé,En agglomération,Hors intersection,Normale,Autre collision,7,-1,0,0,1,1,1,0,1,50,,2,1,0,0,1,21.0,,,,5,2,1,1,6
202100052033,2021-02-09 08:00:00,2021,2,9,8,0,75,75113,PORTE D ITALIE,48.817738,2.367338,Plein jour,En agglomération,Hors intersection,Temps couvert,Deux véhicules - côté,4,1,4,0,1,1,1,0,1,70,,2,1,0,0,1,,40.0,,,1,2,1,8,3
202100052034,2021-02-09 07:10:00,2021,2,9,7,10,75,75117,ECHANGEUR MAILLOT,48.880666,2.281871,Nuit avec éclairage allumé,En agglomération,Intersection en Y,Normale,Autre collision,4,3,4,0,1,1,1,0,1,70,,1,0,0,0,1,34.0,,,,5,2,4,1,6
202100052035,2021-02-09 18:45:00,2021,2,9,18,45,75,75120,BOULEVARD DAVOUT,48.853532,2.410788,Plein jour,En agglomération,Intersection en X,Normale,Deux véhicules - côté,4,1,3,0,1,1,1,0,1,50,,2,1,0,0,1,29.0,42.0,,,1,2,2,1,3
202100052036,2021-02-08 18:25:00,2021,2,8,18,25,75,75114,BOULEVARD ROMAIN ROLLAND,48.820206,2.324009,Nuit avec éclairage allumé,En agglomération,Intersection en X,Temps couvert,Deux véhicules - arrière,4,1,2,0,2,1,1,0,1,50,,2,1,0,0,1,38.0,45.0,,,5,2,2,8,2
202100052037,2021-02-08 07:40:00,2021,2,8,7,40,75,75114,RUE DES SUISSES,48.830687,2.314306,Crépuscule ou aube,En agglomération,Intersection en T,Normale,Autre collision,4,1,1,0,1,1,1,0,1,50,,2,1,0,0,1,43.0,,,,2,2,3,1,6
202100052038,2021-02-09 15:20:00,2021,2,9,15,20,75,75113,AVENUE D ITALIE,48.820292,2.359113,Plein jour,En agglomération,Hors intersection,Temps couvert,Deux véhicules - côté,4,2,4,0,1,1,1,0,1,50,,3,1,0,0,2,53.0,56.0,,,1,2,1,8,3
202100052039,2021-02-09 20:30:00,2021,2,9,20,30,75,75110,BOULEVARD DE MAGENTA,48.873762,2.35832,Nuit avec éclairage allumé,En agglomération,Intersection en X,Normale,Deux véhicules - frontale,4,2,2,1,1,1,1,0,1,50,,2,1,0,0,1,,27.0,,,5,2,2,1,1
202100052040,2021-02-09 12:20:00,2021,2,9,12,20,75,75110,RUE DE LANCRY,48.870055,2.360863,Plein jour,En agglomération,Hors intersection,Neige / grêle,Autre collision,4,1,1,1,1,1,5,0,1,30,,2,1,0,0,1,,,,,1,2,1,4,6
202100052041,2021-02-09 16:30:00,2021,2,9,16,30,75,75109,RUE DE LA CHAUSSEE D ANTIN,48.872229,2.333612,Plein jour,En agglomération,Hors intersection,Temps couvert,Deux véhicules - côté,4,1,1,0,1,1,1,0,1,50,,2,1,0,0,1,55.0,22.0,,,1,2,1,8,3
202100052042,2021-02-09 17:40:00,2021,2,9,17,40,75,75108,PLACE DU CANADA,48.864917,2.310284,Nuit avec éclairage allumé,En agglomération,Intersection à plus de 4 branches,Normale,Sans collision,4,1,1,1,1,1,1,0,1,50,,1,0,0,0,1,37.0,,,,5,2,5,1,7
202100052043,2021-02-06 20:10:00,2021,2,6,20,10,94,94081,Rue Lavoisier,48.79831,2.39126,Nuit avec éclairage allumé,En agglomération,Hors intersection,Pluie forte,Autre collision,4,2,2,0,2,1,2,0,4,50,,1,0,0,0,1,52.0,,,,5,2,1,3,6
202100052044,2021-02-09 18:00:00,2021,2,9,18,0,94,94042,GENERAL GALLIENI (AV DU),48.820062,2.477272,Nuit avec éclairage allumé,En agglomération,Intersection en T,Normale,Deux véhicules - côté,3,2,4,3,1,1,1,0,1,50,,2,1,0,0,1,53.0,20.0,,,5,2,3,1,3
202100052045,2021-02-09 09:10:00,2021,2,9,9,10,94,94033,GALLIENI (BD),48.8487,2.4777,Plein jour,En agglomération,Intersection en X,Temps couvert,Deux véhicules - côté,3,2,2,0,1,1,1,0,1,30,,4,2,0,0,2,56.0,33.0,,,1,2,2,8,3
202100052046,2021-02-08 18:50:00,2021,2,8,18,50,94,94076,Avenue de Stalingrad,48.78784,2.3668,Nuit avec éclairage allumé,En agglomération,Hors intersection,Normale,Autre collision,3,2,2,0,1,1,1,0,4,50,,2,1,0,0,1,39.0,,,,5,2,1,1,6
202100052047,2021-02-07 13:45:00,2021,2,7,13,45,94,94076,PAUL VAILLANT COUTURIER (AV),48.79452,2.358272,Plein jour,En agglomération,Intersection en X,Pluie légère,Deux véhicules - côté,3,2,2,2,1,1,2,0,1,50,,2,1,0,0,1,24.0,52.0,,,1,2,2,2,3
202100052048,2021-02-09 14:05:00,2021,2,9,14,5,94,94034,GARENNE (R DE LA),48.75882,2.32694,Plein jour,En agglomération,Intersection en T,Temps couvert,Deux véhicules - côté,4,2,2,0,2,1,1,0,1,50,,2,1,0,0,1,39.0,25.0,,,1,2,3,8,3
202100052049,2021-02-09 13:46:00,2021,2,9,13,46,94,94034,Avenue de la Cerisaie,48.752692,2.329636,Plein jour,En agglomération,Autre intersection,Normale,Deux véhicules - frontale,3,2,2,0,1,1,1,9,1,30,,2,1,0,0,1,42.0,32.0,,,1,2,9,1,1
202100052050,2021-02-09 09:20:00,2021,2,9,9,20,94,94038,HENRI THIRARD (R),48.77774,2.34298,Plein jour,En agglomération,Hors intersection,Normale,Autre collision,4,1,1,0,1,1,1,0,8,30,,2,1,0,0,1,32.0,,,,1,2,1,1,6
202100052051,2021-02-09 07:52:00,2021,2,9,7,52,94,94028,MITTERAND (Rue François),48.768756,2.467176,Crépuscule ou aube,En agglomération,Hors intersection,Autre,Autre collision,4,2,2,0,1,1,7,0,1,50,,2,1,0,0,1,32.0,,,,2,2,1,9,6
202100052052,2021-02-09 14:12:00,2021,2,9,14,12,94,94022,GENERAL LECLERC (AV),48.762271,2.405979,Plein jour,En agglomération,Hors intersection,Temps couvert,Autre collision,3,3,2,0,1,1,1,9,1,50,,2,1,0,0,1,27.0,,,,1,2,1,8,6
202100052053,2021-02-09 15:05:00,2021,2,9,15,5,93,93064,DE GAULLE (AV DU GENERAL) 58/49 - FIN,48.886638341,2.4719244824,Plein jour,En agglomération,Intersection en X,Normale,Deux véhicules - arrière,3,2,3,0,1,1,1,3,1,50,,2,1,0,0,1,44.0,24.0,,,1,2,2,1,2
202100052054,2021-02-09 19:00:00,2021,2,9,19,0,93,93033,FOCH (AVENUE),48.86367,2.57543,Nuit avec éclairage allumé,En agglomération,Giratoire,Normale,Deux véhicules - côté,3,2,2,0,1,1,1,5,1,50,,2,1,0,0,1,29.0,36.0,,,5,2,6,1,3
202100052055,2021-01-29 12:10:00,2021,1,29,12,10,92,92036,CLAUDE DEBUSSY (AVENUE),48.9264293146,2.2972626688,Plein jour,En agglomération,Intersection en X,Normale,Deux véhicules - côté,4,3,2,0,1,1,1,0,1,50,,2,1,0,0,1,25.0,30.0,,,1,2,2,1,3
202100052056,2021-02-08 19:30:00,2021,2,8,19,30,92,92036,LUCIEN LANTERNIER (AVENUE) (19/65),48.9326510127,2.2922388396,Nuit avec éclairage allumé,En agglomération,Hors intersection,Normale,Deux véhicules - côté,3,2,2,0,1,1,1,0,1,50,,2,1,0,0,1,23.0,22.0,,,5,2,1,1,3
202100052057,2021-02-09 17:55:00,2021,2,9,17,55,92,92012,GAMBETTA (RUE),48.8454431249,2.2407656908,Nuit avec éclairage allumé,En agglomération,Intersection en X,Temps couvert,Autre collision,4,2,1,0,1,1,1,0,1,50,,2,1,0,0,1,34.0,,,,5,2,2,8,6
202100052058,2021-02-09 13:30:00,2021,2,9,13,30,49,49355,Rue du Général de Gaulle,47.1242756582,-0.7876344311,Plein jour,En agglomération,Hors intersection,Normale,Deux véhicules - frontale,4,2,2,0,1,1,1,0,1,30,,2,1,0,0,1,46.0,,,,1,2,1,1,1
202100052059,2021-02-10 10:15:00,2021,2,10,10,15,84,84069,Cours des Isnards,44.174748,5.132428,Plein jour,En agglomération,Hors intersection,Normale,Autre collision,3,2,2,0,2,3,1,0,8,50,,2,1,0,0,1,61.0,,,,1,2,1,1,6