accident_id,datetime,annee,mois,jour,heure,minute,departement,commune_insee,adresse,latitude,longitude,luminosite,agglomeration,intersection,meteo,collision,catr,circ,nbv,vosp,prof,plan,surf,infra,situ,vma,nb_vehicules,nb_usagers,nb_indemnes,nb_tues,nb_blesses_hosp,nb_blesses_legers,age_cond_1,age_cond_2,veh_type_cond_1,veh_type_cond_2,lum_code,agg_code,int_code,atm_code,col_code
202100052060,2021-02-09 09:50:00,2021,2,9,9,50,22,22259,,48.466078,-2.064142,Plein jour,Hors agglomération,Hors intersection,Pluie légère,Deux véhicules - arrière,2,3,4,0,1,1,2,0,1,110,,2,1,0,1,0,53.0,60.0,,,1,1,1,2,2
202100052061,2021-02-10 02:15:00,2021,2,10,2,15,974,97413,N1,-21.224155,55.30351,Nuit sans éclairage public,Hors agglomération,Hors intersection,Normale,Autre collision,2,3,4,0,1,3,1,0,1,110,,2,0,1,0,1,23.0,,,,3,1,1,1,6
202100052062,2021-02-10 17:15:00,2021,2,10,17,15,23,23207,pk 7 D951,46.268086,1.556175,Crépuscule ou aube,Hors agglomération,Hors intersection,Pluie légère,Deux véhicules - frontale,3,2,2,0,2,2,2,0,1,90,,4,3,0,1,0,38.0,80.0,,,2,1,1,2,1
202100052063,2021-02-05 12:25:00,2021,2,5,12,25,74,74263,Av de Bonnatrait,46.333982,6.390561,Plein jour,En agglomération,Hors intersection,Normale,Deux véhicules - arrière,3,2,2,0,1,1,1,0,1,50,,2,1,0,0,1,52.0,24.0,,,1,2,1,1,2
202100052064,2021-01-24 13:20:00,2021,1,24,13,20,76,76105,Rue de l'Eglise,49.632726,1.046898,Plein jour,Hors agglomération,Passage à niveau,Neige / grêle,Deux véhicules - frontale,3,2,1,3,1,1,5,4,8,70,,2,1,0,1,0,66.0,35.0,,,1,1,8,4,1
202100052065,2021-02-10 10:30:00,2021,2,10,10,30,89,89128,Route départementale 11,47.606626,3.948458,Plein jour,Hors agglomération,Hors intersection,Neige / grêle,Autre collision,3,2,2,0,4,2,5,0,3,80,,1,0,0,0,1,50.0,,,,1,1,1,4,6
202100052066,2021-02-10 12:30:00,2021,2,10,12,30,35,35227,le lieu benoit - RD21,48.198305,-1.870036,Plein jour,Hors agglomération,Hors intersection,Neige / grêle,Trois véhicules et plus - collisions multiples,3,2,2,0,2,1,5,0,1,80,,3,2,1,0,0,60.0,38.0,,,1,1,1,4,5
202100052067,2021-02-10 14:28:00,2021,2,10,14,28,29,29174,D156 - Rue des Alliés,47.905127,-4.278193,Plein jour,En agglomération,Hors intersection,Normale,Sans collision,3,2,2,0,1,1,1,0,4,50,,1,0,0,1,0,12.0,,,,1,2,1,1,7
202100052068,2021-02-09 14:00:00,2021,2,9,14,0,03,03178,Lieu Dit Chantalouette,46.2626048969,3.7846182985,Plein jour,Hors agglomération,Hors intersection,Temps couvert,Sans collision,3,2,2,0,1,1,1,0,1,90,,5,1,0,0,4,41.0,,,,1,1,1,8,7
202100052069,2021-02-09 07:40:00,2021,2,9,7,40,01,01216,RIX,45.737114,5.516403,Plein jour,Hors agglomération,Hors intersection,Normale,Autre collision,3,2,2,0,2,1,1,0,3,80,,1,0,0,1,0,44.0,,,,1,1,1,1,6
202100052070,2021-02-10 12:50:00,2021,2,10,12,50,01,01408,D98,46.22673,5.396465,Plein jour,Hors agglomération,Hors intersection,Pluie légère,Autre collision,3,2,2,0,1,3,2,0,3,80,,1,0,1,0,0,64.0,,,,1,1,1,2,6
202100052071,2021-02-10 10:45:00,2021,2,10,10,45,06,06023,Route de l'Aigara,43.947443,7.518768,Plein jour,Hors agglomération,Hors intersection,Normale,Deux véhicules - arrière,3,2,2,0,1,1,1,0,1,50,,2,1,0,0,1,21.0,67.0,,,1,1,1,1,2
202100052072,2021-02-09 16:45:00,2021,2,9,16,45,05,05090,D23 - PR 6+500,44.728404,6.057651,Plein jour,Hors agglomération,Hors intersection,Normale,Sans collision,3,2,2,0,1,3,1,0,3,90,,1,0,0,1,0,75.0,,,,1,1,1,1,7
202100052073,2021-02-09 09:00:00,2021,2,9,9,0,43,43137,Rue du Pêcher ZA du Pêcher,45.286754,4.160686,Plein jour,En agglomération,Autre intersection,Normale,Autre collision,6,-1,-1,0,1,1,1,0,8,50,,3,1,0,1,1,25.0,,,,1,2,9,1,6
202100052074,2021-02-09 10:53:00,2021,2,9,10,53,67,67388,départementale 1062,48.911303,7.646635,Plein jour,Hors agglomération,Hors intersection,Autre,Trois véhicules et plus - collisions multiples,3,2,2,0,4,1,7,0,1,90,,3,2,0,0,1,32.0,20.0,,,1,1,1,9,5
202100052075,2021-02-09 21:45:00,2021,2,9,21,45,13,13044,D69,43.626772,5.054312,Nuit sans éclairage public,Hors agglomération,Hors intersection,Pluie légère,Deux véhicules - frontale,7,2,2,0,1,1,2,0,3,80,,1,0,0,1,0,48.0,,,,3,1,1,2,1
202100052076,2021-02-04 20:20:00,2021,2,4,20,20,13,13113,A51 PK 027+900,43.595094,5.486834,Nuit sans éclairage public,Hors agglomération,Hors intersection,Normale,Deux véhicules - arrière,1,3,4,0,1,1,1,0,1,130,,2,1,1,0,0,51.0,37.0,,,3,1,1,1,2
202100052077,2021-02-10 12:55:00,2021,2,10,12,55,67,67223,PK321.700,48.506768,7.579172,Plein jour,Hors agglomération,Hors intersection,Neige / grêle,Trois véhicules et plus - collisions multiples,1,3,4,0,3,2,5,0,1,110,,3,2,0,0,1,28.0,22.0,,,1,1,1,4,5
202100052078,2021-02-09 22:55:00,2021,2,9,22,55,68,68300,a 35,47.781061,7.401556,Nuit avec éclairage non allumé,Hors agglomération,Hors intersection,Neige / grêle,Sans collision,1,3,4,0,2,3,5,3,3,110,,1,0,0,0,1,33.0,,,,4,1,1,4,7
202100052079,2021-02-10 03:45:00,2021,2,10,3,45,33,33095,A65 PK 26+800,44.315842,-0.229146,Nuit sans éclairage public,Hors agglomération,Hors intersection,Pluie forte,Sans collision,1,3,4,0,1,1,2,9,3,130,,1,0,1,0,0,46.0,,,,3,1,1,3,7
202100052080,2021-02-10 17:45:00,2021,2,10,17,45,28,28363,a10,48.416726,1.898317,Plein jour,Hors agglomération,Hors intersection,Neige / grêle,Trois véhicules et plus - collisions multiples,1,3,5,0,1,1,7,0,1,130,,4,1,0,0,3,25.0,34.0,,,1,1,1,4,5
202100052081,2021-02-09 15:30:00,2021,2,9,15,30,971,97125,La Pointe des Châteaux,16.250255,-61.204641,Plein jour,En agglomération,Hors intersection,Normale,Autre collision,3,2,2,0,1,1,1,0,3,-1,,1,0,0,1,0,62.0,,,,1,2,1,1,6
202100052082,2021-02-10 11:00:00,2021,2,10,11,0,28,28347,14 Rue des Volaillers,48.816216,1.541106,Plein jour,En agglomération,Hors intersection,Neige / grêle,Deux véhicules - frontale,3,2,2,0,1,3,5,0,1,50,,2,0,0,2,0,46.0,28.0,,,1,2,1,4,1
202100052083,2021-02-10 10:27:00,2021,2,10,10,27,77,77192,Intersection Nationale 36 et Départementale 144,48.694013,2.82089,Plein jour,Hors agglomération,Intersection en X,Normale,Deux véhicules - côté,2,2,2,0,1,1,7,5,1,80,,2,1,0,0,1,39.0,62.0,,,1,1,2,1,3
202100052084,2021-02-05 22:30:00,2021,2,5,22,30,30,30010,52 Chemin de la Pousarenco,44.048856,3.974775,Nuit avec éclairage allumé,En agglomération,Hors intersection,Normale,Autre collision,4,2,2,0,1,3,1,0,1,50,,1,0,0,1,0,18.0,,,,5,2,1,1,6
202100052085,2021-02-10 13:00:00,2021,2,10,13,0,05,05167,voie de Sigottier à la Montagne,44.455441,5.687109,Plein jour,Hors agglomération,Hors intersection,Normale,Sans collision,4,2,2,0,1,3,2,0,3,30,,2,0,0,1,1,29.0,,,,1,1,1,1,7
202100052086,2021-02-10 09:50:00,2021,2,10,9,50,89,89206,,47.97362,3.398209,Plein jour,En agglomération,Hors intersection,Neige / grêle,Deux véhicules - côté,3,2,2,0,2,3,5,0,1,50,,2,1,0,0,1,26.0,24.0,,,1,2,1,4,3
202100052087,2021-02-01 09:55:00,2021,2,1,9,55,42,42299,D496,45.613903,4.111036,Plein jour,Hors agglomération,Hors intersection,Temps couvert,Trois véhicules et plus - collisions multiples,3,2,2,0,1,1,2,0,1,80,,4,1,2,0,1,50.0,30.0,,,1,1,1,8,5
202100052088,2021-02-09 17:50:00,2021,2,9,17,50,38,38468,Rue Pierre Avit Nicolas,45.34514,4.8148,Nuit avec éclairage allumé,En agglomération,Hors intersection,Normale,Trois véhicules et plus - en chaîne,4,2,2,0,1,1,1,0,1,50,,4,2,0,1,1,50.0,52.0,,,5,2,1,1,4
202100052089,2021-02-08 06:45:00,2021,2,8,6,45,33,33256,D2,44.966851,-0.626172,Nuit avec éclairage allumé,Hors agglomération,Hors intersection,Pluie légère,Deux véhicules - arrière,3,2,2,0,1,1,2,5,1,80,,2,1,0,1,0,19.0,21.0,,,5,1,1,2,2
202100052090,2021-02-08 16:30:00,2021,2,8,16,30,13,13215,A7-Sens Lyon vers Marseille,43.3782669445,5.3560870886,Plein jour,Hors agglomération,Hors intersection,Normale,Trois véhicules et plus - collisions multiples,1,1,3,0,1,1,1,0,1,90,,9,3,0,0,6,49.0,34.0,,,1,1,1,1,5
202100052091,2021-02-08 17:55:00,2021,2,8,17,55,13,13015,A515CD-Gardanne vers A51-Marseille,43.42862,5.40124,Nuit sans éclairage public,Hors agglomération,Hors intersection,Pluie légère,Deux véhicules - arrière,1,1,2,0,1,1,2,0,1,110,,3,2,0,0,1,32.0,48.0,,,3,1,1,2,2
202100052092,2021-02-08 16:30:00,2021,2,8,16,30,13,13215,A7-Sens Lyon vers Marseille,43.36691,5.36083,Plein jour,Hors agglomération,Hors intersection,Normale,Trois véhicules et plus - en chaîne,1,1,3,0,1,1,1,0,1,90,,4,0,0,0,4,21.0,63.0,,,1,1,1,1,4
202100052093,2021-02-08 18:00:00,2021,2,8,18,0,69,69029,RD383,45.746,4.90677,Plein jour,Hors agglomération,Hors intersection,Normale,Trois véhicules et plus - en chaîne,7,-1,4,0,1,1,1,0,1,70,,5,2,0,0,3,27.0,26.0,,,1,1,1,1,4
202100052094,2021-02-09 14:20:00,2021,2,9,14,20,94,94003,AUTOROUTE A6A,48.8079543876,2.3406292528,Plein jour,Hors agglomération,Hors intersection,Normale,Trois véhicules et plus - en chaîne,1,3,6,0,2,1,1,0,1,90,,3,1,0,0,2,45.0,50.0,,,1,1,1,1,4
202100052095,2021-02-09 20:15:00,2021,2,9,20,15,78,78490,RN12 INT,48.800472,1.939052,Nuit sans éclairage public,Hors agglomération,Hors intersection,Neige / grêle,Autre collision,2,3,4,0,1,1,2,0,1,90,,1,0,0,0,1,55.0,,,,3,1,1,4,6
202100052096,2021-02-08 14:50:00,2021,2,8,14,50,78,78402,A13,48.96515,1.76456,Plein jour,Hors agglomération,Hors intersection,Temps couvert,Trois véhicules et plus - en chaîne,1,1,3,0,1,1,1,0,1,110,,12,3,0,4,5,67.0,25.0,,,1,1,1,8,4
202100052097,2021-02-09 14:15:00,2021,2,9,14,15,94,94017,A4,48.8290973818,2.4795805419,Plein jour,Hors agglomération,Hors intersection,Normale,Autre collision,1,-1,8,0,1,1,1,0,1,90,,2,1,0,0,1,34.0,42.0,,,1,1,1,1,6
202100052098,2021-02-09 06:30:00,2021,2,9,6,30,77,77258,RN104,48.8246281212,2.6157410559,Nuit sans éclairage public,Hors agglomération,Hors intersection,Autre,Sans collision,2,3,2,0,1,3,7,0,1,90,,1,0,0,0,1,29.0,,,,3,1,1,9,7
202100052099,2021-02-07 18:55:00,2021,2,7,18,55,974,97416,REBECCA (CHEMIN STEPHEN),-21.31706,55.47173,Plein jour,Hors agglomération,Autre intersection,Normale,Deux véhicules - frontale,4,2,2,0,1,2,1,9,8,50,,3,2,0,1,0,22.0,44.0,,,1,1,9,1,1
202100052100,2021-02-08 12:25:00,2021,2,8,12,25,974,97411,Avenue Marcel Hoarau,-20.9024,55.4921,Plein jour,En agglomération,Hors intersection,Normale,Deux véhicules - côté,3,2,2,0,2,1,1,0,1,50,,2,1,0,0,1,25.0,30.0,,,1,2,1,1,3
202100052101,2021-02-08 17:40:00,2021,2,8,17,40,973,97302,ROUTE NATIONALE 1,4.90623,-52.323,Plein jour,Hors agglomération,Hors intersection,Normale,Deux véhicules - côté,2,2,4,2,1,1,1,0,1,90,,3,1,0,0,2,48.0,53.0,,,1,1,1,1,3
202100052102,2021-02-08 17:00:00,2021,2,8,17,0,69,69383,VICTOR AUGAGNEUR (Q),45.75624,4.84039,Plein jour,En agglomération,Intersection en X,Normale,Deux véhicules - côté,4,1,3,0,1,1,1,0,1,50,,2,1,0,1,0,20.0,38.0,,,1,2,2,1,3
202100052103,2021-02-08 00:32:00,2021,2,8,0,32,972,97213,ROUTE DEPARTEMENTALE 3,14.63,-60.99,Nuit avec éclairage allumé,Hors agglomération,Hors intersection,Normale,Autre collision,3,2,2,0,1,1,1,0,1,60,,1,0,0,0,1,45.0,,,,5,1,1,1,6
202100052104,2021-02-06 10:56:00,2021,2,6,10,56,972,97213,ROUTE DEPARTEMENTALE 3,14.64783,-60.98861,Plein jour,Hors agglomération,Hors intersection,Normale,Deux véhicules - côté,3,2,2,0,2,1,1,0,1,700,,2,1,0,0,1,59.0,36.0,,,1,1,1,1,3
202100052105,2021-02-08 17:15:00,2021,2,8,17,15,91,91657,RUE FREDERIC JOLIOT CURIE,48.703368,2.420107,Crépuscule ou aube,En agglomération,Hors intersection,Normale,Autre collision,4,2,2,0,1,1,1,0,1,50,,4,3,0,0,1,29.0,,,,2,2,1,1,6
202100052106,2021-02-08 08:20:00,2021,2,8,8,20,91,91027,RUE J B DE LA SALLE,48.70635,2.3842,Crépuscule ou aube,En agglomération,Hors intersection,Normale,Autre collision,3,2,2,0,1,1,1,0,6,30,,4,1,0,0,3,39.0,,,,2,2,1,1,6
202100052107,2021-02-06 15:41:00,2021,2,6,15,41,87,87085,LIBERATION (AVENUE DE LA),45.83446,1.20932,Plein jour,En agglomération,Intersection en X,Pluie forte,Deux véhicules - côté,4,2,3,0,2,1,2,5,1,50,,4,3,0,0,1,80.0,20.0,,,1,2,2,3,3
202100052108,2021-02-06 10:50:00,2021,2,6,10,50,87,87085,CARNOT (BOULEVARD),45.83296,1.25894,Plein jour,En agglomération,Hors intersection,Normale,Deux véhicules - côté,4,2,4,0,2,1,1,0,1,50,,2,1,0,1,0,48.0,56.0,,,1,2,1,1,3
202100052109,2021-02-04 12:43:00,2021,2,4,12,43,87,87085,GALILEE (RUE),45.84015,1.26723,Plein jour,En agglomération,Hors intersection,Pluie légère,Deux véhicules - côté,4,2,2,0,1,1,2,0,1,50,,2,1,0,0,1,42.0,28.0,,,1,2,1,2,3
202100052110,2021-02-05 17:45:00,2021,2,5,17,45,86,86194,Boulevard du Grand Cerf,46.58536,0.337422,Crépuscule ou aube,En agglomération,Hors intersection,Pluie légère,Deux véhicules - frontale,4,2,3,3,1,1,2,0,6,50,,2,1,0,0,1,59.0,20.0,,,2,2,1,2,1
202100052111,2021-02-06 16:00:00,2021,2,6,16,0,85,85194,BAUDUERE (RUE DE LA),46.50599,-1.7843,Plein jour,En agglomération,Intersection en X,Normale,Deux véhicules - côté,4,2,2,0,1,1,1,0,1,50,,3,1,0,0,2,27.0,26.0,,,1,2,2,1,3
202100052112,2021-02-08 14:00:00,2021,2,8,14,0,83,83137,JUIN (AVE ALPHONSE),43.1205,5.9457,Plein jour,En agglomération,Hors intersection,Normale,Autre collision,4,1,4,3,1,1,1,0,1,50,,2,0,0,0,2,73.0,,,,1,2,1,1,6
202100052113,2021-02-07 11:30:00,2021,2,7,11,30,83,83069,FRONT DE MER (BOULEVARD),43.10716,6.17771,Plein jour,En agglomération,Hors intersection,Normale,Autre collision,7,2,2,1,1,1,1,9,1,50,,2,1,1,0,0,53.0,,,,1,2,1,1,6
202100052114,2021-01-16 06:55:00,2021,1,16,6,55,76,76165,Rue Lenormand,49.28387,1.01242,Nuit avec éclairage allumé,En agglomération,Intersection en X,Normale,Deux véhicules - côté,4,2,2,0,1,1,2,0,1,50,,4,3,0,0,1,40.0,33.0,,,5,2,2,1,3
202100052115,2021-02-06 12:25:00,2021,2,6,12,25,66,66136,BOURRAT BOULEVARD JEAN,42.70105,2.90139,Plein jour,En agglomération,Hors intersection,Normale,Deux véhicules - arrière,4,2,2,0,1,1,1,0,1,50,,2,1,0,0,1,72.0,29.0,,,1,2,1,1,2
202100052116,2021-02-06 10:40:00,2021,2,6,10,40,66,66136,JOFFRE (AVENUE DU MARECHAL CD 88),42.71177,2.88964,Plein jour,En agglomération,Intersection en T,Normale,Deux véhicules - côté,4,2,3,1,1,1,1,0,5,50,,2,1,0,0,1,81.0,61.0,,,1,2,3,1,3
202100052117,2021-02-05 20:00:00,2021,2,5,20,0,66,66136,JUIN (AVENUE DU MARECHAL),42.6879484371,2.8981770484,Nuit avec éclairage allumé,En agglomération,Hors intersection,Normale,Deux véhicules - côté,4,2,2,0,1,1,1,0,1,50,,2,1,0,0,1,25.0,32.0,,,5,2,1,1,3
202100052118,2021-02-08 18:36:00,2021,2,8,18,36,59,59648,FLEMING RUE,50.59006,3.0446,Nuit sans éclairage public,En agglomération,Intersection en T,Autre,Autre collision,4,2,2,0,2,1,9,0,1,50,,2,1,0,1,0,,,,,3,2,3,9,6
202100052119,2021-02-08 15:05:00,2021,2,8,15,5,59,59350,MOSELLE BOULEVARD N°IMPAIRS,50.630494,3.034626,Plein jour,En agglomération,Intersection en X,Temps couvert,Deux véhicules - côté,7,2,2,0,1,1,1,9,1,50,,5,4,0,0,1,19.0,37.0,,,1,2,2,8,3
202100052120,2021-02-08 17:20:00,2021,2,8,17,20,51,51454,Boulevard Pommery,49.2538172469,4.0543406144,Crépuscule ou aube,En agglomération,Hors intersection,Normale,Deux véhicules - arrière,3,2,3,0,1,1,1,0,1,50,,2,1,0,0,1,16.0,34.0,,,2,2,1,1,2
202100052121,2021-02-06 14:10:00,2021,2,6,14,10,50,50173,GAMBETTA (RUE),49.6473,-1.64635,Plein jour,En agglomération,Hors intersection,Normale,Deux véhicules - côté,4,2,2,0,1,1,1,0,1,50,,2,1,0,0,1,25.0,45.0,,,1,2,1,1,3
202100052122,2021-02-08 08:35:00,2021,2,8,8,35,49,49007,BEAUREPAIRE,47.47362,-0.55895,Plein jour,En agglomération,Hors intersection,Normale,Sans collision,4,2,2,2,1,1,1,0,1,50,,1,0,0,0,1,20.0,,,,1,2,1,1,7
202100052123,2021-02-07 11:14:00,2021,2,7,11,14,49,49246,BOIS D'AVAULT,47.41197,-0.52391,Plein jour,En agglomération,Hors intersection,Normale,Sans collision,4,2,2,0,1,1,2,0,1,50,,1,0,0,1,0,60.0,,,,1,2,1,1,7
202100052124,2021-02-05 13:10:00,2021,2,5,13,10,43,43157,30 Boulevard Carnot,45.0459,3.87995,Plein jour,En agglomération,Hors intersection,Normale,Sans collision,4,1,1,0,1,1,1,0,1,50,,1,0,0,1,0,26.0,,,,1,2,1,1,7
202100052125,2021-02-08 10:23:00,2021,2,8,10,23,37,37122,RD 37,47.3738825799,0.6526308059,Plein jour,En agglomération,Hors intersection,Normale,Trois véhicules et plus - en chaîne,3,3,4,0,1,1,1,0,1,90,,5,4,0,0,1,22.0,34.0,,,1,2,1,1,4
202100052126,2021-02-07 01:35:00,2021,2,7,1,35,37,37261,,47.3682397428,0.6545534134,Nuit sans éclairage public,En agglomération,Hors intersection,Temps couvert,Sans collision,3,3,4,0,1,2,2,0,1,90,,1,0,0,0,1,22.0,,,,3,2,1,8,7
202100052127,2021-02-06 14:00:00,2021,2,6,14,0,34,34108,MONTPELLIER (ROUTE DE),43.447052,3.762363,Plein jour,En agglomération,Hors intersection,Normale,Deux véhicules - frontale,3,2,2,0,1,2,1,0,1,80,,4,0,1,3,0,25.0,22.0,,,1,2,1,1,1
202100052128,2021-02-08 17:17:00,2021,2,8,17,17,29,29039,Rue Jacques Noel Sané,47.9020004361,-3.9110341187,Plein jour,En agglomération,Intersection en T,Normale,Sans collision,4,2,2,0,1,1,1,0,1,50,,1,0,0,1,0,44.0,,,,1,2,3,1,7
202100052129,2021-02-08 15:30:00,2021,2,8,15,30,29,29019,Rue Théodore Botrel,48.407244,-4.501655,Plein jour,En agglomération,Intersection en X,Normale,Autre collision,4,2,2,0,1,1,1,0,1,50,,3,2,0,0,1,19.0,59.0,,,1,2,2,1,6
202100052130,2021-02-04 17:45:00,2021,2,4,17,45,27,27701,BLANCHE (CH. DE LA VOIE) LOUVIERS A LACS,49.27512,1.2029,Plein jour,En agglomération,Hors intersection,Normale,Autre collision,3,2,2,0,1,1,2,0,1,50,,2,0,0,0,2,31.0,,,,1,2,1,1,6
202100052131,2021-02-06 15:40:00,2021,2,6,15,40,14,14118,Place Gambetta,49.17979,-0.36438,Crépuscule ou aube,En agglomération,Hors intersection,Pluie légère,Autre collision,4,2,2,0,1,1,2,0,1,50,,2,1,0,0,1,54.0,,,,2,2,1,2,6
202100052132,2021-02-08 10:00:00,2021,2,8,10,0,13,13216,ANDRÉ ROUSSIN (AVENUE),43.36325,5.34192,Plein jour,En agglomération,Hors intersection,Normale,Deux véhicules - arrière,4,3,5,0,2,1,1,0,1,50,,4,1,0,0,3,74.0,17.0,,,1,2,1,1,2
202100052133,2021-02-08 10:20:00,2021,2,8,10,20,13,13215,HENRI BARNIER (BOULEVARD),43.3733,5.354,Plein jour,En agglomération,Autre intersection,Temps éblouissant,Autre collision,7,3,4,0,1,1,1,0,1,50,,2,1,0,0,1,71.0,,,,1,2,9,7,6
202100052134,2021-02-07 15:39:00,2021,2,7,15,39,10,10325,ROCADE OUEST (RD 610),48.263526,4.080009,Plein jour,En agglomération,Hors intersection,Temps couvert,Sans collision,3,1,1,0,2,3,2,0,1,50,,2,1,0,0,1,18.0,,,,1,2,1,8,7
202100052135,2021-02-07 15:30:00,2021,2,7,15,30,10,10060,ROCADE SUD (RD 610),48.26718,4.11708,Plein jour,Hors agglomération,Hors intersection,Pluie légère,Sans collision,3,2,2,0,1,1,2,0,1,90,,1,0,0,0,1,30.0,,,,1,1,1,2,7
202100052136,2021-02-07 13:30:00,2021,2,7,13,30,75,75120,ECHANGEUR BAGNOLET,48.8631949487,2.4140685797,Plein jour,En agglomération,Hors intersection,Pluie légère,Autre collision,4,1,4,0,1,1,2,0,1,70,,2,1,0,0,1,33.0,,,,1,2,1,2,6
202100052137,2021-02-07 13:10:00,2021,2,7,13,10,75,75120,PORTE DE MONTREUIL,48.859033,2.41411,Plein jour,En agglomération,Hors intersection,Pluie légère,Trois véhicules et plus - en chaîne,4,1,4,0,1,1,2,0,1,70,,3,2,0,0,1,31.0,25.0,,,1,2,1,2,4
202100052138,2021-02-08 15:20:00,2021,2,8,15,20,75,75119,RUE DE MEAUX,48.884025,2.37785,Plein jour,En agglomération,Intersection en X,Normale,Deux véhicules - côté,4,1,2,0,1,1,1,0,1,50,,2,1,0,0,1,56.0,66.0,,,1,2,2,1,3
202100052139,2021-02-08 10:35:00,2021,2,8,10,35,75,75119,QUAI DE LA SEINE,48.885326,2.37183,Plein jour,En agglomération,Intersection en T,Temps couvert,Deux véhicules - côté,4,2,2,1,1,1,1,-1,5,30,,2,1,0,0,1,53.0,54.0,,,1,2,3,8,3
202100052140,2021-02-08 22:05:00,2021,2,8,22,5,75,75118,AVENUE DE LA PORTE DE LA CHAPELLE,48.901554,2.359098,Nuit avec éclairage allumé,En agglomération,Intersection en X,Normale,Deux véhicules - côté,4,1,2,0,2,1,1,0,1,50,,2,1,0,0,1,20.0,34.0,,,5,2,2,1,3
202100052141,2021-02-08 13:20:00,2021,2,8,13,20,75,75117,RUE CARDINET,48.888316,2.315374,Plein jour,En agglomération,Hors intersection,Normale,Sans collision,4,-1,2,0,1,1,2,0,1,50,,1,0,0,0,1,31.0,,,,1,2,1,1,7
202100052142,2021-02-08 16:00:00,2021,2,8,16,0,75,75114,PLACE VICTOR ET HELENE BASCH,48.827789,2.326799,Plein jour,En agglomération,Intersection à plus de 4 branches,Temps couvert,Deux véhicules - côté,4,2,3,0,1,1,2,0,1,50,,2,1,0,0,1,30.0,28.0,,,1,2,5,8,3
202100052143,2021-02-08 20:05:00,2021,2,8,20,5,75,75111,RUE DU CHEMIN VERT,48.861106,2.381158,Nuit avec éclairage allumé,En agglomération,Intersection en X,Normale,Deux véhicules - côté,4,1,1,0,1,1,1,0,1,30,,2,1,0,0,1,19.0,53.0,,,5,2,2,1,3
202100052144,2021-02-08 12:15:00,2021,2,8,12,15,75,75110,RUE DU FAUBOURG SAINT MARTIN,48.879949,2.363745,Plein jour,En agglomération,Hors intersection,Pluie légère,Autre collision,4,2,2,0,1,1,2,0,1,50,,2,0,0,0,2,47.0,,,,1,2,1,2,6
202100052145,2021-02-08 10:55:00,2021,2,8,10,55,75,75110,AVENUE CLAUDE VELLEFAUX,48.875222,2.370313,Plein jour,En agglomération,Intersection en X,Pluie légère,Autre collision,4,2,2,0,1,1,2,0,1,30,,2,1,0,0,1,34.0,,,,1,2,2,2,6
202100052146,2021-02-07 18:00:00,2021,2,7,18,0,75,75108,RUE D AMSTERDAM,48.880433,2.327052,Nuit avec éclairage allumé,En agglomération,Intersection en T,Normale,Deux véhicules - côté,4,2,2,1,2,1,2,-1,5,30,,2,1,0,0,1,28.0,40.0,,,5,2,3,1,3
202100052147,2021-02-08 11:35:00,2021,2,8,11,35,94,94043,EUGENE THOMAS (AV),48.809784,2.36033,Plein jour,En agglomération,Hors intersection,Normale,Autre collision,3,3,4,0,1,1,1,5,1,50,,2,1,0,0,1,56.0,,,,1,2,1,1,6
202100052148,2021-02-08 16:50:00,2021,2,8,16,50,94,94033,GENERAL DE GAULLE (PL DU),48.853,2.48532,Plein jour,En agglomération,Place,Temps couvert,Autre collision,6,-1,0,0,1,1,1,9,8,10,,2,1,0,0,1,55.0,,,,1,2,7,8,6
202100052149,2021-02-05 21:26:00,2021,2,5,21,26,93,93053,EMMANUEL ARAGO,48.8994456752,2.4635815214,Nuit avec éclairage allumé,En agglomération,Intersection en T,Temps couvert,Deux véhicules - côté,4,1,2,2,1,1,1,0,1,30,,2,1,0,0,1,31.0,37.0,,,5,2,3,8,3
202100052150,2021-02-07 19:50:00,2021,2,7,19,50,93,93006,RASPAIL AVENUE,48.8735532657,2.4336591776,Nuit avec éclairage allumé,En agglomération,Intersection en X,Neige / grêle,Deux véhicules - frontale,3,2,2,0,1,1,2,5,1,50,,3,1,0,2,0,22.0,23.0,,,5,2,2,4,1
202100052151,2021-02-08 17:10:00,2021,2,8,17,10,93,93010,BLANQUI (R. LOUIS-AUGUSTE) DE 32 A 134 C,48.89981,2.48151,Plein jour,En agglomération,Intersection en X,Normale,Deux véhicules - frontale,4,2,2,0,1,1,1,0,1,50,,2,1,0,0,1,29.0,49.0,,,1,2,2,1,1
202100052152,2021-02-08 09:30:00,2021,2,8,9,30,92,92073,CARRIERES (RUE DES),48.8639315181,2.2185649265,Plein jour,En agglomération,Intersection en T,Temps couvert,Deux véhicules - côté,3,2,4,-1,2,1,1,0,1,-1,,2,1,0,0,1,15.0,46.0,,,1,2,3,8,3
202100052153,2021-02-08 17:29:00,2021,2,8,17,29,92,92048,SERVIEN (RUE),48.8075276611,2.2392421961,Crépuscule ou aube,En agglomération,Hors intersection,Normale,Autre collision,4,1,0,0,2,1,1,0,1,30,,2,1,0,0,1,,,,,2,2,1,1,6
202100052154,2021-02-08 07:55:00,2021,2,8,7,55,92,92036,GABRIEL PERI (AVENUE) (60/134),48.9239068038,2.294664681,Crépuscule ou aube,En agglomération,Hors intersection,Normale,Deux véhicules - côté,3,2,2,0,1,1,1,0,1,50,,2,1,0,0,1,62.0,31.0,,,2,2,1,1,3