accident_id,datetime,annee,mois,jour,heure,minute,departement,commune_insee,adresse,latitude,longitude,luminosite,agglomeration,intersection,meteo,collision,catr,circ,nbv,vosp,prof,plan,surf,infra,situ,vma,nb_vehicules,nb_usagers,nb_indemnes,nb_tues,nb_blesses_hosp,nb_blesses_legers,age_cond_1,age_cond_2,veh_type_cond_1,veh_type_cond_2,lum_code,agg_code,int_code,atm_code,col_code
202100052155,2021-02-06 13:45:00,2021,2,6,13,45,92,92036,VIEUX CHEMIN DE SAINT DENIS (AVENUE),48.9315613273,2.3195161437,Plein jour,En agglomération,Hors intersection,Normale,Autre collision,4,2,2,0,1,1,1,0,1,50,,2,1,0,0,1,54.0,,,,1,2,1,1,6
202100052156,2021-02-03 12:12:00,2021,2,3,12,12,92,92024,MARTRE (RUE) DE (59 A 109)   (58 A 120),48.90172,2.30732,Plein jour,En agglomération,Intersection en X,Normale,Autre collision,3,1,3,1,1,1,1,0,4,50,,5,3,0,0,2,31.0,47.0,,,1,2,2,1,6
202100052157,2021-02-08 16:20:00,2021,2,8,16,20,37,37077,Les Varennes,47.3300023452,0.4526845259,Plein jour,Hors agglomération,Hors intersection,Normale,Deux véhicules - frontale,3,2,2,0,1,1,1,0,1,90,,3,0,0,1,2,28.0,38.0,,,1,1,1,1,1
202100052158,2021-02-09 17:27:00,2021,2,9,17,27,68,68112,2 Rue du 4e Rgt Spahis Marocain,47.905323,7.216355,Plein jour,En agglomération,Hors intersection,Pluie légère,Deux véhicules - côté,4,2,2,0,1,1,2,0,1,50,,2,1,0,0,1,14.0,33.0,,,1,2,1,2,3
202100052159,2021-02-04 09:00:00,2021,2,4,9,0,34,34042,départementale 986,43.860556,3.742862,Plein jour,Hors agglomération,Hors intersection,Normale,Autre collision,3,2,2,0,4,3,1,0,1,90,,2,1,0,0,1,52.0,36.0,,,1,1,1,1,6
202100052160,2021-02-08 14:35:00,2021,2,8,14,35,972,97229,Route de l'Université,14.616594,-61.09893,Plein jour,En agglomération,Hors intersection,Normale,Deux véhicules - frontale,3,2,2,0,1,1,1,2,1,50,,2,1,0,1,0,57.0,60.0,,,1,2,1,1,1
202100052161,2021-02-09 14:45:00,2021,2,9,14,45,83,83004,RN7 les plainons,43.442824,6.462021,Plein jour,Hors agglomération,Hors intersection,Normale,Deux véhicules - frontale,3,2,2,2,1,1,1,0,1,80,,2,0,0,1,1,24.0,54.0,,,1,1,1,1,1
202100052162,2021-02-08 16:45:00,2021,2,8,16,45,30,30202,Départementale 23,44.252454,4.627808,Plein jour,Hors agglomération,Autre intersection,Pluie légère,Deux véhicules - côté,3,-1,1,0,2,1,2,0,1,70,,2,1,1,0,0,60.0,76.0,,,1,1,9,2,3
202100052163,2021-02-08 15:00:00,2021,2,8,15,0,23,23177,Les Fougeres,46.269614,1.518624,Plein jour,Hors agglomération,Hors intersection,Pluie légère,Deux véhicules - frontale,3,2,2,0,1,1,2,0,1,90,,2,1,0,0,1,43.0,47.0,,,1,1,1,2,1
202100052164,2021-02-06 11:47:00,2021,2,6,11,47,62,62566,Rue des Pierrettes,50.66948,1.852894,Plein jour,En agglomération,Intersection en T,Normale,Deux véhicules - côté,3,2,2,0,1,1,1,5,1,80,,2,1,0,1,0,31.0,36.0,,,1,2,3,1,3
202100052165,2021-02-08 15:30:00,2021,2,8,15,30,51,51662,D151E1,49.282028179,4.1072291136,Plein jour,Hors agglomération,Hors intersection,Normale,Sans collision,3,2,2,0,1,1,1,0,1,80,,2,1,0,0,1,82.0,,,,1,1,1,1,7
202100052166,2021-02-08 16:00:00,2021,2,8,16,0,2A,2A271,Baleone,41.9559969186,8.7978282273,Crépuscule ou aube,En agglomération,Hors intersection,Normale,Deux véhicules - côté,2,2,2,0,1,1,1,0,1,70,,2,1,0,1,0,28.0,27.0,,,2,2,1,1,3
202100052167,2021-02-09 17:25:00,2021,2,9,17,25,2B,2B346,Bernarduccio,42.513993,9.485208,Plein jour,Hors agglomération,Hors intersection,Normale,Autre collision,3,2,2,0,1,2,1,0,8,80,,1,0,1,0,0,52.0,,,,1,1,1,1,6
202100052168,2021-02-09 17:10:00,2021,2,9,17,10,80,80799,D523,49.878113,2.495635,Plein jour,Hors agglomération,Hors intersection,Autre,Trois véhicules et plus - en chaîne,3,2,2,0,1,2,7,0,1,80,,3,2,0,1,0,26.0,68.0,,,1,1,1,9,4
202100052169,2021-02-09 17:40:00,2021,2,9,17,40,71,71528,Chemin du Curtil Renaud,46.625204,5.149514,Crépuscule ou aube,Hors agglomération,Intersection en T,Normale,Deux véhicules - arrière,3,2,2,0,2,1,1,0,1,80,,2,1,0,0,1,38.0,58.0,,,2,1,3,1,2
202100052170,2021-02-08 13:15:00,2021,2,8,13,15,42,42312,Route de Saint-Etienne,45.4287,4.069469,Plein jour,En agglomération,Hors intersection,Normale,Deux véhicules - frontale,3,2,2,0,1,1,1,0,1,50,,2,1,0,0,1,71.0,30.0,,,1,2,1,1,1
202100052171,2021-02-09 10:30:00,2021,2,9,10,30,86,86286,Lieu Dit la Balbiniere,46.879159,0.142736,Plein jour,Hors agglomération,Hors intersection,Temps couvert,Deux véhicules - frontale,3,2,2,0,1,1,2,0,1,90,,2,0,1,0,1,29.0,47.0,,,1,1,1,8,1
202100052172,2021-02-09 08:30:00,2021,2,9,8,30,68,68158,D16,47.598748,7.364262,Plein jour,Hors agglomération,Hors intersection,Neige / grêle,Deux véhicules - frontale,3,2,2,0,1,1,5,0,1,80,,2,1,0,0,1,50.0,57.0,,,1,1,1,4,1
202100052173,2021-02-01 07:50:00,2021,2,1,7,50,29,29075,N265,48.42893,-4.437833,Nuit sans éclairage public,Hors agglomération,Hors intersection,Pluie légère,Trois véhicules et plus - collisions multiples,2,3,4,0,1,2,2,0,1,90,,3,2,0,0,1,21.0,29.0,,,3,1,1,2,5
202100052174,2021-02-09 13:00:00,2021,2,9,13,0,31,31118,Route de Bouloc,43.78898,1.386579,Plein jour,Hors agglomération,Intersection en X,Normale,Deux véhicules - côté,3,2,2,0,1,1,1,5,1,80,,2,0,0,0,2,57.0,40.0,,,1,1,2,1,3
202100052175,2021-02-09 16:00:00,2021,2,9,16,0,58,58087,"RD 137- PR 8,9 Lieu-dit Les bureaux",46.73453,3.479791,Plein jour,Hors agglomération,Hors intersection,Normale,Deux véhicules - frontale,3,2,2,0,2,2,1,0,8,80,,1,0,1,0,0,70.0,,,,1,1,1,1,1
202100052176,2021-02-07 16:40:00,2021,2,7,16,40,72,72269,Rue de la Perrine,47.919336,0.742037,Plein jour,En agglomération,Hors intersection,Normale,Deux véhicules - côté,4,2,2,0,2,1,2,0,1,50,,3,1,0,1,1,54.0,16.0,,,1,2,1,1,3
202100052177,2021-02-08 11:50:00,2021,2,8,11,50,16,16011,Lieu Dit Fongibaud,45.762381,0.202968,Plein jour,Hors agglomération,Hors intersection,Pluie légère,Autre collision,3,2,2,0,1,3,2,0,3,80,,1,0,0,1,0,82.0,,,,1,1,1,2,6
202100052178,2021-02-08 15:45:00,2021,2,8,15,45,07,07049,Beleac,44.838869,4.322466,Plein jour,Hors agglomération,Hors intersection,Normale,Autre collision,3,2,2,0,1,1,1,0,3,80,,1,0,0,1,0,47.0,,,,1,1,1,1,6
202100052179,2021-02-08 15:45:00,2021,2,8,15,45,30,30012,Avenue Jean Moulin,43.889674,4.682504,Plein jour,En agglomération,Hors intersection,Pluie légère,Deux véhicules - côté,4,2,2,1,1,1,2,0,5,50,,3,2,0,1,0,75.0,77.0,,,1,2,1,2,3
202100052180,2021-02-06 17:40:00,2021,2,6,17,40,973,97307,rn 2,4.850352,-52.331845,Plein jour,En agglomération,Hors intersection,Normale,Deux véhicules - côté,2,2,2,0,1,1,1,5,1,50,,2,1,0,1,0,45.0,57.0,,,1,2,1,1,3
202100052181,2021-02-04 07:45:00,2021,2,4,7,45,35,35210,RD 288,48.137987,-1.771159,Crépuscule ou aube,Hors agglomération,Hors intersection,Pluie légère,Deux véhicules - arrière,7,3,3,0,2,1,2,0,1,70,,2,1,0,1,0,19.0,55.0,,,2,1,1,2,2
202100052182,2021-02-08 10:35:00,2021,2,8,10,35,74,74221,route de la colombière,46.011225,6.529891,Plein jour,Hors agglomération,Hors intersection,Normale,Deux véhicules - frontale,3,2,2,0,2,4,1,0,1,80,,3,1,0,1,1,58.0,25.0,,,1,1,1,1,1
202100052183,2021-02-08 18:35:00,2021,2,8,18,35,06,06079,"AUTOROUTE A8 , CHAUSSÉE SUD, PK 159.100",43.543198,6.938767,Nuit sans éclairage public,Hors agglomération,Hors intersection,Pluie légère,Sans collision,1,3,3,0,1,3,2,0,1,110,,3,0,0,1,2,21.0,,,,3,1,1,2,7
202100052184,2021-02-09 05:50:00,2021,2,9,5,50,51,51572,A4,49.0379237014,4.6284147651,Nuit sans éclairage public,Hors agglomération,Hors intersection,Normale,Sans collision,1,3,4,0,1,1,1,0,3,130,,1,0,1,0,0,59.0,,,,3,1,1,1,7
202100052185,2021-02-08 17:30:00,2021,2,8,17,30,69,69027,GENERAL DE GAULLE (DU) (R),45.67537,4.764671,Crépuscule ou aube,En agglomération,Giratoire,Pluie légère,Autre collision,4,2,2,0,1,1,2,9,8,50,,3,1,0,0,2,43.0,,,,2,2,6,2,6
202100052186,2021-02-07 19:40:00,2021,2,7,19,40,971,97103,Route Nationale 02,16.257856,-61.604075,Nuit sans éclairage public,Hors agglomération,Hors intersection,Normale,Deux véhicules - frontale,2,2,3,0,2,1,1,0,1,80,,2,0,0,2,0,35.0,60.0,,,3,1,1,1,1
202100052187,2021-02-07 14:45:00,2021,2,7,14,45,988,98822,RT3 - poindimié village en face du snack NAAOUTEA,-20.938179,165.334309,Plein jour,En agglomération,Intersection en T,Normale,Autre collision,2,2,2,0,1,2,1,0,3,50,,2,1,0,1,0,22.0,,,,1,2,3,1,6
202100052188,2021-02-08 07:25:00,2021,2,8,7,25,971,97117,D114,16.302722,-61.366324,Plein jour,Hors agglomération,Hors intersection,Normale,Deux véhicules - arrière,3,2,2,0,1,1,1,0,1,80,,2,1,0,1,0,67.0,65.0,,,1,1,1,1,2
202100052189,2021-02-08 18:10:00,2021,2,8,18,10,978,97801,R DE SANDY GROUND,18.057763,-63.101274,Nuit sans éclairage public,En agglomération,Hors intersection,Normale,Sans collision,4,2,2,0,1,1,1,0,4,50,,2,1,0,1,0,,,,,3,2,1,1,7
202100052190,2021-02-09 08:45:00,2021,2,9,8,45,77,77145,N36,48.6049,2.738867,Plein jour,Hors agglomération,Hors intersection,Temps couvert,Autre collision,2,2,2,0,1,1,1,0,1,80,,4,1,1,0,2,85.0,44.0,,,1,1,1,8,6
202100052191,2021-02-09 19:07:00,2021,2,9,19,7,95,95392,62 grande rue,49.077155,2.205935,Nuit avec éclairage allumé,En agglomération,Hors intersection,Normale,Autre collision,4,1,1,0,1,1,1,0,1,50,,2,1,0,0,1,,,,,5,2,1,1,6
202100052192,2021-02-08 16:45:00,2021,2,8,16,45,34,34154,rond point du bocaccio,43.593567,3.947219,Crépuscule ou aube,Hors agglomération,Giratoire,Pluie légère,Deux véhicules - côté,3,1,1,0,1,2,2,0,1,50,,2,1,0,1,0,50.0,42.0,,,2,1,6,2,3
202100052193,2021-02-08 19:40:00,2021,2,8,19,40,83,83127,D2,43.268519,5.780611,Nuit avec éclairage allumé,Hors agglomération,Giratoire,Pluie légère,Deux véhicules - frontale,3,2,1,0,1,1,2,5,1,80,,2,0,0,1,1,44.0,44.0,,,5,1,6,2,1
202100052194,2021-02-08 10:27:00,2021,2,8,10,27,57,57160,DÉPARTEMENTAL 23,49.217541,6.664538,Plein jour,Hors agglomération,Hors intersection,Neige / grêle,Deux véhicules - arrière,3,2,2,0,1,1,2,0,1,80,,2,0,0,0,2,56.0,48.0,,,1,1,1,4,2
202100052195,2021-02-09 17:50:00,2021,2,9,17,50,07,07264,D86,44.312971,4.615395,Crépuscule ou aube,Hors agglomération,Autre intersection,Normale,Deux véhicules - côté,3,4,2,0,1,1,1,5,1,80,,3,1,0,0,2,23.0,21.0,,,2,1,9,1,3
202100052196,2021-02-07 17:45:00,2021,2,7,17,45,69,69136,ESSES (DES) (RTE),45.6483786938,4.7466214746,Crépuscule ou aube,Hors agglomération,Hors intersection,Normale,Deux véhicules - arrière,3,2,2,0,4,1,1,0,1,80,,3,1,0,0,2,25.0,30.0,,,2,1,1,1,2
202100052197,2021-02-09 06:00:00,2021,2,9,6,0,60,60489,nationale 2,49.1569907461,2.8449578741,Nuit avec éclairage allumé,Hors agglomération,Hors intersection,Normale,Deux véhicules - frontale,2,2,2,0,1,1,1,0,1,80,,3,0,0,3,0,39.0,41.0,,,5,1,1,1,1
202100052198,2021-02-08 20:10:00,2021,2,8,20,10,13,13055,A507 sens Aubagne- Marseille,43.32993,5.39015,Nuit avec éclairage allumé,Hors agglomération,Hors intersection,Pluie légère,Sans collision,1,3,3,0,1,3,1,1,1,70,,2,0,0,0,2,20.0,,,,5,1,1,2,7
202100052199,2021-02-05 08:00:00,2021,2,5,8,0,59,59288,AUTOROUTE A2,50.3222798715,3.4268760681,Plein jour,Hors agglomération,Hors intersection,Normale,Deux véhicules - arrière,1,3,4,0,1,1,1,0,1,110,,2,0,0,0,2,50.0,49.0,,,1,1,1,1,2
202100052200,2021-02-02 15:55:00,2021,2,2,15,55,62,62274,AUTOROUTE A1,50.432204,2.979226,Plein jour,Hors agglomération,Hors intersection,Temps couvert,Trois véhicules et plus - collisions multiples,1,3,3,0,1,1,2,0,1,110,,3,2,0,1,0,43.0,33.0,,,1,1,1,8,5
202100052201,2021-02-08 08:35:00,2021,2,8,8,35,91,91286,AUTOROUTE A6,48.65179,2.38293,Plein jour,Hors agglomération,Hors intersection,Normale,Deux véhicules - côté,1,1,4,0,1,1,1,0,1,110,,3,1,0,0,2,40.0,53.0,,,1,1,1,1,3
202100052202,2021-02-07 21:00:00,2021,2,7,21,0,974,97416,RN02,-21.35908,55.53549,Nuit sans éclairage public,Hors agglomération,Hors intersection,Normale,Autre collision,2,3,4,0,2,1,2,0,1,90,,3,0,0,0,3,28.0,,,,3,1,1,1,6
202100052203,2021-02-06 12:30:00,2021,2,6,12,30,973,97302,BADUEL (ROUTE DE),4.93909,-52.31828,Plein jour,En agglomération,Intersection en X,Normale,Deux véhicules - côté,3,2,2,0,1,1,1,0,1,50,,3,1,0,0,2,27.0,40.0,,,1,2,2,1,3
202100052204,2021-02-06 22:30:00,2021,2,6,22,30,973,97302,CESAIRE (CITE),4.93089,-52.32252,Nuit avec éclairage allumé,En agglomération,Intersection en X,Pluie légère,Trois véhicules et plus - collisions multiples,4,2,2,0,1,1,2,0,1,50,,4,1,0,0,3,18.0,18.0,,,5,2,2,2,5
202100052205,2021-02-07 12:00:00,2021,2,7,12,0,69,69259,ROGER SALENGRO (R),45.7188137138,4.8713395,Plein jour,En agglomération,Hors intersection,Normale,Autre collision,4,2,2,0,1,3,2,0,4,50,,2,1,0,0,1,23.0,,,,1,2,1,1,6
202100052206,2021-02-07 11:15:00,2021,2,7,11,15,69,69259,IRENE JOLIOT CURIE                  (BD),45.71764,4.87556,Plein jour,En agglomération,Hors intersection,Pluie légère,Deux véhicules - arrière,6,-1,-1,0,1,1,2,0,1,30,,2,1,0,0,1,60.0,58.0,,,1,2,1,2,2
202100052207,2021-02-06 04:44:00,2021,2,6,4,44,972,97209,GENERAL DE GAULLE (BLD DU),14.60786,-61.0692,Nuit avec éclairage allumé,En agglomération,Intersection en Y,Normale,Autre collision,2,3,4,0,1,1,1,0,1,50,,1,0,0,0,1,27.0,,,,5,2,4,1,6
202100052208,2021-02-07 16:05:00,2021,2,7,16,5,69,69389,ROGER SALENGRO (R),45.77811,4.80576,Plein jour,En agglomération,Intersection en X,Normale,Deux véhicules - côté,4,2,0,0,1,1,1,0,1,50,,3,2,0,0,1,35.0,20.0,,,1,2,2,1,3
202100052209,2021-02-07 11:35:00,2021,2,7,11,35,91,91479,PL HENRI BARBUSSE,48.71281,2.3635,Plein jour,En agglomération,Autre intersection,Pluie légère,Autre collision,4,1,2,0,1,2,2,9,6,30,,2,1,0,0,1,30.0,,,,1,2,9,2,6
202100052210,2021-02-07 02:20:00,2021,2,7,2,20,54,54357,METZ (avenue de ),48.712624422,6.1680712976,Nuit avec éclairage allumé,En agglomération,Intersection en X,Pluie légère,Deux véhicules - côté,7,2,3,0,1,1,2,0,1,50,,2,0,0,0,2,22.0,24.0,,,5,2,2,2,3
202100052211,2021-02-07 10:30:00,2021,2,7,10,30,51,51454,Avenue Jean Jaurès,49.2579975897,4.0408140977,Plein jour,En agglomération,Hors intersection,Temps couvert,Deux véhicules - côté,4,2,3,3,1,1,1,0,1,50,,2,1,0,0,1,31.0,33.0,,,1,2,1,8,3
202100052212,2021-02-05 12:05:00,2021,2,5,12,5,50,50218,MATIGNON (AV DES),48.83782,-1.56186,Plein jour,En agglomération,Hors intersection,Normale,Deux véhicules - arrière,3,2,2,0,1,1,1,0,1,50,,3,2,0,0,1,24.0,52.0,,,1,2,1,1,2
202100052213,2021-02-07 19:00:00,2021,2,7,19,0,45,45208,Rue Emile Mengin,48.00369,2.74192,Nuit avec éclairage allumé,En agglomération,Hors intersection,Pluie légère,Autre collision,4,2,2,0,1,1,2,0,3,50,,1,0,0,0,1,82.0,,,,5,2,1,2,6
202100052214,2021-02-07 13:17:00,2021,2,7,13,17,38,38544,CD 41,45.52349,4.88984,Plein jour,Hors agglomération,Hors intersection,Pluie légère,Deux véhicules - arrière,3,2,2,0,2,1,2,0,1,70,,2,1,0,0,1,22.0,45.0,,,1,1,1,2,2
202100052215,2021-02-07 19:00:00,2021,2,7,19,0,33,33063,Cours de la Marne,44.83042,-0.57117,Nuit avec éclairage allumé,En agglomération,Hors intersection,Normale,Deux véhicules - frontale,4,2,3,3,1,1,1,0,1,50,,2,1,0,0,1,34.0,38.0,,,5,2,1,1,1
202100052216,2021-02-06 17:02:00,2021,2,6,17,2,29,29232,D785 - Boulevard de Poulguinan,47.9840250297,-4.1158631444,Plein jour,Hors agglomération,Hors intersection,Normale,Deux véhicules - arrière,3,3,4,0,1,1,1,2,1,70,,2,1,0,0,1,23.0,28.0,,,1,1,1,1,2
202100052217,2021-02-06 14:35:00,2021,2,6,14,35,29,29232,Avenue de Gourvily,48.01539,-4.08573,Plein jour,En agglomération,Intersection en T,Normale,Deux véhicules - côté,4,2,2,0,1,1,1,0,1,50,,4,3,0,0,1,40.0,37.0,,,1,2,3,1,3
202100052218,2021-02-07 05:40:00,2021,2,7,5,40,15,15014,Rue du Président Delzons,44.92927,2.44336,Nuit avec éclairage allumé,En agglomération,Hors intersection,Pluie légère,Autre collision,4,2,2,0,2,2,2,0,4,30,,1,0,0,0,1,23.0,,,,5,2,1,2,6
202100052219,2021-02-07 09:45:00,2021,2,7,9,45,13,13212,24 AVRIL 15 (AVENUE DU),43.308009,5.434047,Plein jour,En agglomération,Hors intersection,Temps couvert,Trois véhicules et plus - collisions multiples,4,2,2,0,2,1,2,0,1,50,,3,2,0,0,1,86.0,25.0,,,1,2,1,8,5
202100052220,2021-02-07 09:35:00,2021,2,7,9,35,13,13211,PEINTRES ROUX (avenue),43.301032,5.476484,Plein jour,En agglomération,Hors intersection,Normale,Sans collision,7,1,1,0,1,1,1,0,1,50,,2,0,0,0,2,45.0,,,,1,2,1,1,7
202100052221,2021-02-07 19:00:00,2021,2,7,19,0,13,13063,ALBERT CAMUS  RUE,43.588851,5.005116,Nuit avec éclairage allumé,En agglomération,Hors intersection,Normale,Deux véhicules - côté,4,2,2,0,1,1,1,0,1,30,,2,1,0,0,1,34.0,44.0,,,5,2,1,1,3
202100052222,2021-02-07 13:50:00,2021,2,7,13,50,13,13044,RD 569,43.6294049748,5.0182561129,Plein jour,Hors agglomération,Hors intersection,Normale,Deux véhicules - frontale,7,2,2,0,1,4,1,2,1,70,,2,0,0,0,2,20.0,,,,1,1,1,1,1
202100052223,2021-02-06 17:45:00,2021,2,6,17,45,13,13047,RADOLFZELL AVENUE DE,43.4992376568,4.9882900996,Nuit avec éclairage allumé,En agglomération,Hors intersection,Vent fort / tempête,Trois véhicules et plus - en chaîne,4,2,2,0,2,1,1,2,1,50,,8,5,0,0,3,34.0,50.0,,,5,2,1,6,4
202100052224,2021-02-07 18:10:00,2021,2,7,18,10,13,13028,LOUP (CHEMIN DE SAINT),43.18,5.59,Plein jour,En agglomération,Hors intersection,Normale,Deux véhicules - frontale,7,2,2,0,1,2,1,0,1,30,,2,0,0,0,2,27.0,15.0,,,1,2,1,1,1
202100052225,2021-02-07 17:30:00,2021,2,7,17,30,13,13001,R.N 296,43.55787,5.44774,Plein jour,En agglomération,Hors intersection,Normale,Trois véhicules et plus - en chaîne,2,3,4,0,1,1,1,0,1,90,,5,1,0,0,4,27.0,19.0,,,1,2,1,1,4
202100052226,2021-02-07 12:30:00,2021,2,7,12,30,13,13001,PIOLINE (CH DE LA),43.51028,5.40948,Plein jour,En agglomération,Hors intersection,Normale,Deux véhicules - arrière,7,2,2,0,1,1,1,0,1,50,,2,1,0,0,1,39.0,32.0,,,1,2,1,1,2
202100052227,2021-02-06 09:20:00,2021,2,6,9,20,75,75120,ECHANGEUR BAGNOLET,48.8661389412,2.4128444448,Plein jour,En agglomération,Hors intersection,Pluie légère,Deux véhicules - arrière,4,1,2,0,2,2,2,0,1,50,,2,1,0,0,1,,63.0,,,1,2,1,2,2
202100052228,2021-02-07 17:50:00,2021,2,7,17,50,75,75116,AVENUE DU PRESIDENT KENNEDY,48.853925,2.282792,Nuit avec éclairage allumé,En agglomération,Hors intersection,Pluie légère,Autre collision,4,-1,3,3,1,1,2,0,1,50,,2,0,0,0,2,51.0,,,,5,2,1,2,6
202100052229,2021-02-07 19:20:00,2021,2,7,19,20,75,75114,AVENUE DENFERT ROCHEREAU,48.838618,2.336626,Nuit avec éclairage allumé,En agglomération,Intersection en X,Pluie légère,Deux véhicules - arrière,4,2,3,3,1,1,2,-1,6,50,,2,1,0,0,1,47.0,77.0,,,5,2,2,2,2
202100052230,2021-02-02 16:05:00,2021,2,2,16,5,75,75111,RUE DE LA ROQUETTE,48.854977,2.37321,Plein jour,En agglomération,Hors intersection,Normale,Autre collision,4,1,1,0,1,1,1,0,1,30,,2,1,0,1,0,,,,,1,2,1,1,6
202100052231,2021-02-06 14:10:00,2021,2,6,14,10,75,75109,BOULEVARD MONTMARTRE,48.871489,2.343067,Plein jour,En agglomération,Intersection en X,Pluie légère,Deux véhicules - côté,4,2,5,0,1,1,2,0,1,50,,2,1,0,0,1,22.0,21.0,,,1,2,2,2,3
202100052232,2021-02-07 13:35:00,2021,2,7,13,35,75,75107,QUAI D ORSAY,48.862572,2.31041,Plein jour,En agglomération,Intersection en X,Pluie légère,Sans collision,4,2,2,1,1,1,2,-1,5,50,,1,0,0,0,1,27.0,,,,1,2,2,2,7
202100052233,2021-02-06 22:50:00,2021,2,6,22,50,93,93070,GABRIEL-PERI (AV),48.9024149906,2.3306250572,Nuit avec éclairage allumé,En agglomération,Intersection en T,Pluie légère,Deux véhicules - côté,3,2,2,0,2,1,2,0,1,50,,2,1,0,0,1,62.0,24.0,,,5,2,3,2,3
202100052234,2021-02-07 12:00:00,2021,2,7,12,0,92,92035,Jules Ferry ( rue ),48.9044899048,2.2361053526,Plein jour,En agglomération,Intersection en X,Pluie légère,Deux véhicules - côté,4,2,2,0,1,1,2,0,1,50,,2,1,0,0,1,44.0,20.0,,,1,2,2,2,3
202100052235,2021-02-07 00:18:00,2021,2,7,0,18,92,92002,BOIS DE VERRIERES (AVENUE DU),48.7550971892,2.2881477992,Nuit avec éclairage allumé,En agglomération,Hors intersection,Pluie légère,Autre collision,4,-1,2,0,1,1,2,0,1,50,,1,0,0,0,1,18.0,,,,5,2,1,2,6
202100052236,2021-02-06 12:00:00,2021,2,6,12,0,13,13210,A50-Sens Marseille vers Aubagne,43.28484,5.41741,Plein jour,Hors agglomération,Hors intersection,Normale,Trois véhicules et plus - collisions multiples,1,1,3,0,1,1,1,0,1,90,,5,2,0,0,3,62.0,36.0,,,1,1,1,1,5
202100052237,2021-02-06 13:53:00,2021,2,6,13,53,69,69204,A450,45.6841,4.80462,Plein jour,Hors agglomération,Hors intersection,Normale,Deux véhicules - arrière,1,3,4,0,1,1,1,0,1,90,,2,0,1,0,1,32.0,26.0,,,1,1,1,1,2
202100052238,2021-02-07 16:15:00,2021,2,7,16,15,91,91064,RN 118,48.76087,2.22624,Plein jour,Hors agglomération,Hors intersection,Pluie légère,Autre collision,2,3,4,0,1,1,2,0,1,90,,2,0,0,0,2,22.0,,,,1,1,1,2,6
202100052239,2021-02-07 16:30:00,2021,2,7,16,30,91,91377,AUTOROUTE A10,48.715833,2.290298,Plein jour,Hors agglomération,Hors intersection,Pluie légère,Trois véhicules et plus - en chaîne,1,3,3,0,1,1,2,0,1,90,,4,2,0,0,2,55.0,36.0,,,1,1,1,2,4
202100052240,2021-02-07 13:50:00,2021,2,7,13,50,94,94065,AUTOROUTE A86,48.754699438,2.3475930512,Plein jour,Hors agglomération,Hors intersection,Pluie légère,Autre collision,2,1,2,0,2,3,2,0,2,70,,1,0,0,0,1,50.0,,,,1,1,1,2,6
202100052241,2021-02-07 13:10:00,2021,2,7,13,10,91,91471,RD 188 CHEVREUSE,48.69274,2.18612,Plein jour,Hors agglomération,Hors intersection,Pluie légère,Deux véhicules - frontale,3,2,2,0,1,1,1,0,1,80,,2,0,0,0,2,78.0,32.0,,,1,1,1,2,1
202100052242,2021-02-07 12:00:00,2021,2,7,12,0,91,91521,RN 104,48.627,2.4,Plein jour,Hors agglomération,Hors intersection,Pluie légère,Autre collision,2,1,2,0,1,2,2,0,1,70,,2,1,0,0,1,27.0,,,,1,1,1,2,6
202100052243,2021-02-06 21:00:00,2021,2,6,21,0,91,91645,RN 385 Extèrieure,48.760008,2.257768,Nuit sans éclairage public,Hors agglomération,Hors intersection,Pluie forte,Trois véhicules et plus - en chaîne,2,1,2,0,2,1,2,0,1,90,,3,2,0,0,1,30.0,38.0,,,3,1,1,3,4
202100052244,2021-02-06 16:35:00,2021,2,6,16,35,92,92019,RN 385 Extèrieure,48.75986,2.27164,Plein jour,Hors agglomération,Hors intersection,Pluie forte,Deux véhicules - arrière,2,1,2,0,2,1,2,0,1,90,,2,1,0,0,1,28.0,26.0,,,1,1,1,3,2
202100052245,2021-02-07 15:00:00,2021,2,7,15,0,78,78423,A12 W,48.793498,2.040668,Plein jour,Hors agglomération,Hors intersection,Pluie légère,Deux véhicules - côté,1,3,4,0,1,1,2,0,1,70,,3,2,0,0,1,21.0,46.0,,,1,1,1,2,3
202100052246,2021-02-07 13:20:00,2021,2,7,13,20,92,92050,A86,48.914276649,2.2194430375,Plein jour,Hors agglomération,Hors intersection,Pluie légère,Autre collision,1,3,6,0,1,1,3,0,2,90,,1,0,0,0,1,21.0,,,,1,1,1,2,6
202100052247,2021-02-07 01:15:00,2021,2,7,1,15,92,92025,A86,48.9351911105,2.2598681872,Nuit avec éclairage allumé,Hors agglomération,Hors intersection,Pluie légère,Autre collision,1,3,4,0,1,2,2,0,1,90,,1,0,0,0,1,24.0,,,,5,1,1,2,6
202100052248,2021-02-07 19:45:00,2021,2,7,19,45,95,95527,RN 104,49.0270424864,2.515069453,Nuit sans éclairage public,Hors agglomération,Hors intersection,Pluie légère,Deux véhicules - arrière,2,3,4,0,1,1,2,0,1,110,,2,1,0,0,1,27.0,23.0,,,3,1,1,2,2
202100052249,2021-02-07 13:00:00,2021,2,7,13,0,95,95572, A15,49.0335,2.10985,Plein jour,Hors agglomération,Hors intersection,Pluie légère,Autre collision,1,3,5,0,2,2,2,3,1,70,,1,0,0,0,1,22.0,,,,1,1,1,2,6