accident_id,datetime,annee,mois,jour,heure,minute,departement,commune_insee,adresse,latitude,longitude,luminosite,agglomeration,intersection,meteo,collision,catr,circ,nbv,vosp,prof,plan,surf,infra,situ,vma,nb_vehicules,nb_usagers,nb_indemnes,nb_tues,nb_blesses_hosp,nb_blesses_legers,age_cond_1,age_cond_2,veh_type_cond_1,veh_type_cond_2,lum_code,agg_code,int_code,atm_code,col_code
202100052250,2021-02-07 11:45:00,2021,2,7,11,45,92,92036,AUTOROUTE A15,48.93842,2.29422,Plein jour,Hors agglomération,Hors intersection,Pluie légère,Trois véhicules et plus - collisions multiples,1,3,8,0,2,2,2,0,1,50,,4,3,0,0,1,20.0,51.0,,,1,1,1,2,5
202100052251,2021-02-06 18:05:00,2021,2,6,18,5,95,95018,AUTOROUTE A15,48.9607191984,2.2703658172,Nuit sans éclairage public,Hors agglomération,Hors intersection,Pluie forte,Autre collision,1,3,12,0,3,1,2,0,1,110,,1,0,0,0,1,58.0,,,,3,1,1,3,6
202100052252,2021-02-06 16:00:00,2021,2,6,16,0,95,95572, A15,49.0323954232,2.1105853853,Plein jour,Hors agglomération,Hors intersection,Pluie forte,Autre collision,1,3,8,0,2,2,2,3,1,70,,1,0,0,0,1,53.0,,,,1,1,1,3,6
202100052253,2021-02-06 20:30:00,2021,2,6,20,30,94,94073,A86 EXT,48.7609888888,2.3826099002,Nuit avec éclairage allumé,Hors agglomération,Hors intersection,Pluie forte,Deux véhicules - côté,1,3,3,0,1,3,2,1,1,70,,3,1,0,0,2,30.0,24.0,,,5,1,1,3,3
202100052254,2021-02-07 14:15:00,2021,2,7,14,15,37,37092,D910,47.5171931962,0.8149632344,Plein jour,Hors agglomération,Hors intersection,Normale,Autre collision,3,2,2,0,1,1,1,0,3,90,,1,0,0,1,0,47.0,,,,1,1,1,1,6
202100052255,2021-02-08 11:14:00,2021,2,8,11,14,62,62393,Rue du Houlet,50.922902,1.974744,Plein jour,En agglomération,Hors intersection,Neige / grêle,Autre collision,4,2,2,0,1,2,7,9,8,90,,1,0,1,0,0,49.0,,,,1,2,1,4,6
202100052256,2021-02-07 15:45:00,2021,2,7,15,45,62,62338,120 Rue Louis Bouquet,50.633383,2.828384,Plein jour,Hors agglomération,Hors intersection,Normale,Deux véhicules - frontale,3,2,2,0,1,2,2,0,1,70,,2,1,0,1,0,47.0,47.0,,,1,1,1,1,1
202100052257,2021-02-08 08:14:00,2021,2,8,8,14,68,68315,Route Départementale 83,47.885557,7.254667,Plein jour,Hors agglomération,Hors intersection,Pluie légère,Trois véhicules et plus - en chaîne,3,3,4,0,1,1,2,0,1,110,,4,1,0,1,2,66.0,52.0,,,1,1,1,2,4
202100052258,2021-02-06 16:50:00,2021,2,6,16,50,51,51662,D88,49.285947,4.130387,Crépuscule ou aube,Hors agglomération,Hors intersection,Pluie légère,Sans collision,3,2,2,0,2,2,2,0,1,80,,1,0,0,0,1,51.0,,,,2,1,1,2,7
202100052259,2021-02-08 14:15:00,2021,2,8,14,15,74,74208,Rte de Plaine Joux,45.946015,6.722032,Plein jour,Hors agglomération,Hors intersection,Normale,Autre collision,3,2,2,0,2,1,2,0,3,80,,1,0,0,0,1,59.0,,,,1,1,1,1,6
202100052260,2021-02-08 13:00:00,2021,2,8,13,0,80,80639,N25,49.934815,2.307301,Plein jour,Hors agglomération,Hors intersection,Temps couvert,Deux véhicules - côté,2,2,3,0,2,1,1,0,1,90,,2,1,0,1,0,29.0,82.0,,,1,1,1,8,3
202100052261,2021-02-07 03:40:00,2021,2,7,3,40,11,11206,rd 118 avenue de catalogne,43.045346,2.222993,Nuit avec éclairage allumé,En agglomération,Hors intersection,Normale,Autre collision,3,2,2,0,1,1,1,0,3,50,,1,0,0,1,0,22.0,,,,5,2,1,1,6
202100052262,2021-01-09 18:00:00,2021,1,9,18,0,46,46309,Avenue Martin Malvy,44.89702,1.470777,Nuit avec éclairage allumé,En agglomération,Hors intersection,Normale,Autre collision,4,2,2,0,1,1,1,0,1,50,,3,2,0,1,0,22.0,,,,5,2,1,1,6
202100052263,2021-02-08 12:20:00,2021,2,8,12,20,47,47110,D299,44.461381,0.266077,Plein jour,Hors agglomération,Hors intersection,Pluie légère,Deux véhicules - arrière,3,2,2,0,1,1,2,0,1,80,,2,1,0,1,0,30.0,40.0,,,1,1,1,2,2
202100052264,2021-01-23 17:40:00,2021,1,23,17,40,41,41164,Rue Nationale,47.277774,1.396607,Crépuscule ou aube,En agglomération,Intersection en Y,Temps couvert,Deux véhicules - côté,3,3,2,0,1,1,2,0,1,50,,2,1,0,1,0,66.0,28.0,,,2,2,4,8,3
202100052265,2021-02-08 11:30:00,2021,2,8,11,30,26,26277,Route d’Autichamp,44.68861,4.944544,Plein jour,Hors agglomération,Intersection en T,Temps couvert,Deux véhicules - côté,3,2,2,0,2,1,1,0,1,80,,2,1,0,1,0,43.0,75.0,,,1,1,3,8,3
202100052266,2021-02-04 10:08:00,2021,2,4,10,8,14,14100,lieu dit le grand moulin,49.05523,-0.345823,Plein jour,Hors agglomération,Hors intersection,Normale,Sans collision,3,2,2,0,1,1,1,0,1,80,,2,1,0,0,1,17.0,,,,1,1,1,1,7
202100052267,2021-02-08 14:08:00,2021,2,8,14,8,60,60187,n31,49.444294,1.829224,Plein jour,En agglomération,Intersection en X,Autre,Deux véhicules - côté,2,2,2,0,1,1,1,0,1,70,,2,1,0,1,0,28.0,49.0,,,1,2,2,9,3
202100052268,2021-02-07 17:30:00,2021,2,7,17,30,43,43135,Route de Chadron,44.942221,3.974696,Plein jour,Hors agglomération,Hors intersection,Normale,Deux véhicules - frontale,3,2,2,0,1,4,1,0,1,80,,2,1,0,1,0,50.0,84.0,,,1,1,1,1,1
202100052269,2021-02-08 08:05:00,2021,2,8,8,5,24,24352,La Grande Clavelie,45.221385,0.332674,Plein jour,Hors agglomération,Hors intersection,Temps couvert,Autre collision,4,2,2,0,2,1,2,0,8,50,,1,0,0,1,0,52.0,,,,1,1,1,8,6
202100052270,2021-02-08 08:50:00,2021,2,8,8,50,30,30147,RD 907,44.014562,4.041703,Plein jour,En agglomération,Hors intersection,Normale,Autre collision,3,2,2,0,2,1,1,0,1,50,,1,0,0,1,0,60.0,,,,1,2,1,1,6
202100052271,2021-02-08 09:00:00,2021,2,8,9,0,30,30071,D106,44.028834,4.127512,Plein jour,Hors agglomération,Hors intersection,Normale,Deux véhicules - frontale,3,2,2,0,1,3,1,0,1,80,,2,1,0,1,0,48.0,20.0,,,1,1,1,1,1
202100052272,2021-02-07 15:35:00,2021,2,7,15,35,03,03031,A71,46.4200903678,2.702380812,Plein jour,Hors agglomération,Hors intersection,Pluie forte,Sans collision,1,1,4,0,1,1,2,0,2,110,,1,0,0,1,0,56.0,,,,1,1,1,3,7
202100052273,2021-02-08 13:00:00,2021,2,8,13,0,69,69044,PARIS (DE) (RTE),45.77773,4.75153,Plein jour,Hors agglomération,Hors intersection,Normale,Sans collision,7,2,2,0,1,1,1,0,1,70,,1,0,0,0,1,18.0,,,,1,1,1,1,7
202100052274,2021-02-07 17:25:00,2021,2,7,17,25,74,74169,D1205,46.063539,6.540046,Crépuscule ou aube,Hors agglomération,Giratoire,Normale,Deux véhicules - frontale,3,2,2,0,1,2,1,0,1,80,,3,2,0,1,0,28.0,35.0,,,2,1,6,1,1
202100052275,2021-02-08 06:45:00,2021,2,8,6,45,973,97303,Counamama,5.450378,-53.137286,Plein jour,Hors agglomération,Hors intersection,Pluie légère,Trois véhicules et plus - collisions multiples,2,2,1,0,1,1,2,2,1,80,,3,2,0,0,1,36.0,72.0,,,1,1,1,2,5
202100052276,2021-02-06 14:45:00,2021,2,6,14,45,971,97125,Route Touristique,16.246526,-61.291834,Plein jour,En agglomération,Hors intersection,Pluie légère,Autre collision,4,2,2,0,1,1,2,0,3,90,,2,1,0,1,0,63.0,,,,1,2,1,2,6
202100052277,2021-02-08 10:47:00,2021,2,8,10,47,78,78443,D912,48.803846,1.865863,Plein jour,Hors agglomération,Intersection en Y,Temps couvert,Deux véhicules - côté,3,2,2,0,1,2,1,5,1,70,,2,1,0,0,1,33.0,26.0,,,1,1,4,8,3
202100052278,2021-02-07 13:15:00,2021,2,7,13,15,30,30155,Chemin de Saint Paul,43.816527,4.46679,Plein jour,En agglomération,Intersection en X,Normale,Deux véhicules - côté,3,2,-1,0,1,1,1,0,1,-1,,2,1,0,1,0,26.0,58.0,,,1,2,2,1,3
202100052279,2021-02-08 03:20:00,2021,2,8,3,20,11,11022,Route départementale 606,43.271999,2.66957,Nuit sans éclairage public,Hors agglomération,Hors intersection,Normale,Autre collision,3,2,2,0,1,1,1,0,1,80,,1,0,0,1,0,21.0,,,,3,1,1,1,6
202100052280,2021-02-07 12:00:00,2021,2,7,12,0,34,34154,D24e8,43.624093,4.012097,Plein jour,Hors agglomération,Hors intersection,Normale,Autre collision,3,2,3,0,1,1,1,5,1,70,,2,1,0,1,0,19.0,,,,1,1,1,1,6
202100052281,2021-02-06 16:15:00,2021,2,6,16,15,89,89399,Autoroute  A5,48.244825,3.355207,Plein jour,Hors agglomération,Hors intersection,Normale,Deux véhicules - arrière,1,3,4,0,2,1,1,0,1,130,,6,5,0,0,1,33.0,30.0,,,1,1,1,1,2
202100052282,2021-02-08 10:48:00,2021,2,8,10,48,88,88260,Route de Portieux,48.356033,6.331895,Plein jour,Hors agglomération,Hors intersection,Neige / grêle,Deux véhicules - frontale,3,2,2,0,1,2,2,0,1,80,,2,1,1,0,0,76.0,63.0,,,1,1,1,4,1
202100052283,2021-02-08 12:30:00,2021,2,8,12,30,54,54260,Hériménil RN4,48.569679,6.509356,Plein jour,Hors agglomération,Hors intersection,Neige / grêle,Deux véhicules - côté,2,3,2,0,1,1,2,0,1,110,,3,1,0,0,2,25.0,24.0,,,1,1,1,4,3
202100052284,2021-02-07 20:50:00,2021,2,7,20,50,74,74287,Rte du Val d'Hermone,46.298258,6.53061,Nuit sans éclairage public,Hors agglomération,Hors intersection,Autre,Autre collision,3,2,2,0,1,2,2,0,3,80,,1,0,0,1,0,18.0,,,,3,1,1,9,6
202100052285,2021-02-07 19:10:00,2021,2,7,19,10,74,74128,Rte de Thonon,46.155006,6.31936,Nuit sans éclairage public,Hors agglomération,Hors intersection,Normale,Deux véhicules - arrière,3,2,2,0,4,1,1,0,1,90,,2,1,0,0,1,30.0,51.0,,,3,1,1,1,2
202100052286,2021-02-08 15:45:00,2021,2,8,15,45,86,86079,Rue du Calvaire,46.962748,0.181162,Plein jour,Hors agglomération,Hors intersection,Normale,Sans collision,4,2,2,0,1,1,1,0,1,80,,1,0,0,1,0,16.0,,,,1,1,1,1,7
202100052287,2021-02-07 01:00:00,2021,2,7,1,0,974,97416,DES ASSISES(CHEMIN),-21.2788,55.4667,Nuit avec éclairage allumé,En agglomération,Hors intersection,Normale,Deux véhicules - frontale,4,2,2,0,2,1,1,0,4,30,,2,1,0,0,1,,,,,5,2,1,1,1
202100052288,2021-02-06 18:10:00,2021,2,6,18,10,974,97411,MOULIN A VENT (RUE DU),-20.87389,55.45149,Plein jour,En agglomération,Intersection en X,Normale,Deux véhicules - côté,4,1,1,0,1,1,1,0,1,30,,2,1,0,0,1,47.0,32.0,,,1,2,2,1,3
202100052289,2021-02-07 02:20:00,2021,2,7,2,20,69,69383,GARIBALDI (R),45.75691,4.85273,Nuit avec éclairage allumé,En agglomération,Hors intersection,Pluie légère,Sans collision,4,2,5,3,1,1,2,9,1,50,,1,0,0,0,1,50.0,,,,5,2,1,2,7
202100052290,2021-02-06 16:50:00,2021,2,6,16,50,69,69259,ANDRE SENTUC (R),45.70893,4.86964,Plein jour,En agglomération,Intersection en T,Temps couvert,Deux véhicules - côté,4,2,2,1,1,1,1,0,1,50,,2,1,0,0,1,22.0,33.0,,,1,2,3,8,3
202100052291,2021-02-06 13:00:00,2021,2,6,13,0,69,69383,FERDINAND BUISSON (R),45.75168,4.89496,Plein jour,En agglomération,Intersection en X,Normale,Deux véhicules - frontale,4,1,1,0,1,1,1,0,1,50,,3,2,0,0,1,51.0,35.0,,,1,2,2,1,1
202100052292,2021-02-06 14:35:00,2021,2,6,14,35,69,69382,BAYARD (CR),45.74395,4.82103,Plein jour,En agglomération,Intersection en X,Temps couvert,Deux véhicules - côté,4,2,2,0,1,1,1,0,1,30,,2,1,0,0,1,86.0,23.0,,,1,2,2,8,3
202100052293,2021-02-03 12:30:00,2021,2,3,12,30,971,97101,MARECHAL LECLERC,16.2574,-61.52963,Plein jour,En agglomération,Autre intersection,Normale,Autre collision,4,2,2,0,1,1,1,0,1,50,,2,1,0,0,1,39.0,,,,1,2,9,1,6
202100052294,2021-02-06 18:50:00,2021,2,6,18,50,971,97107,PAUL LACAVE ( AVENUE ),16.0454,-61.5629,Nuit avec éclairage non allumé,En agglomération,Hors intersection,Pluie légère,Deux véhicules - côté,2,1,1,0,1,1,2,0,1,50,,6,5,0,0,1,31.0,24.0,,,4,2,1,2,3
202100052295,2021-02-06 11:30:00,2021,2,6,11,30,91,91161,AV PIERRE BROSSOLETTE,48.699492,2.304664,Plein jour,En agglomération,Intersection en T,Pluie légère,Deux véhicules - arrière,3,-1,1,0,1,1,2,0,1,50,,4,3,0,0,1,39.0,,,,1,2,3,2,2
202100052296,2021-02-06 15:00:00,2021,2,6,15,0,86,86194,Rue Normandie Niemen,46.564647,0.338784,Plein jour,En agglomération,Hors intersection,Pluie forte,Autre collision,4,2,2,0,1,1,2,0,1,50,,2,1,0,0,1,22.0,,,,1,2,1,3,6
202100052297,2021-02-05 17:25:00,2021,2,5,17,25,83,83137,COLLET (AVE AMIRAL),43.129,5.92418,Plein jour,En agglomération,Hors intersection,Normale,Deux véhicules - côté,4,1,2,2,2,1,1,6,1,50,,2,1,0,1,0,22.0,54.0,,,1,2,1,1,3
202100052298,2021-02-06 14:40:00,2021,2,6,14,40,77,77258,TOUR D'AUVERGNE (RUE DE LA),48.840373,2.648767,Plein jour,En agglomération,Intersection en T,Pluie forte,Deux véhicules - côté,4,2,2,0,1,1,2,6,1,50,,2,1,0,0,1,47.0,73.0,,,1,2,3,3,3
202100052299,2021-02-06 08:15:00,2021,2,6,8,15,77,77285,MARIE CURIE (SQUARE),48.54198,2.62687,Crépuscule ou aube,En agglomération,Hors intersection,Normale,Autre collision,4,-1,0,3,1,1,1,6,8,30,,2,1,0,1,0,51.0,,,,2,2,1,1,6
202100052300,2021-02-02 13:35:00,2021,2,2,13,35,74,74281,CORNICHE (BD DE LA) INFERIEUR N°20,46.37226,6.4741,Plein jour,En agglomération,Hors intersection,Pluie légère,Autre collision,4,2,2,0,1,1,2,9,1,50,,2,1,0,0,1,91.0,,,,1,2,1,2,6
202100052301,2021-02-06 10:20:00,2021,2,6,10,20,74,74305,MONTREAL (RUE DE),46.20287,6.27573,Plein jour,En agglomération,Hors intersection,Temps couvert,Deux véhicules - côté,4,3,4,1,1,1,1,0,5,50,,2,1,0,0,1,37.0,57.0,,,1,2,1,8,3
202100052302,2021-02-05 11:55:00,2021,2,5,11,55,72,72181,BANJAN (RUE) N° IMP,48.0,0.2,Plein jour,En agglomération,Hors intersection,Normale,Autre collision,4,2,2,0,2,1,1,0,1,30,,2,1,0,0,1,84.0,,,,1,2,1,1,6
202100052303,2021-02-06 23:50:00,2021,2,6,23,50,59,59599,COLBERT (RUE),50.73653,3.17672,Nuit avec éclairage allumé,En agglomération,Intersection en T,Pluie légère,Deux véhicules - frontale,4,2,2,0,1,1,2,0,1,50,,2,1,0,0,1,18.0,39.0,,,5,2,3,2,1
202100052304,2021-02-03 09:55:00,2021,2,3,9,55,59,59650,PHILIPPOT (RUE GEORGES),50.71087,3.20685,Plein jour,En agglomération,Hors intersection,Pluie forte,Autre collision,4,2,2,0,1,2,2,0,1,50,,2,1,0,0,1,39.0,,,,1,2,1,3,6
202100052305,2021-02-06 16:01:00,2021,2,6,16,1,56,56260,GIRATOIRE DU DR CADORET,47.6653,-2.7508,Plein jour,En agglomération,Giratoire,Normale,Sans collision,4,3,1,0,1,2,8,5,1,50,,2,1,0,1,0,66.0,,,,1,2,6,1,7
202100052306,2021-02-05 07:50:00,2021,2,5,7,50,56,56260,TOHANNIC (AVENUE DE),47.64683,-2.74354,Nuit avec éclairage non allumé,En agglomération,Giratoire,Pluie forte,Autre collision,4,1,1,0,1,1,2,0,1,30,,2,1,1,0,0,88.0,,,,4,2,6,3,6
202100052307,2021-02-07 01:30:00,2021,2,7,1,30,54,54395,VINGT SIXIEME R.I. (BOULEVARD DU 46 A FI,48.6967095796,6.189241223,Nuit avec éclairage allumé,En agglomération,Hors intersection,Pluie légère,Autre collision,4,3,4,0,1,1,2,0,1,50,,1,0,0,0,1,20.0,,,,5,2,1,2,6
202100052308,2021-02-06 11:00:00,2021,2,6,11,0,54,54395,MON DESERT (RUE),48.684116633,6.1767183244,Plein jour,En agglomération,Intersection en T,Normale,Autre collision,7,1,2,0,1,1,1,0,1,30,,2,1,0,0,1,50.0,,,,1,2,3,1,6
202100052309,2021-02-06 17:17:00,2021,2,6,17,17,51,51454,Rue Francois Mauriac,49.2366735693,3.9971027261,Crépuscule ou aube,En agglomération,Hors intersection,Pluie légère,Deux véhicules - frontale,3,2,2,0,1,1,2,0,1,50,,2,0,0,0,2,56.0,38.0,,,2,2,1,2,1
202100052310,2021-02-05 20:05:00,2021,2,5,20,5,51,51454,Rue de Vesle,49.253428147,4.0287633484,Nuit avec éclairage allumé,En agglomération,Hors intersection,Normale,Deux véhicules - frontale,4,2,2,3,1,1,1,-1,6,30,,2,1,0,1,0,49.0,25.0,,,5,2,1,1,1
202100052311,2021-02-06 18:00:00,2021,2,6,18,0,45,45004,RD 2007,47.979012,2.742147,Crépuscule ou aube,En agglomération,Hors intersection,Pluie légère,Deux véhicules - arrière,3,3,4,0,3,1,2,0,1,70,,3,2,0,0,1,62.0,31.0,,,2,2,1,2,2
202100052312,2021-02-06 15:55:00,2021,2,6,15,55,42,42187,Rue Emile Noirot,46.03887,4.06895,Plein jour,En agglomération,Hors intersection,Temps couvert,Autre collision,4,1,1,0,1,1,1,9,4,30,,2,1,0,0,1,62.0,,,,1,2,1,8,6
202100052313,2021-02-05 19:43:00,2021,2,5,19,43,37,37261,MALRAUX (QUAI ANDRE),47.3975748326,0.6994471478,Nuit avec éclairage allumé,En agglomération,Intersection en X,Pluie légère,Deux véhicules - côté,4,2,4,0,1,1,2,0,1,50,,5,4,0,0,1,,32.0,,,5,2,2,2,3
202100052314,2021-02-05 19:05:00,2021,2,5,19,5,35,35238,Rue de Vezin,48.116327,-1.713984,Nuit avec éclairage allumé,En agglomération,Intersection en X,Normale,Deux véhicules - côté,4,3,4,2,1,1,1,5,1,50,,2,1,0,0,1,19.0,33.0,,,5,2,2,1,3
202100052315,2021-02-05 17:30:00,2021,2,5,17,30,34,34172,SAINT MAURICE DE SAURET (AVENUE),43.6204070215,3.8927329112,Plein jour,En agglomération,Hors intersection,Normale,Deux véhicules - côté,4,2,2,0,1,2,1,0,1,50,,2,1,0,1,0,59.0,21.0,,,1,2,1,1,3
202100052316,2021-02-06 09:55:00,2021,2,6,9,55,29,29019,Avenue Victor le Gorgeu,48.400749555,-4.4997435808,Plein jour,En agglomération,Giratoire,Normale,Deux véhicules - côté,4,2,2,0,1,2,1,0,1,50,,2,1,0,0,1,54.0,19.0,,,1,2,6,1,3
202100052317,2021-02-05 18:00:00,2021,2,5,18,0,25,25031,JAURES (AVENUE JEAN),47.487259,6.830835,Nuit avec éclairage allumé,En agglomération,Hors intersection,Pluie légère,Autre collision,3,2,2,0,1,1,2,0,1,50,,2,1,0,1,0,65.0,,,,5,2,1,2,6
202100052318,2021-02-06 13:00:00,2021,2,6,13,0,13,13005,SOLLANS (CHEMIN DES),43.30545,5.57254,Plein jour,Hors agglomération,Intersection à plus de 4 branches,Temps couvert,Trois véhicules et plus - collisions multiples,7,1,2,0,1,1,1,0,1,70,,4,2,0,0,2,78.0,21.0,,,1,1,5,8,5
202100052319,2021-02-05 16:00:00,2021,2,5,16,0,75,75118,AVENUE DE SAINT OUEN,48.889573,2.326284,Plein jour,En agglomération,Intersection en T,Normale,Deux véhicules - arrière,4,2,3,3,1,1,1,0,1,50,,2,1,0,0,1,38.0,29.0,,,1,2,3,1,2
202100052320,2021-02-06 11:00:00,2021,2,6,11,0,75,75117,RUE DE ROME,48.88402,2.318499,Plein jour,En agglomération,Intersection en X,Pluie légère,Deux véhicules - côté,4,2,2,0,1,1,2,0,1,30,,2,1,0,0,1,37.0,32.0,,,1,2,2,2,3
202100052321,2021-02-06 21:30:00,2021,2,6,21,30,75,75116,AVENUE VICTOR HUGO,48.868814,2.283326,Nuit avec éclairage allumé,En agglomération,Intersection en T,Pluie légère,Deux véhicules - côté,4,2,2,0,1,1,2,0,1,50,,2,1,0,0,1,25.0,13.0,,,5,2,3,2,3
202100052322,2021-02-06 16:00:00,2021,2,6,16,0,75,75116,PLACE DE LA PORTE DE SAINT CLOUD,48.8380209788,2.2563705654,Plein jour,En agglomération,Place,Pluie forte,Deux véhicules - côté,4,3,1,1,1,3,2,-1,5,50,,3,2,0,0,1,35.0,53.0,,,1,2,7,3,3
202100052323,2021-02-06 16:30:00,2021,2,6,16,30,75,75116,AVENUE DU PRESIDENT WILSON,48.864961,2.295883,Plein jour,En agglomération,Intersection en T,Pluie forte,Deux véhicules - arrière,4,1,3,0,2,1,2,0,1,50,,2,1,0,0,1,19.0,20.0,,,1,2,3,3,2
202100052324,2021-02-06 17:50:00,2021,2,6,17,50,75,75113,QUAI D AUSTERLITZ,48.841891,2.367873,Nuit avec éclairage allumé,En agglomération,Intersection en X,Pluie légère,Autre collision,4,2,4,0,1,1,2,0,1,50,,2,1,0,0,1,27.0,,,,5,2,2,2,6
202100052325,2021-02-06 17:18:00,2021,2,6,17,18,75,75113,RUE REGNAULT,48.822914,2.36873,Plein jour,En agglomération,Intersection en X,Pluie forte,Autre collision,4,2,1,0,1,1,2,0,1,50,,2,1,0,0,1,,,,,1,2,2,3,6
202100052326,2021-02-06 18:45:00,2021,2,6,18,45,75,75112,RUE DE PICPUS,48.847171,2.393673,Nuit avec éclairage allumé,En agglomération,Intersection en X,Pluie légère,Deux véhicules - côté,4,1,1,0,1,1,2,0,1,50,,2,1,0,0,1,22.0,32.0,,,5,2,2,2,3
202100052327,2021-02-06 19:00:00,2021,2,6,19,0,75,75112,RUE DU FAUBOURG SAINT ANTOINE,48.849681,2.387324,Nuit avec éclairage allumé,En agglomération,Intersection en T,Pluie forte,Autre collision,4,2,4,0,1,1,2,0,1,50,,1,0,0,0,1,48.0,,,,5,2,3,3,6
202100052328,2021-02-06 17:30:00,2021,2,6,17,30,75,75112,RUE ABEL,48.845907,2.374357,Crépuscule ou aube,En agglomération,Intersection à plus de 4 branches,Pluie forte,Autre collision,4,1,1,0,1,1,2,0,1,50,,2,1,0,0,1,26.0,,,,2,2,5,3,6
202100052329,2021-02-06 16:50:00,2021,2,6,16,50,75,75112,BOULEVARD PONIATOWSKI,48.83176,2.397803,Crépuscule ou aube,En agglomération,Intersection en X,Pluie forte,Autre collision,4,2,2,0,1,1,2,-1,6,50,,2,1,0,1,0,51.0,,,,2,2,2,3,6
202100052330,2021-02-06 20:10:00,2021,2,6,20,10,75,75112,QUAI DE LA RAPEE,48.8437,2.36985,Nuit avec éclairage allumé,En agglomération,Hors intersection,Pluie légère,Deux véhicules - côté,4,1,0,0,2,1,2,0,1,50,,2,1,0,0,1,27.0,47.0,,,5,2,1,2,3
202100052331,2021-02-05 19:28:00,2021,2,5,19,28,94,94011,ALMA (AV DE L),48.784,2.495,Nuit avec éclairage allumé,En agglomération,Hors intersection,Normale,Deux véhicules - arrière,3,2,2,0,1,1,1,2,1,50,,2,1,0,0,1,21.0,43.0,,,5,2,1,1,2
202100052332,2021-02-06 07:00:00,2021,2,6,7,0,94,94052,CHARLES DE GAULLE (GRAND RUE),48.8354914448,2.474091053,Nuit avec éclairage allumé,En agglomération,Intersection en X,Pluie légère,Deux véhicules - côté,4,1,1,0,1,1,2,0,1,50,,2,1,0,0,1,38.0,41.0,,,5,2,2,2,3
202100052333,2021-02-06 04:34:00,2021,2,6,4,34,94,94022,STALINGRAD (BD DE),48.77289,2.40007,Nuit avec éclairage allumé,En agglomération,Autre intersection,Pluie légère,Deux véhicules - côté,3,3,5,0,1,1,2,0,1,50,,2,1,0,0,1,38.0,50.0,,,5,2,9,2,3
202100052334,2021-02-06 17:00:00,2021,2,6,17,0,93,93070,ARDOIN(RUE),48.9110636081,2.3256554992,Plein jour,En agglomération,Hors intersection,Pluie légère,Autre collision,4,2,1,0,1,1,2,9,6,50,,2,1,0,0,1,53.0,,,,1,2,1,2,6
202100052335,2021-02-06 17:15:00,2021,2,6,17,15,93,93064,CAVARE (RUE PAUL),48.8730197181,2.4852121917,Plein jour,En agglomération,Hors intersection,Pluie légère,Autre collision,4,1,1,0,1,1,2,0,1,50,,3,2,0,0,1,,20.0,,,1,2,1,2,6
202100052336,2021-02-06 17:35:00,2021,2,6,17,35,93,93048,PARIS (RUE DE),48.8547230393,2.4175274477,Crépuscule ou aube,En agglomération,Intersection en X,Pluie légère,Deux véhicules - côté,3,2,2,0,1,1,2,0,1,50,,5,3,0,0,2,29.0,32.0,,,2,2,2,2,3
202100052337,2021-02-06 08:40:00,2021,2,6,8,40,93,93008,EINSTEIN (RUE ALBERT),48.90562,2.42874,Crépuscule ou aube,En agglomération,Hors intersection,Pluie légère,Autre collision,4,1,2,0,1,2,2,0,1,50,,1,0,0,0,1,24.0,,,,2,2,1,2,6
202100052338,2021-02-06 06:50:00,2021,2,6,6,50,93,93008,VAILLANT COUTURIER (AVENUE PAUL),48.9058766053,2.4588307142,Nuit avec éclairage allumé,En agglomération,Autre intersection,Pluie légère,Deux véhicules - frontale,3,1,1,0,1,1,2,0,1,50,,3,1,0,1,1,30.0,43.0,,,5,2,9,2,1
202100052339,2021-02-06 13:30:00,2021,2,6,13,30,92,92025,CHARLES DE GAULLE (BD),48.9133003924,2.2306524235,Plein jour,En agglomération,Intersection à plus de 4 branches,Temps couvert,Deux véhicules - côté,3,3,4,0,1,1,1,0,1,50,,2,1,0,0,1,40.0,30.0,,,1,2,5,8,3
202100052340,2021-02-06 15:30:00,2021,2,6,15,30,38,38157,2676 Avenue Porte des Alpes,45.50692,4.982078,Plein jour,Hors agglomération,Intersection en X,Normale,Deux véhicules - arrière,3,2,2,0,1,1,1,0,1,80,,2,0,0,0,2,20.0,43.0,,,1,1,2,1,2
202100052341,2021-02-05 18:45:00,2021,2,5,18,45,52,52365,D105,48.081118,4.920486,Nuit sans éclairage public,Hors agglomération,Hors intersection,Pluie forte,Deux véhicules - côté,3,2,2,0,1,1,2,0,1,80,,3,2,0,1,0,62.0,37.0,,,3,1,1,3,3
202100052342,2021-02-07 09:28:00,2021,2,7,9,28,05,05079,D1091,44.979447,6.499851,Plein jour,Hors agglomération,Hors intersection,Neige / grêle,Deux véhicules - frontale,3,2,2,0,1,2,5,0,1,90,,2,1,0,0,1,27.0,27.0,,,1,1,1,4,1
202100052343,2021-02-07 16:30:00,2021,2,7,16,30,49,49368,Rue de Vernoil,47.391595,0.061594,Plein jour,En agglomération,Intersection en T,Normale,Deux véhicules - frontale,3,2,2,0,1,1,1,0,1,50,,2,1,0,1,0,87.0,47.0,,,1,2,3,1,1
202100052344,2021-02-07 17:00:00,2021,2,7,17,0,34,34101,D18,43.382905,3.452859,Plein jour,Hors agglomération,Hors intersection,Normale,Deux véhicules - frontale,3,2,2,0,1,3,1,0,1,80,,3,1,0,0,2,36.0,38.0,,,1,1,1,1,1