accident_id,datetime,annee,mois,jour,heure,minute,departement,commune_insee,adresse,latitude,longitude,luminosite,agglomeration,intersection,meteo,collision,catr,circ,nbv,vosp,prof,plan,surf,infra,situ,vma,nb_vehicules,nb_usagers,nb_indemnes,nb_tues,nb_blesses_hosp,nb_blesses_legers,age_cond_1,age_cond_2,veh_type_cond_1,veh_type_cond_2,lum_code,agg_code,int_code,atm_code,col_code
202100052345,2021-02-06 16:15:00,2021,2,6,16,15,29,29260,Boulevard du Ponant,48.437963972,-4.6152134668,Plein jour,En agglomération,Giratoire,Normale,Deux véhicules - côté,4,1,2,0,2,1,1,5,1,50,,2,1,0,0,1,81.0,63.0,,,1,2,6,1,3
202100052346,2021-02-06 21:49:00,2021,2,6,21,49,50,50267,Route du Pont de l'Enfer,49.230392,-1.534234,Nuit sans éclairage public,Hors agglomération,Giratoire,Normale,Sans collision,3,2,2,0,1,1,1,0,8,80,,1,0,0,1,0,38.0,,,,3,1,6,1,7
202100052347,2021-02-07 00:59:00,2021,2,7,0,59,60,60699,rue des coutumes,49.522827,1.859114,Nuit sans éclairage public,Hors agglomération,Hors intersection,Pluie légère,Autre collision,4,2,2,0,2,2,2,0,3,80,,1,0,0,1,0,28.0,,,,3,1,1,2,6
202100052348,2021-02-05 20:30:00,2021,2,5,20,30,43,43012,Route de la Faye,45.361388,4.206144,Nuit avec éclairage allumé,En agglomération,Hors intersection,Normale,Deux véhicules - frontale,3,2,2,0,2,1,1,0,1,50,,3,1,0,0,2,43.0,,,,5,2,1,1,1
202100052349,2021-02-07 18:30:00,2021,2,7,18,30,53,53178,D128,47.885762,-0.831276,Nuit sans éclairage public,Hors agglomération,Hors intersection,Normale,Sans collision,3,2,2,0,2,2,1,0,1,80,,1,0,1,0,0,50.0,,,,3,1,1,1,7
202100052350,2021-02-06 18:00:00,2021,2,6,18,0,85,85022,Le  Breuil,46.43255,-1.44996,Crépuscule ou aube,Hors agglomération,Hors intersection,Normale,Sans collision,3,2,2,0,1,1,2,0,3,80,,1,0,0,1,0,15.0,,,,2,1,1,1,7
202100052351,2021-02-07 12:30:00,2021,2,7,12,30,95,95678,RN 184,49.0729709882,2.2411252766,Plein jour,Hors agglomération,Hors intersection,Pluie légère,Autre collision,2,3,4,0,3,2,2,2,1,90,,2,1,0,1,0,43.0,,,,1,1,1,2,6
202100052352,2021-02-06 23:45:00,2021,2,6,23,45,971,97116,Rue du Moule,16.326801,-61.44376,Nuit sans éclairage public,Hors agglomération,Hors intersection,Normale,Autre collision,2,2,2,0,1,1,1,0,3,80,,2,1,0,1,0,55.0,,,,3,1,1,1,6
202100052353,2021-02-07 03:15:00,2021,2,7,3,15,77,77415,départementale 603,48.951856,3.054548,Nuit sans éclairage public,Hors agglomération,Hors intersection,Pluie légère,Autre collision,3,2,2,0,1,3,2,0,3,80,,1,0,1,0,0,51.0,,,,3,1,1,2,6
202100052354,2021-02-05 20:00:00,2021,2,5,20,0,83,83029,637 Route de Montauroux,43.627044,6.757472,Nuit sans éclairage public,Hors agglomération,Hors intersection,Normale,Autre collision,3,2,2,0,1,2,1,0,8,80,,1,0,0,1,0,67.0,,,,3,1,1,1,6
202100052355,2021-02-07 14:55:00,2021,2,7,14,55,71,71223,Les Grands Vernes,46.974155,4.181741,Plein jour,Hors agglomération,Hors intersection,Pluie légère,Sans collision,3,-1,2,0,1,2,2,0,3,80,,4,0,0,1,3,19.0,,,,1,1,1,2,7
202100052356,2021-02-07 18:50:00,2021,2,7,18,50,69,69074,RIVOLET (DE) (RTE),45.9993926616,4.6397937993,Crépuscule ou aube,En agglomération,Hors intersection,Normale,Autre collision,3,2,2,0,1,3,1,0,3,50,,1,0,0,1,0,23.0,,,,2,2,1,1,6
202100052357,2021-01-20 12:30:00,2021,1,20,12,30,69,69110,MARRONNIER (DU) (RTE),45.618488,4.490485,Plein jour,Hors agglomération,Hors intersection,Pluie légère,Deux véhicules - frontale,3,2,2,0,2,3,2,0,1,80,,2,1,0,0,1,46.0,60.0,,,1,1,1,2,1
202100052358,2021-02-07 05:30:00,2021,2,7,5,30,17,17228,Impasse du Petit Toussauge,45.628204,-0.944256,Crépuscule ou aube,En agglomération,Hors intersection,Pluie légère,Autre collision,3,2,2,0,1,3,2,0,1,50,,1,0,0,1,0,25.0,,,,2,2,1,2,6
202100052359,2021-02-07 14:20:00,2021,2,7,14,20,85,85218,rd 978 pr 29+814,46.632034,-1.652627,Plein jour,Hors agglomération,Intersection en T,Normale,Deux véhicules - frontale,3,2,2,0,3,2,1,0,1,80,,5,0,0,4,1,50.0,68.0,,,1,1,3,1,1
202100052360,2021-02-06 17:45:00,2021,2,6,17,45,44,44026,ROUTE DÉPARTEMENTALE 723,47.297132,-1.405821,Crépuscule ou aube,Hors agglomération,Hors intersection,Temps éblouissant,Trois véhicules et plus - en chaîne,7,2,2,0,2,1,2,0,1,80,,12,6,0,1,5,21.0,34.0,,,2,1,1,7,4
202100052361,2021-02-05 17:21:00,2021,2,5,17,21,22,22143,Rue Charles LECOQ,48.597117,-2.287876,Plein jour,En agglomération,Hors intersection,Normale,Deux véhicules - côté,3,2,2,0,1,1,1,9,1,30,,2,1,0,0,1,28.0,17.0,,,1,2,1,1,3
202100052362,2021-02-05 14:40:00,2021,2,5,14,40,59,59091,D6642,50.727274,2.572582,Plein jour,Hors agglomération,Hors intersection,Normale,Deux véhicules - arrière,3,1,2,0,1,1,1,0,1,90,,3,0,0,1,2,64.0,26.0,,,1,1,1,1,2
202100052363,2021-02-02 06:35:00,2021,2,2,6,35,69,69290,RN346,45.710486,4.968137,Nuit avec éclairage allumé,Hors agglomération,Hors intersection,Pluie légère,Deux véhicules - arrière,2,3,6,0,1,1,2,0,1,90,,2,1,0,0,1,29.0,44.0,,,5,1,1,2,2
202100052364,2021-02-06 13:55:00,2021,2,6,13,55,33,33063,Rocade Nord A630,44.886831,-0.569558,Plein jour,Hors agglomération,Hors intersection,Pluie forte,Deux véhicules - arrière,1,3,6,0,1,1,2,0,1,90,,4,2,0,0,2,36.0,22.0,,,1,1,1,3,2
202100052365,2021-02-06 13:15:00,2021,2,6,13,15,33,33143,AUTOROUTE A 10,44.976442,-0.432722,Plein jour,Hors agglomération,Hors intersection,Pluie forte,Trois véhicules et plus - en chaîne,1,3,6,0,1,1,2,0,1,130,,3,2,0,0,1,47.0,59.0,,,1,1,1,3,4
202100052366,2021-02-06 18:20:00,2021,2,6,18,20,91,91434,AUTOROUTE A6,48.6684,2.3542,Nuit sans éclairage public,Hors agglomération,Hors intersection,Pluie forte,Deux véhicules - arrière,1,1,3,0,2,1,4,0,1,110,,3,1,0,0,2,42.0,35.0,,,3,1,1,3,2
202100052367,2021-02-06 13:10:00,2021,2,6,13,10,93,93053,AUTOROUTE A103,48.88825,2.47222,Plein jour,Hors agglomération,Hors intersection,Pluie légère,Autre collision,1,3,4,0,4,2,2,0,1,70,,1,0,0,0,1,23.0,,,,1,1,1,2,6
202100052368,2021-02-06 11:15:00,2021,2,6,11,15,93,93064,A103,48.88821,2.47221,Plein jour,Hors agglomération,Hors intersection,Pluie légère,Autre collision,1,3,4,0,4,2,2,0,1,50,,1,0,0,0,1,40.0,,,,1,1,1,2,6
202100052369,2021-02-05 17:10:00,2021,2,5,17,10,77,77258,A4.W,48.8319191616,2.6482031665,Plein jour,Hors agglomération,Hors intersection,Normale,Autre collision,1,3,4,0,1,1,1,0,1,110,,2,1,0,0,1,22.0,,,,1,1,1,1,6
202100052370,2021-02-06 11:06:00,2021,2,6,11,6,988,98818,RUE JULES GARNIER,-22.29071,166.44242,Plein jour,En agglomération,Hors intersection,Normale,Deux véhicules - côté,4,2,-1,-1,1,4,-1,0,1,-1,,2,1,0,1,0,58.0,78.0,,,1,2,1,1,3
202100052371,2021-02-05 18:25:00,2021,2,5,18,25,988,98818,SEBASTOPOL (RUE DE),-22.27428,166.44374,Nuit avec éclairage allumé,En agglomération,Intersection en T,Pluie forte,Deux véhicules - côté,4,1,2,0,1,1,2,5,1,50,,2,1,0,1,0,45.0,24.0,,,5,2,3,3,3
202100052372,2021-02-05 14:10:00,2021,2,5,14,10,988,98818,RUE VICTOR BERNUT/RUE EDOUARD GLASSER,-22.29313,166.4488,Plein jour,En agglomération,Intersection en X,Normale,Deux véhicules - côté,4,2,2,0,1,1,1,0,1,50,,2,1,0,0,1,65.0,59.0,,,1,2,2,1,3
202100052373,2021-02-05 16:20:00,2021,2,5,16,20,974,97416,SAVIGNY (CHEMIN EDOUARD),-21.29951,55.49073,Plein jour,Hors agglomération,Intersection en T,Temps éblouissant,Deux véhicules - côté,3,2,2,0,1,1,1,5,1,50,,3,2,0,0,1,33.0,58.0,,,1,1,3,7,3
202100052374,2021-02-05 14:15:00,2021,2,5,14,15,974,97416,BANK (BOULEVARD),-21.33073,55.47481,Plein jour,En agglomération,Giratoire,Normale,Deux véhicules - côté,4,1,2,0,1,2,1,0,1,30,,5,4,0,1,0,30.0,57.0,,,1,2,6,1,3
202100052375,2021-02-04 21:15:00,2021,2,4,21,15,974,97407,MASCAREIGNES(BOULEVARD),-20.94653,55.30424,Nuit sans éclairage public,En agglomération,Hors intersection,Normale,Sans collision,4,2,2,0,1,1,1,0,1,50,,1,0,0,0,1,21.0,,,,3,2,1,1,7
202100052376,2021-02-05 18:40:00,2021,2,5,18,40,973,97302,BARRAT (DU DOCTEUR),4.93808,-52.32652,Crépuscule ou aube,En agglomération,Hors intersection,Pluie légère,Autre collision,4,2,2,0,1,1,2,0,1,50,,2,1,0,0,1,56.0,,,,2,2,1,2,6
202100052377,2021-02-05 08:14:00,2021,2,5,8,14,973,97302,SOURCE DE BADUEL (CHEMIN DE LA),4.93071,-52.30912,Plein jour,En agglomération,Hors intersection,Normale,Deux véhicules - côté,4,2,2,0,1,1,1,0,1,50,,3,0,0,0,3,26.0,41.0,,,1,2,1,1,3
202100052378,2021-02-05 16:25:00,2021,2,5,16,25,69,69387,JEAN JAURES (AV),45.7515068732,4.8456400037,Plein jour,En agglomération,Hors intersection,Temps couvert,Deux véhicules - côté,4,2,4,1,1,1,1,0,1,50,,2,1,0,0,1,74.0,20.0,,,1,2,1,8,3
202100052379,2021-02-05 07:50:00,2021,2,5,7,50,69,69259,MARTYRS DE LA RESISTANCE (DES) (R),45.69237,4.87293,Crépuscule ou aube,En agglomération,Intersection en X,Normale,Deux véhicules - côté,4,2,2,0,1,1,1,0,1,50,,2,1,0,0,1,44.0,23.0,,,2,2,2,1,3
202100052380,2021-02-05 10:00:00,2021,2,5,10,0,69,69286,FONTAINE (DE) (RTE),45.82552,4.88195,Plein jour,Hors agglomération,Hors intersection,Temps couvert,Deux véhicules - frontale,4,2,2,0,2,3,2,0,1,80,,3,0,0,0,3,40.0,25.0,,,1,1,1,8,1
202100052381,2021-02-04 13:05:00,2021,2,4,13,5,69,69381,DE LATTRE DE TASSIGNY               (PT),45.77245,4.8385,Plein jour,En agglomération,Intersection en X,Normale,Deux véhicules - arrière,4,2,6,0,1,1,1,0,1,50,,3,2,0,0,1,56.0,55.0,,,1,2,2,1,2
202100052382,2021-02-05 14:30:00,2021,2,5,14,30,2B,2B033,11 - RT,42.66536,9.44258,Plein jour,En agglomération,Intersection en T,Normale,Deux véhicules - côté,2,2,5,0,2,1,1,0,1,50,,4,3,0,0,1,84.0,37.0,,,1,2,3,1,3
202100052383,2021-02-05 14:30:00,2021,2,5,14,30,2B,2B033,CAPITAINE THEN,42.67466,9.43791,Plein jour,En agglomération,Giratoire,Normale,Trois véhicules et plus - en chaîne,3,2,1,0,1,1,1,5,1,50,,3,2,0,0,1,53.0,47.0,,,1,2,6,1,4
202100052384,2021-02-05 12:00:00,2021,2,5,12,0,2B,2B120,11 - RT,42.64824,9.44023,Plein jour,Hors agglomération,Hors intersection,Normale,Trois véhicules et plus - en chaîne,2,3,2,0,3,1,1,0,1,90,,3,2,0,0,1,23.0,66.0,,,1,1,1,1,4
202100052385,2021-02-05 11:15:00,2021,2,5,11,15,971,97101,HIBISCUS,16.25113,-61.5277,Plein jour,En agglomération,Autre intersection,Normale,Autre collision,2,-1,1,0,1,1,1,9,1,30,,2,1,0,0,1,34.0,,,,1,2,9,1,6
202100052386,2021-02-04 22:03:00,2021,2,4,22,3,971,97113,SECTION MARE-GAILLARD,16.21762,-61.43711,Nuit avec éclairage allumé,En agglomération,Hors intersection,Normale,Trois véhicules et plus - en chaîne,2,2,2,0,1,3,1,0,1,70,,4,2,0,0,2,48.0,45.0,,,5,2,1,1,4
202100052387,2021-02-02 10:15:00,2021,2,2,10,15,971,97120,MASSABIELLE (RUE DE),16.23528,-61.53033,Plein jour,En agglomération,Hors intersection,Normale,Autre collision,4,1,1,0,2,1,1,0,1,50,,2,1,0,0,1,,,,,1,2,1,1,6
202100052388,2021-02-05 14:00:00,2021,2,5,14,0,91,91549,LIBERTE (AVENUE DE LA),48.639584,2.349039,Plein jour,En agglomération,Autre intersection,Normale,Autre collision,4,3,2,0,1,1,1,6,1,30,,2,1,0,0,1,71.0,,,,1,2,9,1,6
202100052389,2021-02-05 08:05:00,2021,2,5,8,5,91,91339,RTE NATIONALE 20,48.61893,2.25818,Plein jour,En agglomération,Hors intersection,Normale,Deux véhicules - arrière,3,3,0,0,1,1,1,0,1,70,,3,0,0,0,3,32.0,26.0,,,1,2,1,1,2
202100052390,2021-02-05 10:20:00,2021,2,5,10,20,91,91477,DOCTEUR MORERE (RUE DU),48.711597,2.244616,Plein jour,En agglomération,Autre intersection,Normale,Deux véhicules - côté,4,2,2,0,1,1,1,0,1,50,,2,1,0,0,1,30.0,60.0,,,1,2,9,1,3
202100052391,2021-02-05 08:05:00,2021,2,5,8,5,91,91286,CONDORCET (RUE),48.647877,2.375343,Plein jour,En agglomération,Autre intersection,Normale,Deux véhicules - frontale,4,2,2,0,1,1,1,0,1,50,,2,1,0,0,1,30.0,43.0,,,1,2,9,1,1
202100052392,2021-02-05 13:30:00,2021,2,5,13,30,86,86088,N10,46.547041,0.29838,Plein jour,En agglomération,Hors intersection,Pluie légère,Trois véhicules et plus - en chaîne,2,3,4,0,1,1,2,0,1,50,,3,2,0,0,1,19.0,19.0,,,1,2,1,2,4
202100052393,2021-02-02 07:55:00,2021,2,2,7,55,86,86041,Avenue de l’Entraide,46.596375,0.353068,Nuit avec éclairage allumé,En agglomération,Hors intersection,Pluie légère,Deux véhicules - côté,4,1,1,0,1,1,2,0,1,30,,2,1,0,0,1,51.0,44.0,,,5,2,1,2,3
202100052394,2021-02-04 07:35:00,2021,2,4,7,35,86,86194,Avenue du Plateau des Glières,46.605268,0.321899,Crépuscule ou aube,En agglomération,Intersection en T,Pluie légère,Deux véhicules - côté,3,2,2,1,1,1,2,0,1,50,,2,1,0,0,1,42.0,49.0,,,2,2,3,2,3
202100052395,2021-02-05 18:45:00,2021,2,5,18,45,83,83137,Avenue Général Gouraud,43.1352693907,5.9162683553,Crépuscule ou aube,En agglomération,Hors intersection,Normale,Deux véhicules - côté,7,2,1,0,1,1,1,0,1,50,,4,1,0,0,3,41.0,43.0,,,2,2,1,1,3
202100052396,2021-02-05 16:30:00,2021,2,5,16,30,83,83137,BROSSET (BD GENERAL),43.1288142881,5.9029799665,Plein jour,En agglomération,Autre intersection,Normale,Deux véhicules - côté,3,2,2,0,1,1,1,0,1,50,,5,4,0,1,0,29.0,51.0,,,1,2,9,1,3
202100052397,2021-02-05 10:15:00,2021,2,5,10,15,83,83137,PICOT (AVE DU COLONEL),43.12555,5.95836,Plein jour,En agglomération,Hors intersection,Normale,Autre collision,6,-1,-1,0,1,1,1,9,8,10,,2,1,0,1,0,33.0,,,,1,2,1,1,6
202100052398,2021-01-12 08:05:00,2021,1,12,8,5,83,83050,FOURNAS( AVENUE DU),43.52755,6.464944,Plein jour,En agglomération,Hors intersection,Normale,Autre collision,4,2,2,0,3,1,1,0,1,50,,2,1,0,1,0,68.0,,,,1,2,1,1,6
202100052399,2021-02-01 18:10:00,2021,2,1,18,10,80,80021,SAINT QUENTIN (BOULEVARD),49.87894,2.30349,Nuit avec éclairage allumé,En agglomération,Hors intersection,Normale,Deux véhicules - arrière,4,1,1,0,1,1,1,0,1,50,,2,1,0,0,1,19.0,18.0,,,5,2,1,1,2
202100052400,2021-02-01 14:50:00,2021,2,1,14,50,80,80021,LEO LAGRANGE (RUE),49.91064,2.31329,Plein jour,En agglomération,Hors intersection,Normale,Deux véhicules - arrière,4,2,-1,0,1,1,1,0,1,50,,2,1,0,0,1,47.0,49.0,,,1,2,1,1,2
202100052401,2021-02-04 11:50:00,2021,2,4,11,50,76,76486,RD 938 (VERS GRAND COURONNE),49.30101,0.99255,Plein jour,En agglomération,Hors intersection,Normale,Autre collision,7,2,2,0,1,1,2,0,1,50,,1,0,0,0,1,38.0,,,,1,2,1,1,6
202100052402,2021-01-11 18:15:00,2021,1,11,18,15,76,76540,Rue Saint-Julien,49.4255271445,1.073525828,Crépuscule ou aube,En agglomération,Intersection en T,Pluie légère,Autre collision,4,2,2,0,1,1,2,0,1,30,,2,1,0,0,1,74.0,,,,2,2,3,2,6
202100052403,2021-01-15 19:30:00,2021,1,15,19,30,76,76540,Avenue de Bretagne,49.43474,1.0863,Nuit avec éclairage allumé,En agglomération,Hors intersection,Normale,Deux véhicules - arrière,7,1,1,0,2,3,1,-1,1,30,,2,1,0,0,1,23.0,24.0,,,5,2,1,1,2
202100052404,2021-01-30 16:10:00,2021,1,30,16,10,76,76231,Rue de la Rochelle,49.2927967214,1.0012543597,Plein jour,En agglomération,Intersection en T,Pluie légère,Deux véhicules - côté,4,2,2,0,1,1,2,0,1,50,,3,1,0,0,2,39.0,,,,1,2,3,2,3
202100052405,2021-02-04 10:40:00,2021,2,4,10,40,71,71040,MACON (ROUTE DE),46.68438,4.39018,Plein jour,En agglomération,Hors intersection,Normale,Deux véhicules - arrière,4,2,2,0,1,1,1,0,1,50,,2,1,0,0,1,85.0,35.0,,,1,2,1,1,2
202100052406,2021-02-02 18:10:00,2021,2,2,18,10,71,71040,MARMAGNE (RUE DE),46.6988612454,4.3633822786,Crépuscule ou aube,En agglomération,Hors intersection,Pluie légère,Autre collision,4,2,2,0,1,1,2,0,1,50,,1,0,0,0,1,44.0,,,,2,2,1,2,6
202100052407,2021-02-05 14:05:00,2021,2,5,14,5,71,71153,ACACIAS (RUE DES) N°18 A 58 ET 5 A 51,46.7963301814,4.4292928638,Plein jour,En agglomération,Intersection en X,Normale,Deux véhicules - côté,4,2,2,0,1,1,1,0,1,50,,2,0,0,0,2,66.0,42.0,,,1,2,2,1,3
202100052408,2021-02-05 13:45:00,2021,2,5,13,45,71,71153,SAINT SAUVEUR (AVENUE),46.8085604,4.44498511,Plein jour,En agglomération,Intersection en X,Temps couvert,Deux véhicules - côté,4,-1,2,0,2,3,1,0,1,50,,2,1,0,1,0,16.0,57.0,,,1,2,2,8,3
202100052409,2021-02-04 15:55:00,2021,2,4,15,55,71,71076,PARIS (AVENUE DE),46.79009,4.85034,Plein jour,En agglomération,Hors intersection,Normale,Deux véhicules - côté,4,3,2,2,1,1,1,-1,1,50,,2,1,0,1,0,86.0,52.0,,,1,2,1,1,3
202100052410,2021-02-05 07:50:00,2021,2,5,7,50,69,69029,JEAN JAURES (R),45.73145,4.90292,Plein jour,En agglomération,Hors intersection,Normale,Autre collision,4,2,2,0,1,1,1,0,1,50,,2,1,0,0,1,45.0,,,,1,2,1,1,6
202100052411,2021-02-05 08:00:00,2021,2,5,8,0,67,67482,RHIN (AVENUE DU),48.572379,7.766092,Crépuscule ou aube,En agglomération,Hors intersection,Pluie légère,Deux véhicules - arrière,4,1,2,0,1,1,2,0,1,50,,2,1,0,0,1,31.0,34.0,,,2,2,1,2,2
202100052412,2021-02-05 18:00:00,2021,2,5,18,0,67,67447,BISCHWILLER (ROUTE DE),48.609119,7.750413,Nuit avec éclairage allumé,En agglomération,Hors intersection,Normale,Autre collision,4,2,2,1,1,2,1,0,1,40,,2,1,0,0,1,46.0,35.0,,,5,2,1,1,6
202100052413,2021-02-04 17:40:00,2021,2,4,17,40,67,67482,PRESIDENT WILSON (BOULEVARD),48.589555,7.740747,Nuit avec éclairage allumé,En agglomération,Hors intersection,Normale,Autre collision,4,2,3,3,1,3,1,0,1,50,,2,1,0,0,1,19.0,,,,5,2,1,1,6
202100052414,2021-02-04 16:35:00,2021,2,4,16,35,66,66136,R D 900,42.71758,2.87355,Plein jour,Hors agglomération,Hors intersection,Temps couvert,Deux véhicules - côté,3,3,6,0,1,1,1,0,1,110,,2,1,0,1,0,26.0,83.0,,,1,1,1,8,3
202100052415,2021-02-05 11:55:00,2021,2,5,11,55,64,64348,CHARLES DE GAULLE,43.308,-0.40704,Plein jour,En agglomération,Hors intersection,Normale,Trois véhicules et plus - collisions multiples,4,2,2,0,1,1,1,0,1,50,,4,3,0,0,1,67.0,43.0,,,1,2,1,1,5
202100052416,2021-02-05 08:35:00,2021,2,5,8,35,64,64445,BOSQUET,43.29712,-0.36652,Plein jour,En agglomération,Intersection en X,Normale,Deux véhicules - côté,4,2,2,0,1,1,1,0,1,30,,2,1,0,0,1,39.0,37.0,,,1,2,2,1,3
202100052417,2021-02-03 17:28:00,2021,2,3,17,28,64,64445,BENGHOZI AUDREY,43.319,-0.3663,Plein jour,En agglomération,Hors intersection,Normale,Autre collision,4,1,2,2,1,1,1,0,5,50,,2,0,0,0,2,71.0,,,,1,2,1,1,6
202100052418,2021-02-02 08:15:00,2021,2,2,8,15,64,64335,SAINTE-CATHERINE,43.3263757235,-0.4404254258,Plein jour,En agglomération,Hors intersection,Normale,Autre collision,4,2,2,0,1,1,1,0,1,50,,2,1,0,0,1,37.0,,,,1,2,1,1,6
202100052419,2021-02-04 08:10:00,2021,2,4,8,10,64,64024,ESPAGNE (AVENUE D'),43.47602,-1.52764,Plein jour,En agglomération,Hors intersection,Pluie légère,Trois véhicules et plus - collisions multiples,3,2,2,0,1,1,2,0,1,50,,3,2,0,0,1,49.0,23.0,,,1,2,1,2,5
202100052420,2021-02-04 07:55:00,2021,2,4,7,55,56,56121,BOLLARDIERE (RUE  GENERAL DE ),47.75527,-3.39175,Nuit avec éclairage allumé,En agglomération,Hors intersection,Pluie forte,Deux véhicules - côté,4,2,2,0,2,1,2,0,1,30,,2,1,0,0,1,51.0,12.0,,,5,2,1,3,3
202100052421,2021-02-04 06:35:00,2021,2,4,6,35,56,56098,N165 sens Brest/Nantes,47.7778706803,-3.3560818434,Nuit avec éclairage non allumé,Hors agglomération,Hors intersection,Pluie légère,Autre collision,2,3,4,0,1,1,2,0,3,90,,1,0,0,0,1,21.0,,,,4,1,1,2,6
202100052422,2021-02-02 07:30:00,2021,2,2,7,30,55,55545,PAIX (DE LA ),49.1636,5.38,Nuit avec éclairage allumé,En agglomération,Hors intersection,Pluie forte,Sans collision,4,2,2,0,1,1,2,6,1,50,,2,1,0,0,1,23.0,,,,5,2,1,3,7
202100052423,2021-02-05 08:00:00,2021,2,5,8,0,54,54395,BONSECOURS (RUE DE),48.6763172301,6.1966979276,Plein jour,En agglomération,Hors intersection,Pluie légère,Deux véhicules - côté,4,2,2,2,1,1,2,0,4,50,,2,1,0,0,1,36.0,19.0,,,1,2,1,2,3
202100052424,2021-02-04 18:00:00,2021,2,4,18,0,54,54025,RD 126,48.65985,6.25061,Nuit avec éclairage non allumé,Hors agglomération,Hors intersection,Normale,Deux véhicules - arrière,7,2,2,0,1,1,1,0,1,70,,2,1,0,0,1,,52.0,,,4,1,1,1,2
202100052425,2021-02-04 08:30:00,2021,2,4,8,30,54,54184,SAULXURES (AVENUE DE),48.7078665938,6.2442389131,Plein jour,En agglomération,Giratoire,Temps éblouissant,Autre collision,7,1,-1,0,1,3,1,-1,1,50,,2,1,0,0,1,42.0,,,,1,2,6,7,6
202100052426,2021-02-03 07:56:00,2021,2,3,7,56,54,54395,SERRE (RUE DE),48.69127,6.17528,Nuit avec éclairage allumé,En agglomération,Intersection en T,Pluie légère,Deux véhicules - côté,4,2,2,2,1,1,2,0,1,30,,2,1,0,0,1,22.0,30.0,,,5,2,3,2,3
202100052427,2021-02-04 09:44:00,2021,2,4,9,44,52,52125,RD 619,48.07985,5.15368,Plein jour,Hors agglomération,Hors intersection,Pluie légère,Sans collision,3,2,1,0,1,3,2,0,1,70,,1,0,0,0,1,46.0,,,,1,1,1,2,7
202100052428,2021-02-05 17:45:00,2021,2,5,17,45,51,51454,Boulevard Pommery,49.2510228925,4.0530056229,Nuit avec éclairage allumé,En agglomération,Hors intersection,Normale,Deux véhicules - côté,3,1,1,0,1,1,1,0,1,50,,2,1,0,0,1,20.0,24.0,,,5,2,1,1,3
202100052429,2021-02-05 08:05:00,2021,2,5,8,5,51,51454,Rue de Venise,49.2472528332,4.0332588348,Plein jour,En agglomération,Hors intersection,Normale,Deux véhicules - côté,4,2,2,1,1,1,1,0,5,50,,3,2,0,0,1,46.0,62.0,,,1,2,1,1,3
202100052430,2021-02-04 08:20:00,2021,2,4,8,20,50,50173,SALINE (BOULEVARD DE LA),49.65386,-1.64921,Crépuscule ou aube,En agglomération,Intersection en X,Temps couvert,Deux véhicules - côté,3,3,4,1,1,1,2,5,1,50,,2,1,0,0,1,33.0,44.0,,,2,2,2,8,3
202100052431,2021-02-05 17:10:00,2021,2,5,17,10,44,44162,PLACE OCEANE,47.22549,-1.62707,Plein jour,En agglomération,Hors intersection,Temps éblouissant,Deux véhicules - arrière,4,2,0,0,1,1,1,9,1,30,,2,1,0,0,1,68.0,21.0,,,1,2,1,7,2
202100052432,2021-01-08 16:10:00,2021,1,8,16,10,44,44109,QUAI ERNEST RENAUD,47.2059,-1.57392,Plein jour,En agglomération,Hors intersection,Temps éblouissant,Autre collision,4,3,2,2,1,1,1,0,1,50,,2,1,0,1,0,32.0,,,,1,2,1,7,6
202100052433,2021-02-05 07:05:00,2021,2,5,7,5,42,42127,Route de Briennon,46.0697909658,4.0738033578,Nuit avec éclairage allumé,En agglomération,Intersection en T,Temps couvert,Deux véhicules - côté,3,2,2,0,1,1,1,0,1,50,,2,1,0,1,0,46.0,49.0,,,5,2,3,8,3
202100052434,2021-02-05 11:25:00,2021,2,5,11,25,37,37208,PINTERIE (RUE DE LA),47.3669435723,0.7382916827,Plein jour,En agglomération,Intersection en X,Normale,Deux véhicules - côté,4,2,2,0,2,1,1,0,1,50,,3,2,0,0,1,39.0,33.0,,,1,2,2,1,3
202100052435,2021-02-04 02:10:00,2021,2,4,2,10,37,37261,CHAUTEMPS (AVENUE CAMILLE),47.3755329557,0.7206194401,Nuit avec éclairage allumé,En agglomération,Hors intersection,Normale,Sans collision,4,2,2,0,1,1,1,0,3,50,,1,0,0,0,1,41.0,,,,5,2,1,1,7
202100052436,2021-02-02 12:50:00,2021,2,2,12,50,37,37261,CHURCHILL (BOULEVARD WINSTON),47.3736474434,0.6831113622,Plein jour,En agglomération,Hors intersection,Normale,Autre collision,4,3,4,0,1,1,2,0,1,50,,2,1,0,0,1,25.0,,,,1,2,1,1,6
202100052437,2021-02-05 07:50:00,2021,2,5,7,50,35,35238,GAYEULLES (AVENUE DES),48.129532,-1.652068,Nuit avec éclairage non allumé,En agglomération,Intersection en T,Normale,Trois véhicules et plus - collisions multiples,4,2,2,0,1,1,1,0,1,50,,3,1,0,0,2,22.0,31.0,,,4,2,3,1,5
202100052438,2021-02-05 16:08:00,2021,2,5,16,8,32,32013,SAMBRE ET MEUSE (AVENUE),43.6451,0.5974,Plein jour,En agglomération,Intersection en T,Normale,Deux véhicules - côté,4,2,2,0,1,1,1,0,1,30,,2,1,0,0,1,24.0,41.0,,,1,2,3,1,3
202100052439,2021-02-04 17:40:00,2021,2,4,17,40,31,31555,LARDENNE (AV DE),43.59261,1.396,Plein jour,En agglomération,Hors intersection,Normale,Deux véhicules - côté,7,2,2,0,1,1,1,0,1,50,,2,1,0,0,1,58.0,18.0,,,1,2,1,1,3