accident_id,datetime,annee,mois,jour,heure,minute,departement,commune_insee,adresse,latitude,longitude,luminosite,agglomeration,intersection,meteo,collision,catr,circ,nbv,vosp,prof,plan,surf,infra,situ,vma,nb_vehicules,nb_usagers,nb_indemnes,nb_tues,nb_blesses_hosp,nb_blesses_legers,age_cond_1,age_cond_2,veh_type_cond_1,veh_type_cond_2,lum_code,agg_code,int_code,atm_code,col_code
202100052440,2021-02-04 16:45:00,2021,2,4,16,45,29,29019,Rue Victor Hugo,48.390278,-4.477488,Plein jour,En agglomération,Intersection en X,Normale,Autre collision,4,2,2,0,1,1,1,5,1,50,,3,2,0,1,0,32.0,23.0,,,1,2,2,1,6
202100052441,2021-02-05 10:20:00,2021,2,5,10,20,25,25056,Rue de Dole,47.234617,6.011785,Plein jour,En agglomération,Intersection en Y,Normale,Trois véhicules et plus - en chaîne,4,2,2,2,2,2,1,5,1,50,,3,2,0,0,1,44.0,21.0,,,1,2,4,1,4
202100052442,2021-02-03 13:15:00,2021,2,3,13,15,19,19031,LALANDE (RUE PHILIBERT),45.15958,1.502,Plein jour,En agglomération,Intersection en X,Pluie légère,Deux véhicules - côté,4,2,2,0,1,1,2,0,1,50,,2,1,0,0,1,27.0,24.0,,,1,2,2,2,3
202100052443,2021-02-05 09:55:00,2021,2,5,9,55,14,14221,ROUTE NATIONALE 175,49.17336,-0.26565,Plein jour,En agglomération,Giratoire,Pluie légère,Sans collision,3,1,2,0,1,1,2,5,1,80,,1,0,0,0,1,28.0,,,,1,2,6,2,7
202100052444,2021-02-05 16:00:00,2021,2,5,16,0,13,13201,VOLTAIRE    PAIRS (BOULEVARD),43.30209,5.38286,Plein jour,En agglomération,Hors intersection,Normale,Autre collision,4,2,2,0,1,1,1,0,1,50,,2,1,0,1,0,37.0,,,,1,2,1,1,6
202100052445,2021-02-05 14:30:00,2021,2,5,14,30,13,13209,SAINTE MARGUERITE (BOULEVARD),43.2613970056,5.4148289957,Plein jour,En agglomération,Hors intersection,Normale,Deux véhicules - côté,4,2,2,0,2,1,1,0,1,50,,2,1,0,0,1,73.0,33.0,,,1,2,1,1,3
202100052446,2021-02-05 11:30:00,2021,2,5,11,30,13,13208,DOCTEUR BERTRAND (RUE),43.246324,5.381022,Plein jour,En agglomération,Hors intersection,Normale,Deux véhicules - frontale,4,2,3,0,1,1,1,0,1,50,,5,0,0,0,5,43.0,84.0,,,1,2,1,1,1
202100052447,2021-02-05 01:50:00,2021,2,5,1,50,13,13206,BRETEUIL (RUE),43.2905458972,5.3757199617,Nuit avec éclairage allumé,En agglomération,Hors intersection,Normale,Deux véhicules - côté,4,3,4,0,1,1,1,0,1,50,,2,0,0,0,2,28.0,28.0,,,5,2,1,1,3
202100052448,2021-02-04 10:35:00,2021,2,4,10,35,13,13213,ROSE (AVENUE DE LA),43.32905,5.42725,Plein jour,En agglomération,Intersection en T,Normale,Deux véhicules - côté,7,2,2,0,1,1,1,0,1,50,,2,1,0,0,1,24.0,42.0,,,1,2,3,1,3
202100052449,2021-02-05 09:55:00,2021,2,5,9,55,10,10333,ROBERT GALLEY (RUE),48.28949,4.067667,Plein jour,En agglomération,Giratoire,Pluie légère,Deux véhicules - côté,4,1,2,1,1,2,2,0,5,50,,2,1,0,0,1,20.0,69.0,,,1,2,6,2,3
202100052450,2021-02-04 13:51:00,2021,2,4,13,51,10,10387,PIERRE BROSSOLETTE (RUE),48.2902,4.0761,Plein jour,En agglomération,Intersection en X,Normale,Sans collision,4,2,4,0,1,1,1,0,1,50,,1,0,0,0,1,38.0,,,,1,2,2,1,7
202100052451,2021-02-05 09:50:00,2021,2,5,9,50,07,07186,PONT LOUIS XIII (ROUTE DU),44.72896,4.59961,Plein jour,En agglomération,Hors intersection,Normale,Autre collision,4,-1,1,0,1,1,9,2,1,50,,1,0,0,0,1,77.0,,,,1,2,1,1,6
202100052452,2021-02-05 08:45:00,2021,2,5,8,45,06,06123,POMPIDOU GEORGES BOULEVARD,43.674267,7.19292,Plein jour,En agglomération,Hors intersection,Normale,Deux véhicules - côté,7,2,2,0,1,1,1,0,1,50,,2,1,0,1,0,23.0,34.0,,,1,2,1,1,3
202100052453,2021-02-04 09:35:00,2021,2,4,9,35,05,05061,MUSEE ( Carrefour du ),44.5618446751,6.0842886853,Plein jour,En agglomération,Giratoire,Normale,Deux véhicules - arrière,2,2,1,0,1,1,1,0,1,50,,3,2,0,0,1,38.0,34.0,,,1,2,6,1,2
202100052454,2021-02-05 08:45:00,2021,2,5,8,45,75,75102,BOULEVARD POISSONNIERE,48.871238,2.344532,Plein jour,En agglomération,Hors intersection,Normale,Autre collision,4,2,2,1,1,1,1,0,1,50,,2,1,0,1,0,33.0,,,,1,2,1,1,6
202100052455,2021-02-04 17:30:00,2021,2,4,17,30,75,75107,PLACE DE BRETEUIL,48.847403,2.312104,Crépuscule ou aube,En agglomération,Place,Normale,Deux véhicules - côté,4,1,1,0,1,2,1,0,1,50,,2,1,0,0,1,74.0,70.0,,,2,2,7,1,3
202100052456,2021-02-05 14:40:00,2021,2,5,14,40,75,75120,RUE DE LAGNY,48.849027,2.409238,Plein jour,En agglomération,Intersection en X,Normale,Autre collision,4,1,1,1,1,1,1,0,1,30,,1,0,0,0,1,32.0,,,,1,2,2,1,6
202100052457,2021-02-05 15:15:00,2021,2,5,15,15,75,75118,BOULEVARD DE CLICHY,48.884663,2.32953,Plein jour,En agglomération,Intersection à plus de 4 branches,Normale,Deux véhicules - côté,4,3,6,3,1,1,1,0,1,50,,2,1,0,0,1,42.0,57.0,,,1,2,5,1,3
202100052458,2021-02-05 14:10:00,2021,2,5,14,10,75,75115,RUE DE LOURMEL,48.844564,2.287051,Plein jour,En agglomération,Intersection en X,Normale,Autre collision,4,1,1,0,1,1,1,0,1,50,,2,1,0,0,1,60.0,,,,1,2,2,1,6
202100052459,2021-02-04 21:00:00,2021,2,4,21,0,75,75115,RUE DE JAVEL,48.841006,2.291424,Nuit avec éclairage allumé,En agglomération,Intersection en X,Normale,Deux véhicules - côté,4,1,2,0,1,1,1,0,1,50,,2,0,0,0,2,23.0,34.0,,,5,2,2,1,3
202100052460,2021-02-05 12:55:00,2021,2,5,12,55,75,75114,BOULEVARD BRUNE,48.824738,2.318325,Plein jour,En agglomération,Intersection en X,Normale,Autre collision,4,1,3,1,1,1,1,0,1,50,,2,1,0,0,1,40.0,,,,1,2,2,1,6
202100052461,2021-02-05 17:17:00,2021,2,5,17,17,75,75109,PLACE DE L OPERA,48.870695,2.332524,Plein jour,En agglomération,Intersection en X,Normale,Deux véhicules - côté,4,4,11,0,1,1,1,0,1,50,,2,1,0,0,1,28.0,22.0,,,1,2,2,1,3
202100052462,2021-02-05 09:40:00,2021,2,5,9,40,75,75107,RUE DU BAC,48.857713,2.32799,Plein jour,En agglomération,Intersection en X,Normale,Deux véhicules - côté,4,2,2,1,1,1,1,0,1,50,,2,1,0,0,1,54.0,46.0,,,1,2,2,1,3
202100052463,2021-02-05 12:20:00,2021,2,5,12,20,75,75102,RUE DE RICHELIEU,48.867681,2.337927,Plein jour,En agglomération,Intersection en T,Normale,Deux véhicules - côté,4,1,1,0,1,1,1,0,1,30,,2,1,0,0,1,21.0,,,,1,2,3,1,3
202100052464,2021-02-04 20:05:00,2021,2,4,20,5,94,94068,KLEBER (R),48.78987,2.5149,Nuit avec éclairage allumé,En agglomération,Intersection en X,Normale,Deux véhicules - frontale,4,2,4,0,1,1,1,0,1,30,,2,1,0,0,1,36.0,33.0,,,5,2,2,1,1
202100052465,2021-02-05 13:25:00,2021,2,5,13,25,94,94073,GALAISE (R DE LA),48.76407,2.38399,Plein jour,En agglomération,Hors intersection,Normale,Deux véhicules - frontale,4,2,2,0,1,1,1,0,1,50,,2,1,0,0,1,30.0,14.0,,,1,2,1,1,1
202100052466,2021-02-05 18:10:00,2021,2,5,18,10,94,94028,Avenue du Maréchal Foch,48.77749,2.43859,Nuit sans éclairage public,En agglomération,Autre intersection,Normale,Deux véhicules - côté,2,2,7,0,1,1,1,0,1,50,,2,1,0,1,0,31.0,41.0,,,3,2,9,1,3
202100052467,2021-02-05 09:38:00,2021,2,5,9,38,94,94028,ECLUSE (Rue de l'),48.799184,2.468913,Plein jour,En agglomération,Hors intersection,Normale,Deux véhicules - frontale,4,-1,6,0,2,1,1,2,3,50,,2,1,0,1,0,24.0,30.0,,,1,2,1,1,1
202100052468,2021-02-04 16:55:00,2021,2,4,16,55,94,94028,CHOISY(ROUTE DE),48.78567,2.44875,Plein jour,En agglomération,Hors intersection,Temps couvert,Deux véhicules - côté,3,2,6,0,1,1,1,0,1,50,,2,1,0,0,1,45.0,50.0,,,1,2,1,8,3
202100052469,2021-02-05 09:00:00,2021,2,5,9,0,93,93055,JEAN LOLIVE (AVENUE)(1/55 2/60),48.8914,2.40246,Plein jour,En agglomération,Autre intersection,Normale,Autre collision,3,2,2,3,1,1,1,0,1,50,,2,1,0,0,1,37.0,,,,1,2,9,1,6
202100052470,2021-02-04 13:30:00,2021,2,4,13,30,93,93053,BERGERIES (RUE DES),48.89064,2.45169,Plein jour,En agglomération,Intersection en T,Normale,Autre collision,3,-1,1,0,1,1,1,0,1,50,,2,1,0,0,1,45.0,,,,1,2,3,1,6
202100052471,2021-02-05 11:55:00,2021,2,5,11,55,93,93048,PASTEUR S2  (AVENUE),48.869153233,2.4325352778,Plein jour,En agglomération,Giratoire,Normale,Deux véhicules - côté,3,1,2,1,2,1,1,0,1,50,,2,1,0,1,0,74.0,,,,1,2,6,1,3
202100052472,2021-02-05 07:50:00,2021,2,5,7,50,93,93046,ARISTIDE BRIAND AVENUE,48.91124,2.5168,Crépuscule ou aube,En agglomération,Autre intersection,Temps couvert,Deux véhicules - côté,3,2,3,0,1,1,1,2,1,50,,2,1,0,0,1,56.0,46.0,,,2,2,9,8,3
202100052473,2021-02-05 13:00:00,2021,2,5,13,0,93,93006,ROBESPIERRE RUE,48.86459,2.41857,Plein jour,En agglomération,Hors intersection,Normale,Deux véhicules - frontale,4,1,1,0,1,1,1,0,1,30,,2,1,0,1,0,,56.0,,,1,2,1,1,1
202100052474,2021-02-05 16:35:00,2021,2,5,16,35,93,93027,REPUBLIQUE (AVENUE DE LA),48.9291365813,2.3913806677,Plein jour,En agglomération,Hors intersection,Normale,Autre collision,4,2,0,0,1,1,1,0,1,50,,2,1,0,0,1,36.0,,,,1,2,1,1,6
202100052475,2021-02-05 11:10:00,2021,2,5,11,10,92,92077,SEVRES (RUE DE),48.82605,2.1956,Plein jour,En agglomération,Intersection en T,Normale,Autre collision,3,2,2,0,1,1,1,0,1,50,,2,1,0,1,0,44.0,,,,1,2,3,1,6
202100052476,2021-02-05 16:00:00,2021,2,5,16,0,92,92062,VERNES (RUE JULES),48.8887385864,2.232863903,Plein jour,En agglomération,Hors intersection,Normale,Autre collision,4,1,1,0,1,1,1,0,1,30,,2,1,0,0,1,27.0,,,,1,2,1,1,6
202100052477,2021-02-05 12:25:00,2021,2,5,12,25,92,92025,GABRIEL PERI (RUE),48.9215686952,2.2459959984,Plein jour,En agglomération,Hors intersection,Normale,Deux véhicules - arrière,4,-1,2,0,1,1,1,0,1,50,,2,1,0,0,1,39.0,30.0,,,1,2,1,1,2
202100052478,2021-02-05 07:25:00,2021,2,5,7,25,92,92025,RENOUILLERS  (RUE DES),48.9250182054,2.2399047192,Nuit avec éclairage allumé,En agglomération,Intersection en X,Normale,Autre collision,4,2,1,0,1,1,1,0,1,50,,2,1,0,0,1,62.0,,,,5,2,2,1,6
202100052479,2021-02-05 08:15:00,2021,2,5,8,15,94,94003,STALINGRAD (AVENUE DE),48.8061583131,2.3183391988,Plein jour,En agglomération,Hors intersection,Normale,Autre collision,4,-1,2,0,1,1,1,0,1,50,,2,1,0,0,1,55.0,,,,1,2,1,1,6
202100052480,2021-02-05 15:04:00,2021,2,5,15,4,92,92019,SULLY PRUDHOMME (AVENUE),48.7703047701,2.2871249914,Plein jour,En agglomération,Hors intersection,Temps couvert,Sans collision,3,2,4,0,1,2,1,0,1,50,,1,0,0,0,1,54.0,,,,1,2,1,8,7
202100052481,2021-02-05 11:05:00,2021,2,5,11,5,92,92014,MARECHAL JOFFRE (BD DU) (1 A 41 - 2 A 56,48.783123136,2.3151916265,Plein jour,En agglomération,Intersection en X,Normale,Deux véhicules - côté,3,1,2,0,2,1,1,0,1,50,,3,1,0,0,2,29.0,29.0,,,1,2,2,1,3
202100052482,2021-02-05 20:30:00,2021,2,5,20,30,39,39437,,46.744382,5.784398,Nuit sans éclairage public,Hors agglomération,Intersection en T,Normale,Autre collision,3,2,2,0,1,1,1,0,3,80,,1,0,0,1,0,59.0,,,,3,1,3,1,6
202100052483,2021-02-06 18:05:00,2021,2,6,18,5,35,35155,Le Pont Robert,47.8605462,-1.8856224,Crépuscule ou aube,Hors agglomération,Hors intersection,Temps éblouissant,Deux véhicules - frontale,4,2,2,0,1,1,1,0,1,80,,2,0,1,1,0,59.0,26.0,,,2,1,1,7,1
202100052484,2021-02-06 07:30:00,2021,2,6,7,30,54,54462,Départementale 1,48.581824,6.347501,Crépuscule ou aube,Hors agglomération,Hors intersection,Brouillard / fumée,Autre collision,3,2,2,0,1,1,2,0,3,80,,1,0,0,1,0,22.0,,,,2,1,1,5,6
202100052485,2021-01-30 18:00:00,2021,1,30,18,0,51,51316,D13,48.63579,4.709282,Nuit sans éclairage public,En agglomération,Hors intersection,Pluie légère,Sans collision,3,2,2,0,1,1,2,0,1,50,,1,0,1,0,0,83.0,,,,3,2,1,2,7
202100052486,2021-02-06 16:15:00,2021,2,6,16,15,81,81222,RD631,43.776703,2.162011,Plein jour,Hors agglomération,Hors intersection,Pluie légère,Deux véhicules - frontale,3,2,2,0,1,3,2,0,1,80,,2,0,0,2,0,38.0,31.0,,,1,1,1,2,1
202100052487,2021-02-03 08:00:00,2021,2,3,8,0,58,58261,Gue Botron,47.403287,2.949765,Crépuscule ou aube,En agglomération,Hors intersection,Pluie légère,Autre collision,3,2,2,0,1,1,2,0,1,50,,2,1,0,0,1,77.0,,,,2,2,1,2,6
202100052488,2021-02-01 12:40:00,2021,2,1,12,40,37,37261,"A10, PK204+000 VERS BORDEAUX",47.4112032073,0.7272357792,Plein jour,Hors agglomération,Hors intersection,Normale,Sans collision,1,1,4,0,1,1,1,0,1,130,,2,0,0,0,2,27.0,,,,1,1,1,1,7
202100052489,2021-02-06 16:15:00,2021,2,6,16,15,62,62717,RD939,50.363163,2.396822,Plein jour,Hors agglomération,Hors intersection,Pluie légère,Autre collision,3,3,4,0,1,1,3,0,3,110,,1,0,1,0,0,22.0,,,,1,1,1,2,6
202100052490,2021-02-06 10:30:00,2021,2,6,10,30,56,56178,Quai des Récollets,48.074265,-2.9625,Plein jour,En agglomération,Hors intersection,Temps éblouissant,Autre collision,4,2,2,0,1,3,1,0,1,50,,2,1,0,1,0,49.0,,,,1,2,1,7,6
202100052491,2021-02-05 10:55:00,2021,2,5,10,55,71,71184,D681,47.022368,4.327283,Plein jour,Hors agglomération,Hors intersection,Temps couvert,Deux véhicules - côté,3,2,2,0,1,1,1,0,1,80,,2,0,0,0,2,71.0,79.0,,,1,1,1,8,3
202100052492,2021-01-30 12:30:00,2021,1,30,12,30,63,63086,BARDANT,45.637192,3.660582,Plein jour,Hors agglomération,Hors intersection,Temps couvert,Deux véhicules - frontale,3,2,2,0,2,2,2,0,1,80,,3,2,0,1,0,82.0,33.0,,,1,1,1,8,1
202100052493,2021-02-05 19:15:00,2021,2,5,19,15,61,61389,D926,48.714291,0.433724,Nuit avec éclairage allumé,En agglomération,Intersection en X,Pluie légère,Deux véhicules - frontale,3,2,2,0,2,3,2,0,1,50,,2,1,0,0,1,,34.0,,,5,2,2,2,1
202100052494,2021-02-05 15:40:00,2021,2,5,15,40,42,42208,Lieu Dit le Pilon,45.5340429132,4.4399573877,Plein jour,Hors agglomération,Hors intersection,Normale,Deux véhicules - arrière,7,2,2,0,1,1,1,0,1,80,,2,1,0,0,1,22.0,17.0,,,1,1,1,1,2
202100052495,2021-02-06 12:58:00,2021,2,6,12,58,46,46307,Les traverses,44.521693,1.003146,Plein jour,Hors agglomération,Hors intersection,Temps couvert,Deux véhicules - frontale,3,2,2,0,1,3,2,0,1,80,,2,1,1,0,0,71.0,44.0,,,1,1,1,8,1
202100052496,2021-02-05 17:50:00,2021,2,5,17,50,01,01372,D904,45.86137,5.67858,Nuit avec éclairage allumé,Hors agglomération,Intersection en T,Normale,Deux véhicules - côté,3,2,2,0,2,3,1,0,1,80,,3,1,0,2,0,91.0,57.0,,,5,1,3,1,3
202100052497,2021-02-05 20:00:00,2021,2,5,20,0,58,58134,rd 18,46.954217,3.291661,Nuit sans éclairage public,Hors agglomération,Autre intersection,Brouillard / fumée,Autre collision,3,2,2,0,2,3,2,0,3,80,,1,0,0,0,1,36.0,,,,3,1,9,5,6
202100052498,2021-02-05 09:10:00,2021,2,5,9,10,27,27133,15 Quai de Seine,49.362449,0.919504,Plein jour,Hors agglomération,Hors intersection,Normale,Deux véhicules - frontale,3,2,2,0,1,1,1,0,1,70,,2,1,0,0,1,31.0,46.0,,,1,1,1,1,1
202100052499,2021-02-05 20:45:00,2021,2,5,20,45,973,97309,Route d'Attila Cabassou,4.887671,-52.30248,Nuit sans éclairage public,En agglomération,Autre intersection,Normale,Deux véhicules - frontale,3,2,2,0,1,3,2,0,1,-1,,2,1,0,1,0,32.0,34.0,,,3,2,9,1,1
202100052500,2021-02-05 19:40:00,2021,2,5,19,40,33,33199,,44.61453,-1.073442,Nuit sans éclairage public,Hors agglomération,Giratoire,Normale,Deux véhicules - arrière,1,3,2,0,1,1,1,8,1,50,,2,1,0,1,0,34.0,59.0,,,3,1,6,1,2
202100052501,2021-02-06 02:45:00,2021,2,6,2,45,986,98613,Mala'e,-13.244494,-176.191958,Nuit sans éclairage public,Hors agglomération,Hors intersection,Pluie légère,Deux véhicules - arrière,2,2,2,0,1,1,2,0,8,70,,4,3,0,1,0,56.0,22.0,,,3,1,1,2,2
202100052502,2021-02-06 05:40:00,2021,2,6,5,40,972,97224,départementale 15,14.670287,-61.022519,Nuit sans éclairage public,Hors agglomération,Hors intersection,Normale,Deux véhicules - côté,3,2,2,0,2,3,1,0,1,50,,2,0,0,1,1,52.0,42.0,,,3,1,1,1,3
202100052503,2021-01-06 17:00:00,2021,1,6,17,0,11,11138,Route départementale 6,43.26996792,1.94337844,Plein jour,Hors agglomération,Hors intersection,Normale,Autre collision,3,2,2,0,2,1,1,0,1,-1,,2,0,0,0,2,55.0,34.0,,,1,1,1,1,6
202100052504,2021-02-06 07:10:00,2021,2,6,7,10,84,84054,CD 31,43.925811,5.028607,Nuit sans éclairage public,Hors agglomération,Intersection en X,Normale,Deux véhicules - côté,3,2,2,0,1,1,1,0,1,80,,2,1,1,0,0,31.0,47.0,,,3,1,2,1,3
202100052505,2021-02-05 09:00:00,2021,2,5,9,0,38,38449,Boulevard de Tharabie,45.6582401803,5.1011590506,Plein jour,Hors agglomération,Intersection en X,Normale,Deux véhicules - côté,3,2,4,0,1,1,1,5,1,70,,2,1,0,0,1,29.0,23.0,,,1,1,2,1,3
202100052506,2021-02-06 07:15:00,2021,2,6,7,15,07,07264,RD 86,44.33691,4.641799,Crépuscule ou aube,Hors agglomération,Hors intersection,Normale,Autre collision,3,2,2,0,2,3,1,0,1,70,,1,0,0,1,0,21.0,,,,2,1,1,1,6
202100052507,2021-02-05 16:40:00,2021,2,5,16,40,69,69050,ARBRESLE (DE L') (RTE),45.8736842255,4.6434244057,Plein jour,En agglomération,Intersection en X,Normale,Deux véhicules - côté,3,2,2,0,4,1,1,0,1,50,,3,1,0,2,0,39.0,27.0,,,1,2,2,1,3
202100052508,2021-02-05 19:45:00,2021,2,5,19,45,85,85238,D 111,46.958611,-0.921435,Nuit sans éclairage public,Hors agglomération,Hors intersection,Pluie légère,Sans collision,3,2,2,0,1,3,2,0,3,80,,1,0,0,1,0,54.0,,,,3,1,1,2,7
202100052509,2021-02-03 09:20:00,2021,2,3,9,20,69,69029,RD383,45.7242,4.89464,Plein jour,Hors agglomération,Hors intersection,Normale,Deux véhicules - arrière,7,3,4,0,1,2,1,0,1,70,,2,1,0,0,1,41.0,22.0,,,1,1,1,1,2
202100052510,2021-02-03 16:52:00,2021,2,3,16,52,69,69290,A43 ,45.7054,4.9604,Plein jour,Hors agglomération,Hors intersection,Normale,Trois véhicules et plus - collisions multiples,1,3,9,0,1,1,2,0,1,90,,4,0,0,0,4,40.0,57.0,,,1,1,1,1,5
202100052511,2021-02-05 08:20:00,2021,2,5,8,20,95,95018, A15,48.95582,2.27753,Plein jour,Hors agglomération,Hors intersection,Normale,Deux véhicules - arrière,1,3,8,0,1,1,1,0,1,110,,2,1,0,0,1,23.0,52.0,,,1,1,1,1,2
202100052512,2021-02-04 19:20:00,2021,2,4,19,20,973,97302,RABAN (ROUTE DE),4.92612,-52.31362,Nuit avec éclairage non allumé,En agglomération,Autre intersection,Normale,Deux véhicules - arrière,4,2,2,0,1,1,1,9,1,50,,2,1,0,0,1,31.0,,,,4,2,9,1,2
202100052513,2021-02-04 15:34:00,2021,2,4,15,34,973,97302,MADELEINE (ROUTE DE LA),4.91442,-52.32103,Plein jour,En agglomération,Autre intersection,Pluie légère,Deux véhicules - côté,3,2,2,1,1,1,2,9,1,50,,4,1,0,0,3,33.0,24.0,,,1,2,9,2,3
202100052514,2021-02-04 19:00:00,2021,2,4,19,0,69,69387,CAMILLE ROY (R),45.7451324432,4.8466658592,Nuit avec éclairage allumé,En agglomération,Intersection en X,Normale,Deux véhicules - frontale,4,1,1,0,1,1,1,0,1,50,,2,0,0,0,2,28.0,31.0,,,5,2,2,1,1
202100052515,2021-02-03 08:00:00,2021,2,3,8,0,972,97213,ROUTE DEPARTEMENTALE 13,14.634323603,-61.0145330431,Nuit avec éclairage allumé,En agglomération,Autre intersection,Pluie légère,Autre collision,3,2,2,0,1,3,2,0,1,50,,1,0,0,0,1,21.0,,,,5,2,9,2,6
202100052516,2021-02-04 14:00:00,2021,2,4,14,0,69,69381,PECHERIE (DE LA) (Q),45.76597,4.83086,Plein jour,En agglomération,Intersection en T,Normale,Autre collision,4,1,2,3,1,1,1,0,1,50,,2,1,0,0,1,45.0,,,,1,2,3,1,6
202100052517,2021-02-04 07:40:00,2021,2,4,7,40,69,69384,BOUCLE (DE LA) (MO),45.7814660805,4.8392884537,Crépuscule ou aube,En agglomération,Hors intersection,Temps couvert,Deux véhicules - côté,4,3,3,2,2,1,1,0,1,50,,2,1,0,0,1,59.0,29.0,,,2,2,1,8,3
202100052518,2021-02-03 16:50:00,2021,2,3,16,50,69,69381,ROUVILLE                            (PL),45.7696471011,4.826507177,Plein jour,En agglomération,Place,Normale,Deux véhicules - frontale,4,-1,1,2,2,2,2,0,1,50,,2,1,0,0,1,37.0,67.0,,,1,2,7,1,1
202100052519,2021-02-03 14:07:00,2021,2,3,14,7,87,87085,LABUSSIERE (AVENUE EMILE),45.84449,1.25111,Plein jour,En agglomération,Hors intersection,Normale,Autre collision,4,2,2,0,2,1,1,0,1,50,,2,1,0,0,1,22.0,,,,1,2,1,1,6
202100052520,2021-02-03 07:50:00,2021,2,3,7,50,87,87085,QUINET (RUE EDGAR),45.8227,1.24003,Nuit avec éclairage allumé,En agglomération,Hors intersection,Pluie légère,Autre collision,4,2,2,0,1,1,2,0,1,50,,2,1,0,0,1,58.0,,,,5,2,1,2,6
202100052521,2021-02-03 16:25:00,2021,2,3,16,25,86,86194,Avenue de Northampton,46.57893,0.37898,Plein jour,En agglomération,Intersection en T,Normale,Deux véhicules - côté,4,2,4,3,1,1,1,0,1,50,,4,2,0,0,2,55.0,25.0,,,1,2,3,1,3
202100052522,2021-02-04 16:40:00,2021,2,4,16,40,83,83137,GRENIER (QUAI EMILE),43.13254,5.9046,Plein jour,En agglomération,Hors intersection,Temps couvert,Deux véhicules - côté,7,2,4,0,1,1,1,0,1,50,,3,1,0,0,2,73.0,40.0,,,1,2,1,8,3
202100052523,2021-02-03 12:15:00,2021,2,3,12,15,83,83137,FONTAN (AVE DU DOCTEUR),43.13106,5.9196,Plein jour,En agglomération,Hors intersection,Normale,Autre collision,7,-1,2,0,1,1,1,0,1,30,,3,1,0,0,2,27.0,,,,1,2,1,1,6
202100052524,2021-02-03 06:20:00,2021,2,3,6,20,80,80021,FREDERIC PETIT (RUE),49.89268,2.28875,Nuit avec éclairage allumé,En agglomération,Hors intersection,Pluie forte,Deux véhicules - côté,4,2,2,0,1,1,2,0,1,50,,2,1,0,0,1,20.0,,,,5,2,1,3,3
202100052525,2021-02-04 16:35:00,2021,2,4,16,35,79,79191,9 Avenue Jacques Bujault,46.322276,-0.45928,Plein jour,En agglomération,Intersection en T,Normale,Deux véhicules - côté,4,1,4,3,2,1,1,0,1,30,,2,1,0,0,1,50.0,34.0,,,1,2,3,1,3
202100052526,2021-01-22 08:10:00,2021,1,22,8,10,77,77431,AV CARNOT,48.289547,2.681254,Nuit avec éclairage allumé,Hors agglomération,Hors intersection,Pluie forte,Autre collision,3,2,2,0,1,1,2,0,1,50,,2,1,0,1,0,24.0,,,,5,1,1,3,6
202100052527,2021-02-03 17:15:00,2021,2,3,17,15,76,76351,LENINGRAD (BD DE),49.50026,0.17335,Plein jour,En agglomération,Hors intersection,Normale,Deux véhicules - arrière,3,3,4,0,1,1,1,0,1,50,,3,0,1,0,2,34.0,73.0,,,1,2,1,1,2
202100052528,2021-02-04 07:25:00,2021,2,4,7,25,69,69290,ANDRE BOULLOCHE (BD),45.7201107536,4.923248291,Crépuscule ou aube,Hors agglomération,Hors intersection,Temps couvert,Sans collision,4,2,0,3,1,3,1,4,6,20,,5,1,0,0,4,30.0,,,,2,1,1,8,7
202100052529,2021-02-03 21:25:00,2021,2,3,21,25,69,69264,LOUIS BLANC (BD),45.98945,4.72159,Nuit avec éclairage allumé,En agglomération,Intersection en X,Temps couvert,Deux véhicules - côté,4,2,3,0,2,1,1,0,1,30,,3,2,0,0,1,18.0,21.0,,,5,2,2,8,3
202100052530,2021-02-03 23:00:00,2021,2,3,23,0,67,67482,RIBERAC (RUE),48.54885,7.76062,Nuit avec éclairage allumé,En agglomération,Hors intersection,Temps couvert,Autre collision,4,2,2,0,1,1,2,9,3,50,,4,2,0,0,2,29.0,,,,5,2,1,8,6
202100052531,2021-02-03 16:30:00,2021,2,3,16,30,67,67482,CHARMILLE (RUE DE LA),48.58751,7.71785,Plein jour,En agglomération,Intersection en T,Normale,Deux véhicules - côté,4,2,2,0,1,1,1,0,1,50,,3,0,0,0,3,89.0,56.0,,,1,2,3,1,3
202100052532,2021-02-03 13:35:00,2021,2,3,13,35,66,66136,ARGELES SUR MER AVENUE D',42.68108,2.9106,Plein jour,En agglomération,Giratoire,Normale,Autre collision,4,3,4,0,1,1,1,0,1,50,,1,0,0,1,0,67.0,,,,1,2,6,1,6
202100052533,2021-01-08 21:00:00,2021,1,8,21,0,62,62427,DOURGES (R DE),50.424527,2.958514,Nuit avec éclairage allumé,En agglomération,Intersection en X,Normale,Deux véhicules - côté,3,2,2,0,1,1,1,0,1,50,,3,1,0,2,0,23.0,19.0,,,5,2,2,1,3
202100052534,2021-01-31 14:20:00,2021,1,31,14,20,62,62193,GUYNEMER (AVENUE G.),50.95137,1.89258,Plein jour,En agglomération,Intersection en X,Normale,Deux véhicules - côté,4,2,2,2,1,1,2,0,1,50,,3,2,0,0,1,22.0,24.0,,,1,2,2,1,3
202100052535,2021-02-03 12:35:00,2021,2,3,12,35,62,62041,COURBET ( PLACE ),50.292592,2.747728,Plein jour,En agglomération,Autre intersection,Normale,Autre collision,4,3,0,0,1,1,1,0,1,50,,2,1,0,1,0,51.0,,,,1,2,9,1,6
202100052536,2021-02-03 08:10:00,2021,2,3,8,10,59,59512,ALMA  (RUE DE L)',50.69918,3.16905,Crépuscule ou aube,En agglomération,Hors intersection,Pluie légère,Autre collision,4,2,2,0,2,1,2,0,1,50,,2,1,0,0,1,26.0,,,,2,2,1,2,6