accident_id,datetime,annee,mois,jour,heure,minute,departement,commune_insee,adresse,latitude,longitude,luminosite,agglomeration,intersection,meteo,collision,catr,circ,nbv,vosp,prof,plan,surf,infra,situ,vma,nb_vehicules,nb_usagers,nb_indemnes,nb_tues,nb_blesses_hosp,nb_blesses_legers,age_cond_1,age_cond_2,veh_type_cond_1,veh_type_cond_2,lum_code,agg_code,int_code,atm_code,col_code
202100052537,2021-02-03 12:10:00,2021,2,3,12,10,56,56162,DUPUY DE LOME (RUE),47.74202,-3.40424,Plein jour,En agglomération,Hors intersection,Pluie forte,Deux véhicules - frontale,3,2,2,0,1,1,2,0,1,50,,4,2,0,0,2,57.0,33.0,,,1,2,1,3,1
202100052538,2021-02-04 00:05:00,2021,2,4,0,5,54,54395,CARMES (RUE DES),48.6924880643,6.1798384465,Nuit avec éclairage allumé,En agglomération,Intersection en T,Temps couvert,Deux véhicules - côté,4,4,2,0,2,1,1,0,1,30,,2,1,0,0,1,41.0,29.0,,,5,2,3,8,3
202100052539,2021-02-03 08:19:00,2021,2,3,8,19,54,54395,OBERLIN (RUE),48.70232,6.18547,Crépuscule ou aube,En agglomération,Hors intersection,Pluie légère,Deux véhicules - arrière,4,2,2,0,1,1,2,9,1,50,,2,1,0,0,1,47.0,62.0,,,2,2,1,2,2
202100052540,2021-02-04 16:41:00,2021,2,4,16,41,51,51454,Rue du Docteur Albert Schweitzer,49.280902064,4.0211311355,Plein jour,En agglomération,Intersection en T,Normale,Deux véhicules - côté,4,2,2,0,1,1,1,5,1,50,,2,1,0,1,0,28.0,12.0,,,1,2,3,1,3
202100052541,2021-02-03 12:40:00,2021,2,3,12,40,50,50203,BRULINS (LES),49.61712,-1.58103,Plein jour,En agglomération,Hors intersection,Normale,Sans collision,3,2,2,0,1,1,2,0,3,30,,1,0,1,0,0,80.0,,,,1,2,1,1,7
202100052542,2021-01-31 17:45:00,2021,1,31,17,45,50,50129,PARIS (AVENUE DE),49.62909,-1.61813,Crépuscule ou aube,En agglomération,Hors intersection,Pluie légère,Deux véhicules - côté,3,2,2,1,1,1,2,0,1,50,,2,1,0,1,0,44.0,29.0,,,2,2,1,2,3
202100052543,2021-02-03 10:40:00,2021,2,3,10,40,49,49007,VALLON,47.46316,-0.60207,Plein jour,En agglomération,Giratoire,Pluie légère,Sans collision,4,2,2,0,1,1,2,0,1,50,,1,0,0,0,1,60.0,,,,1,2,6,2,7
202100052544,2021-02-04 09:20:00,2021,2,4,9,20,45,45302,Rue Henri Ferchaud,47.929482047,1.8915119613,Plein jour,En agglomération,Giratoire,Normale,Deux véhicules - côté,4,2,2,0,1,1,1,0,1,50,,2,1,0,0,1,68.0,21.0,,,1,2,6,1,3
202100052545,2021-02-02 17:46:00,2021,2,2,17,46,35,35288,DEMALVILLAIN LEONCE (BOULEVARD),48.631786,-2.001036,Plein jour,En agglomération,Giratoire,Normale,Autre collision,4,2,2,0,1,1,1,5,1,50,,2,1,0,1,0,34.0,,,,1,2,6,1,6
202100052546,2021-02-04 07:00:00,2021,2,4,7,0,35,35238,NANTES (DE),48.0947334438,-1.6902461126,Nuit avec éclairage allumé,En agglomération,Intersection en X,Pluie légère,Deux véhicules - côté,4,2,2,0,1,1,2,5,1,50,,2,1,0,0,1,58.0,47.0,,,5,2,2,2,3
202100052547,2021-01-12 16:30:00,2021,1,12,16,30,34,34108,RD 612,43.4453,3.7631,Crépuscule ou aube,Hors agglomération,Hors intersection,Normale,Trois véhicules et plus - en chaîne,3,-1,2,0,1,1,1,0,1,80,,5,2,1,2,0,52.0,22.0,,,2,1,1,1,4
202100052548,2021-02-03 18:25:00,2021,2,3,18,25,34,34172,GIMEL (AVENUE DE),43.63783,3.82431,Crépuscule ou aube,En agglomération,Hors intersection,Normale,Deux véhicules - arrière,4,1,2,0,1,1,1,0,1,50,,3,2,0,0,1,50.0,19.0,,,2,2,1,1,2
202100052549,2021-02-03 16:05:00,2021,2,3,16,5,31,31483,JOFFRE (AVENUE DU MARECHAL),43.10709,0.72011,Plein jour,En agglomération,Hors intersection,Normale,Sans collision,3,2,2,0,1,1,1,0,1,50,,2,1,0,0,1,62.0,22.0,,,1,2,1,1,7
202100052550,2021-02-04 18:10:00,2021,2,4,18,10,30,30007,GRABIEUX (ROUTE DU PONT DE),44.1402339788,4.0886735916,Crépuscule ou aube,En agglomération,Hors intersection,Pluie légère,Autre collision,4,2,2,0,1,1,2,0,1,30,,2,1,0,1,0,71.0,,,,2,2,1,2,6
202100052551,2021-02-04 05:21:00,2021,2,4,5,21,29,29051,N165 - Pont D115,47.9935703759,-4.0457206964,Nuit sans éclairage public,Hors agglomération,Hors intersection,Pluie forte,Autre collision,2,2,4,0,3,1,2,2,1,110,,1,0,0,0,1,27.0,,,,3,1,1,3,6
202100052552,2021-02-03 12:10:00,2021,2,3,12,10,19,19031,GERARD (RUE HENRI),45.15236,1.5147,Plein jour,En agglomération,Intersection en T,Pluie légère,Deux véhicules - côté,4,2,2,0,1,1,2,0,1,50,,2,1,0,0,1,19.0,17.0,,,1,2,3,2,3
202100052553,2021-02-03 10:40:00,2021,2,3,10,40,17,17306,LOTI PIERRE,45.627016,-1.031657,Plein jour,En agglomération,Intersection en X,Normale,Autre collision,4,1,1,0,1,1,1,0,1,30,,2,1,0,1,0,40.0,,,,1,2,2,1,6
202100052554,2021-02-04 12:25:00,2021,2,4,12,25,17,17291,33 PK RN11 NANTES ROCADE,46.17303,-1.11658,Plein jour,Hors agglomération,Hors intersection,Normale,Deux véhicules - côté,2,3,4,0,1,1,1,0,1,50,,2,1,0,0,1,32.0,21.0,,,1,1,1,1,3
202100052555,2021-02-04 12:25:00,2021,2,4,12,25,15,15014,MIDI (RUE DU),44.917613,2.436112,Plein jour,En agglomération,Hors intersection,Normale,Deux véhicules - côté,4,2,2,0,1,1,1,0,1,50,,2,1,0,0,1,56.0,24.0,,,1,2,1,1,3
202100052556,2021-02-04 18:00:00,2021,2,4,18,0,13,13206,LIEUTAUD (COURS),43.2882,5.3845,Nuit avec éclairage allumé,En agglomération,Intersection en X,Normale,Autre collision,4,2,2,0,2,1,1,0,1,50,,2,1,0,0,1,,,,,5,2,2,1,6
202100052557,2021-02-04 16:43:00,2021,2,4,16,43,13,13208,MAZARGUES (AVENUE DE),43.26372,5.39247,Plein jour,En agglomération,Intersection en T,Normale,Deux véhicules - côté,4,2,2,0,1,1,1,0,1,50,,3,2,0,0,1,50.0,20.0,,,1,2,3,1,3
202100052558,2021-02-03 11:30:00,2021,2,3,11,30,13,13215,MADRAGUE VILLE (chemin de la),43.3332239492,5.3585494608,Plein jour,En agglomération,Hors intersection,Normale,Deux véhicules - côté,4,2,2,0,1,1,1,0,1,50,,2,1,0,0,1,22.0,39.0,,,1,2,1,1,3
202100052559,2021-02-03 17:20:00,2021,2,3,17,20,13,13207,CATALANS (RUE DES),43.290585,5.355955,Crépuscule ou aube,En agglomération,Intersection en T,Normale,Autre collision,4,-1,2,0,1,1,1,0,1,50,,2,1,0,1,0,,,,,2,2,3,1,6
202100052560,2021-02-04 14:05:00,2021,2,4,14,5,11,11069,VOLTAIRE,43.2111,2.3496,Plein jour,En agglomération,Intersection en T,Normale,Deux véhicules - côté,4,1,1,0,2,1,1,0,1,50,,2,1,0,0,1,40.0,63.0,,,1,2,3,1,3
202100052561,2021-02-03 09:25:00,2021,2,3,9,25,10,10333,CROIX ROUGE (RUE DE LA ),48.27393,4.05856,Plein jour,En agglomération,Hors intersection,Pluie forte,Deux véhicules - arrière,4,2,2,0,1,1,2,0,1,50,,2,1,0,0,1,22.0,64.0,,,1,2,1,3,2
202100052562,2021-02-04 18:20:00,2021,2,4,18,20,06,06088,CARLONE (BD),43.694114,7.238451,Nuit avec éclairage allumé,En agglomération,Intersection en T,Temps couvert,Deux véhicules - côté,4,2,3,3,2,1,1,0,6,30,,2,1,0,1,0,58.0,23.0,,,5,2,3,8,3
202100052563,2021-02-03 13:55:00,2021,2,3,13,55,02,02805,REIMS Avenue de,49.37323,3.34398,Plein jour,En agglomération,Hors intersection,Temps couvert,Deux véhicules - côté,2,1,2,0,1,1,2,5,1,50,,2,1,0,1,0,65.0,15.0,,,1,2,1,8,3
202100052564,2021-02-04 15:20:00,2021,2,4,15,20,75,75119,AVENUE JEAN JAURES,48.884268,2.375886,Plein jour,En agglomération,Intersection en T,Normale,Deux véhicules - côté,4,2,2,0,1,1,1,0,1,50,,2,1,0,0,1,41.0,43.0,,,1,2,3,1,3
202100052565,2021-02-04 10:15:00,2021,2,4,10,15,75,75118,RUE THOLOZE,48.887083,2.33595,Plein jour,En agglomération,Hors intersection,Normale,Autre collision,4,1,1,0,2,1,1,0,1,30,,2,1,0,0,1,47.0,,,,1,2,1,1,6
202100052566,2021-02-02 14:00:00,2021,2,2,14,0,75,75118,AVENUE DE LA PORTE DE CLIGNANCOURT,48.898787,2.344172,Plein jour,En agglomération,Hors intersection,Normale,Deux véhicules - côté,4,1,2,3,1,1,2,-1,6,50,,3,2,0,0,1,33.0,36.0,,,1,2,1,1,3
202100052567,2021-02-04 15:55:00,2021,2,4,15,55,75,75117,AVENUE DE CLICHY,48.892327,2.317185,Plein jour,En agglomération,Intersection en T,Normale,Autre collision,4,2,2,0,1,1,1,0,1,50,,2,1,0,0,1,24.0,,,,1,2,3,1,6
202100052568,2021-02-03 08:15:00,2021,2,3,8,15,75,75116,AVENUE D IENA,48.869532,2.295729,Plein jour,En agglomération,Intersection en X,Pluie forte,Autre collision,4,2,4,0,1,1,2,0,1,50,,2,1,0,0,1,49.0,,,,1,2,2,3,6
202100052569,2021-02-04 16:20:00,2021,2,4,16,20,75,75112,ROUTE ROYALE DE BEAUTE,48.834572,2.440255,Plein jour,En agglomération,Hors intersection,Normale,Autre collision,4,1,2,2,1,1,1,-1,5,50,,2,1,0,0,1,21.0,,,,1,2,1,1,6
202100052570,2021-02-04 12:12:00,2021,2,4,12,12,75,75111,RUE DE LA FOLIE MERICOURT,48.868042,2.368561,Plein jour,En agglomération,Hors intersection,Normale,Deux véhicules - frontale,4,1,1,2,1,1,1,0,1,50,,2,1,0,0,1,57.0,30.0,,,1,2,1,1,1
202100052571,2021-02-04 13:40:00,2021,2,4,13,40,75,75110,RUE ALEXANDRE PARODI,48.879798,2.365527,Plein jour,En agglomération,Intersection en T,Temps couvert,Autre collision,4,1,1,0,1,1,1,0,1,50,,2,1,0,0,1,40.0,,,,1,2,3,8,6
202100052572,2021-02-04 12:45:00,2021,2,4,12,45,75,75109,PLACE DE CLICHY,48.883439,2.327679,Plein jour,En agglomération,Place,Normale,Deux véhicules - côté,4,1,3,3,1,1,1,0,1,50,,2,1,0,0,1,37.0,33.0,,,1,2,7,1,3
202100052573,2021-02-04 10:45:00,2021,2,4,10,45,75,75108,AVENUE DE MARIGNY,48.870063,2.315499,Plein jour,En agglomération,Hors intersection,Normale,Deux véhicules - arrière,4,2,4,3,1,1,1,0,1,30,,3,2,0,0,1,60.0,58.0,,,1,2,1,1,2
202100052574,2021-02-04 08:30:00,2021,2,4,8,30,75,75106,RUE DE SEVRES,48.848917,2.321499,Plein jour,En agglomération,Hors intersection,Normale,Deux véhicules - arrière,4,2,3,0,1,1,1,0,1,30,,2,1,0,0,1,46.0,53.0,,,1,2,1,1,2
202100052575,2021-02-03 14:36:00,2021,2,3,14,36,75,75107,RUE DE SEVRES,48.849826,2.323283,Plein jour,En agglomération,Intersection en T,Pluie légère,Deux véhicules - côté,4,2,3,0,1,1,2,0,1,50,,2,1,0,0,1,17.0,55.0,,,1,2,3,2,3
202100052576,2021-02-04 21:00:00,2021,2,4,21,0,75,75102,BOULEVARD POISSONNIERE,48.871238,2.344543,Nuit avec éclairage allumé,En agglomération,Hors intersection,Normale,Autre collision,4,2,5,1,1,1,1,-1,5,10,,2,1,0,0,1,23.0,,,,5,2,1,1,6
202100052577,2021-02-04 14:20:00,2021,2,4,14,20,75,75102,RUE MONTMARTRE,48.870851,2.342852,Plein jour,En agglomération,Intersection en T,Normale,Autre collision,4,1,3,1,1,1,1,8,1,50,,1,0,0,0,1,36.0,,,,1,2,3,1,6
202100052578,2021-02-03 15:30:00,2021,2,3,15,30,75,75101,QUAI FRANCOIS MITTERRAND,48.8601175384,2.3333448172,Plein jour,En agglomération,Place,Pluie légère,Sans collision,4,1,4,0,1,1,2,0,1,50,,1,0,0,0,1,22.0,,,,1,2,7,2,7
202100052579,2021-02-02 14:40:00,2021,2,2,14,40,75,75104,RUE SAINT ANTOINE,48.853424,2.367157,Plein jour,En agglomération,Intersection en X,Normale,Deux véhicules - côté,4,2,2,1,1,1,1,0,1,50,,2,1,0,0,1,60.0,51.0,,,1,2,2,1,3
202100052580,2021-02-03 18:40:00,2021,2,3,18,40,94,94081,ROUGET DE L ISLE (AV),48.78442,2.39302,Nuit avec éclairage allumé,En agglomération,Hors intersection,Normale,Deux véhicules - frontale,3,1,2,0,1,1,1,0,1,50,,3,2,1,0,0,47.0,,,,5,2,1,1,1
202100052581,2021-02-04 09:15:00,2021,2,4,9,15,94,94080,PREVOYANCE (R DE LA),48.84885,2.42083,Plein jour,En agglomération,Hors intersection,Normale,Autre collision,4,1,1,1,1,1,1,0,1,50,,2,1,0,0,1,30.0,,,,1,2,1,1,6
202100052582,2021-02-04 16:50:00,2021,2,4,16,50,94,94076,GUY MOCQUET (R),48.798536,2.357462,Plein jour,En agglomération,Intersection en Y,Normale,Deux véhicules - côté,4,2,0,0,1,1,1,0,1,50,,2,1,0,0,1,53.0,51.0,,,1,2,4,1,3
202100052583,2021-02-04 14:15:00,2021,2,4,14,15,94,94022,Boulevard des Alliés,48.76483,2.40497,Plein jour,En agglomération,Hors intersection,Normale,Autre collision,3,1,2,0,1,1,1,0,1,50,,2,1,0,0,1,72.0,,,,1,2,1,1,6
202100052584,2021-02-03 13:45:00,2021,2,3,13,45,94,94022,ALFORTVILLE (AV D),48.77264,2.41435,Plein jour,En agglomération,Intersection en T,Pluie légère,Deux véhicules - côté,4,2,2,0,1,1,2,0,1,50,,2,1,0,1,0,40.0,17.0,,,1,2,3,2,3
202100052585,2021-02-04 09:45:00,2021,2,4,9,45,94,94017,CHARLES FLOQUET (R),48.81917,2.48248,Plein jour,En agglomération,Hors intersection,Normale,Autre collision,3,2,2,0,1,1,1,8,1,50,,2,1,0,0,1,27.0,73.0,,,1,2,1,1,6
202100052586,2021-02-04 14:30:00,2021,2,4,14,30,93,93073,CHAPIT RE ( RUE DU),48.9860881703,2.5203943532,Plein jour,Hors agglomération,Intersection en Y,Temps couvert,Autre collision,4,1,2,0,1,1,2,0,1,70,,1,0,0,0,1,33.0,,,,1,1,4,8,6
202100052587,2021-02-04 08:20:00,2021,2,4,8,20,93,93072,MARCEL CACHIN (AVENUE) DES N°1 AU 17,48.95672,2.38301,Plein jour,En agglomération,Hors intersection,Normale,Deux véhicules - arrière,3,2,1,0,1,1,1,0,1,50,,2,1,0,0,1,41.0,25.0,,,1,2,1,1,2
202100052588,2021-02-03 10:16:00,2021,2,3,10,16,93,93066,"""BARBUSSE HENRI, NR 35 A 137""",48.9405443737,2.3718617342,Plein jour,En agglomération,Intersection en X,Temps couvert,Trois véhicules et plus - collisions multiples,3,1,1,0,1,1,2,0,1,50,,3,1,0,0,2,26.0,51.0,,,1,2,2,8,5
202100052589,2021-02-04 13:30:00,2021,2,4,13,30,93,93049,MARCEL DASSAULT (AVENUE),48.8656577,2.5153781638,Plein jour,En agglomération,Intersection en T,Normale,Deux véhicules - côté,4,2,2,0,1,1,1,0,1,50,,3,1,0,0,2,72.0,23.0,,,1,2,3,1,3
202100052590,2021-02-03 14:45:00,2021,2,3,14,45,93,93050,PAUL ET CAMILLE THOMOUX (RUE) COTE IMPAI,48.8634,2.52987,Plein jour,En agglomération,Hors intersection,Pluie légère,Deux véhicules - arrière,3,1,1,0,1,1,2,0,1,50,,2,1,0,0,1,37.0,28.0,,,1,2,1,2,2
202100052591,2021-02-04 07:05:00,2021,2,4,7,5,93,93046,CONSUL GENERAL NORDLING AVENUE,48.9176082482,2.5342644877,Nuit avec éclairage allumé,En agglomération,Autre intersection,Pluie légère,Deux véhicules - côté,3,2,4,0,1,1,2,5,1,50,,2,1,0,0,1,26.0,58.0,,,5,2,9,2,3
202100052592,2021-02-04 09:25:00,2021,2,4,9,25,93,93029,HENRI BARBUSSE (AVE) N°126-280,48.9225399477,2.4568414403,Plein jour,En agglomération,Hors intersection,Normale,Deux véhicules - arrière,3,2,2,0,1,1,1,0,1,50,,2,1,0,0,1,32.0,38.0,,,1,2,1,1,2
202100052593,2021-02-04 17:45:00,2021,2,4,17,45,93,93027,MERMOZ (AVENUE JEAN),48.93247,2.4068,Plein jour,En agglomération,Hors intersection,Normale,Deux véhicules - côté,3,2,4,3,1,1,1,0,1,50,,2,1,0,0,1,37.0,26.0,,,1,2,1,1,3
202100052594,2021-02-04 16:55:00,2021,2,4,16,55,93,93010,GALLIENI (AV.) CONFORAMA 53,48.90575,2.4774,Plein jour,Hors agglomération,Hors intersection,Normale,Deux véhicules - côté,3,1,2,0,1,1,1,0,1,50,,3,2,0,0,1,29.0,49.0,,,1,1,1,1,3
202100052595,2021-02-04 10:33:00,2021,2,4,10,33,92,92049,BRIAND AVENUE ARISTIDE AUTRES N°,48.8148615399,2.3257595301,Plein jour,En agglomération,Hors intersection,Normale,Deux véhicules - côté,3,2,6,0,1,1,1,9,1,50,,2,1,0,0,1,21.0,57.0,,,1,2,1,1,3
202100052596,2021-02-03 17:33:00,2021,2,3,17,33,92,92020,VANVES BOULEVARD N° IMPAIRS,48.8053889851,2.2871169448,Nuit avec éclairage allumé,En agglomération,Intersection en Y,Pluie légère,Deux véhicules - arrière,3,2,2,0,1,1,2,0,1,50,,3,2,0,0,1,22.0,17.0,,,5,2,4,2,2
202100052597,2021-02-03 11:25:00,2021,2,3,11,25,92,92025,AGENT SARRE (AV DE L'),48.924839708,2.2666114569,Plein jour,En agglomération,Intersection en X,Normale,Deux véhicules - côté,3,2,2,0,1,1,1,0,1,50,,2,1,0,1,0,29.0,29.0,,,1,2,2,1,3
202100052598,2021-01-29 09:35:00,2021,1,29,9,35,92,92025,PAUL BERT (RUE),48.927363317,2.2470098734,Plein jour,En agglomération,Intersection en X,Normale,Deux véhicules - côté,3,2,4,0,1,1,2,0,1,50,,2,1,0,0,1,27.0,27.0,,,1,2,2,1,3
202100052599,2021-02-05 07:50:00,2021,2,5,7,50,35,35285,lieu-dit La BAsse lande,47.75549,-1.943979,Crépuscule ou aube,Hors agglomération,Intersection en X,Brouillard / fumée,Deux véhicules - côté,3,2,2,0,1,1,2,0,1,80,,2,1,0,1,0,23.0,19.0,,,2,1,2,5,3
202100052600,2021-02-04 09:30:00,2021,2,4,9,30,47,47262,D114,44.138563,0.758389,Plein jour,Hors agglomération,Intersection en X,Normale,Deux véhicules - côté,3,2,2,0,1,1,1,0,1,-1,,2,0,0,1,1,54.0,42.0,,,1,1,2,1,3
202100052601,2021-02-04 17:35:00,2021,2,4,17,35,01,01443,départementale 1083,46.006173,5.033809,Nuit avec éclairage allumé,En agglomération,Hors intersection,Normale,Autre collision,3,2,1,0,1,1,1,0,1,50,,2,1,0,1,0,77.0,,,,5,2,1,1,6
202100052602,2021-02-04 18:50:00,2021,2,4,18,50,66,66106,A9 pk 275+250 sens France/Espagne,42.4957046256,2.8280621791,Nuit sans éclairage public,Hors agglomération,Hors intersection,Normale,Deux véhicules - arrière,1,1,5,0,2,2,1,0,2,90,,2,0,1,0,1,41.0,65.0,,,3,1,1,1,2
202100052603,2021-02-05 04:17:00,2021,2,5,4,17,01,01089,D1075,45.957777,5.32732,Nuit sans éclairage public,Hors agglomération,Hors intersection,Normale,Deux véhicules - frontale,3,2,2,0,1,1,2,0,1,80,,2,1,0,0,1,49.0,30.0,,,3,1,1,1,1
202100052604,2021-02-05 16:00:00,2021,2,5,16,0,43,43110,Route de Champagnac,45.313803,3.434496,Plein jour,En agglomération,Hors intersection,Normale,Deux véhicules - côté,3,2,2,0,2,1,1,0,1,50,,2,1,0,1,0,29.0,36.0,,,1,2,1,1,3
202100052605,2021-02-05 15:15:00,2021,2,5,15,15,83,83152,D27,43.165905,6.472878,Plein jour,Hors agglomération,Hors intersection,Normale,Deux véhicules - côté,3,-1,2,0,2,4,1,0,1,80,,2,1,0,1,0,60.0,30.0,,,1,1,1,1,3
202100052606,2021-02-03 17:00:00,2021,2,3,17,0,29,29095,RN 12 - PK 63+600,48.4546851636,-4.3720597029,Plein jour,Hors agglomération,Hors intersection,Normale,Trois véhicules et plus - en chaîne,2,3,4,0,1,1,1,0,1,110,,9,5,0,0,4,25.0,23.0,,,1,1,1,1,4
202100052607,2021-02-05 16:30:00,2021,2,5,16,30,42,42308,Rue Jean Claude Dubouchet,45.450817,4.581878,Plein jour,En agglomération,Hors intersection,Normale,Autre collision,4,2,2,0,1,1,1,0,8,30,,1,0,0,0,1,30.0,,,,1,2,1,1,6
202100052608,2021-02-05 12:15:00,2021,2,5,12,15,56,56094,D194,47.76437,-3.300321,Plein jour,Hors agglomération,Hors intersection,Normale,Deux véhicules - côté,3,2,2,2,1,1,1,0,5,80,,2,1,0,1,0,32.0,79.0,,,1,1,1,1,3
202100052609,2021-02-05 12:45:00,2021,2,5,12,45,2B,2B074,RT 20,42.262796,9.169142,Plein jour,Hors agglomération,Hors intersection,Normale,Autre collision,2,2,1,0,2,2,2,0,3,80,,1,0,0,1,0,20.0,,,,1,1,1,1,6
202100052610,2021-02-05 06:30:00,2021,2,5,6,30,89,89074,D606,48.319021,3.139086,Crépuscule ou aube,Hors agglomération,Hors intersection,Pluie légère,Deux véhicules - arrière,3,2,2,0,1,1,2,0,1,80,,2,1,0,0,1,24.0,46.0,,,2,1,1,2,2
202100052611,2021-02-04 17:30:00,2021,2,4,17,30,76,76255,D1015,50.05715,1.42134,Crépuscule ou aube,En agglomération,Intersection en T,Normale,Deux véhicules - côté,3,2,2,0,2,1,1,5,1,50,,2,1,0,1,0,48.0,44.0,,,2,2,3,1,3
202100052612,2021-02-04 05:15:00,2021,2,4,5,15,35,35331,La Bedoyere,48.085923,-1.912298,Nuit sans éclairage public,Hors agglomération,Hors intersection,Pluie forte,Autre collision,3,2,2,0,4,1,2,0,1,80,,1,0,0,1,0,20.0,,,,3,1,1,3,6
202100052613,2021-02-05 16:55:00,2021,2,5,16,55,29,29004,D765 - Rue du Moulin Rozhuel,47.936156,-3.72503,Plein jour,Hors agglomération,Hors intersection,Normale,Autre collision,3,2,2,0,4,2,2,0,3,80,,2,0,1,1,0,62.0,,,,1,1,1,1,6
202100052614,2021-02-04 19:20:00,2021,2,4,19,20,72,72376,Bas Colomboeuf,47.858871,0.484917,Nuit sans éclairage public,Hors agglomération,Hors intersection,Normale,Autre collision,3,2,2,0,1,1,1,0,1,80,,2,1,1,0,0,19.0,,,,3,1,1,1,6
202100052615,2021-02-04 20:15:00,2021,2,4,20,15,06,06023,Route de Vintimille,43.925825,7.520206,Nuit sans éclairage public,Hors agglomération,Autre intersection,Normale,Sans collision,3,4,2,0,1,1,1,8,1,50,,1,0,0,1,0,38.0,,,,3,1,9,1,7
202100052616,2021-01-28 10:30:00,2021,1,28,10,30,06,06079,245 Allée Louis Blériot,43.555089,6.952655,Plein jour,En agglomération,Hors intersection,Normale,Autre collision,4,2,2,0,1,1,1,0,1,50,,2,1,0,0,1,75.0,,,,1,2,1,1,6
202100052617,2021-02-04 14:00:00,2021,2,4,14,0,18,18234,4 Route de Châteaumeillant,46.508399,2.236846,Plein jour,En agglomération,Hors intersection,Pluie légère,Autre collision,3,2,2,0,2,2,2,0,4,50,,1,0,0,1,0,76.0,,,,1,2,1,2,6
202100052618,2021-02-01 16:25:00,2021,2,1,16,25,21,21663,Avenue de la Gare,47.542917,4.460294,Plein jour,En agglomération,Place,Normale,Deux véhicules - côté,3,2,2,0,1,1,1,0,1,30,,2,1,0,0,1,73.0,34.0,,,1,2,7,1,3
202100052619,2021-02-05 13:40:00,2021,2,5,13,40,04,04049,RN 85,44.086953,6.010144,Plein jour,Hors agglomération,Hors intersection,Normale,Deux véhicules - arrière,2,2,2,0,1,1,1,0,1,80,,2,1,0,1,0,54.0,39.0,,,1,1,1,1,2
202100052620,2021-02-05 15:10:00,2021,2,5,15,10,17,17202,D939,45.983641,-0.585837,Plein jour,Hors agglomération,Hors intersection,Pluie légère,Deux véhicules - frontale,3,2,2,0,1,1,2,0,1,80,,3,2,0,1,0,53.0,65.0,,,1,1,1,2,1
202100052621,2021-02-04 13:48:00,2021,2,4,13,48,37,37062,D766,47.5425254196,0.3391291201,Plein jour,Hors agglomération,Hors intersection,Pluie légère,Autre collision,3,2,2,0,4,2,2,0,8,90,,1,0,0,1,0,45.0,,,,1,1,1,2,6
202100052622,2021-02-04 16:00:00,2021,2,4,16,0,06,06085,1028 Avenue Notre-dame de Vie,43.596118,7.001734,Plein jour,En agglomération,Hors intersection,Normale,Deux véhicules - frontale,3,2,2,1,1,1,1,0,1,30,,2,1,0,1,0,56.0,67.0,,,1,2,1,1,1
202100052623,2021-02-03 11:15:00,2021,2,3,11,15,68,68300,A36 PK 112.000,47.786237,7.418679,Plein jour,Hors agglomération,Hors intersection,Pluie forte,Deux véhicules - arrière,1,3,4,0,1,1,2,2,1,130,,5,1,4,0,0,68.0,23.0,,,1,1,1,3,2
202100052624,2021-02-05 15:20:00,2021,2,5,15,20,27,27147,"N154, PR 038+200 vers ROUEN",49.110013,1.187242,Plein jour,Hors agglomération,Hors intersection,Normale,Sans collision,2,3,4,0,2,1,1,0,1,110,,1,0,0,1,0,32.0,,,,1,1,1,1,7
202100052625,2021-02-05 14:45:00,2021,2,5,14,45,975,97502,Route de la Pointe Blanche,46.7724493498,-56.1765666604,Plein jour,En agglomération,Hors intersection,Pluie légère,Sans collision,2,2,2,0,4,1,2,0,1,50,,1,0,0,1,0,40.0,,,,1,2,1,2,7
202100052626,2021-02-06 00:15:00,2021,2,6,0,15,988,98817,route de la corniche -710-,-22.268883,166.569579,Nuit avec éclairage allumé,En agglomération,Hors intersection,Pluie légère,Autre collision,3,2,1,0,2,2,2,0,3,50,,2,0,0,0,2,21.0,,,,5,2,1,2,6
202100052627,2021-01-19 05:45:00,2021,1,19,5,45,971,97121,Rue de la République,16.230354,-61.788483,Crépuscule ou aube,En agglomération,Hors intersection,Normale,Autre collision,2,1,1,0,1,1,1,0,1,50,,2,1,0,0,1,37.0,,,,2,2,1,1,6
202100052628,2021-02-05 15:20:00,2021,2,5,15,20,77,77485,1 Rue de l'Ermitage,48.359325,2.516985,Plein jour,En agglomération,Hors intersection,Temps couvert,Autre collision,4,2,2,0,1,1,1,0,3,50,,4,0,0,1,3,20.0,,,,1,2,1,8,6
202100052629,2021-02-02 12:50:00,2021,2,2,12,50,34,34145,Boulevard sainte-Claire,43.672404,4.140419,Plein jour,En agglomération,Intersection en X,Normale,Autre collision,4,2,4,0,1,1,1,0,1,50,,2,1,0,1,0,28.0,,,,1,2,2,1,6
202100052630,2021-02-04 17:00:00,2021,2,4,17,0,83,83127,D202,43.27643,5.913183,Plein jour,Hors agglomération,Hors intersection,Normale,Sans collision,3,2,2,0,1,1,1,0,3,80,,1,0,0,1,0,34.0,,,,1,1,1,1,7
202100052631,2021-02-05 07:30:00,2021,2,5,7,30,06,06122,Ancienne Route de Vence (Pont),43.74367,7.136736,Plein jour,En agglomération,Hors intersection,Normale,Trois véhicules et plus - collisions multiples,7,2,2,0,2,3,1,0,1,50,,3,2,0,1,0,34.0,38.0,,,1,2,1,1,5
202100052632,2021-02-04 20:40:00,2021,2,4,20,40,71,71350,D45,46.335912,4.676598,Nuit sans éclairage public,Hors agglomération,Intersection en X,Normale,Sans collision,3,2,2,0,1,4,1,0,8,80,,1,0,0,0,1,37.0,,,,3,1,2,1,7