accident_id,datetime,annee,mois,jour,heure,minute,departement,commune_insee,adresse,latitude,longitude,luminosite,agglomeration,intersection,meteo,collision,catr,circ,nbv,vosp,prof,plan,surf,infra,situ,vma,nb_vehicules,nb_usagers,nb_indemnes,nb_tues,nb_blesses_hosp,nb_blesses_legers,age_cond_1,age_cond_2,veh_type_cond_1,veh_type_cond_2,lum_code,agg_code,int_code,atm_code,col_code
202100052633,2021-02-03 07:23:00,2021,2,3,7,23,38,38556,Route de la Chapelle,45.382281,4.84128,Crépuscule ou aube,Hors agglomération,Intersection en X,Normale,Deux véhicules - côté,3,2,2,0,1,1,1,8,1,70,,4,0,0,0,4,60.0,55.0,,,2,1,2,1,3
202100052634,2021-02-03 10:35:00,2021,2,3,10,35,76,76055,D131,49.63616,0.73549,Plein jour,Hors agglomération,Intersection en X,Normale,Deux véhicules - côté,3,2,2,0,1,1,1,0,1,80,,2,1,0,1,0,47.0,77.0,,,1,1,2,1,3
202100052635,2021-01-29 12:30:00,2021,1,29,12,30,13,13211,A50-Sens Aubagne vers Marseille,43.29345,5.47413,Plein jour,Hors agglomération,Hors intersection,Normale,Deux véhicules - arrière,1,1,3,0,1,1,1,0,1,90,,2,1,0,0,1,47.0,74.0,,,1,1,1,1,2
202100052636,2021-02-03 06:50:00,2021,2,3,6,50,13,13215,A7-Sens Lyon vers Marseille,43.377,5.35821,Nuit sans éclairage public,Hors agglomération,Hors intersection,Normale,Deux véhicules - arrière,1,1,3,0,1,1,1,0,1,90,,2,0,0,0,2,40.0,47.0,,,3,1,1,1,2
202100052637,2021-02-03 08:00:00,2021,2,3,8,0,54,54072,Autoroute A 31,48.852902,6.088999,Nuit sans éclairage public,Hors agglomération,Hors intersection,Pluie forte,Deux véhicules - arrière,1,3,4,0,1,1,4,0,1,110,,2,1,0,0,1,29.0,40.0,,,3,1,1,3,2
202100052638,2021-02-04 14:10:00,2021,2,4,14,10,33,33318,AUTOROUTE A 63,44.785146,-0.629323,Plein jour,Hors agglomération,Hors intersection,Normale,Deux véhicules - côté,1,3,6,0,1,3,1,3,1,90,,3,1,0,0,2,46.0,33.0,,,1,1,1,1,3
202100052639,2021-02-04 07:40:00,2021,2,4,7,40,33,33249,Route nationale 230,44.871921,-0.506074,Crépuscule ou aube,Hors agglomération,Hors intersection,Normale,Deux véhicules - arrière,2,3,6,0,1,1,1,3,1,90,,2,1,0,0,1,48.0,26.0,,,2,1,1,1,2
202100052640,2021-02-04 13:15:00,2021,2,4,13,15,91,91617,RN 104,48.64295,2.53595,Plein jour,Hors agglomération,Hors intersection,Normale,Sans collision,2,3,4,0,1,1,1,0,1,70,,1,0,0,0,1,33.0,,,,1,1,1,1,7
202100052641,2021-02-04 19:45:00,2021,2,4,19,45,92,92064,A13,48.8397630302,2.2032787376,Nuit sans éclairage public,Hors agglomération,Hors intersection,Normale,Deux véhicules - arrière,1,3,6,0,1,1,1,0,1,110,,3,2,0,0,1,49.0,59.0,,,3,1,1,1,2
202100052642,2021-02-03 16:30:00,2021,2,3,16,30,78,78646,RN12,48.79335,2.07506,Plein jour,Hors agglomération,Hors intersection,Normale,Deux véhicules - arrière,2,3,6,0,1,1,1,0,1,110,,2,1,0,0,1,41.0,22.0,,,1,1,1,1,2
202100052643,2021-02-04 12:00:00,2021,2,4,12,0,95,95060, A115,49.0431419212,2.1880276998,Plein jour,Hors agglomération,Hors intersection,Pluie légère,Autre collision,1,3,4,0,2,2,2,0,1,70,,1,0,0,0,1,20.0,,,,1,1,1,2,6
202100052644,2021-02-04 07:15:00,2021,2,4,7,15,95,95212, A1,49.0328181219,2.5398345822,Nuit sans éclairage public,Hors agglomération,Hors intersection,Normale,Trois véhicules et plus - en chaîne,1,3,6,0,1,1,1,0,1,110,,4,1,0,0,3,35.0,38.0,,,3,1,1,1,4
202100052645,2021-02-03 17:10:00,2021,2,3,17,10,976,97611,convalescence/vetivers-Convalescence (bo,-12.78066,45.22352,Plein jour,En agglomération,Hors intersection,Normale,Deux véhicules - frontale,3,2,0,0,2,4,1,0,1,50,,2,1,0,0,1,58.0,37.0,,,1,2,1,1,1
202100052646,2021-02-02 20:35:00,2021,2,2,20,35,69,69386,SERBIE (DE) (Q),45.77233,4.84113,Nuit avec éclairage non allumé,En agglomération,Intersection en X,Normale,Sans collision,4,2,5,0,1,3,2,0,1,50,,1,0,0,0,1,25.0,,,,4,2,2,1,7
202100052647,2021-02-03 15:25:00,2021,2,3,15,25,972,97213,AUTOROUTE A1,14.61603,-61.01564,Plein jour,Hors agglomération,Hors intersection,Normale,Deux véhicules - arrière,1,3,3,0,1,1,1,0,1,90,,3,2,0,1,0,25.0,56.0,,,1,1,1,1,2
202100052648,2021-02-03 18:20:00,2021,2,3,18,20,69,69384,ESSES (DES)                         (MO),45.773,4.81536,Nuit avec éclairage allumé,En agglomération,Hors intersection,Pluie légère,Deux véhicules - frontale,4,2,2,0,2,1,2,0,1,50,,2,1,0,0,1,24.0,19.0,,,5,2,1,2,1
202100052649,2021-02-03 08:55:00,2021,2,3,8,55,69,69081,BON PASTEUR (DU) (AV)  ,45.78722,4.77979,Plein jour,En agglomération,Hors intersection,Pluie légère,Deux véhicules - frontale,4,2,4,0,2,3,2,1,1,50,,2,1,0,0,1,52.0,38.0,,,1,2,1,2,1
202100052650,2021-02-02 12:18:00,2021,2,2,12,18,95,95051,JULES CESAR (CHAUSSEE),49.0092933937,2.1978181298,Plein jour,En agglomération,Hors intersection,Normale,Deux véhicules - frontale,4,2,2,0,1,1,1,6,4,50,,2,1,0,0,1,14.0,,,,1,2,1,1,1
202100052651,2021-01-29 12:45:00,2021,1,29,12,45,95,95288,SARCELLES (RUE DE),48.98493,2.36218,Plein jour,En agglomération,Hors intersection,Normale,Deux véhicules - arrière,3,2,2,0,1,1,1,0,1,50,,2,1,0,0,1,43.0,,,,1,2,1,1,2
202100052652,2021-02-01 17:25:00,2021,2,1,17,25,91,91570,SAINTE GENEVIEVE (RUE),48.6382,2.3127,Plein jour,En agglomération,Hors intersection,Normale,Deux véhicules - frontale,4,2,2,0,1,1,1,0,1,50,,2,1,0,0,1,16.0,58.0,,,1,2,1,1,1
202100052653,2021-02-02 17:20:00,2021,2,2,17,20,86,86194,Rue Maxime Dumoulin,46.57079,0.34975,Plein jour,En agglomération,Giratoire,Pluie légère,Deux véhicules - côté,4,2,2,0,1,2,2,0,1,2,,2,1,0,0,1,14.0,77.0,,,1,2,6,2,3
202100052654,2021-02-03 19:30:00,2021,2,3,19,30,83,83137,REPUBLIQUE (AVE DE LA),43.11997,5.93285,Nuit avec éclairage allumé,En agglomération,Intersection en T,Normale,Deux véhicules - arrière,3,2,4,0,1,1,1,0,1,50,,4,2,0,0,2,44.0,39.0,,,5,2,3,1,2
202100052655,2021-01-28 07:58:00,2021,1,28,7,58,82,82033,TOULOUSE RD 813 (ROUTE DE) ,44.033389,1.121163,Crépuscule ou aube,En agglomération,Hors intersection,Normale,Autre collision,3,2,2,0,1,1,2,6,1,50,,2,1,0,1,0,32.0,,,,2,2,1,1,6
202100052656,2021-02-03 11:00:00,2021,2,3,11,0,77,77108,PL GASNIER GUY,48.87452,2.58318,Plein jour,En agglomération,Place,Temps couvert,Autre collision,4,1,1,3,1,1,1,0,1,30,,2,1,0,1,0,41.0,,,,1,2,7,8,6
202100052657,2021-02-02 08:00:00,2021,2,2,8,0,76,76410,COTE DE LA VALETTE,49.48816,1.03117,Plein jour,En agglomération,Hors intersection,Normale,Trois véhicules et plus - collisions multiples,7,2,2,0,2,2,8,0,1,70,,3,0,1,2,0,25.0,20.0,,,1,2,1,1,5
202100052658,2021-02-02 20:15:00,2021,2,2,20,15,76,76351,Rue Auguste Blanqui,49.49873,0.16255,Nuit avec éclairage allumé,En agglomération,Hors intersection,Normale,Deux véhicules - arrière,4,2,2,0,1,1,2,0,1,50,,2,1,0,1,0,29.0,27.0,,,5,2,1,1,2
202100052659,2021-02-03 17:10:00,2021,2,3,17,10,69,69256,REPUBLIQUE (DE LA) (R),45.78673,4.92094,Plein jour,En agglomération,Intersection en X,Normale,Deux véhicules - côté,4,2,0,0,1,1,1,0,1,50,,2,1,0,0,1,43.0,16.0,,,1,2,2,1,3
202100052660,2021-02-03 13:34:00,2021,2,3,13,34,69,69264,SAVOYE CLAUDIUS (R),45.98915,4.7276,Plein jour,En agglomération,Hors intersection,Pluie légère,Deux véhicules - côté,4,2,2,0,1,1,2,0,1,50,,2,1,0,0,1,30.0,35.0,,,1,2,1,2,3
202100052661,2021-02-02 20:50:00,2021,2,2,20,50,67,67204,REPUBLIQUE (RUE DE LA),48.6213,7.75503,Nuit avec éclairage allumé,En agglomération,Hors intersection,Temps couvert,Autre collision,4,2,2,0,1,1,2,0,3,50,,2,1,0,0,1,22.0,,,,5,2,1,8,6
202100052662,2021-02-01 13:50:00,2021,2,1,13,50,67,67482,LANGUEDOC (RUE DU),48.548816,7.741721,Plein jour,En agglomération,Hors intersection,Pluie légère,Autre collision,4,2,3,0,1,1,2,0,1,50,,2,1,0,0,1,26.0,,,,1,2,1,2,6
202100052663,2021-01-31 18:15:00,2021,1,31,18,15,67,67482,MOLSHEIM (RUE DE),48.57497,7.730226,Nuit avec éclairage allumé,En agglomération,Intersection en T,Normale,Deux véhicules - côté,4,1,2,0,1,1,1,0,1,50,,3,1,0,0,2,38.0,30.0,,,5,2,3,1,3
202100052664,2021-02-03 18:20:00,2021,2,3,18,20,64,64024,BAYONNE (AVENUE DE),43.48102,-1.51201,Nuit avec éclairage allumé,En agglomération,Intersection en T,Normale,Sans collision,3,2,4,0,1,1,1,6,1,50,,1,0,0,0,1,27.0,,,,5,2,3,1,7
202100052665,2021-02-03 10:45:00,2021,2,3,10,45,64,64024,BUTTE AUX CAILLES (ROND POINT DE LA),43.4967491142,-1.5094653072,Plein jour,En agglomération,Giratoire,Normale,Deux véhicules - côté,4,1,2,0,1,2,1,5,1,50,,2,1,0,0,1,33.0,38.0,,,1,2,6,1,3
202100052666,2021-02-03 09:00:00,2021,2,3,9,0,64,64102,MAUBEC (RUE),43.50025,-1.46688,Plein jour,En agglomération,Autre intersection,Normale,Deux véhicules - côté,4,2,3,3,2,1,1,9,1,50,,2,1,0,0,1,32.0,22.0,,,1,2,9,1,3
202100052667,2021-02-03 14:25:00,2021,2,3,14,25,59,59122,PARIS (AVENUE DE),50.1614680473,3.2261610031,Plein jour,Hors agglomération,Hors intersection,Pluie forte,Deux véhicules - arrière,3,2,2,0,3,1,2,0,1,50,,2,1,0,0,1,20.0,30.0,,,1,1,1,3,2
202100052668,2021-02-03 17:26:00,2021,2,3,17,26,51,51454,Rue de Vesle,49.2531166285,4.0278436128,Plein jour,En agglomération,Hors intersection,Pluie légère,Sans collision,4,2,2,0,1,1,2,9,1,30,,1,0,0,0,1,31.0,,,,1,2,1,2,7
202100052669,2021-02-03 15:45:00,2021,2,3,15,45,51,51454,Avenue Nationale de la Neuvillette,49.2949539317,3.9997208292,Plein jour,En agglomération,Hors intersection,Pluie légère,Sans collision,3,2,2,0,1,1,2,0,1,50,,1,0,0,0,1,56.0,,,,1,2,1,2,7
202100052670,2021-02-01 13:45:00,2021,2,1,13,45,50,50129,TANNERIES (RUE DES),49.63232,-1.62349,Plein jour,En agglomération,Intersection en X,Temps couvert,Deux véhicules - frontale,4,2,7,0,1,1,1,0,1,50,,2,1,0,0,1,58.0,30.0,,,1,2,2,8,1
202100052671,2021-01-29 17:00:00,2021,1,29,17,0,49,49099,CESBRON LAVAU (RUE),47.0697931823,-0.8866182237,Plein jour,En agglomération,Hors intersection,Normale,Autre collision,4,1,1,0,1,1,1,0,1,50,,2,1,0,0,1,45.0,,,,1,2,1,1,6
202100052672,2021-01-29 18:12:00,2021,1,29,18,12,49,49007,FOCH BOULEVARD,47.468148,-0.550663,Crépuscule ou aube,En agglomération,Hors intersection,Normale,Sans collision,4,2,0,2,1,1,1,0,1,25,,1,0,0,0,1,21.0,,,,2,2,1,1,7
202100052673,2021-02-03 13:10:00,2021,2,3,13,10,44,44109,PICHERIT ( RUE HENRI ),47.2526556068,-1.5531081701,Plein jour,En agglomération,Giratoire,Normale,Autre collision,4,3,2,3,1,1,1,0,1,50,,2,1,0,1,0,49.0,,,,1,2,6,1,6
202100052674,2021-02-03 08:30:00,2021,2,3,8,30,40,40279,LACS DES (AVENUE),43.73144,-1.09983,Plein jour,Hors agglomération,Hors intersection,Normale,Deux véhicules - frontale,3,2,2,0,1,1,1,0,1,80,,1,0,1,0,0,75.0,,,,1,1,1,1,1
202100052675,2021-02-03 17:45:00,2021,2,3,17,45,38,38421,Avenue Gabriel Péri,45.18443,5.76825,Crépuscule ou aube,En agglomération,Intersection en X,Normale,Autre collision,7,3,5,0,1,1,1,5,1,50,,2,1,0,0,1,,31.0,,,2,2,2,1,6
202100052676,2021-02-03 07:50:00,2021,2,3,7,50,37,37261,DOUETS (RUE DES),47.4327695364,0.6859133871,Crépuscule ou aube,En agglomération,Giratoire,Temps couvert,Autre collision,4,2,4,0,1,1,2,0,1,50,,2,1,0,0,1,15.0,52.0,,,2,2,6,8,6
202100052677,2021-02-04 00:02:00,2021,2,4,0,2,33,33063,Cours de la Marne,44.82818,-0.56076,Nuit avec éclairage allumé,En agglomération,Intersection en X,Normale,Deux véhicules - côté,4,1,1,2,1,1,1,5,1,50,,5,4,0,0,1,24.0,37.0,,,5,2,2,1,3
202100052678,2021-02-03 15:15:00,2021,2,3,15,15,33,33318,Allée des Tulipes,44.79014,-0.63191,Plein jour,En agglomération,Intersection en T,Pluie légère,Autre collision,4,2,2,0,1,1,2,0,1,50,,2,1,0,0,1,27.0,,,,1,2,3,2,6
202100052679,2021-02-02 14:20:00,2021,2,2,14,20,31,31555,26 AV DE LOMBEZ,43.59617,1.42136,Plein jour,En agglomération,Hors intersection,Normale,Deux véhicules - frontale,7,2,2,0,1,1,1,0,1,50,,2,1,0,0,1,21.0,50.0,,,1,2,1,1,1
202100052680,2021-02-03 08:10:00,2021,2,3,8,10,29,29019,Rue de Quimper,48.401829,-4.458349,Crépuscule ou aube,En agglomération,Hors intersection,Pluie forte,Autre collision,4,-1,2,0,2,1,2,0,1,50,,3,2,0,0,1,26.0,62.0,,,2,2,1,3,6
202100052681,2021-02-02 13:22:00,2021,2,2,13,22,27,27229,MONDUIT (RUE HENRI),49.0292429,1.1428976,Plein jour,En agglomération,Intersection en T,Pluie légère,Autre collision,4,2,2,0,2,2,2,0,1,50,,1,0,0,1,0,68.0,,,,1,2,3,2,6
202100052682,2021-02-02 13:10:00,2021,2,2,13,10,13,13056,VAUCANSON JACQUES DE,43.39212,5.03571,Plein jour,En agglomération,Hors intersection,Normale,Deux véhicules - côté,4,2,2,0,2,1,1,0,1,50,,2,1,0,0,1,55.0,50.0,,,1,2,1,1,3
202100052683,2021-02-03 14:27:00,2021,2,3,14,27,13,13205,ROGER BRUN (RUE),43.2860376203,5.3919795019,Plein jour,En agglomération,Hors intersection,Normale,Deux véhicules - frontale,4,1,1,0,2,1,1,0,1,30,,2,1,0,1,0,32.0,,,,1,2,1,1,1
202100052684,2021-02-03 18:19:00,2021,2,3,18,19,06,06027,NICE AVENUE DE (RN7),43.65958,7.16958,Nuit avec éclairage allumé,En agglomération,Intersection en X,Normale,Deux véhicules - côté,7,2,2,0,1,1,1,0,1,50,,2,1,0,0,1,61.0,31.0,,,5,2,2,1,3
202100052685,2021-02-03 17:50:00,2021,2,3,17,50,75,75119,BOULEVARD PERIPHERIQUE,48.88566,2.397454,Crépuscule ou aube,En agglomération,Hors intersection,Normale,Deux véhicules - côté,4,1,4,0,1,1,1,0,1,70,,2,1,0,0,1,20.0,57.0,,,2,2,1,1,3
202100052686,2021-02-03 09:10:00,2021,2,3,9,10,75,75112,BOULEVARD PERIPHERIQUE,48.830171,2.402188,Plein jour,En agglomération,Hors intersection,Normale,Deux véhicules - arrière,4,1,4,0,1,1,2,0,1,70,,2,1,0,0,1,25.0,31.0,,,1,2,1,1,2
202100052687,2021-02-01 18:35:00,2021,2,1,18,35,75,75113,QUAI D IVRY,48.825675,2.386693,Nuit avec éclairage allumé,En agglomération,Hors intersection,Temps couvert,Deux véhicules - côté,4,1,4,0,1,1,1,0,1,70,,3,2,0,0,1,47.0,45.0,,,5,2,1,8,3
202100052688,2021-02-02 11:55:00,2021,2,2,11,55,75,75118,RUE PAJOL,48.891267,2.363284,Plein jour,En agglomération,Intersection en X,Pluie légère,Deux véhicules - côté,4,1,1,0,1,1,2,0,1,50,,2,1,0,0,1,47.0,39.0,,,1,2,2,2,3
202100052689,2021-02-03 14:18:00,2021,2,3,14,18,75,75116,RUE DE LA POMPE,48.866234,2.279894,Plein jour,En agglomération,Hors intersection,Pluie légère,Deux véhicules - côté,4,2,2,0,1,1,2,0,1,50,,2,1,0,0,1,31.0,34.0,,,1,2,1,2,3
202100052690,2021-02-03 07:50:00,2021,2,3,7,50,75,75114,RUE LOUIS MORARD,48.829254,2.319229,Plein jour,En agglomération,Intersection en T,Pluie légère,Deux véhicules - côté,4,1,1,0,1,1,2,0,1,50,,2,1,0,0,1,37.0,39.0,,,1,2,3,2,3
202100052691,2021-02-03 07:45:00,2021,2,3,7,45,75,75114,RUE DU PERE CORENTIN,48.8241,2.327785,Nuit avec éclairage non allumé,En agglomération,Intersection en T,Pluie forte,Deux véhicules - côté,4,1,3,1,1,1,2,-1,5,50,,2,1,0,0,1,38.0,51.0,,,4,2,3,3,3
202100052692,2021-02-02 16:20:00,2021,2,2,16,20,75,75113,BOULEVARD VINCENT AURIOL,48.837574,2.373648,Plein jour,En agglomération,Intersection en X,Normale,Deux véhicules - côté,4,1,2,1,4,1,2,-1,5,50,,2,1,0,0,1,53.0,27.0,,,1,2,2,1,3
202100052693,2021-02-03 07:40:00,2021,2,3,7,40,75,75107,PONT ALEXANDRE III,48.862832,2.313442,Nuit avec éclairage allumé,En agglomération,Intersection en X,Pluie forte,Deux véhicules - arrière,4,2,6,0,1,1,2,0,1,50,,2,1,0,0,1,50.0,53.0,,,5,2,2,3,2
202100052694,2021-02-03 09:25:00,2021,2,3,9,25,75,75101,RUE DE RIVOLI,48.85875,2.347495,Plein jour,En agglomération,Intersection à plus de 4 branches,Pluie légère,Autre collision,4,2,4,0,1,1,2,0,1,50,,2,1,0,0,1,35.0,,,,1,2,5,2,6
202100052695,2021-02-02 08:55:00,2021,2,2,8,55,75,75102,BOULEVARD DE SEBASTOPOL,48.864441,2.351557,Plein jour,En agglomération,Intersection en X,Pluie légère,Autre collision,4,1,5,0,1,1,2,0,1,50,,2,1,0,0,1,,,,,1,2,2,2,6
202100052696,2021-02-03 06:10:00,2021,2,3,6,10,94,94054,Avenue de la Victoire,48.74514,2.38895,Nuit avec éclairage allumé,En agglomération,Intersection en X,Pluie légère,Deux véhicules - côté,4,2,2,0,1,1,2,0,1,50,,2,1,0,0,1,23.0,56.0,,,5,2,2,2,3
202100052697,2021-02-03 02:40:00,2021,2,3,2,40,94,94069,CHEMIN DE PRESLES (AV DU),48.81609,2.46177,Nuit avec éclairage allumé,En agglomération,Hors intersection,Pluie légère,Sans collision,3,2,2,0,2,1,2,0,1,50,,2,1,0,0,1,20.0,,,,5,2,1,2,7
202100052698,2021-02-03 12:58:00,2021,2,3,12,58,94,94071,MOULIN A VENT (R DU),48.76392,2.52928,Plein jour,En agglomération,Hors intersection,Pluie légère,Deux véhicules - côté,4,2,2,0,1,1,2,0,1,50,,2,1,0,0,1,59.0,,,,1,2,1,2,3
202100052699,2021-02-03 19:40:00,2021,2,3,19,40,93,93078,BALLANGER (BD ROBERT),48.9606745822,2.5554253188,Nuit avec éclairage allumé,En agglomération,Giratoire,Normale,Deux véhicules - arrière,3,1,0,0,1,2,1,5,1,50,,2,1,0,0,1,36.0,34.0,,,5,2,6,1,2
202100052700,2021-01-28 14:50:00,2021,1,28,14,50,93,93027,VERDUN (RUE DE),48.93118,2.41469,Plein jour,En agglomération,Hors intersection,Normale,Deux véhicules - côté,4,2,2,0,1,1,1,0,1,50,,2,1,0,0,1,26.0,43.0,,,1,2,1,1,3
202100052701,2021-02-03 09:30:00,2021,2,3,9,30,93,93005,ROBERT BREMOND (RUE),48.9574805878,2.4635463196,Plein jour,Hors agglomération,Passage à niveau,Temps couvert,Deux véhicules - côté,9,2,2,0,1,1,2,0,1,50,,2,1,0,0,1,27.0,37.0,,,1,1,8,8,3
202100052702,2021-01-31 18:20:00,2021,1,31,18,20,92,92075,RAYMOND MARCHERON (RUE),48.8189765566,2.2872041449,Nuit avec éclairage allumé,En agglomération,Hors intersection,Pluie forte,Autre collision,4,-1,2,0,1,1,2,0,8,50,,2,1,0,0,1,31.0,,,,5,2,1,3,6
202100052703,2021-01-27 09:09:00,2021,1,27,9,9,92,92063,DEUX GARES (RUE DES),48.8874116912,2.1703482736,Plein jour,En agglomération,Hors intersection,Pluie légère,Autre collision,4,2,2,0,2,1,2,0,1,50,,2,1,0,0,1,63.0,,,,1,2,1,2,6
202100052704,2021-01-26 18:30:00,2021,1,26,18,30,92,92063,HOPITAL STELL (BOULEVARD DE L'),48.87865,2.18651,Nuit avec éclairage allumé,En agglomération,Intersection en T,Normale,Deux véhicules - côté,3,2,4,0,2,1,1,5,1,50,,2,1,0,0,1,21.0,39.0,,,5,2,3,1,3
202100052705,2021-02-02 06:50:00,2021,2,2,6,50,92,92051,"CHARLES DE GAULLE (AVENUE, N°27 A 129)",48.8806135485,2.2726568674,Nuit avec éclairage allumé,En agglomération,Hors intersection,Pluie légère,Deux véhicules - arrière,2,3,6,2,1,1,2,0,1,50,,2,1,0,0,1,37.0,58.0,,,5,2,1,2,2
202100052706,2021-02-03 08:05:00,2021,2,3,8,5,92,92044,PDT WILSON(RUE)107A131 ET 110A130,48.89642,2.28656,Nuit avec éclairage allumé,En agglomération,Intersection en X,Pluie forte,Autre collision,4,1,2,0,1,1,2,0,1,50,,2,1,0,0,1,33.0,,,,5,2,2,3,6
202100052707,2021-02-03 07:20:00,2021,2,3,7,20,92,92026,BAUDIN,48.8965175959,2.2523313761,Nuit avec éclairage allumé,En agglomération,Intersection en Y,Pluie forte,Deux véhicules - côté,3,3,2,1,1,1,2,0,1,50,,2,1,0,0,1,53.0,47.0,,,5,2,4,3,3
202100052708,2021-02-03 13:10:00,2021,2,3,13,10,92,92024,GENERAL LECLERC (BD DU) (9 A 59)   (4 A,48.9023564252,2.3138988018,Plein jour,En agglomération,Intersection en T,Temps couvert,Autre collision,4,-1,1,0,1,1,1,0,1,50,,2,1,0,0,1,64.0,,,,1,2,3,8,6
202100052709,2021-02-03 12:30:00,2021,2,3,12,30,92,92019,DIVISION LECLERC (AVENUE DE LA),48.76849,2.25113,Plein jour,En agglomération,Hors intersection,Normale,Autre collision,3,2,2,0,1,1,1,0,1,50,,2,1,0,0,1,25.0,,,,1,2,1,1,6
202100052710,2021-02-02 20:10:00,2021,2,2,20,10,92,92012,QUATRE SEPTEMBRE (QUAI DU),48.84628,2.22697,Nuit avec éclairage allumé,En agglomération,Hors intersection,Normale,Deux véhicules - arrière,3,2,2,0,1,1,1,0,8,50,,2,1,0,0,1,,28.0,,,5,2,1,1,2
202100052711,2021-02-03 11:15:00,2021,2,3,11,15,92,92009,AGENT SARRE ( RUE DE L' ),48.9254368297,2.2691367567,Plein jour,En agglomération,Autre intersection,Temps couvert,Deux véhicules - côté,3,2,2,0,1,1,1,0,1,50,,2,1,0,1,0,29.0,29.0,,,1,2,9,8,3
202100052712,2021-02-04 09:58:00,2021,2,4,9,58,54,54089,Route départementale 32,48.78354,6.291218,Plein jour,Hors agglomération,Hors intersection,Normale,Sans collision,3,2,2,0,1,1,1,0,1,80,,1,0,0,0,1,34.0,,,,1,1,1,1,7
202100052713,2021-02-04 06:00:00,2021,2,4,6,0,11,11098,A61,43.1683776467,2.736676915,Nuit sans éclairage public,Hors agglomération,Hors intersection,Pluie légère,Deux véhicules - arrière,1,1,4,0,1,1,2,0,5,130,,2,1,0,0,1,35.0,63.0,,,3,1,1,2,2
202100052714,2021-02-03 16:50:00,2021,2,3,16,50,49,49092,Mauvezin (valanjou),47.231887,-0.662923,Plein jour,Hors agglomération,Hors intersection,Pluie légère,Deux véhicules - côté,3,2,2,0,2,2,2,0,1,80,,2,1,0,0,1,20.0,33.0,,,1,1,1,2,3
202100052715,2021-02-03 18:50:00,2021,2,3,18,50,34,34270,Route de Laverune - D5,43.59392,3.833799,Nuit sans éclairage public,Hors agglomération,Hors intersection,Normale,Autre collision,7,2,2,0,4,1,1,0,1,50,,2,1,0,1,0,60.0,,,,3,1,1,1,6
202100052716,2021-02-03 05:20:00,2021,2,3,5,20,83,83087,route de marseille D280,43.384768,5.770158,Nuit sans éclairage public,Hors agglomération,Hors intersection,Brouillard / fumée,Autre collision,3,2,2,0,1,2,1,0,3,-1,,1,0,0,1,0,40.0,,,,3,1,1,5,6
202100052717,2021-02-04 11:50:00,2021,2,4,11,50,55,55543,37 Rue de Tronville,48.704093,5.298253,Plein jour,En agglomération,Hors intersection,Normale,Autre collision,2,2,2,0,1,1,1,0,1,50,,2,1,1,0,0,51.0,,,,1,2,1,1,6
202100052718,2021-01-29 16:30:00,2021,1,29,16,30,42,42315,Route de la Goutte,45.600225,4.226376,Plein jour,Hors agglomération,Hors intersection,Normale,Deux véhicules - frontale,3,2,2,0,1,1,1,0,1,80,,3,1,0,0,2,63.0,74.0,,,1,1,1,1,1
202100052719,2021-02-02 17:20:00,2021,2,2,17,20,46,46007,D911,44.456868,1.507646,Plein jour,Hors agglomération,Intersection en T,Temps couvert,Deux véhicules - côté,3,2,2,0,1,1,2,5,1,80,,2,1,0,0,1,61.0,40.0,,,1,1,3,8,3
202100052720,2021-02-03 19:50:00,2021,2,3,19,50,47,47301,Tardy,44.527338,0.288928,Nuit sans éclairage public,Hors agglomération,Hors intersection,Normale,Autre collision,3,2,2,0,1,1,1,0,3,80,,1,0,1,0,0,25.0,,,,3,1,1,1,6
202100052721,2021-02-04 04:15:00,2021,2,4,4,15,29,29141,D14 - Route de Huelgoat,48.3234667035,-3.8526394278,Nuit sans éclairage public,Hors agglomération,Intersection en Y,Pluie forte,Autre collision,3,2,2,0,1,1,2,5,8,80,,3,2,0,1,0,31.0,,,,3,1,4,3,6
202100052722,2021-02-04 15:30:00,2021,2,4,15,30,01,01304,rue saint exupery,46.053018,5.335047,Plein jour,En agglomération,Hors intersection,Normale,Deux véhicules - côté,3,3,2,0,1,1,1,0,1,50,,3,1,0,1,1,39.0,54.0,,,1,2,1,1,3
202100052723,2021-02-04 08:15:00,2021,2,4,8,15,50,50394,Route de Carentan,49.191054,-1.399207,Crépuscule ou aube,Hors agglomération,Hors intersection,Pluie légère,Deux véhicules - côté,3,2,2,0,1,1,2,0,1,50,,2,1,0,1,0,20.0,27.0,,,2,1,1,2,3
202100052724,2021-02-04 10:45:00,2021,2,4,10,45,60,60071,Rue des Tilleuls,49.5804455345,2.7336814282,Plein jour,En agglomération,Intersection en T,Temps couvert,Autre collision,3,2,2,0,2,3,2,0,4,50,,2,1,0,1,0,78.0,,,,1,2,3,8,6
202100052725,2021-02-03 17:15:00,2021,2,3,17,15,24,24146,N21,45.064079,0.681152,Plein jour,Hors agglomération,Hors intersection,Normale,Autre collision,2,3,3,0,2,3,2,0,3,80,,1,0,0,0,1,53.0,,,,1,1,1,1,6
202100052726,2021-02-04 06:48:00,2021,2,4,6,48,27,27464,RD 51/ RD 32,48.933989,1.113833,Crépuscule ou aube,Hors agglomération,Intersection en X,Pluie légère,Deux véhicules - frontale,3,2,2,0,2,3,2,9,1,80,,2,1,1,0,0,59.0,28.0,,,2,1,2,2,1