accident_id,datetime,annee,mois,jour,heure,minute,departement,commune_insee,adresse,latitude,longitude,luminosite,agglomeration,intersection,meteo,collision,catr,circ,nbv,vosp,prof,plan,surf,infra,situ,vma,nb_vehicules,nb_usagers,nb_indemnes,nb_tues,nb_blesses_hosp,nb_blesses_legers,age_cond_1,age_cond_2,veh_type_cond_1,veh_type_cond_2,lum_code,agg_code,int_code,atm_code,col_code
202100052727,2021-02-03 07:15:00,2021,2,3,7,15,08,08391,8 Rue Carnot,49.736842,4.926518,Crépuscule ou aube,En agglomération,Hors intersection,Pluie légère,Deux véhicules - frontale,3,2,2,0,2,4,2,0,1,50,,2,1,0,0,1,51.0,19.0,,,2,2,1,2,1
202100052728,2021-02-01 00:10:00,2021,2,1,0,10,988,98805,VE2 HT KENUIN,-22.219847,166.470208,Nuit avec éclairage allumé,Hors agglomération,Hors intersection,Normale,Deux véhicules - frontale,1,3,4,0,1,1,1,0,1,70,,2,0,0,1,1,29.0,25.0,,,5,1,1,1,1
202100052729,2021-02-03 16:30:00,2021,2,3,16,30,49,49128,D766 PR30+812,47.553172,-0.196692,Plein jour,Hors agglomération,Hors intersection,Normale,Sans collision,3,2,3,0,1,1,2,0,3,90,,1,0,0,1,0,46.0,,,,1,1,1,1,7
202100052730,2021-02-01 06:55:00,2021,2,1,6,55,68,68135,a 35 - pk 122+600,47.590927,7.54529,Crépuscule ou aube,Hors agglomération,Hors intersection,Normale,Trois véhicules et plus - en chaîne,1,3,4,0,1,1,1,0,1,70,,3,2,0,0,1,28.0,42.0,,,2,1,1,1,4
202100052731,2021-02-03 18:00:00,2021,2,3,18,0,86,86174,Bretelle sortie n°27,46.774877,0.511293,Plein jour,Hors agglomération,Hors intersection,Normale,Deux véhicules - frontale,1,2,2,0,1,3,8,3,1,50,,2,1,0,0,1,21.0,22.0,,,1,1,1,1,1
202100052732,2021-02-04 05:10:00,2021,2,4,5,10,91,91198,Route de Malesherbes,48.451685,2.342148,Nuit sans éclairage public,Hors agglomération,Hors intersection,Temps couvert,Autre collision,3,2,2,0,1,1,1,0,8,80,,1,0,1,0,0,40.0,,,,3,1,1,8,6
202100052733,2021-02-04 08:10:00,2021,2,4,8,10,84,84092,Route de Sorgues (rd 907),43.984956,4.860678,Plein jour,Hors agglomération,Autre intersection,Brouillard / fumée,Trois véhicules et plus - collisions multiples,3,3,4,0,1,1,1,0,1,70,,4,1,0,0,3,36.0,25.0,,,1,1,9,5,5
202100052734,2021-02-04 07:45:00,2021,2,4,7,45,83,83104,D23,43.63961,5.80422,Crépuscule ou aube,Hors agglomération,Hors intersection,Normale,Trois véhicules et plus - en chaîne,3,2,1,0,1,1,1,0,1,70,,3,1,0,2,0,30.0,46.0,,,2,1,1,1,4
202100052735,2021-02-03 17:20:00,2021,2,3,17,20,88,88078,50 Rue Abel Ferry,48.204198,6.721916,Crépuscule ou aube,En agglomération,Hors intersection,Pluie légère,Autre collision,6,-1,-1,0,1,1,2,9,1,30,,4,3,0,0,1,62.0,43.0,,,2,2,1,2,6
202100052736,2021-02-03 17:10:00,2021,2,3,17,10,26,26138,140 Chemin des Escrottes,44.390508,4.751163,Plein jour,En agglomération,Hors intersection,Temps couvert,Deux véhicules - frontale,4,2,2,0,1,1,1,0,1,30,,3,1,0,0,2,37.0,30.0,,,1,2,1,8,1
202100052737,2021-02-03 17:25:00,2021,2,3,17,25,29,29087,VC -  lieu dit Kerarneuf,48.0467275648,-4.2361427019,Crépuscule ou aube,Hors agglomération,Hors intersection,Normale,Autre collision,4,2,2,0,1,1,1,0,1,80,,2,1,0,1,0,82.0,,,,2,1,1,1,6
202100052738,2021-02-04 11:00:00,2021,2,4,11,0,60,60524,2 Route de Neuilly,49.338637,2.428719,Plein jour,Hors agglomération,Hors intersection,Normale,Autre collision,6,-1,-1,0,1,1,2,0,8,30,,2,1,0,0,1,29.0,,,,1,1,1,1,6
202100052739,2021-02-03 16:40:00,2021,2,3,16,40,94,94038,AUTOROUTE A6B,48.77721,2.34642,Plein jour,Hors agglomération,Hors intersection,Normale,Deux véhicules - arrière,1,1,6,0,1,1,2,0,1,90,,2,1,0,0,1,52.0,43.0,,,1,1,1,1,2
202100052740,2021-02-03 17:00:00,2021,2,3,17,0,91,91174,RN 104,48.62161,2.46284,Plein jour,Hors agglomération,Hors intersection,Normale,Trois véhicules et plus - en chaîne,2,3,6,0,2,1,1,0,1,90,,3,2,0,0,1,58.0,49.0,,,1,1,1,1,4
202100052741,2021-02-02 13:10:00,2021,2,2,13,10,95,95394,RN 184,49.0524296334,2.1798419952,Plein jour,Hors agglomération,Hors intersection,Pluie légère,Autre collision,2,1,2,0,2,2,2,0,1,70,,1,0,0,0,1,21.0,,,,1,1,1,2,6
202100052742,2021-02-02 14:10:00,2021,2,2,14,10,988,98818,RUE TARDY DE MONTRAVEL/ACCES PARKING CAPITAINERIE,-22.29024,166.43797,Plein jour,En agglomération,Intersection en T,Pluie légère,Deux véhicules - côté,4,2,2,0,1,1,2,9,1,50,,2,1,0,0,1,32.0,39.0,,,1,2,3,2,3
202100052743,2021-02-02 11:00:00,2021,2,2,11,0,973,97302,MONTABO (ROUTE DE) 2,4.92981,-52.29039,Plein jour,En agglomération,Hors intersection,Normale,Deux véhicules - frontale,3,2,2,0,1,1,1,0,1,50,,2,0,0,0,2,66.0,48.0,,,1,2,1,1,1
202100052744,2021-02-02 15:30:00,2021,2,2,15,30,69,69386,JULIETTE RECAMIER (R),45.76443,4.85372,Plein jour,En agglomération,Intersection en X,Temps couvert,Deux véhicules - côté,4,1,1,0,1,1,2,0,1,50,,2,1,0,0,1,32.0,41.0,,,1,2,2,8,3
202100052745,2021-02-02 11:55:00,2021,2,2,11,55,69,69386,DUQUESNE (R),45.7730742742,4.8489206214,Plein jour,En agglomération,Intersection en X,Temps couvert,Autre collision,4,3,4,3,1,1,2,0,1,50,,3,2,0,1,0,42.0,49.0,,,1,2,2,8,6
202100052746,2021-02-02 18:50:00,2021,2,2,18,50,972,97213,ROUTE DEPARTEMENTALE 13,14.63056,-61.00943,Nuit avec éclairage allumé,Hors agglomération,Hors intersection,Normale,Deux véhicules - arrière,3,2,2,0,1,1,1,0,1,70,,4,2,0,0,2,37.0,20.0,,,5,1,1,1,2
202100052747,2021-02-02 06:07:00,2021,2,2,6,7,972,97213,ROUTE DEPARTEMENTALE 3,14.61745,-60.99517,Crépuscule ou aube,En agglomération,Intersection en Y,Pluie légère,Autre collision,3,2,2,0,1,1,2,0,1,50,,2,1,0,1,0,67.0,,,,2,2,4,2,6
202100052748,2021-01-31 07:00:00,2021,1,31,7,0,972,97213,ROUTE NATIONALE 1,14.65818,-60.97268,Plein jour,Hors agglomération,Hors intersection,Normale,Trois véhicules et plus - en chaîne,2,-1,2,0,2,1,1,0,1,80,,6,0,0,0,6,35.0,55.0,,,1,1,1,1,4
202100052749,2021-02-02 18:40:00,2021,2,2,18,40,972,97209,ENTRAIDE (ROUTE DE L'),14.62505,-61.0549,Nuit sans éclairage public,Hors agglomération,Hors intersection,Normale,Trois véhicules et plus - collisions multiples,3,2,2,0,1,1,1,0,1,50,,6,2,0,0,4,47.0,48.0,,,3,1,1,1,5
202100052750,2021-02-02 09:50:00,2021,2,2,9,50,972,97209,BALATA (ROUTE DE),14.63008,-61.07244,Plein jour,Hors agglomération,Hors intersection,Pluie légère,Autre collision,2,2,2,0,2,2,2,0,1,50,,1,0,0,0,1,22.0,,,,1,1,1,2,6
202100052751,2021-02-02 13:50:00,2021,2,2,13,50,95,95088,PARIS (RUE DE),48.974882327,2.4294689524,Plein jour,Hors agglomération,Hors intersection,Normale,Sans collision,3,2,2,0,2,3,1,0,1,90,,1,0,0,0,1,36.0,,,,1,1,1,1,7
202100052752,2021-02-02 09:40:00,2021,2,2,9,40,95,95210,MARECHAL FOCH  (PLACE),48.9716725117,2.3091566563,Plein jour,En agglomération,Hors intersection,Pluie légère,Autre collision,4,2,2,0,1,1,2,6,1,30,,2,1,0,1,0,46.0,,,,1,2,1,2,6
202100052753,2021-02-01 21:33:00,2021,2,1,21,33,95,95500,PONT (PLACE DU),49.0484666131,2.1013566896,Nuit avec éclairage allumé,En agglomération,Place,Normale,Deux véhicules - côté,3,2,3,0,1,1,1,0,1,50,,2,1,0,1,0,45.0,32.0,,,5,2,7,1,3
202100052754,2021-02-02 17:57:00,2021,2,2,17,57,91,91479,AV DU GENERAL DE GAULLE,48.710692,2.360511,Nuit avec éclairage allumé,En agglomération,Autre intersection,Normale,Deux véhicules - frontale,4,2,2,0,1,1,1,0,1,50,,3,0,0,0,3,37.0,55.0,,,5,2,9,1,1
202100052755,2021-01-29 13:40:00,2021,1,29,13,40,91,91521,MAINGOT (RUE THEODORE),48.65929,2.40724,Plein jour,En agglomération,Giratoire,Normale,Deux véhicules - côté,4,2,2,0,1,3,1,0,1,50,,3,1,0,0,2,53.0,17.0,,,1,2,6,1,3
202100052756,2021-02-01 08:45:00,2021,2,1,8,45,80,80021,ROCADE NORD RN 1,49.9243,2.29213,Plein jour,Hors agglomération,Hors intersection,Brouillard / fumée,Deux véhicules - côté,2,1,3,0,1,1,1,0,1,110,,2,1,0,0,1,52.0,49.0,,,1,1,1,5,3
202100052757,2021-01-29 16:55:00,2021,1,29,16,55,80,80021,RESISTANCE (RUE DE LA),49.8983474755,2.2957936829,Plein jour,En agglomération,Hors intersection,Normale,Deux véhicules - arrière,4,-1,2,0,1,3,1,0,1,50,,3,2,0,0,1,19.0,39.0,,,1,2,1,1,2
202100052758,2021-01-29 15:20:00,2021,1,29,15,20,76,76447,D489,49.53107,0.1859,Plein jour,Hors agglomération,Hors intersection,Normale,Autre collision,3,3,5,0,1,1,2,0,1,90,,2,1,0,1,0,35.0,,,,1,1,1,1,6
202100052759,2021-02-02 17:45:00,2021,2,2,17,45,71,71475,LYON (ROUTE DE ),46.76369,4.84242,Nuit avec éclairage non allumé,En agglomération,Hors intersection,Pluie légère,Deux véhicules - côté,4,2,2,0,1,1,2,0,1,50,,3,2,0,1,0,28.0,41.0,,,4,2,1,2,3
202100052760,2021-02-01 08:00:00,2021,2,1,8,0,69,69275,SULLY (R),45.771411,4.9759,Plein jour,En agglomération,Hors intersection,Pluie légère,Autre collision,4,2,2,0,1,1,2,0,8,30,,2,1,0,0,1,51.0,,,,1,2,1,2,6
202100052761,2021-02-01 10:09:00,2021,2,1,10,9,68,68376,Rue de Soultz,47.80041,7.31237,Plein jour,En agglomération,Hors intersection,Normale,Trois véhicules et plus - collisions multiples,3,2,4,0,1,1,1,0,1,50,,3,2,0,0,1,80.0,,,,1,2,1,1,5
202100052762,2021-01-29 11:20:00,2021,1,29,11,20,67,67482,PLAINE DES BOUCHERS (RUE DE LA),48.568583,7.739116,Plein jour,En agglomération,Hors intersection,Pluie légère,Autre collision,4,2,4,1,1,1,2,0,3,50,,1,0,0,0,1,68.0,,,,1,2,1,2,6
202100052763,2021-02-02 17:40:00,2021,2,2,17,40,64,64445,BEARN DE,43.30134,-0.35599,Plein jour,Hors agglomération,Hors intersection,Normale,Deux véhicules - côté,4,2,2,0,1,1,1,0,1,30,,2,1,0,0,1,22.0,51.0,,,1,1,1,1,3
202100052764,2021-02-02 16:30:00,2021,2,2,16,30,64,64129,BAYONNE DE,43.30426,-0.40027,Plein jour,En agglomération,Intersection en T,Normale,Deux véhicules - arrière,4,2,4,2,1,1,1,0,1,50,,2,1,0,0,1,21.0,39.0,,,1,2,3,1,2
202100052765,2021-02-01 08:20:00,2021,2,1,8,20,64,64102,DARRIGRAND (AVENUE JEAN),43.4793,-1.49001,Plein jour,En agglomération,Hors intersection,Normale,Autre collision,4,2,2,0,2,1,2,0,1,50,,2,1,0,0,1,63.0,,,,1,2,1,1,6
202100052766,2021-01-15 17:45:00,2021,1,15,17,45,59,59560,JAURES JEAN RUE,50.549057,3.035502,Plein jour,En agglomération,Passage à niveau,Normale,Autre collision,4,1,1,0,1,1,1,4,6,30,,2,1,0,0,1,,,,,1,2,8,1,6
202100052767,2021-01-29 12:10:00,2021,1,29,12,10,56,56260,PAIX (BLD DE LA),47.660243,-2.761276,Plein jour,En agglomération,Hors intersection,Normale,Autre collision,3,-1,2,0,2,1,1,0,4,50,,2,1,0,1,0,33.0,,,,1,2,1,1,6
202100052768,2021-02-03 01:40:00,2021,2,3,1,40,51,51454,Rue Alexandre Ribot,49.2448967685,4.0153028858,Nuit avec éclairage allumé,En agglomération,Hors intersection,Normale,Autre collision,4,1,1,0,2,1,1,0,1,50,,2,0,0,0,2,20.0,,,,5,2,1,1,6
202100052769,2021-02-02 08:30:00,2021,2,2,8,30,45,45286,Avenue Gaston Galloux,47.8841238306,1.9243098913,Plein jour,En agglomération,Intersection en X,Pluie légère,Deux véhicules - côté,4,2,4,0,1,1,2,5,1,50,,3,2,0,0,1,26.0,50.0,,,1,2,2,2,3
202100052770,2021-01-28 11:06:00,2021,1,28,11,6,44,44114,75,47.26706,-1.62217,Plein jour,En agglomération,Hors intersection,Pluie légère,Deux véhicules - frontale,7,2,2,0,1,4,2,0,1,50,,2,1,0,0,1,22.0,57.0,,,1,2,1,2,1
202100052771,2021-01-29 17:55:00,2021,1,29,17,55,44,44109,BOULEVARD DE L'EGALITE,47.21263,-1.58627,Crépuscule ou aube,En agglomération,Hors intersection,Pluie légère,Autre collision,4,2,2,2,1,1,2,0,1,50,,2,1,0,0,1,31.0,56.0,,,2,2,1,2,6
202100052772,2021-02-02 19:15:00,2021,2,2,19,15,42,42270,Route des Gorges,45.4052,4.24531,Crépuscule ou aube,Hors agglomération,Hors intersection,Pluie légère,Autre collision,7,2,1,0,1,1,2,9,1,50,,2,1,0,0,1,64.0,,,,2,1,1,2,6
202100052773,2021-02-01 16:30:00,2021,2,1,16,30,41,41295,CD72,47.59641,1.37744,Plein jour,Hors agglomération,Hors intersection,Normale,Sans collision,3,2,2,0,1,2,1,0,3,80,,2,0,0,1,1,28.0,,,,1,1,1,1,7
202100052774,2021-02-02 14:05:00,2021,2,2,14,5,38,38563,Avenue de la Patinière,45.34781,5.57886,Plein jour,En agglomération,Hors intersection,Temps couvert,Trois véhicules et plus - collisions multiples,3,2,2,0,2,1,2,0,1,50,,6,3,0,2,1,,55.0,,,1,2,1,8,5
202100052775,2021-02-02 16:20:00,2021,2,2,16,20,38,38185,Boulevard Maréchal Foch,45.18104,5.72318,Plein jour,En agglomération,Intersection en X,Normale,Autre collision,7,3,2,0,1,1,1,5,1,30,,3,2,0,0,1,22.0,,,,1,2,2,1,6
202100052776,2021-02-01 10:40:00,2021,2,1,10,40,35,35115,Boulevard de Groslay,48.365407,-1.184708,Plein jour,En agglomération,Autre intersection,Normale,Autre collision,4,2,2,0,2,1,1,0,1,30,,2,1,0,0,1,71.0,,,,1,2,9,1,6
202100052777,2021-02-02 11:50:00,2021,2,2,11,50,33,33063,Rue Mouneyra,44.8341,-0.58205,Plein jour,En agglomération,Intersection en X,Normale,Deux véhicules - côté,4,1,1,0,1,1,1,0,1,50,,2,1,0,0,1,29.0,54.0,,,1,2,2,1,3
202100052778,2021-01-28 16:00:00,2021,1,28,16,0,33,33069,Boulevard Pierre 1er,44.857084,-0.591101,Plein jour,En agglomération,Intersection en X,Normale,Deux véhicules - frontale,4,3,4,3,1,1,1,5,1,50,,2,1,0,1,0,22.0,24.0,,,1,2,2,1,1
202100052779,2021-02-02 07:45:00,2021,2,2,7,45,33,33281,Avenue de l’Yser,44.84118,-0.65098,Crépuscule ou aube,En agglomération,Giratoire,Normale,Deux véhicules - côté,4,3,2,2,1,2,1,0,1,50,,2,1,0,0,1,,29.0,,,2,2,6,1,3
202100052780,2021-02-02 07:10:00,2021,2,2,7,10,33,33249,Quai Carriet,44.88816,-0.52952,Nuit avec éclairage allumé,En agglomération,Intersection en Y,Pluie légère,Deux véhicules - frontale,4,2,2,0,1,1,2,0,1,50,,3,2,0,0,1,45.0,29.0,,,5,2,4,2,1
202100052781,2021-02-01 13:00:00,2021,2,1,13,0,30,30189,LIBERTE (AVENUE),43.82355,4.35501,Plein jour,En agglomération,Intersection en X,Normale,Autre collision,4,1,1,1,1,1,1,0,1,50,,2,1,0,0,1,50.0,25.0,,,1,2,2,1,6
202100052782,2021-02-02 15:05:00,2021,2,2,15,5,30,30007,SERRES (AVE OLIVIER DE),44.1066241735,4.0896070004,Plein jour,En agglomération,Giratoire,Normale,Autre collision,4,2,4,0,1,3,1,5,1,70,,2,1,0,1,0,43.0,,,,1,2,6,1,6
202100052783,2021-02-01 08:30:00,2021,2,1,8,30,29,29232,N165 - Le Grand Guelen,47.9863094335,-4.0234357495,Crépuscule ou aube,Hors agglomération,Hors intersection,Pluie forte,Autre collision,2,3,4,0,1,1,2,0,1,110,,3,1,0,0,2,51.0,20.0,,,2,1,1,3,6
202100052784,2021-02-02 08:35:00,2021,2,2,8,35,29,29019,D112 - Rond Point de Pen Ar Chleuz,48.41514,-4.47973,Crépuscule ou aube,En agglomération,Hors intersection,Pluie légère,Deux véhicules - arrière,4,3,4,0,1,1,2,5,1,50,,2,1,0,0,1,49.0,20.0,,,2,2,1,2,2
202100052785,2021-02-01 15:25:00,2021,2,1,15,25,29,29019,Rue Amiral Romain-Desfossés,48.427558,-4.473798,Plein jour,En agglomération,Giratoire,Pluie légère,Trois véhicules et plus - en chaîne,4,2,2,0,1,1,2,5,1,50,,4,1,0,0,3,36.0,52.0,,,1,2,6,2,4
202100052786,2021-02-01 12:35:00,2021,2,1,12,35,29,29019,Rue Bugeaud,48.39789,-4.48163,Plein jour,En agglomération,Intersection en X,Pluie légère,Deux véhicules - côté,4,1,2,0,1,1,2,0,1,50,,2,1,0,0,1,27.0,38.0,,,1,2,2,2,3
202100052787,2021-02-02 10:40:00,2021,2,2,10,40,15,15014,Avenue des Prades,44.91652,2.43669,Plein jour,En agglomération,Intersection en T,Pluie légère,Trois véhicules et plus - collisions multiples,4,2,2,0,1,1,2,0,1,50,,3,2,0,0,1,78.0,31.0,,,1,2,3,2,5
202100052788,2021-02-01 14:30:00,2021,2,1,14,30,13,13056,NARVAL RUE DE,43.420571,5.045839,Plein jour,En agglomération,Hors intersection,Normale,Deux véhicules - frontale,4,2,2,0,2,1,1,0,1,50,,2,1,0,0,1,21.0,19.0,,,1,2,1,1,1
202100052789,2021-02-02 13:15:00,2021,2,2,13,15,13,13205,SAKAKINI (BOULEVARD),43.2924421151,5.4012708093,Plein jour,En agglomération,Intersection en X,Normale,Deux véhicules - côté,4,2,9,0,1,1,1,0,1,50,,2,1,0,0,1,52.0,33.0,,,1,2,2,1,3
202100052790,2021-02-02 12:50:00,2021,2,2,12,50,13,13210,PONT DE VIVAUX (BOULEVARD),43.28073,5.42134,Plein jour,En agglomération,Hors intersection,Normale,Autre collision,4,2,2,0,1,1,1,0,1,50,,3,0,0,0,3,34.0,,,,1,2,1,1,6
202100052791,2021-02-02 11:15:00,2021,2,2,11,15,11,11262,MARCORIGNAN (ROUTE DE),43.20180953,2.966881915,Plein jour,En agglomération,Hors intersection,Normale,Deux véhicules - arrière,3,2,2,0,1,1,1,0,1,50,,2,1,0,0,1,48.0,22.0,,,1,2,1,1,2
202100052792,2021-01-30 19:30:00,2021,1,30,19,30,11,11262,MONTESQUIEU (AVENUE),43.19068,3.02277,Nuit avec éclairage allumé,En agglomération,Hors intersection,Normale,Sans collision,4,2,2,0,1,1,1,0,1,50,,1,0,0,0,1,19.0,,,,5,2,1,1,7
202100052793,2021-02-02 09:28:00,2021,2,2,9,28,10,10325,ROCADE OUEST (RD 610),48.26169,4.08471,Plein jour,Hors agglomération,Hors intersection,Temps couvert,Sans collision,3,2,2,0,1,1,2,0,3,90,,1,0,0,0,1,41.0,,,,1,1,1,8,7
202100052794,2021-01-22 16:10:00,2021,1,22,16,10,09,09122,BOUYCHERES (COURS),42.9663534849,1.6094348431,Plein jour,En agglomération,Hors intersection,Normale,Trois véhicules et plus - en chaîne,3,2,2,0,1,1,1,0,1,50,,4,3,0,0,1,59.0,40.0,,,1,2,1,1,4
202100052795,2021-02-01 13:20:00,2021,2,1,13,20,09,09122,FERRIERE (AVENUE DE),42.9536699484,1.6148179024,Plein jour,En agglomération,Intersection en T,Pluie légère,Deux véhicules - côté,3,2,2,0,1,1,2,0,1,50,,3,2,0,0,1,41.0,17.0,,,1,2,3,2,3
202100052796,2021-01-19 14:35:00,2021,1,19,14,35,07,07186,CHOMERAC (AVENUE DE )  DU 33 AU 41,44.73245,4.59817,Plein jour,En agglomération,Giratoire,Normale,Autre collision,3,-1,1,0,2,1,1,0,1,50,,2,1,0,1,0,60.0,,,,1,2,6,1,6
202100052797,2021-02-02 11:34:00,2021,2,2,11,34,06,06069,PAOUTE (ROUTE ET TRAVERSE DE LA),43.63249,6.95527,Plein jour,En agglomération,Hors intersection,Normale,Sans collision,4,3,2,0,1,1,1,1,1,50,,1,0,0,0,1,16.0,,,,1,2,1,1,7
202100052798,2021-02-01 15:25:00,2021,2,1,15,25,06,06030,REBUFFEL (RUE),43.56772,7.01755,Plein jour,En agglomération,Hors intersection,Normale,Deux véhicules - côté,4,2,2,0,1,1,1,0,1,50,,2,1,0,1,0,15.0,37.0,,,1,2,1,1,3
202100052799,2021-02-02 15:55:00,2021,2,2,15,55,06,06123,GERBAULT ALAIN PROMENADE,43.656599,7.17978,Plein jour,En agglomération,Autre intersection,Normale,Deux véhicules - côté,4,1,1,1,1,1,1,0,1,50,,2,1,0,0,1,68.0,72.0,,,1,2,9,1,3
202100052800,2021-02-02 07:50:00,2021,2,2,7,50,75,75117,PORTE D ASNIERES,48.892762,2.301989,Crépuscule ou aube,En agglomération,Hors intersection,Pluie légère,Trois véhicules et plus - collisions multiples,4,1,2,0,2,1,2,0,1,50,,4,3,0,0,1,44.0,47.0,,,2,2,1,2,5
202100052801,2021-02-02 17:35:00,2021,2,2,17,35,75,75118,PORTE DE MONTMARTRE,48.901109,2.335124,Plein jour,En agglomération,Intersection à plus de 4 branches,Normale,Deux véhicules - côté,4,2,4,0,1,1,1,0,1,50,,2,1,0,0,1,20.0,,,,1,2,5,1,3
202100052802,2021-02-01 19:45:00,2021,2,1,19,45,75,75118,BOULEVARD NEY,48.897798,2.33743,Nuit avec éclairage allumé,En agglomération,Intersection en X,Normale,Deux véhicules - côté,4,-1,4,0,1,1,1,0,1,50,,2,1,0,0,1,37.0,40.0,,,5,2,2,1,3
202100052803,2021-02-02 18:10:00,2021,2,2,18,10,75,75117,AVENUE DE LA PORTE D ASNIERES,48.890125,2.303776,Nuit avec éclairage allumé,En agglomération,Intersection en X,Normale,Autre collision,4,3,3,0,1,1,1,0,1,50,,2,1,0,0,1,81.0,,,,5,2,2,1,6
202100052804,2021-02-02 18:30:00,2021,2,2,18,30,75,75113,RUE DE TOLBIAC,48.826168,2.359994,Nuit avec éclairage allumé,En agglomération,Intersection à plus de 4 branches,Normale,Deux véhicules - côté,4,2,2,0,1,1,1,0,1,30,,2,1,0,0,1,31.0,42.0,,,5,2,5,1,3
202100052805,2021-02-02 16:10:00,2021,2,2,16,10,75,75110,RUE LA FAYETTE,48.882434,2.369167,Plein jour,En agglomération,Intersection en Y,Normale,Deux véhicules - côté,4,2,2,1,1,1,1,0,1,50,,2,1,0,0,1,66.0,64.0,,,1,2,4,1,3
202100052806,2021-02-02 07:45:00,2021,2,2,7,45,75,75104,RUE SAINT ANTOINE,48.853702,2.365651,Nuit avec éclairage allumé,En agglomération,Intersection en T,Pluie légère,Deux véhicules - côté,4,3,4,0,1,1,2,0,1,50,,2,1,0,0,1,33.0,27.0,,,5,2,3,2,3
202100052807,2021-02-02 20:20:00,2021,2,2,20,20,94,94042,GENERAL GALLIENI (AV DU),48.82006,2.47844,Nuit avec éclairage allumé,En agglomération,Intersection en T,Normale,Deux véhicules - côté,4,2,4,1,1,1,1,0,1,50,,2,1,0,0,1,31.0,48.0,,,5,2,3,1,3
202100052808,2021-02-02 17:10:00,2021,2,2,17,10,94,94073,GENERAL LECLERC (PL DU),48.765517,2.393485,Plein jour,En agglomération,Hors intersection,Pluie légère,Autre collision,4,2,2,0,1,1,2,0,1,50,,2,1,0,0,1,41.0,,,,1,2,1,2,6
202100052809,2021-02-01 14:50:00,2021,2,1,14,50,94,94028,TASSIGNY(AVE DU MARECHAL DE LATTRE DE),48.8008,2.45045,Plein jour,En agglomération,Hors intersection,Normale,Autre collision,3,1,0,0,1,1,1,0,1,50,,1,0,0,0,1,23.0,,,,1,2,1,1,6
202100052810,2021-02-02 09:30:00,2021,2,2,9,30,93,93072,BOIS MOUSSAY (AVENUE DU),48.95566,2.36821,Plein jour,En agglomération,Hors intersection,Pluie légère,Autre collision,5,1,1,0,2,1,2,9,6,15,,2,1,0,0,1,87.0,,,,1,2,1,2,6
202100052811,2021-02-02 19:20:00,2021,2,2,19,20,93,93048,EDOUARD BRANLY (RUE),48.8692438138,2.4595393538,Nuit sans éclairage public,En agglomération,Hors intersection,Normale,Deux véhicules - côté,4,2,1,1,1,1,1,0,1,30,,2,1,0,0,1,51.0,48.0,,,3,2,1,1,3
202100052812,2021-02-02 13:30:00,2021,2,2,13,30,93,93031,CARRIERES (DES),48.9582452579,2.2958966275,Plein jour,En agglomération,Autre intersection,Normale,Deux véhicules - côté,4,2,2,0,1,1,2,0,1,50,,2,1,0,0,1,55.0,28.0,,,1,2,9,1,3
202100052813,2021-01-30 23:40:00,2021,1,30,23,40,93,93029,EDOUARD LIEVIN,48.9195722042,2.4597693503,Nuit avec éclairage allumé,En agglomération,Intersection en T,Pluie forte,Deux véhicules - côté,4,2,2,0,1,1,2,0,1,50,,2,1,0,0,1,20.0,44.0,,,5,2,3,3,3
202100052814,2021-02-02 15:35:00,2021,2,2,15,35,93,93001,REPUBLIQUE (AVE DE LA ) => NO 41/50,48.91198,2.38386,Plein jour,En agglomération,Hors intersection,Normale,Deux véhicules - frontale,3,2,2,0,1,1,1,0,1,50,,2,1,0,0,1,22.0,34.0,,,1,2,1,1,1
202100052815,2021-01-26 17:50:00,2021,1,26,17,50,92,92063,RICHELIEU (BOULEVARD),48.8716213818,2.183401401,Crépuscule ou aube,En agglomération,Intersection en T,Normale,Deux véhicules - arrière,3,2,2,0,2,1,1,5,1,50,,2,1,0,0,1,57.0,18.0,,,2,2,3,1,2
202100052816,2021-02-02 18:00:00,2021,2,2,18,0,92,92049,DORMOY AVENUE MARX N°102 A FIN,48.8108579349,2.306329608,Nuit avec éclairage allumé,En agglomération,Hors intersection,Normale,Sans collision,3,2,3,3,1,1,1,0,6,50,,1,0,0,0,1,37.0,,,,5,2,1,1,7
202100052817,2021-02-02 11:50:00,2021,2,2,11,50,92,92040,CAMILLE DESMOULINS,48.8284748573,2.2627785802,Plein jour,En agglomération,Intersection en T,Normale,Autre collision,4,2,2,0,1,1,1,0,1,30,,2,1,0,0,1,,,,,1,2,3,1,6
202100052818,2021-02-02 08:35:00,2021,2,2,8,35,92,92026,VERDUN (DE 62 A FIN),48.90303,2.2582,Plein jour,En agglomération,Intersection en T,Temps couvert,Deux véhicules - côté,3,2,4,3,1,1,2,0,1,50,,2,1,0,0,1,16.0,40.0,,,1,2,3,8,3
202100052819,2021-02-02 17:50:00,2021,2,2,17,50,92,92007,REPUBLIQUE (RUE DE LA),48.795611928,2.3013447225,Plein jour,En agglomération,Hors intersection,Normale,Autre collision,4,2,2,0,1,1,1,0,1,50,,3,1,0,0,2,55.0,,,,1,2,1,1,6
202100052820,2021-02-01 13:00:00,2021,2,1,13,0,39,39331,,46.806189,6.095146,Plein jour,Hors agglomération,Hors intersection,Pluie légère,Deux véhicules - frontale,3,2,2,0,2,1,2,0,1,80,,3,0,1,0,2,26.0,20.0,,,1,1,1,2,1
202100052821,2021-02-03 11:45:00,2021,2,3,11,45,62,62886,D131e3,50.564504,1.946791,Plein jour,Hors agglomération,Hors intersection,Pluie légère,Autre collision,3,2,2,0,1,1,2,0,3,80,,2,0,0,1,1,86.0,,,,1,1,1,2,6