accident_id,datetime,annee,mois,jour,heure,minute,departement,commune_insee,adresse,latitude,longitude,luminosite,agglomeration,intersection,meteo,collision,catr,circ,nbv,vosp,prof,plan,surf,infra,situ,vma,nb_vehicules,nb_usagers,nb_indemnes,nb_tues,nb_blesses_hosp,nb_blesses_legers,age_cond_1,age_cond_2,veh_type_cond_1,veh_type_cond_2,lum_code,agg_code,int_code,atm_code,col_code
202100052822,2021-02-01 08:30:00,2021,2,1,8,30,24,24053,Autoroute A89 - PK 121+870,45.141598,0.784104,Plein jour,Hors agglomération,Hors intersection,Pluie forte,Autre collision,1,3,4,0,1,1,4,0,1,110,,3,1,0,0,2,65.0,,,,1,1,1,3,6
202100052823,2021-02-03 11:00:00,2021,2,3,11,0,56,56113,1 LD Quenven - RC3,48.081043,-3.177865,Plein jour,Hors agglomération,Hors intersection,Pluie légère,Deux véhicules - frontale,4,2,2,0,1,3,2,0,1,80,,2,1,0,1,0,53.0,35.0,,,1,1,1,2,1
202100052824,2021-01-23 16:30:00,2021,1,23,16,30,82,82038,Saint Pierre Livron,44.250909,1.771926,Plein jour,En agglomération,Hors intersection,Pluie légère,Autre collision,3,2,2,0,1,1,2,2,3,50,,2,0,0,1,1,27.0,,,,1,2,1,2,6
202100052825,2021-02-03 16:39:00,2021,2,3,16,39,41,41097,D724,47.313275,1.671005,Plein jour,Hors agglomération,Intersection en X,Pluie légère,Deux véhicules - frontale,3,3,2,0,1,1,2,5,1,70,,2,1,0,0,1,42.0,23.0,,,1,1,2,2,1
202100052826,2021-02-03 09:20:00,2021,2,3,9,20,29,29216,D784 - Kervern Ar Brenn,47.992018,-4.211755,Plein jour,Hors agglomération,Intersection en T,Temps couvert,Deux véhicules - côté,3,2,2,0,2,2,2,5,1,80,,2,1,1,0,0,32.0,40.0,,,1,1,3,8,3
202100052827,2021-02-02 11:10:00,2021,2,2,11,10,31,31106,D1 - PK 63+380,43.525052,1.780788,Plein jour,Hors agglomération,Hors intersection,Normale,Autre collision,3,2,2,0,2,1,2,0,3,80,,1,0,0,1,0,39.0,,,,1,1,1,1,6
202100052828,2021-02-03 10:30:00,2021,2,3,10,30,18,18030,Le Pre des Noues,47.549466,2.556401,Plein jour,Hors agglomération,Hors intersection,Temps couvert,Autre collision,3,2,2,0,1,1,2,0,3,80,,3,1,1,0,1,34.0,,,,1,1,1,8,6
202100052829,2021-02-03 12:05:00,2021,2,3,12,5,24,24229,Route de Lage,45.142169,1.253553,Plein jour,Hors agglomération,Hors intersection,Pluie légère,Deux véhicules - frontale,4,2,2,0,1,3,2,0,1,80,,2,1,0,0,1,15.0,42.0,,,1,1,1,2,1
202100052830,2021-02-02 07:00:00,2021,2,2,7,0,30,30284,Route de Villefort,44.18,4.081212,Crépuscule ou aube,Hors agglomération,Hors intersection,Normale,Autre collision,3,2,2,0,1,2,1,0,3,70,,1,0,0,1,0,35.0,,,,2,1,1,1,6
202100052831,2021-02-02 19:56:00,2021,2,2,19,56,48,48111,N 88,44.537586,3.582981,Nuit sans éclairage public,Hors agglomération,Hors intersection,Pluie légère,Sans collision,2,2,2,0,2,3,2,0,3,80,,1,0,0,0,1,80.0,,,,3,1,1,2,7
202100052832,2021-02-01 17:20:00,2021,2,1,17,20,77,77192,6 Avenue Pasteur,48.70609,2.870189,Crépuscule ou aube,En agglomération,Hors intersection,Normale,Deux véhicules - frontale,3,2,2,0,1,1,1,0,1,50,,4,3,0,0,1,32.0,53.0,,,2,2,1,1,1
202100052833,2021-02-01 07:45:00,2021,2,1,7,45,06,06085,1999 Avenue Marechal Juin,43.583585,6.997814,Plein jour,En agglomération,Hors intersection,Normale,Deux véhicules - côté,4,2,2,0,1,1,1,0,1,50,,2,1,0,1,0,43.0,17.0,,,1,2,1,1,3
202100052834,2021-02-02 07:00:00,2021,2,2,7,0,69,69112,A89,45.83466,4.685583,Nuit sans éclairage public,Hors agglomération,Hors intersection,Pluie légère,Trois véhicules et plus - en chaîne,1,3,4,0,1,2,2,0,1,110,,4,2,0,0,2,41.0,44.0,,,3,1,1,2,4
202100052835,2021-01-30 10:50:00,2021,1,30,10,50,06,06149,"A8, PK 202.300 chaussée sud",43.733895,7.31653,Plein jour,Hors agglomération,Hors intersection,Normale,Deux véhicules - côté,1,3,5,0,2,1,1,2,1,110,,3,2,0,0,1,36.0,69.0,,,1,1,1,1,3
202100052836,2021-02-02 08:30:00,2021,2,2,8,30,38,38486,Rue du Jouffrey,45.15464,5.676246,Plein jour,En agglomération,Hors intersection,Normale,Deux véhicules - arrière,4,2,2,0,2,1,8,0,1,30,,3,2,0,0,1,41.0,49.0,,,1,2,1,1,2
202100052837,2021-02-03 11:30:00,2021,2,3,11,30,45,45008,A10 PK 79+500 sens 1,48.0768344924,1.8502543935,Plein jour,Hors agglomération,Hors intersection,Vent fort / tempête,Deux véhicules - côté,1,3,6,3,1,1,1,0,1,130,,2,1,0,1,0,36.0,65.0,,,1,1,1,6,3
202100052838,2021-02-02 14:27:00,2021,2,2,14,27,13,13018,Autoroute 7 PK 202+700 sens LYON/MARSEILLE,43.875082,4.94668,Plein jour,Hors agglomération,Hors intersection,Normale,Deux véhicules - arrière,1,1,3,0,1,1,1,0,1,130,,2,0,0,0,2,44.0,,,,1,1,1,1,2
202100052839,2021-02-02 08:30:00,2021,2,2,8,30,971,97128,Route de Fouché,16.243048,-61.395991,Plein jour,Hors agglomération,Hors intersection,Normale,Deux véhicules - frontale,3,2,2,0,2,1,1,0,1,70,,2,0,0,1,1,45.0,34.0,,,1,1,1,1,1
202100052840,2021-02-02 15:35:00,2021,2,2,15,35,77,77095,D54,48.959384,2.748642,Plein jour,Hors agglomération,Hors intersection,Normale,Deux véhicules - frontale,3,2,2,0,1,1,1,0,1,80,,2,0,0,1,1,59.0,41.0,,,1,1,1,1,1
202100052841,2021-01-24 01:45:00,2021,1,24,1,45,34,34162,Rue Nelson Mandela,43.484952,3.479088,Nuit avec éclairage allumé,En agglomération,Hors intersection,Normale,Autre collision,4,2,2,0,2,2,1,0,4,50,,1,0,0,1,0,43.0,,,,5,2,1,1,6
202100052842,2021-01-10 10:00:00,2021,1,10,10,0,67,67473,chemin du moulin,48.577729,7.483288,Plein jour,Hors agglomération,Intersection en T,Temps éblouissant,Deux véhicules - côté,4,2,2,1,1,3,1,0,1,50,,2,1,0,1,0,59.0,81.0,,,1,1,3,7,3
202100052843,2021-02-01 08:40:00,2021,2,1,8,40,67,67188,D1420,48.522805,7.369267,Plein jour,Hors agglomération,Hors intersection,Pluie légère,Trois véhicules et plus - en chaîne,3,2,2,0,1,1,2,0,1,90,,6,2,0,0,4,60.0,56.0,,,1,1,1,2,4
202100052844,2021-02-03 16:30:00,2021,2,3,16,30,38,38215,Route des Moillés,45.57199,4.9576,Plein jour,Hors agglomération,Hors intersection,Pluie légère,Autre collision,3,2,2,0,2,4,2,0,1,70,,1,0,0,1,0,32.0,,,,1,1,1,2,6
202100052845,2021-02-02 16:25:00,2021,2,2,16,25,14,14076,Rue de la Mer,49.221378,-0.289877,Plein jour,Hors agglomération,Hors intersection,Normale,Autre collision,3,2,2,0,1,1,1,0,3,75,,2,1,0,1,0,50.0,33.0,,,1,1,1,1,6
202100052846,2021-02-02 08:30:00,2021,2,2,8,30,14,14125,D7,49.2300416586,-0.371389089,Plein jour,En agglomération,Hors intersection,Temps couvert,Trois véhicules et plus - en chaîne,3,3,2,0,1,1,2,0,1,70,,6,3,0,1,2,61.0,38.0,,,1,2,1,8,4
202100052847,2021-02-02 09:02:00,2021,2,2,9,2,94,94037,AUTOROUTE A6B,48.81,2.35,Plein jour,Hors agglomération,Hors intersection,Pluie légère,Sans collision,1,1,2,0,2,2,8,1,1,50,,1,0,0,0,1,48.0,,,,1,1,1,2,7
202100052848,2021-02-01 22:44:00,2021,2,1,22,44,91,91179,AUTOROUTE A6,48.56759,2.472531,Nuit sans éclairage public,Hors agglomération,Hors intersection,Normale,Deux véhicules - arrière,1,3,6,0,1,1,1,0,1,110,,4,3,0,0,1,27.0,,,,3,1,1,1,2
202100052849,2021-02-02 07:45:00,2021,2,2,7,45,78,78043,A12 Y,48.842068,2.095735,Crépuscule ou aube,Hors agglomération,Hors intersection,Pluie légère,Trois véhicules et plus - collisions multiples,1,1,3,0,1,3,2,0,1,90,,3,1,0,1,1,45.0,26.0,,,2,1,1,2,5
202100052850,2021-02-01 12:45:00,2021,2,1,12,45,92,92063,A86,48.8714480597,2.1568102187,Plein jour,Hors agglomération,Hors intersection,Normale,Deux véhicules - côté,1,3,6,0,1,3,1,0,1,70,,2,0,0,0,2,24.0,56.0,,,1,1,1,1,3
202100052851,2021-02-01 18:00:00,2021,2,1,18,0,93,93078,AUTOROUTE A104,48.96169,2.52354,Nuit sans éclairage public,Hors agglomération,Hors intersection,Normale,Deux véhicules - côté,1,3,6,0,1,1,1,0,1,90,,2,1,0,0,1,,46.0,,,3,1,1,1,3
202100052852,2021-02-01 08:15:00,2021,2,1,8,15,95,95252,A15,48.97858,2.2301,Crépuscule ou aube,Hors agglomération,Hors intersection,Pluie légère,Deux véhicules - arrière,1,3,6,0,1,1,2,0,1,110,,2,1,0,0,1,40.0,22.0,,,2,1,1,2,2
202100052853,2021-02-01 05:00:00,2021,2,1,5,0,93,93063,AUTOROUTE A3,48.87846,2.44714,Nuit sans éclairage public,Hors agglomération,Hors intersection,Pluie légère,Sans collision,1,3,8,0,1,1,2,1,1,90,,1,0,0,0,1,56.0,,,,3,1,1,2,7
202100052854,2021-01-31 22:15:00,2021,1,31,22,15,95,95582,A15,48.96656,2.25608,Nuit sans éclairage public,Hors agglomération,Hors intersection,Pluie forte,Deux véhicules - arrière,1,3,8,0,1,1,2,0,1,110,,2,1,0,0,1,38.0,20.0,,,3,1,1,3,2
202100052855,2021-02-02 09:15:00,2021,2,2,9,15,77,77294,A104,48.9693479634,2.5991225741,Plein jour,Hors agglomération,Hors intersection,Pluie légère,Sans collision,1,-1,2,0,1,1,2,0,1,90,,1,0,0,0,1,45.0,,,,1,1,1,2,7
202100052856,2021-02-01 11:30:00,2021,2,1,11,30,77,77169,RN104,48.8255293218,2.6161130363,Plein jour,Hors agglomération,Hors intersection,Pluie légère,Autre collision,2,1,2,0,1,1,2,0,1,90,,3,2,0,0,1,54.0,31.0,,,1,1,1,2,6
202100052857,2021-02-01 19:50:00,2021,2,1,19,50,974,97407,JACQUES DUCLOS (RUE) - RIVIERE DES GAL  ,-20.9587,55.31459,Nuit avec éclairage allumé,En agglomération,Hors intersection,Normale,Sans collision,4,-1,2,0,1,1,1,0,1,50,,1,0,0,1,0,30.0,,,,5,2,1,1,7
202100052858,2021-02-01 07:55:00,2021,2,1,7,55,973,97302,SOURCE DE BADUEL (CHEMIN DE LA),4.92953,-52.30876,Plein jour,En agglomération,Intersection en T,Temps couvert,Deux véhicules - frontale,4,2,2,0,1,1,1,0,1,50,,4,3,0,0,1,32.0,45.0,,,1,2,3,8,1
202100052859,2021-02-01 16:40:00,2021,2,1,16,40,69,69386,DUQUESNE (R),45.77286,4.8464,Plein jour,En agglomération,Hors intersection,Pluie légère,Deux véhicules - arrière,4,1,2,3,1,1,2,0,1,50,,2,1,0,0,1,22.0,53.0,,,1,2,1,2,2
202100052860,2021-01-29 19:03:00,2021,1,29,19,3,95,95424,PONTOISE(BOULEVARD DE),48.98631,2.18188,Nuit avec éclairage allumé,En agglomération,Hors intersection,Pluie légère,Deux véhicules - côté,3,2,2,0,1,1,2,0,1,50,,2,1,0,1,0,54.0,53.0,,,5,2,1,2,3
202100052861,2021-02-01 21:57:00,2021,2,1,21,57,91,91339,AV ROBERT BENOIST,48.63559,2.26642,Nuit avec éclairage allumé,En agglomération,Hors intersection,Autre,Deux véhicules - arrière,3,3,4,0,2,1,1,0,1,50,,3,1,0,0,2,48.0,48.0,,,5,2,1,9,2
202100052862,2021-02-01 08:05:00,2021,2,1,8,5,87,87085,BRIAND (RUE ARISTIDE),45.8547,1.28814,Crépuscule ou aube,En agglomération,Hors intersection,Pluie forte,Autre collision,4,2,2,0,1,1,2,0,1,50,,2,1,0,0,1,31.0,,,,2,2,1,3,6
202100052863,2021-01-30 20:22:00,2021,1,30,20,22,87,87085,GOUJAUD (QUAI LOUIS),45.82603,1.268,Nuit avec éclairage allumé,En agglomération,Intersection en T,Pluie légère,Deux véhicules - côté,2,3,4,0,1,1,2,0,1,50,,2,1,0,0,1,30.0,49.0,,,5,2,3,2,3
202100052864,2021-01-29 15:50:00,2021,1,29,15,50,87,87114,FRANCE (DE),45.83213,1.2876,Plein jour,En agglomération,Intersection en X,Normale,Deux véhicules - côté,4,2,2,0,1,1,1,0,1,50,,2,1,0,0,1,36.0,59.0,,,1,2,2,1,3
202100052865,2021-01-29 11:12:00,2021,1,29,11,12,87,87065,AUTOROUTE A20,45.78961,1.3033,Plein jour,Hors agglomération,Hors intersection,Normale,Deux véhicules - arrière,1,3,4,0,2,1,1,0,1,110,,3,2,0,0,1,74.0,67.0,,,1,1,1,1,2
202100052866,2021-02-01 08:45:00,2021,2,1,8,45,84,84007,MARSEILLE (Route de ),43.92243,4.85695,Plein jour,Hors agglomération,Hors intersection,Pluie légère,Autre collision,2,3,4,0,1,2,2,5,1,70,,6,0,0,4,2,28.0,40.0,,,1,1,1,2,6
202100052867,2021-01-28 02:30:00,2021,1,28,2,30,83,83123,CORNICHE (AVENUE),43.1175960673,5.775148345,Nuit sans éclairage public,En agglomération,Hors intersection,Normale,Sans collision,4,2,2,0,2,1,1,0,1,30,,4,1,0,1,2,25.0,,,,3,2,1,1,7
202100052868,2021-02-01 07:50:00,2021,2,1,7,50,79,79329,134 Avenue Emile Zola,46.99379,-0.20816,Crépuscule ou aube,En agglomération,Intersection en T,Pluie légère,Deux véhicules - côté,3,2,2,0,1,1,2,0,1,50,,2,1,0,0,1,19.0,49.0,,,2,2,3,2,3
202100052869,2021-02-01 07:50:00,2021,2,1,7,50,78,78350,VERSAILLES (ROUTE DE),48.85552,2.10735,Nuit avec éclairage allumé,En agglomération,Intersection en T,Pluie légère,Deux véhicules - arrière,2,3,4,0,1,1,2,0,1,50,,2,1,0,0,1,21.0,29.0,,,5,2,3,2,2
202100052870,2021-01-29 18:21:00,2021,1,29,18,21,76,76178,Rue de Tourville,49.3109262116,1.0490017244,Nuit sans éclairage public,Hors agglomération,Hors intersection,Normale,Trois véhicules et plus - collisions multiples,7,2,4,0,1,1,2,0,1,80,,4,3,0,0,1,21.0,49.0,,,3,1,1,1,5
202100052871,2021-01-31 12:45:00,2021,1,31,12,45,76,76486,Côte de la Maison Brûlée (D132),49.31594,0.98658,Plein jour,Hors agglomération,Hors intersection,Normale,Deux véhicules - frontale,7,2,2,0,1,1,2,0,1,80,,3,1,0,0,2,28.0,29.0,,,1,1,1,1,1
202100052872,2021-01-30 14:20:00,2021,1,30,14,20,76,76351,VERDUN (RUE DE),49.5034,0.19208,Plein jour,En agglomération,Giratoire,Pluie légère,Sans collision,4,2,2,0,1,2,2,0,1,50,,1,0,0,0,1,31.0,,,,1,2,6,2,7
202100052873,2021-02-01 08:20:00,2021,2,1,8,20,74,74305,BOURGEOIS (RUE LEON),46.2003,6.251584,Plein jour,En agglomération,Intersection en T,Pluie légère,Deux véhicules - côté,3,2,1,0,1,1,2,0,1,50,,2,1,0,0,1,25.0,38.0,,,1,2,3,2,3
202100052874,2021-01-31 13:30:00,2021,1,31,13,30,71,71153,2 Rue des Acacias,46.79863,4.42498,Plein jour,En agglomération,Hors intersection,Normale,Autre collision,4,2,2,0,1,2,2,0,3,50,,1,0,1,0,0,42.0,,,,1,2,1,1,6
202100052875,2021-01-31 14:30:00,2021,1,31,14,30,71,71309,R.N.80,46.78493,4.40672,Plein jour,Hors agglomération,Hors intersection,Normale,Sans collision,3,2,2,0,1,1,1,0,3,80,,1,0,0,0,1,41.0,,,,1,1,1,1,7
202100052876,2021-02-01 17:00:00,2021,2,1,17,0,66,66136,JOFFRE (AVENUE DU MARECHAL CD 88),42.71175,2.89017,Plein jour,En agglomération,Hors intersection,Normale,Autre collision,4,2,3,3,1,1,1,0,1,50,,2,1,0,0,1,29.0,,,,1,2,1,1,6
202100052877,2021-02-01 19:05:00,2021,2,1,19,5,64,64445,MIRABELLE,43.30693,-0.37705,Nuit avec éclairage allumé,En agglomération,Intersection en X,Pluie légère,Deux véhicules - frontale,4,1,1,0,1,1,2,0,1,50,,2,1,0,0,1,27.0,21.0,,,5,2,2,2,1
202100052878,2021-02-01 17:55:00,2021,2,1,17,55,59,59650,MENDES FRANCE (BOULEVARD PIERRE),50.695233,3.213576,Nuit sans éclairage public,En agglomération,Hors intersection,Pluie légère,Autre collision,4,2,2,0,1,1,2,0,1,50,,2,1,1,0,0,55.0,,,,3,2,1,2,6
202100052879,2021-01-27 10:45:00,2021,1,27,10,45,59,59271,LOTI PIERRE,51.0114,2.2953,Plein jour,En agglomération,Autre intersection,Normale,Autre collision,3,2,-1,-1,1,1,1,9,1,-1,,2,1,0,1,0,39.0,,,,1,2,9,1,6
202100052880,2021-01-31 18:00:00,2021,1,31,18,0,54,54025,CHARTREUSE (AVENUE DE LA),48.66178,6.25462,Nuit sans éclairage public,En agglomération,Hors intersection,Pluie légère,Autre collision,7,2,2,0,1,1,2,0,1,50,,2,1,0,1,0,42.0,,,,3,2,1,2,6
202100052881,2021-02-01 13:55:00,2021,2,1,13,55,51,51454,Boulevard Pommery,49.2448844867,4.0500713267,Plein jour,En agglomération,Hors intersection,Pluie légère,Deux véhicules - arrière,3,2,2,0,1,1,2,0,1,50,,2,0,0,0,2,26.0,20.0,,,1,2,1,2,2
202100052882,2021-01-30 18:55:00,2021,1,30,18,55,41,41295,RUE DE LA VALLEE ,47.573,1.37742,Nuit sans éclairage public,En agglomération,Hors intersection,Pluie légère,Sans collision,4,1,1,0,1,1,2,0,1,50,,1,0,0,0,1,19.0,,,,3,2,1,2,7
202100052883,2021-01-31 12:15:00,2021,1,31,12,15,37,37122,,47.3207569486,0.660570584,Plein jour,Hors agglomération,Intersection en T,Pluie légère,Autre collision,3,2,2,1,1,3,2,0,1,70,,1,0,0,0,1,57.0,,,,1,1,3,2,6
202100052884,2021-02-01 07:57:00,2021,2,1,7,57,37,37261,GANCE (BOULEVARD ABEL),47.419909517,0.7166250945,Crépuscule ou aube,En agglomération,Giratoire,Normale,Deux véhicules - arrière,3,3,4,0,2,1,2,0,1,70,,2,0,0,0,2,48.0,52.0,,,2,2,6,1,2
202100052885,2021-02-01 07:40:00,2021,2,1,7,40,37,37261,MOURGAULT (RUE JULES),47.3814764052,0.7027547881,Crépuscule ou aube,En agglomération,Intersection en T,Normale,Sans collision,4,2,2,0,1,1,2,0,1,50,,1,0,0,0,1,34.0,,,,2,2,3,1,7
202100052886,2021-01-31 03:20:00,2021,1,31,3,20,37,37233,FARGES (AVENUE YVES),47.3861524493,0.7428087518,Nuit avec éclairage allumé,En agglomération,Hors intersection,Pluie légère,Sans collision,4,2,2,0,1,1,2,0,1,50,,2,1,0,0,1,22.0,,,,5,2,1,2,7
202100052887,2021-01-30 12:05:00,2021,1,30,12,5,37,37261,PROUDHON (AVENUE),47.3948845968,0.6714351986,Plein jour,En agglomération,Hors intersection,Normale,Deux véhicules - côté,4,2,2,0,1,1,1,0,1,50,,2,1,0,0,1,49.0,56.0,,,1,2,1,1,3
202100052888,2021-02-01 17:30:00,2021,2,1,17,30,33,33075,Allée de Boutaut,44.87121,-0.57638,Plein jour,En agglomération,Hors intersection,Normale,Autre collision,4,3,4,0,1,1,1,0,1,50,,2,1,0,0,1,45.0,,,,1,2,1,1,6
202100052889,2021-02-01 16:40:00,2021,2,1,16,40,33,33065,Voie rapide Bx-Latresne,44.80468,-0.51663,Plein jour,Hors agglomération,Hors intersection,Normale,Trois véhicules et plus - en chaîne,4,2,1,0,1,1,2,0,1,50,,3,2,0,0,1,57.0,23.0,,,1,1,1,1,4
202100052890,2021-01-19 17:15:00,2021,1,19,17,15,33,33063,Rue Pasteur,44.8463,-0.61929,Plein jour,En agglomération,Intersection en Y,Normale,Deux véhicules - côté,4,2,2,2,1,1,1,0,1,50,,2,1,0,0,1,43.0,28.0,,,1,2,4,1,3
202100052891,2021-02-01 09:25:00,2021,2,1,9,25,33,33522,Cours du Maréchal Gallieni,44.82031,-0.59632,Plein jour,En agglomération,Intersection en T,Pluie légère,Deux véhicules - frontale,4,2,2,0,1,1,2,0,1,50,,2,1,0,0,1,38.0,24.0,,,1,2,3,2,1
202100052892,2021-01-29 09:28:00,2021,1,29,9,28,33,33063,Rue du Bocage,44.850721,-0.600632,Plein jour,En agglomération,Hors intersection,Normale,Autre collision,4,2,2,0,1,1,1,0,1,50,,2,1,0,0,1,41.0,,,,1,2,1,1,6
202100052893,2021-01-30 22:00:00,2021,1,30,22,0,31,31555,Avenue Jean Rieux,43.59788,1.45798,Nuit avec éclairage allumé,En agglomération,Hors intersection,Pluie légère,Deux véhicules - arrière,4,2,2,0,1,1,2,0,1,50,,2,1,0,0,1,30.0,42.0,,,5,2,1,2,2
202100052894,2021-02-01 14:58:00,2021,2,1,14,58,31,31344,POINTIS INARD (ROUTE DE),43.09685,0.75921,Plein jour,Hors agglomération,Hors intersection,Vent fort / tempête,Sans collision,3,2,2,0,1,1,2,0,3,80,,1,0,0,0,1,31.0,,,,1,1,1,6,7
202100052895,2021-01-26 18:50:00,2021,1,26,18,50,22,22187,RUE DES PRUNELLES,48.53572,-2.75593,Nuit sans éclairage public,En agglomération,Hors intersection,Normale,Autre collision,4,2,2,0,1,1,1,0,1,50,,2,1,0,0,1,57.0,,,,3,2,1,1,6
202100052896,2021-01-29 17:20:00,2021,1,29,17,20,19,19031,DE JOUVENEL (BOULEVARD HENRI),45.15978,1.52333,Plein jour,En agglomération,Hors intersection,Normale,Deux véhicules - arrière,4,2,2,0,1,1,1,0,1,50,,2,1,0,0,1,16.0,17.0,,,1,2,1,1,2
202100052897,2021-02-01 15:48:00,2021,2,1,15,48,17,17300,SAUTEL  BOULEVARD ANDRE,46.17126,-1.12308,Plein jour,En agglomération,Intersection en X,Normale,Deux véhicules - côté,4,3,4,0,1,1,2,0,1,50,,2,1,0,0,1,47.0,70.0,,,1,2,2,1,3
202100052898,2021-02-01 19:50:00,2021,2,1,19,50,13,13210,FLORIAN (impasse),43.285013,5.426259,Nuit avec éclairage allumé,En agglomération,Hors intersection,Normale,Deux véhicules - côté,4,3,3,0,2,1,1,1,1,50,,2,1,0,0,1,24.0,35.0,,,5,2,1,1,3
202100052899,2021-02-01 11:00:00,2021,2,1,11,0,13,13210,JEAN MOULIN (BOULEVARD),43.2850043491,5.3986904056,Plein jour,En agglomération,Autre intersection,Normale,Deux véhicules - côté,4,-1,6,0,1,1,1,0,8,50,,2,1,0,0,1,56.0,74.0,,,1,2,9,1,3
202100052900,2021-02-01 09:30:00,2021,2,1,9,30,13,13205,BAILLE (BOULEVARD),43.2885955309,5.3937842465,Plein jour,En agglomération,Hors intersection,Pluie légère,Trois véhicules et plus - en chaîne,4,2,4,0,1,1,2,0,1,50,,3,2,0,0,1,43.0,30.0,,,1,2,1,2,4
202100052901,2021-02-01 06:35:00,2021,2,1,6,35,13,13206,FONTANGE (RUE),43.2928,5.3854,Nuit sans éclairage public,En agglomération,Hors intersection,Pluie légère,Autre collision,4,1,1,0,1,1,2,0,1,30,,1,0,0,0,1,37.0,,,,3,2,1,2,6
202100052902,2021-01-31 17:50:00,2021,1,31,17,50,13,13201,LONGCHAMP (BOULEVARD)   1 A 21,43.303,5.3917,Crépuscule ou aube,En agglomération,Hors intersection,Normale,Autre collision,4,2,0,3,1,1,1,9,1,30,,2,1,0,1,0,50.0,,,,2,2,1,1,6
202100052903,2021-01-30 11:35:00,2021,1,30,11,35,11,11069,Avenue du Président Franklin Roosevelt ,43.2166205844,2.3478847643,Plein jour,En agglomération,Hors intersection,Pluie légère,Deux véhicules - côté,4,1,2,0,1,1,2,2,1,50,,3,1,0,0,2,34.0,41.0,,,1,2,1,2,3
202100052904,2021-02-01 11:15:00,2021,2,1,11,15,06,06069,MAUPASSANT (AVENUE GUY DE),43.660307,6.905108,Plein jour,Hors agglomération,Hors intersection,Normale,Sans collision,3,2,2,0,1,2,2,0,1,50,,1,0,0,0,1,73.0,,,,1,1,1,1,7
202100052905,2021-01-31 18:00:00,2021,1,31,18,0,75,75118,PORTE DE CLIGNANCOURT,48.90102,2.342629,Nuit avec éclairage allumé,En agglomération,Hors intersection,Pluie légère,Deux véhicules - arrière,4,1,4,0,1,1,2,0,1,70,,2,1,0,0,1,40.0,75.0,,,5,2,1,2,2
202100052906,2021-02-01 08:52:00,2021,2,1,8,52,75,75116,AVENUE DE NEW YORK,48.8632156854,2.2961995111,Plein jour,En agglomération,Intersection en Y,Pluie légère,Trois véhicules et plus - collisions multiples,4,2,4,3,1,1,2,-1,6,50,,4,3,0,1,0,29.0,25.0,,,1,2,4,2,5
202100052907,2021-01-30 20:45:00,2021,1,30,20,45,75,75107,RUE DUROC,48.847695,2.313351,Nuit avec éclairage allumé,En agglomération,Intersection en X,Pluie légère,Deux véhicules - côté,4,1,1,0,1,1,2,0,1,30,,2,0,0,0,2,24.0,29.0,,,5,2,2,2,3
202100052908,2021-02-01 16:30:00,2021,2,1,16,30,75,75120,RUE DES PYRENEES,48.871032,2.393133,Plein jour,En agglomération,Intersection en T,Normale,Autre collision,4,-1,2,0,1,1,1,0,1,50,,2,1,0,0,1,50.0,,,,1,2,3,1,6
202100052909,2021-02-01 13:00:00,2021,2,1,13,0,75,75120,RUE DU COMMANDANT L HERMINIER,48.846707,2.41588,Plein jour,En agglomération,Intersection en X,Normale,Deux véhicules - côté,4,1,1,1,1,1,1,-1,5,50,,2,1,0,0,1,72.0,40.0,,,1,2,2,1,3
202100052910,2021-01-30 22:45:00,2021,1,30,22,45,75,75116,ROUTE DE LA PTE DES SABLONS A LA PTE MAI,48.8772503985,2.2704997845,Nuit avec éclairage allumé,En agglomération,Intersection en Y,Pluie légère,Autre collision,4,2,2,0,1,1,2,0,1,50,,1,0,0,0,1,31.0,,,,5,2,4,2,6
202100052911,2021-02-01 21:25:00,2021,2,1,21,25,75,75115,RUE DE LA CONVENTION,48.838067,2.294612,Nuit avec éclairage allumé,En agglomération,Intersection en X,Normale,Deux véhicules - côté,4,2,2,0,1,1,1,0,1,50,,2,1,0,0,1,27.0,21.0,,,5,2,2,1,3
202100052912,2021-02-01 02:44:00,2021,2,1,2,44,75,75115,RUE ALPHONSE BERTILLON,48.835397,2.311796,Nuit avec éclairage allumé,En agglomération,Intersection en X,Pluie légère,Autre collision,4,2,2,0,1,1,2,0,1,50,,1,0,0,0,1,27.0,,,,5,2,2,2,6
202100052913,2021-02-01 07:35:00,2021,2,1,7,35,75,75115,RUE DE LA CROIX NIVERT,48.841169,2.291812,Crépuscule ou aube,En agglomération,Intersection en T,Pluie légère,Sans collision,4,2,2,0,1,1,2,0,1,50,,1,0,0,0,1,52.0,,,,2,2,3,2,7
202100052914,2021-02-01 18:59:00,2021,2,1,18,59,75,75111,BOULEVARD VOLTAIRE,48.857328,2.380819,Nuit avec éclairage allumé,En agglomération,Intersection en Y,Normale,Deux véhicules - côté,4,2,4,1,1,1,1,0,1,50,,2,1,0,0,1,21.0,28.0,,,5,2,4,1,3
202100052915,2021-02-01 12:10:00,2021,2,1,12,10,75,75111,AVENUE PARMENTIER,48.86066,2.378345,Plein jour,En agglomération,Intersection en T,Normale,Deux véhicules - côté,4,2,2,0,1,1,1,0,1,50,,2,1,0,0,1,72.0,21.0,,,1,2,3,1,3
202100052916,2021-02-01 17:00:00,2021,2,1,17,0,75,75110,BOULEVARD SAINT DENIS,48.8696074962,2.3530065561,Crépuscule ou aube,En agglomération,Intersection en Y,Temps couvert,Autre collision,4,1,3,1,1,1,1,-1,5,50,,2,0,0,0,2,19.0,,,,2,2,4,8,6