accident_id,datetime,annee,mois,jour,heure,minute,departement,commune_insee,adresse,latitude,longitude,luminosite,agglomeration,intersection,meteo,collision,catr,circ,nbv,vosp,prof,plan,surf,infra,situ,vma,nb_vehicules,nb_usagers,nb_indemnes,nb_tues,nb_blesses_hosp,nb_blesses_legers,age_cond_1,age_cond_2,veh_type_cond_1,veh_type_cond_2,lum_code,agg_code,int_code,atm_code,col_code
202100052917,2021-02-01 15:15:00,2021,2,1,15,15,75,75110,BOULEVARD SAINT DENIS,48.8690588725,2.3554322912,Plein jour,En agglomération,Intersection en T,Normale,Autre collision,4,4,1,0,1,1,1,0,1,30,,2,1,0,0,1,70.0,,,,1,2,3,1,6
202100052918,2021-01-28 12:15:00,2021,1,28,12,15,94,94068,MAHIEU (AV),48.808696,2.479597,Plein jour,En agglomération,Intersection en T,Normale,Deux véhicules - côté,4,2,1,0,1,1,1,0,1,50,,2,1,0,0,1,24.0,34.0,,,1,2,3,1,3
202100052919,2021-01-31 17:10:00,2021,1,31,17,10,94,94041,SAINT JUST (R),48.8122,2.3917,Plein jour,En agglomération,Intersection en T,Pluie légère,Sans collision,4,-1,0,0,1,1,2,0,1,50,,2,1,0,0,1,37.0,44.0,,,1,2,3,2,7
202100052920,2021-01-30 19:15:00,2021,1,30,19,15,94,94019,L'HIPPODROME (AV DE),48.79382,2.55876,Nuit avec éclairage allumé,En agglomération,Giratoire,Pluie légère,Deux véhicules - côté,3,1,2,0,1,1,2,0,1,50,,2,1,0,0,1,61.0,24.0,,,5,2,6,2,3
202100052921,2021-02-01 21:15:00,2021,2,1,21,15,93,93062,CLEMENCET (ALLEE),48.88901,2.51502,Nuit avec éclairage allumé,En agglomération,Intersection en X,Normale,Deux véhicules - côté,4,1,1,0,1,1,1,0,1,50,,2,1,0,0,1,21.0,31.0,,,5,2,2,1,3
202100052922,2021-02-01 06:45:00,2021,2,1,6,45,93,93045,FLOREAL RUE,48.87817,2.42732,Nuit avec éclairage allumé,En agglomération,Hors intersection,Pluie légère,Autre collision,4,2,2,0,1,1,2,0,1,50,,2,1,0,0,1,52.0,,,,5,2,1,2,6
202100052923,2021-01-31 09:55:00,2021,1,31,9,55,93,93013,LINDBERGH (CARREFOUR),48.9407716691,2.4234849215,Plein jour,En agglomération,Hors intersection,Pluie légère,Deux véhicules - frontale,3,2,3,0,1,3,2,0,1,50,,3,1,0,2,0,59.0,55.0,,,1,2,1,2,1
202100052924,2021-02-01 10:15:00,2021,2,1,10,15,93,93007,DE LA REPUBLIQUE (AVENUE),48.936561268,2.4651352841,Plein jour,En agglomération,Intersection en T,Pluie légère,Autre collision,4,2,2,0,1,1,2,0,1,50,,2,1,0,0,1,47.0,,,,1,2,3,2,6
202100052925,2021-02-01 13:45:00,2021,2,1,13,45,92,92044,VIC. HUGO(RUE)001A067 ET002A078,48.8954986832,2.2968989611,Plein jour,En agglomération,Intersection en X,Temps couvert,Deux véhicules - côté,3,2,2,3,1,1,1,0,1,50,,2,1,0,0,1,59.0,45.0,,,1,2,2,8,3
202100052926,2021-02-01 19:30:00,2021,2,1,19,30,92,92012,GENERAL LECLERC (AVENUE DU) 35/FIN - 60/,48.82983,2.23156,Nuit avec éclairage allumé,En agglomération,Hors intersection,Normale,Deux véhicules - côté,3,1,4,0,1,1,1,0,1,50,,2,1,0,0,1,42.0,29.0,,,5,2,1,1,3
202100052927,2021-02-02 16:45:00,2021,2,2,16,45,50,50281,Village Breton,48.775406,-1.429542,Plein jour,Hors agglomération,Hors intersection,Normale,Deux véhicules - frontale,3,2,2,0,2,1,1,0,1,80,,3,0,0,3,0,45.0,19.0,,,1,1,1,1,1
202100052928,2021-02-02 14:35:00,2021,2,2,14,35,49,49063,40 Avenue de la Gare,47.349179,-0.747553,Plein jour,En agglomération,Hors intersection,Normale,Deux véhicules - frontale,4,2,2,2,1,1,1,0,1,50,,2,1,0,1,0,23.0,16.0,,,1,2,1,1,1
202100052929,2021-02-02 09:15:00,2021,2,2,9,15,12,12263,RD926,44.350457,1.97291,Plein jour,Hors agglomération,Hors intersection,Normale,Deux véhicules - frontale,3,2,2,0,2,1,2,0,1,80,,2,1,0,0,1,42.0,45.0,,,1,1,1,1,1
202100052930,2021-02-01 17:50:00,2021,2,1,17,50,01,01105,D4,45.934319,4.917326,Nuit sans éclairage public,Hors agglomération,Hors intersection,Pluie forte,Sans collision,3,2,2,0,1,1,2,0,8,80,,1,0,0,0,1,31.0,,,,3,1,1,3,7
202100052931,2021-02-01 07:30:00,2021,2,1,7,30,41,41045,Rue du Maréchal Leclerc,47.482989,1.195965,Nuit sans éclairage public,Hors agglomération,Hors intersection,Normale,Autre collision,3,2,2,0,1,1,2,0,3,80,,2,1,0,1,0,32.0,,,,3,1,1,1,6
202100052932,2021-02-01 19:50:00,2021,2,1,19,50,26,26169,Autoroute du Soleil,44.486464,4.767058,Nuit sans éclairage public,Hors agglomération,Hors intersection,Pluie légère,Deux véhicules - arrière,1,3,3,0,1,1,2,0,1,130,,2,1,0,1,0,73.0,40.0,,,3,1,1,2,2
202100052933,2021-02-02 18:07:00,2021,2,2,18,7,01,01354,Route Départementale 35,46.2446386768,6.0385542967,Nuit sans éclairage public,Hors agglomération,Hors intersection,Pluie légère,Trois véhicules et plus - en chaîne,3,2,2,0,1,1,2,0,1,80,,5,2,1,0,2,45.0,37.0,,,3,1,1,2,4
202100052934,2021-02-01 16:45:00,2021,2,1,16,45,74,74105,2 route de geneve,46.305646,6.301083,Plein jour,En agglomération,Intersection à plus de 4 branches,Pluie légère,Deux véhicules - frontale,3,2,2,0,1,1,2,5,1,50,,2,1,0,1,0,36.0,41.0,,,1,2,5,2,1
202100052935,2021-02-02 13:45:00,2021,2,2,13,45,31,31157,Avenue de Francazal,43.535634,1.349001,Plein jour,En agglomération,Giratoire,Normale,Deux véhicules - côté,4,-1,1,0,1,1,1,0,1,50,,2,1,0,0,1,35.0,47.0,,,1,2,6,1,3
202100052936,2021-02-01 02:30:00,2021,2,1,2,30,19,19171,lieu dit la grange,45.0286341,1.890212,Nuit sans éclairage public,Hors agglomération,Hors intersection,Pluie forte,Sans collision,4,2,2,0,1,1,2,0,3,90,,1,0,0,0,1,45.0,,,,3,1,1,3,7
202100052937,2021-02-02 08:35:00,2021,2,2,8,35,79,79202,Avenue Pierre Mendes-France,46.6446711,-0.249062,Plein jour,En agglomération,Hors intersection,Pluie légère,Sans collision,4,2,2,0,2,1,2,0,1,50,,2,0,0,0,1,,,,,1,2,1,2,7
202100052938,2021-02-02 12:00:00,2021,2,2,12,0,11,11431,Route de Durban,42.9597831348,2.7651100002,Plein jour,Hors agglomération,Hors intersection,Normale,Autre collision,3,2,2,0,1,2,1,0,1,80,,1,0,0,1,0,50.0,,,,1,1,1,1,6
202100052939,2021-02-02 04:35:00,2021,2,2,4,35,86,86293,N10,46.454848,0.266494,Nuit sans éclairage public,Hors agglomération,Hors intersection,Pluie forte,Autre collision,2,3,4,0,2,1,2,0,1,110,,2,1,1,0,0,56.0,,,,3,1,1,3,6
202100052940,2021-01-01 18:00:00,2021,1,1,18,0,44,44054,Rue du Rocher,47.686019,-1.290722,Crépuscule ou aube,Hors agglomération,Hors intersection,Normale,Trois véhicules et plus - en chaîne,3,2,2,0,1,3,1,0,1,80,,7,4,0,1,2,38.0,66.0,,,2,1,1,1,4
202100052941,2021-01-22 07:30:00,2021,1,22,7,30,60,60581,Rue de Beauvais,49.505931,2.431739,Crépuscule ou aube,En agglomération,Hors intersection,Normale,Deux véhicules - frontale,3,2,2,0,1,1,1,0,1,50,,2,1,0,0,1,23.0,,,,2,2,1,1,1
202100052942,2021-01-18 18:25:00,2021,1,18,18,25,16,16287,RN 10,45.566768,0.019741,Nuit sans éclairage public,Hors agglomération,Hors intersection,Normale,Autre collision,2,3,4,0,2,1,1,0,1,90,,1,0,0,1,0,47.0,,,,3,1,1,1,6
202100052943,2021-01-31 21:45:00,2021,1,31,21,45,988,98805,VE2 SENS NORD/SUD,-22.224138,166.468663,Nuit sans éclairage public,Hors agglomération,Hors intersection,Normale,Autre collision,1,3,4,0,1,1,1,0,3,90,,2,0,0,0,2,27.0,,,,3,1,1,1,6
202100052944,2021-02-02 11:11:00,2021,2,2,11,11,33,33284,,44.605398,-0.849119,Plein jour,Hors agglomération,Hors intersection,Normale,Deux véhicules - arrière,1,3,4,0,1,1,2,0,1,90,,2,0,0,1,1,45.0,39.0,,,1,1,1,1,2
202100052945,2021-02-01 17:30:00,2021,2,1,17,30,69,69263,D4,45.8043541003,4.4261369705,Plein jour,Hors agglomération,Intersection en T,Pluie légère,Deux véhicules - côté,3,2,2,0,1,1,2,0,1,80,,4,2,0,0,2,68.0,42.0,,,1,1,3,2,3
202100052946,2021-02-01 16:15:00,2021,2,1,16,15,22,22389,"RN 12, PR 50.400",48.480652,-2.677274,Plein jour,Hors agglomération,Hors intersection,Normale,Deux véhicules - côté,2,3,4,0,1,1,2,0,1,110,,2,1,0,0,1,57.0,51.0,,,1,1,1,1,3
202100052947,2021-02-01 08:03:00,2021,2,1,8,3,38,38377,A 43 pk 53.950,45.563576,5.495433,Crépuscule ou aube,Hors agglomération,Hors intersection,Pluie forte,Trois véhicules et plus - en chaîne,1,3,4,0,3,1,2,0,1,110,,4,3,0,0,1,27.0,31.0,,,2,1,1,3,4
202100052948,2021-02-01 19:08:00,2021,2,1,19,8,76,76484,Autoroute A13 PK 112+034 sens PARIS/Province,49.340123,1.068517,Nuit sans éclairage public,Hors agglomération,Hors intersection,Normale,Deux véhicules - arrière,1,1,4,0,2,1,1,0,1,110,,3,1,0,1,1,43.0,71.0,,,3,1,1,1,2
202100052949,2021-02-01 18:15:00,2021,2,1,18,15,987,98753,Mataura,-23.371731,-149.481316,Plein jour,En agglomération,Hors intersection,Normale,Deux véhicules - arrière,4,2,2,0,1,1,1,0,1,30,,2,1,0,0,1,44.0,29.0,,,1,2,1,1,2
202100052950,2021-02-02 15:30:00,2021,2,2,15,30,974,97403,rd26,-21.260401,55.465218,Plein jour,Hors agglomération,Hors intersection,Normale,Deux véhicules - frontale,3,2,2,0,2,2,1,0,1,50,,2,1,0,1,0,18.0,32.0,,,1,1,1,1,1
202100052951,2021-01-22 11:30:00,2021,1,22,11,30,91,91156,D449,48.538091,2.285972,Plein jour,Hors agglomération,Hors intersection,Pluie légère,Autre collision,3,2,2,0,1,2,2,0,3,80,,1,0,0,0,1,26.0,,,,1,1,1,2,6
202100052952,2021-01-31 11:00:00,2021,1,31,11,0,34,34027,D118,43.732577,4.008937,Plein jour,Hors agglomération,Hors intersection,Normale,Autre collision,7,2,2,0,1,1,1,0,3,80,,2,1,0,1,0,73.0,63.0,,,1,1,1,1,6
202100052953,2021-02-02 13:00:00,2021,2,2,13,0,04,04120,RD 900,44.465867,6.818433,Plein jour,Hors agglomération,Hors intersection,Normale,Sans collision,3,2,2,0,2,1,2,0,3,80,,1,0,0,0,1,61.0,,,,1,1,1,1,7
202100052954,2021-02-01 16:00:00,2021,2,1,16,0,68,68021,D201,47.623535,7.487419,Plein jour,Hors agglomération,Hors intersection,Pluie légère,Deux véhicules - frontale,3,2,2,0,1,2,2,0,1,80,,3,0,1,1,1,30.0,28.0,,,1,1,1,2,1
202100052955,2021-01-29 17:10:00,2021,1,29,17,10,38,38468,Route Nationale 7,45.336255,4.805054,Crépuscule ou aube,En agglomération,Hors intersection,Normale,Autre collision,2,2,2,0,1,1,1,0,3,50,,1,0,0,1,0,23.0,,,,2,2,1,1,6
202100052956,2021-02-02 07:00:00,2021,2,2,7,0,38,38247,Grande rue,45.80931,5.402505,Nuit avec éclairage allumé,En agglomération,Hors intersection,Pluie légère,Deux véhicules - côté,3,2,2,0,1,1,2,0,1,50,,2,1,0,0,1,28.0,,,,5,2,1,2,3
202100052957,2021-02-02 10:40:00,2021,2,2,10,40,38,38001,D73,45.530132,5.556529,Plein jour,Hors agglomération,Hors intersection,Pluie légère,Deux véhicules - frontale,3,2,2,0,4,1,2,2,1,80,,2,1,0,1,0,22.0,46.0,,,1,1,1,2,1
202100052958,2021-01-31 09:00:00,2021,1,31,9,0,26,26317,529 Route de la Guinguette,44.287179,4.989123,Plein jour,Hors agglomération,Hors intersection,Normale,Autre collision,3,2,2,0,1,1,1,0,3,80,,1,0,0,1,0,49.0,,,,1,1,1,1,6
202100052959,2021-01-18 17:00:00,2021,1,18,17,0,33,33366,Route de Salignac,45.000674,-0.429189,Plein jour,Hors agglomération,Hors intersection,Normale,Deux véhicules - côté,4,2,2,0,1,1,1,0,1,50,,2,1,0,0,1,24.0,83.0,,,1,1,1,1,3
202100052960,2021-02-01 04:00:00,2021,2,1,4,0,69,69290,A46S,45.6926798037,4.9683762789,Nuit sans éclairage public,Hors agglomération,Hors intersection,Pluie légère,Deux véhicules - arrière,1,3,4,0,2,1,2,0,1,90,,2,1,0,1,0,40.0,26.0,,,3,1,1,2,2
202100052961,2021-01-31 17:50:00,2021,1,31,17,50,69,69199,RD383,45.7003379997,4.8456289773,Nuit avec éclairage allumé,Hors agglomération,Hors intersection,Temps couvert,Deux véhicules - côté,7,3,6,0,1,1,2,0,1,70,,3,1,0,0,2,,33.0,,,5,1,1,8,3
202100052962,2021-01-31 15:44:00,2021,1,31,15,44,59,59501,AUTOROUTE A 21,50.374148,3.245434,Plein jour,Hors agglomération,Hors intersection,Pluie légère,Deux véhicules - arrière,1,3,4,0,1,2,2,0,1,110,,2,1,0,0,1,20.0,34.0,,,1,1,1,2,2
202100052963,2021-02-01 11:50:00,2021,2,1,11,50,78,78498,A13,48.916101,2.005632,Plein jour,Hors agglomération,Hors intersection,Normale,Deux véhicules - côté,1,3,5,0,1,1,1,0,1,110,,3,2,0,0,1,50.0,26.0,,,1,1,1,1,3
202100052964,2021-01-30 13:00:00,2021,1,30,13,0,95,95582,RD 170,48.96416,2.26855,Plein jour,Hors agglomération,Hors intersection,Normale,Sans collision,3,3,7,0,2,3,1,0,1,70,,1,0,0,0,1,36.0,,,,1,1,1,1,7
202100052965,2021-01-30 16:20:00,2021,1,30,16,20,988,98818,RUE HENRI BOISSERY/RUE SOEUR THEODONIE,-22.25116,166.46871,Plein jour,En agglomération,Intersection en T,Normale,Deux véhicules - frontale,4,2,2,0,2,2,1,0,1,50,,3,2,0,1,0,17.0,31.0,,,1,2,3,1,1
202100052966,2021-01-31 17:15:00,2021,1,31,17,15,973,97302,EBOUE (ROCADE FELIX),4.9243272354,-52.3240613937,Plein jour,En agglomération,Intersection en X,Normale,Trois véhicules et plus - collisions multiples,3,2,2,0,1,1,1,0,1,50,,3,2,0,0,1,52.0,50.0,,,1,2,2,1,5
202100052967,2021-01-30 03:20:00,2021,1,30,3,20,69,69388,PIERRE DELORE (R),45.73691,4.85473,Nuit avec éclairage allumé,En agglomération,Intersection en T,Normale,Sans collision,4,2,2,0,1,1,1,0,1,50,,1,0,0,0,1,36.0,,,,5,2,3,1,7
202100052968,2021-01-30 09:45:00,2021,1,30,9,45,69,69387,TONY GARNIER (AV),45.7300447432,4.8238770318,Plein jour,En agglomération,Intersection en T,Pluie légère,Deux véhicules - arrière,4,3,5,0,1,1,2,0,1,50,,2,1,0,0,1,41.0,28.0,,,1,2,3,2,2
202100052969,2021-01-29 16:50:00,2021,1,29,16,50,69,69029,GENAS (DE) (RTE),45.7505605458,4.9099726557,Plein jour,En agglomération,Hors intersection,Normale,Deux véhicules - côté,7,2,4,0,1,1,1,0,1,50,,2,1,0,1,0,58.0,27.0,,,1,2,1,1,3
202100052970,2021-01-30 16:25:00,2021,1,30,16,25,62,62178,PYRENEES ( DES ),50.47513491,2.53840126,Plein jour,En agglomération,Autre intersection,Pluie légère,Deux véhicules - côté,4,2,1,0,2,1,2,0,1,50,,3,2,0,0,1,42.0,33.0,,,1,2,9,2,3
202100052971,2021-01-30 17:05:00,2021,1,30,17,5,62,62160,AIGLON (Rue de l'),50.739689,1.615845,Crépuscule ou aube,En agglomération,Intersection en Y,Normale,Autre collision,3,2,2,0,1,1,2,0,1,50,,3,2,0,1,0,26.0,31.0,,,2,2,4,1,6
202100052972,2021-01-31 12:50:00,2021,1,31,12,50,45,45004,Avenue du Docteur Schweitzer,48.001898,2.775759,Plein jour,En agglomération,Hors intersection,Pluie légère,Deux véhicules - arrière,3,2,2,0,1,1,2,0,1,50,,4,0,0,0,4,48.0,21.0,,,1,2,1,2,2
202100052973,2021-01-31 09:56:00,2021,1,31,9,56,44,44109,PLACE PIERRE MENDES FRANCE,47.20852,-1.6112,Plein jour,En agglomération,Hors intersection,Temps couvert,Autre collision,4,1,1,0,1,1,1,0,1,30,,2,1,0,1,0,31.0,,,,1,2,1,8,6
202100052974,2021-01-29 10:05:00,2021,1,29,10,5,34,34032,ROUTE DE BEDARIEUX (RD.909),43.38321,3.22687,Plein jour,Hors agglomération,Hors intersection,Normale,Deux véhicules - frontale,3,2,2,0,1,3,2,0,1,90,,2,0,1,0,1,63.0,75.0,,,1,1,1,1,1
202100052975,2021-01-31 18:45:00,2021,1,31,18,45,33,33039,Avenue Lénine,44.79694,-0.55592,Nuit avec éclairage allumé,En agglomération,Intersection en X,Normale,Deux véhicules - frontale,4,2,2,3,4,1,2,0,1,50,,2,0,0,2,0,18.0,49.0,,,5,2,2,1,1
202100052976,2021-01-31 12:05:00,2021,1,31,12,5,33,33063,Rue Stehelin,44.857215,-0.63575,Plein jour,En agglomération,Autre intersection,Pluie légère,Autre collision,6,-1,-1,0,1,1,2,9,6,30,,2,1,0,0,1,72.0,,,,1,2,9,2,6
202100052977,2021-01-31 19:45:00,2021,1,31,19,45,33,33529,DE GAULLE (AVE CHARLES) 02 ET +,44.63306,-1.14488,Nuit avec éclairage allumé,En agglomération,Giratoire,Pluie légère,Autre collision,3,2,2,0,1,2,2,5,1,50,,2,1,0,0,1,31.0,,,,5,2,6,2,6
202100052978,2021-01-31 16:30:00,2021,1,31,16,30,29,29019,Rue de la Résistance,48.3791759299,-4.5305454371,Plein jour,En agglomération,Intersection en T,Normale,Deux véhicules - côté,4,2,2,0,1,1,1,5,1,50,,3,1,0,0,2,22.0,36.0,,,1,2,3,1,3
202100052979,2021-01-31 16:43:00,2021,1,31,16,43,13,13207,CORSE (AVENUE DE LA),43.28928,5.3631,Crépuscule ou aube,En agglomération,Intersection en X,Normale,Autre collision,4,2,4,0,2,1,1,0,1,60,,3,1,0,1,1,19.0,,,,2,2,2,1,6
202100052980,2021-01-31 10:15:00,2021,1,31,10,15,13,13211,CARTONNERIE (BOULEVARD DE LA ),43.2916327761,5.4606252689,Plein jour,En agglomération,Hors intersection,Normale,Deux véhicules - frontale,4,2,3,0,1,1,1,0,1,50,,2,1,0,0,1,77.0,,,,1,2,1,1,1
202100052981,2021-01-31 14:35:00,2021,1,31,14,35,11,11262,NORE (RUE DU PIC DE),43.18536,2.97419,Plein jour,En agglomération,Intersection en T,Pluie légère,Deux véhicules - côté,4,2,2,0,1,1,2,0,1,50,,3,2,0,0,1,54.0,26.0,,,1,2,3,2,3
202100052982,2021-01-31 17:45:00,2021,1,31,17,45,09,09122,20 (R.N.) COTE SUD DU TUNNEL,42.95612,1.623922,Plein jour,Hors agglomération,Hors intersection,Temps couvert,Trois véhicules et plus - collisions multiples,2,3,4,0,1,1,1,0,1,110,,8,2,0,0,6,48.0,22.0,,,1,1,1,8,5
202100052983,2021-01-31 13:50:00,2021,1,31,13,50,06,06069,SAINT HILAIRE (TRAVERSE),43.65269,6.91473,Plein jour,En agglomération,Hors intersection,Normale,Deux véhicules - arrière,4,2,1,0,2,1,1,0,1,50,,3,2,0,0,1,57.0,44.0,,,1,2,1,1,2
202100052984,2021-01-31 01:54:00,2021,1,31,1,54,75,75119,BOULEVARD SERURIER,48.895346,2.394118,Nuit avec éclairage allumé,En agglomération,Hors intersection,Pluie légère,Autre collision,4,2,4,0,1,1,2,0,1,50,,2,1,0,1,0,,,,,5,2,1,2,6
202100052985,2021-01-31 10:36:00,2021,1,31,10,36,75,75117,RUE DE ROME,48.882713,2.319848,Plein jour,En agglomération,Hors intersection,Temps couvert,Autre collision,4,2,2,0,1,1,1,0,1,50,,2,1,0,0,1,48.0,,,,1,2,1,8,6
202100052986,2021-01-30 20:50:00,2021,1,30,20,50,75,75116,AVENUE VICTOR HUGO,48.872965,2.293141,Nuit avec éclairage allumé,En agglomération,Intersection en X,Pluie forte,Deux véhicules - arrière,4,-1,4,0,1,1,2,0,1,50,,2,1,0,0,1,32.0,25.0,,,5,2,2,3,2
202100052987,2021-01-31 11:30:00,2021,1,31,11,30,75,75114,PLACE DU VINGT CINQ AOUT 1944,48.822124,2.325125,Plein jour,En agglomération,Place,Pluie légère,Deux véhicules - arrière,4,2,10,0,1,1,2,0,1,50,,3,2,0,0,1,22.0,63.0,,,1,2,7,2,2
202100052988,2021-01-31 20:45:00,2021,1,31,20,45,75,75111,BOULEVARD RICHARD LENOIR,48.858019,2.371628,Nuit avec éclairage allumé,En agglomération,Intersection en X,Pluie légère,Deux véhicules - côté,4,1,2,0,1,1,2,0,1,50,,2,0,0,0,2,48.0,25.0,,,5,2,2,2,3
202100052989,2021-01-31 11:10:00,2021,1,31,11,10,75,75108,RUE DE TURIN,48.881978,2.324478,Plein jour,En agglomération,Intersection en T,Pluie légère,Autre collision,4,1,1,0,1,1,2,0,1,50,,2,1,0,0,1,,,,,1,2,3,2,6
202100052990,2021-01-31 17:30:00,2021,1,31,17,30,75,75107,RUE DE SEVRES,48.846944,2.316871,Crépuscule ou aube,En agglomération,Intersection en X,Pluie légère,Sans collision,4,2,2,0,1,1,2,0,1,50,,1,0,0,0,1,48.0,,,,2,2,2,2,7
202100052991,2021-01-30 13:00:00,2021,1,30,13,0,75,75103,RUE REAUMUR,48.864984,2.358262,Plein jour,En agglomération,Intersection en T,Pluie légère,Autre collision,4,1,3,0,1,1,2,0,1,50,,2,1,0,0,1,22.0,,,,1,2,3,2,6
202100052992,2021-01-31 15:40:00,2021,1,31,15,40,94,94022,VICTOR HUGO (AV),48.7673,2.4162,Plein jour,En agglomération,Intersection en T,Pluie légère,Autre collision,3,1,2,0,1,1,2,0,1,50,,2,1,0,0,1,25.0,,,,1,2,3,2,6
202100052993,2021-01-31 20:15:00,2021,1,31,20,15,93,93066,CALON,48.92581,2.34203,Nuit avec éclairage allumé,En agglomération,Intersection en T,Pluie forte,Deux véhicules - côté,3,-1,1,0,1,1,2,0,1,50,,2,1,0,0,1,,39.0,,,5,2,3,3,3
202100052994,2021-01-30 23:30:00,2021,1,30,23,30,93,93066,SEMAT ROGER,48.9478439097,2.3572523053,Nuit avec éclairage allumé,En agglomération,Intersection en X,Pluie forte,Autre collision,3,2,4,0,1,1,2,0,1,50,,2,1,0,0,1,32.0,59.0,,,5,2,2,3,6
202100052995,2021-01-31 10:55:00,2021,1,31,10,55,93,93064,ALSACE-LORRAINE (BOULEVARD),48.8851180754,2.4808707518,Plein jour,En agglomération,Hors intersection,Pluie légère,Deux véhicules - côté,3,2,3,0,1,1,2,0,1,50,,3,2,0,0,1,44.0,69.0,,,1,2,1,2,3
202100052996,2021-01-31 20:40:00,2021,1,31,20,40,93,93001,DANIELLE CASANOVA (RUE)  => 54/57,48.9183942292,2.3932811396,Nuit sans éclairage public,En agglomération,Giratoire,Pluie légère,Deux véhicules - frontale,3,2,2,0,1,1,2,0,1,50,,3,0,0,0,3,39.0,22.0,,,3,2,6,2,1
202100052997,2021-01-31 12:55:00,2021,1,31,12,55,92,92048,GENERAL GALLIENI (AVENUE DU) N° 12 A 42,48.8197307183,2.2292542972,Plein jour,En agglomération,Hors intersection,Pluie légère,Deux véhicules - côté,3,2,2,0,2,1,2,0,1,30,,3,2,0,0,1,20.0,45.0,,,1,2,1,2,3
202100052998,2021-01-31 17:00:00,2021,1,31,17,0,47,47152,"Lieu dit ""Naules""",44.595578,0.614848,Plein jour,Hors agglomération,Hors intersection,Pluie légère,Deux véhicules - frontale,2,2,2,0,1,1,2,0,1,80,,3,1,0,1,1,27.0,19.0,,,1,1,1,2,1
202100052999,2021-01-30 11:25:00,2021,1,30,11,25,69,69277,FRERES MONTGOLFIER (DES) (AV),45.721758,4.982438,Plein jour,En agglomération,Giratoire,Pluie légère,Autre collision,4,2,2,0,1,1,2,0,1,-1,,3,1,0,2,0,56.0,,,,1,2,6,2,6
202100053000,2021-01-31 01:30:00,2021,1,31,1,30,63,63143,D984,46.060628,3.288893,Nuit sans éclairage public,Hors agglomération,Hors intersection,Normale,Autre collision,3,2,2,0,2,2,2,0,1,80,,1,0,0,0,1,22.0,,,,3,1,1,1,6
202100053001,2021-01-29 15:20:00,2021,1,29,15,20,74,74179,Rte des Balmettes,45.992819,6.013389,Plein jour,Hors agglomération,Intersection en T,Normale,Deux véhicules - côté,3,2,2,0,1,1,1,9,1,80,,2,0,0,1,1,20.0,41.0,,,1,1,3,1,3
202100053002,2021-02-01 07:20:00,2021,2,1,7,20,974,97410,Route Nationale 2,-21.120293,55.747032,Plein jour,Hors agglomération,Hors intersection,Normale,Trois véhicules et plus - collisions multiples,2,2,2,0,2,1,1,0,1,80,,5,3,0,1,1,37.0,37.0,,,1,1,1,1,5
202100053003,2021-01-29 18:20:00,2021,1,29,18,20,56,56254,Le Grand Villeneuve,47.801813,-2.595187,Crépuscule ou aube,Hors agglomération,Hors intersection,Pluie légère,Autre collision,4,2,2,0,1,1,2,0,1,50,,2,1,0,0,1,67.0,,,,2,1,1,2,6
202100053004,2021-01-31 16:05:00,2021,1,31,16,5,56,56206,Le Poteau D767,47.697718,-2.766538,Plein jour,Hors agglomération,Hors intersection,Pluie légère,Autre collision,3,1,1,0,4,2,2,3,3,90,,1,0,0,1,0,19.0,,,,1,1,1,2,6
202100053005,2021-02-01 15:30:00,2021,2,1,15,30,32,32047,D41,44.013937,0.532,Plein jour,Hors agglomération,Hors intersection,Pluie légère,Deux véhicules - côté,3,2,2,0,2,2,2,0,1,80,,2,0,0,1,1,67.0,23.0,,,1,1,1,2,3
202100053006,2021-01-31 11:30:00,2021,1,31,11,30,61,61181,18 Rue des Lilas,48.785131,0.302075,Plein jour,En agglomération,Hors intersection,Normale,Autre collision,4,2,2,0,2,3,2,0,4,50,,1,0,0,0,1,33.0,,,,1,2,1,1,6
202100053007,2021-01-31 17:45:00,2021,1,31,17,45,61,61294,Lieu Dit Guichaumont,48.633397,0.104155,Crépuscule ou aube,Hors agglomération,Hors intersection,Pluie légère,Deux véhicules - arrière,3,2,2,0,4,1,2,0,1,90,,3,1,0,2,0,36.0,68.0,,,2,1,1,2,2
202100053008,2021-02-01 08:15:00,2021,2,1,8,15,25,25320,D9,46.801822,6.266005,Plein jour,Hors agglomération,Hors intersection,Pluie forte,Deux véhicules - frontale,3,2,2,0,1,3,2,0,1,80,,2,1,0,1,0,35.0,55.0,,,1,1,1,3,1
202100053009,2021-01-31 22:15:00,2021,1,31,22,15,84,84020,d900,43.864307,5.300678,Nuit sans éclairage public,Hors agglomération,Hors intersection,Normale,Sans collision,3,2,2,0,1,1,1,0,1,80,,1,0,0,1,0,36.0,,,,3,1,1,1,7
202100053010,2021-01-26 08:40:00,2021,1,26,8,40,17,17357,D142e2,45.394804,-0.293498,Crépuscule ou aube,Hors agglomération,Intersection en X,Normale,Deux véhicules - côté,3,2,2,0,1,1,1,0,1,80,,2,0,0,1,1,25.0,27.0,,,2,1,2,1,3
202100053011,2021-01-31 11:00:00,2021,1,31,11,0,87,87092,Larmat,45.673863,0.809684,Plein jour,Hors agglomération,Hors intersection,Pluie forte,Sans collision,3,2,2,0,1,1,2,0,1,80,,1,0,0,1,0,34.0,,,,1,1,1,3,7