accident_id,datetime,annee,mois,jour,heure,minute,departement,commune_insee,adresse,latitude,longitude,luminosite,agglomeration,intersection,meteo,collision,catr,circ,nbv,vosp,prof,plan,surf,infra,situ,vma,nb_vehicules,nb_usagers,nb_indemnes,nb_tues,nb_blesses_hosp,nb_blesses_legers,age_cond_1,age_cond_2,veh_type_cond_1,veh_type_cond_2,lum_code,agg_code,int_code,atm_code,col_code
202100053012,2021-01-31 14:14:00,2021,1,31,14,14,18,18279,A71 PK177+800 sens 2,47.245565,2.067066,Plein jour,Hors agglomération,Hors intersection,Pluie légère,Autre collision,1,3,5,0,1,3,2,3,1,130,,2,1,0,0,1,42.0,,,,1,1,1,2,6
202100053013,2021-01-26 06:30:00,2021,1,26,6,30,06,06152,Route d'Antibes,43.622928,7.016872,Nuit avec éclairage allumé,Hors agglomération,Hors intersection,Autre,Deux véhicules - frontale,3,2,2,0,1,1,1,0,1,70,,2,1,0,0,1,41.0,49.0,,,5,1,1,9,1
202100053014,2021-02-01 14:10:00,2021,2,1,14,10,78,78522,D988,48.577615,1.965635,Plein jour,Hors agglomération,Intersection en T,Temps couvert,Sans collision,3,2,2,0,1,1,2,5,3,80,,2,0,0,0,2,29.0,,,,1,1,3,8,7
202100053015,2021-01-30 16:35:00,2021,1,30,16,35,66,66115,Avenue Lucien Galy,42.521194,2.878756,Plein jour,En agglomération,Intersection en T,Normale,Autre collision,3,2,2,0,2,1,1,0,3,30,,1,0,0,1,0,22.0,,,,1,2,3,1,6
202100053016,2021-01-31 09:55:00,2021,1,31,9,55,38,38341,2 Route de Montcarra,45.5920717709,5.4096174653,Plein jour,Hors agglomération,Hors intersection,Normale,Deux véhicules - frontale,3,2,2,0,2,3,2,0,1,80,,3,1,0,1,1,61.0,29.0,,,1,1,1,1,1
202100053017,2021-01-20 07:40:00,2021,1,20,7,40,01,01027,RD 84,45.833045,5.115273,Plein jour,Hors agglomération,Intersection en T,Normale,Trois véhicules et plus - en chaîne,3,2,2,0,1,1,1,0,1,80,,3,1,0,0,2,27.0,37.0,,,1,1,3,1,4
202100053018,2021-01-31 15:45:00,2021,1,31,15,45,69,69243,ETIENNE DOLET (R) (20),45.894907,4.437726,Plein jour,En agglomération,Intersection en T,Normale,Deux véhicules - côté,2,1,1,0,1,1,1,5,1,30,,2,1,0,0,1,69.0,18.0,,,1,2,3,1,3
202100053019,2021-01-31 09:50:00,2021,1,31,9,50,69,69050,PONT DE DORIEUX (DU) (RTE),45.858146,4.655789,Plein jour,Hors agglomération,Hors intersection,Normale,Autre collision,3,2,2,0,1,2,2,0,3,80,,1,0,0,1,0,48.0,,,,1,1,1,1,6
202100053020,2021-02-01 09:25:00,2021,2,1,9,25,31,31395,13 Avenue Pierre 2 d'Aragon,43.463339,1.325215,Plein jour,En agglomération,Giratoire,Pluie légère,Autre collision,3,1,1,0,1,3,2,5,3,50,,1,0,0,1,0,17.0,,,,1,2,6,2,6
202100053021,2021-01-31 18:10:00,2021,1,31,18,10,87,87062,D979 - Lieu dit Abeauzit,45.783564,1.478388,Crépuscule ou aube,Hors agglomération,Hors intersection,Pluie forte,Autre collision,3,2,2,0,3,3,2,0,1,80,,1,0,0,1,0,60.0,,,,2,1,1,3,6
202100053022,2021-01-29 16:10:00,2021,1,29,16,10,33,33256,45 rue du 11 novembre,44.974165,-0.608068,Plein jour,En agglomération,Hors intersection,Normale,Autre collision,3,2,2,0,1,1,1,0,4,50,,1,0,0,1,0,24.0,,,,1,2,1,1,6
202100053023,2021-02-01 03:15:00,2021,2,1,3,15,29,29280,C25 - Kervanquen,48.250998,-4.365435,Nuit sans éclairage public,Hors agglomération,Intersection en T,Pluie forte,Autre collision,4,2,2,0,1,3,2,5,3,80,,1,0,0,1,0,52.0,,,,3,1,3,3,6
202100053024,2021-01-26 08:19:00,2021,1,26,8,19,22,22176,Rue de Bel Air,48.449995,-2.700083,Plein jour,Hors agglomération,Intersection en X,Normale,Deux véhicules - côté,3,2,2,0,3,1,1,0,1,80,,2,1,0,1,0,16.0,61.0,,,1,1,2,1,3
202100053025,2021-01-29 22:00:00,2021,1,29,22,0,60,60409,D200,49.286815,2.469006,Nuit sans éclairage public,Hors agglomération,Hors intersection,Pluie légère,Deux véhicules - frontale,3,2,2,0,3,2,2,2,1,90,,3,1,0,0,2,33.0,20.0,,,3,1,1,2,1
202100053026,2021-01-30 16:15:00,2021,1,30,16,15,13,13071,A51-Sens Marseille vers Aix en Provence,43.4148309335,5.364856571,Plein jour,Hors agglomération,Hors intersection,Pluie légère,Deux véhicules - arrière,1,1,3,0,1,1,2,0,1,90,,4,1,0,0,3,40.0,37.0,,,1,1,1,2,2
202100053027,2021-01-31 18:15:00,2021,1,31,18,15,13,13071,A7-Sens Lyon vers Marseille,43.4056,5.32098,Nuit sans éclairage public,Hors agglomération,Hors intersection,Normale,Deux véhicules - arrière,1,1,3,0,1,1,1,0,1,110,,2,1,0,0,1,22.0,51.0,,,3,1,1,1,2
202100053028,2021-01-31 17:50:00,2021,1,31,17,50,13,13211,Sens Aubagne vers Marseille,43.29244,5.47853,Crépuscule ou aube,Hors agglomération,Hors intersection,Normale,Deux véhicules - arrière,1,1,3,0,1,1,1,0,1,90,,3,2,0,0,1,29.0,74.0,,,2,1,1,1,2
202100053029,2021-01-31 09:18:00,2021,1,31,9,18,13,13215,A7-Sens Marseille vers Lyon,43.37574,5.36018,Plein jour,Hors agglomération,Hors intersection,Normale,Sans collision,1,1,2,0,1,1,1,0,1,70,,3,0,1,0,2,36.0,,,,1,1,1,1,7
202100053030,2021-01-31 18:22:00,2021,1,31,18,22,69,69256,RD383,45.7894452278,4.8854945036,Nuit avec éclairage allumé,Hors agglomération,Hors intersection,Normale,Deux véhicules - arrière,7,3,7,0,1,1,2,0,1,70,,2,1,0,0,1,,36.0,,,5,1,1,1,2
202100053031,2021-01-15 18:25:00,2021,1,15,18,25,69,69277,RN346,45.7391034788,4.9850356579,Nuit sans éclairage public,Hors agglomération,Hors intersection,Normale,Autre collision,2,3,4,0,2,1,1,0,2,90,,2,0,0,0,2,22.0,,,,3,1,1,1,6
202100053032,2021-01-30 08:05:00,2021,1,30,8,5,69,69199,D383,45.70651,4.84394,Crépuscule ou aube,En agglomération,Hors intersection,Temps couvert,Trois véhicules et plus - collisions multiples,7,3,6,0,1,1,2,0,1,70,,9,3,2,0,4,34.0,34.0,,,2,2,1,8,5
202100053033,2021-01-30 19:00:00,2021,1,30,19,0,91,91549,RN 104,48.62581,2.33843,Nuit sans éclairage public,Hors agglomération,Hors intersection,Pluie légère,Deux véhicules - arrière,2,1,2,0,1,1,2,0,1,90,,4,2,0,0,2,21.0,47.0,,,3,1,1,2,2
202100053034,2021-01-31 07:00:00,2021,1,31,7,0,91,91136,A10 PARIS / RD188 PARIS,48.7108,2.2886,Nuit sans éclairage public,Hors agglomération,Autre intersection,Normale,Autre collision,1,1,2,0,2,2,2,2,1,50,,1,0,0,0,1,42.0,,,,3,1,9,1,6
202100053035,2021-01-31 20:45:00,2021,1,31,20,45,95,95582, A15,48.966493,2.256259,Nuit sans éclairage public,Hors agglomération,Hors intersection,Pluie légère,Deux véhicules - arrière,1,1,5,0,2,1,2,0,1,90,,2,1,0,0,1,25.0,46.0,,,3,1,1,2,2
202100053036,2021-01-30 21:20:00,2021,1,30,21,20,93,93027,BDL,48.93698,2.41035,Crépuscule ou aube,Hors agglomération,Hors intersection,Pluie légère,Autre collision,1,3,10,0,2,3,2,0,1,50,,1,0,0,0,1,30.0,,,,2,1,1,2,6
202100053037,2021-01-31 16:20:00,2021,1,31,16,20,77,77373,RN104,48.7719082684,2.6117344336,Plein jour,Hors agglomération,Hors intersection,Pluie légère,Deux véhicules - arrière,2,3,2,0,1,1,2,0,1,90,,2,1,0,1,0,28.0,24.0,,,1,1,1,2,2
202100053038,2021-01-31 14:20:00,2021,1,31,14,20,77,77058,A4,48.8288028375,2.7341561827,Plein jour,Hors agglomération,Hors intersection,Normale,Deux véhicules - arrière,1,1,3,0,1,1,1,0,1,130,,2,1,0,0,1,51.0,33.0,,,1,1,1,1,2
202100053039,2021-01-31 14:20:00,2021,1,31,14,20,77,77169,RN104,48.8246280256,2.6155684865,Plein jour,Hors agglomération,Hors intersection,Normale,Sans collision,2,3,2,0,1,2,2,0,1,90,,1,0,0,0,1,26.0,,,,1,1,1,1,7
202100053040,2021-01-30 07:10:00,2021,1,30,7,10,94,94046,A86 INT,48.81045,2.44891,Nuit sans éclairage public,Hors agglomération,Hors intersection,Pluie forte,Autre collision,1,-1,10,0,1,1,4,0,1,90,,2,1,0,0,1,45.0,32.0,,,3,1,1,3,6
202100053041,2021-01-29 21:30:00,2021,1,29,21,30,988,98818,RUE DU 18 JUIN/RUE DES TOURS,-22.27044,166.46392,Nuit avec éclairage allumé,En agglomération,Intersection en T,Normale,Deux véhicules - arrière,4,2,2,0,2,1,1,5,1,50,,3,2,0,1,0,54.0,84.0,,,5,2,3,1,2
202100053042,2021-01-30 10:45:00,2021,1,30,10,45,974,97411,Boulevard Gabriel Macé,-20.872704,55.448636,Plein jour,En agglomération,Intersection en T,Normale,Deux véhicules - côté,2,2,1,0,1,1,1,0,1,30,,2,1,0,0,1,67.0,50.0,,,1,2,3,1,3
202100053043,2021-01-30 14:00:00,2021,1,30,14,0,69,69383,PAUL BERT (R),45.7568451207,4.8500080576,Plein jour,En agglomération,Hors intersection,Pluie légère,Deux véhicules - arrière,4,1,1,0,1,1,2,0,1,50,,3,2,0,0,1,31.0,31.0,,,1,2,1,2,2
202100053044,2021-01-30 06:15:00,2021,1,30,6,15,972,97213,AUTOROUTE A1,14.61809,-61.02804,Crépuscule ou aube,Hors agglomération,Hors intersection,Normale,Deux véhicules - arrière,1,-1,3,0,1,1,1,0,1,90,,2,1,0,0,1,25.0,23.0,,,2,1,1,1,2
202100053045,2021-01-30 15:03:00,2021,1,30,15,3,972,97209,EDOUARD JEANNE (RUE),14.62053,-61.05609,Plein jour,En agglomération,Hors intersection,Normale,Deux véhicules - frontale,4,2,2,0,1,3,1,0,1,30,,2,1,0,0,1,56.0,27.0,,,1,2,1,1,1
202100053046,2021-01-27 20:30:00,2021,1,27,20,30,971,97107,GERMAIN ST RUF (AVENUE ),16.05181,-61.56279,Nuit avec éclairage allumé,En agglomération,Intersection en Y,Normale,Deux véhicules - côté,2,2,2,0,2,2,1,5,1,50,,2,1,0,1,0,49.0,34.0,,,5,2,4,1,3
202100053047,2021-01-30 12:40:00,2021,1,30,12,40,83,83069,ONZE NOVEMBRE ( CARREFOUR DU),43.11359,6.12855,Plein jour,En agglomération,Intersection en X,Temps couvert,Deux véhicules - arrière,7,1,4,0,1,1,1,0,1,50,,2,1,0,0,1,41.0,53.0,,,1,2,2,8,2
202100053048,2021-01-30 22:45:00,2021,1,30,22,45,76,76540,Avenue du Mont Riboudet,49.4453,1.07317,Nuit avec éclairage allumé,En agglomération,Hors intersection,Pluie forte,Autre collision,7,1,8,3,1,1,2,-1,1,50,,1,0,1,0,0,24.0,,,,5,2,1,3,6
202100053049,2021-01-30 00:10:00,2021,1,30,0,10,71,71499,JEAN JAURES (RUE),46.6647825548,4.304753455,Nuit sans éclairage public,En agglomération,Hors intersection,Pluie forte,Sans collision,3,2,2,0,1,1,2,0,4,50,,1,0,0,0,1,23.0,,,,3,2,1,3,7
202100053050,2021-01-30 03:05:00,2021,1,30,3,5,59,59512,DE GAULLE  (BOULEVARD DU GENERAL),50.68146,3.16791,Nuit avec éclairage allumé,En agglomération,Intersection en X,Pluie légère,Autre collision,7,2,2,0,1,1,2,9,1,50,,2,0,0,2,0,22.0,,,,5,2,2,2,6
202100053051,2021-01-29 15:00:00,2021,1,29,15,0,59,59350,MASUREL RUE,50.63894,3.06212,Plein jour,En agglomération,Intersection en X,Pluie forte,Autre collision,4,1,1,0,1,1,2,0,1,30,,2,1,0,1,0,,,,,1,2,2,3,6
202100053052,2021-01-30 17:32:00,2021,1,30,17,32,54,54395,HENNER (RUE),48.67932,6.17426,Nuit avec éclairage allumé,En agglomération,Intersection en X,Pluie légère,Deux véhicules - frontale,4,1,-1,2,1,1,2,-1,1,30,,2,1,0,0,1,38.0,59.0,,,5,2,2,2,1
202100053053,2021-01-30 16:35:00,2021,1,30,16,35,50,50218,MARECHAL LECLERC (AV DU),48.837995,-1.58635,Plein jour,En agglomération,Hors intersection,Normale,Deux véhicules - arrière,3,2,2,0,2,1,1,0,1,50,,2,1,0,0,1,16.0,52.0,,,1,2,1,1,2
202100053054,2021-01-30 20:50:00,2021,1,30,20,50,35,35238,SAINT-HELIER,48.10562,-1.66596,Nuit avec éclairage allumé,En agglomération,Intersection à plus de 4 branches,Pluie forte,Deux véhicules - frontale,4,2,4,2,1,1,2,5,1,50,,2,1,0,0,1,29.0,45.0,,,5,2,5,3,1
202100053055,2021-01-30 11:20:00,2021,1,30,11,20,34,34172,FAJON (ROND-POINT PAUL),43.59614,3.83658,Plein jour,En agglomération,Giratoire,Temps couvert,Deux véhicules - côté,4,2,2,0,1,2,1,5,1,50,,2,1,0,0,1,65.0,32.0,,,1,2,6,8,3
202100053056,2021-01-30 12:20:00,2021,1,30,12,20,33,33063,Rue de Bethmann,44.82185,-0.60695,Plein jour,En agglomération,Intersection en T,Normale,Deux véhicules - côté,4,3,3,2,1,1,1,5,1,50,,2,1,0,0,1,29.0,23.0,,,1,2,3,1,3
202100053057,2021-01-30 08:10:00,2021,1,30,8,10,33,33162,Avenue du Médoc,44.880266,-0.62792,Plein jour,En agglomération,Intersection en X,Pluie légère,Deux véhicules - arrière,1,1,-1,-1,2,1,2,3,1,50,,2,1,0,0,1,41.0,81.0,,,1,2,2,2,2
202100053058,2021-01-25 10:00:00,2021,1,25,10,0,29,29232,D63 - Route de Locronan,48.01317,-4.1286,Plein jour,Hors agglomération,Hors intersection,Pluie légère,Autre collision,3,2,1,0,1,2,7,0,3,80,,1,0,0,0,1,71.0,,,,1,1,1,2,6
202100053059,2021-01-25 08:30:00,2021,1,25,8,30,29,29232,N165 - Keraudren,47.9888,-4.02871,Plein jour,Hors agglomération,Hors intersection,Temps couvert,Autre collision,2,3,4,0,2,1,1,0,1,110,,1,0,0,0,1,36.0,,,,1,1,1,8,6
202100053060,2021-01-20 14:41:00,2021,1,20,14,41,29,29232,Parking CC Geant - Route de Benodet,47.9747071603,-4.0917178988,Plein jour,Hors agglomération,Hors intersection,Pluie légère,Autre collision,4,1,2,0,2,3,2,1,1,30,,5,4,0,0,1,17.0,,,,1,1,1,2,6
202100053061,2021-01-29 08:47:00,2021,1,29,8,47,29,29019,Rue Notre Dame de Bonne Nouvelle,48.403809533,-4.4866716738,Plein jour,En agglomération,Intersection en Y,Normale,Deux véhicules - côté,4,2,2,0,4,1,2,5,1,50,,5,2,0,0,3,35.0,20.0,,,1,2,4,1,3
202100053062,2021-01-29 15:43:00,2021,1,29,15,43,29,29019,Rue Sébastopol,48.4003432,-4.4691575,Plein jour,En agglomération,Giratoire,Normale,Deux véhicules - côté,4,2,2,0,1,1,1,0,1,30,,2,1,0,0,1,61.0,79.0,,,1,2,6,1,3
202100053063,2021-01-30 18:10:00,2021,1,30,18,10,26,26198,Route de Dieulefit,44.552052,4.766137,Nuit avec éclairage allumé,En agglomération,Intersection en T,Pluie légère,Trois véhicules et plus - collisions multiples,3,2,3,0,1,1,2,0,1,50,,5,2,0,0,3,39.0,22.0,,,5,2,3,2,5
202100053064,2021-01-29 14:16:00,2021,1,29,14,16,26,26198,68 Boulevard de l’Europe,44.54225,4.75359,Plein jour,En agglomération,Hors intersection,Normale,Deux véhicules - côté,4,2,2,1,1,3,1,0,5,50,,2,1,0,0,1,71.0,33.0,,,1,2,1,1,3
202100053065,2021-01-30 12:50:00,2021,1,30,12,50,15,15014,CÔTE DE LASCANAUX (RN120),44.930958,2.426146,Plein jour,Hors agglomération,Hors intersection,Pluie forte,Autre collision,3,1,2,0,1,2,2,0,1,90,,1,0,0,0,1,22.0,,,,1,1,1,3,6
202100053066,2021-01-30 14:55:00,2021,1,30,14,55,13,13203,CASSIN (RUE),43.315827,5.373223,Plein jour,En agglomération,Hors intersection,Pluie légère,Autre collision,4,2,2,0,1,1,2,0,1,50,,2,1,0,0,1,40.0,,,,1,2,1,2,6
202100053067,2021-01-30 09:30:00,2021,1,30,9,30,13,13207,Corniche John Fitzgérald Kennedy,43.276419,5.358213,Plein jour,En agglomération,Hors intersection,Normale,Trois véhicules et plus - collisions multiples,4,2,0,0,2,2,1,0,1,50,,3,0,0,2,1,49.0,46.0,,,1,2,1,1,5
202100053068,2021-01-29 12:00:00,2021,1,29,12,0,13,13005,AMITIE (AVENUE DE L'),43.28191,5.54727,Plein jour,En agglomération,Hors intersection,Normale,Autre collision,4,2,2,0,1,1,1,0,1,50,,3,2,0,1,0,24.0,,,,1,2,1,1,6
202100053069,2021-01-29 10:30:00,2021,1,29,10,30,13,13005,PERI (AVENUE GABRIEL),43.29485,5.57117,Plein jour,En agglomération,Hors intersection,Normale,Autre collision,4,1,2,0,1,1,1,1,1,50,,2,1,0,0,1,75.0,,,,1,2,1,1,6
202100053070,2021-01-30 06:00:00,2021,1,30,6,0,13,13001,EUROPE (AV),43.524375,5.431535,Nuit avec éclairage allumé,En agglomération,Autre intersection,Normale,Deux véhicules - côté,4,1,3,0,1,1,1,5,8,50,,3,1,0,0,2,28.0,22.0,,,5,2,9,1,3
202100053071,2021-01-30 12:45:00,2021,1,30,12,45,11,11262,ELYSIQUES (VOIES DES),43.18621,2.97304,Plein jour,En agglomération,Hors intersection,Pluie légère,Autre collision,4,2,2,0,1,1,2,0,1,50,,1,0,0,0,1,53.0,,,,1,2,1,2,6
202100053072,2021-01-29 17:35:00,2021,1,29,17,35,07,07102,GROSS-UMSTADT (AVENUE DE),44.94009,4.86453,Crépuscule ou aube,En agglomération,Hors intersection,Normale,Deux véhicules - côté,3,2,1,0,1,1,1,0,1,50,,2,1,0,0,1,58.0,16.0,,,2,2,1,1,3
202100053073,2021-01-29 09:20:00,2021,1,29,9,20,04,04112,Bd Mirabeau,43.83315,5.78579,Plein jour,En agglomération,Hors intersection,Normale,Deux véhicules - côté,4,1,2,0,1,1,1,0,1,50,,2,1,0,0,1,17.0,46.0,,,1,2,1,1,3
202100053074,2021-01-30 11:05:00,2021,1,30,11,5,75,75120,PORTE DE BAGNOLET,48.866049,2.413204,Plein jour,En agglomération,Hors intersection,Normale,Sans collision,4,-1,4,0,1,1,2,0,1,70,,1,0,0,0,1,45.0,,,,1,2,1,1,7
202100053075,2021-01-29 16:10:00,2021,1,29,16,10,75,75116,BOULEVARD PERIPHERIQUE,48.834928,2.262709,Plein jour,En agglomération,Hors intersection,Pluie légère,Sans collision,4,1,4,0,1,1,2,2,1,70,,1,0,0,0,1,44.0,,,,1,2,1,2,7
202100053076,2021-01-29 06:55:00,2021,1,29,6,55,75,75116,BOULEVARD PERIPHERIQUE,48.8449465293,2.254820466,Nuit avec éclairage allumé,En agglomération,Hors intersection,Normale,Deux véhicules - côté,4,1,4,0,1,1,1,1,1,70,,2,1,0,0,1,38.0,22.0,,,5,2,1,1,3
202100053077,2021-01-30 12:40:00,2021,1,30,12,40,75,75118,AVENUE DE LA PORTE DE MONTMARTRE,48.897797,2.337435,Plein jour,En agglomération,Intersection en X,Pluie légère,Autre collision,4,2,2,0,1,1,2,0,1,50,,1,0,0,0,1,36.0,,,,1,2,2,2,6
202100053078,2021-01-29 12:45:00,2021,1,29,12,45,75,75117,AVENUE DE LA PORTE D ASNIERES,48.892289,2.301019,Plein jour,En agglomération,Intersection en Y,Pluie légère,Deux véhicules - côté,4,2,6,0,1,1,2,0,1,50,,2,1,0,0,1,40.0,26.0,,,1,2,4,2,3
202100053079,2021-01-29 12:37:00,2021,1,29,12,37,75,75116,RUE MIRABEAU,48.846484,2.27063,Plein jour,En agglomération,Intersection en X,Normale,Autre collision,4,2,2,0,1,1,1,0,1,50,,2,1,0,0,1,52.0,,,,1,2,2,1,6
202100053080,2021-01-29 16:25:00,2021,1,29,16,25,75,75115,RUE LECOURBE,48.840666,2.296369,Plein jour,En agglomération,Hors intersection,Pluie légère,Deux véhicules - côté,4,2,3,0,1,1,2,0,1,50,,2,1,0,0,1,45.0,,,,1,2,1,2,3
202100053081,2021-01-29 14:00:00,2021,1,29,14,0,75,75115,RUE LECOURBE,48.841423,2.298624,Plein jour,En agglomération,Hors intersection,Pluie légère,Autre collision,4,2,2,0,1,1,2,0,1,50,,2,1,0,0,1,18.0,,,,1,2,1,2,6
202100053082,2021-01-29 12:00:00,2021,1,29,12,0,75,75115,RUE DUTOT,48.838236,2.308355,Plein jour,En agglomération,Intersection en X,Normale,Autre collision,4,2,2,1,1,1,1,-1,5,30,,2,1,0,0,1,32.0,,,,1,2,2,1,6
202100053083,2021-01-30 00:45:00,2021,1,30,0,45,75,75113,BOULEVARD DE PORT ROYAL,48.838276,2.342064,Nuit avec éclairage allumé,En agglomération,Intersection en T,Normale,Autre collision,4,1,1,0,1,1,1,0,1,50,,2,0,0,0,2,30.0,,,,5,2,3,1,6
202100053084,2021-01-30 19:45:00,2021,1,30,19,45,75,75112,AVENUE DAUMESNIL,48.839942,2.432125,Nuit avec éclairage allumé,En agglomération,Intersection en T,Pluie légère,Deux véhicules - côté,4,2,2,0,1,1,2,0,1,50,,2,1,0,0,1,27.0,25.0,,,5,2,3,2,3
202100053085,2021-01-30 11:50:00,2021,1,30,11,50,75,75112,PLACE EDOUARD RENARD,48.835373,2.406559,Plein jour,En agglomération,Place,Pluie légère,Deux véhicules - côté,4,4,4,0,1,1,2,0,1,50,,2,1,0,0,1,62.0,67.0,,,1,2,7,2,3
202100053086,2021-01-30 12:40:00,2021,1,30,12,40,75,75107,RUE DE BABYLONE,48.851697,2.319039,Plein jour,En agglomération,Intersection en X,Normale,Autre collision,4,1,1,0,1,1,1,0,1,50,,2,1,0,0,1,24.0,,,,1,2,2,1,6
202100053087,2021-01-29 19:10:00,2021,1,29,19,10,94,94052,Boulevard Albert 1er,48.83626,2.494086,Nuit avec éclairage allumé,En agglomération,Intersection en T,Normale,Deux véhicules - arrière,3,3,4,0,2,3,2,0,1,50,,2,1,0,0,1,23.0,,,,5,2,3,1,2
202100053088,2021-01-30 11:55:00,2021,1,30,11,55,94,94052,CHARLES DE GAULLE (GRAND RUE),48.83632,2.477842,Plein jour,En agglomération,Intersection en X,Normale,Deux véhicules - côté,4,-1,2,0,1,1,2,0,1,50,,2,1,0,0,1,39.0,,,,1,2,2,1,3
202100053089,2021-01-30 16:30:00,2021,1,30,16,30,94,94076,MAXIME GORKI (BD),48.789467711,2.3686215877,Plein jour,En agglomération,Hors intersection,Pluie légère,Deux véhicules - frontale,3,2,4,2,1,1,2,9,5,50,,2,1,0,0,1,21.0,,,,1,2,1,2,1
202100053090,2021-01-30 13:40:00,2021,1,30,13,40,94,94016,LEON BLUM (AV),48.79192,2.33693,Plein jour,En agglomération,Hors intersection,Temps couvert,Sans collision,4,2,2,0,2,2,2,0,1,30,,1,0,0,0,1,48.0,,,,1,2,1,8,7
202100053091,2021-01-30 14:40:00,2021,1,30,14,40,94,94034,STALINGRAD (AV DE),48.7577,2.32945,Plein jour,En agglomération,Autre intersection,Normale,Autre collision,3,1,2,0,1,2,1,5,8,50,,3,2,0,0,1,35.0,,,,1,2,9,1,6
202100053092,2021-01-30 12:10:00,2021,1,30,12,10,94,94073,FONTAINEBLEAU (AV DE),48.75569,2.36886,Plein jour,En agglomération,Hors intersection,Normale,Autre collision,3,3,4,0,1,1,2,0,1,50,,2,1,0,0,1,20.0,,,,1,2,1,1,6
202100053093,2021-01-30 18:50:00,2021,1,30,18,50,94,94022,LEON GOURDAULT (AV),48.76416,2.40537,Nuit avec éclairage allumé,En agglomération,Hors intersection,Normale,Trois véhicules et plus - en chaîne,4,1,0,0,1,1,1,0,1,50,,5,4,0,0,1,26.0,30.0,,,5,2,1,1,4
202100053094,2021-01-30 16:45:00,2021,1,30,16,45,94,94022,MARECHAL DE LATTRE DE TASSIGNY,48.75202,2.40597,Plein jour,En agglomération,Hors intersection,Pluie légère,Autre collision,3,2,1,0,1,1,2,9,1,30,,2,1,0,1,0,91.0,,,,1,2,1,2,6
202100053095,2021-01-30 19:00:00,2021,1,30,19,0,94,94017,JEAN JAURES (R),48.81441,2.5083,Nuit avec éclairage allumé,En agglomération,Hors intersection,Pluie légère,Autre collision,3,3,3,0,1,1,2,5,1,50,,1,0,0,1,0,54.0,,,,5,2,1,2,6
202100053096,2021-01-29 23:00:00,2021,1,29,23,0,94,94075,Avenue du Mal de Lattre de Tassigny,48.73434,2.52046,Nuit sans éclairage public,Hors agglomération,Hors intersection,Normale,Sans collision,2,2,2,0,1,1,1,0,1,70,,1,0,0,0,1,17.0,,,,3,1,1,1,7
202100053097,2021-01-30 08:00:00,2021,1,30,8,0,93,93071,SALVADOR ALLENDE (AVENUE),48.9485232302,2.5308821419,Crépuscule ou aube,En agglomération,Giratoire,Pluie forte,Deux véhicules - côté,4,2,2,0,1,1,2,0,1,30,,2,1,0,0,1,50.0,,,,2,2,6,3,3
202100053098,2021-01-30 18:30:00,2021,1,30,18,30,93,93049,LOGES D'AVRON (RUE),48.8666785697,2.5096410513,Plein jour,En agglomération,Autre intersection,Pluie légère,Autre collision,4,3,2,0,2,1,2,9,1,50,,2,1,0,0,1,20.0,,,,1,2,9,2,6
202100053099,2021-01-30 14:00:00,2021,1,30,14,0,93,93027,VALMY (RUE DE),48.92247,2.38131,Plein jour,En agglomération,Hors intersection,Temps couvert,Deux véhicules - frontale,4,3,2,0,1,1,2,0,1,50,,2,1,0,1,0,26.0,22.0,,,1,2,1,8,1
202100053100,2021-01-30 10:42:00,2021,1,30,10,42,92,92023,SCHNEIDER (AVENUE),48.8077172479,2.2514650226,Plein jour,En agglomération,Intersection en Y,Normale,Deux véhicules - côté,4,-1,2,0,1,1,2,0,1,30,,2,1,0,0,1,55.0,22.0,,,1,2,4,1,3
202100053101,2021-01-30 20:00:00,2021,1,30,20,0,92,92004,PONT DE CLICHY,48.9110139888,2.2988945246,Nuit avec éclairage allumé,En agglomération,Intersection en X,Normale,Deux véhicules - côté,3,3,6,0,1,1,1,2,1,50,,2,1,0,0,1,24.0,44.0,,,5,2,2,1,3
202100053102,2021-01-30 18:20:00,2021,1,30,18,20,92,92004,DIX HUIT JUIN 40 ( RUE DU ),48.9312330732,2.2783273458,Nuit avec éclairage allumé,En agglomération,Intersection en T,Pluie légère,Sans collision,4,2,2,0,1,1,2,0,1,50,,2,1,0,0,1,27.0,,,,5,2,3,2,7
202100053103,2021-01-31 11:12:00,2021,1,31,11,12,63,63345,D2089 PK 70+800,45.7063663266,3.0332496223,Plein jour,Hors agglomération,Hors intersection,Normale,Sans collision,7,2,2,0,1,2,2,0,3,80,,1,0,1,0,0,25.0,,,,1,1,1,1,7
202100053104,2021-01-30 17:40:00,2021,1,30,17,40,38,38114,Route d'Auberives,45.415778,4.788172,Crépuscule ou aube,En agglomération,Hors intersection,Pluie légère,Deux véhicules - frontale,3,2,2,0,2,2,2,0,1,50,,4,3,0,0,1,30.0,36.0,,,2,2,1,2,1
202100053105,2021-01-30 19:45:00,2021,1,30,19,45,972,97222,RN1 Lestrade,14.684334,-60.940132,Nuit sans éclairage public,Hors agglomération,Hors intersection,Normale,Deux véhicules - frontale,2,2,2,0,3,3,1,9,1,90,,2,1,0,1,0,53.0,43.0,,,3,1,1,1,1
202100053106,2021-01-30 22:30:00,2021,1,30,22,30,26,26005,A7  ,44.514104,4.779825,Nuit sans éclairage public,Hors agglomération,Hors intersection,Brouillard / fumée,Deux véhicules - frontale,1,3,5,0,1,1,1,0,1,130,,4,3,1,0,0,59.0,41.0,,,3,1,1,5,1