accident_id,datetime,annee,mois,jour,heure,minute,departement,commune_insee,adresse,latitude,longitude,luminosite,agglomeration,intersection,meteo,collision,catr,circ,nbv,vosp,prof,plan,surf,infra,situ,vma,nb_vehicules,nb_usagers,nb_indemnes,nb_tues,nb_blesses_hosp,nb_blesses_legers,age_cond_1,age_cond_2,veh_type_cond_1,veh_type_cond_2,lum_code,agg_code,int_code,atm_code,col_code
202100053107,2021-01-31 10:40:00,2021,1,31,10,40,974,97414,Chemin de l'Enclos,-21.280382,55.427093,Plein jour,En agglomération,Hors intersection,Normale,Autre collision,4,2,2,0,1,1,1,0,1,50,,1,0,0,1,0,31.0,,,,1,2,1,1,6
202100053108,2021-01-31 11:15:00,2021,1,31,11,15,974,97414,Route Nationale 5,-21.254395546,55.4593062401,Plein jour,Hors agglomération,Hors intersection,Normale,Trois véhicules et plus - collisions multiples,2,2,2,0,2,4,1,0,1,80,,6,4,1,0,1,37.0,54.0,,,1,1,1,1,5
202100053109,2021-01-31 16:10:00,2021,1,31,16,10,57,57315,D104f,48.741729,7.207246,Plein jour,Hors agglomération,Hors intersection,Pluie légère,Sans collision,3,2,2,0,2,3,2,0,3,80,,3,0,0,2,1,46.0,,,,1,1,1,2,7
202100053110,2021-01-30 11:45:00,2021,1,30,11,45,80,80350,RN 23,49.983487898,2.4930100702,Plein jour,Hors agglomération,Intersection en X,Pluie légère,Deux véhicules - côté,3,2,2,0,1,1,2,0,1,80,,2,1,0,1,0,32.0,61.0,,,1,1,2,2,3
202100053111,2021-01-30 19:45:00,2021,1,30,19,45,11,11262,CD168,43.172228,3.067632,Nuit sans éclairage public,Hors agglomération,Hors intersection,Normale,Deux véhicules - frontale,3,2,2,0,2,1,1,0,1,70,,5,0,0,1,4,40.0,46.0,,,3,1,1,1,1
202100053112,2021-01-30 21:00:00,2021,1,30,21,0,71,71038,route départementale 980,46.756416,4.358096,Nuit sans éclairage public,Hors agglomération,Hors intersection,Normale,Sans collision,3,2,2,0,1,1,2,0,3,80,,1,0,0,0,1,40.0,,,,3,1,1,1,7
202100053113,2021-01-30 23:40:00,2021,1,30,23,40,55,55108,D902,48.922961,5.263439,Nuit sans éclairage public,Hors agglomération,Hors intersection,Pluie légère,Autre collision,3,2,2,0,1,1,2,0,8,80,,1,0,0,1,0,41.0,,,,3,1,1,2,6
202100053114,2021-01-31 11:30:00,2021,1,31,11,30,49,49086,Canton de la Grouas (Martigné-Briand),47.231911,-0.483549,Plein jour,Hors agglomération,Hors intersection,Normale,Deux véhicules - côté,3,2,2,0,1,1,2,0,1,90,,2,1,0,0,1,62.0,33.0,,,1,1,1,1,3
202100053115,2021-01-31 14:45:00,2021,1,31,14,45,34,34126,RD 908,43.588193,3.096642,Plein jour,Hors agglomération,Hors intersection,Normale,Autre collision,3,2,2,0,1,2,1,0,1,-1,,1,0,1,0,0,76.0,,,,1,1,1,1,6
202100053116,2021-01-31 08:50:00,2021,1,31,8,50,38,38074,departementale 1092,45.23655,5.444273,Crépuscule ou aube,Hors agglomération,Hors intersection,Brouillard / fumée,Trois véhicules et plus - collisions multiples,3,2,2,0,2,2,2,0,1,80,,3,1,0,0,2,22.0,63.0,,,2,1,1,5,5
202100053117,2021-01-29 22:30:00,2021,1,29,22,30,18,18145,Rue de Fontbertrange,47.228122,2.486365,Nuit avec éclairage allumé,En agglomération,Hors intersection,Pluie légère,Autre collision,4,2,2,0,4,3,2,0,3,50,,1,0,0,1,0,24.0,,,,5,2,1,2,6
202100053118,2021-01-29 08:00:00,2021,1,29,8,0,27,27311,Rue des Ruflets,49.150805,0.76613,Crépuscule ou aube,Hors agglomération,Hors intersection,Pluie légère,Autre collision,4,2,2,0,1,1,2,0,1,50,,1,0,0,1,0,16.0,,,,2,1,1,2,6
202100053119,2021-01-24 12:49:00,2021,1,24,12,49,28,28172,D28,48.574108,1.671381,Plein jour,Hors agglomération,Hors intersection,Neige / grêle,Sans collision,3,2,2,0,4,1,5,0,3,80,,1,0,0,1,0,67.0,,,,1,1,1,4,7
202100053120,2021-01-31 15:20:00,2021,1,31,15,20,973,97302,RN1 crique fouillée,4.8965391177,-52.328721998,Plein jour,Hors agglomération,Hors intersection,Normale,Deux véhicules - frontale,2,1,4,0,1,1,1,0,1,70,,3,1,0,0,2,19.0,26.0,,,1,1,1,1,1
202100053121,2021-01-29 23:10:00,2021,1,29,23,10,978,97801,Rn7 - Quartier Orléans,18.07138,-63.033548,Nuit avec éclairage allumé,Hors agglomération,Hors intersection,Normale,Deux véhicules - côté,2,2,2,0,1,1,1,0,1,50,,2,1,0,1,0,43.0,34.0,,,5,1,1,1,3
202100053122,2021-01-30 16:10:00,2021,1,30,16,10,51,51321,A4,49.20820922,3.7774929237,Plein jour,Hors agglomération,Hors intersection,Pluie légère,Sans collision,1,1,4,0,2,3,2,0,3,130,,2,0,0,1,1,40.0,,,,1,1,1,2,7
202100053123,2021-01-29 17:00:00,2021,1,29,17,0,33,33005,Boulevard Daniel Digneaux,44.749389,-1.076038,Plein jour,En agglomération,Hors intersection,Normale,Sans collision,4,2,2,0,1,1,1,5,1,50,,1,0,0,1,0,18.0,,,,1,2,1,1,7
202100053124,2021-01-30 10:30:00,2021,1,30,10,30,987,98758,"PK 5 , côte Ouest",-16.727439,-151.47556,Plein jour,En agglomération,Hors intersection,Normale,Deux véhicules - côté,3,2,2,0,1,1,1,0,1,60,,2,0,0,0,2,34.0,63.0,,,1,2,1,1,3
202100053125,2021-01-30 23:00:00,2021,1,30,23,0,988,98820,Tribu de Guei,-20.653507,166.536019,Nuit sans éclairage public,En agglomération,Hors intersection,Normale,Autre collision,4,2,2,0,1,1,1,0,3,50,,1,0,0,0,1,44.0,,,,3,2,1,1,6
202100053126,2021-01-31 09:25:00,2021,1,31,9,25,66,66114,D612,42.606421,2.917278,Plein jour,Hors agglomération,Hors intersection,Normale,Autre collision,3,2,2,0,2,1,1,0,3,80,,1,0,1,0,0,60.0,,,,1,1,1,1,6
202100053127,2021-01-31 16:00:00,2021,1,31,16,0,11,11178,rd 3113,43.3489468205,1.8451023104,Plein jour,En agglomération,Intersection en T,Normale,Autre collision,3,2,2,0,1,1,1,0,1,50,,3,2,0,1,0,29.0,26.0,,,1,2,3,1,6
202100053128,2021-01-27 16:30:00,2021,1,27,16,30,57,57433,1 route de metz,49.204449,6.16049,Plein jour,En agglomération,Hors intersection,Pluie légère,Autre collision,6,-1,-1,0,1,1,2,0,4,50,,2,1,0,0,1,24.0,,,,1,2,1,2,6
202100053129,2021-01-29 18:00:00,2021,1,29,18,0,73,73131,D85,45.498887,6.542753,Nuit avec éclairage allumé,En agglomération,Hors intersection,Pluie légère,Autre collision,3,2,2,0,2,2,2,0,3,50,,1,0,0,0,1,61.0,,,,5,2,1,2,6
202100053130,2021-01-30 17:30:00,2021,1,30,17,30,38,38529,D111,45.09717,5.86839,Nuit sans éclairage public,Hors agglomération,Hors intersection,Neige / grêle,Autre collision,7,2,2,0,2,4,5,0,1,80,,2,1,0,0,1,33.0,,,,3,1,1,4,6
202100053131,2021-01-30 11:00:00,2021,1,30,11,0,79,79049,,46.810135,-0.465782,Plein jour,Hors agglomération,Hors intersection,Temps couvert,Autre collision,3,2,2,0,1,1,2,0,3,80,,1,0,0,0,1,19.0,,,,1,1,1,8,6
202100053132,2021-01-05 12:05:00,2021,1,5,12,5,61,61234,RD 2 - PK 004+800,48.457523,0.036103,Plein jour,En agglomération,Giratoire,Temps couvert,Sans collision,3,-1,2,0,1,3,2,0,1,50,,1,0,0,0,1,40.0,,,,1,2,6,8,7
202100053133,2021-01-31 09:25:00,2021,1,31,9,25,61,61467,RD 31 PK 2+000,48.471527,0.135397,Plein jour,Hors agglomération,Hors intersection,Normale,Sans collision,3,2,2,0,1,1,2,0,1,90,,1,0,0,0,1,17.0,,,,1,1,1,1,7
202100053134,2021-01-30 18:08:00,2021,1,30,18,8,14,14609,D572,49.252694,-0.726771,Crépuscule ou aube,Hors agglomération,Hors intersection,Pluie légère,Deux véhicules - côté,3,2,3,0,1,1,2,0,1,90,,4,3,0,0,1,44.0,65.0,,,2,1,1,2,3
202100053135,2021-01-31 18:00:00,2021,1,31,18,0,27,27072,D313,49.094072,1.550628,Nuit sans éclairage public,Hors agglomération,Intersection en X,Pluie forte,Deux véhicules - frontale,3,2,2,0,1,1,2,5,1,80,,3,0,0,2,1,47.0,64.0,,,3,1,2,3,1
202100053136,2021-01-30 20:40:00,2021,1,30,20,40,60,60089,Route de Dieppe,49.2053222121,1.8639197628,Nuit avec éclairage allumé,En agglomération,Hors intersection,Pluie forte,Autre collision,3,2,2,0,1,1,2,0,3,50,,2,0,0,0,2,31.0,,,,5,2,1,3,6
202100053137,2021-01-31 19:40:00,2021,1,31,19,40,59,59012,10 Rue du Général de Gaulle,49.991912,4.100229,Nuit avec éclairage allumé,En agglomération,Intersection en T,Pluie légère,Autre collision,3,2,2,0,2,2,2,0,4,50,,1,0,0,1,0,36.0,,,,5,2,3,2,6
202100053138,2021-01-30 22:45:00,2021,1,30,22,45,59,59659,38 Rue de Verdun,50.017272,4.019803,Nuit avec éclairage allumé,En agglomération,Hors intersection,Normale,Autre collision,3,2,2,0,1,2,1,0,1,50,,1,0,0,1,0,27.0,,,,5,2,1,1,6
202100053139,2021-01-30 17:50:00,2021,1,30,17,50,13,13081,A7-Sens Marseille vers Lyon,43.49256,5.2401,Crépuscule ou aube,Hors agglomération,Hors intersection,Pluie forte,Trois véhicules et plus - en chaîne,1,1,3,0,1,1,2,0,1,110,,3,1,0,0,2,63.0,43.0,,,2,1,1,3,4
202100053140,2021-01-30 18:22:00,2021,1,30,18,22,38,38087,A7,45.58539,4.79995,Nuit sans éclairage public,Hors agglomération,Hors intersection,Normale,Deux véhicules - arrière,1,3,3,0,1,1,2,0,1,110,,3,2,0,1,0,19.0,56.0,,,3,1,1,1,2
202100053141,2021-01-30 12:00:00,2021,1,30,12,0,91,91377,AUTOROUTE A10,48.72371,2.29852,Plein jour,Hors agglomération,Hors intersection,Normale,Trois véhicules et plus - en chaîne,1,3,6,0,1,1,2,0,1,110,,4,3,0,0,1,39.0,37.0,,,1,1,1,1,4
202100053142,2021-01-30 05:35:00,2021,1,30,5,35,91,91589,AUTOROUTE A6,48.68051,2.33169,Nuit sans éclairage public,Hors agglomération,Hors intersection,Pluie forte,Sans collision,1,3,6,0,1,2,2,0,2,100,,1,0,0,0,1,28.0,,,,3,1,1,3,7
202100053143,2021-01-30 11:45:00,2021,1,30,11,45,92,92050,A14,48.9003097159,2.2081911514,Plein jour,Hors agglomération,Hors intersection,Pluie légère,Sans collision,1,3,4,0,1,1,2,0,1,70,,1,0,0,0,1,32.0,,,,1,1,1,2,7
202100053144,2021-01-30 09:00:00,2021,1,30,9,0,92,92012,A13,48.84853,2.22862,Plein jour,En agglomération,Hors intersection,Pluie légère,Autre collision,1,3,4,0,1,1,2,0,1,70,,1,0,0,0,1,23.0,,,,1,2,1,2,6
202100053145,2021-01-29 19:20:00,2021,1,29,19,20,78,78007,A13 Y,48.894799,2.007565,Nuit sans éclairage public,Hors agglomération,Hors intersection,Pluie légère,Deux véhicules - côté,1,1,2,0,2,1,2,0,1,110,,2,1,0,1,0,50.0,34.0,,,3,1,1,2,3
202100053146,2021-01-29 18:00:00,2021,1,29,18,0,78,78498,A13,48.91118,2.005489,Nuit sans éclairage public,Hors agglomération,Hors intersection,Pluie légère,Trois véhicules et plus - en chaîne,1,3,4,0,1,1,2,0,1,110,,4,1,0,0,3,28.0,32.0,,,3,1,1,2,4
202100053147,2021-01-30 14:30:00,2021,1,30,14,30,95,95241,RN 104,49.0468501113,2.436712639,Plein jour,Hors agglomération,Hors intersection,Normale,Sans collision,2,1,1,0,1,3,1,3,1,50,,2,1,0,0,1,48.0,,,,1,1,1,1,7
202100053148,2021-01-30 06:20:00,2021,1,30,6,20,93,93013,AUTOROUTE A1,48.94031,2.42278,Nuit sans éclairage public,Hors agglomération,Hors intersection,Pluie forte,Trois véhicules et plus - collisions multiples,1,3,8,0,1,1,4,0,1,90,,3,2,0,0,1,33.0,27.0,,,3,1,1,3,5
202100053149,2021-01-29 22:45:00,2021,1,29,22,45,92,92036,AUTOROUTE A86,48.93286,2.32139,Nuit sans éclairage public,Hors agglomération,Hors intersection,Normale,Trois véhicules et plus - en chaîne,1,3,6,0,2,3,2,0,1,90,,3,2,0,0,1,38.0,28.0,,,3,1,1,1,4
202100053150,2021-01-29 21:30:00,2021,1,29,21,30,92,92078,AUTOROUTE A86,48.9281997009,2.3314316539,Nuit sans éclairage public,Hors agglomération,Hors intersection,Normale,Deux véhicules - arrière,1,3,6,0,1,1,1,0,1,70,,2,1,1,0,0,,32.0,,,3,1,1,1,2
202100053151,2021-01-28 16:45:00,2021,1,28,16,45,988,98818,VE1,-22.23374,166.45766,Plein jour,En agglomération,Hors intersection,Pluie légère,Trois véhicules et plus - en chaîne,1,3,4,0,1,1,2,3,1,70,,5,1,0,0,4,48.0,33.0,,,1,2,1,2,4
202100053152,2021-01-25 16:46:00,2021,1,25,16,46,987,98735,C U SACREE (QTIER RICHMOND),-17.52753,-149.55857,Plein jour,En agglomération,Hors intersection,Normale,Deux véhicules - côté,4,2,2,1,1,1,1,0,1,30,,2,1,1,0,0,42.0,53.0,,,1,2,1,1,3
202100053153,2021-01-27 10:20:00,2021,1,27,10,20,974,97416,BUREAUX (CHEMIN),-21.30317,55.4289,Plein jour,Hors agglomération,Autre intersection,Normale,Autre collision,4,2,2,0,1,1,1,0,3,30,,3,2,0,0,1,19.0,,,,1,1,9,1,6
202100053154,2021-01-29 12:20:00,2021,1,29,12,20,974,97407,MASCAREIGNES(BOULEVARD),-20.936567,55.307452,Plein jour,Hors agglomération,Hors intersection,Normale,Trois véhicules et plus - en chaîne,4,2,3,3,1,1,1,0,1,70,,3,2,0,0,1,46.0,63.0,,,1,1,1,1,4
202100053155,2021-01-29 18:55:00,2021,1,29,18,55,69,69386,BELGES (DES) (BD),45.77068,4.85626,Nuit avec éclairage allumé,Hors agglomération,Intersection en X,Normale,Deux véhicules - côté,4,1,2,3,1,1,1,0,1,50,,3,2,0,1,0,42.0,30.0,,,5,1,2,1,3
202100053156,2021-01-29 17:20:00,2021,1,29,17,20,69,69388,VILLON (DE) (R),45.7434173256,4.8653462778,Crépuscule ou aube,En agglomération,Intersection en X,Normale,Deux véhicules - côté,4,1,1,0,1,1,1,0,1,50,,3,1,0,1,1,30.0,23.0,,,2,2,2,1,3
202100053157,2021-01-29 15:50:00,2021,1,29,15,50,69,69259,LEO LAGRANGE (R),45.69901,4.87029,Plein jour,En agglomération,Intersection en X,Normale,Autre collision,4,2,2,0,1,1,1,0,1,50,,2,1,0,0,1,35.0,,,,1,2,2,1,6
202100053158,2021-01-29 07:40:00,2021,1,29,7,40,69,69383,MARECHAL DE SAXE                    (AV),45.7550025969,4.8467689422,Plein jour,En agglomération,Intersection en X,Normale,Trois véhicules et plus - collisions multiples,4,2,3,3,1,1,2,0,1,50,,4,3,0,0,1,32.0,60.0,,,1,2,2,1,5
202100053159,2021-01-28 12:25:00,2021,1,28,12,25,69,69386,BELGES (DES)                        (BD),45.76881,4.85823,Plein jour,En agglomération,Intersection en X,Pluie légère,Deux véhicules - côté,4,1,4,3,1,1,2,0,1,50,,3,2,0,0,1,69.0,34.0,,,1,2,2,2,3
202100053160,2021-01-29 07:35:00,2021,1,29,7,35,69,69259,MARCEL CACHIN (AV),45.6921661447,4.8785806898,Crépuscule ou aube,En agglomération,Intersection en X,Pluie légère,Deux véhicules - arrière,4,2,2,0,2,1,2,0,1,50,,2,1,0,0,1,29.0,46.0,,,2,2,2,2,2
202100053161,2021-01-28 08:28:00,2021,1,28,8,28,69,69388,ETATS UNIS (DES)                    (BD),45.73614,4.86243,Plein jour,En agglomération,Hors intersection,Pluie légère,Sans collision,4,2,3,2,1,1,2,0,5,50,,2,1,0,0,1,,30.0,,,1,2,1,2,7
202100053162,2021-01-29 15:00:00,2021,1,29,15,0,972,97209,PROFESSEUR RAYMOND GARCIN (RUE DU),14.6207,-61.07809,Plein jour,Hors agglomération,Intersection en T,Normale,Deux véhicules - côté,4,2,2,0,1,1,1,0,1,50,,2,0,0,0,2,18.0,36.0,,,1,1,3,1,3
202100053163,2021-01-29 14:05:00,2021,1,29,14,5,972,97209,REDOUTE (ROUTE DE LA),14.63235,-61.05411,Plein jour,En agglomération,Hors intersection,Normale,Deux véhicules - côté,2,2,2,0,1,1,1,0,1,50,,2,1,0,0,1,24.0,80.0,,,1,2,1,1,3
202100053164,2021-01-29 22:20:00,2021,1,29,22,20,69,69382,BARRE (DE LA) (R),45.7577,4.83502,Nuit avec éclairage allumé,En agglomération,Hors intersection,Normale,Deux véhicules - côté,4,1,1,3,3,1,1,0,1,50,,2,0,0,0,2,41.0,25.0,,,5,2,1,1,3
202100053165,2021-01-29 15:40:00,2021,1,29,15,40,69,69389,CLAIRE (DE LA) (R),45.77976,4.80574,Plein jour,En agglomération,Intersection en X,Normale,Deux véhicules - côté,4,1,2,0,1,1,1,0,1,50,,3,2,0,0,1,48.0,48.0,,,1,2,2,1,3
202100053166,2021-01-28 20:50:00,2021,1,28,20,50,971,97107,DUMANOIR ( ALLEE ),16.03255,-61.56954,Nuit avec éclairage allumé,En agglomération,Intersection en T,Normale,Deux véhicules - frontale,2,-1,2,0,1,1,1,0,1,50,,4,0,0,0,4,20.0,30.0,,,5,2,3,1,1
202100053167,2021-01-29 16:40:00,2021,1,29,16,40,91,91421,REPUBLIQUE (AVENUE DE LA),48.698941,2.46966,Plein jour,En agglomération,Hors intersection,Pluie légère,Deux véhicules - côté,4,3,4,1,1,1,2,0,1,50,,1,0,0,1,0,35.0,,,,1,2,1,2,3
202100053168,2021-01-28 09:10:00,2021,1,28,9,10,91,91687,GABRIEL PERI (AVENUE),48.680451,2.377193,Plein jour,En agglomération,Intersection en T,Normale,Trois véhicules et plus - collisions multiples,3,2,2,0,1,1,1,0,1,50,,3,2,0,0,1,21.0,46.0,,,1,2,3,1,5
202100053169,2021-01-27 15:38:00,2021,1,27,15,38,87,87085,VALOINE (ROND-POINT DE LA),45.80372,1.27779,Plein jour,En agglomération,Intersection en X,Pluie légère,Sans collision,4,1,2,0,2,3,2,5,1,50,,2,1,0,0,1,19.0,,,,1,2,2,2,7
202100053170,2021-01-25 07:39:00,2021,1,25,7,39,87,87065,AUTOROUTE A20,45.7986808365,1.2963045669,Nuit sans éclairage public,Hors agglomération,Hors intersection,Pluie légère,Autre collision,1,3,4,0,2,2,2,0,1,110,,1,0,0,0,1,22.0,,,,3,1,1,2,6
202100053171,2021-01-27 15:32:00,2021,1,27,15,32,87,87085,BUXEROLLES (RUE DE),45.86918,1.26354,Plein jour,En agglomération,Hors intersection,Pluie légère,Deux véhicules - côté,6,-1,-1,0,1,1,2,0,1,30,,3,2,0,0,1,56.0,19.0,,,1,2,1,2,3
202100053172,2021-01-26 10:10:00,2021,1,26,10,10,83,83129,CALADE (CHE ET MO DE LA),43.111297,5.826791,Plein jour,En agglomération,Intersection en T,Normale,Deux véhicules - côté,7,2,2,0,2,1,1,0,1,50,,2,1,0,1,0,55.0,31.0,,,1,2,3,1,3
202100053173,2021-01-29 21:00:00,2021,1,29,21,0,83,83034,AVENUE DE FONT BRUN,43.0849664566,6.1081310594,Nuit avec éclairage allumé,En agglomération,Hors intersection,Normale,Deux véhicules - arrière,7,3,2,0,2,1,1,9,1,50,,2,0,0,0,2,40.0,23.0,,,5,2,1,1,2
202100053174,2021-01-29 10:00:00,2021,1,29,10,0,83,83069,GAMBETTA (AVENUE),43.11758,6.12857,Plein jour,En agglomération,Intersection en X,Normale,Autre collision,4,2,2,0,1,1,1,5,1,50,,2,1,0,1,0,28.0,,,,1,2,2,1,6
202100053175,2021-01-27 07:50:00,2021,1,27,7,50,80,80021,ANCIENS COMBATTANTS (PLACE DES),49.89685,2.28279,Nuit avec éclairage allumé,En agglomération,Intersection en X,Pluie légère,Deux véhicules - frontale,4,-1,2,0,1,1,2,0,1,50,,2,1,0,0,1,30.0,49.0,,,5,2,2,2,1
202100053176,2021-01-26 11:25:00,2021,1,26,11,25,78,78646,CHAMP LAGARDE (RUE),48.80147,2.14778,Plein jour,En agglomération,Hors intersection,Normale,Autre collision,4,2,2,0,1,1,1,0,1,50,,2,1,0,1,0,57.0,,,,1,2,1,1,6
202100053177,2021-01-29 17:55:00,2021,1,29,17,55,78,78440,EUROPE (AVENUE DE L'),48.97713,1.914692,Nuit avec éclairage allumé,En agglomération,Hors intersection,Pluie légère,Deux véhicules - arrière,3,3,4,0,1,1,2,0,1,50,,2,1,0,0,1,43.0,24.0,,,5,2,1,2,2
202100053178,2021-01-28 08:00:00,2021,1,28,8,0,78,78015,LECLERC (RUE DU GENERAL),48.964683,2.044421,Crépuscule ou aube,En agglomération,Intersection en T,Pluie légère,Deux véhicules - côté,4,2,2,0,1,1,2,0,1,50,,2,1,0,1,0,,15.0,,,2,2,3,2,3
202100053179,2021-01-28 13:30:00,2021,1,28,13,30,77,77279,ROUTE DE MONTEREAU,48.38439,3.01929,Plein jour,Hors agglomération,Hors intersection,Normale,Sans collision,4,2,2,0,1,3,1,0,1,80,,1,0,0,1,0,61.0,,,,1,1,1,1,7
202100053180,2021-01-25 16:00:00,2021,1,25,16,0,76,76540,RENAUD. RUE DE L'ENSEIGNE,49.4348634313,1.1254390882,Plein jour,En agglomération,Hors intersection,Normale,Autre collision,4,2,2,0,2,3,2,0,1,50,,3,1,0,2,0,48.0,,,,1,2,1,1,6
202100053181,2021-01-23 16:10:00,2021,1,23,16,10,76,76575,CATELIERS. RUE DES,49.38875,1.08051,Plein jour,En agglomération,Hors intersection,Normale,Autre collision,4,2,2,0,2,3,2,0,1,50,,3,2,0,0,1,20.0,40.0,,,1,2,1,1,6
202100053182,2021-01-22 18:15:00,2021,1,22,18,15,76,76540,MARNE. BOULEVARD DE LA,49.44713,1.09401,Nuit avec éclairage allumé,En agglomération,Hors intersection,Normale,Autre collision,7,2,4,3,1,1,1,-1,1,50,,2,1,0,1,0,31.0,,,,5,2,1,1,6
202100053183,2021-01-18 18:00:00,2021,1,18,18,0,76,76540,RONDEAUX. AVENUE JEAN,49.43185,1.0741,Nuit avec éclairage allumé,En agglomération,Intersection en X,Normale,Deux véhicules - côté,7,2,2,3,1,1,1,-1,1,50,,6,2,0,1,3,42.0,37.0,,,5,2,2,1,3
202100053184,2021-01-29 15:25:00,2021,1,29,15,25,71,71040,Bretelle accès RN 70,46.69827,4.3869,Plein jour,Hors agglomération,Hors intersection,Normale,Deux véhicules - arrière,2,1,1,0,2,3,1,3,1,80,,2,1,0,0,1,51.0,20.0,,,1,1,1,1,2
202100053185,2021-01-28 17:10:00,2021,1,28,17,10,71,71270,BIGONNET (RUE),46.30225,4.8259,Crépuscule ou aube,En agglomération,Intersection en T,Pluie légère,Deux véhicules - côté,4,2,2,1,1,1,2,0,1,50,,2,0,0,0,2,71.0,26.0,,,2,2,3,2,3
202100053186,2021-01-28 18:20:00,2021,1,28,18,20,69,69271,CHARLES DE GAULLE (BD),45.74331,4.93717,Nuit avec éclairage allumé,Hors agglomération,Intersection en X,Temps couvert,Deux véhicules - côté,7,2,8,1,1,1,2,5,1,70,,2,1,0,0,1,,55.0,,,5,1,2,8,3
202100053187,2021-01-28 16:10:00,2021,1,28,16,10,67,67218,VIGNES (RUE DES),48.52047,7.7289,Plein jour,Hors agglomération,Hors intersection,Temps couvert,Sans collision,4,3,4,0,1,1,2,0,3,90,,1,0,0,0,1,30.0,,,,1,1,1,8,7
202100053188,2021-01-28 12:10:00,2021,1,28,12,10,67,67482,COLMAR (AVENUE DE),48.56284,7.752631,Plein jour,En agglomération,Passage à niveau,Temps couvert,Autre collision,4,2,2,3,1,2,1,4,6,50,,2,1,0,0,1,41.0,,,,1,2,8,8,6
202100053189,2021-01-27 12:40:00,2021,1,27,12,40,67,67482,PLAINE DES BOUCHERS (RUE DE LA),48.56069,7.73813,Plein jour,En agglomération,Hors intersection,Temps couvert,Deux véhicules - côté,4,3,4,1,1,1,1,0,1,50,,2,1,0,0,1,22.0,21.0,,,1,2,1,8,3
202100053190,2021-01-29 08:40:00,2021,1,29,8,40,64,64335,CARREROT,43.3303,-0.42306,Plein jour,En agglomération,Hors intersection,Pluie légère,Autre collision,4,-1,1,0,1,1,2,0,1,50,,2,1,0,1,0,,,,,1,2,1,2,6
202100053191,2021-01-29 09:59:00,2021,1,29,9,59,63,63113,THEURIET (RUE ANDRE),45.76878,3.07809,Plein jour,En agglomération,Intersection en X,Normale,Deux véhicules - côté,4,2,2,0,1,1,1,0,1,50,,2,1,0,0,1,22.0,76.0,,,1,2,2,1,3
202100053192,2021-01-27 21:21:00,2021,1,27,21,21,63,63113,ORADOU (RUE DE L'),45.7696204475,3.111860834,Nuit avec éclairage allumé,En agglomération,Intersection en Y,Pluie légère,Deux véhicules - côté,4,2,2,0,1,1,2,0,1,50,,2,1,0,0,1,22.0,21.0,,,5,2,4,2,3
202100053193,2021-01-18 17:12:00,2021,1,18,17,12,62,62624,REPUBLIQUE (AVE DE LA ),50.41451,2.98452,Nuit avec éclairage allumé,En agglomération,Hors intersection,Normale,Deux véhicules - côté,4,-1,1,0,1,1,1,0,1,50,,3,1,0,2,0,48.0,21.0,,,5,2,1,1,3
202100053194,2021-01-19 08:30:00,2021,1,19,8,30,59,59507,DE LATTRE DE TASSIGNY AV. MAL,50.602729,3.089723,Crépuscule ou aube,En agglomération,Hors intersection,Normale,Autre collision,4,2,2,0,1,1,1,0,1,50,,2,1,0,0,1,24.0,,,,2,2,1,1,6
202100053195,2021-01-28 12:05:00,2021,1,28,12,5,59,59350,SALENGRO ROGER RUE,50.6291405076,3.1026238521,Plein jour,En agglomération,Intersection en T,Normale,Deux véhicules - côté,7,2,2,0,1,1,2,0,1,50,,2,1,0,0,1,33.0,36.0,,,1,2,3,1,3
202100053196,2021-01-27 18:45:00,2021,1,27,18,45,57,57672,ROBERT SCHUMANN (BOULEVARD),49.35334,6.17488,Nuit avec éclairage allumé,En agglomération,Hors intersection,Normale,Deux véhicules - côté,4,3,4,1,4,1,1,0,1,50,,3,2,1,0,0,53.0,23.0,,,5,2,1,1,3
202100053197,2021-01-29 16:45:00,2021,1,29,16,45,56,56260,Avenue du 4 Aout 1944,47.67286,-2.75799,Plein jour,En agglomération,Hors intersection,Normale,Deux véhicules - arrière,4,2,3,2,1,1,1,0,1,50,,2,1,0,0,1,25.0,66.0,,,1,2,1,1,2
202100053198,2021-01-29 08:50:00,2021,1,29,8,50,56,56121,BELGIQUE (RUE  DE ),47.75909,-3.37919,Plein jour,En agglomération,Intersection en T,Temps couvert,Deux véhicules - arrière,4,2,2,0,1,1,2,0,1,30,,2,1,0,0,1,25.0,34.0,,,1,2,3,8,2
202100053199,2021-01-29 18:15:00,2021,1,29,18,15,51,51454,Rue Paul Vaillant Couturier,49.2659117292,4.0253188741,Nuit avec éclairage allumé,En agglomération,Hors intersection,Pluie forte,Sans collision,4,1,1,0,1,1,2,0,1,50,,2,1,0,0,1,25.0,,,,5,2,1,3,7
202100053200,2021-01-15 15:25:00,2021,1,15,15,25,51,51230,Avenue de Mardeuil,49.0561924624,3.9483842039,Plein jour,En agglomération,Hors intersection,Normale,Autre collision,3,2,2,0,1,2,1,0,1,50,,1,0,0,0,1,41.0,,,,1,2,1,1,6