accident_id,datetime,annee,mois,jour,heure,minute,departement,commune_insee,adresse,latitude,longitude,luminosite,agglomeration,intersection,meteo,collision,catr,circ,nbv,vosp,prof,plan,surf,infra,situ,vma,nb_vehicules,nb_usagers,nb_indemnes,nb_tues,nb_blesses_hosp,nb_blesses_legers,age_cond_1,age_cond_2,veh_type_cond_1,veh_type_cond_2,lum_code,agg_code,int_code,atm_code,col_code
202100053201,2021-01-29 10:00:00,2021,1,29,10,0,49,49099,LORRAINE (RUE DE),47.05878,-0.86613,Plein jour,En agglomération,Intersection en X,Normale,Autre collision,4,2,2,0,2,1,1,0,1,50,,2,1,0,1,0,57.0,,,,1,2,2,1,6
202100053202,2021-01-29 13:45:00,2021,1,29,13,45,49,49007,RD 107,47.51351,-0.5694,Plein jour,En agglomération,Hors intersection,Normale,Sans collision,4,2,2,0,1,1,1,0,8,50,,2,0,0,0,2,21.0,,,,1,2,1,1,7
202100053203,2021-01-24 16:05:00,2021,1,24,16,5,47,47215,REPUBLIQUE (avenue de la ),44.39165,0.686943,Plein jour,En agglomération,Intersection en T,Temps couvert,Deux véhicules - frontale,4,2,2,0,1,1,2,0,1,50,,4,3,0,0,1,16.0,43.0,,,1,2,3,8,1
202100053204,2021-01-27 11:10:00,2021,1,27,11,10,40,40192,ROUMAT (BD RENE),43.88497,-0.47871,Plein jour,En agglomération,Giratoire,Pluie légère,Deux véhicules - côté,4,2,1,0,1,1,2,5,1,50,,2,1,0,1,0,71.0,60.0,,,1,2,6,2,3
202100053205,2021-01-28 16:55:00,2021,1,28,16,55,38,38185,Avenue Paul Verlaine,45.16175,5.71577,Plein jour,En agglomération,Intersection en X,Pluie forte,Deux véhicules - côté,7,1,5,3,2,1,2,2,1,30,,2,1,0,0,1,53.0,22.0,,,1,2,2,3,3
202100053206,2021-01-29 21:10:00,2021,1,29,21,10,37,37261,COMMERCE (RUE DU),47.3949525043,0.6844305395,Nuit avec éclairage allumé,En agglomération,Intersection en X,Normale,Deux véhicules - arrière,4,1,2,0,1,1,1,5,1,50,,2,1,0,0,1,,38.0,,,5,2,2,1,2
202100053207,2021-01-29 13:15:00,2021,1,29,13,15,37,37122,Rue des Martyrs,47.3551577518,0.6669511199,Plein jour,En agglomération,Intersection en T,Normale,Deux véhicules - côté,4,2,2,0,2,1,1,0,1,50,,2,1,0,0,1,79.0,56.0,,,1,2,3,1,3
202100053208,2021-01-29 18:00:00,2021,1,29,18,0,35,35281,NANTES (RUE DE),48.08888,-1.69366,Nuit avec éclairage allumé,En agglomération,Hors intersection,Normale,Deux véhicules - côté,4,2,1,0,1,1,1,0,1,50,,2,1,0,0,1,48.0,31.0,,,5,2,1,1,3
202100053209,2021-01-29 12:05:00,2021,1,29,12,5,35,35238,RN136,48.09913,-1.71419,Plein jour,Hors agglomération,Hors intersection,Normale,Autre collision,2,3,7,0,1,1,1,0,1,90,,1,0,0,0,1,70.0,,,,1,1,1,1,6
202100053210,2021-01-29 10:35:00,2021,1,29,10,35,35,35051,LONGCHAMPS (PORTE DES),48.14015,-1.6299,Plein jour,Hors agglomération,Hors intersection,Normale,Deux véhicules - côté,2,3,4,0,1,2,2,0,1,90,,2,1,0,0,1,33.0,60.0,,,1,1,1,1,3
202100053211,2021-01-28 17:00:00,2021,1,28,17,0,34,34032,SAINT SAENS CAMILLE (AV),43.34286,3.223,Plein jour,En agglomération,Hors intersection,Normale,Autre collision,4,2,1,0,1,1,1,6,1,50,,2,1,0,0,1,68.0,,,,1,2,1,1,6
202100053212,2021-01-29 11:40:00,2021,1,29,11,40,33,33063,Quai de Brazza,44.85208,-0.5571,Plein jour,En agglomération,Intersection en X,Normale,Deux véhicules - côté,4,2,2,0,1,1,1,0,8,50,,3,1,0,0,2,33.0,37.0,,,1,2,2,1,3
202100053213,2021-01-29 23:55:00,2021,1,29,23,55,33,33529,Boulevard des Miquelots,44.609962087,-1.1487133816,Nuit avec éclairage allumé,En agglomération,Hors intersection,Pluie légère,Sans collision,4,3,2,0,1,2,2,0,1,50,,1,0,0,0,1,26.0,,,,5,2,1,2,7
202100053214,2021-01-28 18:15:00,2021,1,28,18,15,31,31555,R-PT CHARLES FABRE,43.5746535119,1.4050242305,Crépuscule ou aube,En agglomération,Hors intersection,Normale,Autre collision,4,2,2,0,1,3,1,0,1,50,,2,1,0,0,1,24.0,,,,2,2,1,1,6
202100053215,2021-01-27 13:40:00,2021,1,27,13,40,31,31555,PONT NEUF,43.59886,1.43653,Plein jour,En agglomération,Hors intersection,Pluie légère,Deux véhicules - côté,7,2,3,0,1,1,2,0,1,50,,2,1,0,0,1,39.0,26.0,,,1,2,1,2,3
202100053216,2021-01-29 19:20:00,2021,1,29,19,20,30,30189,GAMBETTA (BD),43.8404895155,4.3603384495,Nuit avec éclairage allumé,En agglomération,Intersection en T,Normale,Deux véhicules - côté,4,1,3,3,1,1,1,0,6,50,,3,1,1,1,0,20.0,35.0,,,5,2,3,1,3
202100053217,2021-01-29 16:10:00,2021,1,29,16,10,30,30007,HUIT MAI 1945 (QUAI DU),44.13379,4.07839,Plein jour,En agglomération,Autre intersection,Normale,Autre collision,4,2,2,0,1,1,1,9,1,50,,3,2,0,0,1,18.0,,,,1,2,9,1,6
202100053218,2021-01-28 16:30:00,2021,1,28,16,30,28,28085,EPARGNE (RUE DE L'),48.44746,1.47679,Plein jour,En agglomération,Giratoire,Pluie légère,Deux véhicules - côté,4,-1,2,0,2,1,2,0,1,30,,2,1,1,0,0,66.0,27.0,,,1,2,6,2,3
202100053219,2021-01-28 08:10:00,2021,1,28,8,10,21,21231,MARECHAL JUIN (BOULEVARD),47.31384,5.00815,Crépuscule ou aube,En agglomération,Intersection en T,Pluie légère,Deux véhicules - frontale,4,2,3,0,1,1,2,0,1,50,,3,0,0,1,2,62.0,33.0,,,2,2,3,2,1
202100053220,2021-01-28 08:59:00,2021,1,28,8,59,17,17300,HUGO   RUE VICTOR,46.16121,-1.16728,Plein jour,En agglomération,Intersection en X,Pluie légère,Deux véhicules - côté,4,1,1,0,2,1,2,0,1,50,,3,2,0,0,1,43.0,54.0,,,1,2,2,2,3
202100053221,2021-01-29 12:55:00,2021,1,29,12,55,14,14137,D9,49.1871,-0.4257,Plein jour,Hors agglomération,Intersection en T,Pluie légère,Deux véhicules - frontale,3,2,3,0,1,1,2,0,1,70,,2,1,0,0,1,35.0,20.0,,,1,1,3,2,1
202100053222,2021-01-28 08:10:00,2021,1,28,8,10,14,14118,Rue du Chemin Vert,49.18959,-0.39038,Plein jour,En agglomération,Hors intersection,Normale,Autre collision,4,2,-1,0,1,1,1,0,1,50,,2,1,0,0,1,20.0,,,,1,2,1,1,6
202100053223,2021-01-29 11:25:00,2021,1,29,11,25,14,14118,Boulevard Yves Guillou,49.17178,-0.38468,Plein jour,En agglomération,Giratoire,Normale,Deux véhicules - côté,3,-1,-1,0,1,1,1,0,1,50,,2,1,0,0,1,41.0,42.0,,,1,2,6,1,3
202100053224,2021-01-29 08:30:00,2021,1,29,8,30,14,14118,Rue de Falaise,49.16574,-0.35044,Plein jour,En agglomération,Hors intersection,Pluie légère,Deux véhicules - côté,4,2,2,0,1,1,2,0,1,50,,2,1,0,0,1,55.0,35.0,,,1,2,1,2,3
202100053225,2021-01-22 17:45:00,2021,1,22,17,45,14,14118,Avenue de Tourville,49.1845,-0.341,Nuit avec éclairage allumé,En agglomération,Hors intersection,Pluie forte,Autre collision,4,2,2,0,1,1,2,0,1,50,,2,1,0,0,1,20.0,,,,5,2,1,3,6
202100053226,2021-01-29 20:45:00,2021,1,29,20,45,13,13211,SAINT MARCEL (BOULEVARD DE ),43.28627,5.47166,Nuit avec éclairage allumé,En agglomération,Hors intersection,Normale,Deux véhicules - côté,4,2,2,0,1,1,1,0,1,50,,2,1,0,0,1,22.0,26.0,,,5,2,1,1,3
202100053227,2021-01-29 22:00:00,2021,1,29,22,0,13,13215,ODETTE JASSE (rue),43.3423277196,5.3709670109,Nuit avec éclairage allumé,En agglomération,Autre intersection,Normale,Autre collision,9,-1,1,0,1,1,1,0,8,50,,2,1,0,0,1,24.0,,,,5,2,9,1,6
202100053228,2021-01-29 14:20:00,2021,1,29,14,20,13,13211,LÉON BANCAL (RUE),43.2878076014,5.4805219205,Plein jour,En agglomération,Hors intersection,Normale,Trois véhicules et plus - en chaîne,4,-1,1,0,1,1,1,0,1,50,,5,4,0,0,1,49.0,32.0,,,1,2,1,1,4
202100053229,2021-01-28 14:15:00,2021,1,28,14,15,13,13204,PAUTRIER (RUE),43.308976,5.391493,Plein jour,En agglomération,Intersection en T,Normale,Deux véhicules - côté,4,2,2,0,2,1,1,0,1,50,,2,1,0,0,1,19.0,20.0,,,1,2,3,1,3
202100053230,2021-01-28 09:00:00,2021,1,28,9,0,11,11262,RD 6009 NARBONNE - BEZIERS,43.195233,2.996139,Plein jour,En agglomération,Hors intersection,Normale,Deux véhicules - arrière,3,2,2,0,1,1,1,0,1,80,,2,1,0,0,1,23.0,47.0,,,1,2,1,1,2
202100053231,2021-01-25 09:25:00,2021,1,25,9,25,11,11262,CARNOT (AVENUE),43.19453,3.01032,Plein jour,En agglomération,Hors intersection,Normale,Deux véhicules - arrière,4,2,2,0,1,1,1,8,1,50,,2,1,0,0,1,36.0,28.0,,,1,2,1,1,2
202100053232,2021-01-28 19:29:00,2021,1,28,19,29,10,10081,PRESIDENT RENE COTY,48.32177,4.03391,Nuit avec éclairage allumé,En agglomération,Hors intersection,Temps couvert,Trois véhicules et plus - collisions multiples,4,3,4,0,1,1,1,0,1,50,,3,2,0,0,1,64.0,30.0,,,5,2,1,8,5
202100053233,2021-01-29 18:35:00,2021,1,29,18,35,06,06088,CROS DE CAPEU (RUE),43.710718,7.254898,Nuit avec éclairage allumé,En agglomération,Intersection en X,Normale,Deux véhicules - côté,4,4,1,0,1,1,1,0,1,50,,3,1,0,1,1,40.0,17.0,,,5,2,2,1,3
202100053234,2021-01-29 09:29:00,2021,1,29,9,29,06,06104,PEGLION (RUE ANTOINE),43.767278,7.47996,Plein jour,En agglomération,Hors intersection,Normale,Autre collision,3,2,2,0,2,3,1,0,1,50,,2,0,0,1,1,31.0,,,,1,2,1,1,6
202100053235,2021-01-29 14:45:00,2021,1,29,14,45,06,06123,POMPIDOU GEORGES BOULEVARD,43.674907,7.192621,Plein jour,En agglomération,Hors intersection,Normale,Trois véhicules et plus - en chaîne,7,2,2,0,1,1,1,0,1,50,,4,2,0,0,2,33.0,24.0,,,1,2,1,1,4
202100053236,2021-01-29 09:00:00,2021,1,29,9,0,06,06123,PUGETS MOYENNE CORNICHE DES,43.69179,7.17919,Plein jour,En agglomération,Hors intersection,Normale,Sans collision,4,2,2,0,2,1,1,0,1,50,,2,0,0,0,2,19.0,,,,1,2,1,1,7
202100053237,2021-01-29 15:30:00,2021,1,29,15,30,75,75119,BOULEVARD PERIPHERIQUE,48.900283,2.383367,Plein jour,En agglomération,Hors intersection,Pluie légère,Trois véhicules et plus - en chaîne,4,1,4,0,1,1,2,0,1,70,,6,5,0,0,1,31.0,,,,1,2,1,2,4
202100053238,2021-01-29 20:15:00,2021,1,29,20,15,75,75105,BOULEVARD SAINT MICHEL,48.846905,2.340603,Nuit avec éclairage allumé,En agglomération,Intersection en Y,Normale,Deux véhicules - arrière,4,2,4,0,1,1,1,0,1,50,,2,1,0,0,1,53.0,31.0,,,5,2,4,1,2
202100053239,2021-01-29 17:00:00,2021,1,29,17,0,75,75119,RUE ALEXANDER FLEMING,48.881991,2.402526,Plein jour,En agglomération,Intersection en X,Pluie légère,Deux véhicules - côté,4,2,2,0,2,1,2,0,1,50,,2,1,0,0,1,34.0,31.0,,,1,2,2,2,3
202100053240,2021-01-28 22:30:00,2021,1,28,22,30,75,75119,PLACE AUGUSTE BARON,48.9008426582,2.3889591881,Nuit avec éclairage allumé,En agglomération,Place,Pluie légère,Deux véhicules - côté,4,1,3,0,1,1,2,0,1,50,,3,1,0,0,2,57.0,21.0,,,5,2,7,2,3
202100053241,2021-01-28 13:00:00,2021,1,28,13,0,75,75118,RUE CAULAINCOURT,48.885118,2.330282,Plein jour,En agglomération,Hors intersection,Temps couvert,Deux véhicules - côté,4,2,3,0,2,1,2,0,1,50,,2,1,0,0,1,25.0,46.0,,,1,2,1,8,3
202100053242,2021-01-28 07:00:00,2021,1,28,7,0,75,75118,RUE DE LA CHAPELLE,48.8946851722,2.3594373465,Nuit avec éclairage allumé,En agglomération,Hors intersection,Pluie légère,Autre collision,4,2,3,3,1,1,2,-1,6,50,,1,0,0,0,1,71.0,,,,5,2,1,2,6
202100053243,2021-01-29 09:10:00,2021,1,29,9,10,75,75117,RUE BRUNEL,48.876535,2.288801,Plein jour,En agglomération,Hors intersection,Normale,Deux véhicules - côté,4,1,1,0,2,1,1,0,1,30,,2,1,0,0,1,25.0,48.0,,,1,2,1,1,3
202100053244,2021-01-29 08:13:00,2021,1,29,8,13,75,75117,AVENUE DE WAGRAM,48.875127,2.296021,Plein jour,En agglomération,Intersection en X,Normale,Deux véhicules - côté,4,2,6,1,2,1,1,-1,5,50,,2,1,0,0,1,36.0,25.0,,,1,2,2,1,3
202100053245,2021-01-28 12:50:00,2021,1,28,12,50,75,75117,AVENUE DES TERNES,48.878307,2.295712,Plein jour,En agglomération,Intersection en X,Normale,Deux véhicules - côté,4,2,4,0,1,1,2,0,1,50,,3,2,0,0,1,26.0,45.0,,,1,2,2,1,3
202100053246,2021-01-29 18:15:00,2021,1,29,18,15,75,75114,BOULEVARD RASPAIL,48.840589,2.330139,Nuit avec éclairage allumé,En agglomération,Intersection en Y,Normale,Autre collision,4,2,4,0,1,1,2,0,1,50,,2,1,0,1,0,49.0,,,,5,2,4,1,6
202100053247,2021-01-28 13:10:00,2021,1,28,13,10,75,75113,RUE BOBILLOT,48.829919,2.354199,Plein jour,En agglomération,Hors intersection,Temps couvert,Deux véhicules - côté,4,1,2,0,1,1,2,0,1,50,,2,1,0,0,1,,44.0,,,1,2,1,8,3
202100053248,2021-01-29 12:30:00,2021,1,29,12,30,75,75110,BOULEVARD DE LA VILLETTE,48.884266,2.36464,Plein jour,En agglomération,Intersection en X,Pluie légère,Sans collision,4,3,2,0,1,1,2,0,1,50,,1,0,0,0,1,37.0,,,,1,2,2,2,7
202100053249,2021-01-28 23:46:00,2021,1,28,23,46,75,75110,BOULEVARD DE MAGENTA,48.8785352863,2.3540523732,Nuit avec éclairage allumé,En agglomération,Intersection à plus de 4 branches,Pluie légère,Autre collision,4,3,2,0,1,1,2,9,1,50,,1,0,0,0,1,46.0,,,,5,2,5,2,6
202100053250,2021-01-28 10:40:00,2021,1,28,10,40,75,75110,BOULEVARD DE MAGENTA,48.872681,2.359328,Plein jour,En agglomération,Hors intersection,Pluie légère,Autre collision,4,1,2,0,1,1,2,0,1,50,,2,1,0,0,1,29.0,,,,1,2,1,2,6
202100053251,2021-01-29 14:35:00,2021,1,29,14,35,75,75107,PONT DE LA CONCORDE,48.8625825338,2.3190491784,Plein jour,En agglomération,Intersection en X,Pluie légère,Deux véhicules - côté,4,2,6,1,1,1,2,-1,5,50,,2,1,0,0,1,57.0,40.0,,,1,2,2,2,3
202100053252,2021-01-29 09:07:00,2021,1,29,9,7,75,75107,RUE DES SAINTS PERES,48.851869,2.328662,Plein jour,En agglomération,Intersection en Y,Normale,Autre collision,4,1,1,0,1,2,1,0,1,50,,2,1,0,0,1,69.0,,,,1,2,4,1,6
202100053253,2021-01-28 14:45:00,2021,1,28,14,45,75,75104,QUAI DE L HOTEL DE VILLE,48.85344,2.357893,Plein jour,En agglomération,Intersection en X,Normale,Trois véhicules et plus - collisions multiples,4,2,4,0,1,1,1,0,1,50,,3,2,0,0,1,41.0,39.0,,,1,2,2,1,5
202100053254,2021-01-29 09:30:00,2021,1,29,9,30,94,94081,STALINGRAD (BD DE),48.79,2.38,Plein jour,En agglomération,Hors intersection,Normale,Autre collision,3,1,2,0,1,1,1,6,4,50,,2,1,0,0,1,,,,,1,2,1,1,6
202100053255,2021-01-29 13:45:00,2021,1,29,13,45,94,94067,AMIRAL COURBET (R DE L),48.84547,2.41751,Plein jour,En agglomération,Intersection en T,Pluie légère,Autre collision,3,2,2,0,1,1,2,0,1,50,,2,1,0,0,1,18.0,,,,1,2,3,2,6
202100053256,2021-01-28 07:25:00,2021,1,28,7,25,94,94068,Avenue de l’Alma,48.788419,2.495272,Nuit avec éclairage allumé,En agglomération,Hors intersection,Pluie légère,Autre collision,4,2,3,0,1,2,2,0,1,50,,4,1,0,1,2,25.0,41.0,,,5,2,1,2,6
202100053257,2021-01-29 13:35:00,2021,1,29,13,35,94,94043,QUATORZE JUILLET (R DU),48.81456,2.36079,Plein jour,En agglomération,Intersection en X,Pluie légère,Deux véhicules - côté,3,2,1,1,1,1,2,0,1,50,,2,1,0,0,1,43.0,40.0,,,1,2,2,2,3
202100053258,2021-01-29 10:30:00,2021,1,29,10,30,94,94003,Avenue Laplace,48.80699,2.33598,Plein jour,En agglomération,Autre intersection,Normale,Autre collision,4,2,2,0,2,1,1,0,1,50,,1,0,0,0,1,80.0,,,,1,2,9,1,6
202100053259,2021-01-29 14:55:00,2021,1,29,14,55,94,94073,REGNAULT LEROY (R),48.7625,2.3925,Plein jour,En agglomération,Hors intersection,Pluie légère,Autre collision,4,2,2,0,1,1,2,0,1,30,,3,1,0,0,2,71.0,,,,1,2,1,2,6
202100053260,2021-01-28 09:00:00,2021,1,28,9,0,94,94028,BASSINS.(CHEMIN DES),48.76832,2.46502,Plein jour,En agglomération,Hors intersection,Temps couvert,Autre collision,4,2,0,0,1,3,2,0,1,50,,1,0,0,0,1,29.0,,,,1,2,1,8,6
202100053261,2021-01-29 14:45:00,2021,1,29,14,45,94,94077,JEAN PIERRE TIMBAUD (R),48.732016,2.429597,Plein jour,En agglomération,Hors intersection,Pluie légère,Sans collision,4,2,2,0,1,1,2,0,1,50,,1,0,0,1,0,54.0,,,,1,2,1,2,7
202100053262,2021-01-28 11:05:00,2021,1,28,11,5,94,94022,ALLIES (BD DES),48.76624,2.40451,Plein jour,En agglomération,Intersection en X,Pluie légère,Deux véhicules - côté,3,1,2,1,1,1,2,9,1,50,,2,1,0,0,1,28.0,50.0,,,1,2,2,2,3
202100053263,2021-01-28 16:15:00,2021,1,28,16,15,93,93078,KENNEDY (BOULEVARD DU PRESIDENT),48.95919,2.54369,Plein jour,En agglomération,Intersection en T,Pluie légère,Autre collision,4,-1,2,0,1,1,2,0,1,50,,2,1,0,0,1,70.0,,,,1,2,3,2,6
202100053264,2021-01-27 12:40:00,2021,1,27,12,40,93,93066,PRESSENCE FRANCIS (AVENUE),48.9214687638,2.3658833206,Plein jour,En agglomération,Hors intersection,Normale,Deux véhicules - arrière,3,1,1,0,1,4,1,0,1,50,,2,1,0,0,1,49.0,49.0,,,1,2,1,1,2
202100053265,2021-01-29 16:10:00,2021,1,29,16,10,93,93051,BUTTE VERTE,48.8380341594,2.5723013719,Plein jour,En agglomération,Hors intersection,Normale,Autre collision,4,2,2,0,1,1,1,0,1,50,,2,1,0,0,1,41.0,,,,1,2,1,1,6
202100053266,2021-01-29 14:20:00,2021,1,29,14,20,93,93050,GASTON NAVAILLE (RUE),48.8715,2.53451,Plein jour,En agglomération,Intersection en Y,Pluie légère,Deux véhicules - côté,4,2,2,0,1,1,2,0,1,50,,2,1,0,0,1,19.0,39.0,,,1,2,4,2,3
202100053267,2021-01-29 09:55:00,2021,1,29,9,55,93,93050,PAUL ET CAMILLE THOMOUX (RUE) COTE PAIR,48.8733466122,2.5296996544,Plein jour,En agglomération,Intersection en X,Pluie légère,Autre collision,3,2,2,0,1,1,2,0,1,50,,2,1,0,0,1,49.0,,,,1,2,2,2,6
202100053268,2021-01-29 19:40:00,2021,1,29,19,40,93,93006,LENINE RUE,48.8688916169,2.4247543692,Nuit avec éclairage allumé,En agglomération,Intersection en T,Pluie légère,Deux véhicules - côté,4,2,1,0,1,1,2,0,1,50,,3,2,0,1,0,16.0,41.0,,,5,2,3,2,3
202100053269,2021-01-28 11:50:00,2021,1,28,11,50,93,93032,JEAN JAURES (AVENUE),48.8835405792,2.529487469,Plein jour,En agglomération,Hors intersection,Normale,Autre collision,3,2,2,0,1,1,1,0,1,50,,2,1,0,0,1,,,,,1,2,1,1,6
202100053270,2021-01-26 06:45:00,2021,1,26,6,45,93,93031,MARNE (AVENUE DE LA),48.9534227294,2.3272609968,Crépuscule ou aube,En agglomération,Hors intersection,Normale,Autre collision,4,2,2,0,1,1,1,0,1,50,,3,1,0,0,2,35.0,,,,2,2,1,1,6
202100053271,2021-01-29 12:57:00,2021,1,29,12,57,92,92022,SALENGRO (AVENUE ROGER),48.8052303043,2.1829875559,Plein jour,En agglomération,Hors intersection,Normale,Deux véhicules - côté,3,-1,2,2,1,1,1,0,5,50,,2,1,0,0,1,30.0,44.0,,,1,2,1,1,3
202100053272,2021-01-29 19:15:00,2021,1,29,19,15,92,92025,STALINGRAD (AV DE),48.9300171985,2.267729938,Nuit avec éclairage allumé,En agglomération,Intersection en T,Pluie légère,Deux véhicules - côté,3,2,2,0,1,1,2,0,1,50,,2,1,0,0,1,20.0,26.0,,,5,2,3,2,3
202100053273,2021-01-28 19:10:00,2021,1,28,19,10,92,92012,REPUBLIQUE (BOULEVARD DE LA) 5/77BIS - 6,48.8324637864,2.2510545679,Nuit avec éclairage allumé,En agglomération,Hors intersection,Normale,Deux véhicules - côté,4,2,4,0,1,1,2,0,1,50,,2,1,0,0,1,57.0,64.0,,,5,2,1,1,3
202100053274,2021-01-28 08:55:00,2021,1,28,8,55,92,92004,GRANDE RUE CHARLES DE GAULLE,48.90606,2.28656,Plein jour,En agglomération,Intersection en T,Temps couvert,Autre collision,3,2,2,0,2,1,2,0,1,50,,2,1,0,0,1,24.0,43.0,,,1,2,3,8,6
202100053275,2021-01-29 10:15:00,2021,1,29,10,15,92,92002,GEORGES SUANT (RUE),48.7438797859,2.2841907755,Plein jour,En agglomération,Intersection en T,Temps couvert,Deux véhicules - côté,3,2,2,0,1,1,1,0,1,50,,2,0,0,0,2,40.0,69.0,,,1,2,3,8,3
202100053276,2021-01-29 16:00:00,2021,1,29,16,0,80,80016,Rue Gallieni,50.001098,2.649223,Plein jour,En agglomération,Hors intersection,Pluie légère,Autre collision,4,2,2,0,1,1,2,0,1,50,,2,1,0,1,0,52.0,,,,1,2,1,2,6
202100053277,2021-01-27 16:10:00,2021,1,27,16,10,33,33327,Cours du Maréchal Foch,44.656894,-0.36639,Plein jour,En agglomération,Giratoire,Pluie forte,Deux véhicules - côté,3,2,2,0,1,2,2,0,1,50,,2,1,0,0,1,22.0,71.0,,,1,2,6,3,3
202100053278,2021-01-29 16:15:00,2021,1,29,16,15,49,49381,la gray,47.062361,-0.725098,Plein jour,Hors agglomération,Hors intersection,Normale,Deux véhicules - frontale,3,2,2,0,1,3,1,0,1,80,,2,0,0,2,0,25.0,49.0,,,1,1,1,1,1
202100053279,2021-01-03 08:30:00,2021,1,3,8,30,37,37226,Autoroute 10 pk 240+100,47.1096228884,0.5925364496,Crépuscule ou aube,Hors agglomération,Hors intersection,Pluie légère,Trois véhicules et plus - collisions multiples,1,3,4,0,4,2,2,0,1,90,,4,2,0,1,1,57.0,33.0,,,2,1,1,2,5
202100053280,2021-01-23 16:15:00,2021,1,23,16,15,83,83140,Chemin de la Menuguette,43.415746,5.928717,Plein jour,Hors agglomération,Hors intersection,Pluie légère,Autre collision,4,2,2,0,1,1,2,0,3,50,,3,2,0,1,0,22.0,,,,1,1,1,2,6
202100053281,2021-01-30 18:00:00,2021,1,30,18,0,2B,2B346,Torra,42.507176,9.46102,Nuit avec éclairage allumé,Hors agglomération,Hors intersection,Normale,Autre collision,2,2,2,0,1,3,1,9,3,-1,,1,0,0,1,0,41.0,,,,5,1,1,1,6
202100053282,2021-01-15 16:50:00,2021,1,15,16,50,65,65125,"route de lannemezan, D17",43.130227,0.368643,Plein jour,Hors agglomération,Hors intersection,Temps couvert,Deux véhicules - frontale,3,2,2,0,1,1,2,0,1,80,,2,1,0,0,1,27.0,38.0,,,1,1,1,8,1
202100053283,2021-01-26 16:50:00,2021,1,26,16,50,11,11145,La Pagèze,43.235335,3.172962,Plein jour,Hors agglomération,Hors intersection,Normale,Sans collision,3,3,2,0,2,3,1,0,3,80,,1,0,0,1,0,55.0,,,,1,1,1,1,7
202100053284,2021-01-28 18:30:00,2021,1,28,18,30,44,44130,D178,47.10899,-1.545085,Nuit sans éclairage public,En agglomération,Hors intersection,Pluie forte,Deux véhicules - frontale,3,2,2,0,1,3,2,0,1,70,,2,0,0,1,1,60.0,30.0,,,3,2,1,3,1
202100053285,2021-01-29 23:00:00,2021,1,29,23,0,60,60180,RD 22,49.5430103189,1.9396662711,Nuit sans éclairage public,Hors agglomération,Hors intersection,Pluie légère,Autre collision,3,2,2,0,1,3,2,0,3,80,,1,0,0,1,0,24.0,,,,3,1,1,2,6
202100053286,2021-01-30 03:50:00,2021,1,30,3,50,45,45113,110 Route des Chopilles,48.0494840578,2.9361396432,Nuit sans éclairage public,En agglomération,Hors intersection,Pluie légère,Autre collision,4,2,2,0,2,1,2,0,1,50,,2,0,1,0,1,25.0,,,,3,2,1,2,6
202100053287,2021-01-29 10:45:00,2021,1,29,10,45,64,64010,RD 933,43.333144,-1.01538,Plein jour,Hors agglomération,Intersection en T,Pluie forte,Deux véhicules - côté,3,2,3,0,1,1,2,5,1,80,,2,1,0,1,0,34.0,79.0,,,1,1,3,3,3
202100053288,2021-01-29 14:25:00,2021,1,29,14,25,27,27467,D675,49.348787,0.524848,Plein jour,En agglomération,Intersection en X,Pluie légère,Deux véhicules - côté,3,3,2,0,1,2,2,5,1,50,,2,1,0,1,0,20.0,16.0,,,1,2,2,2,3
202100053289,2021-01-29 17:00:00,2021,1,29,17,0,01,01228,A40,46.134973,5.523913,Plein jour,Hors agglomération,Hors intersection,Pluie légère,Autre collision,1,3,4,0,2,2,2,0,1,110,,1,0,0,0,1,22.0,,,,1,1,1,2,6
202100053290,2021-01-29 08:30:00,2021,1,29,8,30,06,06149,"AUTOROUTE A8, PK 207.150 nord",43.744169,7.371365,Plein jour,Hors agglomération,Hors intersection,Normale,Trois véhicules et plus - collisions multiples,1,3,3,0,2,1,1,0,1,90,,3,2,0,0,1,,59.0,,,1,1,1,1,5
202100053291,2021-01-30 11:00:00,2021,1,30,11,0,55,55567,Autoroute A4,49.0886512552,5.1845169069,Plein jour,Hors agglomération,Hors intersection,Pluie légère,Sans collision,1,3,4,0,4,1,2,2,1,130,,2,1,0,1,0,72.0,,,,1,1,1,2,7
202100053292,2021-01-30 19:30:00,2021,1,30,19,30,988,98821,la Tamoa RT1,-22.068306,166.276016,Nuit sans éclairage public,Hors agglomération,Hors intersection,Normale,Deux véhicules - frontale,2,2,2,0,1,1,1,0,1,90,,2,1,1,0,0,45.0,19.0,,,3,1,1,1,1
202100053293,2021-01-29 17:45:00,2021,1,29,17,45,37,37072,21 Place des Droits de l'Homme,47.1633144124,0.2511506304,Plein jour,En agglomération,Intersection en T,Normale,Deux véhicules - côté,3,2,2,0,1,1,1,0,1,50,,2,1,0,0,1,26.0,28.0,,,1,2,3,1,3
202100053294,2021-01-30 19:00:00,2021,1,30,19,0,91,91338,D838,48.634341,2.063928,Nuit sans éclairage public,Hors agglomération,Hors intersection,Pluie légère,Deux véhicules - côté,3,2,2,0,1,1,2,0,1,90,,2,1,0,0,1,46.0,17.0,,,3,1,1,2,3
202100053295,2021-01-29 08:15:00,2021,1,29,8,15,67,67300,40 rue de Saverne,48.545412,7.491547,Plein jour,En agglomération,Hors intersection,Pluie légère,Autre collision,3,2,2,0,3,4,2,0,1,50,,2,1,0,0,1,36.0,,,,1,2,1,2,6