accident_id,datetime,annee,mois,jour,heure,minute,departement,commune_insee,adresse,latitude,longitude,luminosite,agglomeration,intersection,meteo,collision,catr,circ,nbv,vosp,prof,plan,surf,infra,situ,vma,nb_vehicules,nb_usagers,nb_indemnes,nb_tues,nb_blesses_hosp,nb_blesses_legers,age_cond_1,age_cond_2,veh_type_cond_1,veh_type_cond_2,lum_code,agg_code,int_code,atm_code,col_code
202100053296,2021-01-30 14:30:00,2021,1,30,14,30,54,54023, D914,48.742829,6.541159,Plein jour,Hors agglomération,Hors intersection,Temps couvert,Sans collision,3,2,2,0,2,2,2,0,3,80,,3,0,0,0,3,81.0,,,,1,1,1,8,7
202100053297,2021-01-28 12:45:00,2021,1,28,12,45,33,33268,Chemin de Calbat,45.018912,-0.680176,Plein jour,Hors agglomération,Intersection en Y,Normale,Deux véhicules - frontale,3,2,2,0,1,2,1,0,1,80,,2,1,0,0,1,21.0,69.0,,,1,1,4,1,1
202100053298,2021-01-29 13:45:00,2021,1,29,13,45,72,72154,Boulevard du Québec,47.708029,-0.068391,Plein jour,En agglomération,Giratoire,Normale,Deux véhicules - côté,3,2,2,0,1,1,1,5,1,50,,2,1,0,0,1,30.0,,,,1,2,6,1,3
202100053299,2021-01-30 14:45:00,2021,1,30,14,45,50,50601,63 Rue Danican,49.037931,-0.972832,Plein jour,En agglomération,Hors intersection,Pluie forte,Autre collision,3,2,2,0,1,1,2,0,1,50,,2,1,0,1,0,59.0,,,,1,2,1,3,6
202100053300,2021-01-30 08:10:00,2021,1,30,8,10,60,60462,Rue de Calais,49.3360456914,2.197302103,Crépuscule ou aube,En agglomération,Hors intersection,Pluie forte,Autre collision,3,2,2,0,1,1,2,0,1,50,,2,1,0,1,0,51.0,,,,2,2,1,3,6
202100053301,2021-01-29 11:25:00,2021,1,29,11,25,59,59559,cd 50a,50.336093,3.636861,Plein jour,Hors agglomération,Intersection en X,Pluie forte,Deux véhicules - côté,3,2,2,0,2,1,2,0,1,70,,2,1,0,1,0,42.0,51.0,,,1,1,2,3,3
202100053302,2021-01-20 22:15:00,2021,1,20,22,15,13,13216,A55-Sens Martigues vers Marseille,43.3461,5.3454,Nuit sans éclairage public,Hors agglomération,Hors intersection,Pluie légère,Sans collision,1,3,3,0,2,2,2,0,1,90,,1,0,0,1,0,29.0,,,,3,1,1,2,7
202100053303,2021-01-26 08:50:00,2021,1,26,8,50,69,69091,A47,45.57905,4.72834,Plein jour,Hors agglomération,Hors intersection,Normale,Deux véhicules - arrière,1,3,4,0,1,1,1,0,1,90,,3,1,1,0,1,28.0,26.0,,,1,1,1,1,2
202100053304,2021-01-28 14:15:00,2021,1,28,14,15,59,59360,AUTOROUTE A25,50.619768,3.007111,Plein jour,Hors agglomération,Hors intersection,Pluie légère,Trois véhicules et plus - collisions multiples,1,3,3,0,1,1,2,0,1,110,,4,3,0,1,0,51.0,73.0,,,1,1,1,2,5
202100053305,2021-01-29 18:10:00,2021,1,29,18,10,94,94034,AUTOROUTE A86,48.7591767986,2.3236848206,Nuit avec éclairage allumé,Hors agglomération,Hors intersection,Normale,Trois véhicules et plus - en chaîne,1,2,4,0,1,1,1,1,1,90,,4,2,0,0,2,24.0,60.0,,,5,1,1,1,4
202100053306,2021-01-29 17:34:00,2021,1,29,17,34,91,91179,RN 337,48.556249,2.49676,Nuit sans éclairage public,Hors agglomération,Hors intersection,Pluie légère,Sans collision,2,1,1,0,1,1,2,0,3,90,,1,0,0,0,1,31.0,,,,3,1,1,2,7
202100053307,2021-01-28 09:45:00,2021,1,28,9,45,94,94034,AUTOROUTE A86,48.7602,2.3204,Plein jour,Hors agglomération,Hors intersection,Pluie légère,Trois véhicules et plus - en chaîne,1,3,4,0,1,1,2,1,1,70,,3,2,0,0,1,29.0,28.0,,,1,1,1,2,4
202100053308,2021-01-29 18:10:00,2021,1,29,18,10,92,92025,A86,48.9274172419,2.2374022007,Nuit avec éclairage non allumé,Hors agglomération,Hors intersection,Pluie légère,Deux véhicules - côté,1,3,4,0,1,1,2,0,1,90,,2,1,0,0,1,52.0,27.0,,,4,1,1,2,3
202100053309,2021-01-29 17:15:00,2021,1,29,17,15,93,93010,AUTOROUTE A3,48.90234,2.47084,Plein jour,Hors agglomération,Hors intersection,Pluie légère,Trois véhicules et plus - en chaîne,1,3,8,0,1,1,2,0,1,90,,3,2,0,0,1,36.0,46.0,,,1,1,1,2,4
202100053310,2021-01-29 13:30:00,2021,1,29,13,30,93,93005,AUTOROUTE A1,48.95973,2.46644,Plein jour,Hors agglomération,Hors intersection,Normale,Deux véhicules - arrière,1,3,6,0,1,1,1,0,1,110,,2,1,0,0,1,51.0,50.0,,,1,1,1,1,2
202100053311,2021-01-29 07:00:00,2021,1,29,7,0,93,93007,AUTOROUTE A1,48.94353,2.43538,Crépuscule ou aube,Hors agglomération,Hors intersection,Normale,Trois véhicules et plus - collisions multiples,1,3,8,0,1,1,2,0,1,110,,3,2,0,0,1,45.0,33.0,,,2,1,1,1,5
202100053312,2021-01-28 17:00:00,2021,1,28,17,0,92,92036,AUTOROUTE A86,48.93818,2.31339,Plein jour,Hors agglomération,Hors intersection,Normale,Deux véhicules - arrière,1,3,6,0,1,1,1,0,1,90,,2,1,0,0,1,26.0,26.0,,,1,1,1,1,2
202100053313,2021-01-28 13:45:00,2021,1,28,13,45,95,95252, A15,48.9791829779,2.2291476672,Plein jour,Hors agglomération,Hors intersection,Pluie légère,Trois véhicules et plus - en chaîne,1,3,8,0,2,1,2,0,1,110,,4,2,0,0,2,33.0,28.0,,,1,1,1,2,4
202100053314,2021-01-28 14:30:00,2021,1,28,14,30,95,95277, A3,48.97126,2.48355,Plein jour,Hors agglomération,Hors intersection,Normale,Autre collision,1,3,-1,0,1,1,1,0,1,110,,1,0,0,0,1,39.0,,,,1,1,1,1,6
202100053315,2021-01-29 14:30:00,2021,1,29,14,30,77,77146,A4.Y,48.8320783507,2.652526072,Plein jour,Hors agglomération,Hors intersection,Normale,Trois véhicules et plus - en chaîne,1,3,4,0,1,1,1,0,1,110,,5,4,0,1,0,56.0,41.0,,,1,1,1,1,4
202100053316,2021-01-27 14:00:00,2021,1,27,14,0,974,97407,ROUTE NATIONALE N° 1,-20.9482,55.322,Plein jour,Hors agglomération,Hors intersection,Normale,Sans collision,2,1,2,0,1,1,1,0,1,110,,1,0,0,0,1,69.0,,,,1,1,1,1,7
202100053317,2021-01-28 18:10:00,2021,1,28,18,10,973,97302,MONTABO (ROUTE DE) 1,4.93802,-52.29897,Plein jour,En agglomération,Hors intersection,Normale,Deux véhicules - frontale,3,2,2,0,1,1,1,0,1,50,,3,1,0,0,2,18.0,44.0,,,1,2,1,1,1
202100053318,2021-01-28 16:50:00,2021,1,28,16,50,973,97302,BADUEL (ROUTE DE),4.9359,-52.31352,Plein jour,En agglomération,Hors intersection,Normale,Deux véhicules - frontale,3,2,2,0,1,1,1,0,1,50,,3,1,0,0,2,38.0,18.0,,,1,2,1,1,1
202100053319,2021-01-28 14:10:00,2021,1,28,14,10,973,97302,ZEPHIR (ROCADE),4.93355,-52.30925,Plein jour,En agglomération,Hors intersection,Normale,Deux véhicules - côté,3,2,2,0,1,1,1,0,1,50,,2,1,0,0,1,49.0,24.0,,,1,2,1,1,3
202100053320,2021-01-28 18:30:00,2021,1,28,18,30,69,69276,LYON (DE) (RTE)                          ,45.679995867,4.861222744,Nuit avec éclairage allumé,En agglomération,Hors intersection,Pluie légère,Autre collision,7,2,2,0,2,1,2,0,1,50,,4,3,0,0,1,72.0,,,,5,2,1,2,6
202100053321,2021-01-28 18:30:00,2021,1,28,18,30,69,69387,GARIBALDI (R),45.7439763988,4.8477649158,Nuit avec éclairage allumé,En agglomération,Intersection en X,Pluie légère,Deux véhicules - côté,4,1,4,2,1,1,2,0,1,50,,3,1,0,0,2,24.0,39.0,,,5,2,2,2,3
202100053322,2021-01-28 15:45:00,2021,1,28,15,45,69,69383,LACASSAGNE (AV),45.7462831625,4.8862032576,Plein jour,En agglomération,Hors intersection,Pluie légère,Deux véhicules - frontale,4,1,3,0,2,1,2,0,1,50,,2,1,0,0,1,20.0,59.0,,,1,2,1,2,1
202100053323,2021-01-27 22:25:00,2021,1,27,22,25,971,97101,BOISRIPEAUX,16.27763,-61.50435,Nuit avec éclairage allumé,En agglomération,Autre intersection,Temps couvert,Deux véhicules - arrière,4,2,1,0,1,3,1,9,1,50,,2,1,0,1,0,,23.0,,,5,2,9,8,2
202100053324,2021-01-28 20:40:00,2021,1,28,20,40,95,95018,GALLIENI (BOULEVARD),48.9427880862,2.2431246191,Nuit avec éclairage allumé,En agglomération,Intersection en X,Normale,Deux véhicules - côté,3,2,4,0,1,1,1,5,1,50,,2,1,0,0,1,25.0,23.0,,,5,2,2,1,3
202100053325,2021-01-18 14:30:00,2021,1,18,14,30,84,84007,C.De GAULLE (Rocade),43.94299,4.83314,Plein jour,En agglomération,Hors intersection,Normale,Deux véhicules - côté,4,2,4,0,1,1,1,0,1,50,,2,1,0,1,0,25.0,76.0,,,1,2,1,1,3
202100053326,2021-01-28 16:15:00,2021,1,28,16,15,79,79191,47 bis Rue du Fief d’Amourette,46.333146,-0.42235,Plein jour,En agglomération,Hors intersection,Pluie légère,Sans collision,4,2,2,0,1,1,2,9,1,50,,2,1,0,1,0,37.0,,,,1,2,1,2,7
202100053327,2021-01-27 19:15:00,2021,1,27,19,15,77,77307,RTE DE PROVINS,48.85436,2.75868,Nuit avec éclairage allumé,Hors agglomération,Intersection en T,Pluie légère,Deux véhicules - côté,3,1,2,0,1,1,2,0,1,70,,2,1,1,0,0,79.0,39.0,,,5,1,3,2,3
202100053328,2021-01-28 16:14:00,2021,1,28,16,14,65,65100, RUE RENE CASSIN,43.2642,0.0623,Plein jour,En agglomération,Hors intersection,Normale,Deux véhicules - frontale,3,2,2,0,1,1,1,0,1,50,,2,0,1,0,1,87.0,74.0,,,1,2,1,1,1
202100053329,2021-01-26 18:15:00,2021,1,26,18,15,64,64140,LACOUTURE (RUE PIERRE),43.53148,-1.47349,Nuit avec éclairage allumé,En agglomération,Intersection en T,Pluie légère,Deux véhicules - côté,4,2,2,0,1,3,2,0,1,50,,2,1,0,0,1,21.0,23.0,,,5,2,3,2,3
202100053330,2021-01-28 16:50:00,2021,1,28,16,50,62,62193,TUNIS (RUE DE),50.94338,1.83835,Plein jour,En agglomération,Hors intersection,Normale,Trois véhicules et plus - collisions multiples,3,2,2,0,1,1,1,0,1,50,,4,2,0,0,2,,21.0,,,1,2,1,1,5
202100053331,2021-01-28 17:10:00,2021,1,28,17,10,61,61001,17 Rue du General Pierre Fromentin,48.43585,0.084809,Plein jour,En agglomération,Hors intersection,Pluie légère,Autre collision,4,2,2,0,1,1,2,0,1,50,,2,1,0,0,1,70.0,,,,1,2,1,2,6
202100053332,2021-01-25 15:50:00,2021,1,25,15,50,59,59574,GAMBETTA LEON (RUE),50.35924,3.28969,Plein jour,En agglomération,Intersection en T,Normale,Deux véhicules - côté,3,2,2,0,1,2,1,0,1,50,,2,1,0,0,1,56.0,54.0,,,1,2,3,1,3
202100053333,2021-01-28 21:00:00,2021,1,28,21,0,42,42187,Rue Jean-Jacques Rousseau,46.0377721212,4.0566753186,Nuit avec éclairage allumé,En agglomération,Intersection en X,Temps couvert,Deux véhicules - côté,4,-1,2,0,1,1,1,0,1,50,,2,1,0,0,1,28.0,,,,5,2,2,8,3
202100053334,2021-01-28 18:50:00,2021,1,28,18,50,37,37261,GIRAUDOUX (RUE JEAN),47.4122138658,0.7113710493,Nuit avec éclairage allumé,En agglomération,Intersection en X,Pluie légère,Autre collision,4,2,2,0,2,1,2,5,1,50,,2,1,0,0,1,21.0,,,,5,2,2,2,6
202100053335,2021-01-28 08:50:00,2021,1,28,8,50,35,35238,Rue Papu,48.111114,-1.69711,Plein jour,En agglomération,Hors intersection,Pluie légère,Autre collision,4,2,2,0,2,1,2,0,1,30,,2,1,0,0,1,28.0,,,,1,2,1,2,6
202100053336,2021-01-27 15:32:00,2021,1,27,15,32,35,35051,PARIS (RUE DE),48.11428,-1.60619,Plein jour,En agglomération,Hors intersection,Pluie légère,Deux véhicules - arrière,4,3,4,0,1,1,2,0,1,50,,2,1,0,0,1,21.0,25.0,,,1,2,1,2,2
202100053337,2021-01-28 16:55:00,2021,1,28,16,55,33,33069,Avenue de la Libération Charles de Gaulle,44.86334,-0.603142,Plein jour,En agglomération,Intersection en T,Normale,Deux véhicules - côté,4,1,3,3,1,1,1,4,6,50,,2,1,0,0,1,54.0,60.0,,,1,2,3,1,3
202100053338,2021-01-28 11:10:00,2021,1,28,11,10,33,33063,Avenue Bel Air,44.83974,-0.60693,Plein jour,En agglomération,Intersection en X,Normale,Autre collision,4,3,3,0,1,2,1,0,1,50,,2,1,0,0,1,80.0,,,,1,2,2,1,6
202100053339,2021-01-28 18:30:00,2021,1,28,18,30,29,29232,D365 - Avenue du Morbihan,47.97799,-4.02785,Nuit sans éclairage public,Hors agglomération,Hors intersection,Pluie forte,Trois véhicules et plus - en chaîne,3,3,4,0,1,1,2,0,1,110,,3,2,0,0,1,31.0,54.0,,,3,1,1,3,4
202100053340,2021-01-28 17:20:00,2021,1,28,17,20,29,29232,Route de Cuzon,48.005035,-4.076279,Crépuscule ou aube,Hors agglomération,Hors intersection,Pluie légère,Sans collision,4,-1,2,0,2,2,2,0,3,50,,1,0,0,0,1,60.0,,,,2,1,1,2,7
202100053341,2021-01-27 13:06:00,2021,1,27,13,6,25,25056,BERNARD RUE TRISTAN,47.24824,6.03688,Plein jour,En agglomération,Hors intersection,Normale,Autre collision,6,-1,0,0,1,1,1,0,8,10,,2,1,0,1,0,48.0,,,,1,2,1,1,6
202100053342,2021-01-27 12:15:00,2021,1,27,12,15,10,10333,ADOLPHE THIERS (RUE),48.28308,4.06439,Plein jour,En agglomération,Hors intersection,Temps couvert,Deux véhicules - arrière,4,2,2,0,2,1,2,0,1,50,,2,1,0,0,1,19.0,31.0,,,1,2,1,8,2
202100053343,2021-01-28 09:50:00,2021,1,28,9,50,06,06083,MADONE (AVENUE DE LA),43.768819,7.491149,Plein jour,En agglomération,Intersection en T,Normale,Deux véhicules - côté,3,3,4,0,1,1,1,0,1,50,,5,4,0,0,1,66.0,31.0,,,1,2,3,1,3
202100053344,2021-01-28 18:50:00,2021,1,28,18,50,06,06029,GRASSE (AVENUE DE),43.56631,7.00469,Nuit avec éclairage allumé,En agglomération,Hors intersection,Normale,Sans collision,4,2,2,0,1,1,1,0,1,50,,2,1,0,1,0,61.0,18.0,,,5,2,1,1,7
202100053345,2021-01-26 11:20:00,2021,1,26,11,20,06,06030,ROOSEVELT (AVENUE FRANKLIN)CANNET,43.5717,7.0016,Plein jour,Hors agglomération,Hors intersection,Normale,Autre collision,4,2,2,0,1,1,1,0,1,50,,2,1,0,0,1,85.0,,,,1,1,1,1,6
202100053346,2021-01-28 08:20:00,2021,1,28,8,20,75,75117,PORTE DE CHAMPERRET,48.883425,2.284172,Crépuscule ou aube,En agglomération,Hors intersection,Pluie légère,Deux véhicules - arrière,4,1,-1,0,1,1,2,0,1,70,,2,1,0,0,1,,25.0,,,2,2,1,2,2
202100053347,2021-01-28 15:20:00,2021,1,28,15,20,75,75119,BOULEVARD D INDOCHINE,48.883654,2.396974,Plein jour,En agglomération,Intersection en X,Normale,Deux véhicules - côté,4,2,4,0,2,1,2,0,1,50,,2,1,0,0,1,34.0,,,,1,2,2,1,3
202100053348,2021-01-28 18:00:00,2021,1,28,18,0,75,75117,BOULEVARD PEREIRE,48.882891,2.293736,Nuit avec éclairage allumé,En agglomération,Intersection en X,Pluie légère,Autre collision,4,1,1,0,1,1,2,0,1,50,,2,1,0,0,1,47.0,,,,5,2,2,2,6
202100053349,2021-01-27 19:45:00,2021,1,27,19,45,75,75116,AVENUE PIERRE 1ER DE SERBIE,48.864878,2.294112,Nuit avec éclairage allumé,En agglomération,Place,Pluie légère,Autre collision,4,3,2,0,1,1,2,0,1,50,,2,1,0,0,1,47.0,,,,5,2,7,2,6
202100053350,2021-01-28 14:15:00,2021,1,28,14,15,75,75115,RUE DE DANTZIG,48.833499,2.298706,Plein jour,En agglomération,Intersection en X,Normale,Autre collision,4,1,1,0,2,1,2,0,1,30,,2,1,0,0,1,21.0,,,,1,2,2,1,6
202100053351,2021-01-27 21:00:00,2021,1,27,21,0,75,75115,RUE SAINT CHARLES,48.849966,2.288425,Nuit avec éclairage allumé,En agglomération,Intersection à plus de 4 branches,Pluie légère,Deux véhicules - côté,4,1,1,0,1,1,2,0,1,50,,2,1,0,0,1,49.0,19.0,,,5,2,5,2,3
202100053352,2021-01-28 13:55:00,2021,1,28,13,55,75,75113,BOULEVARD AUGUSTE BLANQUI,48.830294,2.347203,Plein jour,En agglomération,Intersection en T,Temps couvert,Deux véhicules - arrière,4,1,2,0,2,1,2,0,1,50,,2,1,0,0,1,30.0,,,,1,2,3,8,2
202100053353,2021-01-28 18:30:00,2021,1,28,18,30,75,75111,BOULEVARD VOLTAIRE,48.864403,2.369048,Nuit avec éclairage allumé,En agglomération,Intersection en X,Pluie légère,Autre collision,4,2,2,0,1,1,2,0,1,30,,3,2,0,0,1,23.0,,,,5,2,2,2,6
202100053354,2021-01-28 10:40:00,2021,1,28,10,40,75,75112,AVENUE DE NOGENT,48.844421,2.441105,Plein jour,En agglomération,Hors intersection,Temps couvert,Deux véhicules - côté,4,2,4,1,1,1,2,-1,5,50,,2,1,0,0,1,67.0,42.0,,,1,2,1,8,3
202100053355,2021-01-28 14:28:00,2021,1,28,14,28,75,75109,RUE DE CHATEAUDUN,48.876286,2.333616,Plein jour,En agglomération,Hors intersection,Normale,Deux véhicules - arrière,4,2,2,3,1,1,1,0,1,50,,3,2,0,0,1,49.0,27.0,,,1,2,1,1,2
202100053356,2021-01-28 14:20:00,2021,1,28,14,20,94,94078,Rue de Paris,48.745175,2.446523,Plein jour,En agglomération,Hors intersection,Temps couvert,Deux véhicules - arrière,2,2,4,0,1,1,2,0,1,50,,2,1,0,0,1,35.0,56.0,,,1,2,1,8,2
202100053357,2021-01-27 08:40:00,2021,1,27,8,40,94,94068,FOCH (AV),48.8,2.49,Plein jour,En agglomération,Hors intersection,Temps couvert,Deux véhicules - frontale,4,2,2,0,1,1,2,0,1,50,,2,1,0,0,1,27.0,,,,1,2,1,8,1
202100053358,2021-01-27 16:00:00,2021,1,27,16,0,94,94041,JEAN LE GALLEU (R),48.81,2.37,Plein jour,En agglomération,Hors intersection,Temps couvert,Deux véhicules - arrière,3,1,2,0,1,1,2,0,1,50,,2,1,0,0,1,58.0,44.0,,,1,2,1,8,2
202100053359,2021-01-28 18:10:00,2021,1,28,18,10,94,94017,MARX DORMOY (AV),48.81226,2.51597,Nuit avec éclairage allumé,En agglomération,Hors intersection,Pluie légère,Trois véhicules et plus - en chaîne,3,2,4,0,2,1,2,0,1,50,,4,3,0,0,1,45.0,53.0,,,5,2,1,2,4
202100053360,2021-01-28 20:00:00,2021,1,28,20,0,93,93072,MAXIME GORKI (BOULEVARD) DES N°1 AU 87,48.9523035296,2.3848164082,Nuit avec éclairage allumé,En agglomération,Intersection en X,Pluie légère,Deux véhicules - frontale,3,2,2,0,1,1,2,5,1,50,,2,1,0,0,1,,50.0,,,5,2,2,2,1
202100053361,2021-01-28 18:12:00,2021,1,28,18,12,93,93014,ROMAIN ROLLAND (ALLEE),48.90464,2.55099,Nuit avec éclairage allumé,En agglomération,Intersection en X,Normale,Deux véhicules - côté,4,-1,1,3,1,1,1,4,6,50,,2,1,0,0,1,49.0,61.0,,,5,2,2,1,3
202100053362,2021-01-16 16:20:00,2021,1,16,16,20,93,93077,AVRON (RUE D'),48.8776389547,2.5043262541,Crépuscule ou aube,En agglomération,Hors intersection,Neige / grêle,Deux véhicules - frontale,4,2,1,0,1,1,5,0,1,30,,2,1,0,0,1,26.0,36.0,,,2,2,1,4,1
202100053363,2021-01-28 14:40:00,2021,1,28,14,40,93,93051,NEUILLY (ROUTE),48.85,2.5362,Plein jour,En agglomération,Hors intersection,Pluie légère,Trois véhicules et plus - en chaîne,3,2,2,0,2,1,2,0,1,50,,3,2,0,0,1,64.0,39.0,,,1,2,1,2,4
202100053364,2021-01-28 19:40:00,2021,1,28,19,40,93,93057,BRIAND ( AV.  ARISTIDE) 93 A 175,48.9094085797,2.5039337333,Nuit avec éclairage allumé,En agglomération,Hors intersection,Pluie légère,Deux véhicules - frontale,3,1,3,0,1,1,2,0,1,50,,2,1,0,0,1,36.0,43.0,,,5,2,1,2,1
202100053365,2021-01-28 18:30:00,2021,1,28,18,30,92,92026,PRÉSIDENT PAUL DOUMER (QUAI DU),48.8900671882,2.2561722994,Nuit sans éclairage public,En agglomération,Intersection en T,Normale,Deux véhicules - côté,3,2,6,0,1,1,1,5,1,70,,2,1,0,0,1,37.0,48.0,,,3,2,3,1,3
202100053366,2021-01-29 12:40:00,2021,1,29,12,40,80,80016,39 Rue de Doullens,50.004528,2.63786,Plein jour,En agglomération,Hors intersection,Pluie légère,Autre collision,3,2,2,0,2,1,2,9,1,50,,2,1,0,0,1,20.0,,,,1,2,1,2,6
202100053367,2021-01-28 10:55:00,2021,1,28,10,55,83,83072,1 Avenue de Toulon,43.492934,6.358113,Plein jour,En agglomération,Hors intersection,Normale,Autre collision,4,2,2,0,2,1,1,0,1,50,,2,1,0,0,1,39.0,,,,1,2,1,1,6
202100053368,2021-01-29 17:50:00,2021,1,29,17,50,45,45230,D961,47.89478,2.52015,Crépuscule ou aube,En agglomération,Hors intersection,Normale,Sans collision,3,2,2,0,1,1,1,0,1,50,,1,0,0,1,0,21.0,,,,2,2,1,1,7
202100053369,2021-01-28 16:40:00,2021,1,28,16,40,42,42294,Route de Pradines,46.010152,4.126541,Plein jour,Hors agglomération,Intersection en T,Normale,Deux véhicules - côté,3,2,2,0,1,1,1,5,1,80,,3,2,0,1,0,58.0,51.0,,,1,1,3,1,3
202100053370,2021-01-19 13:00:00,2021,1,19,13,0,01,01033,Rue Joseph Marion,46.107183,5.832823,Plein jour,En agglomération,Hors intersection,Normale,Deux véhicules - frontale,3,2,2,0,4,1,1,0,1,50,,2,1,0,0,1,42.0,64.0,,,1,2,1,1,1
202100053371,2021-01-28 11:45:00,2021,1,28,11,45,21,21339,D10,47.350861,4.893658,Plein jour,Hors agglomération,Hors intersection,Pluie légère,Sans collision,3,2,2,0,1,2,2,0,3,80,,1,0,0,0,1,16.0,,,,1,1,1,2,7
202100053372,2021-01-29 07:30:00,2021,1,29,7,30,62,62036,Rue d'Hesdin,50.446745,2.252149,Nuit avec éclairage allumé,En agglomération,Hors intersection,Pluie légère,Autre collision,3,2,2,0,1,1,2,0,1,50,,2,1,0,1,0,39.0,,,,5,2,1,2,6
202100053373,2021-01-29 17:15:00,2021,1,29,17,15,62,62384,D15E,50.147182,3.107549,Crépuscule ou aube,En agglomération,Hors intersection,Pluie légère,Deux véhicules - frontale,3,2,2,0,1,1,2,0,1,80,,2,1,0,1,0,38.0,28.0,,,2,2,1,2,1
202100053374,2021-01-28 16:55:00,2021,1,28,16,55,57,57374,D993,48.608785,7.032897,Plein jour,Hors agglomération,Hors intersection,Pluie forte,Autre collision,3,2,2,0,2,3,2,2,8,80,,1,0,0,1,0,43.0,,,,1,1,1,3,6
202100053375,2021-01-29 14:24:00,2021,1,29,14,24,57,57142,RD 69 C,49.164939,6.224849,Plein jour,Hors agglomération,Hors intersection,Pluie légère,Autre collision,7,2,2,0,1,1,2,0,3,80,,1,0,0,1,0,61.0,,,,1,1,1,2,6
202100053376,2021-01-28 14:25:00,2021,1,28,14,25,56,56122,Rue du 20 Janvier 1944,48.000081,-2.385283,Plein jour,Hors agglomération,Hors intersection,Pluie légère,Autre collision,3,2,2,0,1,2,2,0,3,80,,1,0,0,1,0,85.0,,,,1,1,1,2,6
202100053377,2021-01-28 16:45:00,2021,1,28,16,45,67,67310,D205,48.210061,7.527158,Plein jour,Hors agglomération,Intersection en T,Normale,Deux véhicules - frontale,3,2,2,0,1,1,2,5,1,80,,2,0,0,0,2,83.0,46.0,,,1,1,3,1,1
202100053378,2021-01-29 09:15:00,2021,1,29,9,15,63,63381,rd62,45.8436767166,2.9038631402,Plein jour,Hors agglomération,Hors intersection,Normale,Deux véhicules - frontale,3,2,2,0,1,3,2,0,1,80,,2,1,1,0,0,92.0,51.0,,,1,1,1,1,1
202100053379,2021-01-28 21:45:00,2021,1,28,21,45,42,42011,Route de la Moisonniere,45.836424,4.168239,Nuit sans éclairage public,Hors agglomération,Hors intersection,Normale,Autre collision,3,2,2,0,2,1,2,0,1,80,,1,0,1,0,0,31.0,,,,3,1,1,1,6
202100053380,2021-01-29 17:45:00,2021,1,29,17,45,02,02067,D1043,50.029151,3.719473,Nuit avec éclairage allumé,Hors agglomération,Intersection en X,Normale,Deux véhicules - côté,3,2,2,0,1,1,2,5,1,80,,3,1,0,2,0,25.0,50.0,,,5,1,2,1,3
202100053381,2021-01-29 19:30:00,2021,1,29,19,30,26,26124,Route Nationale 7,44.847791,4.851966,Nuit sans éclairage public,Hors agglomération,Intersection en Y,Normale,Deux véhicules - côté,2,3,2,0,1,1,1,0,1,70,,3,0,0,1,2,72.0,52.0,,,3,1,4,1,3
202100053382,2021-01-28 07:15:00,2021,1,28,7,15,72,72370,La Grouas de la Cassine,48.17965,0.0047,Nuit sans éclairage public,Hors agglomération,Autre intersection,Pluie forte,Deux véhicules - côté,3,2,2,0,1,1,2,0,1,80,,2,1,0,1,0,66.0,41.0,,,3,1,9,3,3
202100053383,2021-01-26 14:40:00,2021,1,26,14,40,43,43174,D906,44.982346,3.827984,Plein jour,Hors agglomération,Intersection en T,Normale,Trois véhicules et plus - collisions multiples,3,2,2,0,1,1,1,0,1,90,,3,2,0,1,0,28.0,36.0,,,1,1,3,1,5
202100053384,2021-01-29 07:15:00,2021,1,29,7,15,21,21336,D 953 - PK 3+650,47.863261,4.354982,Crépuscule ou aube,Hors agglomération,Hors intersection,Pluie légère,Deux véhicules - frontale,3,2,2,0,1,1,2,0,1,80,,2,0,0,1,1,23.0,42.0,,,2,1,1,2,1
202100053385,2021-01-25 12:25:00,2021,1,25,12,25,27,27037,D31,49.08218,0.821904,Plein jour,Hors agglomération,Hors intersection,Normale,Autre collision,3,2,2,0,1,2,7,0,1,70,,1,0,0,1,0,53.0,,,,1,1,1,1,6
202100053386,2021-01-25 03:55:00,2021,1,25,3,55,28,28276,D22.1,48.271483,1.899304,Nuit sans éclairage public,Hors agglomération,Hors intersection,Autre,Autre collision,3,2,2,0,1,1,7,0,3,80,,1,0,0,1,0,50.0,,,,3,1,1,9,6
202100053387,2021-01-29 15:10:00,2021,1,29,15,10,48,48137,"D31, PK25+000",44.44549,3.475692,Plein jour,Hors agglomération,Hors intersection,Normale,Autre collision,3,2,2,0,1,1,1,0,1,90,,2,0,0,0,2,21.0,,,,1,1,1,1,6
202100053388,2021-01-29 11:42:00,2021,1,29,11,42,08,08302,rue de prüm,49.884114,4.752982,Plein jour,En agglomération,Hors intersection,Pluie légère,Autre collision,3,2,2,0,1,1,2,0,1,50,,2,1,0,0,1,87.0,,,,1,2,1,2,6
202100053389,2021-01-29 11:55:00,2021,1,29,11,55,01,01166,,46.006754,4.769933,Plein jour,Hors agglomération,Hors intersection,Normale,Deux véhicules - arrière,3,2,2,0,1,1,1,0,1,80,,2,1,0,0,1,33.0,23.0,,,1,1,1,1,2
202100053390,2021-01-26 14:00:00,2021,1,26,14,0,987,98738,Serv. Ly  Waut,-17.616819,-149.613088,Plein jour,En agglomération,Hors intersection,Normale,Deux véhicules - frontale,4,2,2,0,1,1,9,0,1,10,,2,1,1,0,0,48.0,,,,1,2,1,1,1