accident_id,datetime,annee,mois,jour,heure,minute,departement,commune_insee,adresse,latitude,longitude,luminosite,agglomeration,intersection,meteo,collision,catr,circ,nbv,vosp,prof,plan,surf,infra,situ,vma,nb_vehicules,nb_usagers,nb_indemnes,nb_tues,nb_blesses_hosp,nb_blesses_legers,age_cond_1,age_cond_2,veh_type_cond_1,veh_type_cond_2,lum_code,agg_code,int_code,atm_code,col_code
202100053391,2021-01-29 05:15:00,2021,1,29,5,15,67,67067,A4,48.709036,7.703942,Nuit sans éclairage public,Hors agglomération,Hors intersection,Pluie forte,Deux véhicules - côté,1,3,4,0,1,1,2,0,1,130,,4,1,0,0,3,44.0,35.0,,,3,1,1,3,3
202100053392,2021-01-29 14:27:00,2021,1,29,14,27,28,28367,Autoroute A10 PK071+030 sens PARIS vers Province,48.146725,1.855649,Plein jour,Hors agglomération,Hors intersection,Vent fort / tempête,Autre collision,1,3,5,0,1,1,1,0,1,130,,4,1,0,2,1,78.0,51.0,,,1,1,1,6,6
202100053393,2021-01-28 17:00:00,2021,1,28,17,0,977,97701,COUPE GORGE,17.904977,-62.832291,Plein jour,Hors agglomération,Hors intersection,Temps éblouissant,Deux véhicules - arrière,3,2,2,0,3,1,1,0,1,50,,2,1,0,1,0,35.0,58.0,,,1,1,1,7,2
202100053394,2021-01-29 11:30:00,2021,1,29,11,30,77,77367,D405,49.047179,2.997036,Plein jour,Hors agglomération,Intersection en X,Pluie légère,Deux véhicules - côté,3,2,3,0,1,1,2,5,1,90,,2,1,0,1,0,56.0,72.0,,,1,1,2,2,3
202100053395,2021-01-28 09:20:00,2021,1,28,9,20,91,91654,D83,48.472694,2.390932,Plein jour,Hors agglomération,Hors intersection,Pluie légère,Deux véhicules - frontale,3,2,2,0,2,2,2,0,1,80,,3,0,0,0,3,36.0,32.0,,,1,1,1,2,1
202100053396,2021-01-27 17:00:00,2021,1,27,17,0,84,84065,Avenue de la Gare,43.747281,5.30826,Crépuscule ou aube,En agglomération,Hors intersection,Normale,Deux véhicules - arrière,4,2,2,0,2,3,1,0,1,50,,2,1,0,0,1,35.0,33.0,,,2,2,1,1,2
202100053397,2021-01-27 08:10:00,2021,1,27,8,10,84,84103,D179,43.921266,5.475011,Plein jour,Hors agglomération,Hors intersection,Autre,Autre collision,3,2,2,0,2,2,7,0,1,90,,1,0,0,1,0,25.0,,,,1,1,1,9,6
202100053398,2021-01-29 07:45:00,2021,1,29,7,45,17,17097,Le dougnot,45.648698,-0.891223,Nuit sans éclairage public,Hors agglomération,Intersection en X,Temps couvert,Autre collision,3,2,2,0,1,1,2,0,3,80,,2,1,0,0,1,68.0,19.0,,,3,1,2,8,6
202100053399,2021-01-29 05:19:00,2021,1,29,5,19,47,47326,RD 933,44.51174,0.272781,Nuit sans éclairage public,Hors agglomération,Hors intersection,Pluie légère,Deux véhicules - côté,3,2,2,0,1,3,2,0,1,80,,2,1,1,0,0,20.0,51.0,,,3,1,1,2,3
202100053400,2021-01-29 07:45:00,2021,1,29,7,45,85,85071,d 754,46.773907,-1.824203,Crépuscule ou aube,Hors agglomération,Hors intersection,Normale,Deux véhicules - frontale,3,2,2,0,2,1,1,0,1,80,,2,1,0,1,0,21.0,16.0,,,2,1,1,1,1
202100053401,2021-01-28 20:30:00,2021,1,28,20,30,29,29046,Passage de Kerguelen,48.0904162125,-4.3449102687,Nuit avec éclairage allumé,En agglomération,Hors intersection,Pluie légère,Autre collision,4,2,2,0,1,3,2,0,1,30,,1,0,0,0,1,35.0,,,,5,2,1,2,6
202100053402,2021-01-28 09:15:00,2021,1,28,9,15,27,27217,D31,49.07368,0.912707,Plein jour,Hors agglomération,Hors intersection,Vent fort / tempête,Deux véhicules - côté,3,2,2,0,1,1,2,0,8,80,,2,0,0,1,1,35.0,46.0,,,1,1,1,6,3
202100053403,2021-01-26 08:45:00,2021,1,26,8,45,60,60612,Rue Seraphine Louis,49.212177,2.596702,Plein jour,En agglomération,Hors intersection,Normale,Autre collision,4,2,2,0,1,2,1,0,4,50,,1,0,0,1,0,45.0,,,,1,2,1,1,6
202100053404,2021-01-29 09:25:00,2021,1,29,9,25,80,80685,D1017,49.6965244746,2.8064972162,Plein jour,Hors agglomération,Intersection en X,Temps couvert,Deux véhicules - côté,3,2,2,0,1,1,2,0,1,80,,2,1,0,0,1,37.0,57.0,,,1,1,2,8,3
202100053405,2021-01-28 18:45:00,2021,1,28,18,45,13,13106,A51-Sens Aix en Provence vers Marseille,43.4066,5.3617,Nuit sans éclairage public,Hors agglomération,Hors intersection,Normale,Trois véhicules et plus - en chaîne,1,-1,3,0,1,1,1,0,1,90,,4,3,0,0,1,24.0,31.0,,,3,1,1,1,4
202100053406,2021-01-27 18:00:00,2021,1,27,18,0,13,13071,A55-Sens Martigues vers Marseille,43.3977122771,5.2883559465,Nuit sans éclairage public,Hors agglomération,Intersection en Y,Normale,Trois véhicules et plus - collisions multiples,1,1,2,0,1,3,1,0,1,110,,3,2,0,0,1,60.0,34.0,,,3,1,4,1,5
202100053407,2021-01-27 10:55:00,2021,1,27,10,55,13,13028,A50-Sens Aubagne vers Toulon,43.21025,5.5833,Plein jour,Hors agglomération,Hors intersection,Normale,Deux véhicules - côté,1,3,3,0,2,1,1,0,1,90,,2,1,0,0,1,36.0,62.0,,,1,1,1,1,3
202100053408,2021-01-27 08:15:00,2021,1,27,8,15,13,13211,A50-Sens Aubagne vers Marseille,43.292853,5.476315,Plein jour,Hors agglomération,Hors intersection,Normale,Deux véhicules - arrière,1,1,3,0,1,1,1,0,1,90,,2,1,0,0,1,22.0,63.0,,,1,1,1,1,2
202100053409,2021-01-27 20:00:00,2021,1,27,20,0,69,69029,RD383,45.74764,4.90695,Nuit avec éclairage allumé,Hors agglomération,Hors intersection,Pluie légère,Deux véhicules - arrière,7,3,3,0,1,1,2,0,1,70,,2,1,0,0,1,,38.0,,,5,1,1,2,2
202100053410,2021-01-28 20:04:00,2021,1,28,20,4,91,91661,RD 188 CHEVREUSE,48.696513,2.226893,Nuit sans éclairage public,Hors agglomération,Hors intersection,Normale,Deux véhicules - arrière,3,2,2,0,1,1,2,0,1,90,,2,1,0,0,1,27.0,70.0,,,3,1,1,1,2
202100053411,2021-01-28 14:05:00,2021,1,28,14,5,92,92002,AUTOROUTE A86,48.761,2.295,Plein jour,Hors agglomération,Hors intersection,Normale,Autre collision,1,3,4,0,3,1,1,0,1,70,,1,0,0,0,1,37.0,,,,1,1,1,1,6
202100053412,2021-01-28 13:45:00,2021,1,28,13,45,94,94034,AUTOROUTE A86,48.7577,2.3279,Plein jour,Hors agglomération,Hors intersection,Pluie légère,Trois véhicules et plus - en chaîne,1,1,2,0,1,1,2,1,1,70,,3,2,0,1,0,21.0,47.0,,,1,1,1,2,4
202100053413,2021-01-28 09:00:00,2021,1,28,9,0,91,91689,AUTOROUTE A10,48.737786,2.318941,Plein jour,Hors agglomération,Hors intersection,Pluie légère,Deux véhicules - côté,1,1,2,0,4,2,2,0,1,90,,2,1,0,0,1,27.0,26.0,,,1,1,1,2,3
202100053414,2021-01-28 01:20:00,2021,1,28,1,20,91,91161,AUTOROUTE A6,48.696449,2.31664,Nuit sans éclairage public,Hors agglomération,Hors intersection,Pluie légère,Autre collision,1,3,6,0,2,1,2,0,3,110,,1,0,0,0,1,20.0,,,,3,1,1,2,6
202100053415,2021-01-27 21:17:00,2021,1,27,21,17,91,91228,RN 104,48.61419,2.42988,Nuit sans éclairage public,Hors agglomération,Autre intersection,Pluie légère,Trois véhicules et plus - collisions multiples,2,3,6,0,1,1,2,0,1,90,,3,2,0,0,1,19.0,39.0,,,3,1,9,2,5
202100053416,2021-01-28 19:30:00,2021,1,28,19,30,92,92026,A14,48.887671,2.251633,Nuit avec éclairage allumé,Hors agglomération,Hors intersection,Temps couvert,Deux véhicules - arrière,1,1,4,0,1,1,1,1,1,70,,2,1,0,0,1,37.0,44.0,,,5,1,1,8,2
202100053417,2021-01-28 17:00:00,2021,1,28,17,0,78,78646,RN12,48.79329,2.081844,Plein jour,Hors agglomération,Hors intersection,Pluie légère,Trois véhicules et plus - en chaîne,2,3,6,0,1,1,2,0,1,110,,3,0,0,0,3,21.0,47.0,,,1,1,1,2,4
202100053418,2021-01-28 09:15:00,2021,1,28,9,15,92,92036,A86,48.9344075794,2.2702811315,Plein jour,Hors agglomération,Hors intersection,Normale,Trois véhicules et plus - en chaîne,1,3,4,0,1,1,2,0,1,110,,3,2,0,0,1,22.0,34.0,,,1,1,1,1,4
202100053419,2021-01-27 07:40:00,2021,1,27,7,40,95,95277,RD 170 ,48.9775165958,2.4658754377,Nuit sans éclairage public,Hors agglomération,Hors intersection,Pluie légère,Deux véhicules - arrière,3,3,6,0,1,1,2,0,1,70,,4,2,0,0,2,28.0,37.0,,,3,1,1,2,2
202100053420,2021-01-28 09:20:00,2021,1,28,9,20,94,94017,A4,48.8270194777,2.5116058458,Plein jour,Hors agglomération,Hors intersection,Pluie légère,Trois véhicules et plus - collisions multiples,1,1,4,0,1,1,2,1,1,90,,3,2,0,0,1,29.0,25.0,,,1,1,1,2,5
202100053421,2021-01-28 07:00:00,2021,1,28,7,0,94,94018,A4,48.8204689196,2.4019549352,Nuit sans éclairage public,Hors agglomération,Hors intersection,Pluie légère,Trois véhicules et plus - en chaîne,1,1,5,0,1,1,2,0,1,90,,3,2,0,0,1,54.0,57.0,,,3,1,1,2,4
202100053422,2021-01-27 12:40:00,2021,1,27,12,40,973,97302,MONTABO (ROUTE DE) 1,4.94127,-52.30283,Plein jour,En agglomération,Hors intersection,Normale,Deux véhicules - côté,3,2,2,1,1,3,1,9,1,30,,2,1,0,0,1,21.0,17.0,,,1,2,1,1,3
202100053423,2021-01-27 15:40:00,2021,1,27,15,40,972,97213,ROUTE DEPARTEMENTALE 3,14.65657,-60.98608,Plein jour,Hors agglomération,Hors intersection,Normale,Trois véhicules et plus - collisions multiples,3,2,2,0,1,3,1,0,1,70,,4,3,0,0,1,51.0,63.0,,,1,1,1,1,5
202100053424,2021-01-27 00:57:00,2021,1,27,0,57,972,97213,ROUTE DEPARTEMENTALE 3,14.64532,-60.99074,Nuit sans éclairage public,Hors agglomération,Hors intersection,Normale,Autre collision,3,2,2,0,1,1,1,9,1,80,,1,0,0,0,1,55.0,,,,3,1,1,1,6
202100053425,2021-01-27 08:00:00,2021,1,27,8,0,972,97209,RD 41 (ROCADE),14.6166,-61.0717,Plein jour,Hors agglomération,Hors intersection,Normale,Deux véhicules - côté,3,3,5,0,4,1,1,0,1,60,,2,1,0,0,1,53.0,23.0,,,1,1,1,1,3
202100053426,2021-01-27 07:15:00,2021,1,27,7,15,972,97209,AUTOROUTE (A1),14.61529,-61.04578,Plein jour,Hors agglomération,Hors intersection,Normale,Deux véhicules - arrière,1,3,6,3,2,1,1,0,1,90,,2,1,0,0,1,40.0,40.0,,,1,1,1,1,2
202100053427,2021-01-25 20:00:00,2021,1,25,20,0,972,97209,BALATA (ROUTE DE),14.62235,-61.07285,Nuit avec éclairage allumé,Hors agglomération,Hors intersection,Normale,Deux véhicules - frontale,4,2,2,0,1,1,1,0,1,50,,2,0,0,0,2,44.0,56.0,,,5,1,1,1,1
202100053428,2021-01-27 18:05:00,2021,1,27,18,5,91,91216,CORBEIL (RUE),48.670166,2.332474,Nuit avec éclairage allumé,En agglomération,Hors intersection,Pluie légère,Autre collision,3,2,2,0,2,1,2,9,1,30,,2,1,0,1,0,65.0,,,,5,2,1,2,6
202100053429,2021-01-27 10:50:00,2021,1,27,10,50,91,91549,JARDIN PUBLIC (RUE DU),48.64869,2.31826,Plein jour,En agglomération,Hors intersection,Temps couvert,Autre collision,4,2,2,0,1,1,1,0,1,50,,2,1,0,0,1,78.0,,,,1,2,1,8,6
202100053430,2021-01-26 16:30:00,2021,1,26,16,30,91,91021,BD ERNEST GIRAULT,48.59,2.24,Plein jour,En agglomération,Hors intersection,Normale,Autre collision,4,2,2,0,1,1,1,0,4,50,,2,1,0,1,0,36.0,,,,1,2,1,1,6
202100053431,2021-01-27 08:00:00,2021,1,27,8,0,91,91345,PL CHARLES STEBER,48.69816,2.29438,Crépuscule ou aube,En agglomération,Hors intersection,Pluie légère,Deux véhicules - arrière,4,1,2,0,1,1,2,0,1,50,,2,1,0,0,1,42.0,50.0,,,2,2,1,2,2
202100053432,2021-01-26 13:47:00,2021,1,26,13,47,87,87085,ALLENDE (QUAI SALVADOR),45.81744,1.25256,Plein jour,En agglomération,Intersection en X,Normale,Deux véhicules - côté,2,3,4,0,1,1,1,5,1,50,,4,0,0,0,4,19.0,23.0,,,1,2,2,1,3
202100053433,2021-01-26 08:48:00,2021,1,26,8,48,87,87085,HOCHE (RUE),45.84056,1.25995,Nuit avec éclairage allumé,En agglomération,Intersection en T,Normale,Autre collision,4,1,1,0,1,1,1,0,1,50,,2,1,0,0,1,61.0,,,,5,2,3,1,6
202100053434,2021-01-26 09:28:00,2021,1,26,9,28,87,87085,BEL AIR (BOULEVARD DE),45.81987,1.24953,Plein jour,En agglomération,Hors intersection,Normale,Deux véhicules - arrière,4,3,4,0,1,1,1,5,1,50,,3,1,0,0,2,43.0,57.0,,,1,2,1,1,2
202100053435,2021-01-26 13:35:00,2021,1,26,13,35,87,87085,SOEURS DE LA RIVIERE (RUE DES),45.82463,1.26483,Plein jour,En agglomération,Hors intersection,Normale,Autre collision,4,1,1,0,2,1,1,0,1,50,,2,1,0,0,1,42.0,,,,1,2,1,1,6
202100053436,2021-01-22 12:00:00,2021,1,22,12,0,86,86194,Avenue John Kennedy,46.586938,0.365016,Plein jour,En agglomération,Hors intersection,Normale,Autre collision,3,3,4,1,1,1,1,0,1,50,,2,1,0,0,1,82.0,,,,1,2,1,1,6
202100053437,2021-01-27 07:50:00,2021,1,27,7,50,78,78650,MARECHAL FOCH (RUE DU),48.892266,2.134604,Nuit avec éclairage allumé,En agglomération,Intersection en T,Normale,Autre collision,4,1,-1,-1,1,1,1,0,1,-1,,2,1,0,0,1,46.0,,,,5,2,3,1,6
202100053438,2021-01-27 17:05:00,2021,1,27,17,5,76,76414,D920,49.919672,1.132269,Crépuscule ou aube,En agglomération,Hors intersection,Pluie légère,Deux véhicules - arrière,3,2,2,0,1,1,2,0,1,50,,3,2,0,1,0,49.0,21.0,,,2,2,1,2,2
202100053439,2021-01-26 07:30:00,2021,1,26,7,30,74,74012,ETREMBIERES (ROUTE D'),46.18722,6.23221,Nuit avec éclairage allumé,En agglomération,Intersection en T,Normale,Autre collision,4,1,1,0,1,1,1,0,1,50,,2,1,0,0,1,,,,,5,2,3,1,6
202100053440,2021-01-27 15:45:00,2021,1,27,15,45,71,71306,ANATOLE FRANCE (RUE),46.6913,4.35269,Plein jour,En agglomération,Intersection en X,Pluie légère,Trois véhicules et plus - en chaîne,3,2,2,0,1,1,2,0,1,50,,4,2,0,0,2,79.0,40.0,,,1,2,2,2,4
202100053441,2021-01-27 06:00:00,2021,1,27,6,0,69,69256,GABRIEL PERI                        (AV),45.7718,4.91049,Nuit avec éclairage allumé,En agglomération,Hors intersection,Normale,Sans collision,4,2,4,3,1,1,1,0,6,50,,3,1,0,0,2,,,,,5,2,1,1,7
202100053442,2021-01-26 21:00:00,2021,1,26,21,0,67,67482,UNIVERSITE (RUE DE L ),48.584313,7.761369,Nuit avec éclairage allumé,En agglomération,Intersection en T,Normale,Autre collision,4,2,3,0,1,1,1,0,1,50,,2,1,0,0,1,39.0,,,,5,2,3,1,6
202100053443,2021-01-26 08:00:00,2021,1,26,8,0,67,67482,CANONNIERS (RUE DES),48.554264,7.763214,Crépuscule ou aube,En agglomération,Hors intersection,Normale,Deux véhicules - côté,4,2,2,1,1,1,1,0,1,50,,2,1,0,0,1,48.0,37.0,,,2,2,1,1,3
202100053444,2021-01-24 12:50:00,2021,1,24,12,50,67,67482,MITTELHAUSBERGEN (ROUTE DE),48.6004567981,7.7112956082,Plein jour,En agglomération,Intersection en T,Normale,Deux véhicules - côté,4,2,2,0,1,2,1,0,1,50,,2,1,0,1,0,26.0,17.0,,,1,2,3,1,3
202100053445,2021-01-26 12:40:00,2021,1,26,12,40,64,64445,avenue TRESPOEY,43.2989474867,-0.348815918,Plein jour,En agglomération,Hors intersection,Normale,Trois véhicules et plus - collisions multiples,4,2,2,0,1,1,1,0,1,30,,3,2,0,0,1,27.0,22.0,,,1,2,1,1,5
202100053446,2021-01-24 10:28:00,2021,1,24,10,28,62,62893,MITTERRAND ( Ave. François ),50.780913,1.609107,Plein jour,En agglomération,Hors intersection,Normale,Deux véhicules - arrière,3,2,2,0,2,2,1,0,1,50,,2,1,0,0,1,61.0,21.0,,,1,2,1,1,2
202100053447,2021-01-27 15:30:00,2021,1,27,15,30,59,59426,TOURCOING (RUE DE),50.751047,3.151655,Plein jour,En agglomération,Intersection en T,Normale,Deux véhicules - côté,4,2,2,0,1,1,1,0,1,50,,2,1,0,0,1,53.0,37.0,,,1,2,3,1,3
202100053448,2021-01-27 13:50:00,2021,1,27,13,50,59,59090,GAULLE (AVENUE DU GENERAL DE),50.71963,3.10966,Plein jour,En agglomération,Giratoire,Normale,Deux véhicules - côté,7,1,1,0,1,1,2,0,1,50,,2,1,0,0,1,60.0,43.0,,,1,2,6,1,3
202100053449,2021-01-27 07:15:00,2021,1,27,7,15,56,56121,RUE LOUIS GUIGUEN,47.75496,-3.35461,Nuit avec éclairage allumé,En agglomération,Giratoire,Pluie légère,Deux véhicules - côté,4,2,2,0,1,1,2,5,1,30,,2,1,0,0,1,51.0,36.0,,,5,2,6,2,3
202100053450,2021-01-25 18:40:00,2021,1,25,18,40,56,56083,LIBERATION ( AV. DE LA ),47.80434,-3.27615,Nuit avec éclairage allumé,En agglomération,Intersection en T,Normale,Deux véhicules - côté,3,2,2,0,1,1,1,0,1,50,,2,1,0,1,0,33.0,81.0,,,5,2,3,1,3
202100053451,2021-01-27 19:45:00,2021,1,27,19,45,54,54395,PINCHARD (AVENUE - OMBELLES),48.69995,6.14306,Nuit avec éclairage allumé,En agglomération,Giratoire,Normale,Autre collision,4,2,4,1,3,1,1,0,1,30,,2,1,0,0,1,32.0,,,,5,2,6,1,6
202100053452,2021-01-26 17:55:00,2021,1,26,17,55,54,54329,RUE SAINT MAUR,48.58488,6.48405,Crépuscule ou aube,En agglomération,Hors intersection,Normale,Autre collision,3,2,2,0,1,1,2,0,1,50,,2,1,1,0,0,62.0,,,,2,2,1,1,6
202100053453,2021-01-27 09:00:00,2021,1,27,9,0,50,50218,COURAYE (RUE),48.83755,-1.59156,Plein jour,En agglomération,Hors intersection,Pluie légère,Autre collision,3,2,2,0,2,1,2,0,1,50,,2,1,0,0,1,21.0,,,,1,2,1,2,6
202100053454,2021-01-26 14:30:00,2021,1,26,14,30,50,50129,AMIOT (BOULEVARD FELIX),49.64255,-1.6096,Plein jour,En agglomération,Hors intersection,Pluie légère,Autre collision,4,2,2,0,1,1,2,0,1,50,,3,1,0,0,2,,,,,1,2,1,2,6
202100053455,2021-01-27 20:15:00,2021,1,27,20,15,45,45147,Rue Maximilien de Robespierre,47.9392445885,1.9211268996,Nuit avec éclairage allumé,En agglomération,Intersection en X,Pluie légère,Deux véhicules - côté,4,-1,2,0,1,1,2,0,1,50,,4,1,0,0,3,22.0,43.0,,,5,2,2,2,3
202100053456,2021-01-27 10:40:00,2021,1,27,10,40,45,45208,Avenue Louis-Maurice Chautemps,48.011992,2.759228,Plein jour,En agglomération,Hors intersection,Pluie légère,Deux véhicules - frontale,3,2,2,0,1,2,2,0,1,50,,2,1,0,0,1,57.0,79.0,,,1,2,1,2,1
202100053457,2021-01-27 17:00:00,2021,1,27,17,0,37,37261,TONNELLE (BOULEVARD),47.3816426855,0.6682280953,Plein jour,En agglomération,Intersection en T,Pluie forte,Autre collision,4,2,2,0,1,1,2,0,1,50,,2,1,0,0,1,25.0,,,,1,2,3,3,6
202100053458,2021-01-27 07:47:00,2021,1,27,7,47,37,37261,EIFFEL (AVENUE GUSTAVE),47.4356261967,0.6985006034,Nuit avec éclairage allumé,En agglomération,Intersection en X,Pluie légère,Autre collision,4,2,4,1,1,1,2,5,1,50,,4,3,0,0,1,50.0,13.0,,,5,2,2,2,6
202100053459,2021-01-26 19:10:00,2021,1,26,19,10,37,37261,GANCE (BOULEVARD ABEL),47.4298106999,0.7058985466,Nuit avec éclairage allumé,En agglomération,Hors intersection,Normale,Trois véhicules et plus - en chaîne,3,3,2,0,1,3,1,0,1,50,,3,2,0,0,1,37.0,28.0,,,5,2,1,1,4
202100053460,2021-01-27 12:00:00,2021,1,27,12,0,35,35238,ROBINOT DE ST-CYR (QUAI),48.105457,-1.717737,Plein jour,En agglomération,Hors intersection,Pluie légère,Deux véhicules - côté,4,2,2,0,1,1,2,0,3,50,,2,1,0,0,1,55.0,51.0,,,1,2,1,2,3
202100053461,2021-01-26 08:25:00,2021,1,26,8,25,34,34172,TANNEURS (QUAI DES),43.6168,3.87393,Plein jour,En agglomération,Hors intersection,Normale,Autre collision,4,2,2,0,1,1,1,0,1,50,,2,1,0,0,1,26.0,,,,1,2,1,1,6
202100053462,2021-01-07 23:15:00,2021,1,7,23,15,33,33039,Boulevard Albert 1er,44.81239,-0.55765,Nuit avec éclairage allumé,En agglomération,Intersection en X,Normale,Deux véhicules - côté,4,3,4,3,2,1,1,5,1,50,,2,1,0,0,1,53.0,29.0,,,5,2,2,1,3
202100053463,2021-01-27 15:05:00,2021,1,27,15,5,29,29232,D783 - Rond Point Ergue Armel,47.98303,-4.07413,Plein jour,En agglomération,Hors intersection,Temps couvert,Deux véhicules - côté,4,1,1,0,1,2,2,5,1,50,,2,1,0,0,1,80.0,53.0,,,1,2,1,8,3
202100053464,2021-01-26 15:53:00,2021,1,26,15,53,29,29232,Rue de Stang Bihan,48.010443,-4.103471,Plein jour,En agglomération,Hors intersection,Pluie légère,Autre collision,4,2,2,0,2,1,2,0,1,50,,2,1,0,0,1,65.0,,,,1,2,1,2,6
202100053465,2021-01-25 17:00:00,2021,1,25,17,0,29,29051,Rue de Treodet,48.0045457601,-4.0586748719,Plein jour,En agglomération,Giratoire,Normale,Deux véhicules - côté,4,4,2,0,3,2,1,5,1,50,,2,1,0,0,1,20.0,20.0,,,1,2,6,1,3
202100053466,2021-01-27 14:44:00,2021,1,27,14,44,26,26281, 19 Rue Diderot,45.053809,5.046135,Plein jour,En agglomération,Hors intersection,Normale,Deux véhicules - côté,4,2,1,0,1,1,1,0,1,50,,2,1,0,1,0,35.0,62.0,,,1,2,1,1,3
202100053467,2021-01-27 13:50:00,2021,1,27,13,50,14,14220,Rue des Pavillons,49.354147,0.087461,Plein jour,En agglomération,Hors intersection,Temps couvert,Autre collision,4,1,1,0,1,1,2,0,1,50,,2,1,0,0,1,34.0,,,,1,2,1,8,6
202100053468,2021-01-27 14:50:00,2021,1,27,14,50,14,14118,Boulevard Yves Guillou,49.177,-0.36722,Plein jour,En agglomération,Hors intersection,Normale,Trois véhicules et plus - en chaîne,4,3,4,0,1,1,1,0,1,50,,5,1,0,0,4,38.0,36.0,,,1,2,1,1,4
202100053469,2021-01-27 13:15:00,2021,1,27,13,15,14,14118,Rue Samuel Bochard,49.18453,-0.35625,Plein jour,En agglomération,Hors intersection,Normale,Autre collision,4,1,1,0,2,1,1,0,1,50,,2,0,0,1,1,20.0,,,,1,2,1,1,6
202100053470,2021-01-27 22:55:00,2021,1,27,22,55,13,13201,ATHENES (BOULEVARD D'),43.300192,5.380702,Nuit avec éclairage allumé,En agglomération,Autre intersection,Normale,Deux véhicules - côté,4,3,1,0,1,1,1,0,1,50,,2,1,0,0,1,39.0,25.0,,,5,2,9,1,3
202100053471,2021-01-26 11:00:00,2021,1,26,11,0,13,13205,CHAVE (BOULEVARD),43.29509,5.38834,Plein jour,En agglomération,Hors intersection,Normale,Deux véhicules - frontale,4,1,0,3,2,3,1,1,6,20,,2,0,0,0,2,40.0,75.0,,,1,2,1,1,1
202100053472,2021-01-26 08:30:00,2021,1,26,8,30,13,13216,HENRI BARNIER (BOULEVARD),43.36533,5.34289,Plein jour,En agglomération,Autre intersection,Normale,Trois véhicules et plus - collisions multiples,7,3,3,2,2,1,1,0,1,50,,3,2,0,0,1,57.0,58.0,,,1,2,9,1,5
202100053473,2021-01-24 17:50:00,2021,1,24,17,50,13,13205,BRUYS (RUE DE),43.29461,5.38896,Crépuscule ou aube,En agglomération,Intersection en X,Normale,Autre collision,4,1,2,0,1,1,1,0,1,50,,5,1,0,0,4,37.0,36.0,,,2,2,2,1,6
202100053474,2021-01-27 19:30:00,2021,1,27,19,30,13,13005,SALENGRO (AVENUE ROGER),43.29559,5.56841,Nuit avec éclairage allumé,En agglomération,Autre intersection,Normale,Deux véhicules - arrière,4,-1,1,0,2,1,1,0,1,30,,2,1,0,0,1,28.0,32.0,,,5,2,9,1,2
202100053475,2021-01-27 11:50:00,2021,1,27,11,50,06,06027,ORANGERS AVENUE DES,43.658336,7.167148,Plein jour,En agglomération,Hors intersection,Normale,Autre collision,4,2,2,0,1,1,1,0,1,50,,3,2,0,0,1,70.0,25.0,,,1,2,1,1,6
202100053476,2021-01-26 08:10:00,2021,1,26,8,10,75,75119,AVENUE DU BELVEDERE,48.88035,2.407486,Crépuscule ou aube,En agglomération,Hors intersection,Normale,Sans collision,4,2,2,1,2,3,1,0,1,50,,1,0,0,1,0,36.0,,,,2,2,1,1,7
202100053477,2021-01-27 09:15:00,2021,1,27,9,15,75,75118,RUE DE L EVANGILE,48.895493,2.370525,Plein jour,En agglomération,Hors intersection,Temps couvert,Deux véhicules - côté,4,2,2,0,1,1,2,0,1,50,,3,2,0,0,1,23.0,23.0,,,1,2,1,8,3
202100053478,2021-01-26 13:30:00,2021,1,26,13,30,75,75118,BOULEVARD ORNANO,48.8927147273,2.3487408131,Plein jour,En agglomération,Intersection en T,Normale,Deux véhicules - côté,4,2,0,0,1,1,1,0,1,50,,2,1,0,0,1,29.0,22.0,,,1,2,3,1,3
202100053479,2021-01-27 08:50:00,2021,1,27,8,50,75,75118,RUE DES POISSONNIERS,48.892644,2.352347,Plein jour,En agglomération,Intersection en T,Normale,Autre collision,4,2,2,0,1,1,1,0,1,50,,2,1,0,0,1,61.0,,,,1,2,3,1,6
202100053480,2021-01-27 08:50:00,2021,1,27,8,50,75,75117,RUE DE COURCELLES,48.888333,2.293935,Plein jour,En agglomération,Intersection en T,Pluie légère,Sans collision,4,2,4,0,1,1,2,0,1,50,,1,0,0,0,1,46.0,,,,1,2,3,2,7
202100053481,2021-01-24 13:10:00,2021,1,24,13,10,75,75117,BOULEVARD DE COURCELLES,48.879146,2.303144,Plein jour,En agglomération,Intersection en X,Neige / grêle,Deux véhicules - côté,4,2,4,1,1,1,2,0,1,50,,3,1,0,0,2,19.0,31.0,,,1,2,2,4,3
202100053482,2021-01-27 00:45:00,2021,1,27,0,45,75,75116,ROUTE DE SURESNES,48.865043,2.234447,Nuit avec éclairage allumé,En agglomération,Intersection en X,Pluie légère,Deux véhicules - côté,4,2,4,0,1,1,2,0,1,50,,2,1,0,0,1,45.0,34.0,,,5,2,2,2,3
202100053483,2021-01-27 18:40:00,2021,1,27,18,40,75,75112,QUAI DE BERCY,48.837407,2.377356,Nuit avec éclairage allumé,En agglomération,Hors intersection,Autre,Deux véhicules - arrière,4,1,3,0,2,1,2,1,1,50,,2,1,0,0,1,54.0,61.0,,,5,2,1,9,2
202100053484,2021-01-27 10:25:00,2021,1,27,10,25,75,75112,RUE CORIOLIS,48.837322,2.389775,Plein jour,En agglomération,Hors intersection,Pluie légère,Autre collision,4,1,2,1,2,1,2,0,1,50,,2,1,0,0,1,38.0,,,,1,2,1,2,6