accident_id,datetime,annee,mois,jour,heure,minute,departement,commune_insee,adresse,latitude,longitude,luminosite,agglomeration,intersection,meteo,collision,catr,circ,nbv,vosp,prof,plan,surf,infra,situ,vma,nb_vehicules,nb_usagers,nb_indemnes,nb_tues,nb_blesses_hosp,nb_blesses_legers,age_cond_1,age_cond_2,veh_type_cond_1,veh_type_cond_2,lum_code,agg_code,int_code,atm_code,col_code
202100053485,2021-01-27 08:30:00,2021,1,27,8,30,75,75111,AVENUE PARMENTIER,48.863086,2.376146,Plein jour,En agglomération,Intersection en T,Pluie légère,Autre collision,4,2,2,0,1,1,2,0,1,30,,2,1,0,0,1,51.0,,,,1,2,3,2,6
202100053486,2021-01-27 18:50:00,2021,1,27,18,50,75,75110,RUE DE SAINT QUENTIN,48.878976,2.355754,Nuit avec éclairage allumé,En agglomération,Intersection en X,Pluie légère,Autre collision,4,1,2,0,2,1,2,0,1,50,,2,1,0,0,1,53.0,,,,5,2,2,2,6
202100053487,2021-01-27 12:15:00,2021,1,27,12,15,75,75110,RUE DE PARADIS,48.875706,2.348723,Plein jour,En agglomération,Hors intersection,Normale,Autre collision,4,1,1,0,1,1,2,8,1,50,,2,1,0,0,1,66.0,,,,1,2,1,1,6
202100053488,2021-01-27 09:00:00,2021,1,27,9,0,75,75116,PLACE CHARLES DE GAULLE,48.873258,2.294646,Plein jour,En agglomération,Place,Normale,Sans collision,4,1,6,0,1,2,2,0,1,50,,1,0,0,0,1,58.0,,,,1,2,7,1,7
202100053489,2021-01-27 07:50:00,2021,1,27,7,50,94,94081,Rue Julian Grimau,48.77836,2.37592,Nuit avec éclairage allumé,En agglomération,Hors intersection,Pluie légère,Autre collision,4,2,2,0,1,1,2,0,8,30,,2,1,0,0,1,53.0,,,,5,2,1,2,6
202100053490,2021-01-27 07:15:00,2021,1,27,7,15,94,94078,PARIS (R DE),48.74062,2.44673,Nuit avec éclairage allumé,En agglomération,Hors intersection,Pluie légère,Deux véhicules - côté,2,1,4,0,1,1,2,0,1,50,,4,3,0,0,1,30.0,56.0,,,5,2,1,2,3
202100053491,2021-01-26 18:00:00,2021,1,26,18,0,94,94068,MAURICE BERTEAUX (BD),48.8099,2.4687,Nuit avec éclairage allumé,En agglomération,Hors intersection,Normale,Trois véhicules et plus - en chaîne,4,3,2,0,1,1,1,0,1,50,,3,2,0,0,1,35.0,57.0,,,5,2,1,1,4
202100053492,2021-01-27 17:00:00,2021,1,27,17,0,94,94046,JEAN JAURES (R),48.78957,2.435357,Plein jour,En agglomération,Hors intersection,Normale,Deux véhicules - frontale,4,1,1,1,1,1,1,0,5,30,,2,1,0,0,1,46.0,30.0,,,1,2,1,1,1
202100053493,2021-01-27 18:15:00,2021,1,27,18,15,94,94043,CHARLES GIDE (AV),48.80556,2.34791,Nuit avec éclairage allumé,En agglomération,Hors intersection,Pluie légère,Deux véhicules - côté,3,2,2,1,1,1,2,0,5,50,,2,1,0,0,1,37.0,21.0,,,5,2,1,2,3
202100053494,2021-01-27 08:40:00,2021,1,27,8,40,94,94003,GENERAL MALLERET JOINVILLE (AV DU),48.80429,2.34312,Plein jour,En agglomération,Hors intersection,Pluie légère,Deux véhicules - côté,3,3,1,3,2,1,2,9,1,50,,2,1,0,0,1,36.0,30.0,,,1,2,1,2,3
202100053495,2021-01-26 09:30:00,2021,1,26,9,30,94,94079,AUGUSTE RODIN (AV),48.833,2.551,Plein jour,En agglomération,Hors intersection,Normale,Deux véhicules - côté,4,2,2,0,1,1,1,0,1,50,,2,1,0,0,1,24.0,36.0,,,1,2,1,1,3
202100053496,2021-01-25 13:40:00,2021,1,25,13,40,94,94055,Route de Provins,48.7921,2.55513,Plein jour,En agglomération,Giratoire,Normale,Deux véhicules - côté,3,2,4,0,1,2,1,5,1,50,,2,1,0,0,1,24.0,30.0,,,1,2,6,1,3
202100053497,2021-01-27 15:50:00,2021,1,27,15,50,93,93072,MARCEL CACHIN (AVENUE) COTE N°16 AU 50,48.95891,2.38222,Plein jour,En agglomération,Intersection en X,Pluie légère,Trois véhicules et plus - collisions multiples,3,2,4,1,1,1,2,0,1,50,,4,3,0,0,1,,45.0,,,1,2,2,2,5
202100053498,2021-01-27 13:00:00,2021,1,27,13,0,93,93064,BERTHAUDS (RUE DES) 24 - 25 / FIN,48.8752093683,2.4874242211,Plein jour,En agglomération,Hors intersection,Pluie légère,Trois véhicules et plus - en chaîne,4,1,1,0,1,1,2,0,1,50,,3,2,0,0,1,51.0,27.0,,,1,2,1,2,4
202100053499,2021-01-27 14:00:00,2021,1,27,14,0,93,93014,CHAPELLE (ALLEE DE LA),48.8994984253,2.5370356082,Plein jour,En agglomération,Intersection en X,Pluie légère,Deux véhicules - côté,4,2,2,0,1,1,2,0,1,50,,3,2,0,0,1,17.0,66.0,,,1,2,2,2,3
202100053500,2021-01-27 20:30:00,2021,1,27,20,30,93,93010,FRANCE (AV. ANATOLE) DE 58 A 72,48.8933802358,2.4981665611,Nuit avec éclairage allumé,En agglomération,Hors intersection,Pluie légère,Deux véhicules - arrière,3,2,0,0,1,1,2,0,1,50,,2,1,0,0,1,,42.0,,,5,2,1,2,2
202100053501,2021-01-27 13:45:00,2021,1,27,13,45,93,93005,COLONEL MOLL (RUE DU),48.9354797313,2.4959145908,Plein jour,En agglomération,Intersection en X,Normale,Autre collision,4,2,2,0,1,1,1,0,1,50,,2,1,0,0,1,55.0,,,,1,2,2,1,6
202100053502,2021-01-26 22:15:00,2021,1,26,22,15,93,93001,HENRI BARBUSSE (RUE)  111 =>,48.9049,2.3894,Nuit avec éclairage allumé,En agglomération,Autre intersection,Normale,Deux véhicules - côté,3,1,1,0,1,1,1,0,1,50,,2,1,0,0,1,29.0,23.0,,,5,2,9,1,3
202100053503,2021-01-27 07:50:00,2021,1,27,7,50,92,92062,DE DION BOUTON (QUAI) DU 29 AU 65,48.88451455,2.2500756383,Crépuscule ou aube,En agglomération,Hors intersection,Pluie légère,Deux véhicules - arrière,3,1,5,0,1,1,2,0,1,50,,2,1,0,0,1,43.0,59.0,,,2,2,1,2,2
202100053504,2021-01-27 18:45:00,2021,1,27,18,45,92,92050,BOUVETS BOULEVARD DES,48.8969531663,2.2238047381,Nuit avec éclairage allumé,En agglomération,Autre intersection,Pluie légère,Deux véhicules - côté,3,1,2,0,2,1,2,9,1,50,,2,1,0,0,1,39.0,31.0,,,5,2,9,2,3
202100053505,2021-01-27 09:35:00,2021,1,27,9,35,92,92020,PARIS AVENUE DE N° IMPAIRS,48.8055947992,2.2913736105,Plein jour,En agglomération,Hors intersection,Temps couvert,Sans collision,3,2,2,0,2,1,2,0,1,50,,1,0,0,0,1,52.0,,,,1,2,1,8,7
202100053506,2021-01-26 08:55:00,2021,1,26,8,55,92,92048,PARIS (RUE DE) N° 12 A 164,48.8138491825,2.2466484457,Plein jour,En agglomération,Hors intersection,Temps couvert,Autre collision,4,2,2,0,2,1,2,0,1,50,,2,1,0,0,1,27.0,,,,1,2,1,8,6
202100053507,2021-01-27 14:40:00,2021,1,27,14,40,92,92026,COLOMBES,48.90198,2.2562,Plein jour,En agglomération,Intersection en T,Normale,Autre collision,3,2,2,0,1,1,1,0,1,50,,2,1,0,0,1,33.0,,,,1,2,3,1,6
202100053508,2021-01-26 12:25:00,2021,1,26,12,25,92,92025,AUDRA (AV),48.9280412997,2.2508118385,Plein jour,En agglomération,Hors intersection,Normale,Trois véhicules et plus - collisions multiples,4,1,2,0,1,1,1,0,1,50,,3,2,0,0,1,65.0,57.0,,,1,2,1,1,5
202100053509,2021-01-27 22:00:00,2021,1,27,22,0,62,62485,Rue de Boulogne,50.535608,2.24606,Nuit sans éclairage public,Hors agglomération,Intersection en X,Brouillard / fumée,Deux véhicules - côté,3,2,2,0,1,1,2,0,1,80,,2,1,1,0,0,23.0,54.0,,,3,1,2,5,3
202100053510,2021-01-27 16:15:00,2021,1,27,16,15,85,85020,D148 PK 000+400,46.365884,-0.56262,Plein jour,Hors agglomération,Hors intersection,Pluie légère,Deux véhicules - frontale,3,2,2,0,1,1,2,0,1,80,,2,1,1,0,0,54.0,41.0,,,1,1,1,2,1
202100053511,2021-01-28 22:10:00,2021,1,28,22,10,974,97422,Chemin Isautier,-21.263136,55.518862,Nuit avec éclairage allumé,En agglomération,Hors intersection,Normale,Autre collision,4,2,2,0,4,4,1,0,3,50,,1,0,1,0,0,39.0,,,,5,2,1,1,6
202100053512,2021-01-27 15:00:00,2021,1,27,15,0,01,01209,pk 10 D1206,46.121299,5.893618,Plein jour,Hors agglomération,Hors intersection,Normale,Deux véhicules - frontale,3,2,2,0,1,1,1,0,1,80,,4,3,0,0,1,19.0,37.0,,,1,1,1,1,1
202100053513,2021-01-27 07:45:00,2021,1,27,7,45,89,89195,Lieu Dit Bel Air,48.140619,3.247726,Crépuscule ou aube,Hors agglomération,Hors intersection,Pluie légère,Sans collision,4,2,2,0,1,1,2,0,3,-1,,5,3,0,0,2,28.0,,,,2,1,1,2,7
202100053514,2021-01-28 14:15:00,2021,1,28,14,15,56,56222,Residence Paul Verlaine,47.84655,-2.720266,Plein jour,En agglomération,Hors intersection,Pluie légère,Autre collision,4,2,2,0,1,1,2,0,1,50,,2,1,0,1,0,56.0,,,,1,2,1,2,6
202100053515,2021-01-25 17:15:00,2021,1,25,17,15,78,78070,D130,48.916773,1.749618,Plein jour,Hors agglomération,Hors intersection,Temps éblouissant,Autre collision,3,2,2,0,1,1,1,0,1,80,,2,1,0,0,1,28.0,,,,1,1,1,7,6
202100053516,2021-01-28 16:00:00,2021,1,28,16,0,76,76458,Route d'Auffay,49.756379,1.189916,Plein jour,Hors agglomération,Hors intersection,Temps couvert,Deux véhicules - frontale,3,2,2,0,1,1,2,0,1,80,,3,0,0,2,1,28.0,33.0,,,1,1,1,8,1
202100053517,2021-01-28 14:20:00,2021,1,28,14,20,71,71230,Avenue Léon Blum,46.588246,4.059992,Plein jour,Hors agglomération,Hors intersection,Pluie légère,Deux véhicules - côté,3,2,2,0,1,1,2,0,1,80,,3,0,0,1,2,31.0,31.0,,,1,1,1,2,3
202100053518,2021-01-27 10:10:00,2021,1,27,10,10,63,63007,Zanière,45.37679486,3.13359886,Plein jour,Hors agglomération,Hors intersection,Normale,Autre collision,3,2,2,0,2,3,7,0,1,80,,1,0,0,1,0,64.0,,,,1,1,1,1,6
202100053519,2021-01-27 14:00:00,2021,1,27,14,0,49,49018,90 Rue Georges Clémenceau,47.545191,-0.106977,Plein jour,En agglomération,Hors intersection,Pluie légère,Sans collision,4,2,2,0,2,1,2,6,1,50,,1,0,0,0,1,18.0,,,,1,2,1,2,7
202100053520,2021-01-28 14:10:00,2021,1,28,14,10,12,12289,D5,44.502352,2.235782,Plein jour,Hors agglomération,Hors intersection,Pluie légère,Deux véhicules - côté,3,2,2,0,2,2,2,0,1,80,,4,3,0,0,1,65.0,23.0,,,1,1,1,2,3
202100053521,2021-01-28 15:20:00,2021,1,28,15,20,47,47217,1610 Route de la Sauvetat,44.208311,0.799996,Plein jour,Hors agglomération,Hors intersection,Normale,Autre collision,3,2,2,0,2,1,1,0,1,80,,2,0,0,2,0,73.0,69.0,,,1,1,1,1,6
202100053522,2021-01-17 11:00:00,2021,1,17,11,0,29,29101,Route de l'Armorique,48.587601,-4.5744,Plein jour,En agglomération,Hors intersection,Normale,Autre collision,4,2,2,0,1,1,1,0,1,30,,2,1,0,1,0,78.0,,,,1,2,1,1,6
202100053523,2021-01-22 18:20:00,2021,1,22,18,20,15,15156,Rancilhac - PK 19 D920,44.824724,2.494411,Nuit sans éclairage public,Hors agglomération,Hors intersection,Temps couvert,Trois véhicules et plus - collisions multiples,3,2,2,0,2,1,2,0,1,90,,4,3,0,0,1,54.0,29.0,,,3,1,1,8,5
202100053524,2021-01-28 15:00:00,2021,1,28,15,0,64,64526,allée des platanes,43.2657759861,-0.1879195869,Plein jour,En agglomération,Place,Normale,Autre collision,6,-1,0,0,1,1,1,0,8,-1,,2,1,0,1,0,61.0,,,,1,2,7,1,6
202100053525,2021-01-27 17:55:00,2021,1,27,17,55,73,73255,D74,45.3239038854,6.3180154507,Nuit sans éclairage public,Hors agglomération,Hors intersection,Pluie légère,Autre collision,3,2,2,2,4,3,5,-1,3,80,,1,0,0,1,0,43.0,,,,3,1,1,2,6
202100053526,2021-01-28 08:15:00,2021,1,28,8,15,53,53077,44 Rue de Nantes,47.944114,-0.913574,Crépuscule ou aube,En agglomération,Hors intersection,Pluie légère,Autre collision,3,2,2,0,1,1,2,0,1,50,,2,1,0,0,1,,,,,2,2,1,2,6
202100053527,2021-01-26 15:25:00,2021,1,26,15,25,27,27056,Rue de l'Abbatiale,49.089605,0.598981,Plein jour,En agglomération,Hors intersection,Temps couvert,Autre collision,4,1,1,0,1,1,2,0,1,50,,2,1,0,1,0,,,,,1,2,1,8,6
202100053528,2021-01-05 12:00:00,2021,1,5,12,0,37,37014,D751,47.263971,0.459881,Plein jour,Hors agglomération,Hors intersection,Normale,Deux véhicules - côté,3,2,2,0,1,1,1,0,1,80,,2,1,0,1,0,71.0,38.0,,,1,1,1,1,3
202100053529,2021-01-28 08:15:00,2021,1,28,8,15,30,30147,Place du Portail d'Alès,44.014338,4.05064,Plein jour,En agglomération,Hors intersection,Normale,Autre collision,4,2,2,0,2,2,1,0,8,50,,1,0,0,1,0,59.0,,,,1,2,1,1,6
202100053530,2021-01-27 18:15:00,2021,1,27,18,15,69,69244,VINCENT SERRE (AV),45.766049,4.785785,Crépuscule ou aube,En agglomération,Intersection en X,Pluie légère,Deux véhicules - côté,4,2,2,0,2,1,2,0,1,50,,5,4,0,0,1,80.0,26.0,,,2,2,2,2,3
202100053531,2021-01-28 10:00:00,2021,1,28,10,0,91,91159,D 74,48.530426,2.431143,Plein jour,Hors agglomération,Hors intersection,Normale,Deux véhicules - frontale,3,2,2,0,1,1,2,0,1,80,,2,1,1,0,0,54.0,53.0,,,1,1,1,1,1
202100053532,2021-01-27 18:05:00,2021,1,27,18,5,69,69013,A6,46.013394,4.728804,Nuit sans éclairage public,Hors agglomération,Hors intersection,Pluie légère,Autre collision,1,3,6,0,1,1,2,0,2,130,,1,0,0,1,0,61.0,,,,3,1,1,2,6
202100053533,2021-01-22 13:45:00,2021,1,22,13,45,974,97422,Rue Jean de Fos du Rau,-21.221966,55.552701,Plein jour,En agglomération,Hors intersection,Pluie forte,Sans collision,2,2,2,0,2,4,2,0,1,50,,2,1,0,1,0,71.0,33.0,,,1,2,1,3,7
202100053534,2021-01-08 20:25:00,2021,1,8,20,25,13,13033,32 Avenue de la Côte Bleue,43.356697,5.203437,Nuit avec éclairage allumé,En agglomération,Hors intersection,Normale,Deux véhicules - côté,7,2,2,0,1,1,1,0,1,50,,2,0,0,1,1,33.0,31.0,,,5,2,1,1,3
202100053535,2021-01-27 07:50:00,2021,1,27,7,50,84,84047,D101,43.892102,5.368162,Crépuscule ou aube,Hors agglomération,Intersection en Y,Autre,Autre collision,3,2,2,0,2,1,7,0,1,80,,6,2,0,0,4,56.0,41.0,,,2,1,4,9,6
202100053536,2021-01-27 18:40:00,2021,1,27,18,40,83,83029,D562,43.606095,6.752483,Nuit sans éclairage public,Hors agglomération,Hors intersection,Normale,Autre collision,3,2,2,0,1,1,1,0,1,70,,2,1,0,1,0,30.0,,,,3,1,1,1,6
202100053537,2021-01-28 09:30:00,2021,1,28,9,30,08,08110,A304,49.824806,4.512463,Plein jour,Hors agglomération,Hors intersection,Pluie forte,Autre collision,1,3,4,0,1,2,2,0,1,110,,1,0,0,0,1,37.0,,,,1,1,1,3,6
202100053538,2021-01-28 16:15:00,2021,1,28,16,15,38,38537,Rue des Alpes,45.632511,5.148211,Plein jour,En agglomération,Hors intersection,Pluie légère,Autre collision,3,2,2,0,1,1,2,0,1,50,,2,1,0,0,1,77.0,,,,1,2,1,2,6
202100053539,2021-01-28 13:15:00,2021,1,28,13,15,69,69287,CHARLES DE GAULLE (AV),45.6999724448,5.0082695027,Plein jour,En agglomération,Hors intersection,Pluie légère,Autre collision,3,1,1,1,1,1,2,0,1,50,,3,1,0,0,2,53.0,,,,1,2,1,2,6
202100053540,2021-01-28 07:15:00,2021,1,28,7,15,61,61424,RD 909 PK 009+530,48.556109,-0.143573,Crépuscule ou aube,Hors agglomération,Hors intersection,Pluie forte,Deux véhicules - côté,3,2,2,0,4,2,2,0,1,90,,2,1,0,0,1,19.0,46.0,,,2,1,1,3,3
202100053541,2021-01-28 08:05:00,2021,1,28,8,5,59,59258,rue de la bertellerie,50.540197,3.220475,Crépuscule ou aube,Hors agglomération,Hors intersection,Pluie forte,Deux véhicules - frontale,3,2,2,0,1,4,2,0,1,50,,2,1,0,0,1,44.0,23.0,,,2,1,1,3,1
202100053542,2021-01-27 18:00:00,2021,1,27,18,0,13,13215,A7-Sens Marseille vers Lyon,43.3730640913,5.3611908811,Nuit sans éclairage public,Hors agglomération,Hors intersection,Normale,Deux véhicules - arrière,1,1,2,0,1,1,1,0,1,90,,2,1,0,0,1,45.0,21.0,,,3,1,1,1,2
202100053543,2021-01-08 20:15:00,2021,1,8,20,15,13,13056,A55-Sens Marseille vers Martigues,43.3988153438,5.0862796605,Nuit sans éclairage public,Hors agglomération,Hors intersection,Normale,Deux véhicules - côté,1,1,2,0,1,1,1,0,1,110,,2,1,0,0,1,28.0,,,,3,1,1,1,3
202100053544,2021-01-27 09:30:00,2021,1,27,9,30,13,13019,A51-Sens Aix en Provence vers Marseille,43.4216,5.3702,Plein jour,Hors agglomération,Hors intersection,Normale,Deux véhicules - côté,1,1,4,0,1,1,1,0,1,90,,2,1,0,0,1,66.0,35.0,,,1,1,1,1,3
202100053545,2021-01-22 16:05:00,2021,1,22,16,5,69,69278,A46,45.9034380866,4.82619524,Plein jour,Hors agglomération,Hors intersection,Pluie forte,Deux véhicules - côté,1,3,6,0,1,2,2,0,2,130,,5,3,0,1,1,63.0,,,,1,1,1,3,3
202100053546,2021-01-27 11:00:00,2021,1,27,11,0,33,33249,Route nationale 230,44.885027,-0.51162,Plein jour,Hors agglomération,Hors intersection,Pluie légère,Autre collision,2,1,2,0,2,2,2,3,1,50,,2,1,0,0,1,21.0,,,,1,1,1,2,6
202100053547,2021-01-27 15:20:00,2021,1,27,15,20,93,93063,AUTOROUTE A3,48.87786,2.44593,Plein jour,Hors agglomération,Hors intersection,Pluie légère,Deux véhicules - côté,1,3,8,0,3,1,2,0,1,70,,3,1,0,0,2,37.0,22.0,,,1,1,1,2,3
202100053548,2021-01-27 00:20:00,2021,1,27,0,20,93,93078,AUTOROUTE A104,48.95802,2.52861,Nuit sans éclairage public,Hors agglomération,Hors intersection,Pluie légère,Autre collision,1,3,8,0,1,3,2,0,1,90,,1,0,0,0,1,26.0,,,,3,1,1,2,6
202100053549,2021-01-25 21:10:00,2021,1,25,21,10,93,93053,AUTOROUTE A3,48.89503,2.47135,Crépuscule ou aube,Hors agglomération,Hors intersection,Normale,Deux véhicules - côté,1,3,10,0,1,1,1,0,1,70,,2,1,0,0,1,43.0,56.0,,,2,1,1,1,3
202100053550,2021-01-26 00:40:00,2021,1,26,0,40,93,93053,AUTOROUTE A103,48.888,2.4725,Nuit sans éclairage public,Hors agglomération,Hors intersection,Normale,Autre collision,1,3,4,0,2,3,1,0,1,50,,1,0,0,0,1,30.0,,,,3,1,1,1,6
202100053551,2021-01-26 13:50:00,2021,1,26,13,50,988,98818,AVENUE DU MARECHAL FOCH,-22.27547,166.44286,Plein jour,En agglomération,Intersection en T,Normale,Deux véhicules - côté,4,1,3,0,1,1,1,0,1,50,,2,1,0,0,1,61.0,32.0,,,1,2,3,1,3
202100053552,2021-01-26 12:35:00,2021,1,26,12,35,974,97416,RECHERCHANT(RUE ADRIEN),-21.28338,55.47728,Plein jour,En agglomération,Hors intersection,Normale,Deux véhicules - arrière,4,2,2,0,1,1,1,0,1,50,,2,1,0,0,1,44.0,31.0,,,1,2,1,1,2
202100053553,2021-01-26 15:15:00,2021,1,26,15,15,974,97416,RN3 (1),-21.32269,55.4803,Plein jour,Hors agglomération,Hors intersection,Normale,Autre collision,2,2,5,0,2,1,1,0,1,110,,3,2,0,1,0,74.0,,,,1,1,1,1,6
202100053554,2021-01-26 06:18:00,2021,1,26,6,18,974,97411,PETITE ILE (RUE DE LA),-20.880269,55.443993,Plein jour,En agglomération,Intersection en T,Normale,Deux véhicules - côté,3,2,2,0,2,1,1,0,1,50,,2,1,0,1,0,47.0,60.0,,,1,2,3,1,3
202100053555,2021-01-26 07:55:00,2021,1,26,7,55,974,97411,Rue de la Guadeloupe,-20.90462,55.49305,Plein jour,En agglomération,Intersection en T,Normale,Deux véhicules - côté,4,-1,2,0,2,1,1,0,1,50,,2,1,0,0,1,51.0,42.0,,,1,2,3,1,3
202100053556,2021-01-26 14:15:00,2021,1,26,14,15,973,97302,ROUTE NATIONALE 1,4.90411,-52.32388,Plein jour,Hors agglomération,Hors intersection,Normale,Deux véhicules - arrière,2,1,1,0,1,1,1,0,1,90,,2,1,0,0,1,47.0,46.0,,,1,1,1,1,2
202100053557,2021-01-26 11:30:00,2021,1,26,11,30,973,97302,GIRATOIRE MARINGOUINS,4.90781,-52.32244,Plein jour,Hors agglomération,Giratoire,Normale,Deux véhicules - côté,2,1,1,0,1,3,1,0,1,30,,2,1,0,0,1,41.0,31.0,,,1,1,6,1,3
202100053558,2021-01-26 12:10:00,2021,1,26,12,10,69,69386,VITTON (CR),45.7702370154,4.8603862524,Plein jour,En agglomération,Hors intersection,Normale,Deux véhicules - côté,4,1,2,2,1,1,1,0,1,50,,2,1,0,0,1,34.0,28.0,,,1,2,1,1,3
202100053559,2021-01-25 11:04:00,2021,1,25,11,4,972,97213,AUTOROUTE A1,14.62896,-60.97819,Plein jour,Hors agglomération,Hors intersection,Normale,Autre collision,2,1,2,0,1,1,1,9,2,90,,1,0,0,0,1,64.0,,,,1,1,1,1,6
202100053560,2021-01-26 11:10:00,2021,1,26,11,10,972,97213,Z I LES MANGLES,14.61695,-61.01709,Plein jour,En agglomération,Hors intersection,Normale,Autre collision,4,2,2,0,1,1,1,0,1,50,,2,1,0,1,0,81.0,,,,1,2,1,1,6
202100053561,2021-01-25 16:09:00,2021,1,25,16,9,972,97213,Z I LES MANGLES,14.61821,-61.02176,Plein jour,Hors agglomération,Hors intersection,Normale,Trois véhicules et plus - en chaîne,9,1,1,0,1,3,1,9,8,50,,5,2,0,0,3,61.0,32.0,,,1,1,1,1,4
202100053562,2021-01-25 21:05:00,2021,1,25,21,5,972,97209,PASSERELLE (RUE DE LA),14.60888,-61.05178,Nuit avec éclairage non allumé,En agglomération,Hors intersection,Normale,Sans collision,4,1,1,0,1,1,1,0,1,30,,2,1,0,0,1,23.0,,,,4,2,1,1,7
202100053563,2021-01-26 19:05:00,2021,1,26,19,5,69,69081,JEAN MARIE VIANNEY (CHM),45.7884789566,4.7818416028,Nuit avec éclairage allumé,En agglomération,Intersection en T,Normale,Deux véhicules - côté,4,2,2,1,2,1,1,0,4,50,,2,1,0,0,1,25.0,48.0,,,5,2,3,1,3
202100053564,2021-01-26 08:55:00,2021,1,26,8,55,69,69286,EUROPE (DE L') (AV),45.81585,4.89872,Plein jour,En agglomération,Intersection en X,Normale,Autre collision,4,3,2,0,1,1,1,0,1,50,,2,1,0,1,0,22.0,,,,1,2,2,1,6
202100053565,2021-01-25 13:00:00,2021,1,25,13,0,69,69286,ARTIFICE (DE L') (R),45.8147545982,4.8826685654,Plein jour,En agglomération,Hors intersection,Temps couvert,Deux véhicules - frontale,4,2,2,0,1,2,2,0,1,50,,2,0,0,0,2,20.0,24.0,,,1,2,1,8,1
202100053566,2021-01-26 16:56:00,2021,1,26,16,56,971,97101,ALBERTIN LANDRE (RUE),16.29195,-61.48082,Plein jour,En agglomération,Intersection en T,Normale,Deux véhicules - côté,4,1,1,0,2,1,1,0,1,50,,2,1,0,0,1,27.0,27.0,,,1,2,3,1,3
202100053567,2021-01-26 14:53:00,2021,1,26,14,53,95,95018,GUILLOT (BOULEVARD MARCEAU),48.95515,2.252688,Plein jour,Hors agglomération,Intersection en T,Normale,Deux véhicules - frontale,4,2,2,0,1,1,1,0,1,50,,2,1,0,1,0,31.0,35.0,,,1,1,3,1,1
202100053568,2021-01-08 20:30:00,2021,1,8,20,30,91,91216,CORBEIL (RUE),48.66647,2.3329,Nuit avec éclairage allumé,En agglomération,Hors intersection,Pluie légère,Deux véhicules - frontale,4,2,1,0,1,3,2,5,1,30,,2,1,0,0,1,20.0,32.0,,,5,2,1,2,1
202100053569,2021-01-26 18:30:00,2021,1,26,18,30,91,91326,JEAN DANAUX (RUE),48.69,2.38667,Nuit avec éclairage allumé,En agglomération,Autre intersection,Normale,Autre collision,9,-1,0,0,1,1,1,0,8,30,,3,2,0,0,1,41.0,,,,5,2,9,1,6
202100053570,2021-01-25 17:23:00,2021,1,25,17,23,87,87085,MONTJOVIS (AVENUE),45.84001,1.24668,Plein jour,En agglomération,Intersection en T,Normale,Deux véhicules - côté,4,2,2,0,1,1,1,0,1,50,,3,0,0,0,3,41.0,74.0,,,1,2,3,1,3
202100053571,2021-01-25 14:12:00,2021,1,25,14,12,87,87085,MONTJOVIS (AVENUE),45.83913,1.24722,Plein jour,En agglomération,Intersection en T,Normale,Deux véhicules - côté,4,2,2,0,1,1,1,0,1,50,,2,1,0,1,0,31.0,18.0,,,1,2,3,1,3
202100053572,2021-01-22 18:50:00,2021,1,22,18,50,87,87085,CONSTANTY (RUE GEORGES),45.9095478,1.3059018,Crépuscule ou aube,Hors agglomération,Hors intersection,Normale,Deux véhicules - frontale,3,2,2,0,1,3,2,0,1,80,,2,0,0,1,1,43.0,43.0,,,2,1,1,1,1
202100053573,2021-01-25 14:05:00,2021,1,25,14,5,87,87085,LATTRE-DE-TASSIGNY (AVENUE DU MARECHAL),45.82565,1.2702,Plein jour,En agglomération,Hors intersection,Normale,Deux véhicules - côté,3,2,5,0,1,1,1,0,1,50,,2,1,0,1,0,68.0,30.0,,,1,2,1,1,3
202100053574,2021-01-26 07:58:00,2021,1,26,7,58,81,81004,THOMAS (AV ALBERT),43.93659,2.14681,Crépuscule ou aube,En agglomération,Hors intersection,Normale,Deux véhicules - côté,3,2,2,0,1,1,1,0,1,50,,2,1,0,0,1,17.0,27.0,,,2,2,1,1,3
202100053575,2021-01-24 12:38:00,2021,1,24,12,38,77,77285,CORBEIL (GIRATOIRE DE),48.548234,2.640538,Plein jour,En agglomération,Giratoire,Normale,Deux véhicules - frontale,4,-1,0,0,1,1,1,5,1,30,,6,4,0,1,1,29.0,46.0,,,1,2,6,1,1
202100053576,2021-01-26 08:00:00,2021,1,26,8,0,76,76319,Avenue du General Leclerc,49.36518,1.01392,Nuit avec éclairage allumé,En agglomération,Hors intersection,Normale,Autre collision,7,2,2,0,1,1,1,-1,1,50,,2,1,0,0,1,21.0,,,,5,2,1,1,6
202100053577,2021-01-26 08:45:00,2021,1,26,8,45,74,74012,VERDUN (AVENUE DE),46.18579,6.24254,Plein jour,En agglomération,Autre intersection,Normale,Autre collision,4,4,3,0,1,1,1,0,1,50,,2,1,0,0,1,58.0,,,,1,2,9,1,6
202100053578,2021-01-26 16:00:00,2021,1,26,16,0,73,73011,ARMAND (RUE LOUIS),45.6590930591,6.3709629625,Plein jour,En agglomération,Intersection en X,Normale,Deux véhicules - côté,4,2,2,2,1,1,1,-1,1,50,,3,2,0,1,0,18.0,71.0,,,1,2,2,1,3
202100053579,2021-01-25 10:30:00,2021,1,25,10,30,71,71270,INTER. RUE DE SANCE  RUE SIMONE VEIL,46.3258766404,4.8310776737,Plein jour,En agglomération,Giratoire,Normale,Deux véhicules - côté,3,2,2,0,1,1,2,0,1,50,,2,1,0,0,1,34.0,51.0,,,1,2,6,1,3