accident_id,datetime,annee,mois,jour,heure,minute,departement,commune_insee,adresse,latitude,longitude,luminosite,agglomeration,intersection,meteo,collision,catr,circ,nbv,vosp,prof,plan,surf,infra,situ,vma,nb_vehicules,nb_usagers,nb_indemnes,nb_tues,nb_blesses_hosp,nb_blesses_legers,age_cond_1,age_cond_2,veh_type_cond_1,veh_type_cond_2,lum_code,agg_code,int_code,atm_code,col_code
202100053580,2021-01-26 09:10:00,2021,1,26,9,10,69,69290,SAINT BONNET DE MURE (DE) (CHM),45.69164,4.96799,Plein jour,En agglomération,Intersection en T,Normale,Deux véhicules - côté,1,1,1,0,2,1,1,3,1,50,,2,0,0,1,1,40.0,57.0,,,1,2,3,1,3
202100053581,2021-01-26 07:30:00,2021,1,26,7,30,69,69290,PIERRE MENDES FRANCE (AV),45.6898872108,4.9569126795,Crépuscule ou aube,En agglomération,Hors intersection,Normale,Autre collision,4,2,2,1,2,1,1,0,1,50,,2,1,0,1,0,25.0,,,,2,2,1,1,6
202100053582,2021-01-25 16:52:00,2021,1,25,16,52,65,65440,ROND POINT DE PAU,43.23737,0.04215,Plein jour,Hors agglomération,Hors intersection,Pluie légère,Deux véhicules - arrière,3,2,2,0,1,1,2,0,1,70,,3,1,0,0,2,23.0,34.0,,,1,1,1,2,2
202100053583,2021-01-26 20:15:00,2021,1,26,20,15,62,62525,ROCADE,50.738741,2.253929,Nuit sans éclairage public,Hors agglomération,Hors intersection,Pluie légère,Sans collision,3,3,2,0,1,1,2,0,1,110,,1,0,0,0,1,22.0,,,,3,1,1,2,7
202100053584,2021-01-26 14:35:00,2021,1,26,14,35,59,59350,DE COUBERTIN PIERRE BOULEVARD,50.64783,3.06873,Plein jour,En agglomération,Intersection en X,Normale,Trois véhicules et plus - en chaîne,7,1,3,0,1,1,1,0,1,50,,3,2,0,0,1,27.0,48.0,,,1,2,2,1,4
202100053585,2021-01-24 19:30:00,2021,1,24,19,30,59,59654,PASTEUR (RUE),50.38698,3.11049,Nuit avec éclairage allumé,En agglomération,Hors intersection,Pluie légère,Autre collision,4,2,2,0,1,1,2,0,1,50,,1,0,0,0,1,32.0,,,,5,2,1,2,6
202100053586,2021-01-22 21:45:00,2021,1,22,21,45,58,58194,SAINT ELOI I (LEVEE),46.9859,3.172,Nuit avec éclairage allumé,En agglomération,Hors intersection,Temps couvert,Sans collision,4,1,1,0,1,1,2,0,1,50,,1,0,0,1,0,46.0,,,,5,2,1,8,7
202100053587,2021-01-21 17:15:00,2021,1,21,17,15,57,57206,DESCARTES (RUE),49.3111621,6.1204634,Nuit sans éclairage public,En agglomération,Hors intersection,Pluie légère,Autre collision,4,2,2,0,1,1,2,0,1,50,,2,1,0,0,1,29.0,29.0,,,3,2,1,2,6
202100053588,2021-01-25 17:15:00,2021,1,25,17,15,54,54079,SAINT-ETIENNE (RUE),48.8816,6.04949,Plein jour,En agglomération,Intersection en X,Temps couvert,Deux véhicules - côté,4,2,2,0,1,1,1,0,1,30,,4,3,0,0,1,51.0,15.0,,,1,2,2,8,3
202100053589,2021-01-21 14:01:00,2021,1,21,14,1,51,51230,Avenue Jean Jaurès,49.0491927689,3.9433863759,Plein jour,En agglomération,Hors intersection,Temps couvert,Trois véhicules et plus - en chaîne,3,2,2,0,2,1,1,8,1,70,,5,4,0,1,0,72.0,36.0,,,1,2,1,8,4
202100053590,2021-01-25 16:35:00,2021,1,25,16,35,50,50129,LEMONNIER (AVENUE AMIRAL),49.634341,-1.602341,Plein jour,Hors agglomération,Intersection en X,Normale,Deux véhicules - arrière,3,3,6,0,1,1,1,0,1,70,,3,2,0,0,1,53.0,23.0,,,1,1,2,1,2
202100053591,2021-01-25 14:15:00,2021,1,25,14,15,50,50129,JOLIOT CURIE (RUE),49.6297,-1.64244,Plein jour,En agglomération,Intersection en X,Normale,Deux véhicules - côté,3,2,2,0,1,1,1,5,1,50,,2,1,0,0,1,23.0,30.0,,,1,2,2,1,3
202100053592,2021-01-25 10:20:00,2021,1,25,10,20,49,49099,MAGNOLIAS (SQUARE DES),47.05212,-0.87298,Plein jour,En agglomération,Hors intersection,Temps couvert,Sans collision,4,2,2,0,1,1,7,0,1,50,,1,0,0,0,1,55.0,,,,1,2,1,8,7
202100053593,2021-01-25 11:25:00,2021,1,25,11,25,49,49007,MOULIN BOULEVARD,47.48905,-0.54577,Plein jour,En agglomération,Giratoire,Normale,Deux véhicules - arrière,4,2,2,0,1,1,1,0,1,50,,2,1,0,0,1,59.0,41.0,,,1,2,6,1,2
202100053594,2021-01-25 10:45:00,2021,1,25,10,45,49,49007,LARREY,47.48086,-0.55456,Plein jour,En agglomération,Intersection en T,Normale,Deux véhicules - côté,4,2,2,2,1,1,1,0,1,30,,2,1,0,0,1,69.0,56.0,,,1,2,3,1,3
202100053595,2021-01-25 08:30:00,2021,1,25,8,30,49,49007,ORGEMONT,47.45483,-0.54828,Crépuscule ou aube,En agglomération,Intersection en X,Normale,Sans collision,4,2,2,2,1,1,2,0,1,30,,1,0,0,1,0,60.0,,,,2,2,2,1,7
202100053596,2021-01-26 08:15:00,2021,1,26,8,15,45,45004,552 Rue de la Cheminée Peynault,47.99759,2.75884,Plein jour,En agglomération,Hors intersection,Normale,Autre collision,4,2,0,0,1,1,1,6,1,50,,2,1,0,0,1,38.0,,,,1,2,1,1,6
202100053597,2021-01-25 08:25:00,2021,1,25,8,25,45,45068,36 Rue Paul Painlevé,48.031417,2.742323,Nuit avec éclairage allumé,En agglomération,Hors intersection,Temps couvert,Autre collision,4,2,2,0,1,1,1,0,4,30,,1,0,0,0,1,30.0,,,,5,2,1,8,6
202100053598,2021-01-26 07:30:00,2021,1,26,7,30,44,44162,QUAI EMILE CORMERAIS,47.19457,-1.61976,Nuit avec éclairage allumé,En agglomération,Hors intersection,Normale,Deux véhicules - côté,7,3,2,1,1,1,1,0,1,30,,2,1,0,0,1,25.0,32.0,,,5,2,1,1,3
202100053599,2021-01-26 08:01:00,2021,1,26,8,1,37,37208,CICOTTEES (RUE DES),47.346493808,0.728408441,Crépuscule ou aube,En agglomération,Intersection en T,Normale,Autre collision,4,2,2,0,1,1,1,0,1,50,,2,1,0,0,1,35.0,,,,2,2,3,1,6
202100053600,2021-01-25 15:55:00,2021,1,25,15,55,37,37261,DANIEL MAYER,47.4186419428,0.6874231716,Plein jour,En agglomération,Hors intersection,Normale,Trois véhicules et plus - en chaîne,4,2,2,0,1,1,1,0,1,50,,3,2,0,0,1,61.0,30.0,,,1,2,1,1,4
202100053601,2021-01-25 07:40:00,2021,1,25,7,40,37,37261,NAPOLEON (PONT),47.3993099522,0.6753826457,Crépuscule ou aube,En agglomération,Hors intersection,Normale,Sans collision,4,2,4,0,1,1,7,2,1,50,,2,1,0,0,1,17.0,,,,2,2,1,1,7
202100053602,2021-01-25 07:20:00,2021,1,25,7,20,37,37122,JAURES (BOULEVARD JEAN),47.3496737244,0.6711872833,Crépuscule ou aube,En agglomération,Hors intersection,Autre,Sans collision,4,2,2,0,2,1,7,0,6,50,,1,0,0,0,1,16.0,,,,2,2,1,9,7
202100053603,2021-01-25 09:10:00,2021,1,25,9,10,37,37261,SUEDE (RUE DE),47.4327622762,0.6859753659,Plein jour,En agglomération,Intersection en X,Autre,Deux véhicules - arrière,4,2,2,0,1,2,7,5,1,50,,3,2,0,0,1,38.0,19.0,,,1,2,2,9,2
202100053604,2021-01-24 12:15:00,2021,1,24,12,15,37,37261,ALOUETTE (AVENUE),47.3624468186,0.695766811,Plein jour,En agglomération,Hors intersection,Pluie légère,Sans collision,4,3,2,0,2,2,2,0,1,50,,1,0,0,0,1,31.0,,,,1,2,1,2,7
202100053605,2021-01-26 09:15:00,2021,1,26,9,15,35,35238,YSER (BD DE L'),48.09208,-1.67615,Plein jour,En agglomération,Intersection en X,Normale,Deux véhicules - frontale,4,3,2,2,1,3,1,0,1,50,,2,1,0,0,1,21.0,12.0,,,1,2,2,1,1
202100053606,2021-01-26 08:05:00,2021,1,26,8,5,35,35278,PORTE DE ST MALO,48.13956,-1.6952,Crépuscule ou aube,Hors agglomération,Hors intersection,Normale,Trois véhicules et plus - en chaîne,7,1,2,0,1,1,1,0,1,70,,4,3,0,0,1,58.0,32.0,,,2,1,1,1,4
202100053607,2021-01-25 17:45:00,2021,1,25,17,45,31,31069,GRENADE (ROUTE DE),43.63762,1.39034,Plein jour,En agglomération,Intersection en Y,Normale,Deux véhicules - côté,7,2,2,0,1,1,1,0,1,50,,2,1,0,0,1,22.0,18.0,,,1,2,4,1,3
202100053608,2021-01-25 20:40:00,2021,1,25,20,40,31,31555,ROND POINT JEAN PAUL FONVIEILLE,43.5673,1.40696,Nuit avec éclairage allumé,En agglomération,Hors intersection,Normale,Sans collision,4,1,2,0,1,2,1,0,1,50,,2,0,0,0,2,30.0,,,,5,2,1,1,7
202100053609,2021-01-25 09:10:00,2021,1,25,9,10,31,31565,Avenue de Luchon,43.09569,0.70209,Plein jour,En agglomération,Giratoire,Pluie légère,Deux véhicules - arrière,3,2,2,0,1,1,2,5,1,30,,2,1,0,0,1,30.0,56.0,,,1,2,6,2,2
202100053610,2021-01-26 18:10:00,2021,1,26,18,10,27,27229,SEMARD (RUE PIERRE),49.01601,1.16572,Nuit sans éclairage public,En agglomération,Intersection en T,Temps couvert,Deux véhicules - côté,4,2,2,0,2,1,1,0,1,50,,4,0,0,1,3,20.0,22.0,,,3,2,3,8,3
202100053611,2021-01-26 17:15:00,2021,1,26,17,15,17,17291,DIX-HUIT JUIN   RUE DU,46.176675,-1.109175,Plein jour,En agglomération,Hors intersection,Pluie légère,Deux véhicules - arrière,4,2,2,0,1,1,2,0,1,10,,2,1,0,0,1,21.0,51.0,,,1,2,1,2,2
202100053612,2021-01-25 08:10:00,2021,1,25,8,10,15,15012,RD 920,44.880332,2.448192,Crépuscule ou aube,Hors agglomération,Hors intersection,Normale,Deux véhicules - frontale,3,2,2,0,1,1,2,0,1,90,,4,1,0,0,3,34.0,56.0,,,2,1,1,1,1
202100053613,2021-01-25 14:40:00,2021,1,25,14,40,14,14366,Rue des Mathurins,49.14478,0.22463,Plein jour,En agglomération,Intersection en X,Normale,Autre collision,3,2,2,0,1,1,2,5,1,30,,2,1,0,1,0,19.0,,,,1,2,2,1,6
202100053614,2021-01-26 16:00:00,2021,1,26,16,0,13,13209,REDON (BOULEVARD DU),43.25698,5.419,Plein jour,En agglomération,Hors intersection,Normale,Autre collision,4,2,2,0,2,1,1,0,1,50,,2,1,0,0,1,50.0,,,,1,2,1,1,6
202100053615,2021-01-26 15:00:00,2021,1,26,15,0,13,13211,VALENTINE (ROUTE DE LA),43.289587,5.470668,Plein jour,En agglomération,Hors intersection,Normale,Sans collision,4,2,2,0,1,1,1,0,1,50,,1,0,0,0,1,37.0,,,,1,2,1,1,7
202100053616,2021-01-26 12:15:00,2021,1,26,12,15,13,13211,RTE D' ALLAUCH,43.3073995503,5.501158283,Plein jour,En agglomération,Intersection en T,Normale,Deux véhicules - côté,4,2,2,0,4,1,1,0,1,50,,2,0,0,0,2,22.0,23.0,,,1,2,3,1,3
202100053617,2021-01-26 12:28:00,2021,1,26,12,28,13,13209,AUGUSTIN AUBERT (RUE),43.26663,5.40296,Plein jour,En agglomération,Intersection en X,Normale,Deux véhicules - côté,4,1,3,0,1,1,1,5,1,50,,3,1,0,0,2,73.0,49.0,,,1,2,2,1,3
202100053618,2021-01-26 11:00:00,2021,1,26,11,0,13,13215,LYON (RUE DE),43.33014,5.36509,Plein jour,En agglomération,Hors intersection,Normale,Autre collision,4,2,2,0,1,1,1,9,1,50,,2,1,0,0,1,,,,,1,2,1,1,6
202100053619,2021-01-26 16:45:00,2021,1,26,16,45,13,13004,BD EMILE COMBES,43.678278,4.633733,Plein jour,En agglomération,Autre intersection,Normale,Autre collision,9,-1,0,0,1,1,1,9,8,50,,2,1,0,0,1,20.0,,,,1,2,9,1,6
202100053620,2021-01-23 10:00:00,2021,1,23,10,0,11,11069,RUE DARIUS MILHAUD,43.20792,2.37295,Plein jour,En agglomération,Intersection en T,Pluie légère,Sans collision,3,2,2,0,1,1,2,0,1,50,,1,0,0,0,1,46.0,,,,1,2,3,2,7
202100053621,2021-01-25 06:40:00,2021,1,25,6,40,10,10387,ANATOLE FRANCE (RUE),48.28515,4.07403,Nuit avec éclairage allumé,En agglomération,Intersection en T,Pluie légère,Deux véhicules - côté,4,2,2,0,1,1,2,0,1,50,,4,3,0,0,1,28.0,49.0,,,5,2,3,2,3
202100053622,2021-01-26 08:10:00,2021,1,26,8,10,06,06069,Route de PLASCASSIER,43.648735,6.96111,Crépuscule ou aube,Hors agglomération,Hors intersection,Normale,Sans collision,3,2,2,0,2,2,7,0,1,50,,1,0,0,0,1,16.0,,,,2,1,1,1,7
202100053623,2021-01-25 10:45:00,2021,1,25,10,45,06,06027,LAUTIN CHEMIN DU,43.659492,7.155019,Plein jour,En agglomération,Hors intersection,Normale,Autre collision,4,2,2,0,2,1,1,0,1,50,,1,0,0,0,1,23.0,,,,1,2,1,1,6
202100053624,2021-01-25 13:10:00,2021,1,25,13,10,75,75116,BOULEVARD PERIPHERIQUE,48.846483,2.254921,Plein jour,En agglomération,Intersection en Y,Normale,Deux véhicules - côté,4,1,4,0,1,1,1,0,1,70,,2,1,0,0,1,32.0,51.0,,,1,2,4,1,3
202100053625,2021-01-26 08:20:00,2021,1,26,8,20,75,75120,RUE BELGRAND,48.86488,2.398645,Plein jour,En agglomération,Place,Normale,Deux véhicules - arrière,4,3,4,1,1,1,1,0,1,30,,2,1,0,0,1,29.0,65.0,,,1,2,7,1,2
202100053626,2021-01-26 05:00:00,2021,1,26,5,0,75,75113,RUE DU CHEVALERET,48.825601,2.378191,Nuit avec éclairage allumé,En agglomération,Hors intersection,Normale,Sans collision,4,2,2,0,1,1,1,0,1,50,,1,0,0,0,1,38.0,,,,5,2,1,1,7
202100053627,2021-01-26 09:00:00,2021,1,26,9,0,75,75112,AVENUE DAUMESNIL,48.837769,2.400536,Plein jour,En agglomération,Hors intersection,Normale,Deux véhicules - côté,4,2,2,0,1,1,1,0,1,50,,2,1,0,0,1,44.0,28.0,,,1,2,1,1,3
202100053628,2021-01-26 08:10:00,2021,1,26,8,10,75,75111,BOULEVARD VOLTAIRE,48.862132,2.372856,Crépuscule ou aube,En agglomération,Intersection en X,Normale,Deux véhicules - côté,4,2,2,1,1,1,1,-1,5,50,,2,1,0,0,1,,17.0,,,2,2,2,1,3
202100053629,2021-01-26 16:45:00,2021,1,26,16,45,75,75101,AVENUE VICTORIA,48.857728,2.347792,Plein jour,En agglomération,Intersection en X,Normale,Sans collision,4,1,2,0,1,1,1,-1,5,30,,1,0,0,0,1,64.0,,,,1,2,2,1,7
202100053630,2021-01-26 15:45:00,2021,1,26,15,45,75,75104,RUE DE RIVOLI,48.855229,2.361107,Plein jour,En agglomération,Intersection en T,Temps couvert,Autre collision,4,1,3,1,1,1,1,-1,5,30,,1,0,0,0,1,63.0,,,,1,2,3,8,6
202100053631,2021-01-26 16:00:00,2021,1,26,16,0,75,75101,BOULEVARD DE SEBASTOPOL,48.860618,2.349388,Plein jour,En agglomération,Intersection en X,Normale,Autre collision,4,1,4,1,1,1,1,-1,5,50,,2,1,0,0,1,58.0,,,,1,2,2,1,6
202100053632,2021-01-25 17:40:00,2021,1,25,17,40,94,94067,GENERAL DE GAULLE (AV DU),48.8459,2.41768,Crépuscule ou aube,En agglomération,Hors intersection,Normale,Autre collision,4,2,2,0,1,1,1,0,1,50,,2,0,0,0,2,31.0,,,,2,2,1,1,6
202100053633,2021-01-26 11:00:00,2021,1,26,11,0,94,94078,PRESIDENT JOHN FITZGERALD KENNEDY (AV DU,48.73412,2.46315,Plein jour,En agglomération,Hors intersection,Normale,Deux véhicules - côté,3,1,2,0,1,1,1,0,1,50,,3,1,0,2,0,29.0,30.0,,,1,2,1,1,3
202100053634,2021-01-25 13:45:00,2021,1,25,13,45,94,94068,ANDRE BOLLIER (R),48.8037,2.4746,Plein jour,En agglomération,Hors intersection,Normale,Trois véhicules et plus - en chaîne,4,1,1,0,1,1,1,0,1,30,,3,2,0,0,1,61.0,33.0,,,1,2,1,1,4
202100053635,2021-01-26 17:50:00,2021,1,26,17,50,94,94076,Rue du Clos Fleuri,48.787749,2.372833,Plein jour,En agglomération,Hors intersection,Normale,Autre collision,4,1,1,0,1,1,1,0,1,30,,2,1,0,0,1,75.0,,,,1,2,1,1,6
202100053636,2021-01-26 07:30:00,2021,1,26,7,30,94,94038,GABRIEL PERI (R),48.7844,2.34151,Nuit avec éclairage allumé,En agglomération,Giratoire,Normale,Sans collision,3,1,1,0,1,2,1,0,1,50,,1,0,0,0,1,52.0,,,,5,2,6,1,7
202100053637,2021-01-26 07:50:00,2021,1,26,7,50,94,94022,ANATOLE FRANCE (AV),48.76544,2.40931,Crépuscule ou aube,En agglomération,Intersection en T,Normale,Autre collision,4,1,2,0,1,1,1,0,1,50,,2,1,1,0,0,21.0,,,,2,2,3,1,6
202100053638,2021-01-26 11:40:00,2021,1,26,11,40,93,93071,LIVRY (AVENUE DE),48.9347207658,2.5347919464,Plein jour,En agglomération,Autre intersection,Normale,Sans collision,4,2,2,0,1,1,1,0,1,50,,2,1,0,0,1,56.0,24.0,,,1,2,9,1,7
202100053639,2021-01-25 09:40:00,2021,1,25,9,40,93,93066,FRANCE ANATOLE (BOULEVARD) NR AUTRES,48.92545,2.35037,Plein jour,En agglomération,Hors intersection,Temps couvert,Deux véhicules - arrière,3,1,2,0,1,1,1,0,1,50,,2,1,0,0,1,74.0,42.0,,,1,2,1,8,2
202100053640,2021-01-26 18:00:00,2021,1,26,18,0,93,93055,JEAN JAURES (AVENUE) (2/74),48.9017093689,2.3900823946,Nuit sans éclairage public,En agglomération,Hors intersection,Normale,Deux véhicules - arrière,3,3,2,1,1,1,1,0,5,50,,2,1,0,0,1,36.0,27.0,,,3,2,1,1,2
202100053641,2021-01-24 21:02:00,2021,1,24,21,2,93,93010,VARAGNAT (AVENUE HENRI),48.9151726578,2.4840949189,Nuit avec éclairage allumé,En agglomération,Hors intersection,Pluie légère,Autre collision,3,1,1,0,1,1,2,0,4,50,,2,1,1,0,0,20.0,,,,5,2,1,2,6
202100053642,2021-01-26 13:40:00,2021,1,26,13,40,92,92040,LEON BLUM (PLACE),48.8208091954,2.2601285577,Plein jour,En agglomération,Autre intersection,Normale,Deux véhicules - côté,3,2,2,0,1,3,1,8,1,30,,2,1,0,0,1,59.0,34.0,,,1,2,9,1,3
202100053643,2021-01-26 18:40:00,2021,1,26,18,40,92,92026,SAINT-DENIS BD (120 A 174 / DE 199 A 315,48.904081437,2.2781077092,Nuit avec éclairage allumé,En agglomération,Hors intersection,Normale,Deux véhicules - côté,3,2,2,0,1,1,1,0,1,50,,2,1,0,0,1,64.0,47.0,,,5,2,1,1,3
202100053644,2021-01-26 08:50:00,2021,1,26,8,50,92,92060,CHARLES DE GAULLE (AVENUE) RD75 N°1 A 35,48.77939,2.26114,Plein jour,En agglomération,Passage à niveau,Normale,Autre collision,3,1,0,1,2,2,2,4,5,30,,2,1,0,0,1,33.0,,,,1,2,8,1,6
202100053645,2021-01-26 09:25:00,2021,1,26,9,25,92,92009,VICTOR HUGO ( RUE ),48.9182020542,2.2700765136,Plein jour,En agglomération,Hors intersection,Normale,Deux véhicules - frontale,4,1,1,0,1,1,1,0,1,50,,2,1,0,0,1,22.0,37.0,,,1,2,1,1,1
202100053646,2021-01-27 11:00:00,2021,1,27,11,0,29,29105,N12 -  pk 38+700,48.518246,-4.051455,Plein jour,Hors agglomération,Autre intersection,Pluie légère,Autre collision,2,1,4,0,2,3,2,3,8,110,,1,0,0,0,1,62.0,,,,1,1,9,2,6
202100053647,2021-01-27 10:05:00,2021,1,27,10,5,74,74292,Rte de Sillingy,45.936676,5.997934,Plein jour,Hors agglomération,Hors intersection,Normale,Deux véhicules - frontale,3,2,2,0,1,1,1,0,1,50,,2,0,0,2,0,41.0,34.0,,,1,1,1,1,1
202100053648,2021-01-27 07:55:00,2021,1,27,7,55,83,83100,Rd 97,43.291795,6.147773,Crépuscule ou aube,Hors agglomération,Hors intersection,Normale,Autre collision,3,2,2,0,2,3,1,0,3,80,,3,1,0,2,0,19.0,,,,2,1,1,1,6
202100053649,2021-01-26 06:45:00,2021,1,26,6,45,60,60231,Route de Pierrefonds,49.264892,2.915497,Nuit sans éclairage public,Hors agglomération,Hors intersection,Pluie légère,Sans collision,3,2,2,0,1,2,7,0,8,70,,1,0,0,0,1,25.0,,,,3,1,1,2,7
202100053650,2021-01-26 07:00:00,2021,1,26,7,0,66,66021,Avenue du Canigou,42.727639,2.930674,Nuit avec éclairage allumé,En agglomération,Intersection en X,Normale,Deux véhicules - côté,4,2,2,0,1,3,1,0,1,50,,2,1,0,1,0,41.0,18.0,,,5,2,2,1,3
202100053651,2021-01-27 16:55:00,2021,1,27,16,55,57,57155,42 avenue de la libération,49.11302,6.401684,Crépuscule ou aube,En agglomération,Hors intersection,Normale,Autre collision,3,2,2,0,1,1,2,0,1,50,,2,1,0,0,1,19.0,,,,2,2,1,1,6
202100053652,2021-01-27 09:00:00,2021,1,27,9,0,59,59607,11 bis Chaussée Brunehaut,50.162989,3.601981,Plein jour,Hors agglomération,Intersection en X,Pluie légère,Deux véhicules - côté,3,2,2,0,4,1,2,0,1,70,,3,2,0,0,1,70.0,33.0,,,1,1,2,2,3
202100053653,2021-01-27 12:20:00,2021,1,27,12,20,56,56240,Coet Y Huel,47.5293,-2.807543,Plein jour,Hors agglomération,Hors intersection,Pluie légère,Autre collision,3,2,2,0,1,2,2,0,3,80,,1,0,0,1,0,39.0,,,,1,1,1,2,6
202100053654,2021-01-27 09:15:00,2021,1,27,9,15,67,67346,RD246-PR2+350,48.955611,8.067613,Plein jour,Hors agglomération,Hors intersection,Neige / grêle,Deux véhicules - frontale,3,2,2,0,2,1,5,0,3,80,,3,2,0,0,1,40.0,19.0,,,1,1,1,4,1
202100053655,2021-01-26 09:15:00,2021,1,26,9,15,80,80126,28 Rue d'Abbeville,49.93591,1.633257,Plein jour,En agglomération,Hors intersection,Normale,Deux véhicules - frontale,3,2,2,0,2,2,7,0,1,50,,3,0,0,1,2,62.0,28.0,,,1,2,1,1,1
202100053656,2021-01-26 19:22:00,2021,1,26,19,22,82,82037,D964,44.138765,1.5676,Nuit sans éclairage public,Hors agglomération,Hors intersection,Normale,Autre collision,3,2,2,0,1,1,1,0,1,80,,1,0,0,1,0,62.0,,,,3,1,1,1,6
202100053657,2021-01-26 17:30:00,2021,1,26,17,30,44,44013,D773,47.398545,-2.09597,Crépuscule ou aube,Hors agglomération,Hors intersection,Pluie légère,Deux véhicules - frontale,3,2,2,0,1,1,2,0,1,80,,2,0,1,1,0,38.0,56.0,,,2,1,1,2,1
202100053658,2021-01-23 23:30:00,2021,1,23,23,30,31,31576,Route du canal du midi,43.412164,1.656972,Nuit sans éclairage public,Hors agglomération,Hors intersection,Autre,Autre collision,3,2,2,1,2,2,2,2,3,80,,1,0,1,0,0,57.0,,,,3,1,1,9,6
202100053659,2021-01-27 07:30:00,2021,1,27,7,30,31,31135,CD 6,43.227689,1.083201,Nuit sans éclairage public,Hors agglomération,Intersection en X,Normale,Deux véhicules - côté,3,2,2,0,1,1,2,0,1,80,,2,1,0,1,0,16.0,54.0,,,3,1,2,1,3
202100053660,2021-01-25 08:20:00,2021,1,25,8,20,01,01200,Départementale 1084,46.097512,5.484023,Plein jour,Hors agglomération,Hors intersection,Neige / grêle,Autre collision,3,2,2,0,1,2,5,0,3,80,,2,1,0,1,0,22.0,,,,1,1,1,4,6
202100053661,2021-01-27 11:50:00,2021,1,27,11,50,58,58118,Les Cours Garnet,46.823046,3.704624,Plein jour,Hors agglomération,Hors intersection,Pluie légère,Deux véhicules - frontale,3,2,2,0,1,1,2,0,1,70,,2,1,1,0,0,60.0,30.0,,,1,1,1,2,1
202100053662,2021-01-27 18:25:00,2021,1,27,18,25,06,06150,D53,43.753206,7.407324,Nuit avec éclairage allumé,Hors agglomération,Hors intersection,Normale,Autre collision,3,2,2,0,2,2,1,0,1,80,,3,2,0,0,1,28.0,36.0,,,5,1,1,1,6
202100053663,2021-01-27 12:35:00,2021,1,27,12,35,64,64214,D11 PK 6+600,43.270433,-0.876315,Plein jour,En agglomération,Hors intersection,Pluie légère,Sans collision,3,2,2,0,1,3,2,0,1,50,,1,0,1,0,0,30.0,,,,1,2,1,2,7
202100053664,2021-01-27 09:50:00,2021,1,27,9,50,21,21584,6 Rue d’Argentine,47.280368,4.231544,Plein jour,En agglomération,Intersection en X,Normale,Autre collision,3,2,2,0,1,1,1,0,1,50,,2,1,0,1,0,26.0,,,,1,2,2,1,6
202100053665,2021-01-26 15:45:00,2021,1,26,15,45,27,27372,D13,49.354668,1.63508,Plein jour,Hors agglomération,Intersection en X,Normale,Deux véhicules - frontale,3,2,2,0,1,1,1,0,1,80,,3,1,0,2,0,61.0,73.0,,,1,1,2,1,1
202100053666,2021-01-26 14:10:00,2021,1,26,14,10,17,17340,D911,46.074794,-0.784632,Plein jour,Hors agglomération,Intersection en X,Normale,Deux véhicules - côté,3,2,2,0,1,1,1,0,1,80,,2,0,0,1,1,50.0,26.0,,,1,1,2,1,3
202100053667,2021-01-27 07:20:00,2021,1,27,7,20,48,48042,"PK 88+700, RD 806",44.57917,3.496302,Crépuscule ou aube,Hors agglomération,Hors intersection,Temps couvert,Autre collision,3,2,2,0,2,2,7,0,3,90,,2,1,0,1,0,27.0,,,,2,1,1,8,6
202100053668,2021-01-26 07:00:00,2021,1,26,7,0,08,08173,27 Rue Gambetta,49.688514,4.769295,Nuit avec éclairage allumé,En agglomération,Hors intersection,Autre,Deux véhicules - frontale,3,2,2,0,1,3,7,0,1,50,,2,1,0,1,0,22.0,57.0,,,5,2,1,9,1
202100053669,2021-01-25 03:11:00,2021,1,25,3,11,72,72024,Autoroute 28 - PK 116+500,48.09935,0.168915,Nuit sans éclairage public,Hors agglomération,Hors intersection,Neige / grêle,Autre collision,1,3,2,3,1,1,7,0,3,90,,2,1,0,1,0,26.0,,,,3,1,1,4,6
202100053670,2021-01-26 09:15:00,2021,1,26,9,15,06,06088,A8 PK 187+400 chaussée sud,43.677339,7.195069,Plein jour,Hors agglomération,Hors intersection,Normale,Deux véhicules - arrière,1,3,5,0,1,1,1,0,1,110,,2,1,0,0,1,20.0,43.0,,,1,1,1,1,2
202100053671,2021-01-26 07:59:00,2021,1,26,7,59,06,06104,A8 tunnel LA COUPIÈRE PK 215+860 NORD,43.77525,7.449481,Plein jour,Hors agglomération,Hors intersection,Normale,Deux véhicules - arrière,1,3,5,0,2,1,1,1,1,110,,2,0,0,1,1,51.0,59.0,,,1,1,1,1,2
202100053672,2021-01-27 11:10:00,2021,1,27,11,10,69,69019,A6,46.094186,4.74575,Plein jour,Hors agglomération,Hors intersection,Normale,Deux véhicules - côté,1,3,6,0,1,1,1,0,1,130,,6,5,0,1,0,36.0,36.0,,,1,1,1,1,3
202100053673,2021-01-27 10:00:00,2021,1,27,10,0,95,95409,PARC DE STATIONNEMENT,49.0416754645,2.3395740436,Plein jour,Hors agglomération,Hors intersection,Pluie légère,Autre collision,6,-1,-1,0,1,1,2,0,1,20,,2,1,0,0,1,54.0,,,,1,1,1,2,6
202100053674,2021-01-26 16:55:00,2021,1,26,16,55,66,66164,D614,42.756757,2.866541,Plein jour,Hors agglomération,Hors intersection,Temps couvert,Trois véhicules et plus - collisions multiples,3,2,2,0,2,1,1,0,1,80,,4,3,0,1,0,67.0,69.0,,,1,1,1,8,5
202100053675,2021-01-26 17:09:00,2021,1,26,17,9,84,84118,D2,43.930655,5.323445,Plein jour,Hors agglomération,Hors intersection,Normale,Deux véhicules - frontale,3,2,2,0,1,4,1,0,1,70,,5,3,0,1,1,43.0,75.0,,,1,1,1,1,1