accident_id,datetime,annee,mois,jour,heure,minute,departement,commune_insee,adresse,latitude,longitude,luminosite,agglomeration,intersection,meteo,collision,catr,circ,nbv,vosp,prof,plan,surf,infra,situ,vma,nb_vehicules,nb_usagers,nb_indemnes,nb_tues,nb_blesses_hosp,nb_blesses_legers,age_cond_1,age_cond_2,veh_type_cond_1,veh_type_cond_2,lum_code,agg_code,int_code,atm_code,col_code
202100053676,2021-01-26 07:50:00,2021,1,26,7,50,06,06151,M6202,43.895228,7.190416,Plein jour,Hors agglomération,Hors intersection,Normale,Sans collision,7,1,2,0,1,2,7,0,1,80,,1,0,0,1,0,29.0,,,,1,1,1,1,7
202100053677,2021-01-27 10:35:00,2021,1,27,10,35,52,52449,Rue de l'Avenir,47.831139,5.330155,Plein jour,En agglomération,Intersection en T,Temps couvert,Autre collision,4,2,2,0,1,1,2,0,4,50,,2,1,1,0,0,80.0,,,,1,2,3,8,6
202100053678,2021-01-21 07:35:00,2021,1,21,7,35,67,67378,24 rue du Général LECLERC,48.470176,7.724043,Nuit avec éclairage allumé,En agglomération,Hors intersection,Normale,Autre collision,7,2,2,0,1,1,1,0,4,30,,2,1,0,1,0,,,,,5,2,1,1,6
202100053679,2021-01-26 18:15:00,2021,1,26,18,15,54,54430,RD 657,48.766237,6.128209,Nuit avec éclairage allumé,Hors agglomération,Hors intersection,Normale,Trois véhicules et plus - collisions multiples,3,2,2,0,1,1,1,2,1,70,,7,4,0,0,3,43.0,25.0,,,5,1,1,1,5
202100053680,2021-01-26 08:00:00,2021,1,26,8,0,57,57433,13 Avenue des Nations,49.202492,6.164031,Plein jour,En agglomération,Intersection en T,Temps couvert,Autre collision,4,2,2,0,1,1,1,0,1,50,,2,1,0,1,0,29.0,,,,1,2,3,8,6
202100053681,2021-01-25 17:30:00,2021,1,25,17,30,44,44035,Rue de Sucé,47.303189,-1.546669,Crépuscule ou aube,En agglomération,Giratoire,Temps éblouissant,Autre collision,7,3,2,0,1,1,1,0,8,50,,2,1,0,1,0,46.0,,,,2,2,6,7,6
202100053682,2021-01-22 15:15:00,2021,1,22,15,15,26,26347,5 Route du Dauphiné,45.057634,4.865522,Plein jour,Hors agglomération,Intersection en Y,Pluie forte,Deux véhicules - côté,2,2,2,0,2,1,2,0,1,70,,2,1,1,0,0,57.0,84.0,,,1,1,4,3,3
202100053683,2021-01-26 15:45:00,2021,1,26,15,45,69,69163, CHASSELAY (DE) (R) (13),45.9129349264,4.7770166785,Plein jour,En agglomération,Intersection en T,Normale,Deux véhicules - côté,7,2,2,0,1,1,1,0,1,50,,2,1,0,0,1,15.0,19.0,,,1,2,3,1,3
202100053684,2021-01-27 13:30:00,2021,1,27,13,30,64,64230,N134,43.203455,-0.414433,Plein jour,Hors agglomération,Hors intersection,Pluie légère,Deux véhicules - côté,2,2,3,0,2,3,2,0,1,70,,2,1,1,0,0,40.0,57.0,,,1,1,1,2,3
202100053685,2021-01-24 16:55:00,2021,1,24,16,55,33,33022,47 Route de Castelnau,45.033073,-0.768479,Plein jour,Hors agglomération,Hors intersection,Pluie forte,Autre collision,3,2,2,0,1,3,2,0,3,70,,1,0,0,1,0,21.0,,,,1,1,1,3,6
202100053686,2021-01-26 10:00:00,2021,1,26,10,0,13,13071,A7-Sens Lyon vers Marseille,43.4089836588,5.286102891,Plein jour,Hors agglomération,Hors intersection,Normale,Deux véhicules - arrière,1,1,3,0,1,1,1,0,1,90,,2,1,0,0,1,,29.0,,,1,1,1,1,2
202100053687,2021-01-26 07:50:00,2021,1,26,7,50,13,13005,A50-Sens Aubagne vers Marseille,43.28722,5.5419,Plein jour,Hors agglomération,Hors intersection,Normale,Deux véhicules - côté,1,3,3,0,1,1,1,0,1,90,,2,1,0,0,1,28.0,70.0,,,1,1,1,1,3
202100053688,2021-01-21 17:49:00,2021,1,21,17,49,67,67482,M351,48.58831,7.70635,Nuit sans éclairage public,Hors agglomération,Hors intersection,Normale,Trois véhicules et plus - en chaîne,7,3,2,0,1,1,1,0,1,90,,3,0,0,0,3,24.0,33.0,,,3,1,1,1,4
202100053689,2021-01-25 07:20:00,2021,1,25,7,20,59,59435,AUTOROUTE A23,50.506289,3.211381,Nuit sans éclairage public,Hors agglomération,Hors intersection,Normale,Trois véhicules et plus - en chaîne,1,3,4,0,1,1,1,0,1,110,,3,1,0,2,0,59.0,43.0,,,3,1,1,1,4
202100053690,2021-01-26 18:05:00,2021,1,26,18,5,92,92062,RN1013,48.888585881,2.2350577697,Crépuscule ou aube,Hors agglomération,Hors intersection,Normale,Autre collision,2,1,3,0,1,1,1,1,1,90,,1,0,0,0,1,23.0,,,,2,1,1,1,6
202100053691,2021-01-26 10:10:00,2021,1,26,10,10,93,93053,AUTOROUTE A3,48.8849,2.47142,Plein jour,Hors agglomération,Hors intersection,Normale,Deux véhicules - arrière,1,3,6,0,1,1,1,0,1,90,,2,1,0,0,1,42.0,31.0,,,1,1,1,1,2
202100053692,2021-01-26 09:00:00,2021,1,26,9,0,93,93007,AUTOROUTE A3,48.92162,2.47991,Crépuscule ou aube,Hors agglomération,Hors intersection,Normale,Deux véhicules - arrière,1,2,6,0,1,1,2,0,1,90,,2,1,0,0,1,25.0,47.0,,,2,1,1,1,2
202100053693,2021-01-25 07:40:00,2021,1,25,7,40,95,95582,A115,48.98152,2.24098,Nuit sans éclairage public,Hors agglomération,Hors intersection,Normale,Deux véhicules - côté,1,3,6,0,1,1,1,0,1,90,,2,1,0,0,1,33.0,48.0,,,3,1,1,1,3
202100053694,2021-01-25 06:40:00,2021,1,25,6,40,93,93066,AUTOROUTE A1,48.92799,2.35749,Nuit avec éclairage allumé,Hors agglomération,Hors intersection,Normale,Autre collision,1,3,6,0,2,2,1,2,1,70,,1,0,0,0,1,32.0,,,,5,1,1,1,6
202100053695,2021-01-26 11:30:00,2021,1,26,11,30,94,94065,A86 INT,48.7536,2.35581,Plein jour,Hors agglomération,Hors intersection,Normale,Trois véhicules et plus - en chaîne,2,3,8,0,1,1,1,0,1,90,,3,2,0,0,1,59.0,35.0,,,1,1,1,1,4
202100053696,2021-01-26 08:20:00,2021,1,26,8,20,93,93051,A4,48.836048085,2.5559506947,Plein jour,Hors agglomération,Hors intersection,Normale,Deux véhicules - arrière,1,3,6,0,1,1,1,0,1,110,,2,1,0,0,1,24.0,43.0,,,1,1,1,1,2
202100053697,2021-01-25 07:55:00,2021,1,25,7,55,974,97416,RN1 (ROUTE NATIONALE),-21.3,55.5,Plein jour,Hors agglomération,Autre intersection,Normale,Deux véhicules - arrière,2,2,2,0,1,1,1,9,1,110,,2,1,0,0,1,35.0,68.0,,,1,1,9,1,2
202100053698,2021-01-25 07:00:00,2021,1,25,7,0,974,97416,RN3 (1),-21.30952,55.49761,Plein jour,Hors agglomération,Autre intersection,Normale,Deux véhicules - arrière,2,3,4,0,2,3,1,9,1,90,,3,2,0,0,1,77.0,29.0,,,1,1,9,1,2
202100053699,2021-01-25 16:40:00,2021,1,25,16,40,69,69259,JULES GUESDE (AV),45.7080932635,4.8870650294,Plein jour,En agglomération,Intersection en X,Normale,Deux véhicules - arrière,7,-1,3,0,1,2,1,0,1,50,,3,1,0,0,2,44.0,52.0,,,1,2,2,1,2
202100053700,2021-01-25 08:20:00,2021,1,25,8,20,69,69388,JEAN MERMOZ (AV),45.7349339389,4.8739234031,Plein jour,En agglomération,Intersection en X,Normale,Autre collision,4,2,4,3,1,1,1,0,1,50,,2,1,0,0,1,48.0,,,,1,2,2,1,6
202100053701,2021-01-23 09:35:00,2021,1,23,9,35,972,97209,RD 41 (ROCADE),14.60982,-61.06558,Plein jour,En agglomération,Hors intersection,Normale,Deux véhicules - arrière,3,2,4,0,1,2,1,0,1,70,,2,1,0,0,1,65.0,26.0,,,1,2,1,1,2
202100053702,2021-01-24 17:28:00,2021,1,24,17,28,2B,2B033,ROUTE ROYALE,42.67616,9.43848,Plein jour,En agglomération,Intersection en X,Normale,Deux véhicules - côté,3,2,3,0,2,1,1,0,1,50,,4,1,0,0,3,42.0,18.0,,,1,2,2,1,3
202100053703,2021-01-25 07:12:00,2021,1,25,7,12,971,97101,TERRAIN SONIS,16.24229,-61.52947,Plein jour,Hors agglomération,Hors intersection,Normale,Autre collision,4,2,2,0,1,1,1,0,1,30,,2,1,0,0,1,53.0,,,,1,1,1,1,6
202100053704,2021-01-24 13:30:00,2021,1,24,13,30,95,95585,REFUZNICKS (ROUTE DES),48.98302,2.38872,Plein jour,En agglomération,Hors intersection,Neige / grêle,Autre collision,3,2,2,0,1,1,2,0,1,50,,2,1,0,0,1,78.0,,,,1,2,1,4,6
202100053705,2021-01-25 09:30:00,2021,1,25,9,30,95,95607,DIVISION LECLERC (AVENUE DE LA),49.012046336,2.214807272,Plein jour,En agglomération,Hors intersection,Normale,Autre collision,3,2,2,0,1,1,1,0,1,30,,2,1,0,1,0,,,,,1,2,1,1,6
202100053706,2021-01-25 13:55:00,2021,1,25,13,55,91,91103,AV DE LA MAISON NEUVE,48.588235,2.304456,Plein jour,Hors agglomération,Hors intersection,Normale,Deux véhicules - côté,6,-1,0,0,1,1,1,0,1,30,,3,2,0,0,1,23.0,22.0,,,1,1,1,1,3
202100053707,2021-01-22 18:35:00,2021,1,22,18,35,91,91228,AV PAUL DELOUVRIER,48.625069,2.422415,Nuit sans éclairage public,En agglomération,Hors intersection,Normale,Deux véhicules - frontale,4,1,2,0,2,2,2,8,1,50,,2,1,0,1,0,45.0,25.0,,,3,2,1,1,1
202100053708,2021-01-25 07:45:00,2021,1,25,7,45,85,85191,MARTIN BOULEVARD LEON,46.65481,-1.4101,Nuit avec éclairage allumé,En agglomération,Hors intersection,Autre,Autre collision,4,2,2,0,2,1,1,0,1,50,,2,1,0,0,1,22.0,,,,5,2,1,9,6
202100053709,2021-01-25 11:50:00,2021,1,25,11,50,83,83137,SAINTE ANNE (BD / RUE / IMP),43.13337,5.93227,Plein jour,En agglomération,Hors intersection,Normale,Autre collision,4,-1,1,0,2,1,1,0,1,50,,2,1,0,0,1,34.0,,,,1,2,1,1,6
202100053710,2021-01-23 16:41:00,2021,1,23,16,41,83,83137,LYAUTEY (AVE MARECHAL),43.12766,5.92237,Plein jour,En agglomération,Intersection en X,Temps couvert,Deux véhicules - côté,7,-1,4,3,2,1,1,0,1,50,,6,1,0,0,5,20.0,30.0,,,1,2,2,8,3
202100053711,2021-01-25 16:00:00,2021,1,25,16,0,78,78551,BERLIOZ (BD HECTOR),48.89311,2.0657,Plein jour,En agglomération,Hors intersection,Normale,Autre collision,4,2,2,0,1,1,1,0,1,45,,2,1,0,0,1,72.0,,,,1,2,1,1,6
202100053712,2021-01-24 15:10:00,2021,1,24,15,10,78,78384,RD 154,48.9622,1.9874,Plein jour,Hors agglomération,Hors intersection,Neige / grêle,Deux véhicules - côté,3,1,2,0,2,1,2,0,1,90,,3,2,0,0,1,26.0,51.0,,,1,1,1,4,3
202100053713,2021-01-22 19:10:00,2021,1,22,19,10,76,76481,Rue Auguste le Conte,49.55279,0.11392,Nuit avec éclairage allumé,Hors agglomération,Intersection en T,Normale,Deux véhicules - arrière,4,2,2,0,1,1,1,0,1,50,,2,1,0,0,1,51.0,35.0,,,5,1,3,1,2
202100053714,2021-01-22 18:00:00,2021,1,22,18,0,76,76351,Rue de Richelieu,49.48922,0.10747,Crépuscule ou aube,En agglomération,Intersection en X,Pluie forte,Deux véhicules - côté,4,2,2,0,1,1,2,0,1,50,,3,2,0,0,1,40.0,50.0,,,2,2,2,3,3
202100053715,2021-01-25 12:55:00,2021,1,25,12,55,71,71306,DE LATTRE DE TASSIGNY (BLD DU MARECHAL),46.67361,4.38033,Plein jour,En agglomération,Intersection en T,Normale,Deux véhicules - côté,3,2,2,1,1,1,1,0,1,50,,2,1,0,0,1,61.0,40.0,,,1,2,3,1,3
202100053716,2021-01-25 07:55:00,2021,1,25,7,55,71,71153,CHAPTAL (RUE),46.81063,4.42166,Plein jour,En agglomération,Hors intersection,Normale,Deux véhicules - arrière,3,2,2,0,1,2,7,0,1,50,,2,1,0,0,1,59.0,19.0,,,1,2,1,1,2
202100053717,2021-01-25 15:45:00,2021,1,25,15,45,69,69266,FONTANIERES (DE) (R),45.77588,4.88329,Plein jour,En agglomération,Intersection en X,Normale,Deux véhicules - côté,4,-1,0,0,1,1,1,0,1,50,,2,1,0,0,1,,55.0,,,1,2,2,1,3
202100053718,2021-01-25 15:40:00,2021,1,25,15,40,69,69266,GENERAL LECLERC (DU) (AV),45.7593025379,4.8906615973,Plein jour,En agglomération,Place,Normale,Autre collision,4,2,2,0,1,3,1,0,1,50,,2,1,0,0,1,42.0,,,,1,2,7,1,6
202100053719,2021-01-25 21:52:00,2021,1,25,21,52,68,68297,LANGUEDOC ( RUE DU ),47.59659,7.56126,Nuit sans éclairage public,En agglomération,Hors intersection,Normale,Autre collision,3,2,2,0,1,2,1,0,3,50,,1,0,1,0,0,57.0,,,,3,2,1,1,6
202100053720,2021-01-22 17:00:00,2021,1,22,17,0,67,67482,LANGUEDOC (RUE DU),48.548947,7.741553,Nuit avec éclairage allumé,En agglomération,Passage à niveau,Pluie légère,Deux véhicules - côté,4,2,3,0,1,1,2,4,1,50,,2,1,0,0,1,32.0,31.0,,,5,2,8,2,3
202100053721,2021-01-24 17:25:00,2021,1,24,17,25,66,66136,INDUSTRIE (AVENUE DE L'),42.72883,2.89644,Plein jour,En agglomération,Hors intersection,Normale,Deux véhicules - frontale,4,2,2,0,1,1,1,0,1,50,,2,1,0,0,1,28.0,36.0,,,1,2,1,1,1
202100053722,2021-01-23 21:07:00,2021,1,23,21,7,66,66136,LANGEVIN (BOULEVARD PAUL),42.68346,2.87566,Nuit avec éclairage allumé,En agglomération,Hors intersection,Normale,Autre collision,4,2,2,0,1,1,1,0,1,50,,1,0,0,1,0,20.0,,,,5,2,1,1,6
202100053723,2021-01-24 15:00:00,2021,1,24,15,0,64,64102,PIECE NOYEE (ROND POINT DE LA),43.49935,-1.48118,Plein jour,En agglomération,Giratoire,Pluie forte,Sans collision,4,3,4,0,4,1,2,9,1,50,,2,0,0,0,2,18.0,,,,1,2,6,3,7
202100053724,2021-01-23 18:05:00,2021,1,23,18,5,63,63113,CLEMENTEL (BD ETIENNE),45.80258,3.11051,Crépuscule ou aube,En agglomération,Hors intersection,Normale,Autre collision,7,3,4,0,1,1,1,0,1,50,,2,1,0,0,1,30.0,,,,2,2,1,1,6
202100053725,2021-01-18 13:25:00,2021,1,18,13,25,62,62771,AVESNES SUR HELPE (R D'),50.417915,2.876253,Plein jour,En agglomération,Intersection en X,Normale,Deux véhicules - côté,4,2,2,3,1,1,2,0,1,2,,2,0,0,1,1,35.0,16.0,,,1,2,2,1,3
202100053726,2021-01-21 17:38:00,2021,1,21,17,38,62,62863,Rue de la Petite Place,50.54462,2.7872,Nuit sans éclairage public,En agglomération,Hors intersection,Pluie forte,Autre collision,3,2,2,0,1,1,2,0,1,50,,2,1,0,1,0,38.0,,,,3,2,1,3,6
202100053727,2021-01-25 15:05:00,2021,1,25,15,5,60,60057,Boulevard de l’Assaut,49.4349002077,2.0887498853,Plein jour,En agglomération,Hors intersection,Normale,Autre collision,4,-1,2,0,1,1,1,0,1,50,,2,1,0,0,1,48.0,,,,1,2,1,1,6
202100053728,2021-01-12 09:10:00,2021,1,12,9,10,60,60057,Avenue du 8 Mai 1945 parking Intermarché,49.44246,2.09353,Plein jour,En agglomération,Autre intersection,Pluie forte,Autre collision,6,-1,0,0,1,1,2,9,8,30,,2,1,1,0,0,36.0,,,,1,2,9,3,6
202100053729,2021-01-25 15:45:00,2021,1,25,15,45,59,59009,8 MAI 1945 RUE DU PETITS N° JUSQUE 60,50.6277,3.15442,Plein jour,En agglomération,Hors intersection,Normale,Autre collision,7,2,2,0,1,1,1,0,1,50,,1,0,0,1,0,51.0,,,,1,2,1,1,6
202100053730,2021-01-22 12:50:00,2021,1,22,12,50,59,59009,BAUDOIN IX RUE,50.6238,3.13542,Plein jour,En agglomération,Hors intersection,Normale,Deux véhicules - arrière,4,2,2,0,1,1,1,0,1,50,,2,1,0,0,1,50.0,,,,1,2,1,1,2
202100053731,2021-01-25 10:30:00,2021,1,25,10,30,50,50218,MATIGNON (AV DES),48.838,-1.57806,Plein jour,En agglomération,Hors intersection,Pluie légère,Autre collision,3,2,2,0,1,1,2,0,1,50,,2,1,0,0,1,72.0,,,,1,2,1,2,6
202100053732,2021-01-23 14:30:00,2021,1,23,14,30,50,50218,MATIGNON (AV DES),48.83771,-1.57337,Plein jour,En agglomération,Hors intersection,Normale,Deux véhicules - côté,3,2,2,2,1,1,1,0,1,50,,2,1,0,0,1,60.0,17.0,,,1,2,1,1,3
202100053733,2021-01-23 09:40:00,2021,1,23,9,40,50,50173,MOULIN (RUE JEAN),49.65539,-1.67513,Plein jour,En agglomération,Hors intersection,Pluie légère,Autre collision,4,2,1,0,1,1,2,0,3,50,,1,0,0,0,1,23.0,,,,1,2,1,2,6
202100053734,2021-01-22 19:30:00,2021,1,22,19,30,49,49353,avenue pierre mendès france,47.448212,-0.508788,Crépuscule ou aube,En agglomération,Hors intersection,Pluie légère,Sans collision,4,2,2,0,1,1,2,0,1,50,,1,0,0,1,0,20.0,,,,2,2,1,2,7
202100053735,2021-01-25 10:00:00,2021,1,25,10,0,45,45302,1038 Rue des Sablonnières,47.936333,1.884624,Plein jour,En agglomération,Giratoire,Temps éblouissant,Autre collision,4,2,2,0,1,1,2,0,1,50,,2,1,0,0,1,46.0,,,,1,2,6,7,6
202100053736,2021-01-25 11:26:00,2021,1,25,11,26,44,44109,RUE GUILLAUME GROOTAERS,47.2390650674,-1.5851821303,Plein jour,En agglomération,Hors intersection,Normale,Autre collision,4,2,2,2,1,1,1,0,1,50,,2,1,0,0,1,46.0,,,,1,2,1,1,6
202100053737,2021-01-25 08:40:00,2021,1,25,8,40,35,35238,MOUEZY (AVENUE MONSEIGNEUR),48.103916,-1.650125,Crépuscule ou aube,En agglomération,Giratoire,Normale,Deux véhicules - arrière,4,1,2,2,1,3,2,9,5,30,,3,2,0,0,1,32.0,39.0,,,2,2,6,1,2
202100053738,2021-01-24 18:40:00,2021,1,24,18,40,31,31555,148 Boulevard de Suisse,43.620198,1.424124,Crépuscule ou aube,En agglomération,Hors intersection,Normale,Deux véhicules - côté,4,2,3,0,1,1,1,0,1,50,,4,1,0,0,3,20.0,39.0,,,2,2,1,1,3
202100053739,2021-01-22 21:05:00,2021,1,22,21,5,31,31555,VA008482 A624,43.6101,1.38635,Nuit avec éclairage allumé,Hors agglomération,Hors intersection,Normale,Sans collision,1,3,2,0,1,1,1,0,1,90,,1,0,0,0,1,51.0,,,,5,1,1,1,7
202100053740,2021-01-22 17:40:00,2021,1,22,17,40,31,31555,VA007331 A620,43.64755,1.42172,Crépuscule ou aube,Hors agglomération,Hors intersection,Normale,Trois véhicules et plus - collisions multiples,1,3,3,0,1,1,1,0,1,90,,3,2,0,0,1,46.0,34.0,,,2,1,1,1,5
202100053741,2021-01-24 13:00:00,2021,1,24,13,0,14,14487,D579,49.1787,0.2271,Plein jour,Hors agglomération,Hors intersection,Pluie légère,Deux véhicules - frontale,3,2,2,0,2,3,2,0,1,90,,4,0,0,1,3,24.0,22.0,,,1,1,1,2,1
202100053742,2021-01-25 16:30:00,2021,1,25,16,30,13,13210,JEAN EUGENE CABASSUD (BOULEVARD),43.285132,5.41293,Plein jour,En agglomération,Autre intersection,Normale,Deux véhicules - côté,4,2,0,0,2,1,1,0,1,50,,3,1,0,0,2,25.0,16.0,,,1,2,9,1,3
202100053743,2021-01-25 15:45:00,2021,1,25,15,45,06,06027,NICE AVENUE DE (RN7),43.6587,7.162,Plein jour,En agglomération,Hors intersection,Normale,Deux véhicules - côté,7,2,2,0,1,1,1,0,1,50,,2,1,0,1,0,32.0,45.0,,,1,2,1,1,3
202100053744,2021-01-25 17:00:00,2021,1,25,17,0,75,75120,AVENUE GAMBETTA,48.86468,2.394555,Plein jour,En agglomération,Intersection en T,Normale,Sans collision,4,2,3,3,2,1,1,-1,6,50,,3,2,0,0,1,25.0,,,,1,2,3,1,7
202100053745,2021-01-24 21:45:00,2021,1,24,21,45,75,75120,RUE DES PYRENEES,48.866665,2.397102,Nuit avec éclairage allumé,En agglomération,Intersection en X,Normale,Deux véhicules - côté,4,1,1,2,1,1,2,0,1,50,,3,2,0,0,1,22.0,32.0,,,5,2,2,1,3
202100053746,2021-01-25 16:38:00,2021,1,25,16,38,75,75119,RUE DES SOLITAIRES,48.876743,2.390878,Plein jour,En agglomération,Hors intersection,Normale,Autre collision,4,1,1,0,2,1,1,0,1,30,,2,1,0,0,1,54.0,,,,1,2,1,1,6
202100053747,2021-01-25 19:22:00,2021,1,25,19,22,75,75113,BOULEVARD AUGUSTE BLANQUI,48.831102,2.344242,Nuit avec éclairage allumé,En agglomération,Intersection en X,Normale,Deux véhicules - côté,4,3,3,0,1,1,1,0,1,50,,2,1,0,0,1,30.0,31.0,,,5,2,2,1,3
202100053748,2021-01-25 12:00:00,2021,1,25,12,0,75,75113,RUE BARRAULT,48.829673,2.348304,Plein jour,En agglomération,Intersection en T,Normale,Autre collision,4,1,1,0,2,1,1,0,1,50,,2,1,0,0,1,53.0,,,,1,2,3,1,6
202100053749,2021-01-25 17:33:00,2021,1,25,17,33,75,75108,BOULEVARD MALESHERBES,48.880805,2.312581,Plein jour,En agglomération,Intersection en X,Normale,Autre collision,4,2,4,0,1,1,1,0,1,50,,2,0,0,1,1,62.0,,,,1,2,2,1,6
202100053750,2021-01-25 09:50:00,2021,1,25,9,50,75,75107,QUAI D ORSAY,48.86286,2.31345,Plein jour,En agglomération,Intersection en X,Normale,Deux véhicules - côté,4,2,4,1,1,1,1,-1,5,50,,2,1,0,0,1,65.0,51.0,,,1,2,2,1,3
202100053751,2021-01-25 05:50:00,2021,1,25,5,50,75,75107,PLACE DE FONTENOY,48.850384,2.306838,Nuit avec éclairage non allumé,En agglomération,Place,Normale,Deux véhicules - côté,4,1,1,0,1,1,2,0,1,50,,2,1,0,0,1,34.0,44.0,,,4,2,7,1,3
202100053752,2021-01-25 16:30:00,2021,1,25,16,30,75,75103,BOULEVARD BEAUMARCHAIS,48.857602,2.368063,Plein jour,En agglomération,Intersection en Y,Normale,Deux véhicules - côté,4,2,4,0,1,1,1,0,1,50,,3,0,0,0,3,61.0,33.0,,,1,2,4,1,3
202100053753,2021-01-24 14:08:00,2021,1,24,14,8,75,75101,PONT NEUF,48.856862,2.341281,Plein jour,En agglomération,Intersection en T,Normale,Autre collision,4,2,4,0,1,1,1,0,1,50,,2,1,0,0,1,,,,,1,2,3,1,6
202100053754,2021-01-24 11:30:00,2021,1,24,11,30,94,94081,PRESIDENT SALVADOR ALLENDE (AV DU),48.79613,2.4169,Plein jour,En agglomération,Hors intersection,Normale,Autre collision,3,4,2,0,1,1,1,0,4,50,,5,3,0,0,2,24.0,,,,1,2,1,1,6
202100053755,2021-01-24 13:06:00,2021,1,24,13,6,94,94078,PARIS (R DE),48.733,2.44685,Plein jour,En agglomération,Hors intersection,Neige / grêle,Deux véhicules - côté,2,-1,4,0,1,1,2,5,1,50,,2,1,0,0,1,56.0,35.0,,,1,2,1,4,3
202100053756,2021-01-24 12:46:00,2021,1,24,12,46,94,94073,STALINGRAD - CAR DES TROIS COMMUNES (BD,48.77,2.4,Plein jour,En agglomération,Hors intersection,Neige / grêle,Autre collision,3,1,2,0,1,1,2,0,1,50,,2,1,0,0,1,26.0,,,,1,2,1,4,6
202100053757,2021-01-25 12:45:00,2021,1,25,12,45,94,94079,Boulevard Aristide Briand,48.829319,2.535674,Plein jour,En agglomération,Hors intersection,Normale,Autre collision,4,2,2,0,1,1,1,0,1,50,,2,1,0,0,1,78.0,,,,1,2,1,1,6
202100053758,2021-01-20 10:15:00,2021,1,20,10,15,94,94017,STALINGRAD (BD DE),48.81773,2.50705,Plein jour,En agglomération,Hors intersection,Normale,Deux véhicules - arrière,3,2,2,0,1,1,1,0,1,50,,2,1,0,0,1,40.0,62.0,,,1,2,1,1,2
202100053759,2021-01-25 14:40:00,2021,1,25,14,40,93,93070,GABRIEL-PERI (AV),48.90973,2.33309,Plein jour,En agglomération,Intersection en T,Normale,Deux véhicules - côté,3,2,3,2,1,1,1,0,1,50,,2,1,0,0,1,55.0,32.0,,,1,2,3,1,3
202100053760,2021-01-25 05:00:00,2021,1,25,5,0,93,93077,ROSNY (AVENUE DE),48.8852,2.50426,Nuit avec éclairage allumé,En agglomération,Hors intersection,Normale,Deux véhicules - frontale,4,1,2,0,1,1,1,5,1,50,,3,2,0,0,1,20.0,29.0,,,5,2,1,1,1
202100053761,2021-01-25 17:10:00,2021,1,25,17,10,93,93048,ROBESPIERRE (RUE),48.8502107808,2.4253082871,Crépuscule ou aube,En agglomération,Hors intersection,Normale,Autre collision,4,2,2,3,1,1,1,0,1,50,,2,1,0,0,1,25.0,,,,2,2,1,1,6
202100053762,2021-01-25 18:15:00,2021,1,25,18,15,93,93005,SEVRAN (CD44) (RUE DE),48.9402387713,2.5021933384,Nuit avec éclairage allumé,En agglomération,Intersection en X,Normale,Deux véhicules - frontale,3,4,3,0,1,1,1,0,1,50,,2,1,0,0,1,,46.0,,,5,2,2,1,1
202100053763,2021-01-25 15:15:00,2021,1,25,15,15,93,93005,KLEBER (AVENUE),48.9415914034,2.4959878123,Plein jour,En agglomération,Intersection en X,Normale,Deux véhicules - côté,4,1,0,0,1,1,1,0,1,50,,2,1,0,0,1,37.0,25.0,,,1,2,2,1,3
202100053764,2021-01-25 12:15:00,2021,1,25,12,15,93,93001,CITES (RUE DES)  125/134 =>,48.9108505534,2.3881529396,Plein jour,En agglomération,Hors intersection,Normale,Autre collision,4,1,1,0,1,1,1,0,1,30,,2,1,0,0,1,18.0,,,,1,2,1,1,6
202100053765,2021-01-20 12:38:00,2021,1,20,12,38,92,92063,EMPEREUR (ROUTE DE L') EST,48.85978,2.18807,Plein jour,En agglomération,Intersection en T,Normale,Deux véhicules - côté,3,2,2,0,2,1,1,0,1,50,,3,1,0,0,2,21.0,32.0,,,1,2,3,1,3
202100053766,2021-01-20 07:55:00,2021,1,20,7,55,92,92063,BESCHE (PLACE LOUIS-FRANCOIS),48.8691535853,2.1862082375,Crépuscule ou aube,En agglomération,Intersection en T,Normale,Autre collision,3,3,2,0,4,1,1,5,4,50,,2,1,0,0,1,44.0,,,,2,2,3,1,6
202100053767,2021-01-25 17:01:00,2021,1,25,17,1,92,92040,ERNEST RENAN,48.828853,2.282408,Plein jour,En agglomération,Hors intersection,Normale,Deux véhicules - frontale,3,1,2,0,1,1,1,6,1,30,,2,1,0,0,1,41.0,36.0,,,1,2,1,1,1
202100053768,2021-01-25 12:50:00,2021,1,25,12,50,92,92035,Louis Blanc ( rue ),48.9109387159,2.2479808331,Plein jour,En agglomération,Hors intersection,Normale,Deux véhicules - arrière,4,2,4,0,1,1,1,0,1,50,,2,1,0,0,1,21.0,69.0,,,1,2,1,1,2
202100053769,2021-01-25 07:30:00,2021,1,25,7,30,92,92071,GENERAL LECLERC (AVENUE DU),48.7748016543,2.3134408096,Crépuscule ou aube,En agglomération,Autre intersection,Pluie légère,Autre collision,3,1,2,0,1,1,2,0,1,50,,2,1,0,0,1,41.0,,,,2,2,9,2,6
202100053770,2021-01-25 08:00:00,2021,1,25,8,0,92,92007,DE GAULLE (AVENUE CHARLES),48.7979641875,2.295871675,Crépuscule ou aube,En agglomération,Hors intersection,Temps couvert,Sans collision,3,2,4,1,1,1,7,0,5,50,,2,1,0,0,1,,,,,2,2,1,8,7
202100053771,2021-01-25 11:00:00,2021,1,25,11,0,92,92002,JEAN MONNET (AVENUE),48.7489433761,2.3024541854,Plein jour,En agglomération,Hors intersection,Normale,Autre collision,3,2,2,0,1,1,1,0,1,50,,2,1,0,0,1,81.0,,,,1,2,1,1,6