accident_id,datetime,annee,mois,jour,heure,minute,departement,commune_insee,adresse,latitude,longitude,luminosite,agglomeration,intersection,meteo,collision,catr,circ,nbv,vosp,prof,plan,surf,infra,situ,vma,nb_vehicules,nb_usagers,nb_indemnes,nb_tues,nb_blesses_hosp,nb_blesses_legers,age_cond_1,age_cond_2,veh_type_cond_1,veh_type_cond_2,lum_code,agg_code,int_code,atm_code,col_code
202100053772,2021-01-25 16:10:00,2021,1,25,16,10,50,50066,D21,48.780642,-1.5327,Plein jour,En agglomération,Intersection en T,Temps éblouissant,Autre collision,3,2,2,0,2,1,1,0,1,30,,2,1,0,0,1,57.0,,,,1,2,3,7,6
202100053773,2021-01-25 15:50:00,2021,1,25,15,50,86,86224,Rue Philadelphe Aubert,46.90663,0.404364,Plein jour,En agglomération,Hors intersection,Normale,Sans collision,3,2,2,0,1,1,1,0,3,50,,1,0,1,0,0,72.0,,,,1,2,1,1,7
202100053774,2021-01-26 12:45:00,2021,1,26,12,45,974,97404,Route Forestiere,-21.265305,55.353498,Plein jour,En agglomération,Hors intersection,Normale,Deux véhicules - côté,9,2,2,0,2,1,1,0,1,30,,2,1,0,1,0,31.0,38.0,,,1,2,1,1,3
202100053775,2021-01-26 09:45:00,2021,1,26,9,45,76,76465,A28,49.7335118655,1.4657374266,Plein jour,Hors agglomération,Hors intersection,Neige / grêle,Autre collision,1,3,4,3,2,2,7,0,3,130,,1,0,0,0,1,24.0,,,,1,1,1,4,6
202100053776,2021-01-25 18:20:00,2021,1,25,18,20,69,69270,D151,45.624543,4.977837,Nuit sans éclairage public,Hors agglomération,Hors intersection,Normale,Deux véhicules - frontale,3,2,2,0,2,1,1,0,1,80,,3,0,0,2,1,47.0,40.0,,,3,1,1,1,1
202100053777,2021-01-24 16:00:00,2021,1,24,16,0,61,61205,,48.875469,0.38156,Plein jour,Hors agglomération,Hors intersection,Neige / grêle,Autre collision,1,3,4,0,1,1,2,0,8,130,,4,2,0,0,2,33.0,,,,1,1,1,4,6
202100053778,2021-01-25 07:50:00,2021,1,25,7,50,57,57389,D79,49.050586,6.706293,Crépuscule ou aube,Hors agglomération,Hors intersection,Neige / grêle,Deux véhicules - frontale,3,2,2,0,1,1,5,0,1,80,,3,0,0,1,2,48.0,40.0,,,2,1,1,4,1
202100053779,2021-01-25 09:20:00,2021,1,25,9,20,79,79050,,46.866558,-0.587683,Plein jour,Hors agglomération,Hors intersection,Normale,Autre collision,3,2,2,0,1,1,7,0,3,80,,1,0,0,0,1,29.0,,,,1,1,1,1,6
202100053780,2021-01-26 07:00:00,2021,1,26,7,0,2B,2B242,Levole Sottane,42.40813,9.531262,Crépuscule ou aube,Hors agglomération,Hors intersection,Normale,Deux véhicules - côté,2,2,2,0,1,2,1,0,1,80,,2,1,0,0,1,61.0,20.0,,,2,1,1,1,3
202100053781,2021-01-25 13:20:00,2021,1,25,13,20,82,82186,67 Cours de Verdun,44.112103,0.889047,Plein jour,En agglomération,Hors intersection,Normale,Autre collision,3,2,2,0,1,1,1,0,1,50,,2,1,1,0,0,53.0,,,,1,2,1,1,6
202100053782,2021-01-23 11:00:00,2021,1,23,11,0,41,41185,autoroute A.85 PK 180+500,47.329277,1.717123,Plein jour,Hors agglomération,Autre intersection,Neige / grêle,Deux véhicules - arrière,1,1,4,0,1,2,7,0,2,130,,4,2,0,2,0,52.0,32.0,,,1,1,9,4,2
202100053783,2021-01-26 08:35:00,2021,1,26,8,35,65,65389,D75,43.072685,0.485539,Crépuscule ou aube,En agglomération,Hors intersection,Brouillard / fumée,Autre collision,3,2,2,0,2,1,7,0,3,50,,3,0,0,3,0,26.0,,,,2,2,1,5,6
202100053784,2021-01-26 10:00:00,2021,1,26,10,0,32,32396,D259,44.020522,0.578746,Plein jour,Hors agglomération,Hors intersection,Normale,Deux véhicules - frontale,3,2,2,0,2,1,1,0,1,80,,3,2,0,1,0,84.0,40.0,,,1,1,1,1,1
202100053785,2021-01-24 11:45:00,2021,1,24,11,45,61,61484,,48.252287,0.697455,Plein jour,Hors agglomération,Hors intersection,Neige / grêle,Deux véhicules - côté,3,2,3,0,2,1,5,0,1,90,,4,3,0,1,0,72.0,27.0,,,1,1,1,4,3
202100053786,2021-01-26 07:40:00,2021,1,26,7,40,34,34096,D909,43.541712,3.183664,Crépuscule ou aube,Hors agglomération,Hors intersection,Normale,Deux véhicules - arrière,3,2,2,0,1,1,1,0,1,90,,3,0,0,0,3,44.0,22.0,,,2,1,1,1,2
202100053787,2021-01-15 07:22:00,2021,1,15,7,22,68,68049,RD473,47.501698,7.327503,Nuit sans éclairage public,Hors agglomération,Hors intersection,Neige / grêle,Autre collision,3,2,2,0,2,1,5,0,1,80,,1,0,0,1,0,57.0,,,,3,1,1,4,6
202100053788,2021-01-26 20:10:00,2021,1,26,20,10,68,68139,D25,47.5983208307,7.2278766747,Nuit sans éclairage public,Hors agglomération,Hors intersection,Normale,Autre collision,3,2,2,0,1,1,1,0,1,80,,2,1,0,0,1,21.0,,,,3,1,1,1,6
202100053789,2021-01-24 16:40:00,2021,1,24,16,40,44,44178,D264,47.1269272588,-1.7014580971,Plein jour,Hors agglomération,Hors intersection,Normale,Sans collision,3,2,2,0,1,1,1,0,1,80,,1,0,0,1,0,22.0,,,,1,1,1,1,7
202100053790,2021-01-26 17:45:00,2021,1,26,17,45,26,26011,Route de Die,44.715498,5.042553,Crépuscule ou aube,Hors agglomération,Hors intersection,Normale,Trois véhicules et plus - collisions multiples,3,2,2,0,1,1,1,0,1,80,,4,3,0,1,0,57.0,30.0,,,2,1,1,1,5
202100053791,2021-01-23 12:20:00,2021,1,23,12,20,54,54394,D156,49.3415904696,5.8306850876,Plein jour,Hors agglomération,Hors intersection,Autre,Autre collision,3,2,2,0,1,1,7,0,8,80,,1,0,0,1,0,33.0,,,,1,1,1,9,6
202100053792,2021-01-25 15:00:00,2021,1,25,15,0,14,14654,Rue du Paon,49.018248,-0.03342,Plein jour,En agglomération,Intersection en T,Temps éblouissant,Autre collision,3,2,2,0,1,1,1,0,1,50,,2,1,0,0,1,56.0,,,,1,2,3,7,6
202100053793,2021-01-22 09:25:00,2021,1,22,9,25,14,14456,Rue Rembrandt Bugatti (Moult),49.118988,-0.185748,Plein jour,En agglomération,Hors intersection,Normale,Autre collision,6,-1,-1,0,1,1,1,0,1,30,,2,1,0,0,1,59.0,,,,1,2,1,1,6
202100053794,2021-01-25 20:00:00,2021,1,25,20,0,83,83032,chemin de la calade,43.4703416945,6.1812959539,Nuit sans éclairage public,En agglomération,Hors intersection,Normale,Sans collision,4,1,1,0,2,1,2,0,3,50,,1,0,0,0,1,42.0,,,,3,2,1,1,7
202100053795,2021-01-26 08:30:00,2021,1,26,8,30,60,60531,D26,49.4449137982,2.6941915492,Plein jour,Hors agglomération,Autre intersection,Neige / grêle,Sans collision,3,2,2,0,1,3,7,0,8,80,,1,0,0,0,1,27.0,,,,1,1,9,4,7
202100053796,2021-01-25 20:35:00,2021,1,25,20,35,10,10226,D57,48.18043,4.349839,Nuit sans éclairage public,Hors agglomération,Hors intersection,Pluie légère,Autre collision,3,2,2,0,1,1,2,2,3,80,,2,0,0,1,1,20.0,,,,3,1,1,2,6
202100053797,2021-01-26 10:04:00,2021,1,26,10,4,16,16132,,45.873517,0.812666,Plein jour,Hors agglomération,Hors intersection,Normale,Sans collision,3,3,2,0,1,1,1,2,8,30,,1,0,1,0,0,63.0,,,,1,1,1,1,7
202100053798,2021-01-22 11:50:00,2021,1,22,11,50,21,21340,Route de Franche Comte,47.004647,5.195423,Plein jour,En agglomération,Hors intersection,Pluie forte,Autre collision,3,2,2,0,1,1,2,0,1,50,,2,1,0,1,0,58.0,,,,1,2,1,3,6
202100053799,2021-01-25 12:20:00,2021,1,25,12,20,30,30321,route de salinelle RD 6110,43.783229,4.086796,Plein jour,En agglomération,Hors intersection,Normale,Autre collision,3,2,2,0,1,1,1,0,1,50,,2,1,0,0,1,74.0,,,,1,2,1,1,6
202100053800,2021-01-26 07:35:00,2021,1,26,7,35,08,08468,RD 978,49.780211,4.46429,Crépuscule ou aube,Hors agglomération,Hors intersection,Normale,Deux véhicules - frontale,3,2,2,0,1,1,7,0,1,80,,2,0,0,2,0,50.0,48.0,,,2,1,1,1,1
202100053801,2021-01-20 19:45:00,2021,1,20,19,45,42,42108,A72,45.601023,4.209845,Crépuscule ou aube,Hors agglomération,Hors intersection,Normale,Deux véhicules - côté,1,3,4,0,1,1,1,0,1,130,,2,1,0,0,1,22.0,,,,2,1,1,1,3
202100053802,2021-01-25 09:11:00,2021,1,25,9,11,74,74042,A40,46.070536,6.432838,Plein jour,Hors agglomération,Autre intersection,Temps couvert,Trois véhicules et plus - collisions multiples,1,3,4,0,1,1,2,3,1,110,,3,2,0,0,1,25.0,55.0,,,1,1,9,8,5
202100053803,2021-01-26 16:55:00,2021,1,26,16,55,60,60172,D118,49.142524,2.473758,Crépuscule ou aube,En agglomération,Intersection en X,Temps couvert,Deux véhicules - arrière,3,2,2,0,1,1,1,0,1,50,,2,1,0,0,1,19.0,18.0,,,2,2,2,8,2
202100053804,2021-01-25 08:10:00,2021,1,25,8,10,29,29297,D790 - Rue du Faouet,47.882867,-3.534801,Nuit sans éclairage public,Hors agglomération,Intersection en Y,Normale,Deux véhicules - frontale,3,2,2,0,2,1,7,5,1,70,,2,1,0,1,0,62.0,18.0,,,3,1,4,1,1
202100053805,2021-01-25 15:45:00,2021,1,25,15,45,2B,2B042,T205,42.552709,9.441773,Plein jour,En agglomération,Hors intersection,Normale,Deux véhicules - frontale,2,2,2,0,2,1,1,0,1,50,,2,0,0,0,2,22.0,34.0,,,1,2,1,1,1
202100053806,2021-01-24 18:45:00,2021,1,24,18,45,84,84109,Chemin des Cotes,44.11191,5.073112,Nuit sans éclairage public,Hors agglomération,Hors intersection,Normale,Sans collision,4,2,2,0,2,1,1,0,1,-1,,2,0,0,1,1,45.0,,,,3,1,1,1,7
202100053807,2021-01-23 15:10:00,2021,1,23,15,10,21,21209,RD 700,47.345802,5.144198,Plein jour,Hors agglomération,Hors intersection,Pluie légère,Autre collision,3,3,4,0,1,3,2,0,1,110,,2,0,0,1,1,25.0,,,,1,1,1,2,6
202100053808,2021-01-25 17:45:00,2021,1,25,17,45,57,57701,Route d'Ars,49.092891,6.094843,Crépuscule ou aube,Hors agglomération,Hors intersection,Normale,Autre collision,7,2,2,0,1,1,2,0,1,70,,2,1,0,1,0,27.0,,,,2,1,1,1,6
202100053809,2021-01-25 06:35:00,2021,1,25,6,35,03,03027,120 Route Nationale,46.3270925332,2.8510169485,Nuit avec éclairage allumé,En agglomération,Hors intersection,Normale,Deux véhicules - frontale,3,2,2,0,1,1,7,2,1,50,,2,1,0,1,0,58.0,45.0,,,5,2,1,1,1
202100053810,2021-01-24 14:10:00,2021,1,24,14,10,69,69239,FLEURIE (RTE),45.9097193293,4.5099391937,Plein jour,Hors agglomération,Intersection en X,Normale,Deux véhicules - côté,3,2,2,0,1,1,1,5,1,70,,3,0,0,3,0,21.0,59.0,,,1,1,2,1,3
202100053811,2021-01-25 06:15:00,2021,1,25,6,15,69,69204,FRANCISQUE DARCIEUX (R),45.697094,4.797769,Nuit avec éclairage allumé,En agglomération,Hors intersection,Temps couvert,Deux véhicules - côté,4,2,2,0,1,1,7,0,1,50,,2,1,0,0,1,50.0,39.0,,,5,2,1,8,3
202100053812,2021-01-26 08:20:00,2021,1,26,8,20,85,85003,Parvis Félicien Rabaud,46.737961,-1.616607,Plein jour,En agglomération,Hors intersection,Normale,Autre collision,6,-1,-1,0,1,2,1,0,1,50,,2,1,0,1,0,44.0,,,,1,2,1,1,6
202100053813,2021-01-25 08:05:00,2021,1,25,8,5,44,44204,Rue du Rhin,47.278559,-1.454616,Crépuscule ou aube,En agglomération,Hors intersection,Autre,Deux véhicules - frontale,4,2,2,0,1,1,1,0,1,50,,2,1,0,0,1,43.0,25.0,,,2,2,1,9,1
202100053814,2021-01-22 17:10:00,2021,1,22,17,10,22,22384,C4 - ZA de Berlouze -,48.287526,-2.827263,Plein jour,Hors agglomération,Hors intersection,Normale,Trois véhicules et plus - en chaîne,4,2,2,0,2,1,1,0,1,-1,,4,1,0,1,2,21.0,96.0,,,1,1,1,1,4
202100053815,2021-01-25 11:00:00,2021,1,25,11,0,33,33013,ROUTE NATIONALE 89,44.866665,-0.47703,Plein jour,Hors agglomération,Hors intersection,Normale,Autre collision,2,3,4,0,1,1,1,0,1,110,,1,0,0,0,1,26.0,,,,1,1,1,1,6
202100053816,2021-01-22 18:20:00,2021,1,22,18,20,59,59586,AUTOROUTE A23,50.541233,3.195727,Nuit sans éclairage public,Hors agglomération,Hors intersection,Normale,Deux véhicules - arrière,1,-1,4,0,1,1,1,0,1,110,,2,1,0,0,1,46.0,56.0,,,3,1,1,1,2
202100053817,2021-01-22 18:25:00,2021,1,22,18,25,59,59196,ROUTE DEPARTEMENTALE 652,50.629291,2.960317,Nuit sans éclairage public,Hors agglomération,Hors intersection,Normale,Trois véhicules et plus - collisions multiples,7,3,4,0,1,1,1,0,1,90,,3,2,0,0,1,45.0,24.0,,,3,1,1,1,5
202100053818,2021-01-25 09:05:00,2021,1,25,9,5,91,91689,AUTOROUTE A10,48.738743,2.316714,Plein jour,Hors agglomération,Hors intersection,Temps couvert,Sans collision,1,1,2,0,2,2,2,0,1,90,,1,0,0,0,1,39.0,,,,1,1,1,8,7
202100053819,2021-01-25 08:20:00,2021,1,25,8,20,94,94034,AUTOROUTE A86,48.7611033533,2.3175930738,Plein jour,Hors agglomération,Hors intersection,Normale,Deux véhicules - arrière,1,3,4,0,2,1,2,1,1,70,,3,1,0,0,2,32.0,26.0,,,1,1,1,1,2
202100053820,2021-01-25 15:26:00,2021,1,25,15,26,78,78291,A13,48.9719,1.73185,Plein jour,Hors agglomération,Hors intersection,Normale,Trois véhicules et plus - en chaîne,1,3,6,0,1,1,1,0,1,110,,7,4,0,0,3,22.0,50.0,,,1,1,1,1,4
202100053821,2021-01-24 04:45:00,2021,1,24,4,45,93,93001,AUTOROUTE A86,48.92122,2.37432,Nuit sans éclairage public,Hors agglomération,Hors intersection,Temps couvert,Autre collision,1,3,8,0,3,3,7,2,1,90,,4,0,0,0,4,20.0,,,,3,1,1,8,6
202100053822,2021-01-22 13:25:00,2021,1,22,13,25,976,97611,tsoundzou-Bamcolo (rue),-12.8075,45.20522,Plein jour,En agglomération,Hors intersection,Normale,Deux véhicules - arrière,2,2,0,0,1,1,1,0,1,50,,2,1,0,0,1,39.0,47.0,,,1,2,1,1,2
202100053823,2021-01-23 16:50:00,2021,1,23,16,50,976,97611,m'tsapere-Nationale 2 (route),-12.7915,45.21848,Plein jour,En agglomération,Hors intersection,Normale,Deux véhicules - frontale,4,2,0,0,1,1,1,0,1,50,,2,1,0,0,1,31.0,31.0,,,1,2,1,1,1
202100053824,2021-01-23 10:25:00,2021,1,23,10,25,974,97411,Route du Littoral,-20.87737,55.41275,Plein jour,Hors agglomération,Hors intersection,Normale,Deux véhicules - arrière,2,1,2,0,1,1,1,9,1,90,,4,1,0,0,3,23.0,22.0,,,1,1,1,1,2
202100053825,2021-01-24 15:30:00,2021,1,24,15,30,69,69259,JEAN CAGNE (AV),45.6949658517,4.8734021187,Plein jour,En agglomération,Intersection en X,Normale,Deux véhicules - arrière,4,3,2,2,1,1,1,0,1,50,,2,0,0,0,2,58.0,20.0,,,1,2,2,1,2
202100053826,2021-01-24 16:10:00,2021,1,24,16,10,69,69382,JULES COURMONT (Q),45.76349,4.83846,Plein jour,En agglomération,Intersection en X,Normale,Deux véhicules - côté,4,1,4,0,1,1,1,0,1,50,,4,3,0,1,0,27.0,25.0,,,1,2,2,1,3
202100053827,2021-01-21 17:40:00,2021,1,21,17,40,69,69389,MONTRIBLOUD (DE) (R),45.7718867869,4.7917685509,Crépuscule ou aube,En agglomération,Autre intersection,Pluie légère,Deux véhicules - côté,4,2,2,0,2,3,2,0,1,50,,4,3,0,0,1,21.0,53.0,,,2,2,9,2,3
202100053828,2021-01-21 16:15:00,2021,1,21,16,15,95,95427,MAURICE UTRILLO (AVENUE),48.97601,2.35198,Plein jour,En agglomération,Intersection en T,Pluie légère,Deux véhicules - frontale,3,-1,2,0,1,1,2,5,1,50,,4,1,0,0,3,46.0,23.0,,,1,2,3,2,1
202100053829,2021-01-24 09:05:00,2021,1,24,9,5,91,91103,DEVI DU CD 19,48.59469,2.31095,Plein jour,Hors agglomération,Hors intersection,Autre,Sans collision,3,3,2,0,1,3,7,0,1,30,,1,0,0,0,1,25.0,,,,1,1,1,9,7
202100053830,2021-01-24 09:20:00,2021,1,24,9,20,91,91514,RUE DE BRUNOY,48.67764,2.52848,Plein jour,En agglomération,Intersection en T,Temps éblouissant,Deux véhicules - côté,4,2,0,0,1,1,2,0,1,30,,2,1,0,0,1,55.0,61.0,,,1,2,3,7,3
202100053831,2021-01-24 21:30:00,2021,1,24,21,30,91,91687,GENERAL DE GAULLE (AVENUE DU),48.678308,2.382686,Nuit avec éclairage allumé,En agglomération,Hors intersection,Normale,Deux véhicules - arrière,3,1,2,0,1,1,2,0,1,50,,2,1,0,1,0,23.0,24.0,,,5,2,1,1,2
202100053832,2021-01-23 20:50:00,2021,1,23,20,50,91,91434,GRANDE BROSSE (AVENUE DE LA),48.6558,2.3582,Nuit avec éclairage allumé,En agglomération,Intersection en T,Normale,Deux véhicules - côté,4,2,1,0,1,1,1,0,8,50,,2,1,0,0,1,29.0,34.0,,,5,2,3,1,3
202100053833,2021-01-23 13:05:00,2021,1,23,13,5,83,83118,ROUTE DES GOLFS,43.4563760995,6.7971467459,Plein jour,Hors agglomération,Hors intersection,Normale,Autre collision,3,2,2,0,1,1,1,9,1,50,,1,0,0,1,0,50.0,,,,1,1,1,1,6
202100053834,2021-01-19 10:55:00,2021,1,19,10,55,69,69264,REPUBLIQUE (DE LA) (R),45.98796,4.71665,Plein jour,En agglomération,Hors intersection,Normale,Autre collision,4,1,0,0,2,1,1,0,1,50,,2,1,0,1,0,67.0,,,,1,2,1,1,6
202100053835,2021-01-23 23:35:00,2021,1,23,23,35,59,59599,DESCAT (BOULEVARD CONSTANTIN),50.6998,3.1561,Nuit avec éclairage allumé,En agglomération,Intersection en X,Neige / grêle,Deux véhicules - côté,4,2,1,2,1,1,2,5,1,50,,3,0,0,0,3,33.0,23.0,,,5,2,2,4,3
202100053836,2021-01-24 17:40:00,2021,1,24,17,40,54,54395,AUXONNE (RUE D'),48.70063,6.16852,Nuit avec éclairage allumé,En agglomération,Intersection en X,Normale,Autre collision,4,2,2,0,1,1,1,0,1,30,,2,1,0,0,1,55.0,27.0,,,5,2,2,1,6
202100053837,2021-01-24 20:50:00,2021,1,24,20,50,37,37261,HERSANT (RUE GEORGES),47.3785220641,0.7108549923,Nuit avec éclairage allumé,En agglomération,Intersection en T,Normale,Deux véhicules - côté,4,2,1,0,1,1,1,0,1,50,,2,0,0,0,2,25.0,35.0,,,5,2,3,1,3
202100053838,2021-01-24 19:45:00,2021,1,24,19,45,37,37261,MALRAUX (QUAI ANDRE),47.3975750314,0.6964892153,Nuit avec éclairage allumé,En agglomération,Hors intersection,Normale,Sans collision,4,2,3,0,1,1,1,0,1,50,,1,0,0,0,1,61.0,,,,5,2,1,1,7
202100053839,2021-01-23 11:30:00,2021,1,23,11,30,37,37261,MONTJOYEUX (AVENUE),47.3607258595,0.7063597615,Plein jour,En agglomération,Intersection en X,Temps couvert,Deux véhicules - côté,4,2,2,0,1,1,2,5,1,50,,3,2,0,0,1,23.0,52.0,,,1,2,2,8,3
202100053840,2021-01-24 18:25:00,2021,1,24,18,25,35,35238,RN136,48.13738,-1.70228,Nuit sans éclairage public,Hors agglomération,Hors intersection,Normale,Deux véhicules - arrière,2,3,4,0,1,1,2,0,1,80,,3,2,0,0,1,28.0,27.0,,,3,1,1,1,2
202100053841,2021-01-24 17:20:00,2021,1,24,17,20,34,34172,RAVAZ (AVENUE DU PROFESSEUR LOUIS,43.62493,3.84164,Crépuscule ou aube,En agglomération,Hors intersection,Normale,Deux véhicules - frontale,4,2,2,0,2,3,1,0,1,50,,2,0,0,0,2,28.0,25.0,,,2,2,1,1,1
202100053842,2021-01-23 14:20:00,2021,1,23,14,20,34,34003,POMPIDOU (H12 A 14,43.3084291006,3.4762130312,Plein jour,En agglomération,Intersection en X,Normale,Deux véhicules - côté,4,2,2,0,1,1,1,0,1,50,,3,1,0,1,1,36.0,25.0,,,1,2,2,1,3
202100053843,2021-01-24 17:30:00,2021,1,24,17,30,33,33039,Rue Ferdinand Buisson,44.80357,-0.55819,Crépuscule ou aube,En agglomération,Hors intersection,Pluie légère,Autre collision,4,3,2,0,1,1,2,0,1,30,,2,1,0,0,1,44.0,,,,2,2,1,2,6
202100053844,2021-01-24 14:20:00,2021,1,24,14,20,33,33318,Avenue de Magellan,44.78467,-0.66351,Plein jour,En agglomération,Intersection en T,Normale,Deux véhicules - côté,4,2,3,0,1,2,2,0,1,50,,3,2,0,0,1,24.0,56.0,,,1,2,3,1,3
202100053845,2021-01-24 15:45:00,2021,1,24,15,45,31,31483,FRANCOIS MITTERAND ( AVENUE),43.1127531328,0.7555192709,Plein jour,En agglomération,Hors intersection,Pluie légère,Autre collision,3,2,4,1,1,2,2,0,1,50,,1,0,0,0,1,21.0,,,,1,2,1,2,6
202100053846,2021-01-24 10:50:00,2021,1,24,10,50,29,29051,D15 - Avenue de Coray ,48.004836,-4.032855,Plein jour,Hors agglomération,Intersection en X,Pluie légère,Deux véhicules - côté,3,2,2,0,4,2,2,5,1,70,,2,0,0,0,2,22.0,39.0,,,1,1,2,2,3
202100053847,2021-01-24 15:26:00,2021,1,24,15,26,26,26198,Boulevard du Président René Coty,44.534605,4.758592,Plein jour,Hors agglomération,Intersection en X,Temps éblouissant,Deux véhicules - côté,3,2,-1,0,1,1,1,0,1,70,,2,1,1,0,0,68.0,28.0,,,1,1,2,7,3
202100053848,2021-01-24 17:25:00,2021,1,24,17,25,17,17291,33 PK RN11 NANTES ROCADE,46.17346,-1.11569,Plein jour,Hors agglomération,Hors intersection,Pluie forte,Deux véhicules - arrière,2,2,4,0,1,1,2,0,1,50,,2,0,0,0,2,20.0,22.0,,,1,1,1,3,2
202100053849,2021-01-24 12:20:00,2021,1,24,12,20,13,13211,VALBARELLE (BOULEVARD DE LA ),43.2876,5.4488,Plein jour,En agglomération,Hors intersection,Normale,Deux véhicules - côté,4,2,2,0,1,1,1,0,1,50,,3,1,0,0,2,29.0,55.0,,,1,2,1,1,3
202100053850,2021-01-24 17:45:00,2021,1,24,17,45,06,06004,SAINT CLAUDE CH.DE,43.60009,7.09942,Nuit avec éclairage allumé,En agglomération,Hors intersection,Normale,Trois véhicules et plus - collisions multiples,4,2,2,0,2,3,1,0,1,50,,3,2,0,1,0,39.0,29.0,,,5,2,1,1,5
202100053851,2021-01-23 18:04:00,2021,1,23,18,4,04,04112,RD 907,43.81872,5.79641,Nuit avec éclairage allumé,En agglomération,Hors intersection,Pluie légère,Deux véhicules - arrière,3,2,2,0,1,1,2,0,1,50,,2,1,0,0,1,34.0,35.0,,,5,2,1,2,2
202100053852,2021-01-22 09:53:00,2021,1,22,9,53,04,04070,RD 19 (Bd Thiers),44.090752154,6.2327273642,Plein jour,En agglomération,Hors intersection,Pluie légère,Autre collision,3,-1,2,0,1,1,2,0,1,50,,2,1,0,1,0,52.0,,,,1,2,1,2,6
202100053853,2021-01-23 16:35:00,2021,1,23,16,35,75,75112,PORTE DE CHARENTON,48.8295945563,2.4009899251,Crépuscule ou aube,En agglomération,Hors intersection,Pluie légère,Deux véhicules - arrière,4,1,4,0,1,1,2,0,1,70,,2,1,0,0,1,20.0,60.0,,,2,2,1,2,2
202100053854,2021-01-24 18:00:00,2021,1,24,18,0,75,75117,BOULEVARD PEREIRE,48.883959,2.295018,Nuit avec éclairage allumé,En agglomération,Intersection en X,Normale,Deux véhicules - côté,4,1,1,0,1,1,2,0,1,50,,3,2,0,0,1,31.0,27.0,,,5,2,2,1,3
202100053855,2021-01-23 20:30:00,2021,1,23,20,30,75,75117,AVENUE DE LA PORTE D ASNIERES,48.892273,2.301011,Nuit avec éclairage allumé,En agglomération,Intersection à plus de 4 branches,Temps couvert,Deux véhicules - côté,4,2,2,0,1,1,2,0,1,50,,3,2,0,0,1,19.0,26.0,,,5,2,5,8,3
202100053856,2021-01-24 09:00:00,2021,1,24,9,0,75,75112,ROUTE DU CHAMP DE MANOEUVRES,48.835839,2.453167,Plein jour,En agglomération,Intersection en X,Normale,Sans collision,4,2,2,0,1,1,7,0,1,50,,1,0,0,0,1,55.0,,,,1,2,2,1,7
202100053857,2021-01-24 14:40:00,2021,1,24,14,40,94,94078,HENRI JANIN (R),48.7316708094,2.4496507645,Plein jour,En agglomération,Autre intersection,Pluie légère,Deux véhicules - frontale,4,1,1,0,1,1,2,6,1,50,,2,1,0,0,1,,,,,1,2,9,2,1
202100053858,2021-01-24 20:30:00,2021,1,24,20,30,94,94052,STRASBOURG (BD DE),48.838043,2.477993,Nuit avec éclairage allumé,En agglomération,Intersection en T,Normale,Deux véhicules - côté,3,2,2,0,2,1,2,0,1,50,,2,1,0,0,1,30.0,20.0,,,5,2,3,1,3
202100053859,2021-01-24 13:40:00,2021,1,24,13,40,94,94043,CHARLES GIDE (AV),48.806769664,2.3510703848,Plein jour,En agglomération,Hors intersection,Neige / grêle,Deux véhicules - frontale,3,2,2,0,1,1,2,0,1,50,,2,0,0,0,2,42.0,47.0,,,1,2,1,4,1
202100053860,2021-01-24 21:00:00,2021,1,24,21,0,94,94034,DIVISION LECLERC (AV DE LA),48.75876,2.32412,Nuit avec éclairage allumé,En agglomération,Intersection en X,Pluie légère,Deux véhicules - côté,4,1,2,0,2,1,2,0,1,50,,6,5,0,0,1,34.0,30.0,,,5,2,2,2,3
202100053861,2021-01-24 16:00:00,2021,1,24,16,0,93,93053,JEAN JAURES (RUE),48.8917502374,2.4549399927,Plein jour,En agglomération,Intersection en T,Temps couvert,Deux véhicules - côté,3,1,3,3,1,1,2,5,1,50,,5,3,0,0,2,30.0,30.0,,,1,2,3,8,3
202100053862,2021-01-24 13:50:00,2021,1,24,13,50,93,93074,BOUCHER RUE ALEXANDRE,48.93457,2.56632,Plein jour,En agglomération,Intersection en X,Neige / grêle,Autre collision,3,2,2,0,1,1,5,0,1,50,,2,1,0,0,1,22.0,,,,1,2,2,4,6
202100053863,2021-01-24 18:45:00,2021,1,24,18,45,93,93007,PAUL LANGEVIN (RUE),48.94363,2.45916,Nuit avec éclairage allumé,En agglomération,Intersection en X,Pluie légère,Deux véhicules - côté,4,2,2,0,1,1,2,0,1,50,,4,1,0,0,3,18.0,39.0,,,5,2,2,2,3
202100053864,2021-01-24 12:55:00,2021,1,24,12,55,92,92062,RUE MICHELET,48.8764926166,2.2327016294,Plein jour,En agglomération,Intersection en T,Pluie légère,Sans collision,4,-1,0,0,1,1,2,0,1,50,,2,1,0,0,1,23.0,53.0,,,1,2,3,2,7
202100053865,2021-01-24 02:40:00,2021,1,24,2,40,92,92025,BERANGER (RUE),48.9191716965,2.2309917212,Nuit sans éclairage public,En agglomération,Hors intersection,Neige / grêle,Autre collision,4,1,1,0,1,1,7,0,1,50,,2,0,0,0,2,32.0,,,,3,2,1,4,6
202100053866,2021-01-25 17:00:00,2021,1,25,17,0,974,97415,Route des Tamarins (Pont),-20.980474,55.294629,Plein jour,Hors agglomération,Hors intersection,Pluie légère,Deux véhicules - côté,2,3,4,0,1,1,2,0,1,110,,2,1,0,0,1,42.0,33.0,,,1,1,1,2,3