accident_id,datetime,annee,mois,jour,heure,minute,departement,commune_insee,adresse,latitude,longitude,luminosite,agglomeration,intersection,meteo,collision,catr,circ,nbv,vosp,prof,plan,surf,infra,situ,vma,nb_vehicules,nb_usagers,nb_indemnes,nb_tues,nb_blesses_hosp,nb_blesses_legers,age_cond_1,age_cond_2,veh_type_cond_1,veh_type_cond_2,lum_code,agg_code,int_code,atm_code,col_code
202100053867,2021-01-24 15:15:00,2021,1,24,15,15,50,50066,Route de Saint Pair,48.777747,-1.539111,Plein jour,Hors agglomération,Intersection en Y,Pluie forte,Deux véhicules - frontale,3,2,2,0,2,3,2,0,1,80,,2,1,0,0,1,61.0,31.0,,,1,1,4,3,1
202100053868,2021-01-24 12:10:00,2021,1,24,12,10,54,54296,D674,48.73556632,6.3126862044,Plein jour,Hors agglomération,Autre intersection,Normale,Trois véhicules et plus - en chaîne,3,2,2,0,2,1,1,0,1,80,,5,2,0,0,3,23.0,23.0,,,1,1,9,1,4
202100053869,2021-01-25 12:20:00,2021,1,25,12,20,73,73085,D991,45.782556,5.863656,Plein jour,Hors agglomération,Hors intersection,Temps couvert,Deux véhicules - frontale,3,2,2,2,1,3,2,-1,1,80,,3,1,1,1,0,64.0,20.0,,,1,1,1,8,1
202100053870,2021-01-25 16:40:00,2021,1,25,16,40,84,84043,Route de Sorgues,44.002979,4.908636,Plein jour,En agglomération,Hors intersection,Temps éblouissant,Autre collision,3,2,2,0,1,1,1,0,1,-1,,2,1,1,0,0,28.0,,,,1,2,1,7,6
202100053871,2021-01-25 06:50:00,2021,1,25,6,50,69,69204,RD342,45.713915,4.774305,Nuit sans éclairage public,Hors agglomération,Hors intersection,Autre,Trois véhicules et plus - en chaîne,7,2,2,0,2,1,7,0,1,70,,4,2,1,1,0,34.0,48.0,,,3,1,1,9,4
202100053872,2021-01-24 17:30:00,2021,1,24,17,30,06,06044,Route du Pont de Pierre,43.683086,7.091319,Crépuscule ou aube,En agglomération,Autre intersection,Normale,Deux véhicules - frontale,3,2,2,0,2,1,1,0,1,50,,2,1,0,0,1,52.0,28.0,,,2,2,9,1,1
202100053873,2021-01-25 14:40:00,2021,1,25,14,40,29,29240,N165,48.285135,-4.149485,Plein jour,Hors agglomération,Hors intersection,Normale,Deux véhicules - arrière,2,3,4,0,3,1,1,0,1,110,,2,1,0,0,1,26.0,34.0,,,1,1,1,1,2
202100053874,2021-01-23 10:18:00,2021,1,23,10,18,56,56057,13 R DE LA CROIX BLANCHE,48.032615,-3.490361,Plein jour,En agglomération,Hors intersection,Normale,Autre collision,3,1,2,0,1,1,2,0,1,50,,2,1,0,1,0,40.0,,,,1,2,1,1,6
202100053875,2021-01-24 18:00:00,2021,1,24,18,0,79,79080,Le Moulin de Sunay,46.704218,-0.283542,Crépuscule ou aube,Hors agglomération,Hors intersection,Temps couvert,Deux véhicules - frontale,2,2,2,0,1,1,2,0,1,80,,3,0,0,1,2,22.0,46.0,,,2,1,1,8,1
202100053876,2021-01-25 15:20:00,2021,1,25,15,20,80,80264,Rue de Fargny,49.959448,2.790286,Plein jour,Hors agglomération,Hors intersection,Normale,Sans collision,4,2,2,0,1,1,6,0,3,80,,1,0,1,0,0,64.0,,,,1,1,1,1,7
202100053877,2021-01-24 12:45:00,2021,1,24,12,45,65,65080,D7,43.153921,0.024776,Plein jour,En agglomération,Hors intersection,Normale,Sans collision,3,2,2,0,1,1,1,0,1,50,,1,0,0,1,0,16.0,,,,1,2,1,1,7
202100053878,2021-01-24 17:55:00,2021,1,24,17,55,69,69168,261 PIERRE DUPONT (Q),45.84481,4.835079,Nuit avec éclairage allumé,En agglomération,Intersection à plus de 4 branches,Pluie légère,Deux véhicules - frontale,7,2,4,0,1,1,2,0,1,50,,4,2,0,0,2,57.0,31.0,,,5,2,5,2,1
202100053879,2021-01-24 16:00:00,2021,1,24,16,0,11,11132,Route départementale 611 PK 25+800,43.106427,2.74214,Plein jour,Hors agglomération,Intersection en T,Normale,Deux véhicules - frontale,3,2,2,0,1,1,1,0,1,80,,3,2,0,1,0,26.0,38.0,,,1,1,3,1,1
202100053880,2021-01-25 11:10:00,2021,1,25,11,10,29,29076,D38 - Trébaol Izella,48.452958,-4.591792,Plein jour,Hors agglomération,Hors intersection,Normale,Autre collision,3,2,2,0,1,1,7,0,1,80,,1,0,0,1,0,74.0,,,,1,1,1,1,6
202100053881,2021-01-23 09:55:00,2021,1,23,9,55,01,01348,Chemin de Mereges,46.187838,4.812355,Plein jour,Hors agglomération,Intersection en X,Pluie légère,Deux véhicules - côté,4,2,2,0,1,1,2,5,1,80,,2,1,0,0,1,52.0,72.0,,,1,1,2,2,3
202100053882,2021-01-19 16:30:00,2021,1,19,16,30,01,01266,Place du General de Gaulle,46.336047,5.126758,Plein jour,En agglomération,Giratoire,Normale,Deux véhicules - arrière,3,1,1,0,1,3,1,0,1,50,,4,3,0,1,0,35.0,80.0,,,1,2,6,1,2
202100053883,2021-01-25 11:55:00,2021,1,25,11,55,06,06038,Route d'Opio,43.678549,6.973829,Plein jour,En agglomération,Hors intersection,Normale,Deux véhicules - arrière,3,2,2,0,1,2,1,0,1,50,,2,1,0,1,0,61.0,46.0,,,1,2,1,1,2
202100053884,2021-01-24 08:35:00,2021,1,24,8,35,09,09332,RN20,43.075111,1.639699,Plein jour,Hors agglomération,Hors intersection,Normale,Sans collision,2,3,4,0,1,1,2,0,3,110,,3,0,0,2,1,19.0,,,,1,1,1,1,7
202100053885,2021-01-24 15:15:00,2021,1,24,15,15,60,60238,D1017,49.270281,2.58908,Plein jour,Hors agglomération,Hors intersection,Neige / grêle,Deux véhicules - arrière,3,2,2,0,1,1,5,0,1,80,,2,1,0,0,1,51.0,33.0,,,1,1,1,4,2
202100053886,2021-01-25 11:30:00,2021,1,25,11,30,64,64353,24 Rue Carnot,43.088788,-0.414509,Plein jour,En agglomération,Hors intersection,Pluie forte,Sans collision,3,2,2,0,2,2,2,0,1,50,,1,0,0,1,0,58.0,,,,1,2,1,3,7
202100053887,2021-01-22 16:00:00,2021,1,22,16,0,36,36035,La Grange Missée,46.421988,1.329276,Plein jour,Hors agglomération,Hors intersection,Normale,Deux véhicules - frontale,4,2,2,0,1,1,1,0,3,80,,2,1,0,1,0,44.0,40.0,,,1,1,1,1,1
202100053888,2021-01-24 17:00:00,2021,1,24,17,0,07,07129,D534,44.992006,4.596512,Plein jour,Hors agglomération,Hors intersection,Normale,Trois véhicules et plus - en chaîne,3,2,2,0,1,3,1,0,1,80,,5,3,1,0,1,25.0,39.0,,,1,1,1,1,4
202100053889,2021-01-25 16:14:00,2021,1,25,16,14,21,21250,,47.758036,4.794803,Plein jour,Hors agglomération,Intersection en Y,Pluie légère,Deux véhicules - frontale,3,2,2,0,1,2,2,0,1,80,,2,0,0,1,1,19.0,49.0,,,1,1,4,2,1
202100053890,2021-01-24 17:25:00,2021,1,24,17,25,30,30348,870 Ancienne Route de Nimes Rd 936,44.058592,4.130241,Plein jour,En agglomération,Hors intersection,Normale,Autre collision,3,3,2,0,2,2,1,0,1,50,,3,2,0,1,0,25.0,,,,1,2,1,1,6
202100053891,2021-01-20 19:30:00,2021,1,20,19,30,33,33393,,44.979948,-0.179729,Nuit sans éclairage public,Hors agglomération,Autre intersection,Normale,Sans collision,1,1,4,0,1,1,1,0,1,130,,2,1,0,0,1,22.0,,,,3,1,9,1,7
202100053892,2021-01-25 12:10:00,2021,1,25,12,10,76,76305,Autoroute A 131. PK 031.300,49.495202,0.248634,Plein jour,Hors agglomération,Hors intersection,Normale,Deux véhicules - côté,1,1,4,0,1,1,1,3,1,130,,4,2,0,0,2,51.0,45.0,,,1,1,1,1,3
202100053893,2021-01-25 07:00:00,2021,1,25,7,0,69,69043,PIERRE PHILIPPE REYDELLET (BD),45.70467,4.752386,Crépuscule ou aube,En agglomération,Intersection en X,Normale,Deux véhicules - arrière,4,2,2,0,2,1,7,0,1,30,,2,1,0,1,0,31.0,55.0,,,2,2,2,1,2
202100053894,2021-01-25 07:30:00,2021,1,25,7,30,58,58260,route nationale 7,46.848188,3.140545,Plein jour,Hors agglomération,Hors intersection,Autre,Sans collision,2,3,4,0,1,3,7,0,2,110,,1,0,0,0,1,42.0,,,,1,1,1,9,7
202100053895,2021-01-24 23:30:00,2021,1,24,23,30,986,98613,Mat 'utu   RT2,-13.278229,-176.196681,Nuit sans éclairage public,Hors agglomération,Hors intersection,Normale,Sans collision,2,2,2,0,1,1,1,9,3,70,,1,0,0,1,0,21.0,,,,3,1,1,1,7
202100053896,2021-01-23 16:40:00,2021,1,23,16,40,28,28294,départementale 838,48.396969,1.971896,Plein jour,Hors agglomération,Hors intersection,Temps couvert,Autre collision,3,2,2,0,1,1,1,0,8,80,,1,0,1,0,0,52.0,,,,1,1,1,8,6
202100053897,2021-01-22 12:39:00,2021,1,22,12,39,77,77192,D436,48.701101,2.870457,Plein jour,Hors agglomération,Hors intersection,Temps couvert,Deux véhicules - côté,3,2,2,0,1,2,2,0,1,70,,2,1,0,0,1,24.0,21.0,,,1,1,1,8,3
202100053898,2021-01-24 12:55:00,2021,1,24,12,55,95,95059,RD 22,49.193243277,2.0474586006,Plein jour,Hors agglomération,Hors intersection,Neige / grêle,Deux véhicules - frontale,3,2,2,0,2,2,5,0,1,80,,5,0,0,1,4,19.0,51.0,,,1,1,1,4,1
202100053899,2021-01-25 16:30:00,2021,1,25,16,30,78,78537,8 Rue de Guhermont,48.575478,1.945637,Plein jour,En agglomération,Hors intersection,Normale,Autre collision,4,2,2,0,1,1,1,0,1,30,,2,1,0,1,0,32.0,,,,1,2,1,1,6
202100053900,2021-01-23 14:55:00,2021,1,23,14,55,66,66140,9 Avenue du Canigou,42.695258,2.766564,Plein jour,En agglomération,Hors intersection,Normale,Deux véhicules - frontale,3,2,2,0,1,1,1,0,1,50,,2,1,0,1,0,17.0,76.0,,,1,2,1,1,1
202100053901,2021-01-25 08:39:00,2021,1,25,8,39,05,05139,D937,44.619463,5.855069,Plein jour,Hors agglomération,Hors intersection,Normale,Sans collision,3,2,2,0,1,1,5,0,1,90,,1,0,0,0,1,36.0,,,,1,1,1,1,7
202100053902,2021-01-25 09:30:00,2021,1,25,9,30,04,04086,RD 900,44.404845,6.708226,Plein jour,Hors agglomération,Hors intersection,Neige / grêle,Sans collision,3,2,2,0,1,1,5,0,3,80,,1,0,0,0,1,49.0,,,,1,1,1,4,7
202100053903,2021-01-24 15:50:00,2021,1,24,15,50,13,13030,D8N,43.26787,5.726827,Plein jour,Hors agglomération,Intersection en T,Normale,Deux véhicules - arrière,7,2,2,0,2,1,1,9,1,80,,2,0,0,2,0,24.0,26.0,,,1,1,3,1,2
202100053904,2021-01-25 11:30:00,2021,1,25,11,30,67,67364,D829,48.402209,7.627056,Plein jour,Hors agglomération,Intersection en T,Temps couvert,Deux véhicules - côté,3,2,2,0,1,1,2,0,1,80,,2,1,0,1,0,39.0,73.0,,,1,1,3,8,3
202100053905,2021-01-25 11:20:00,2021,1,25,11,20,42,42094,Boulevard Raymond Poincarré,45.747112,4.220284,Plein jour,En agglomération,Intersection en X,Normale,Deux véhicules - frontale,3,2,2,0,1,1,1,0,1,50,,2,1,0,1,0,70.0,25.0,,,1,2,2,1,1
202100053906,2021-01-23 15:20:00,2021,1,23,15,20,42,42214,Chemin de l'Hormet,45.674197,4.273601,Plein jour,Hors agglomération,Intersection en T,Temps couvert,Deux véhicules - frontale,4,2,2,0,1,1,1,0,1,80,,2,1,0,0,1,37.0,79.0,,,1,1,3,8,1
202100053907,2021-01-23 23:00:00,2021,1,23,23,0,35,35191,Aubigne,48.46081,-1.347329,Nuit sans éclairage public,Hors agglomération,Hors intersection,Normale,Autre collision,3,2,2,0,1,1,1,0,3,80,,1,0,0,1,0,30.0,,,,3,1,1,1,6
202100053908,2021-01-25 17:45:00,2021,1,25,17,45,60,60010,D927,49.19634,2.120668,Crépuscule ou aube,Hors agglomération,Hors intersection,Normale,Deux véhicules - frontale,3,2,2,0,1,1,1,0,1,-1,,2,1,0,0,1,31.0,57.0,,,2,1,1,1,1
202100053909,2021-01-22 07:08:00,2021,1,22,7,8,13,13215,A7-Sens Lyon vers Marseille,43.37724,5.35806,Crépuscule ou aube,Hors agglomération,Hors intersection,Normale,Trois véhicules et plus - collisions multiples,1,-1,1,0,3,1,1,0,1,50,,3,1,0,0,2,49.0,,,,2,1,1,1,5
202100053910,2021-01-24 19:05:00,2021,1,24,19,5,94,94034,AUTOROUTE A6A,48.757,2.335,Nuit sans éclairage public,Hors agglomération,Hors intersection,Normale,Deux véhicules - arrière,1,1,3,0,1,1,2,0,1,110,,2,1,0,1,0,30.0,25.0,,,3,1,1,1,2
202100053911,2021-01-24 19:00:00,2021,1,24,19,0,91,91521,RN 449,48.6336191064,2.4059287459,Nuit sans éclairage public,Hors agglomération,Autre intersection,Normale,Sans collision,2,1,1,0,4,2,2,0,1,50,,1,0,0,0,1,37.0,,,,3,1,9,1,7
202100053912,2021-01-23 23:45:00,2021,1,23,23,45,95,95572,RN 184,49.0479295541,2.13312616,Nuit sans éclairage public,Hors agglomération,Hors intersection,Normale,Deux véhicules - arrière,2,3,6,0,1,2,1,0,1,90,,2,0,0,0,2,55.0,23.0,,,3,1,1,1,2
202100053913,2021-01-24 16:30:00,2021,1,24,16,30,92,92036,AUTOROUTE A86,48.935417355,2.3198823491,Plein jour,Hors agglomération,Hors intersection,Normale,Autre collision,1,3,4,0,1,3,2,0,1,90,,1,0,0,0,1,39.0,,,,1,1,1,1,6
202100053914,2021-01-24 15:30:00,2021,1,24,15,30,93,93051,A4,48.8359198652,2.5613794154,Plein jour,Hors agglomération,Hors intersection,Neige / grêle,Trois véhicules et plus - collisions multiples,1,1,5,0,1,1,2,0,1,110,,6,5,0,0,1,29.0,52.0,,,1,1,1,4,5
202100053915,2021-01-24 14:40:00,2021,1,24,14,40,93,93051,A4,48.83634,2.55037,Plein jour,Hors agglomération,Hors intersection,Neige / grêle,Deux véhicules - arrière,1,3,8,0,1,1,2,0,1,110,,3,2,1,0,0,26.0,74.0,,,1,1,1,4,2
202100053916,2021-01-24 07:00:00,2021,1,24,7,0,77,77169,RN104,48.8205124124,2.6157500415,Crépuscule ou aube,Hors agglomération,Hors intersection,Temps couvert,Autre collision,2,-1,2,0,1,3,2,0,1,90,,1,0,0,0,1,36.0,,,,2,1,1,8,6
202100053917,2021-01-24 04:45:00,2021,1,24,4,45,988,98818,VE1 SENS SUD/NORD,-22.24938,166.45292,Crépuscule ou aube,Hors agglomération,Hors intersection,Temps couvert,Deux véhicules - arrière,1,3,4,0,1,3,1,0,1,50,,6,5,0,0,1,22.0,20.0,,,2,1,1,8,2
202100053918,2021-01-22 11:15:00,2021,1,22,11,15,976,97611,kaweni-Grande Traverse (rue de la),-12.76549,45.2251,Plein jour,En agglomération,Hors intersection,Normale,Deux véhicules - arrière,4,2,0,0,1,1,1,0,1,500,,3,0,0,0,3,40.0,21.0,,,1,2,1,1,2
202100053919,2021-01-23 19:25:00,2021,1,23,19,25,973,97302,MADELEINE (ROUTE DE LA),4.92498,-52.32393,Nuit sans éclairage public,En agglomération,Giratoire,Normale,Deux véhicules - arrière,3,1,1,0,1,2,2,0,1,50,,2,1,0,0,1,46.0,51.0,,,3,2,6,1,2
202100053920,2021-01-23 07:06:00,2021,1,23,7,6,69,69387,BERTHELOT (AV),45.745206345,4.8418402792,Nuit avec éclairage allumé,En agglomération,Intersection en X,Pluie légère,Deux véhicules - côté,4,1,3,3,1,1,2,0,1,50,,3,1,0,0,2,53.0,49.0,,,5,2,2,2,3
202100053921,2021-01-23 17:50:00,2021,1,23,17,50,972,97209,AVE CAMILLE DARSIERES,14.60119,-61.04644,Nuit avec éclairage allumé,Hors agglomération,Hors intersection,Normale,Sans collision,6,-1,0,0,1,1,1,9,1,10,,1,0,0,1,0,27.0,,,,5,1,1,1,7
202100053922,2021-01-22 17:00:00,2021,1,22,17,0,972,97209,BISHOP (Avenue Maurice),14.60446,-61.06412,Plein jour,En agglomération,Intersection en T,Normale,Deux véhicules - côté,4,3,6,3,1,1,1,0,1,30,,3,2,0,0,1,22.0,59.0,,,1,2,3,1,3
202100053923,2021-01-23 12:01:00,2021,1,23,12,1,2B,2B120,11 - RT,42.6527343841,9.4409275637,Plein jour,En agglomération,Hors intersection,Vent fort / tempête,Trois véhicules et plus - en chaîne,2,3,2,0,1,1,2,0,1,90,,6,3,0,1,2,48.0,41.0,,,1,2,1,6,4
202100053924,2021-01-23 06:50:00,2021,1,23,6,50,971,97120,L'ASSAINISSEMENT (RUE DE),16.2458158828,-61.5313791932,Crépuscule ou aube,En agglomération,Hors intersection,Normale,Autre collision,4,1,1,0,1,1,1,0,1,30,,4,3,0,0,1,22.0,,,,2,2,1,1,6
202100053925,2021-01-23 21:25:00,2021,1,23,21,25,91,91223,BAS CANAL (CHEMIN DU),48.42832,2.15934,Nuit avec éclairage allumé,En agglomération,Hors intersection,Normale,Sans collision,4,2,2,0,1,1,1,0,3,50,,1,0,0,0,1,50.0,,,,5,2,1,1,7
202100053926,2021-01-22 16:45:00,2021,1,22,16,45,77,77390,RUE DES AULNES,48.796696234,2.6466732801,Plein jour,En agglomération,Hors intersection,Temps couvert,Autre collision,4,2,2,0,1,2,2,0,1,50,,3,1,0,1,1,24.0,,,,1,2,1,8,6
202100053927,2021-01-22 18:10:00,2021,1,22,18,10,69,69275,LOUISE MICHEL (AV),45.76,4.96065,Crépuscule ou aube,En agglomération,Giratoire,Pluie légère,Deux véhicules - côté,4,2,2,0,1,1,2,0,1,50,,2,1,0,0,1,41.0,50.0,,,2,2,6,2,3
202100053928,2021-01-22 17:45:00,2021,1,22,17,45,69,69256,FRANKLIN ROOSEVELT (AV),45.7495931828,4.9338831177,Crépuscule ou aube,En agglomération,Intersection en X,Pluie légère,Deux véhicules - côté,4,2,2,0,1,1,2,0,1,50,,3,1,0,1,1,38.0,26.0,,,2,2,2,2,3
202100053929,2021-01-22 17:50:00,2021,1,22,17,50,69,69290,TEMPS MODERNES (DES) (AV),45.7112,4.91233,Nuit avec éclairage allumé,Hors agglomération,Intersection en X,Pluie forte,Deux véhicules - côté,4,2,6,1,1,1,2,0,1,50,,6,5,0,0,1,48.0,49.0,,,5,1,2,3,3
202100053930,2021-01-19 18:36:00,2021,1,19,18,36,69,69290,PARILLY (DE) (BD),45.71476,4.90588,Nuit avec éclairage allumé,En agglomération,Intersection en T,Normale,Deux véhicules - frontale,7,2,2,1,1,1,1,5,1,50,,2,1,0,0,1,56.0,21.0,,,5,2,3,1,1
202100053931,2021-01-14 10:50:00,2021,1,14,10,50,62,62139,CARTIAUX (RUE GEORGES........),50.72567,2.27819,Plein jour,En agglomération,Hors intersection,Pluie légère,Autre collision,3,2,2,0,2,1,2,0,1,50,,2,1,0,0,1,95.0,,,,1,2,1,2,6
202100053932,2021-01-14 14:20:00,2021,1,14,14,20,59,59350,CORDONNIER RUE DENIS,50.62315,3.08341,Plein jour,En agglomération,Intersection en Y,Pluie légère,Autre collision,2,1,1,0,1,3,2,0,8,50,,2,1,0,0,1,34.0,,,,1,2,4,2,6
202100053933,2021-01-23 06:30:00,2021,1,23,6,30,59,59009,"D.6, route express",50.64756,3.16405,Nuit avec éclairage allumé,Hors agglomération,Hors intersection,Normale,Deux véhicules - frontale,7,3,3,0,1,1,1,0,1,90,,2,0,0,1,1,39.0,24.0,,,5,1,1,1,1
202100053934,2021-01-23 17:55:00,2021,1,23,17,55,54,54395,DE LATTRE DE TASSIGNY (AV. MAL),48.68422,6.18882,Nuit avec éclairage allumé,En agglomération,Hors intersection,Pluie forte,Autre collision,4,2,5,2,1,1,2,-1,1,50,,2,0,0,0,2,33.0,,,,5,2,1,3,6
202100053935,2021-01-23 11:15:00,2021,1,23,11,15,54,54304,BARROIS (RUE DU),48.69329,6.1281,Plein jour,En agglomération,Intersection en X,Normale,Deux véhicules - côté,4,2,2,0,2,1,1,0,1,50,,2,0,0,0,2,37.0,42.0,,,1,2,2,1,3
202100053936,2021-01-23 10:05:00,2021,1,23,10,5,54,54482,POUDRIERE (RUE DE LA),48.7015,6.20296,Plein jour,En agglomération,Hors intersection,Normale,Autre collision,4,1,-1,0,2,1,1,0,4,50,,2,1,0,0,1,22.0,,,,1,2,1,1,6
202100053937,2021-01-22 08:25:00,2021,1,22,8,25,51,51663,Avenue Alfred Anatole Thevenet,49.0519790597,3.9650127132,Nuit avec éclairage allumé,En agglomération,Hors intersection,Pluie légère,Sans collision,3,2,2,0,1,1,2,6,8,50,,2,0,0,1,1,34.0,,,,5,2,1,2,7
202100053938,2021-01-18 11:35:00,2021,1,18,11,35,42,42207,Rue Jules Verne,45.4708,4.52487,Plein jour,En agglomération,Intersection en X,Temps couvert,Deux véhicules - côté,7,1,2,3,1,1,1,5,6,50,,3,1,0,0,2,43.0,24.0,,,1,2,2,8,3
202100053939,2021-01-23 17:30:00,2021,1,23,17,30,42,42095,Route de Roche,45.40609,4.29336,Nuit sans éclairage public,Hors agglomération,Autre intersection,Pluie légère,Deux véhicules - côté,7,-1,2,0,4,1,2,9,3,50,,2,1,0,0,1,67.0,25.0,,,3,1,9,2,3
202100053940,2021-01-23 18:48:00,2021,1,23,18,48,37,37261,ROYER (BD JEAN),47.3816185196,0.6821469069,Nuit avec éclairage allumé,En agglomération,Intersection en X,Normale,Autre collision,4,2,2,1,1,1,1,0,1,50,,2,1,0,0,1,,,,,5,2,2,1,6
202100053941,2021-01-23 14:17:00,2021,1,23,14,17,37,37261,BERANGER (BOULEVARD),47.389475352,0.6843098403,Plein jour,En agglomération,Intersection en X,Normale,Autre collision,4,3,4,0,1,1,2,0,1,50,,3,2,0,0,1,29.0,56.0,,,1,2,2,1,6
202100053942,2021-01-22 11:00:00,2021,1,22,11,0,37,37261,STENDHAL (AVENUE),47.3682354792,0.7086754092,Plein jour,En agglomération,Hors intersection,Temps couvert,Autre collision,4,3,2,2,1,1,2,0,1,50,,2,1,0,0,1,83.0,26.0,,,1,2,1,8,6
202100053943,2021-01-23 16:30:00,2021,1,23,16,30,26,26198,10 Chemin des Blaches du Levant,44.533335,4.747555,Plein jour,En agglomération,Hors intersection,Normale,Autre collision,4,2,1,0,1,1,1,9,8,30,,2,1,0,0,1,75.0,,,,1,2,1,1,6
202100053944,2021-01-23 18:35:00,2021,1,23,18,35,17,17300,CORNES   RUE DE L'OUVRAGE A,46.15549,-1.14587,Nuit avec éclairage allumé,En agglomération,Hors intersection,Normale,Autre collision,4,2,2,1,1,1,1,0,1,30,,2,1,0,0,1,51.0,,,,5,2,1,1,6
202100053945,2021-01-19 13:55:00,2021,1,19,13,55,15,15014,VIALENC (BOULEVARD DU),44.921092,2.427635,Plein jour,En agglomération,Hors intersection,Normale,Deux véhicules - arrière,3,2,4,0,1,1,1,0,1,50,,2,1,0,0,1,50.0,56.0,,,1,2,1,1,2
202100053946,2021-01-23 17:55:00,2021,1,23,17,55,14,14101,N814,49.16358,-0.42613,Nuit avec éclairage allumé,En agglomération,Hors intersection,Normale,Deux véhicules - côté,2,-1,1,0,1,2,1,0,1,70,,3,2,0,0,1,22.0,23.0,,,5,2,1,1,3
202100053947,2021-01-23 21:33:00,2021,1,23,21,33,13,13215,LYON (RUE DE),43.3408872225,5.3606866952,Nuit sans éclairage public,En agglomération,Intersection en T,Normale,Deux véhicules - côté,4,2,2,0,2,1,1,0,1,50,,2,1,0,0,1,25.0,22.0,,,3,2,3,1,3
202100053948,2021-01-23 21:10:00,2021,1,23,21,10,13,13201,JULES GUESDE (PLACE),43.302,5.374,Nuit avec éclairage allumé,En agglomération,Hors intersection,Normale,Autre collision,4,3,0,3,1,1,1,9,6,50,,2,1,0,0,1,,,,,5,2,1,1,6
202100053949,2021-01-23 16:00:00,2021,1,23,16,0,13,13211,SABLIERE (ROUTE DE LA),43.2935439101,5.4792755842,Plein jour,En agglomération,Hors intersection,Normale,Deux véhicules - côté,6,-1,-1,0,1,1,1,0,1,30,,5,1,0,0,4,27.0,,,,1,2,1,1,3
202100053950,2021-01-23 12:15:00,2021,1,23,12,15,13,13210,MAURIAC (RUE),43.2713,5.4221,Plein jour,En agglomération,Intersection en X,Normale,Deux véhicules - côté,4,3,6,3,1,1,1,0,1,50,,4,1,0,0,3,49.0,60.0,,,1,2,2,1,3
202100053951,2021-01-23 10:55:00,2021,1,23,10,55,13,13047,RD 569,43.5331256389,4.9591826249,Plein jour,Hors agglomération,Hors intersection,Normale,Sans collision,2,2,2,0,1,1,1,0,1,80,,2,1,0,0,1,22.0,,,,1,1,1,1,7
202100053952,2021-01-22 17:20:00,2021,1,22,17,20,13,13047,JOSEPH TOURNON RUE,43.5117840978,4.9862111763,Crépuscule ou aube,En agglomération,Intersection en X,Pluie légère,Deux véhicules - côté,9,1,1,0,1,1,2,0,1,50,,2,1,0,0,1,37.0,21.0,,,2,2,2,2,3
202100053953,2021-01-23 15:00:00,2021,1,23,15,0,11,11069,Rue MONGE GASPARD,43.20553,2.30829,Plein jour,En agglomération,Hors intersection,Normale,Sans collision,4,2,2,0,1,1,1,0,1,50,,2,1,0,0,1,21.0,,,,1,2,1,1,7
202100053954,2021-01-22 11:45:00,2021,1,22,11,45,75,75105,BOULEVARD DE L HOPITAL,48.842442,2.363619,Plein jour,En agglomération,Hors intersection,Normale,Trois véhicules et plus - collisions multiples,4,2,4,0,1,1,1,0,1,50,,4,3,0,0,1,32.0,72.0,,,1,2,1,1,5
202100053955,2021-01-23 18:25:00,2021,1,23,18,25,75,75120,RUE DES FOUGERES,48.873377,2.410247,Nuit avec éclairage allumé,En agglomération,Intersection en T,Pluie légère,Autre collision,4,1,1,1,1,1,2,0,1,50,,2,1,0,0,1,26.0,,,,5,2,3,2,6
202100053956,2021-01-23 18:30:00,2021,1,23,18,30,75,75119,RUE BOTZARIS,48.879524,2.388336,Nuit avec éclairage allumé,En agglomération,Intersection en T,Temps couvert,Deux véhicules - côté,4,2,2,0,2,1,2,0,1,50,,2,1,0,0,1,32.0,,,,5,2,3,8,3
202100053957,2021-01-23 10:33:00,2021,1,23,10,33,75,75119,RUE DE L OURCQ,48.893103,2.377568,Plein jour,En agglomération,Hors intersection,Pluie légère,Autre collision,4,1,2,3,1,1,2,0,1,50,,2,1,0,0,1,36.0,,,,1,2,1,2,6
202100053958,2021-01-22 21:15:00,2021,1,22,21,15,75,75117,RUE DES BATIGNOLLES,48.885619,2.319789,Nuit avec éclairage allumé,En agglomération,Intersection en X,Normale,Deux véhicules - côté,4,1,1,1,1,1,1,0,1,30,,2,1,0,0,1,35.0,22.0,,,5,2,2,1,3
202100053959,2021-01-22 10:30:00,2021,1,22,10,30,75,75116,AVENUE FOCH,48.872685,2.284564,Plein jour,En agglomération,Intersection en X,Temps couvert,Deux véhicules - côté,4,2,4,0,1,1,1,0,1,50,,2,1,0,0,1,68.0,43.0,,,1,2,2,8,3
202100053960,2021-01-22 18:45:00,2021,1,22,18,45,75,75116,AVENUE GEORGES LAFONT,48.8371651035,2.2567087412,Nuit avec éclairage allumé,En agglomération,Hors intersection,Normale,Deux véhicules - côté,4,2,1,0,1,1,1,0,1,50,,2,1,0,0,1,49.0,22.0,,,5,2,1,1,3
202100053961,2021-01-23 02:10:00,2021,1,23,2,10,75,75115,PLACE GEORGES MULOT,48.846872,2.30992,Nuit avec éclairage allumé,En agglomération,Place,Normale,Sans collision,4,2,1,0,1,1,1,0,1,50,,1,0,0,0,1,24.0,,,,5,2,7,1,7