accident_id,datetime,annee,mois,jour,heure,minute,departement,commune_insee,adresse,latitude,longitude,luminosite,agglomeration,intersection,meteo,collision,catr,circ,nbv,vosp,prof,plan,surf,infra,situ,vma,nb_vehicules,nb_usagers,nb_indemnes,nb_tues,nb_blesses_hosp,nb_blesses_legers,age_cond_1,age_cond_2,veh_type_cond_1,veh_type_cond_2,lum_code,agg_code,int_code,atm_code,col_code
202100053962,2021-01-23 11:20:00,2021,1,23,11,20,75,75112,QUAI DE BERCY,48.837983,2.376737,Plein jour,En agglomération,Hors intersection,Pluie légère,Deux véhicules - arrière,4,3,6,0,4,1,2,1,1,50,,2,1,0,0,1,42.0,68.0,,,1,2,1,2,2
202100053963,2021-01-22 10:00:00,2021,1,22,10,0,75,75112,BOULEVARD PONIATOWSKI,48.831825,2.397672,Plein jour,En agglomération,Intersection en X,Pluie légère,Deux véhicules - côté,4,2,4,0,1,1,2,0,1,50,,2,1,0,0,1,21.0,39.0,,,1,2,2,2,3
202100053964,2021-01-23 11:50:00,2021,1,23,11,50,75,75111,RUE DE LA ROQUETTE,48.859827,2.388762,Plein jour,En agglomération,Intersection en T,Pluie forte,Autre collision,4,-1,2,1,1,1,2,0,1,30,,2,1,0,0,1,29.0,,,,1,2,3,3,6
202100053965,2021-01-23 17:58:00,2021,1,23,17,58,75,75110,AVENUE CLAUDE VELLEFAUX,48.877625,2.370282,Nuit avec éclairage allumé,En agglomération,Place,Normale,Autre collision,4,1,1,0,1,1,2,0,1,50,,2,1,0,0,1,,,,,5,2,7,1,6
202100053966,2021-01-23 11:15:00,2021,1,23,11,15,75,75109,RUE TAITBOUT,48.875191,2.335202,Plein jour,En agglomération,Intersection en X,Pluie légère,Deux véhicules - côté,4,1,0,0,1,1,2,0,1,50,,2,0,0,0,2,62.0,44.0,,,1,2,2,2,3
202100053967,2021-01-23 17:50:00,2021,1,23,17,50,75,75108,PLACE DE LA CONCORDE,48.866263,2.32119,Nuit avec éclairage allumé,En agglomération,Place,Normale,Deux véhicules - côté,4,1,6,0,1,2,2,0,1,50,,3,2,0,0,1,41.0,61.0,,,5,2,7,1,3
202100053968,2021-01-23 20:00:00,2021,1,23,20,0,75,75104,RUE DE LA CERISAIE,48.851753,2.367006,Nuit avec éclairage allumé,En agglomération,Intersection en X,Normale,Deux véhicules - côté,4,1,1,0,1,1,2,0,1,30,,2,1,0,0,1,56.0,41.0,,,5,2,2,1,3
202100053969,2021-01-23 15:30:00,2021,1,23,15,30,94,94022,GENERAL LECLERC (AV),48.7614,2.40321,Plein jour,En agglomération,Giratoire,Pluie légère,Deux véhicules - côté,3,-1,2,0,1,1,2,0,1,50,,2,0,0,0,2,50.0,38.0,,,1,2,6,2,3
202100053970,2021-01-23 15:30:00,2021,1,23,15,30,94,94079,MOUSQUETAIRES (AV DES),48.82,2.55,Plein jour,En agglomération,Intersection en X,Temps couvert,Trois véhicules et plus - collisions multiples,4,2,2,0,1,1,2,0,1,50,,3,1,0,0,2,,34.0,,,1,2,2,8,5
202100053971,2021-01-23 18:26:00,2021,1,23,18,26,94,94018,ARTHUR CROQUETTE (R),48.81729,2.41837,Nuit avec éclairage allumé,En agglomération,Hors intersection,Pluie légère,Deux véhicules - arrière,4,1,3,0,4,1,2,0,1,30,,3,2,0,0,1,47.0,,,,5,2,1,2,2
202100053972,2021-01-23 11:00:00,2021,1,23,11,0,93,93066,"""STRASBOURG, NR 1 A 71 ET 2 A 34""",48.93576,2.3679,Plein jour,En agglomération,Place,Pluie forte,Deux véhicules - arrière,4,2,2,0,1,3,2,0,1,50,,2,1,0,0,1,30.0,65.0,,,1,2,7,3,2
202100053973,2021-01-23 15:15:00,2021,1,23,15,15,93,93077,GRANDE RUE,48.8841707618,2.5098148584,Plein jour,En agglomération,Hors intersection,Pluie légère,Trois véhicules et plus - en chaîne,3,2,2,0,1,1,2,0,1,50,,3,2,0,0,1,37.0,32.0,,,1,2,1,2,4
202100053974,2021-01-23 20:50:00,2021,1,23,20,50,93,93046,ARISTIDE BRIAND AVENUE,48.9113512757,2.5171422958,Nuit avec éclairage allumé,En agglomération,Hors intersection,Pluie légère,Trois véhicules et plus - en chaîne,3,3,3,0,1,1,2,0,1,50,,3,1,0,2,0,28.0,58.0,,,5,2,1,2,4
202100053975,2021-01-23 10:45:00,2021,1,23,10,45,93,93046,ARISTIDE BRIAND AVENUE,48.91122,2.51645,Plein jour,En agglomération,Intersection en X,Pluie forte,Deux véhicules - côté,3,4,6,0,4,1,2,5,1,50,,2,1,0,0,1,53.0,47.0,,,1,2,2,3,3
202100053976,2021-01-23 14:00:00,2021,1,23,14,0,93,93031,FITZELIN (DE),48.95944,2.3043,Plein jour,En agglomération,Hors intersection,Pluie légère,Autre collision,4,1,1,0,1,1,2,0,1,50,,2,1,0,0,1,37.0,,,,1,2,1,2,6
202100053977,2021-01-23 01:40:00,2021,1,23,1,40,93,93027,VAILLANT-COUTURIER (AVENUE PAUL),48.926922752,2.4172818661,Nuit sans éclairage public,En agglomération,Autre intersection,Normale,Autre collision,3,1,1,0,2,1,1,0,1,50,,4,0,0,2,2,28.0,,,,3,2,9,1,6
202100053978,2021-01-23 15:45:00,2021,1,23,15,45,93,93010,GALLIENI (AV.) CONFORAMA 53,48.9056064155,2.4770073411,Plein jour,En agglomération,Intersection en X,Pluie forte,Deux véhicules - côté,3,3,1,0,1,1,2,0,1,50,,2,1,0,0,1,93.0,53.0,,,1,2,2,3,3
202100053979,2021-01-23 08:45:00,2021,1,23,8,45,92,92020,VANVES BOULEVARD N° IMPAIRS,48.8073260467,2.2851279976,Plein jour,En agglomération,Hors intersection,Pluie légère,Deux véhicules - côté,3,2,2,0,1,1,2,0,1,50,,2,1,0,0,1,56.0,42.0,,,1,2,1,2,3
202100053980,2021-01-23 13:15:00,2021,1,23,13,15,92,92004,VOLTAIRE ( BD ),48.9167181786,2.2884821892,Plein jour,En agglomération,Hors intersection,Normale,Sans collision,4,2,2,0,1,1,1,0,1,50,,1,0,0,0,1,39.0,,,,1,2,1,1,7
202100053981,2021-01-23 08:25:00,2021,1,23,8,25,92,92004,GALLIENI ( RUE ),48.9090254779,2.2867172956,Crépuscule ou aube,En agglomération,Intersection à plus de 4 branches,Normale,Deux véhicules - côté,3,2,2,0,1,1,1,0,1,50,,2,1,0,0,1,39.0,20.0,,,2,2,5,1,3
202100053982,2021-01-24 08:30:00,2021,1,24,8,30,14,14061,A84,49.015018,-0.869465,Crépuscule ou aube,Hors agglomération,Hors intersection,Neige / grêle,Autre collision,1,3,4,0,1,1,5,0,1,130,,3,2,0,1,0,32.0,26.0,,,2,1,1,4,6
202100053983,2021-01-23 10:12:00,2021,1,23,10,12,37,37216,Autoroute A10 PK 236+500,47.1434071576,0.6212674989,Plein jour,Hors agglomération,Autre intersection,Neige / grêle,Autre collision,1,3,5,0,1,1,9,0,1,130,,3,1,0,0,2,35.0,,,,1,1,9,4,6
202100053984,2021-01-22 17:55:00,2021,1,22,17,55,74,74256,Av de Geneve,45.945924,6.629809,Nuit avec éclairage allumé,En agglomération,Hors intersection,Pluie forte,Autre collision,3,2,2,1,1,1,2,0,1,50,,2,1,0,0,1,30.0,,,,5,2,1,3,6
202100053985,2021-01-24 14:35:00,2021,1,24,14,35,82,82190,Route d'Auch,43.850162,1.227551,Plein jour,En agglomération,Hors intersection,Pluie légère,Sans collision,3,2,2,0,1,1,2,9,1,30,,1,0,0,1,0,21.0,,,,1,2,1,2,7
202100053986,2021-01-24 15:45:00,2021,1,24,15,45,32,32181,Lieu dit les pountous,43.417697,0.235262,Plein jour,Hors agglomération,Hors intersection,Pluie légère,Deux véhicules - frontale,2,2,2,0,2,3,2,0,1,80,,3,1,0,2,0,36.0,56.0,,,1,1,1,2,1
202100053987,2021-01-24 17:30:00,2021,1,24,17,30,71,71522,549 Route du Taillet,46.606399,4.951858,Crépuscule ou aube,En agglomération,Hors intersection,Pluie légère,Autre collision,4,2,2,0,1,1,2,0,3,50,,1,0,0,0,1,34.0,,,,2,2,1,2,6
202100053988,2021-01-24 17:35:00,2021,1,24,17,35,46,46200,Zone Artisanale du Moulin d'Iches,44.629814,1.219332,Crépuscule ou aube,Hors agglomération,Intersection en T,Pluie légère,Deux véhicules - frontale,3,2,2,0,1,1,2,0,1,80,,2,1,0,1,0,46.0,25.0,,,2,1,3,2,1
202100053989,2021-01-24 09:30:00,2021,1,24,9,30,44,44152,La tremblais,47.454842,-2.020808,Plein jour,Hors agglomération,Hors intersection,Autre,Sans collision,4,2,2,0,1,2,2,0,3,70,,1,0,1,0,0,51.0,,,,1,1,1,9,7
202100053990,2021-01-24 10:45:00,2021,1,24,10,45,29,29129,D769 - Pont Mikael,48.360113,-3.698487,Plein jour,Hors agglomération,Hors intersection,Pluie légère,Deux véhicules - arrière,3,2,2,0,1,1,2,0,1,80,,2,1,1,0,0,74.0,54.0,,,1,1,1,2,2
202100053991,2021-01-24 03:50:00,2021,1,24,3,50,31,31135,D49,43.231126,1.100639,Nuit sans éclairage public,Hors agglomération,Hors intersection,Pluie légère,Autre collision,3,2,2,0,1,2,2,0,3,80,,5,1,1,3,0,18.0,,,,3,1,1,2,6
202100053992,2021-01-23 18:00:00,2021,1,23,18,0,03,03181,Lieu Dit Vieux Bourg,46.3538060538,3.7394480284,Nuit sans éclairage public,Hors agglomération,Intersection en X,Normale,Sans collision,3,2,2,0,1,3,2,0,1,90,,1,0,1,0,0,34.0,,,,3,1,2,1,7
202100053993,2021-01-24 08:50:00,2021,1,24,8,50,26,26069,D518,44.825865,5.389051,Crépuscule ou aube,Hors agglomération,Hors intersection,Temps couvert,Sans collision,3,2,2,0,2,4,5,0,8,80,,3,0,0,1,2,62.0,,,,2,1,1,8,7
202100053994,2021-01-22 13:20:00,2021,1,22,13,20,14,14705,Lieu Dit le Bourg,49.233958,-0.927277,Plein jour,En agglomération,Hors intersection,Normale,Deux véhicules - côté,3,2,2,0,1,1,1,0,1,50,,2,1,0,1,0,48.0,34.0,,,1,2,1,1,3
202100053995,2021-01-24 13:00:00,2021,1,24,13,0,07,07290,D21,44.944203,4.469214,Plein jour,Hors agglomération,Hors intersection,Normale,Autre collision,3,2,2,0,1,2,1,0,3,-1,,1,0,0,0,1,29.0,,,,1,1,1,1,6
202100053996,2021-01-24 15:00:00,2021,1,24,15,0,27,27260,D312,49.396686,0.427462,Plein jour,En agglomération,Intersection en T,Normale,Autre collision,3,2,2,0,1,1,2,0,1,50,,2,1,0,1,0,61.0,,,,1,2,3,1,6
202100053997,2021-01-23 15:50:00,2021,1,23,15,50,30,30102,D22,43.931373,4.27911,Plein jour,Hors agglomération,Hors intersection,Normale,Deux véhicules - frontale,3,2,2,0,1,3,1,0,3,80,,2,1,0,1,0,62.0,64.0,,,1,1,1,1,1
202100053998,2021-01-23 17:00:00,2021,1,23,17,0,34,34134,Rue du Perpignan,43.5934395092,3.7977719298,Crépuscule ou aube,En agglomération,Intersection en T,Temps éblouissant,Deux véhicules - côté,7,2,2,0,1,1,1,0,1,50,,2,1,1,0,0,51.0,61.0,,,2,2,3,7,3
202100053999,2021-01-24 17:30:00,2021,1,24,17,30,988,98802,RT1 Ouaménie,-21.86114,165.979514,Plein jour,Hors agglomération,Hors intersection,Normale,Deux véhicules - frontale,2,2,2,0,1,3,1,0,1,90,,7,0,1,6,0,52.0,48.0,,,1,1,1,1,1
202100054000,2021-01-23 17:15:00,2021,1,23,17,15,95,95370,RD 28,49.156815,1.976166,Plein jour,Hors agglomération,Hors intersection,Pluie légère,Autre collision,3,2,2,0,2,2,2,0,3,80,,1,0,0,1,0,23.0,,,,1,1,1,2,6
202100054001,2021-01-24 13:30:00,2021,1,24,13,30,83,83133,RD.38 - PK10,43.5960987169,6.8582582474,Plein jour,Hors agglomération,Hors intersection,Normale,Deux véhicules - côté,3,2,2,0,2,4,1,0,1,70,,3,1,0,0,2,51.0,32.0,,,1,1,1,1,3
202100054002,2021-01-24 08:15:00,2021,1,24,8,15,13,13072,Verdalaï,43.463268,5.620379,Plein jour,Hors agglomération,Hors intersection,Normale,Deux véhicules - frontale,7,2,2,1,1,3,1,0,1,80,,3,1,0,2,0,64.0,21.0,,,1,1,1,1,1
202100054003,2021-01-23 17:45:00,2021,1,23,17,45,89,89111,A5 PK 77+200,48.23808,3.454621,Crépuscule ou aube,Hors agglomération,Hors intersection,Pluie légère,Sans collision,1,3,4,0,1,1,2,0,3,130,,4,3,0,1,0,21.0,,,,2,1,1,2,7
202100054004,2021-01-24 02:00:00,2021,1,24,2,0,52,52432,Rue de la Marne,47.9496604656,5.2862327007,Nuit avec éclairage allumé,En agglomération,Intersection en X,Normale,Autre collision,3,2,2,0,1,2,2,0,4,50,,1,0,0,0,1,32.0,,,,5,2,2,1,6
202100054005,2021-01-23 11:45:00,2021,1,23,11,45,73,73227,D91A,45.41529,6.650457,Plein jour,En agglomération,Giratoire,Normale,Autre collision,3,2,2,0,2,3,5,5,1,30,,2,1,0,1,0,47.0,,,,1,2,6,1,6
202100054006,2021-01-22 16:50:00,2021,1,22,16,50,38,38507,Chemin de Vaillant,45.716443,5.171379,Plein jour,En agglomération,Hors intersection,Pluie forte,Autre collision,3,2,2,0,1,1,2,0,1,50,,2,1,0,1,0,58.0,,,,1,2,1,3,6
202100054007,2021-01-23 17:45:00,2021,1,23,17,45,38,38087,Chemin Laurent Devalors,45.574737,4.8125,Nuit avec éclairage allumé,En agglomération,Intersection en X,Normale,Trois véhicules et plus - collisions multiples,4,4,2,0,1,1,1,0,1,50,,7,5,0,0,2,21.0,53.0,,,5,2,2,1,5
202100054008,2021-01-24 05:50:00,2021,1,24,5,50,61,61203,51 Route de Moulins le Carbonnel,48.386931,0.020229,Nuit sans éclairage public,En agglomération,Hors intersection,Normale,Autre collision,3,3,2,0,1,2,1,0,3,50,,1,0,0,0,1,27.0,,,,3,2,1,1,6
202100054009,2021-01-23 19:45:00,2021,1,23,19,45,27,27123,Route Nationale 13,49.012281,1.301966,Nuit sans éclairage public,Hors agglomération,Intersection en T,Autre,Deux véhicules - arrière,2,2,2,0,1,1,2,0,8,70,,2,1,0,1,0,30.0,48.0,,,3,1,3,9,2
202100054010,2021-01-14 09:10:00,2021,1,14,9,10,13,13215,A7-Sens Lyon vers Marseille,43.35904,5.362213,Plein jour,Hors agglomération,Hors intersection,Normale,Deux véhicules - côté,1,-1,3,0,1,1,1,0,1,90,,2,1,0,1,0,52.0,28.0,,,1,1,1,1,3
202100054011,2021-01-22 23:40:00,2021,1,22,23,40,69,69259,LAURENT BONNEVAY (BD),45.7172968343,4.8585855961,Nuit avec éclairage allumé,Hors agglomération,Hors intersection,Pluie légère,Trois véhicules et plus - collisions multiples,7,3,10,0,1,1,2,0,1,70,,3,0,0,0,3,30.0,23.0,,,5,1,1,2,5
202100054012,2021-01-23 20:15:00,2021,1,23,20,15,91,91174,RN 104,48.6109,2.44353,Nuit sans éclairage public,Hors agglomération,Hors intersection,Normale,Autre collision,2,1,1,0,4,3,2,0,2,50,,1,0,0,0,1,32.0,,,,3,1,1,1,6
202100054013,2021-01-23 15:25:00,2021,1,23,15,25,77,77251,AUTOROUTE A5A,48.6189360777,2.5528019745,Plein jour,Hors agglomération,Hors intersection,Pluie légère,Trois véhicules et plus - en chaîne,1,1,1,0,1,1,2,3,1,90,,5,3,0,0,2,23.0,37.0,,,1,1,1,2,4
202100054014,2021-01-23 12:30:00,2021,1,23,12,30,94,94038,AUTOROUTE A6A,48.7894582457,2.3441819818,Plein jour,Hors agglomération,Hors intersection,Pluie légère,Autre collision,1,1,3,0,2,2,2,0,1,90,,1,0,0,0,1,47.0,,,,1,1,1,2,6
202100054015,2021-01-23 11:45:00,2021,1,23,11,45,91,91235,RN 104,48.625,2.354,Plein jour,Hors agglomération,Hors intersection,Pluie légère,Sans collision,2,2,2,0,3,3,2,0,3,30,,1,0,0,0,1,20.0,,,,1,1,1,2,7
202100054016,2021-01-23 05:00:00,2021,1,23,5,0,91,91589,AUTOROUTE A6,48.677005,2.338642,Nuit sans éclairage public,Hors agglomération,Hors intersection,Normale,Trois véhicules et plus - collisions multiples,1,-1,3,0,1,1,1,0,1,110,,4,1,0,0,3,,57.0,,,3,1,1,1,5
202100054017,2021-01-22 23:45:00,2021,1,22,23,45,91,91161,AUTOROUTE A6,48.708062,2.306555,Nuit sans éclairage public,Hors agglomération,Hors intersection,Normale,Deux véhicules - arrière,1,3,6,0,1,1,1,0,2,110,,3,1,0,1,1,42.0,23.0,,,3,1,1,1,2
202100054018,2021-01-23 13:45:00,2021,1,23,13,45,92,92036,A86,48.9341712069,2.2714914867,Plein jour,Hors agglomération,Hors intersection,Pluie légère,Autre collision,1,1,2,0,1,1,2,0,1,90,,3,0,0,0,3,31.0,21.0,,,1,1,1,2,6
202100054019,2021-01-23 13:30:00,2021,1,23,13,30,93,93064,AUTOROUTE A86,48.87834,2.47689,Plein jour,Hors agglomération,Hors intersection,Pluie forte,Trois véhicules et plus - en chaîne,1,3,6,0,1,1,2,0,1,90,,6,5,0,0,1,57.0,27.0,,,1,1,1,3,4
202100054020,2021-01-23 11:15:00,2021,1,23,11,15,93,93048,AUTOROUTE A3,48.87313,2.4359,Plein jour,Hors agglomération,Hors intersection,Pluie légère,Deux véhicules - arrière,1,3,11,0,1,1,2,0,1,90,,2,1,0,0,1,45.0,60.0,,,1,1,1,2,2
202100054021,2021-01-23 14:30:00,2021,1,23,14,30,93,93078,AUTOROUTE A104,48.96238,2.54708,Plein jour,Hors agglomération,Hors intersection,Pluie légère,Deux véhicules - arrière,1,3,6,0,1,1,2,0,1,110,,2,1,0,0,1,32.0,41.0,,,1,1,1,2,2
202100054022,2021-01-23 11:00:00,2021,1,23,11,0,93,93005,AUTOROUTE A3,48.94163,2.47861,Plein jour,Hors agglomération,Hors intersection,Pluie légère,Sans collision,1,3,6,0,1,1,2,0,1,110,,1,0,0,0,1,59.0,,,,1,1,1,2,7
202100054023,2021-01-22 09:50:00,2021,1,22,9,50,976,97611,kaweni-Mangrove (route de la),-12.77627,45.22574,Plein jour,En agglomération,Hors intersection,Normale,Deux véhicules - frontale,2,2,0,0,1,1,1,0,1,50,,3,2,0,0,1,43.0,30.0,,,1,2,1,1,1
202100054024,2021-01-22 23:35:00,2021,1,22,23,35,974,97411,BRASSENS (AVENUE GEORGES),-20.90112,55.48767,Nuit avec éclairage allumé,En agglomération,Hors intersection,Normale,Sans collision,4,2,2,0,2,2,1,0,1,50,,1,0,0,0,1,30.0,,,,5,2,1,1,7
202100054025,2021-01-22 09:45:00,2021,1,22,9,45,973,97302,ROUTE NATIONALE 1,4.89755,-52.32798,Plein jour,Hors agglomération,Hors intersection,Normale,Deux véhicules - côté,2,3,4,0,1,1,1,0,1,90,,2,1,0,0,1,33.0,22.0,,,1,1,1,1,3
202100054026,2021-01-22 16:49:00,2021,1,22,16,49,69,69259,PAUL BERT (R),45.70053,4.88774,Crépuscule ou aube,En agglomération,Intersection en X,Pluie forte,Deux véhicules - côté,7,1,2,0,1,1,2,0,1,50,,3,2,0,0,1,81.0,43.0,,,2,2,2,3,3
202100054027,2021-01-22 08:25:00,2021,1,22,8,25,69,69259,IRENE JOLIOT CURIE (BD),45.7174639255,4.876490857,Crépuscule ou aube,En agglomération,Hors intersection,Temps couvert,Autre collision,4,1,1,0,1,1,2,2,1,50,,1,0,0,0,1,47.0,,,,2,2,1,8,6
202100054028,2021-01-22 02:00:00,2021,1,22,2,0,972,97209,BISHOP (Avenue Maurice),14.60336,-61.06336,Nuit sans éclairage public,En agglomération,Hors intersection,Normale,Autre collision,2,3,6,0,2,3,1,9,1,30,,4,3,0,0,1,21.0,,,,3,2,1,1,6
202100054029,2021-01-21 16:50:00,2021,1,21,16,50,2B,2B120,11 - RT,42.6500167617,9.4405293361,Plein jour,Hors agglomération,Hors intersection,Normale,Deux véhicules - côté,2,1,2,0,2,1,1,9,1,70,,3,2,0,0,1,28.0,25.0,,,1,1,1,1,3
202100054030,2021-01-21 17:00:00,2021,1,21,17,0,95,95219,STALINGRAD (RUE DE),48.9883656055,2.2581923509,Crépuscule ou aube,En agglomération,Intersection en T,Pluie légère,Deux véhicules - côté,3,2,2,0,1,1,2,0,1,50,,2,1,0,0,1,,36.0,,,2,2,3,2,3
202100054031,2021-01-22 16:00:00,2021,1,22,16,0,91,91549,LONGPONT (ROUTE DE),48.65397,2.31429,Plein jour,En agglomération,Hors intersection,Normale,Trois véhicules et plus - en chaîne,4,3,2,0,1,1,1,0,1,50,,3,2,0,0,1,48.0,30.0,,,1,2,1,1,4
202100054032,2021-01-22 08:00:00,2021,1,22,8,0,91,91161,AV MAZARIN,48.705638,2.31415,Nuit avec éclairage allumé,En agglomération,Intersection en T,Pluie légère,Autre collision,4,2,2,0,1,1,2,0,1,50,,2,1,0,0,1,31.0,,,,5,2,3,2,6
202100054033,2021-01-21 12:45:00,2021,1,21,12,45,90,90099,BUHLER (RUE ETIENNETTE),47.6665,6.83663,Plein jour,En agglomération,Hors intersection,Temps couvert,Deux véhicules - côté,4,3,2,0,2,1,2,4,8,50,,2,1,0,1,0,29.0,29.0,,,1,2,1,8,3
202100054034,2021-01-21 17:15:00,2021,1,21,17,15,86,86133,D4,46.534576,0.324367,Plein jour,Hors agglomération,Hors intersection,Pluie légère,Deux véhicules - frontale,3,2,2,0,3,3,2,2,1,50,,3,0,0,0,3,22.0,47.0,,,1,1,1,2,1
202100054035,2021-01-13 13:40:00,2021,1,13,13,40,86,86066,Avenue Camille Pagé,46.802739,0.528582,Plein jour,En agglomération,Hors intersection,Normale,Autre collision,3,2,2,0,1,1,1,9,1,50,,3,2,0,1,0,83.0,,,,1,2,1,1,6
202100054036,2021-01-20 07:55:00,2021,1,20,7,55,84,84007,MONCLAR (Avenue),43.93744,4.80504,Crépuscule ou aube,En agglomération,Hors intersection,,Autre collision,4,2,-1,0,1,1,1,0,1,-1,,2,1,0,0,1,48.0,,,,2,2,1,-1,6
202100054037,2021-01-21 14:10:00,2021,1,21,14,10,84,84007,PIERRE SEMARD (avenue),43.93992,4.82041,Plein jour,En agglomération,Hors intersection,Normale,Autre collision,4,2,3,0,1,1,1,0,1,50,,2,1,0,0,1,37.0,,,,1,2,1,1,6
202100054038,2021-01-20 15:15:00,2021,1,20,15,15,84,84007,CHEMIN DES ISNARDS,43.922108,4.811676,Plein jour,Hors agglomération,Hors intersection,Normale,Deux véhicules - frontale,4,2,2,0,1,1,1,0,1,50,,3,2,0,1,0,25.0,,,,1,1,1,1,1
202100054039,2021-01-20 06:35:00,2021,1,20,6,35,82,82121,NORD ( route du ),44.068085,1.418942,Nuit sans éclairage public,Hors agglomération,Hors intersection,Normale,Autre collision,3,2,2,0,1,1,1,0,1,80,,2,1,0,1,0,55.0,,,,3,1,1,1,6
202100054040,2021-01-22 07:35:00,2021,1,22,7,35,81,81004,LATTRE DE TASSIGNY (AV DE),43.9303202011,2.1569684927,Crépuscule ou aube,En agglomération,Intersection en T,Temps couvert,Deux véhicules - côté,4,-1,2,0,1,1,2,0,1,50,,3,1,0,0,2,17.0,48.0,,,2,2,3,8,3
202100054041,2021-01-15 19:00:00,2021,1,15,19,0,78,78498,FAISANDERIE RUE DE LA,48.93531,2.04645,Nuit avec éclairage allumé,En agglomération,Autre intersection,Normale,Autre collision,9,-1,2,0,1,1,1,0,1,15,,2,1,0,0,1,30.0,,,,5,2,9,1,6
202100054042,2021-01-22 20:55:00,2021,1,22,20,55,77,77350,RTE NATIONALE N 4,48.7678486714,2.6454692002,Nuit sans éclairage public,Hors agglomération,Hors intersection,Normale,Autre collision,2,1,2,0,1,1,2,0,1,90,,4,2,0,0,2,37.0,44.0,,,3,1,1,1,6
202100054043,2021-01-22 15:40:00,2021,1,22,15,40,77,77305,CHESNOIS (RUE DES),48.39602,2.95652,Plein jour,En agglomération,Hors intersection,Normale,Autre collision,4,1,1,0,1,1,1,0,1,30,,2,1,0,0,1,60.0,,,,1,2,1,1,6
202100054044,2021-01-23 23:20:00,2021,1,23,23,20,77,77285,BIR-HAKEIM (AVENUE DE),48.5442,2.64389,Nuit avec éclairage allumé,En agglomération,Intersection en X,Normale,Deux véhicules - frontale,4,2,0,0,1,1,1,0,1,50,,3,2,0,0,1,,23.0,,,5,2,2,1,1
202100054045,2021-01-22 08:30:00,2021,1,22,8,30,76,76322,Rue Albert Thomas,49.41155,1.04657,Plein jour,En agglomération,Hors intersection,Normale,Autre collision,4,2,2,0,1,1,2,0,1,50,,2,0,0,0,2,31.0,,,,1,2,1,1,6
202100054046,2021-01-21 12:25:00,2021,1,21,12,25,74,74010,parc des sports (DU)   (SECTEUR 410),45.91054,6.12173,Plein jour,En agglomération,Intersection en T,Normale,Autre collision,4,2,2,0,1,1,1,0,1,30,,2,1,0,0,1,26.0,,,,1,2,3,1,6
202100054047,2021-01-22 13:00:00,2021,1,22,13,0,71,71153,PRESIDENT WILSON (RUE DU),46.7980790211,4.434948234,Plein jour,En agglomération,Hors intersection,Normale,Deux véhicules - arrière,4,2,2,0,1,1,1,0,1,50,,2,1,0,0,1,46.0,46.0,,,1,2,1,1,2
202100054048,2021-01-22 17:50:00,2021,1,22,17,50,69,69282,REPUBLIQUE (DE) (R),45.76842,4.99114,Nuit sans éclairage public,En agglomération,Giratoire,Pluie forte,Autre collision,4,2,2,0,1,1,2,9,1,50,,2,1,0,0,1,85.0,,,,3,2,6,3,6
202100054049,2021-01-22 15:45:00,2021,1,22,15,45,69,69266,LOUIS BECKER (R),45.7652372624,4.869915247,Plein jour,En agglomération,Intersection en X,Pluie forte,Deux véhicules - côté,4,2,2,0,1,1,2,0,1,50,,2,1,0,0,1,44.0,21.0,,,1,2,2,3,3
202100054050,2021-01-21 14:05:00,2021,1,21,14,5,67,67482,MATHIAS GRUNEWALD (RUE),48.5665627972,7.7236320823,Plein jour,En agglomération,Hors intersection,Normale,Sans collision,4,3,2,0,1,1,1,9,1,30,,3,2,0,0,1,20.0,,,,1,2,1,1,7
202100054051,2021-01-22 08:40:00,2021,1,22,8,40,64,64445,LILAS DES,43.30596,-0.34945,Crépuscule ou aube,En agglomération,Hors intersection,Pluie légère,Deux véhicules - arrière,4,2,2,0,1,1,2,0,1,50,,2,1,0,0,1,19.0,20.0,,,2,2,1,2,2
202100054052,2021-01-19 17:35:00,2021,1,19,17,35,64,64445,HENRI FAISANS,43.30037,-0.36047,Plein jour,En agglomération,Intersection en T,Normale,Autre collision,4,2,2,0,1,1,1,0,1,50,,2,1,0,0,1,46.0,,,,1,2,3,1,6
202100054053,2021-01-21 15:55:00,2021,1,21,15,55,64,64102,LIBERTE (PLACE DE LA),43.49284,-1.47493,Plein jour,En agglomération,Hors intersection,Normale,Autre collision,4,2,2,0,1,1,1,6,1,30,,2,1,0,0,1,,,,,1,2,1,1,6
202100054054,2021-01-20 18:25:00,2021,1,20,18,25,63,63032,MAS (RUE DU),45.75012,3.09288,Nuit avec éclairage allumé,En agglomération,Intersection en Y,Normale,Deux véhicules - côté,4,2,2,0,1,1,1,0,1,50,,2,1,0,0,1,23.0,23.0,,,5,2,4,1,3
202100054055,2021-01-22 08:30:00,2021,1,22,8,30,59,59090,GAULLE (AVENUE DU GENERAL DE),50.69332,3.08866,Crépuscule ou aube,En agglomération,Hors intersection,Normale,Autre collision,7,2,1,2,1,1,1,0,1,50,,2,1,0,0,1,53.0,,,,2,2,1,1,6
202100054056,2021-01-12 18:50:00,2021,1,12,18,50,59,59350,ARRAS RUE D,50.61663,3.06301,Nuit avec éclairage allumé,En agglomération,Intersection en T,Normale,Deux véhicules - côté,4,1,2,0,1,1,1,2,1,50,,5,4,0,0,1,28.0,32.0,,,5,2,3,1,3