accident_id,datetime,annee,mois,jour,heure,minute,departement,commune_insee,adresse,latitude,longitude,luminosite,agglomeration,intersection,meteo,collision,catr,circ,nbv,vosp,prof,plan,surf,infra,situ,vma,nb_vehicules,nb_usagers,nb_indemnes,nb_tues,nb_blesses_hosp,nb_blesses_legers,age_cond_1,age_cond_2,veh_type_cond_1,veh_type_cond_2,lum_code,agg_code,int_code,atm_code,col_code
202100054057,2021-01-13 17:40:00,2021,1,13,17,40,59,59178,DURUTTE (RUE),50.37264,3.08873,Crépuscule ou aube,En agglomération,Hors intersection,Pluie légère,Autre collision,4,1,1,0,1,1,2,0,1,50,,2,1,0,0,1,49.0,,,,2,2,1,2,6
202100054058,2021-01-22 07:20:00,2021,1,22,7,20,56,56083,PONT-NEUF ( QUAI DU ),47.80346,-3.27886,Nuit avec éclairage allumé,En agglomération,Giratoire,Normale,Deux véhicules - côté,3,2,2,0,2,1,2,5,1,30,,2,1,0,0,1,29.0,44.0,,,5,2,6,1,3
202100054059,2021-01-21 21:20:00,2021,1,21,21,20,56,56098,MAURICE (RUE  JEAN-MARIE ),47.75615,-3.34061,Nuit avec éclairage allumé,En agglomération,Intersection en X,Pluie légère,Deux véhicules - côté,4,2,2,0,1,1,2,0,1,50,,2,1,0,0,1,39.0,44.0,,,5,2,2,2,3
202100054060,2021-01-22 08:00:00,2021,1,22,8,0,55,55029,ARDENNES ( BOULEVARD DES ),48.78187,5.16713,Crépuscule ou aube,En agglomération,Hors intersection,Pluie forte,Autre collision,4,2,2,0,4,1,2,0,1,50,,2,1,0,1,0,22.0,,,,2,2,1,3,6
202100054061,2021-01-21 18:07:00,2021,1,21,18,7,54,54431,DE GAULLE (AVENUE),48.90428,6.0419,Nuit avec éclairage allumé,En agglomération,Hors intersection,Pluie légère,Deux véhicules - côté,3,2,-1,0,1,1,2,9,1,50,,2,1,0,0,1,18.0,39.0,,,5,2,1,2,3
202100054062,2021-01-22 07:20:00,2021,1,22,7,20,54,54547,JAURES (AVENUE JEAN),48.66516,6.16495,Crépuscule ou aube,En agglomération,Intersection en T,Normale,Deux véhicules - frontale,4,2,-1,0,3,1,2,0,1,30,,2,1,0,0,1,34.0,47.0,,,2,2,3,1,1
202100054063,2021-01-22 08:07:00,2021,1,22,8,7,51,51454,Rue Général Georges Patton,49.2500971819,4.0565804889,Crépuscule ou aube,En agglomération,Hors intersection,Pluie forte,Sans collision,4,-1,2,0,1,1,2,0,1,30,,2,1,0,0,1,29.0,,,,2,2,1,3,7
202100054064,2021-01-21 12:00:00,2021,1,21,12,0,51,51454,Rue Gaston Boyer,49.261157565,4.021012394,Plein jour,En agglomération,Intersection en X,Normale,Deux véhicules - côté,4,2,2,0,1,1,1,0,1,50,,3,2,0,0,1,54.0,21.0,,,1,2,2,1,3
202100054065,2021-01-22 12:15:00,2021,1,22,12,15,45,45147,Rue de la Bustiere,47.92912,1.91354,Plein jour,En agglomération,Intersection en X,Pluie légère,Deux véhicules - côté,4,2,2,0,1,1,2,0,1,50,,2,1,0,0,1,51.0,28.0,,,1,2,2,2,3
202100054066,2021-01-22 16:50:00,2021,1,22,16,50,37,37214,VOISIN (BOULEVARD ANDRE-GEORGES),47.4269419023,0.6572216749,Plein jour,En agglomération,Hors intersection,Normale,Deux véhicules - arrière,4,2,4,0,1,1,1,0,1,50,,2,1,0,0,1,58.0,51.0,,,1,2,1,1,2
202100054067,2021-01-22 16:35:00,2021,1,22,16,35,37,37122,JAURES (BOULEVARD JEAN),47.3477036955,0.6556848371,Plein jour,En agglomération,Intersection en X,Normale,Autre collision,4,2,3,0,1,1,1,5,1,50,,2,1,0,0,1,18.0,77.0,,,1,2,2,1,6
202100054068,2021-01-21 17:40:00,2021,1,21,17,40,37,37261,TONNELLE (BOULEVARD),47.3807230843,0.6680912226,Nuit avec éclairage allumé,En agglomération,Intersection en T,Pluie légère,Autre collision,4,2,2,0,1,1,2,0,1,50,,2,1,0,0,1,41.0,66.0,,,5,2,3,2,6
202100054069,2021-01-22 17:10:00,2021,1,22,17,10,35,35238,TROIS CROIX (BD DES),48.12737,-1.68573,Plein jour,En agglomération,Hors intersection,Pluie forte,Deux véhicules - arrière,4,3,4,0,2,1,2,0,1,50,,3,2,0,0,1,20.0,22.0,,,1,2,1,3,2
202100054070,2021-01-22 17:05:00,2021,1,22,17,5,35,35238,GENIAUX (RUE CHARLES),48.1129,-1.7136,Plein jour,En agglomération,Hors intersection,Normale,Autre collision,4,2,2,0,3,1,2,0,1,50,,2,1,0,0,1,,,,,1,2,1,1,6
202100054071,2021-01-22 11:30:00,2021,1,22,11,30,35,35238,BULGARIE (BD DE),48.08472,-1.65689,Plein jour,En agglomération,Intersection en T,Normale,Deux véhicules - côté,4,3,4,0,1,1,1,0,1,50,,3,2,0,0,1,36.0,51.0,,,1,2,3,1,3
202100054072,2021-01-22 20:35:00,2021,1,22,20,35,33,33119,Cours Gambetta,44.84226,-0.54001,Nuit avec éclairage allumé,En agglomération,Autre intersection,Pluie légère,Deux véhicules - côté,4,2,2,0,1,1,2,0,1,50,,2,1,0,0,1,19.0,56.0,,,5,2,9,2,3
202100054073,2021-01-22 09:25:00,2021,1,22,9,25,33,33281,Sur Parking (proximité ave de la Marne),44.833862,-0.637743,Plein jour,En agglomération,Autre intersection,Pluie légère,Deux véhicules - frontale,6,-1,-1,0,1,1,2,0,8,50,,2,1,0,0,1,53.0,22.0,,,1,2,9,2,1
202100054074,2021-01-14 19:40:00,2021,1,14,19,40,33,33281,Rue du Jard,44.8420977911,-0.6394124629,Nuit sans éclairage public,En agglomération,Hors intersection,Pluie légère,Autre collision,4,3,2,0,1,1,2,0,1,50,,2,1,0,0,1,84.0,,,,3,2,1,2,6
202100054075,2021-01-22 05:15:00,2021,1,22,5,15,31,31555,71 rue Ernest Renan,43.633105,1.443779,Nuit avec éclairage allumé,En agglomération,Hors intersection,Normale,Autre collision,4,2,2,0,1,1,1,0,1,50,,2,1,0,1,0,53.0,,,,5,2,1,1,6
202100054076,2021-01-22 10:35:00,2021,1,22,10,35,31,31483,132 Av du Pdt Francois Mitterrand,43.11254,0.74808,Plein jour,En agglomération,Hors intersection,Temps couvert,Autre collision,3,2,2,0,1,1,2,0,4,50,,1,0,0,0,1,63.0,,,,1,2,1,8,6
202100054077,2021-01-22 16:30:00,2021,1,22,16,30,27,27229,BRIAND (AVENUE ARISTIDE),49.0187,1.12701,Plein jour,En agglomération,Intersection en T,Normale,Trois véhicules et plus - collisions multiples,3,2,2,0,1,1,1,0,1,50,,3,2,1,0,0,43.0,18.0,,,1,2,3,1,5
202100054078,2021-01-22 15:20:00,2021,1,22,15,20,27,27229,NATIONALE 13 (ROUTE),49.01567,1.17892,Plein jour,En agglomération,Intersection en T,Normale,Deux véhicules - arrière,4,3,2,0,1,1,1,5,1,70,,2,0,0,0,2,58.0,60.0,,,1,2,3,1,2
202100054079,2021-01-22 13:05:00,2021,1,22,13,5,26,26362,97 Rue Denis Papin,44.922226,4.890783,Plein jour,En agglomération,Giratoire,Pluie légère,Deux véhicules - côté,4,1,2,0,1,1,2,9,1,50,,2,1,0,0,1,49.0,49.0,,,1,2,6,2,3
202100054080,2021-01-22 14:27:00,2021,1,22,14,27,25,25462,PAIX DE LA,46.91014,6.35048,Plein jour,En agglomération,Intersection en X,Pluie légère,Deux véhicules - frontale,4,2,2,0,1,1,2,5,1,50,,3,2,0,0,1,18.0,64.0,,,1,2,2,2,1
202100054081,2021-01-08 08:55:00,2021,1,8,8,55,22,22113,SAINTE ANNE (PONT),48.73057,-3.46042,Crépuscule ou aube,En agglomération,Hors intersection,Normale,Autre collision,3,1,1,0,1,2,1,2,1,30,,2,1,0,0,1,73.0,,,,2,2,1,1,6
202100054082,2021-01-21 16:10:00,2021,1,21,16,10,19,19031,ROOSEVELT (AVENUE DU PRESIDENT),45.15849,1.52769,Plein jour,En agglomération,Hors intersection,Pluie légère,Autre collision,4,2,2,0,1,1,2,0,1,50,,2,1,0,0,1,19.0,,,,1,2,1,2,6
202100054083,2021-01-22 19:25:00,2021,1,22,19,25,17,17300,BERNIER   AVENUE DU LIEUTENANT-,46.17005,-1.15853,Nuit avec éclairage allumé,En agglomération,Intersection en X,Pluie légère,Deux véhicules - côté,4,2,2,0,1,1,2,0,1,50,,2,1,0,0,1,33.0,58.0,,,5,2,2,2,3
202100054084,2021-01-22 15:15:00,2021,1,22,15,15,17,17028,GRASSET   AVENUE EDMOND,46.132,-1.10914,Plein jour,En agglomération,Hors intersection,Normale,Deux véhicules - arrière,4,1,-1,0,1,1,1,0,1,30,,3,2,0,0,1,36.0,62.0,,,1,2,1,1,2
202100054085,2021-01-22 20:37:00,2021,1,22,20,37,13,13209,MAZARGUES (ROND-POINT),43.2507668819,5.4034227133,Nuit avec éclairage allumé,En agglomération,Autre intersection,Temps couvert,Deux véhicules - côté,7,-1,0,0,1,3,2,0,1,50,,2,1,0,0,1,52.0,20.0,,,5,2,9,8,3
202100054086,2021-01-22 18:35:00,2021,1,22,18,35,13,13205,SAINT PIERRE (RUE),43.29218,5.3951,Nuit avec éclairage allumé,En agglomération,Hors intersection,Normale,Deux véhicules - arrière,4,1,2,0,1,1,1,9,1,50,,4,2,0,0,2,,59.0,,,5,2,1,1,2
202100054087,2021-01-22 13:45:00,2021,1,22,13,45,13,13216,PRADEL (traverse du),43.356772,5.345419,Plein jour,En agglomération,Intersection en X,Pluie légère,Deux véhicules - côté,7,2,2,0,1,1,2,0,1,50,,2,1,0,0,1,58.0,72.0,,,1,2,2,2,3
202100054088,2021-01-21 11:15:00,2021,1,21,11,15,13,13028,CYTHARISTA (AVENUE),43.1920473655,5.6371216094,Plein jour,En agglomération,Hors intersection,Normale,Deux véhicules - frontale,4,2,2,0,1,2,1,0,1,50,,2,1,0,0,1,56.0,22.0,,,1,2,1,1,1
202100054089,2021-01-22 12:55:00,2021,1,22,12,55,13,13004,RUE MONTMAJOUR,43.6926636246,4.6412824284,Plein jour,En agglomération,Hors intersection,Pluie légère,Deux véhicules - côté,4,2,2,0,1,1,2,0,1,50,,5,3,0,0,2,31.0,19.0,,,1,2,1,2,3
202100054090,2021-01-22 08:10:00,2021,1,22,8,10,13,13004,AV BACHAGA SAID BOUALEM,43.66834,4.61954,Crépuscule ou aube,En agglomération,Autre intersection,Normale,Deux véhicules - côté,3,1,2,0,1,1,1,0,1,50,,2,1,0,0,1,47.0,74.0,,,2,2,9,1,3
202100054091,2021-01-19 15:48:00,2021,1,19,15,48,12,12145,D911,44.12229,3.05664,Plein jour,Hors agglomération,Hors intersection,Normale,Deux véhicules - côté,3,2,2,0,2,2,1,0,1,80,,3,2,0,0,1,31.0,59.0,,,1,1,1,1,3
202100054092,2021-01-21 07:30:00,2021,1,21,7,30,10,10333,ROBERT GALLEY (RUE),48.28956,4.06711,Nuit avec éclairage allumé,En agglomération,Giratoire,Pluie forte,Deux véhicules - côté,4,1,1,1,1,2,2,0,5,50,,2,1,0,0,1,33.0,66.0,,,5,2,6,3,3
202100054093,2021-01-22 17:40:00,2021,1,22,17,40,06,06088,COMBOUL (AV. RAYMOND),43.709475,7.266279,Nuit avec éclairage allumé,En agglomération,Hors intersection,Pluie forte,Autre collision,4,1,1,0,1,2,2,0,1,30,,2,1,0,0,1,32.0,,,,5,2,1,3,6
202100054094,2021-01-19 16:55:00,2021,1,19,16,55,04,04070,Av de Verdun,44.0863,6.213,Plein jour,En agglomération,Hors intersection,Temps éblouissant,Autre collision,4,3,2,0,1,1,1,5,3,50,,2,1,0,0,1,73.0,,,,1,2,1,7,6
202100054095,2021-01-22 19:57:00,2021,1,22,19,57,75,75105,QUAI DE LA TOURNELLE,48.849593,2.356117,Nuit avec éclairage allumé,En agglomération,Intersection en Y,Normale,Deux véhicules - arrière,4,1,3,1,1,1,1,0,1,50,,2,1,0,0,1,36.0,32.0,,,5,2,4,1,2
202100054096,2021-01-22 19:40:00,2021,1,22,19,40,75,75106,BOULEVARD DU MONTPARNASSE,48.844033,2.323384,Nuit avec éclairage allumé,En agglomération,Place,Normale,Deux véhicules - côté,4,2,6,3,1,1,1,0,1,50,,2,0,0,0,2,27.0,19.0,,,5,2,7,1,3
202100054097,2021-01-22 13:05:00,2021,1,22,13,5,75,75106,RUE MADAME,48.847517,2.331608,Plein jour,En agglomération,Hors intersection,Normale,Deux véhicules - arrière,4,1,2,0,1,1,1,0,1,50,,2,1,0,0,1,51.0,65.0,,,1,2,1,1,2
202100054098,2021-01-22 11:20:00,2021,1,22,11,20,75,75120,AVENUE DE LA PORTE DE VINCENNES,48.846705,2.415874,Plein jour,En agglomération,Intersection en X,Normale,Deux véhicules - côté,4,2,6,1,2,1,1,0,1,50,,2,1,0,0,1,40.0,25.0,,,1,2,2,1,3
202100054099,2021-01-22 11:40:00,2021,1,22,11,40,75,75117,RUE ALPHONSE DE NEUVILLE,48.88624,2.302019,Plein jour,En agglomération,Hors intersection,Normale,Deux véhicules - côté,4,2,2,0,1,1,1,0,1,50,,2,1,0,0,1,53.0,40.0,,,1,2,1,1,3
202100054100,2021-01-22 11:50:00,2021,1,22,11,50,75,75109,AVENUE TRUDAINE,48.881209,2.342501,Plein jour,En agglomération,Intersection en X,Normale,Autre collision,4,3,2,0,1,1,1,8,1,50,,2,1,0,0,1,44.0,,,,1,2,2,1,6
202100054101,2021-01-22 17:50:00,2021,1,22,17,50,75,75108,RUE DE ROME,48.87803,2.322646,Crépuscule ou aube,En agglomération,Intersection en X,Normale,Deux véhicules - côté,4,2,4,3,2,1,1,0,1,50,,2,1,0,1,0,29.0,32.0,,,2,2,2,1,3
202100054102,2021-01-22 18:25:00,2021,1,22,18,25,75,75103,RUE DE TURBIGO,48.864836,2.35333,Nuit avec éclairage allumé,En agglomération,Intersection à plus de 4 branches,Normale,Sans collision,4,1,3,0,1,1,1,0,1,30,,1,0,0,0,1,19.0,,,,5,2,5,1,7
202100054103,2021-01-22 16:30:00,2021,1,22,16,30,75,75104,RUE SAINT MERRI,48.859571,2.352582,Plein jour,En agglomération,Intersection en X,Normale,Autre collision,4,1,1,0,1,1,1,0,1,15,,2,1,0,0,1,58.0,,,,1,2,2,1,6
202100054104,2021-01-22 12:20:00,2021,1,22,12,20,75,75101,RUE DE RIVOLI,48.864407,2.330132,Plein jour,En agglomération,Intersection en T,Normale,Sans collision,4,2,4,1,1,1,1,0,1,50,,1,0,0,0,1,64.0,,,,1,2,3,1,7
202100054105,2021-01-21 13:15:00,2021,1,21,13,15,94,94081,Boulevard de Stalingrad,48.794544,2.384644,Plein jour,En agglomération,Hors intersection,Normale,Autre collision,3,3,2,0,1,1,1,0,1,50,,2,1,0,0,1,31.0,,,,1,2,1,1,6
202100054106,2021-01-22 15:30:00,2021,1,22,15,30,94,94068,BAC (AV DU),48.79202,2.51827,Plein jour,En agglomération,Hors intersection,Normale,Deux véhicules - côté,3,2,2,0,1,1,1,0,1,50,,2,1,0,0,1,50.0,17.0,,,1,2,1,1,3
202100054107,2021-01-22 18:10:00,2021,1,22,18,10,94,94046,REPUBLIQUE (AV DE LA),48.8,2.44,Crépuscule ou aube,En agglomération,Intersection en Y,Normale,Deux véhicules - côté,3,2,2,0,1,1,1,0,8,50,,3,1,0,0,2,59.0,62.0,,,2,2,4,1,3
202100054108,2021-01-22 05:20:00,2021,1,22,5,20,94,94021,Rue du Jour,48.758625,2.362014,Nuit avec éclairage allumé,En agglomération,Hors intersection,Pluie légère,Autre collision,4,1,1,0,1,3,2,0,1,30,,2,1,0,0,1,,,,,5,2,1,2,6
202100054109,2021-01-21 14:00:00,2021,1,21,14,0,94,94033,REPUBLIQUE (AV DE LA),48.84907,2.47493,Plein jour,En agglomération,Hors intersection,Pluie légère,Autre collision,3,2,2,0,2,2,2,0,1,50,,2,1,0,0,1,41.0,23.0,,,1,2,1,2,6
202100054110,2021-01-21 07:40:00,2021,1,21,7,40,94,94033,MARECHAL DE LATTRE DE TASSIGNY (AV DU),48.85821,2.49127,Nuit avec éclairage allumé,En agglomération,Hors intersection,Temps couvert,Deux véhicules - côté,3,1,2,0,1,1,2,0,1,50,,2,1,0,0,1,40.0,26.0,,,5,2,1,8,3
202100054111,2021-01-22 09:30:00,2021,1,22,9,30,94,94028,Saussaie du ban (rue de la),48.76676,2.45659,Crépuscule ou aube,En agglomération,Hors intersection,Normale,Deux véhicules - frontale,4,2,2,0,1,3,2,0,1,50,,2,1,1,0,0,38.0,32.0,,,2,2,1,1,1
202100054112,2021-01-22 20:45:00,2021,1,22,20,45,94,94019,LIBERATION - CAR DE PINCE-VENT (AV DE LA,48.802745,2.538512,Nuit avec éclairage allumé,En agglomération,Intersection en X,Normale,Deux véhicules - côté,3,2,6,0,1,1,1,0,1,50,,2,1,0,0,1,61.0,21.0,,,5,2,2,1,3
202100054113,2021-01-22 13:20:00,2021,1,22,13,20,94,94079,Chemin des Rompus,48.83109,2.5521,Plein jour,En agglomération,Hors intersection,Normale,Deux véhicules - côté,4,1,0,0,1,2,1,0,1,30,,2,1,0,0,1,54.0,43.0,,,1,2,1,1,3
202100054114,2021-01-22 11:05:00,2021,1,22,11,5,94,94059,ARDOUIN (AV),48.812575,2.56957,Plein jour,En agglomération,Giratoire,Normale,Deux véhicules - frontale,4,-1,1,0,1,2,2,5,1,50,,2,1,0,0,1,27.0,71.0,,,1,2,6,1,1
202100054115,2021-01-22 14:43:00,2021,1,22,14,43,93,93055,MEHUL (1/37. 2/24),48.8891480797,2.4101451945,Plein jour,En agglomération,Intersection en X,Normale,Deux véhicules - côté,3,2,2,0,2,1,1,0,1,50,,2,1,0,0,1,35.0,24.0,,,1,2,2,1,3
202100054116,2021-01-19 09:28:00,2021,1,19,9,28,93,93053,Avenue Pierre Kerautret,48.883197,2.442508,Plein jour,En agglomération,Hors intersection,Pluie légère,Autre collision,3,2,2,0,1,1,2,0,1,50,,2,1,0,0,1,36.0,,,,1,2,1,2,6
202100054117,2021-01-22 01:03:00,2021,1,22,1,3,93,93063,MONTREUIL ROUTE DE,48.8754583367,2.4483905825,Nuit avec éclairage allumé,En agglomération,Hors intersection,Pluie forte,Autre collision,3,1,2,0,2,1,2,9,8,50,,1,0,0,0,1,26.0,,,,5,2,1,3,6
202100054118,2021-01-22 15:30:00,2021,1,22,15,30,93,93010,GALLIENI (AV.) DE 1 A 109,48.9056135437,2.4770425492,Plein jour,En agglomération,Autre intersection,Normale,Deux véhicules - arrière,3,1,3,0,1,1,1,0,1,50,,2,1,0,0,1,40.0,29.0,,,1,2,9,1,2
202100054119,2021-01-22 18:20:00,2021,1,22,18,20,92,92046,PIERRE BROSSOLETTE (AVENUE),48.82103,2.31227,Nuit avec éclairage allumé,En agglomération,Intersection en T,Normale,Deux véhicules - côté,3,2,4,2,1,1,1,0,1,50,,3,2,0,0,1,49.0,45.0,,,5,2,3,1,3
202100054120,2021-01-21 21:20:00,2021,1,21,21,20,92,92075,MARCEAU (RUE),48.824096,2.294565,Nuit avec éclairage allumé,En agglomération,Intersection en T,Pluie légère,Autre collision,4,2,1,0,1,1,2,0,3,50,,2,0,0,0,2,39.0,,,,5,2,3,2,6
202100054121,2021-01-22 20:10:00,2021,1,22,20,10,92,92064,CARNOT,48.8464945205,2.2236478329,Nuit avec éclairage allumé,En agglomération,Hors intersection,Normale,Deux véhicules - côté,3,1,1,0,1,1,1,0,1,50,,2,1,0,0,1,24.0,41.0,,,5,2,1,1,3
202100054122,2021-01-22 17:30:00,2021,1,22,17,30,92,92050,REPUBLIQUE AVENUE DE LA,48.910534497,2.2197130322,Crépuscule ou aube,En agglomération,Hors intersection,Normale,Autre collision,3,2,2,0,1,1,1,0,1,50,,2,1,0,0,1,37.0,,,,2,2,1,1,6
202100054123,2021-01-22 07:40:00,2021,1,22,7,40,92,92050,PONT DE BEZONS,48.9204816001,2.2204399109,Crépuscule ou aube,En agglomération,Hors intersection,Pluie légère,Trois véhicules et plus - en chaîne,3,3,6,0,1,1,2,2,1,50,,3,2,0,0,1,,48.0,,,2,2,1,2,4
202100054124,2021-01-22 12:10:00,2021,1,22,12,10,92,92040,VICTOR CRESSON (AVENUE) DU 29 AU 77,48.8225719512,2.2679552436,Plein jour,En agglomération,Intersection en X,Normale,Autre collision,3,2,2,0,1,1,1,0,1,50,,2,1,0,0,1,,,,,1,2,2,1,6
202100054125,2021-01-05 08:40:00,2021,1,5,8,40,92,92036,GALLIENI (BOULEVARD) (1/19),48.9240036461,2.3227665427,Crépuscule ou aube,En agglomération,Hors intersection,Normale,Autre collision,3,2,2,0,1,1,9,0,1,50,,2,1,0,0,1,,40.0,,,2,2,1,1,6
202100054126,2021-01-21 22:15:00,2021,1,21,22,15,92,92026,MISSION MARCHAND (COTE PAIR),48.8977004748,2.2400334477,Nuit avec éclairage non allumé,En agglomération,Intersection en X,Pluie légère,Deux véhicules - côté,3,2,4,0,1,1,2,5,1,50,,3,2,0,1,0,25.0,29.0,,,4,2,2,2,3
202100054127,2021-01-22 17:15:00,2021,1,22,17,15,92,92012,VICTOR HUGO (AVENUE) 49/FIN - 60/FIN,48.8337835371,2.243667841,Plein jour,En agglomération,Giratoire,Normale,Autre collision,3,1,1,0,1,4,1,5,1,50,,2,1,0,0,1,24.0,,,,1,2,6,1,6
202100054128,2021-01-22 09:25:00,2021,1,22,9,25,92,92012,JEAN JAURES (BOULEVARD) 63/215 - 70/208,48.8378474977,2.2410857678,Plein jour,En agglomération,Intersection en T,Normale,Sans collision,4,1,2,0,1,1,2,0,1,50,,2,1,0,0,1,43.0,,,,1,2,3,1,7
202100054129,2021-01-09 19:00:00,2021,1,9,19,0,35,35356,RD 137,48.258003,-1.775583,Nuit sans éclairage public,Hors agglomération,Hors intersection,Normale,Deux véhicules - arrière,3,3,4,0,1,1,1,0,1,110,,5,3,0,1,1,66.0,44.0,,,3,1,1,1,2
202100054130,2021-01-23 09:25:00,2021,1,23,9,25,54,54296,D674 - D86,48.7320352536,6.3040280344,Plein jour,Hors agglomération,Intersection en T,Normale,Deux véhicules - côté,3,2,2,0,2,1,1,0,1,80,,2,0,0,0,2,85.0,40.0,,,1,1,3,1,3
202100054131,2021-01-21 09:40:00,2021,1,21,9,40,01,01325,RD 22A,45.938907,5.180258,Plein jour,Hors agglomération,Intersection en X,Pluie légère,Deux véhicules - côté,3,2,2,0,1,1,2,0,1,80,,2,1,0,1,0,73.0,71.0,,,1,1,2,2,3
202100054132,2021-01-22 16:40:00,2021,1,22,16,40,09,09124,le floucat,43.1841067104,1.4008735345,Plein jour,Hors agglomération,Hors intersection,Pluie légère,Sans collision,3,2,2,0,1,1,2,0,3,80,,3,1,0,1,1,68.0,24.0,,,1,1,1,2,7
202100054133,2021-01-23 15:35:00,2021,1,23,15,35,60,60106,Départementale 1016,49.3803208969,2.436097335,Plein jour,Hors agglomération,Autre intersection,Pluie légère,Autre collision,3,2,2,0,2,2,2,3,1,50,,1,0,0,1,0,19.0,,,,1,1,9,2,6
202100054134,2021-01-23 17:50:00,2021,1,23,17,50,49,49192,Intersection RD25/ D65,47.015364,-0.744234,Plein jour,Hors agglomération,Intersection en X,Normale,Deux véhicules - côté,3,2,2,0,1,1,1,5,1,80,,3,1,0,1,1,24.0,15.0,,,1,1,2,1,3
202100054135,2021-01-22 17:40:00,2021,1,22,17,40,51,51559,Ruelle des Deux Avenues,49.1280100533,4.5355767679,Crépuscule ou aube,En agglomération,Hors intersection,Normale,Sans collision,4,2,2,0,1,1,1,0,1,50,,2,1,0,0,1,37.0,,,,2,2,1,1,7
202100054136,2021-01-23 10:40:00,2021,1,23,10,40,60,60176,Avenue de Levallois Perret,49.23056,2.884689,Plein jour,En agglomération,Giratoire,Pluie forte,Autre collision,3,2,2,0,3,1,2,5,1,-1,,2,1,0,0,1,44.0,,,,1,2,6,3,6
202100054137,2021-01-23 10:30:00,2021,1,23,10,30,87,87003,"Autoroute A20, PR 130+850, sens Sud/Nord",46.264585,1.396937,Plein jour,Hors agglomération,Hors intersection,Neige / grêle,Deux véhicules - arrière,1,3,4,0,1,1,2,0,2,130,,3,0,0,0,3,44.0,55.0,,,1,1,1,4,2
202100054138,2021-01-18 08:03:00,2021,1,18,8,3,37,37233,"Entrée A10, n°21 vers PARIS",47.3945690495,0.7069691485,Crépuscule ou aube,En agglomération,Autre intersection,Brouillard / fumée,Deux véhicules - côté,1,1,2,0,2,2,1,3,1,90,,2,1,0,1,0,47.0,52.0,,,2,2,9,5,3
202100054139,2021-01-22 21:15:00,2021,1,22,21,15,62,62049,Chaussee Brunehaut,50.5558308828,2.3730880786,Nuit sans éclairage public,Hors agglomération,Hors intersection,Normale,Autre collision,3,2,2,0,1,1,1,0,1,80,,3,0,1,1,1,55.0,,,,3,1,1,1,6
202100054140,2021-01-22 16:10:00,2021,1,22,16,10,74,74009,Jussy,46.061678,6.078803,Crépuscule ou aube,En agglomération,Intersection en T,Pluie légère,Deux véhicules - arrière,3,2,2,0,1,1,2,0,1,50,,2,1,0,0,1,38.0,49.0,,,2,2,3,2,2
202100054141,2021-01-23 06:15:00,2021,1,23,6,15,80,80650,D929,49.930726,2.403259,Nuit sans éclairage public,Hors agglomération,Hors intersection,Normale,Autre collision,3,2,2,0,1,1,1,0,3,-1,,1,0,0,1,0,45.0,,,,3,1,1,1,6
202100054142,2021-01-23 10:30:00,2021,1,23,10,30,76,76671,Route du Circuit,49.961077,1.434757,Plein jour,Hors agglomération,Hors intersection,Pluie légère,Deux véhicules - frontale,3,2,2,0,2,2,2,0,3,80,,3,0,0,0,3,23.0,27.0,,,1,1,1,2,1
202100054143,2021-01-22 16:35:00,2021,1,22,16,35,49,49378,Rue du Pont Grison,47.322389,-0.040104,Plein jour,Hors agglomération,Hors intersection,Normale,Deux véhicules - côté,4,2,2,0,1,1,1,0,1,80,,2,1,0,1,0,67.0,61.0,,,1,1,1,1,3
202100054144,2021-01-23 10:00:00,2021,1,23,10,0,42,42060,Chemin forestier,45.501042,4.094462,Plein jour,Hors agglomération,Hors intersection,Pluie légère,Sans collision,9,-1,2,0,2,4,6,0,8,-1,,1,0,0,1,0,49.0,,,,1,1,1,2,7
202100054145,2021-01-20 16:40:00,2021,1,20,16,40,47,47309,D120,44.501216,0.451671,Plein jour,Hors agglomération,Hors intersection,Normale,Sans collision,3,2,2,0,3,2,2,0,1,80,,1,0,0,1,0,34.0,,,,1,1,1,1,7
202100054146,2021-01-23 16:00:00,2021,1,23,16,0,29,29117,D28 - Kerazan,48.5687320361,-4.4991374017,Plein jour,Hors agglomération,Hors intersection,Normale,Deux véhicules - frontale,3,2,2,0,1,1,1,0,1,80,,4,2,2,0,0,40.0,31.0,,,1,1,1,1,1
202100054147,2021-01-23 14:35:00,2021,1,23,14,35,38,38511,D1090,45.35166,5.94747,Plein jour,Hors agglomération,Intersection en T,Pluie légère,Trois véhicules et plus - collisions multiples,3,2,2,0,1,1,2,0,1,80,,4,3,0,0,1,68.0,78.0,,,1,1,3,2,5
202100054148,2021-01-22 11:15:00,2021,1,22,11,15,38,38543,Route de la Plaine,45.659722,5.459594,Plein jour,Hors agglomération,Intersection en X,Normale,Deux véhicules - côté,3,2,2,0,1,1,1,0,1,80,,2,1,0,1,0,22.0,91.0,,,1,1,2,1,3
202100054149,2021-01-22 18:00:00,2021,1,22,18,0,58,58092,Chaumes d'Aron,47.180182,3.516607,Nuit sans éclairage public,Hors agglomération,Hors intersection,Temps couvert,Deux véhicules - frontale,3,2,2,0,1,1,2,0,1,80,,5,4,0,1,0,34.0,40.0,,,3,1,1,8,1
202100054150,2021-01-23 15:30:00,2021,1,23,15,30,45,45203,59 Route d'Orleans,47.83464,1.706681,Plein jour,En agglomération,Hors intersection,Autre,Deux véhicules - arrière,3,2,2,0,1,1,2,0,1,50,,2,1,0,0,1,58.0,40.0,,,1,2,1,9,2