accident_id,datetime,annee,mois,jour,heure,minute,departement,commune_insee,adresse,latitude,longitude,luminosite,agglomeration,intersection,meteo,collision,catr,circ,nbv,vosp,prof,plan,surf,infra,situ,vma,nb_vehicules,nb_usagers,nb_indemnes,nb_tues,nb_blesses_hosp,nb_blesses_legers,age_cond_1,age_cond_2,veh_type_cond_1,veh_type_cond_2,lum_code,agg_code,int_code,atm_code,col_code
202100054151,2021-01-23 14:15:00,2021,1,23,14,15,64,64191,D936,43.183275,-0.184509,Plein jour,Hors agglomération,Hors intersection,Pluie légère,Deux véhicules - frontale,3,2,2,0,2,2,2,0,1,80,,3,1,0,1,1,32.0,65.0,,,1,1,1,2,1
202100054152,2021-01-23 10:05:00,2021,1,23,10,5,04,04006,RD 908 - La baumelle,44.258555,6.58905,Plein jour,Hors agglomération,Hors intersection,Normale,Autre collision,3,2,2,0,2,3,7,0,1,80,,2,0,0,1,1,30.0,48.0,,,1,1,1,1,6
202100054153,2021-01-23 14:05:00,2021,1,23,14,5,85,85280,Le haut querruy,46.87214,-1.941794,Plein jour,Hors agglomération,Hors intersection,Normale,Deux véhicules - côté,3,2,2,0,1,1,1,0,1,80,,2,1,1,0,0,73.0,40.0,,,1,1,1,1,3
202100054154,2021-01-22 13:15:00,2021,1,22,13,15,18,18140,A20 PK 10+700,47.170519,2.000145,Plein jour,Hors agglomération,Hors intersection,Pluie légère,Autre collision,1,3,4,3,2,1,2,0,1,130,,2,0,0,1,1,58.0,,,,1,1,1,2,6
202100054155,2021-01-23 11:55:00,2021,1,23,11,55,18,18129,A71,46.988384,2.410555,Plein jour,Hors agglomération,Hors intersection,Neige / grêle,Trois véhicules et plus - en chaîne,1,3,4,0,1,1,5,0,1,130,,13,11,0,0,2,57.0,32.0,,,1,1,1,4,4
202100054156,2021-01-18 16:30:00,2021,1,18,16,30,971,97103,Rue Henri Becquerel-jarry,16.243781,-61.559937,Plein jour,En agglomération,Hors intersection,Normale,Deux véhicules - côté,4,2,2,0,1,1,1,0,1,50,,2,1,0,1,0,54.0,43.0,,,1,2,1,1,3
202100054157,2021-01-23 07:20:00,2021,1,23,7,20,13,13049,Aire de Lamanon (Aire de repos),43.690893,5.096954,Crépuscule ou aube,Hors agglomération,Hors intersection,Normale,Deux véhicules - côté,1,1,1,0,1,1,1,9,3,50,,1,0,0,0,1,53.0,,,,2,1,1,1,3
202100054158,2021-01-16 12:30:00,2021,1,16,12,30,78,78499,"Autoroute A11, PK 025+800 en direction de Paris",48.544711,1.911063,Plein jour,Hors agglomération,Hors intersection,Neige / grêle,Sans collision,1,1,5,0,2,2,5,0,3,110,,2,1,0,1,0,34.0,,,,1,1,1,4,7
202100054159,2021-01-23 21:50:00,2021,1,23,21,50,988,98821,Route de Gadji,-22.167604,166.374636,Nuit sans éclairage public,Hors agglomération,Hors intersection,Normale,Sans collision,4,2,2,0,2,2,9,0,1,50,,2,1,0,1,0,37.0,,,,3,1,1,1,7
202100054160,2021-01-18 08:15:00,2021,1,18,8,15,91,91546,rue du pont rué,48.56766,2.032064,Crépuscule ou aube,En agglomération,Hors intersection,Normale,Autre collision,3,-1,2,0,1,1,1,6,1,50,,2,1,0,0,1,48.0,,,,2,2,1,1,6
202100054161,2021-01-22 16:50:00,2021,1,22,16,50,30,30203,D'906,44.254146,4.045058,Plein jour,Hors agglomération,Hors intersection,Temps couvert,Deux véhicules - frontale,3,2,2,0,2,1,1,0,1,80,,2,1,0,1,0,32.0,73.0,,,1,1,1,8,1
202100054162,2021-01-22 12:35:00,2021,1,22,12,35,84,84141,553 Avenue Alphonse Daudet,43.972789,4.911806,Plein jour,En agglomération,Hors intersection,Pluie forte,Deux véhicules - côté,4,2,2,0,1,1,2,0,1,50,,2,1,0,0,1,40.0,15.0,,,1,2,1,3,3
202100054163,2021-01-23 02:45:00,2021,1,23,2,45,73,73306,D902 lieu dit La Rivine ,45.136963,6.419776,Nuit sans éclairage public,Hors agglomération,Autre intersection,Neige / grêle,Sans collision,3,2,2,0,1,2,5,2,8,30,,8,5,0,3,0,21.0,,,,3,1,9,4,7
202100054164,2021-01-21 17:50:00,2021,1,21,17,50,85,85300,La Marbrerie,46.64397,-1.53534,Nuit sans éclairage public,Hors agglomération,Hors intersection,Pluie légère,Sans collision,4,2,2,0,1,1,2,0,1,80,,2,1,0,0,1,47.0,64.0,,,3,1,1,2,7
202100054165,2021-01-22 16:00:00,2021,1,22,16,0,27,27168,Route Amfreville sous les Monts,49.25476,1.270133,Plein jour,En agglomération,Hors intersection,Normale,Sans collision,3,-1,2,0,1,1,1,0,8,50,,1,0,0,0,1,31.0,,,,1,2,1,1,7
202100054166,2021-01-22 09:15:00,2021,1,22,9,15,60,60087,Borest,49.1799860993,2.6755764484,Plein jour,Hors agglomération,Hors intersection,Pluie légère,Deux véhicules - côté,3,2,2,0,1,2,2,0,1,80,,2,1,0,0,1,31.0,27.0,,,1,1,1,2,3
202100054167,2021-01-22 19:50:00,2021,1,22,19,50,02,02381,13 Rue Albert 1er,49.92373,4.086758,Nuit avec éclairage non allumé,En agglomération,Hors intersection,Normale,Autre collision,3,2,2,0,2,3,1,6,1,50,,3,0,2,1,0,29.0,,,,4,2,1,1,6
202100054168,2021-01-22 14:10:00,2021,1,22,14,10,62,62865,25 Rue de la Grande Chapelle,50.330323,2.980379,Plein jour,En agglomération,Hors intersection,Normale,Deux véhicules - arrière,3,2,2,0,1,1,1,0,1,50,,2,1,0,0,1,51.0,21.0,,,1,2,1,1,2
202100054169,2021-01-22 07:42:00,2021,1,22,7,42,13,13005,A52-Sens Toulon vers Pont de l'Etoile,43.28486,5.58569,Plein jour,Hors agglomération,Hors intersection,Normale,Deux véhicules - arrière,1,1,1,0,1,3,1,0,1,50,,2,1,0,0,1,36.0,51.0,,,1,1,1,1,2
202100054170,2021-01-21 08:32:00,2021,1,21,8,32,13,13055,A507 sens Aubagne- Marseille,43.3292764538,5.4144863937,Plein jour,Hors agglomération,Hors intersection,Normale,Trois véhicules et plus - en chaîne,1,1,3,0,1,1,1,1,1,70,,4,3,0,0,1,28.0,27.0,,,1,1,1,1,4
202100054171,2021-01-22 15:15:00,2021,1,22,15,15,33,33065,ROUTE NATIONALE 230,44.809046,-0.525565,Plein jour,Hors agglomération,Hors intersection,Normale,Autre collision,2,3,7,0,1,1,1,2,1,90,,5,2,0,0,3,38.0,63.0,,,1,1,1,1,6
202100054172,2021-01-22 05:30:00,2021,1,22,5,30,91,91086,RN 104,48.623904,2.377667,Nuit sans éclairage public,Hors agglomération,Hors intersection,Pluie forte,Sans collision,2,1,2,0,1,1,2,0,3,110,,1,0,0,0,1,33.0,,,,3,1,1,3,7
202100054173,2021-01-22 13:47:00,2021,1,22,13,47,92,92051,RN13,48.8859519088,2.2570359707,Plein jour,Hors agglomération,Hors intersection,Normale,Autre collision,2,1,4,0,1,1,1,0,1,70,,1,0,1,0,0,47.0,,,,1,1,1,1,6
202100054174,2021-01-22 17:45:00,2021,1,22,17,45,93,93010,AUTOROUTE A3,48.90632,2.47217,Crépuscule ou aube,Hors agglomération,Hors intersection,Normale,Deux véhicules - côté,1,3,6,0,1,1,1,0,1,90,,2,1,0,0,1,20.0,,,,2,1,1,1,3
202100054175,2021-01-21 19:45:00,2021,1,21,19,45,93,93027,AUTOROUTE A86,48.92216,2.37815,Nuit sans éclairage public,Hors agglomération,Hors intersection,Pluie légère,Autre collision,1,3,10,0,2,1,2,0,1,90,,2,1,0,0,1,22.0,62.0,,,3,1,1,2,6
202100054176,2021-01-21 17:50:00,2021,1,21,17,50,95,95212, A1,49.03017,2.53889,Nuit sans éclairage public,Hors agglomération,Hors intersection,Pluie légère,Trois véhicules et plus - en chaîne,1,3,7,0,1,1,2,0,1,110,,5,4,0,0,1,31.0,38.0,,,3,1,1,2,4
202100054177,2021-01-21 12:30:00,2021,1,21,12,30,95,95241,RN 104,49.0535034546,2.4260170785,Plein jour,Hors agglomération,Hors intersection,Normale,Autre collision,2,3,4,0,1,1,1,0,1,110,,3,1,0,0,2,50.0,,,,1,1,1,1,6
202100054178,2021-01-21 06:20:00,2021,1,21,6,20,974,97416,PONGAMES (CITE),-21.34712,55.4908,Plein jour,En agglomération,Giratoire,Normale,Deux véhicules - côté,4,-1,2,0,1,1,1,0,1,30,,2,1,0,0,1,56.0,31.0,,,1,2,6,1,3
202100054179,2021-01-15 18:26:00,2021,1,15,18,26,974,97407,HUGO (RUE),-20.93652,55.30388,Crépuscule ou aube,En agglomération,Hors intersection,Normale,Deux véhicules - arrière,4,1,1,0,1,1,1,0,4,50,,2,1,0,1,0,19.0,,,,2,2,1,1,2
202100054180,2021-01-21 17:46:00,2021,1,21,17,46,973,97302,EBOUE (ROCADE FELIX),4.92816,-52.31734,Crépuscule ou aube,En agglomération,Hors intersection,Normale,Autre collision,3,2,2,0,1,1,1,0,8,50,,2,1,0,0,1,23.0,,,,2,2,1,1,6
202100054181,2021-01-21 16:30:00,2021,1,21,16,30,69,69387,UNIVERSITE (DE L') (R),45.7515832332,4.8378735781,Plein jour,En agglomération,Hors intersection,Normale,Autre collision,4,1,3,3,1,1,1,0,6,20,,1,0,0,0,1,32.0,,,,1,2,1,1,6
202100054182,2021-01-21 10:22:00,2021,1,21,10,22,69,69387,TONY GARNIER                        (AV),45.73155,4.82409,Plein jour,En agglomération,Autre intersection,Vent fort / tempête,Sans collision,4,2,1,1,1,1,1,0,5,-1,,1,0,0,0,1,31.0,,,,1,2,9,6,7
202100054183,2021-01-20 11:45:00,2021,1,20,11,45,69,69259,JOANNES VALLET (R),45.7146548483,4.8861596156,Plein jour,En agglomération,Hors intersection,Normale,Deux véhicules - côté,4,2,2,0,1,3,1,0,1,50,,4,3,0,0,1,32.0,29.0,,,1,2,1,1,3
202100054184,2021-01-20 20:45:00,2021,1,20,20,45,972,97209,RD 41 (ROCADE),14.6131285055,-61.0648602247,Nuit sans éclairage public,En agglomération,Autre intersection,Temps couvert,Deux véhicules - arrière,3,3,5,0,3,1,2,3,1,60,,2,1,0,0,1,43.0,45.0,,,3,2,9,8,2
202100054185,2021-01-17 16:50:00,2021,1,17,16,50,972,97209,PROFESSEUR RAYMOND GARCIN (RUE DU),14.6236,-61.0786,Plein jour,En agglomération,Hors intersection,Normale,Autre collision,3,2,1,0,1,1,1,0,4,50,,5,0,0,5,0,26.0,,,,1,2,1,1,6
202100054186,2021-01-21 16:40:00,2021,1,21,16,40,91,91345,RUE PDT FRANCOIS MITTERRAND,48.69198,2.29051,Crépuscule ou aube,En agglomération,Intersection en Y,Pluie forte,Autre collision,3,2,2,0,2,1,2,5,1,50,,2,1,0,0,1,46.0,,,,2,2,4,3,6
202100054187,2021-01-22 01:20:00,2021,1,22,1,20,91,91201,RUE DANTON,48.68138,2.40516,Nuit sans éclairage public,En agglomération,Hors intersection,Pluie forte,Autre collision,4,2,2,0,1,1,2,0,1,50,,2,1,0,0,1,34.0,,,,3,2,1,3,6
202100054188,2021-01-21 07:54:00,2021,1,21,7,54,87,87048,LOTISSEMENT ARTISANAL JEAN MONET,45.79339,1.24944,Nuit avec éclairage allumé,Hors agglomération,Hors intersection,Pluie légère,Deux véhicules - côté,4,2,2,0,2,1,2,0,1,50,,2,1,0,1,0,56.0,56.0,,,5,1,1,2,3
202100054189,2021-01-19 16:50:00,2021,1,19,16,50,87,87085,LABUSSIERE (AVENUE EMILE),45.84447,1.24849,Plein jour,En agglomération,Hors intersection,Normale,Autre collision,4,2,2,0,2,1,1,0,1,50,,2,1,0,0,1,69.0,,,,1,2,1,1,6
202100054190,2021-01-11 10:00:00,2021,1,11,10,0,83,83069,CRAU (ROUTE DE LA ),43.128907,6.090506,Plein jour,Hors agglomération,Hors intersection,Normale,Sans collision,7,2,2,0,1,1,1,0,3,80,,1,0,0,0,1,66.0,,,,1,1,1,1,7
202100054191,2021-01-20 18:24:00,2021,1,20,18,24,80,80164,ROND POINT ACCES ROCADE,49.90209,2.36063,Nuit sans éclairage public,En agglomération,Hors intersection,Pluie légère,Deux véhicules - côté,3,1,1,0,1,2,2,0,1,80,,2,1,0,1,0,34.0,47.0,,,3,2,1,2,3
202100054192,2021-01-19 19:00:00,2021,1,19,19,0,76,76157,Avenue Georges Bizet,49.4575868487,1.0323054841,Nuit avec éclairage allumé,En agglomération,Hors intersection,Normale,Autre collision,4,-1,2,0,1,1,1,0,1,50,,3,2,0,1,0,53.0,,,,5,2,1,1,6
202100054193,2021-01-20 23:55:00,2021,1,20,23,55,76,76351,Avenue René Coty,49.49714,0.11186,Nuit avec éclairage allumé,En agglomération,Intersection en X,Pluie légère,Sans collision,4,1,2,0,1,1,2,0,1,30,,2,1,0,0,1,34.0,39.0,,,5,2,2,2,7
202100054194,2021-01-20 16:42:00,2021,1,20,16,42,74,74012,THONON (ROUTE DE),46.1974,6.26699,Plein jour,En agglomération,Intersection en T,Normale,Deux véhicules - frontale,3,2,4,0,1,1,1,0,1,50,,2,1,0,0,1,27.0,43.0,,,1,2,3,1,1
202100054195,2021-01-21 18:57:00,2021,1,21,18,57,74,74010,THONES (DE),45.910478,6.137867,Nuit avec éclairage allumé,En agglomération,Intersection en X,Normale,Deux véhicules - côté,3,2,4,0,1,1,1,5,1,30,,2,1,1,0,0,60.0,25.0,,,5,2,2,1,3
202100054196,2021-01-21 07:50:00,2021,1,21,7,50,71,71270,ROCCA (BOULEVARD),46.3117749385,4.8293747547,Plein jour,En agglomération,Hors intersection,Normale,Autre collision,4,2,2,0,1,1,1,6,6,30,,2,1,0,0,1,47.0,,,,1,2,1,1,6
202100054197,2021-01-21 17:15:00,2021,1,21,17,15,69,69290,CHARLES DE GAULLE                   (AV),45.70367,4.93449,Crépuscule ou aube,En agglomération,Hors intersection,Normale,Autre collision,4,2,2,0,1,1,1,0,1,50,,2,1,0,0,1,37.0,,,,2,2,1,1,6
202100054198,2021-01-21 08:15:00,2021,1,21,8,15,69,69266,GEORGE SAND (R) ,45.7552,4.88739,Plein jour,En agglomération,Intersection en X,Normale,Deux véhicules - côté,4,2,2,0,1,1,1,0,1,50,,3,2,0,0,1,42.0,39.0,,,1,2,2,1,3
202100054199,2021-01-12 15:30:00,2021,1,12,15,30,59,59557,BARBUSSE (AVENUE HENRI),50.33648,3.57678,Plein jour,En agglomération,Hors intersection,Temps couvert,Autre collision,3,2,2,0,1,1,2,0,1,50,,2,1,1,0,0,59.0,,,,1,2,1,8,6
202100054200,2021-01-20 17:25:00,2021,1,20,17,25,59,59225,JEAN JAURES (RUE),50.29738,3.92661,Nuit avec éclairage allumé,En agglomération,Hors intersection,Normale,Deux véhicules - côté,3,2,2,0,2,1,1,2,1,50,,3,2,0,1,0,55.0,26.0,,,5,2,1,1,3
202100054201,2021-01-19 14:40:00,2021,1,19,14,40,59,59569,BIVOUAC (RUE DU),50.36993,3.10199,Plein jour,En agglomération,Intersection en X,Temps couvert,Deux véhicules - côté,4,2,2,0,1,1,2,0,1,50,,2,1,0,1,0,22.0,23.0,,,1,2,2,8,3
202100054202,2021-01-18 14:25:00,2021,1,18,14,25,59,59178,FORTIER (RUE),50.37298,3.08275,Plein jour,En agglomération,Hors intersection,Normale,Deux véhicules - côté,4,1,2,3,1,1,1,0,6,50,,3,1,0,0,2,57.0,40.0,,,1,2,1,1,3
202100054203,2021-01-11 00:40:00,2021,1,11,0,40,58,58194,STAND (AVENUE),46.9798,3.15906,Nuit avec éclairage allumé,En agglomération,Hors intersection,Normale,Autre collision,4,2,2,0,1,1,1,0,1,50,,1,0,0,1,0,37.0,,,,5,2,1,1,6
202100054204,2021-01-20 18:35:00,2021,1,20,18,35,54,54184,BRIGACHTAL (AVENUE DE),48.70808,6.24323,Nuit avec éclairage allumé,En agglomération,Hors intersection,Normale,Deux véhicules - arrière,4,1,1,0,1,3,1,0,1,50,,3,2,0,0,1,43.0,20.0,,,5,2,1,1,2
202100054205,2021-01-21 07:45:00,2021,1,21,7,45,51,51454,Rue de Louvois,49.2298998058,4.0355499161,Crépuscule ou aube,En agglomération,Intersection en T,Temps couvert,Sans collision,3,1,1,0,2,2,2,3,1,50,,2,1,0,0,1,65.0,,,,2,2,3,8,7
202100054206,2021-01-21 05:40:00,2021,1,21,5,40,49,49267,A87N,47.4667091633,-0.5161959704,Nuit sans éclairage public,En agglomération,Hors intersection,Pluie légère,Sans collision,1,2,4,0,1,3,2,0,1,70,,2,0,0,0,2,21.0,,,,3,2,1,2,7
202100054207,2021-01-21 07:45:00,2021,1,21,7,45,45,45234,Rue de la Bourie Rouge,47.91942,1.90406,Nuit avec éclairage allumé,En agglomération,Intersection en T,Temps couvert,Deux véhicules - côté,4,2,2,0,1,1,2,0,1,50,,2,1,0,1,0,34.0,18.0,,,5,2,3,8,3
202100054208,2021-01-18 12:14:00,2021,1,18,12,14,40,40192,HOUGA (AV DU),43.88321,-0.48961,Plein jour,En agglomération,Hors intersection,Normale,Deux véhicules - arrière,3,2,2,1,1,1,2,0,1,50,,2,1,0,0,1,19.0,49.0,,,1,2,1,1,2
202100054209,2021-01-21 06:00:00,2021,1,21,6,0,38,38151,Avenue Auguste Ferrier,45.14474,5.71053,Nuit avec éclairage allumé,En agglomération,Intersection en X,Normale,Deux véhicules - côté,4,2,5,1,1,1,1,0,1,50,,4,2,0,0,2,27.0,19.0,,,5,2,2,1,3
202100054210,2021-01-15 16:00:00,2021,1,15,16,0,37,37261,EIFFEL (AVENUE GUSTAVE),47.4257703872,0.6970031261,Plein jour,En agglomération,Giratoire,Temps couvert,Autre collision,4,1,1,0,1,1,1,5,1,50,,3,2,0,0,1,19.0,67.0,,,1,2,6,8,6
202100054211,2021-01-19 12:00:00,2021,1,19,12,0,37,37261,BERTHIER (RUE),47.4251252974,0.6752381913,Plein jour,En agglomération,Intersection en T,Normale,Autre collision,4,2,2,0,1,1,1,0,1,50,,2,1,0,0,1,54.0,54.0,,,1,2,3,1,6
202100054212,2021-01-21 11:50:00,2021,1,21,11,50,35,35238,FELIX EBOUE (GOUVERNEUR GENERAL),48.08576,-1.69405,Plein jour,En agglomération,Hors intersection,Pluie légère,Deux véhicules - arrière,4,2,2,0,2,1,2,0,1,50,,3,2,0,0,1,34.0,24.0,,,1,2,1,2,2
202100054213,2021-01-21 08:30:00,2021,1,21,8,30,35,35055,RD 463,48.07822,-1.59465,Crépuscule ou aube,Hors agglomération,Intersection en T,Temps couvert,Deux véhicules - côté,7,2,2,0,1,1,1,0,1,80,,6,5,0,0,1,35.0,39.0,,,2,1,3,8,3
202100054214,2021-01-15 07:10:00,2021,1,15,7,10,33,33192,Rue de la Croix de Monjous,44.77764,-0.59138,Nuit avec éclairage allumé,En agglomération,Hors intersection,Normale,Autre collision,4,2,2,2,1,1,1,-1,1,50,,2,0,0,0,2,39.0,,,,5,2,1,1,6
202100054215,2021-01-21 11:45:00,2021,1,21,11,45,30,30007,MALADRERIES (AVE DES),44.1286,4.1002,Plein jour,En agglomération,Giratoire,Pluie légère,Deux véhicules - côté,4,2,2,0,1,1,2,5,1,50,,3,1,0,0,2,62.0,22.0,,,1,2,6,2,3
202100054216,2021-01-21 08:43:00,2021,1,21,8,43,29,29232,Rue Jacques Anquetil,48.009531,-4.071447,Nuit avec éclairage non allumé,En agglomération,Intersection en T,Pluie légère,Autre collision,4,2,2,0,2,1,2,0,1,50,,2,1,0,0,1,55.0,,,,4,2,3,2,6
202100054217,2021-01-20 12:40:00,2021,1,20,12,40,28,28134,ORIELS (RUE DES),48.73832,1.38878,Plein jour,En agglomération,Hors intersection,Normale,Autre collision,4,2,2,0,2,1,1,0,4,50,,2,0,0,0,1,,,,,1,2,1,1,6
202100054218,2021-01-21 07:55:00,2021,1,21,7,55,24,24037,FENELON  (RUE),44.84716,0.48228,Nuit avec éclairage allumé,En agglomération,Hors intersection,Normale,Autre collision,4,2,2,0,1,1,1,0,1,50,,2,1,0,1,0,59.0,,,,5,2,1,1,6
202100054219,2021-01-21 16:20:00,2021,1,21,16,20,17,17306,LIBERATION (DE LA) (AVENUE),45.62369,-1.0131,Plein jour,En agglomération,Giratoire,Pluie légère,Deux véhicules - côté,4,2,2,0,1,1,2,0,1,30,,2,1,0,0,1,24.0,15.0,,,1,2,6,2,3
202100054220,2021-01-20 08:25:00,2021,1,20,8,25,14,14327,N814,49.18793,-0.33107,Plein jour,Hors agglomération,Hors intersection,Pluie légère,Deux véhicules - arrière,2,3,4,0,1,1,2,0,1,90,,2,1,0,0,1,43.0,20.0,,,1,1,1,2,2
202100054221,2021-01-21 12:29:00,2021,1,21,12,29,13,13205,CHAVE (BOULEVARD),43.29568,5.39788,Plein jour,En agglomération,Intersection en X,Normale,Deux véhicules - côté,4,2,2,0,1,1,1,0,1,50,,2,1,0,0,1,20.0,42.0,,,1,2,2,1,3
202100054222,2021-01-21 11:50:00,2021,1,21,11,50,13,13203,CRIMEE (RUE DE),43.308086,5.379413,Plein jour,En agglomération,Hors intersection,Normale,Autre collision,4,1,1,0,2,1,1,0,4,50,,2,1,0,1,0,40.0,,,,1,2,1,1,6
202100054223,2021-01-12 17:30:00,2021,1,12,17,30,07,07019,JEAN MATHON(BOULEVARD),44.6201,4.38762,Crépuscule ou aube,En agglomération,Hors intersection,Normale,Deux véhicules - côté,4,2,2,0,1,1,1,0,1,50,,3,1,1,1,0,46.0,9.0,,,2,2,1,1,3
202100054224,2021-01-21 17:20:00,2021,1,21,17,20,06,06088,MACCARANI (R.),43.698498,7.264524,Nuit avec éclairage allumé,En agglomération,Hors intersection,Pluie légère,Autre collision,4,1,1,0,1,1,2,0,1,30,,2,1,0,1,0,47.0,,,,5,2,1,2,6
202100054225,2021-01-21 15:00:00,2021,1,21,15,0,06,06088,CESSOLE (BD DE) (JUSQU'AU N° 93-110),43.71701,7.25313,Plein jour,En agglomération,Hors intersection,Pluie légère,Deux véhicules - côté,4,-1,3,3,2,1,2,0,1,50,,2,1,0,0,1,17.0,41.0,,,1,2,1,2,3
202100054226,2021-01-21 11:30:00,2021,1,21,11,30,06,06069,PAOUTE (ROUTE ET TRAVERSE DE LA),43.636573,6.956597,Plein jour,Hors agglomération,Hors intersection,Pluie forte,Deux véhicules - arrière,3,2,2,0,1,1,2,0,1,50,,2,1,0,0,1,20.0,43.0,,,1,1,1,3,2
202100054227,2021-01-21 08:45:00,2021,1,21,8,45,06,06069,JUGAN (RUE JEANNE),43.65715,6.9113,Plein jour,Hors agglomération,Hors intersection,Normale,Sans collision,4,2,1,0,2,1,2,0,1,50,,1,0,0,0,1,25.0,,,,1,1,1,1,7
202100054228,2021-01-15 09:48:00,2021,1,15,9,48,04,04112,Inter Bd Saint Joseph / Rue Ampère,43.825087203,5.7984017358,Plein jour,En agglomération,Intersection en T,Normale,Deux véhicules - côté,4,2,2,0,1,1,1,0,1,50,,3,1,0,2,0,67.0,22.0,,,1,2,3,1,3
202100054229,2021-01-21 15:05:00,2021,1,21,15,5,75,75106,BOULEVARD DU MONTPARNASSE,48.845519,2.319143,Plein jour,En agglomération,Intersection en X,Pluie forte,Autre collision,4,1,3,3,2,1,2,0,1,50,,2,1,0,1,0,30.0,,,,1,2,2,3,6
202100054230,2021-01-20 14:56:00,2021,1,20,14,56,75,75106,RUE D ASSAS,48.84486,2.332422,Plein jour,En agglomération,Intersection en T,Normale,Autre collision,4,2,2,0,1,1,1,0,1,30,,2,1,0,0,1,64.0,,,,1,2,3,1,6
202100054231,2021-01-20 17:32:00,2021,1,20,17,32,75,75120,RUE DE MENILMONTANT,48.867748,2.385898,Crépuscule ou aube,En agglomération,Hors intersection,Pluie légère,Deux véhicules - côté,4,2,2,0,2,1,2,0,1,30,,3,2,0,0,1,37.0,24.0,,,2,2,1,2,3
202100054232,2021-01-20 20:15:00,2021,1,20,20,15,75,75118,BOULEVARD NEY,48.8978803604,2.3373681307,Nuit avec éclairage allumé,En agglomération,Intersection en X,Normale,Deux véhicules - côté,4,3,2,0,1,1,1,0,1,50,,2,1,0,0,1,21.0,46.0,,,5,2,2,1,3
202100054233,2021-01-21 11:40:00,2021,1,21,11,40,75,75116,AVENUE RAYMOND POINCARE,48.864403,2.286687,Plein jour,En agglomération,Hors intersection,Normale,Deux véhicules - arrière,4,2,2,0,1,1,1,0,1,50,,2,1,0,0,1,,52.0,,,1,2,1,1,2
202100054234,2021-01-20 13:30:00,2021,1,20,13,30,75,75116,ROUTE DE SURESNES,48.865031,2.234451,Plein jour,En agglomération,Intersection en X,Normale,Deux véhicules - côté,4,2,4,0,1,1,1,0,1,50,,2,1,0,0,1,49.0,49.0,,,1,2,2,1,3
202100054235,2021-01-21 19:45:00,2021,1,21,19,45,75,75115,AVENUE FELIX FAURE,48.840308,2.285906,Crépuscule ou aube,En agglomération,Intersection en X,Pluie légère,Deux véhicules - côté,4,2,0,0,1,1,2,0,1,50,,2,1,0,0,1,58.0,43.0,,,2,2,2,2,3
202100054236,2021-01-21 18:40:00,2021,1,21,18,40,75,75115,RUE LECOURBE,48.84263,2.302677,Nuit avec éclairage allumé,En agglomération,Intersection en X,Pluie légère,Deux véhicules - arrière,4,2,2,0,1,1,2,0,1,50,,2,1,0,0,1,53.0,24.0,,,5,2,2,2,2
202100054237,2021-01-21 06:00:00,2021,1,21,6,0,75,75115,RUE DE LA CONVENTION,48.845915,2.277314,Nuit sans éclairage public,En agglomération,Intersection en X,Temps couvert,Autre collision,4,2,3,0,1,1,2,0,1,50,,2,1,0,0,1,64.0,,,,3,2,2,8,6
202100054238,2021-01-20 13:55:00,2021,1,20,13,55,75,75115,RUE DE L ARRIVEE,48.843706,2.322799,Plein jour,En agglomération,Hors intersection,Normale,Autre collision,4,3,2,3,1,1,1,-1,6,50,,2,1,0,0,1,47.0,,,,1,2,1,1,6
202100054239,2021-01-20 12:00:00,2021,1,20,12,0,75,75115,RUE DE LOURMEL,48.842163,2.285575,Plein jour,En agglomération,Intersection en X,Temps couvert,Autre collision,4,2,2,1,1,1,1,-1,5,30,,2,1,0,0,1,17.0,,,,1,2,2,8,6
202100054240,2021-01-20 10:40:00,2021,1,20,10,40,75,75115,BOULEVARD PASTEUR,48.842863,2.312392,Plein jour,En agglomération,Intersection en X,Normale,Deux véhicules - côté,4,3,2,0,1,1,1,0,1,50,,2,1,0,0,1,50.0,19.0,,,1,2,2,1,3
202100054241,2021-01-21 12:45:00,2021,1,21,12,45,75,75114,RUE RAYMOND LOSSERAND,48.832122,2.314701,Plein jour,En agglomération,Hors intersection,Normale,Deux véhicules - arrière,4,1,1,0,1,1,1,0,1,50,,2,1,0,0,1,28.0,29.0,,,1,2,1,1,2
202100054242,2021-01-21 16:00:00,2021,1,21,16,0,75,75113,AVENUE D ITALIE,48.822808,2.358342,Plein jour,En agglomération,Intersection en T,Pluie légère,Deux véhicules - côté,4,2,4,1,1,1,2,0,1,50,,2,1,0,0,1,43.0,25.0,,,1,2,3,2,3
202100054243,2021-01-21 17:15:00,2021,1,21,17,15,75,75112,QUAI DE BERCY,48.828817,2.387821,Nuit avec éclairage non allumé,En agglomération,Hors intersection,Pluie légère,Deux véhicules - arrière,4,3,6,0,1,1,2,0,1,50,,3,2,0,0,1,37.0,34.0,,,4,2,1,2,2
202100054244,2021-01-21 14:00:00,2021,1,21,14,0,75,75112,PLACE LACHAMBEAUDIE,48.836068,2.386774,Plein jour,En agglomération,Place,Pluie légère,Sans collision,4,1,2,0,1,1,2,0,1,50,,1,0,0,0,1,65.0,,,,1,2,7,2,7
202100054245,2021-01-21 11:20:00,2021,1,21,11,20,75,75111,RUE SERVAN,48.858709,2.384338,Plein jour,En agglomération,Intersection en T,Normale,Deux véhicules - côté,4,1,1,0,1,1,1,8,1,30,,2,1,0,0,1,19.0,37.0,,,1,2,3,1,3