accident_id,datetime,annee,mois,jour,heure,minute,departement,commune_insee,adresse,latitude,longitude,luminosite,agglomeration,intersection,meteo,collision,catr,circ,nbv,vosp,prof,plan,surf,infra,situ,vma,nb_vehicules,nb_usagers,nb_indemnes,nb_tues,nb_blesses_hosp,nb_blesses_legers,age_cond_1,age_cond_2,veh_type_cond_1,veh_type_cond_2,lum_code,agg_code,int_code,atm_code,col_code
202100054246,2021-01-21 10:30:00,2021,1,21,10,30,75,75107,PLACE JACQUES RUEFF,48.85626,2.29847,Plein jour,En agglomération,Place,Normale,Autre collision,4,2,3,0,1,1,1,0,1,50,,2,1,0,0,1,49.0,,,,1,2,7,1,6
202100054247,2021-01-20 07:15:00,2021,1,20,7,15,75,75115,RUE SAINT CHARLES,48.846522,2.285459,Nuit avec éclairage allumé,En agglomération,Intersection en X,Normale,Sans collision,4,1,1,0,1,1,2,0,1,50,,1,0,0,0,1,28.0,,,,5,2,2,1,7
202100054248,2021-01-20 12:40:00,2021,1,20,12,40,75,75104,BOULEVARD HENRI IV,48.852215,2.366003,Plein jour,En agglomération,Intersection en Y,Normale,Autre collision,4,2,4,1,1,1,1,-1,5,30,,2,1,0,0,1,,,,,1,2,4,1,6
202100054249,2021-01-21 17:50:00,2021,1,21,17,50,75,75103,RUE BEAUBOURG,48.862421,2.354131,Nuit avec éclairage allumé,En agglomération,Hors intersection,Pluie forte,Autre collision,4,1,3,3,1,1,2,0,1,50,,1,0,0,0,1,82.0,,,,5,2,1,3,6
202100054250,2021-01-21 16:10:00,2021,1,21,16,10,75,75103,BOULEVARD BEAUMARCHAIS,48.860105,2.367464,Plein jour,En agglomération,Intersection en X,Pluie légère,Deux véhicules - côté,4,2,4,3,1,1,2,0,1,50,,2,1,0,0,1,27.0,57.0,,,1,2,2,2,3
202100054251,2021-01-21 16:50:00,2021,1,21,16,50,94,94078,ANATOLE FRANCE (AV),48.74837,2.45355,Plein jour,En agglomération,Intersection en T,Pluie légère,Autre collision,4,2,2,0,1,1,2,0,1,50,,2,0,0,0,2,55.0,,,,1,2,3,2,6
202100054252,2021-01-21 11:00:00,2021,1,21,11,0,94,94078,PARIS (rue de ),48.747,2.446,Plein jour,En agglomération,Hors intersection,Normale,Deux véhicules - côté,2,2,4,0,1,1,2,0,1,50,,2,1,0,0,1,53.0,30.0,,,1,2,1,1,3
202100054253,2021-01-20 12:35:00,2021,1,20,12,35,94,94068,CARNOT (AV),48.80281,2.48738,Plein jour,En agglomération,Hors intersection,Normale,Deux véhicules - arrière,4,1,1,0,1,1,1,0,1,50,,2,1,0,0,1,32.0,24.0,,,1,2,1,1,2
202100054254,2021-01-20 18:10:00,2021,1,20,18,10,94,94042,GOUNOD (AV),48.82449,2.47329,Nuit avec éclairage allumé,En agglomération,Hors intersection,Normale,Deux véhicules - frontale,4,2,2,0,1,1,1,0,6,30,,3,1,0,0,2,51.0,38.0,,,5,2,1,1,1
202100054255,2021-01-21 12:45:00,2021,1,21,12,45,94,94060,GENERAL DE GAULLE (R DU),48.7817351681,2.5704360008,Plein jour,Hors agglomération,Intersection en X,Normale,Trois véhicules et plus - collisions multiples,3,2,4,0,1,2,1,0,1,50,,3,2,0,0,1,22.0,38.0,,,1,1,2,1,5
202100054256,2021-01-21 11:00:00,2021,1,21,11,0,94,94017,REPUBLIQUE (AV DE LA),48.82462,2.51005,Plein jour,En agglomération,Hors intersection,Normale,Autre collision,3,2,2,0,1,1,1,0,1,30,,2,1,0,0,1,39.0,,,,1,2,1,1,6
202100054257,2021-01-20 15:01:00,2021,1,20,15,1,93,93079,DIVISION LECLERC (AV),48.9549450979,2.3440203579,Plein jour,En agglomération,Hors intersection,Normale,Autre collision,3,2,2,0,1,1,1,0,1,50,,2,1,0,0,1,62.0,,,,1,2,1,1,6
202100054258,2021-01-20 18:40:00,2021,1,20,18,40,92,92051,"ROULE (AVENUE DU, N° 29 A 91 ET 30 A 86)",48.8820093691,2.2795933485,Nuit avec éclairage allumé,En agglomération,Hors intersection,Temps couvert,Autre collision,4,2,2,0,1,1,2,0,1,50,,2,1,0,0,1,26.0,,,,5,2,1,8,6
202100054259,2021-01-20 13:30:00,2021,1,20,13,30,92,92050,THOREZ MAURICE RUE,48.895179511,2.1961967647,Plein jour,En agglomération,Intersection en Y,Normale,Autre collision,4,1,2,0,1,1,1,0,1,30,,2,1,0,0,1,20.0,,,,1,2,4,1,6
202100054260,2021-01-12 14:10:00,2021,1,12,14,10,92,92044,VIC. HUGO(RUE)115A149 ET 148A178,48.900266,2.292657,Plein jour,En agglomération,Intersection en X,Pluie légère,Deux véhicules - côté,3,2,2,3,1,1,2,0,1,50,,2,1,0,0,1,29.0,69.0,,,1,2,2,2,3
202100054261,2021-01-20 19:24:00,2021,1,20,19,24,92,92026,MARECHAL JOFFRE (QUAI DU),48.8977063819,2.2671532631,Nuit sans éclairage public,En agglomération,Hors intersection,Pluie légère,Trois véhicules et plus - collisions multiples,3,3,4,0,1,1,2,0,1,50,,3,2,0,0,1,53.0,43.0,,,3,2,1,2,5
202100054262,2021-01-20 18:05:00,2021,1,20,18,5,92,92025,CHARLES DE GAULLE (BD),48.9146082068,2.2290284502,Nuit avec éclairage allumé,En agglomération,Intersection en X,Pluie légère,Autre collision,3,3,7,0,1,1,2,4,1,50,,2,1,0,0,1,56.0,,,,5,2,2,2,6
202100054263,2021-01-21 16:10:00,2021,1,21,16,10,92,92004,PONT DE CLICHY,48.9109432484,2.2985563768,Plein jour,En agglomération,Intersection en X,Pluie légère,Deux véhicules - côté,3,2,-1,-1,1,1,2,0,1,-1,,2,1,0,0,1,42.0,40.0,,,1,2,2,2,3
202100054264,2021-01-22 09:10:00,2021,1,22,9,10,35,35245,Le Temple,48.208002,-1.885689,Plein jour,Hors agglomération,Hors intersection,Temps éblouissant,Deux véhicules - arrière,7,2,2,0,2,2,2,0,1,70,,2,1,1,0,0,70.0,32.0,,,1,1,1,7,2
202100054265,2021-01-22 10:24:00,2021,1,22,10,24,22,22305,N 12,48.272111,-2.17025,Plein jour,Hors agglomération,Hors intersection,Normale,Sans collision,2,3,4,0,1,2,1,0,1,110,,1,0,0,0,1,63.0,,,,1,1,1,1,7
202100054266,2021-01-13 09:20:00,2021,1,13,9,20,71,71004,D673,46.8033902713,4.9404407903,Plein jour,Hors agglomération,Intersection en X,Pluie légère,Trois véhicules et plus - collisions multiples,3,2,2,0,1,1,2,0,1,80,,3,2,0,1,0,34.0,38.0,,,1,1,2,2,5
202100054267,2021-01-20 18:00:00,2021,1,20,18,0,71,71462,route du cavalier,46.829972,5.037146,Nuit sans éclairage public,Hors agglomération,Hors intersection,Normale,Sans collision,4,2,2,0,1,1,2,0,3,80,,1,0,0,1,0,40.0,,,,3,1,1,1,7
202100054268,2021-01-22 06:30:00,2021,1,22,6,30,34,34077,Avenue du Martinet,43.649895,3.883828,Crépuscule ou aube,En agglomération,Hors intersection,Pluie légère,Autre collision,7,3,4,0,2,3,2,0,8,70,,1,0,0,1,0,24.0,,,,2,2,1,2,6
202100054269,2021-01-21 17:00:00,2021,1,21,17,0,51,51507,D982E2,49.083431,4.881706,Nuit sans éclairage public,Hors agglomération,Hors intersection,Pluie forte,Deux véhicules - frontale,3,2,2,0,1,3,2,0,1,80,,3,2,0,0,1,49.0,31.0,,,3,1,1,3,1
202100054270,2021-01-17 16:15:00,2021,1,17,16,15,79,79195,,46.968291,-0.612659,Plein jour,Hors agglomération,Hors intersection,Normale,Autre collision,3,2,2,0,1,2,1,0,3,80,,2,0,0,1,1,49.0,,,,1,1,1,1,6
202100054271,2021-01-22 12:45:00,2021,1,22,12,45,61,61394,D 211,48.283225,0.580789,Plein jour,Hors agglomération,Hors intersection,Normale,Deux véhicules - frontale,3,2,2,0,1,2,2,0,1,80,,2,0,0,0,2,19.0,54.0,,,1,1,1,1,1
202100054272,2021-01-22 08:33:00,2021,1,22,8,33,55,55198,4 Place Clémenceau,49.096808,5.627339,Crépuscule ou aube,En agglomération,Hors intersection,Neige / grêle,Sans collision,3,2,2,0,1,1,2,0,1,50,,3,2,0,0,1,69.0,,,,2,2,1,4,7
202100054273,2021-01-21 12:50:00,2021,1,21,12,50,42,42249,D64,45.858396,4.244049,Plein jour,Hors agglomération,Hors intersection,Temps couvert,Deux véhicules - frontale,3,2,2,0,1,3,2,0,1,80,,3,2,0,1,0,33.0,25.0,,,1,1,1,8,1
202100054274,2021-01-22 17:25:00,2021,1,22,17,25,25,25036,"Lieu-dit ""Le Toupot"" - Route de la Marne",47.19467,5.946479,Crépuscule ou aube,Hors agglomération,Hors intersection,Pluie légère,Sans collision,3,2,2,0,1,2,2,0,8,80,,1,0,1,0,0,35.0,,,,2,1,1,2,7
202100054275,2021-01-20 16:10:00,2021,1,20,16,10,44,44069,D247,47.327079,-2.412808,Plein jour,Hors agglomération,Autre intersection,Normale,Autre collision,3,2,2,0,1,1,1,9,1,50,,2,1,0,0,1,86.0,,,,1,1,9,1,6
202100054276,2021-01-21 19:15:00,2021,1,21,19,15,35,35184,RD 71,48.218963,-2.028368,Nuit sans éclairage public,Hors agglomération,Hors intersection,Pluie légère,Autre collision,3,2,2,0,1,1,2,0,1,80,,1,0,0,1,0,55.0,,,,3,1,1,2,6
202100054277,2021-01-21 18:20:00,2021,1,21,18,20,72,72328,La Fontaine Saint Martin,48.022772,0.230965,Nuit avec éclairage allumé,Hors agglomération,Giratoire,Pluie légère,Deux véhicules - côté,4,2,2,0,1,1,2,5,1,90,,2,1,0,0,1,20.0,52.0,,,5,1,6,2,3
202100054278,2021-01-22 12:05:00,2021,1,22,12,5,50,50345,D 971,49.085789,-1.42005,Plein jour,Hors agglomération,Hors intersection,Temps couvert,Deux véhicules - côté,3,2,2,0,2,1,1,0,1,80,,4,3,0,1,0,49.0,38.0,,,1,1,1,8,3
202100054279,2021-01-21 18:05:00,2021,1,21,18,5,90,90015,Route de Montbéliard,47.590507,6.859503,Nuit sans éclairage public,Hors agglomération,Hors intersection,Normale,Autre collision,3,2,2,0,1,1,1,0,1,80,,2,1,0,1,0,50.0,,,,3,1,1,1,6
202100054280,2021-01-21 19:45:00,2021,1,21,19,45,07,07066,D2 - Pont de la Clève,44.709166,4.682209,Nuit sans éclairage public,Hors agglomération,Hors intersection,Pluie légère,Autre collision,3,2,2,0,1,4,2,0,1,50,,1,0,0,1,0,37.0,,,,3,1,1,2,6
202100054281,2021-01-22 09:37:00,2021,1,22,9,37,40,40119,Route de Bellevue,43.659035,-0.591175,Plein jour,En agglomération,Hors intersection,Pluie forte,Autre collision,3,-1,2,0,2,1,2,0,1,50,,2,1,0,1,0,36.0,,,,1,2,1,3,6
202100054282,2021-01-22 13:15:00,2021,1,22,13,15,13,13113,A51,43.606134,5.497273,Plein jour,Hors agglomération,Hors intersection,Pluie forte,Autre collision,1,3,4,0,1,1,2,0,2,110,,1,0,0,0,1,41.0,,,,1,1,1,3,6
202100054283,2021-01-22 16:55:00,2021,1,22,16,55,973,97309,Route de Rémire,4.889467,-52.275567,Plein jour,En agglomération,Autre intersection,Normale,Deux véhicules - arrière,3,2,2,0,1,1,1,0,1,-1,,2,1,0,0,1,35.0,39.0,,,1,2,9,1,2
202100054284,2021-01-21 18:00:00,2021,1,21,18,0,37,37225,D140,47.360441,0.873467,Crépuscule ou aube,Hors agglomération,Hors intersection,Pluie légère,Deux véhicules - frontale,3,2,3,0,1,1,2,0,1,80,,4,3,1,0,0,48.0,40.0,,,2,1,1,2,1
202100054285,2021-01-18 10:15:00,2021,1,18,10,15,34,34157,A9 - PK 133+900,43.433881,3.56442,Plein jour,Hors agglomération,Hors intersection,Normale,Trois véhicules et plus - collisions multiples,1,4,3,0,1,1,1,0,1,130,,7,6,0,1,0,19.0,51.0,,,1,1,1,1,5
202100054286,2021-01-22 08:15:00,2021,1,22,8,15,35,35301,D61 - SAINT-M'HERVON,48.223022,-2.0541,Crépuscule ou aube,Hors agglomération,Hors intersection,Normale,Sans collision,3,2,2,0,1,1,2,0,3,80,,13,0,0,0,13,70.0,,,,2,1,1,1,7
202100054287,2021-01-21 20:00:00,2021,1,21,20,0,986,98613,village de falaleu,-13.2884323098,-176.1826668978,Nuit sans éclairage public,En agglomération,Hors intersection,Normale,Deux véhicules - frontale,2,2,2,0,1,1,1,0,3,70,,1,0,0,1,0,45.0,,,,3,2,1,1,1
202100054288,2021-01-21 11:20:00,2021,1,21,11,20,971,97119,Chemin de l'Anse Maurice,16.394754,-61.407162,Plein jour,Hors agglomération,Hors intersection,Normale,Deux véhicules - côté,4,2,2,0,1,1,1,0,1,90,,2,1,1,0,0,65.0,61.0,,,1,1,1,1,3
202100054289,2021-01-22 15:30:00,2021,1,22,15,30,78,78443,D912,48.804542,1.867799,Plein jour,Hors agglomération,Intersection en X,Normale,Deux véhicules - côté,3,2,2,0,1,1,1,0,1,70,,2,1,0,0,1,62.0,61.0,,,1,1,2,1,3
202100054290,2021-01-22 08:30:00,2021,1,22,8,30,2B,2B333,D5,42.5937722066,9.3455484509,Plein jour,Hors agglomération,Hors intersection,Normale,Sans collision,3,2,2,0,1,3,1,0,3,80,,1,0,0,0,1,42.0,,,,1,1,1,1,7
202100054291,2021-01-21 09:50:00,2021,1,21,9,50,68,68334,14 Rue Saint Thiebaut,47.811781,7.10167,Plein jour,En agglomération,Hors intersection,Temps couvert,Autre collision,4,2,2,0,1,1,2,0,1,20,,2,1,0,1,0,80.0,,,,1,2,1,8,6
202100054292,2021-01-21 06:25:00,2021,1,21,6,25,68,68298,1 Rue de la Resistance 1940 1945,48.243346,7.177967,Nuit avec éclairage allumé,En agglomération,Hors intersection,Temps couvert,Autre collision,4,2,2,0,1,2,2,0,1,50,,2,1,0,1,0,59.0,,,,5,2,1,8,6
202100054293,2021-01-21 09:00:00,2021,1,21,9,0,38,38344,3 Route de Valence,45.361785,4.80093,Plein jour,En agglomération,Intersection en T,Normale,Autre collision,2,2,2,0,1,1,1,0,6,50,,2,1,0,1,0,76.0,,,,1,2,3,1,6
202100054294,2021-01-22 07:15:00,2021,1,22,7,15,38,38509,Rue Pierre Vincendon,45.56585,5.441191,Nuit avec éclairage allumé,En agglomération,Hors intersection,Normale,Deux véhicules - frontale,3,2,2,0,1,1,2,5,1,50,,2,1,0,1,0,34.0,18.0,,,5,2,1,1,1
202100054295,2021-01-21 08:20:00,2021,1,21,8,20,33,33273,Avenue du Colonel Pierre Bourgoin,44.841844,-0.765532,Crépuscule ou aube,En agglomération,Intersection en T,Temps couvert,Deux véhicules - côté,4,2,2,0,1,1,2,0,1,50,,2,1,0,1,0,36.0,53.0,,,2,2,3,8,3
202100054296,2021-01-18 09:00:00,2021,1,18,9,0,60,60054,RD 35,49.3420317809,2.0426630974,Plein jour,Hors agglomération,Hors intersection,Pluie légère,Deux véhicules - arrière,3,2,2,0,2,2,2,0,1,80,,2,1,0,0,1,40.0,21.0,,,1,1,1,2,2
202100054297,2021-01-22 16:25:00,2021,1,22,16,25,59,59258,d145,50.526919,3.239679,Plein jour,Hors agglomération,Hors intersection,Normale,Deux véhicules - arrière,3,2,2,0,1,3,1,0,1,70,,2,1,0,0,1,22.0,55.0,,,1,1,1,1,2
202100054298,2021-01-22 08:10:00,2021,1,22,8,10,59,59051,Rue du General Leclerc,50.531762,2.807382,Crépuscule ou aube,En agglomération,Hors intersection,Normale,Autre collision,7,2,2,2,1,3,2,0,1,50,,3,1,0,1,1,24.0,,,,2,2,1,1,6
202100054299,2021-01-19 21:20:00,2021,1,19,21,20,13,13202,A55-Sens Marseille vers Martigues,43.3289542547,5.3563060644,Nuit sans éclairage public,Hors agglomération,Hors intersection,Normale,Deux véhicules - frontale,1,1,1,0,4,2,2,0,1,70,,1,0,0,0,1,26.0,,,,3,1,1,1,1
202100054300,2021-01-21 07:30:00,2021,1,21,7,30,91,91549,RN 104,48.62585,2.3418,Nuit avec éclairage allumé,Hors agglomération,Hors intersection,Normale,Autre collision,2,1,1,0,1,1,2,9,1,30,,2,1,0,0,1,52.0,,,,5,1,1,1,6
202100054301,2021-01-20 18:40:00,2021,1,20,18,40,91,91136,AUTOROUTE A126,48.7119480154,2.2901880741,Nuit sans éclairage public,Hors agglomération,Hors intersection,Normale,Trois véhicules et plus - en chaîne,1,3,2,0,1,1,1,0,1,90,,8,3,0,0,5,57.0,50.0,,,3,1,1,1,4
202100054302,2021-01-21 08:30:00,2021,1,21,8,30,93,93051,A4,48.83533521,2.5693477523,Plein jour,Hors agglomération,Hors intersection,Normale,Autre collision,1,3,4,0,1,1,1,0,1,110,,1,0,0,0,1,25.0,,,,1,1,1,1,6
202100054303,2021-01-20 16:00:00,2021,1,20,16,0,93,93051,A4,48.83641,2.54888,Plein jour,Hors agglomération,Hors intersection,Normale,Trois véhicules et plus - en chaîne,1,3,3,0,1,1,1,0,1,110,,4,1,0,0,3,26.0,22.0,,,1,1,1,1,4
202100054304,2021-01-19 12:25:00,2021,1,19,12,25,974,97407,LUXEMBOURG(RUE),-20.93558,55.29458,Plein jour,En agglomération,Intersection en X,Normale,Deux véhicules - côté,4,-1,1,0,1,1,1,0,1,30,,2,1,0,0,1,27.0,79.0,,,1,2,2,1,3
202100054305,2021-01-20 21:35:00,2021,1,20,21,35,973,97302,LIBERTE (AVENUE DE LA),4.93689,-52.32585,Nuit avec éclairage allumé,En agglomération,Giratoire,Pluie légère,Autre collision,3,1,1,0,1,3,2,0,1,50,,2,1,0,0,1,6.0,21.0,,,5,2,6,2,6
202100054306,2021-01-20 17:45:00,2021,1,20,17,45,973,97302,FLAMBOYANTS (RUE DES),4.92494,-52.31706,Plein jour,En agglomération,Intersection en T,Pluie légère,Deux véhicules - côté,4,2,2,0,1,1,2,0,1,50,,2,1,0,0,1,22.0,36.0,,,1,2,3,2,3
202100054307,2021-01-20 09:10:00,2021,1,20,9,10,69,69259,8 MAI 1945 (DU) (AV),45.69233,4.86805,Plein jour,En agglomération,Hors intersection,Normale,Sans collision,4,3,2,0,2,1,1,0,4,50,,1,0,0,0,1,50.0,,,,1,2,1,1,7
202100054308,2021-01-20 00:23:00,2021,1,20,0,23,972,97213,AEROPORT (ROND POINT DE L'),14.5971503768,-60.9980034828,Nuit avec éclairage allumé,Hors agglomération,Giratoire,Pluie légère,Autre collision,1,2,5,0,4,3,2,3,8,70,,1,0,0,0,1,21.0,,,,5,1,6,2,6
202100054309,2021-01-20 10:40:00,2021,1,20,10,40,69,69034,JEAN PETIT (CHM),45.80444491,4.8599674702,Plein jour,En agglomération,Hors intersection,Normale,Autre collision,4,2,2,0,1,1,1,0,1,50,,2,1,0,0,1,32.0,,,,1,2,1,1,6
202100054310,2021-01-20 16:00:00,2021,1,20,16,0,971,97101,PROVIDENCE,16.27905,-61.50993,Plein jour,Hors agglomération,Intersection en T,Normale,Deux véhicules - côté,3,3,2,0,1,1,1,0,1,50,,2,1,0,1,0,29.0,59.0,,,1,1,3,1,3
202100054311,2021-01-20 12:20:00,2021,1,20,12,20,91,91377,AV DE VERRIERES,48.735718,2.27355,Plein jour,En agglomération,Hors intersection,Normale,Autre collision,4,2,2,0,4,1,1,0,1,50,,3,0,0,1,2,54.0,,,,1,2,1,1,6
202100054312,2021-01-20 13:20:00,2021,1,20,13,20,91,91027,AV DE MORANGIS,48.7057,2.36636,Plein jour,En agglomération,Hors intersection,Normale,Autre collision,4,2,2,0,1,1,1,0,1,50,,2,1,0,0,1,36.0,,,,1,2,1,1,6
202100054313,2021-01-20 12:30:00,2021,1,20,12,30,91,91687,MARGOT (RUE),48.67032,2.37065,Plein jour,En agglomération,Hors intersection,Normale,Autre collision,4,2,2,0,2,3,1,0,1,30,,2,1,0,0,1,,,,,1,2,1,1,6
202100054314,2021-01-19 10:50:00,2021,1,19,10,50,90,90010,AMSTERDAM (RUE D'),47.633,6.866,Plein jour,En agglomération,Hors intersection,Normale,Sans collision,4,-1,2,0,1,1,7,0,1,50,,2,1,0,0,1,,,,,1,2,1,1,7
202100054315,2021-01-20 06:27:00,2021,1,20,6,27,87,87085,TUILIERES (RUE DES),45.84849,1.24929,Nuit avec éclairage allumé,En agglomération,Intersection en X,Normale,Deux véhicules - côté,4,2,2,0,1,1,1,5,1,50,,3,2,0,1,0,55.0,19.0,,,5,2,2,1,3
202100054316,2021-01-20 08:30:00,2021,1,20,8,30,83,83137,ESTIENNE D'ORVES (AVE),43.12666,5.91299,Crépuscule ou aube,En agglomération,Hors intersection,Temps couvert,Autre collision,7,1,1,1,2,3,2,9,6,50,,2,0,0,0,2,39.0,53.0,,,2,2,1,8,6
202100054317,2021-01-20 06:45:00,2021,1,20,6,45,77,77350,CD NUMERO 471,48.7557,2.70499,Nuit sans éclairage public,Hors agglomération,Intersection en T,Normale,Deux véhicules - côté,3,2,2,0,1,1,1,2,1,50,,2,1,0,1,0,31.0,37.0,,,3,1,3,1,3
202100054318,2021-01-19 18:20:00,2021,1,19,18,20,71,71306,MOULINS (QUAI DE),46.663617453,4.3500481546,Nuit avec éclairage allumé,En agglomération,Hors intersection,Normale,Deux véhicules - arrière,4,2,3,0,1,1,1,0,1,50,,2,1,0,0,1,41.0,69.0,,,5,2,1,1,2
202100054319,2021-01-20 17:30:00,2021,1,20,17,30,69,69264,MEUNIER-VIAL FRANCOIS  (R),45.99495,4.73408,Crépuscule ou aube,En agglomération,Intersection en T,Normale,Deux véhicules - côté,4,2,4,1,1,1,1,5,1,50,,4,3,0,0,1,49.0,73.0,,,2,2,3,1,3
202100054320,2021-01-14 07:13:00,2021,1,14,7,13,63,63063,BLANZAT (RUE DE),45.83127,3.08666,Nuit avec éclairage allumé,En agglomération,Giratoire,Normale,Deux véhicules - côté,7,-1,2,0,1,1,1,0,1,50,,2,1,0,0,1,47.0,20.0,,,5,2,6,1,3
202100054321,2021-01-13 16:35:00,2021,1,13,16,35,63,63164,CHARLES DE GAULLE (BD),45.8157,3.15087,Crépuscule ou aube,En agglomération,Intersection en T,Normale,Deux véhicules - côté,7,2,2,0,1,1,1,0,1,50,,4,2,0,0,2,30.0,22.0,,,2,2,3,1,3
202100054322,2021-01-19 16:48:00,2021,1,19,16,48,63,63113,BONNABAUD (RUE),45.77362,3.08007,Crépuscule ou aube,En agglomération,Intersection en X,Normale,Autre collision,4,1,2,0,1,1,1,0,1,50,,2,1,0,0,1,24.0,,,,2,2,2,1,6
202100054323,2021-01-20 16:25:00,2021,1,20,16,25,62,62108,CD940,50.426972,1.602684,Plein jour,Hors agglomération,Hors intersection,Normale,Deux véhicules - frontale,3,2,2,0,1,4,1,0,1,70,,3,1,0,2,0,74.0,74.0,,,1,1,1,1,1
202100054324,2021-01-20 12:30:00,2021,1,20,12,30,59,59421,IRIS (ALLEE DES),50.707947,3.129752,Plein jour,En agglomération,Intersection en T,Normale,Deux véhicules - côté,4,2,2,0,1,1,1,0,1,50,,2,1,0,1,0,52.0,24.0,,,1,2,3,1,3
202100054325,2021-01-18 07:45:00,2021,1,18,7,45,58,58194,PETIT MOUESSE,46.9891,3.1706,Nuit avec éclairage allumé,En agglomération,Hors intersection,Normale,Deux véhicules - côté,4,2,2,0,1,1,2,0,1,50,,2,0,0,0,2,18.0,,,,5,2,1,1,3
202100054326,2021-01-19 20:15:00,2021,1,19,20,15,56,56121,LEGION D'HONNEUR (PLACE DE LA) ,47.75179,-3.36514,Nuit avec éclairage allumé,En agglomération,Giratoire,Pluie forte,Deux véhicules - côté,4,1,1,2,1,1,2,5,5,30,,2,1,0,0,1,38.0,38.0,,,5,2,6,3,3
202100054327,2021-01-19 17:15:00,2021,1,19,17,15,56,56121,Pénétrante de Lorient D 465,47.76194,-3.38185,Plein jour,Hors agglomération,Hors intersection,Temps couvert,Trois véhicules et plus - en chaîne,3,3,4,0,1,1,1,0,1,70,,4,2,0,0,2,39.0,39.0,,,1,1,1,8,4
202100054328,2021-01-20 13:05:00,2021,1,20,13,5,54,54273,GOUNOD (RUE CHARLES),49.15237,5.88261,Plein jour,En agglomération,Hors intersection,Normale,Autre collision,4,2,2,0,1,1,1,0,1,50,,2,0,0,0,2,16.0,,,,1,2,1,1,6
202100054329,2021-01-07 17:45:00,2021,1,7,17,45,52,52448,BAR LE DUC (ROUTE DE),48.64907,4.9589,Nuit avec éclairage allumé,En agglomération,Autre intersection,Temps couvert,Autre collision,3,3,2,0,1,1,1,9,1,50,,2,1,0,0,1,81.0,,,,5,2,9,8,6
202100054330,2021-01-15 17:00:00,2021,1,15,17,0,50,50129,THIVET (AVENUE),49.63501,-1.65456,Plein jour,En agglomération,Hors intersection,Normale,Deux véhicules - arrière,4,2,2,0,2,3,1,0,1,50,,2,1,0,0,1,24.0,24.0,,,1,2,1,1,2
202100054331,2021-01-07 19:10:00,2021,1,7,19,10,42,42207,Rue Marc Seguin,45.47313,4.51718,Nuit avec éclairage allumé,En agglomération,Hors intersection,Normale,Autre collision,4,1,2,0,1,2,2,0,1,50,,2,1,0,1,0,63.0,,,,5,2,1,1,6
202100054332,2021-01-18 10:45:00,2021,1,18,10,45,40,40281,SAINT-SEVER (AV DE),43.87366,-0.50794,Plein jour,En agglomération,Intersection en T,Normale,Deux véhicules - côté,3,2,3,0,1,1,1,5,1,50,,2,0,0,0,2,25.0,54.0,,,1,2,3,1,3
202100054333,2021-01-18 16:15:00,2021,1,18,16,15,39,39150,,47.06703,5.4555,Plein jour,En agglomération,Intersection en T,Normale,Deux véhicules - côté,4,2,2,0,1,1,1,0,1,50,,4,1,0,0,3,23.0,48.0,,,1,2,3,1,3
202100054334,2021-01-20 19:20:00,2021,1,20,19,20,38,38516,Avenue de Verdun,45.19242,5.74634,Nuit sans éclairage public,En agglomération,Autre intersection,Normale,Deux véhicules - côté,7,2,8,3,1,1,1,0,1,70,,5,2,0,3,0,62.0,32.0,,,3,2,9,1,3
202100054335,2021-01-20 11:40:00,2021,1,20,11,40,35,35055,OLIVET (RUE DE L'),48.08264,-1.61629,Plein jour,En agglomération,Autre intersection,Normale,Deux véhicules - arrière,4,2,2,0,1,3,1,0,1,50,,2,0,0,0,2,76.0,25.0,,,1,2,9,1,2
202100054336,2021-01-14 11:50:00,2021,1,14,11,50,34,34032,HEROLD (RUE FERDINAND),43.34039,3.22325,Plein jour,En agglomération,Hors intersection,Normale,Autre collision,4,1,1,0,2,1,1,0,1,50,,2,1,0,1,0,37.0,,,,1,2,1,1,6
202100054337,2021-01-20 22:40:00,2021,1,20,22,40,33,33063,Boulevard Antoine Gautier,44.8332847344,-0.5985311683,Nuit avec éclairage allumé,En agglomération,Intersection en X,Normale,Deux véhicules - côté,4,2,6,0,1,1,1,5,1,50,,2,1,0,1,0,51.0,20.0,,,5,2,2,1,3
202100054338,2021-01-19 15:40:00,2021,1,19,15,40,31,31555,213 Route d’Albi,43.64284,1.46756,Plein jour,En agglomération,Hors intersection,Normale,Autre collision,7,3,4,0,1,1,1,0,1,50,,2,1,1,0,0,42.0,64.0,,,1,2,1,1,6
202100054339,2021-01-18 13:04:00,2021,1,18,13,4,21,21231,CARNOT (BOULEVARD),47.31855,5.04721,Plein jour,En agglomération,Intersection en X,Pluie légère,Deux véhicules - côté,4,2,3,0,1,1,2,0,1,50,,2,1,0,1,0,52.0,21.0,,,1,2,2,2,3
202100054340,2021-01-20 12:25:00,2021,1,20,12,25,13,13043,JAN PALACH (AV ),43.3881,5.23033,Plein jour,En agglomération,Hors intersection,Normale,Deux véhicules - côté,7,2,4,0,1,1,1,0,1,50,,2,1,0,1,0,69.0,,,,1,2,1,1,3
202100054341,2021-01-20 13:00:00,2021,1,20,13,0,13,13208,MICHELET (BOULEVARD),43.262814,5.396785,Plein jour,En agglomération,Hors intersection,Normale,Deux véhicules - côté,7,3,6,0,1,1,1,0,1,50,,2,1,0,0,1,49.0,46.0,,,1,2,1,1,3