accident_id,datetime,annee,mois,jour,heure,minute,departement,commune_insee,adresse,latitude,longitude,luminosite,agglomeration,intersection,meteo,collision,catr,circ,nbv,vosp,prof,plan,surf,infra,situ,vma,nb_vehicules,nb_usagers,nb_indemnes,nb_tues,nb_blesses_hosp,nb_blesses_legers,age_cond_1,age_cond_2,veh_type_cond_1,veh_type_cond_2,lum_code,agg_code,int_code,atm_code,col_code
202100054342,2021-01-19 11:25:00,2021,1,19,11,25,13,13215,VISTE (AVENUE DE LA),43.355,5.3572,Plein jour,En agglomération,Hors intersection,Normale,Autre collision,4,2,2,0,2,1,1,0,1,50,,2,1,0,0,1,,,,,1,2,1,1,6
202100054343,2021-01-19 09:42:00,2021,1,19,9,42,12,12089,RAMADIER PAUL (AVENUE),44.55434,2.26033,Plein jour,En agglomération,Hors intersection,Autre,Sans collision,4,2,2,0,2,2,7,0,1,50,,1,0,0,0,1,20.0,,,,1,2,1,9,7
202100054344,2021-01-19 14:19:00,2021,1,19,14,19,10,10325,CHENE (RUE),48.2594,4.06159,Plein jour,En agglomération,Autre intersection,Normale,Deux véhicules - frontale,4,2,2,0,1,1,1,9,1,50,,2,1,0,0,1,76.0,60.0,,,1,2,9,1,1
202100054345,2021-01-20 17:00:00,2021,1,20,17,0,06,06088,RD 6202,43.725533,7.185647,Crépuscule ou aube,En agglomération,Hors intersection,Pluie légère,Trois véhicules et plus - en chaîne,7,3,4,0,1,1,2,9,1,110,,3,1,0,0,2,39.0,28.0,,,2,2,1,2,4
202100054346,2021-01-19 19:20:00,2021,1,19,19,20,06,06123,SAUVAIGO PIERRE AVENUE,43.665564,7.18669,Nuit avec éclairage allumé,En agglomération,Intersection en T,Normale,Deux véhicules - côté,7,2,2,0,1,1,1,5,1,50,,2,1,0,0,1,22.0,47.0,,,5,2,3,1,3
202100054347,2021-01-19 18:15:00,2021,1,19,18,15,05,05061,JEAN JAURES ( AVENUE ),44.55043,6.06917,Nuit avec éclairage non allumé,En agglomération,Hors intersection,Normale,Trois véhicules et plus - en chaîne,2,2,2,0,1,1,1,0,1,50,,3,2,0,0,1,,45.0,,,4,2,1,1,4
202100054348,2021-01-20 17:45:00,2021,1,20,17,45,75,75117,BOULEVARD PERIPHERIQUE,48.8827,2.283359,Nuit avec éclairage allumé,En agglomération,Hors intersection,Normale,Deux véhicules - côté,4,1,4,0,1,1,1,0,1,70,,2,1,0,0,1,60.0,54.0,,,5,2,1,1,3
202100054349,2021-01-20 14:00:00,2021,1,20,14,0,75,75112,BOULEVARD PERIPHERIQUE,48.826782,2.390342,Plein jour,En agglomération,Intersection en Y,Normale,Deux véhicules - côté,4,1,5,0,1,1,1,0,1,70,,2,1,0,0,1,21.0,70.0,,,1,2,4,1,3
202100054350,2021-01-20 09:30:00,2021,1,20,9,30,75,75116,BOULEVARD PERIPHERIQUE,48.8432330835,2.2543181078,Plein jour,En agglomération,Hors intersection,Normale,Trois véhicules et plus - en chaîne,4,1,4,0,1,1,1,1,1,70,,4,3,0,0,1,76.0,51.0,,,1,2,1,1,4
202100054351,2021-01-20 08:15:00,2021,1,20,8,15,75,75116,ECHANGEUR MAILLOT,48.877813,2.279685,Plein jour,En agglomération,Intersection en Y,Normale,Deux véhicules - côté,4,1,2,0,2,3,1,1,1,50,,2,1,0,0,1,46.0,,,,1,2,4,1,3
202100054352,2021-01-19 21:20:00,2021,1,19,21,20,75,75112,PORTE DE CHARENTON,48.833099,2.407166,Nuit avec éclairage allumé,En agglomération,Hors intersection,Normale,Deux véhicules - arrière,4,1,4,0,1,1,1,0,1,70,,5,3,0,1,1,24.0,22.0,,,5,2,1,1,2
202100054353,2021-01-19 18:35:00,2021,1,19,18,35,75,75119,PORTE D AUBERVILLIERS,48.900495,2.373846,Nuit avec éclairage allumé,En agglomération,Hors intersection,Normale,Deux véhicules - arrière,4,1,4,0,1,1,1,0,1,70,,2,1,0,0,1,19.0,48.0,,,5,2,1,1,2
202100054354,2021-01-17 13:10:00,2021,1,17,13,10,75,75118,PORTE DE LA CHAPELLE,48.900366,2.359104,Plein jour,En agglomération,Hors intersection,Normale,Autre collision,4,1,2,0,1,1,2,0,1,70,,1,0,0,0,1,46.0,,,,1,2,1,1,6
202100054355,2021-01-19 14:44:00,2021,1,19,14,44,75,75118,AVENUE DE LA PORTE DE CLIGNANCOURT,48.898073,2.344267,Plein jour,En agglomération,Intersection en X,Temps couvert,Deux véhicules - côté,4,3,4,1,1,1,2,0,1,50,,2,1,0,0,1,29.0,59.0,,,1,2,2,8,3
202100054356,2021-01-20 14:50:00,2021,1,20,14,50,75,75115,RUE DE LA CONVENTION,48.836641254,2.2984682141,Plein jour,En agglomération,Hors intersection,Normale,Autre collision,4,2,2,0,1,1,1,0,1,50,,2,0,0,0,2,35.0,,,,1,2,1,1,6
202100054357,2021-01-20 09:30:00,2021,1,20,9,30,75,75115,RUE DE LA CROIX NIVERT,48.841182,2.291837,Plein jour,En agglomération,Intersection en T,Normale,Sans collision,4,2,2,0,1,1,1,0,1,50,,1,0,0,0,1,51.0,,,,1,2,3,1,7
202100054358,2021-01-18 21:00:00,2021,1,18,21,0,75,75115,RUE DE JAVEL,48.844758,2.283908,Nuit avec éclairage allumé,En agglomération,Intersection en X,Normale,Deux véhicules - côté,4,1,1,0,1,1,1,0,1,50,,2,1,0,0,1,21.0,23.0,,,5,2,2,1,3
202100054359,2021-01-20 16:50:00,2021,1,20,16,50,75,75114,RUE DE LA LEGION ETRANGERE,48.820942,2.324439,Plein jour,En agglomération,Hors intersection,Normale,Deux véhicules - côté,4,2,4,0,1,1,1,0,1,50,,2,1,0,0,1,24.0,40.0,,,1,2,1,1,3
202100054360,2021-01-20 11:00:00,2021,1,20,11,0,75,75107,QUAI BRANLY,48.859098,2.293246,Plein jour,En agglomération,Intersection en T,Normale,Deux véhicules - arrière,4,2,4,0,1,1,1,0,1,50,,2,1,0,0,1,71.0,37.0,,,1,2,3,1,2
202100054361,2021-01-20 08:15:00,2021,1,20,8,15,75,75104,QUAI DES CELESTINS,48.852472,2.360209,Crépuscule ou aube,En agglomération,Hors intersection,Normale,Autre collision,4,2,4,1,1,1,1,-1,5,50,,1,0,0,0,1,13.0,,,,2,2,1,1,6
202100054362,2021-01-19 13:00:00,2021,1,19,13,0,94,94081,ANSELME RONDENAY (R),48.77926,2.39897,Plein jour,En agglomération,Hors intersection,Pluie légère,Autre collision,4,2,2,0,1,1,2,0,4,50,,1,0,0,0,1,22.0,,,,1,2,1,2,6
202100054363,2021-01-19 11:10:00,2021,1,19,11,10,94,94068,CORNEILLES (BD DES),48.785,2.492,Plein jour,En agglomération,Intersection en X,Pluie légère,Deux véhicules - côté,4,2,2,0,1,1,2,5,1,50,,3,1,0,0,2,20.0,50.0,,,1,2,2,2,3
202100054364,2021-01-20 07:00:00,2021,1,20,7,0,94,94011,GILLET(RUE ALFRED),48.77598,2.49009,Nuit avec éclairage allumé,En agglomération,Hors intersection,Normale,Deux véhicules - côté,4,2,3,0,1,1,1,0,1,50,,3,2,0,1,0,42.0,36.0,,,5,2,1,1,3
202100054365,2021-01-20 02:00:00,2021,1,20,2,0,94,94028,Rue de Mesly,48.78,2.46,Nuit avec éclairage allumé,En agglomération,Intersection en T,Normale,Autre collision,4,2,2,0,1,1,1,0,8,50,,2,1,0,0,1,,,,,5,2,3,1,6
202100054366,2021-01-19 20:50:00,2021,1,19,20,50,94,94079,FRIEDBERG (BD DE),48.8359,2.5469,Nuit avec éclairage allumé,En agglomération,Hors intersection,Normale,Deux véhicules - arrière,3,1,1,0,2,1,1,0,1,70,,2,1,0,0,1,61.0,41.0,,,5,2,1,1,2
202100054367,2021-01-20 16:15:00,2021,1,20,16,15,93,93072,LOUIS BORDES (RUE),48.9558,2.38319,Plein jour,En agglomération,Hors intersection,Normale,Autre collision,4,2,2,0,1,1,1,0,1,50,,2,1,0,0,1,30.0,,,,1,2,1,1,6
202100054368,2021-01-20 07:00:00,2021,1,20,7,0,93,93066,LENINE (AVENUE) NR 28 A 62 ET 13 A 41,48.9449416885,2.35953919,Nuit avec éclairage allumé,En agglomération,Intersection en T,Autre,Deux véhicules - arrière,3,2,4,0,1,1,2,0,1,50,,2,1,0,0,1,34.0,29.0,,,5,2,3,9,2
202100054369,2021-01-20 16:27:00,2021,1,20,16,27,93,93055,JEAN LOLIVE (AVENUE)(137/FIN ET 134/FIN),48.8944,2.42004,Plein jour,En agglomération,Hors intersection,Normale,Deux véhicules - côté,3,2,4,1,1,1,1,0,1,50,,2,1,0,0,1,42.0,33.0,,,1,2,1,1,3
202100054370,2021-01-20 14:30:00,2021,1,20,14,30,93,93048,COLMET LEPINAY (RUE),48.85496,2.44294,Plein jour,En agglomération,Intersection en X,Normale,Deux véhicules - côté,4,1,1,0,1,1,1,0,1,30,,3,2,0,0,1,46.0,45.0,,,1,2,2,1,3
202100054371,2021-01-19 10:00:00,2021,1,19,10,0,93,93048,PARMENTIER (RUE),48.85931,2.43168,Plein jour,En agglomération,Intersection en X,Pluie légère,Deux véhicules - côté,4,1,1,0,1,1,2,5,1,50,,2,1,0,0,1,35.0,44.0,,,1,2,2,2,3
202100054372,2021-01-20 17:00:00,2021,1,20,17,0,93,93027,PASTEUR (BOULEVARD) DE 40 A +,48.92313,2.38414,Plein jour,En agglomération,Hors intersection,Normale,Deux véhicules - arrière,3,2,2,0,1,3,1,5,1,50,,2,1,0,0,1,36.0,37.0,,,1,2,1,1,2
202100054373,2021-01-20 13:10:00,2021,1,20,13,10,93,93027,BARBUSSE (AVENUE HENRI),48.93202,2.39151,Plein jour,En agglomération,Hors intersection,Normale,Autre collision,3,1,1,1,1,1,1,0,1,50,,2,1,0,0,1,66.0,,,,1,2,1,1,6
202100054374,2021-01-20 07:55:00,2021,1,20,7,55,93,93014,MAURICE AUDIN (ALLEE),48.90822,2.53608,Crépuscule ou aube,En agglomération,Hors intersection,Normale,Autre collision,4,1,1,2,1,1,1,0,4,50,,1,0,1,0,0,61.0,,,,2,2,1,1,6
202100054375,2021-01-20 15:45:00,2021,1,20,15,45,93,93005,IRENE ET FREDERIC JOLIOT CURIE (AVENUE),48.9298513597,2.5095841532,Plein jour,En agglomération,Hors intersection,Normale,Autre collision,4,-1,2,0,1,1,1,0,4,50,,1,0,0,0,1,61.0,,,,1,2,1,1,6
202100054376,2021-01-20 17:30:00,2021,1,20,17,30,93,93001,ANATOLE FRANCE (BLD) PAIR,48.91597377,2.3815370908,Nuit avec éclairage allumé,En agglomération,Hors intersection,Pluie légère,Autre collision,3,2,2,0,1,1,2,0,1,50,,2,1,0,0,1,63.0,26.0,,,5,2,1,2,6
202100054377,2021-01-19 18:00:00,2021,1,19,18,0,92,92063,BOURGUIGNON (RUE JEAN) SUD,48.86694,2.18062,Crépuscule ou aube,En agglomération,Intersection en T,Normale,Autre collision,4,2,2,0,2,1,1,5,1,50,,2,1,0,0,1,45.0,,,,2,2,3,1,6
202100054378,2021-01-20 18:40:00,2021,1,20,18,40,92,92044,VIC. HUGO(RUE)091A113 ET 112A146,48.89793,2.29464,Nuit avec éclairage allumé,En agglomération,Hors intersection,Normale,Trois véhicules et plus - en chaîne,3,2,2,3,1,1,2,0,1,50,,5,4,0,0,1,52.0,32.0,,,5,2,1,1,4
202100054379,2021-01-20 08:30:00,2021,1,20,8,30,92,92024,MARTRE DE (4 A 54),48.89953,2.30926,Plein jour,En agglomération,Intersection en T,Normale,Deux véhicules - côté,3,1,3,1,1,1,1,0,5,50,,2,1,0,0,1,79.0,43.0,,,1,2,3,1,3
202100054380,2021-01-20 12:00:00,2021,1,20,12,0,49,49244,Chemin de l'Epinay (st Laurent-de-la-plaine),47.307521,-0.780968,Plein jour,Hors agglomération,Intersection en T,Normale,Sans collision,4,2,2,0,1,1,1,0,1,80,,1,0,0,1,0,18.0,,,,1,1,3,1,7
202100054381,2021-01-20 14:10:00,2021,1,20,14,10,974,97422,170 Rue Georges Pompidou,-21.254144,55.522562,Plein jour,En agglomération,Place,Pluie forte,Deux véhicules - côté,2,2,2,0,2,1,2,0,1,50,,2,1,0,0,1,43.0,17.0,,,1,2,7,3,3
202100054382,2021-01-21 20:30:00,2021,1,21,20,30,974,97405,Rue Augustin Mézino,-21.363901,55.539805,Nuit sans éclairage public,Hors agglomération,Hors intersection,Normale,Autre collision,2,2,-1,0,1,1,1,9,1,90,,2,1,1,0,0,44.0,,,,3,1,1,1,6
202100054383,2021-01-21 18:10:00,2021,1,21,18,10,41,41161,A71 PK 143+150 sens 1,47.553505,2.008953,Nuit sans éclairage public,Hors agglomération,Hors intersection,Pluie forte,Autre collision,1,3,4,0,1,1,2,0,1,110,,3,2,0,0,1,32.0,,,,3,1,1,3,6
202100054384,2021-01-20 17:15:00,2021,1,20,17,15,86,86006,Lieu Dit Tournac,46.546423,0.872403,Crépuscule ou aube,Hors agglomération,Hors intersection,Normale,Sans collision,3,2,2,0,2,2,1,0,3,80,,1,0,0,0,1,56.0,,,,2,1,1,1,7
202100054385,2021-01-21 10:00:00,2021,1,21,10,0,65,65426,D14,43.21798,0.222602,Plein jour,En agglomération,Intersection en X,Normale,Deux véhicules - côté,3,2,2,0,1,1,1,5,1,80,,4,0,0,4,0,45.0,81.0,,,1,2,2,1,3
202100054386,2021-01-20 19:35:00,2021,1,20,19,35,77,77385,D204,48.838537,3.236611,Nuit sans éclairage public,Hors agglomération,Hors intersection,Pluie légère,Autre collision,3,2,2,0,1,1,2,0,1,80,,2,1,0,1,0,53.0,,,,3,1,1,2,6
202100054387,2021-01-20 17:05:00,2021,1,20,17,5,32,32242,Avenue Jules Duffort,43.434999,0.579346,Plein jour,En agglomération,Hors intersection,Normale,Deux véhicules - frontale,3,2,2,0,1,1,1,0,1,50,,3,2,0,0,1,15.0,40.0,,,1,2,1,1,1
202100054388,2021-01-21 17:42:00,2021,1,21,17,42,03,03025,Route de Moulins,46.4541747671,3.3672532439,Nuit avec éclairage allumé,Hors agglomération,Hors intersection,Pluie légère,Deux véhicules - côté,2,2,2,0,1,1,2,0,1,70,,2,1,0,1,0,61.0,39.0,,,5,1,1,2,3
202100054389,2021-01-20 16:05:00,2021,1,20,16,5,60,60508,Rue de l'Haillerie,49.301729,2.64196,Plein jour,En agglomération,Intersection en X,Normale,Autre collision,4,2,2,0,1,1,1,0,3,50,,2,1,0,0,1,30.0,,,,1,2,2,1,6
202100054390,2021-01-21 14:40:00,2021,1,21,14,40,53,53127,Rond point des amériques,48.432479,-0.492271,Plein jour,Hors agglomération,Giratoire,Pluie forte,Sans collision,3,2,2,0,4,1,2,5,8,80,,1,0,0,1,0,66.0,,,,1,1,6,3,7
202100054391,2021-01-20 16:30:00,2021,1,20,16,30,52,52306,D674,48.262756,5.386219,Plein jour,Hors agglomération,Intersection en T,Normale,Deux véhicules - frontale,3,2,2,0,1,1,1,0,1,90,,4,1,0,0,3,86.0,32.0,,,1,1,3,1,1
202100054392,2021-01-20 11:00:00,2021,1,20,11,0,987,98734,PK 29.800 COTE MONTAGNE - RT1,-17.74933,-149.557743,Plein jour,En agglomération,Hors intersection,Normale,Deux véhicules - frontale,2,2,2,0,1,1,1,0,8,60,,2,0,1,1,0,58.0,,,,1,2,1,1,1
202100054393,2021-01-18 21:40:00,2021,1,18,21,40,06,06152,Route du Parc,43.613312,7.045176,Nuit sans éclairage public,Hors agglomération,Hors intersection,Normale,Autre collision,3,1,4,1,1,1,1,0,1,90,,2,1,0,0,1,55.0,,,,3,1,1,1,6
202100054394,2021-01-18 17:26:00,2021,1,18,17,26,06,06088,A8 PK 200.000 SUD,43.733044,7.285309,Nuit sans éclairage public,Hors agglomération,Hors intersection,Pluie légère,Trois véhicules et plus - en chaîne,1,3,3,0,2,2,2,3,1,50,,5,4,0,0,1,45.0,46.0,,,3,1,1,2,4
202100054395,2021-01-21 13:28:00,2021,1,21,13,28,69,69072,PLATEAU (DU) (CHM),45.800676,4.768063,Plein jour,En agglomération,Intersection en T,Normale,Deux véhicules - côté,4,2,2,0,1,1,1,0,1,50,,2,1,0,0,1,32.0,36.0,,,1,2,3,1,3
202100054396,2021-01-20 16:17:00,2021,1,20,16,17,971,97114,N1,16.148071,-61.583573,Plein jour,Hors agglomération,Hors intersection,Normale,Deux véhicules - côté,2,2,3,0,1,1,1,0,1,80,,2,1,1,0,0,65.0,36.0,,,1,1,1,1,3
202100054397,2021-01-18 09:00:00,2021,1,18,9,0,13,13041,D46a,43.452763,5.493336,Plein jour,Hors agglomération,Hors intersection,Normale,Deux véhicules - côté,7,2,2,0,2,2,1,0,1,70,,2,1,0,0,1,66.0,24.0,,,1,1,1,1,3
202100054398,2021-01-08 13:10:00,2021,1,8,13,10,67,67028,D5,48.372081,7.592787,Plein jour,En agglomération,Giratoire,Normale,Deux véhicules - côté,3,2,2,0,1,2,1,0,1,50,,2,1,0,0,1,58.0,36.0,,,1,2,6,1,3
202100054399,2021-01-21 07:59:00,2021,1,21,7,59,38,38276,Route Nationale 85,45.56426,5.3035,Plein jour,Hors agglomération,Hors intersection,Normale,Autre collision,3,2,2,0,1,1,1,0,1,70,,2,1,0,0,1,62.0,,,,1,1,1,1,6
202100054400,2021-01-20 12:30:00,2021,1,20,12,30,09,09188,RN 20,42.884765,1.623734,Plein jour,Hors agglomération,Hors intersection,Normale,Autre collision,2,3,2,0,1,2,1,0,1,110,,1,0,0,1,0,69.0,,,,1,1,1,1,6
202100054401,2021-01-21 09:45:00,2021,1,21,9,45,59,59466,Rue Nationale,50.52077,3.114195,Plein jour,En agglomération,Intersection en T,Normale,Autre collision,3,-1,2,0,1,1,1,0,1,30,,2,1,1,0,0,69.0,,,,1,2,3,1,6
202100054402,2021-01-18 18:10:00,2021,1,18,18,10,54,54328,Autoroute A 33,48.62986,6.17957,Crépuscule ou aube,Hors agglomération,Hors intersection,Normale,Deux véhicules - frontale,1,3,5,3,2,1,1,-1,1,110,,2,1,0,0,1,50.0,65.0,,,2,1,1,1,1
202100054403,2021-01-20 09:00:00,2021,1,20,9,0,91,91589,AUTOROUTE A6,48.67364,2.343,Plein jour,Hors agglomération,Hors intersection,Normale,Deux véhicules - arrière,1,3,6,0,3,1,1,0,1,110,,2,0,0,0,2,41.0,46.0,,,1,1,1,1,2
202100054404,2021-01-20 09:35:00,2021,1,20,9,35,92,92048,N118,48.7972746289,2.2170122155,Plein jour,Hors agglomération,Hors intersection,Normale,Deux véhicules - arrière,2,3,5,0,1,1,1,0,1,90,,3,1,0,0,2,50.0,26.0,,,1,1,1,1,2
202100054405,2021-01-20 07:45:00,2021,1,20,7,45,92,92036,A86,48.9351292754,2.2839515454,Crépuscule ou aube,Hors agglomération,Hors intersection,Normale,Trois véhicules et plus - en chaîne,1,3,6,0,1,1,1,0,1,90,,4,0,0,0,4,51.0,24.0,,,2,1,1,1,4
202100054406,2021-01-20 18:25:00,2021,1,20,18,25,95,95424, A15,48.99073,2.19378,Nuit sans éclairage public,Hors agglomération,Hors intersection,Normale,Trois véhicules et plus - collisions multiples,1,3,8,0,1,1,1,0,1,110,,5,3,0,0,2,41.0,31.0,,,3,1,1,1,5
202100054407,2021-01-20 16:00:00,2021,1,20,16,0,93,93006,AUTOROUTE A3,48.8669,2.4253,Plein jour,Hors agglomération,Hors intersection,Normale,Deux véhicules - arrière,1,3,8,0,1,1,1,0,1,70,,2,1,0,0,1,63.0,34.0,,,1,1,1,1,2
202100054408,2021-01-20 18:00:00,2021,1,20,18,0,77,77122,RN104,48.66244,2.61362,Crépuscule ou aube,Hors agglomération,Hors intersection,Normale,Deux véhicules - arrière,2,-1,6,0,1,1,2,0,1,90,,2,1,0,0,1,52.0,24.0,,,2,1,1,1,2
202100054409,2021-01-20 14:30:00,2021,1,20,14,30,77,77363,A104,48.9299,2.6281,Plein jour,Hors agglomération,Hors intersection,Normale,Trois véhicules et plus - en chaîne,1,3,4,0,3,1,1,0,1,90,,4,1,0,0,3,55.0,54.0,,,1,1,1,1,4
202100054410,2021-01-20 08:40:00,2021,1,20,8,40,988,98818,ROUTE EXPRESS DU MONT DORE,-22.23518,166.48704,Plein jour,En agglomération,Intersection en Y,Pluie légère,Deux véhicules - arrière,1,2,2,0,2,3,2,3,1,50,,3,1,0,0,2,33.0,26.0,,,1,2,4,2,2
202100054411,2021-01-19 16:40:00,2021,1,19,16,40,973,97302,ROUTE NATIONALE 3,4.90537,-52.32009,Plein jour,En agglomération,Hors intersection,Normale,Deux véhicules - arrière,2,1,1,0,1,3,1,0,6,50,,2,1,0,0,1,29.0,55.0,,,1,2,1,1,2
202100054412,2021-01-19 20:32:00,2021,1,19,20,32,69,69259,FRERES LOUIS ET EMILE BERTRAND (DES) (R),45.7182081706,4.8712791781,Nuit avec éclairage allumé,En agglomération,Hors intersection,Normale,Autre collision,4,2,2,0,1,2,1,0,1,50,,2,0,0,2,0,22.0,,,,5,2,1,1,6
202100054413,2021-01-19 08:45:00,2021,1,19,8,45,69,69259,VIENNE (DE) (RTE),45.72908,4.85383,Plein jour,En agglomération,Intersection en X,Normale,Deux véhicules - côté,4,1,2,3,1,1,1,0,1,50,,2,1,0,0,1,25.0,42.0,,,1,2,2,1,3
202100054414,2021-01-19 04:30:00,2021,1,19,4,30,69,69388,ALBERT THOMAS (CR),45.7469440112,4.867117703,Nuit avec éclairage allumé,En agglomération,Intersection en X,Temps couvert,Deux véhicules - côté,4,1,2,3,1,1,2,0,1,50,,2,1,0,0,1,29.0,50.0,,,5,2,2,8,3
202100054415,2021-01-05 08:30:00,2021,1,5,8,30,2B,2B120,IMPERIALE (Route) D464 ,42.6590841528,9.4317814708,Plein jour,En agglomération,Hors intersection,Normale,Autre collision,3,2,2,0,2,2,2,0,1,30,,2,1,0,0,1,62.0,,,,1,2,1,1,6
202100054416,2021-01-18 15:25:00,2021,1,18,15,25,91,91228,BD CHAMPS ELYSEES,48.633158,2.425203,Plein jour,En agglomération,Intersection en T,Normale,Deux véhicules - arrière,3,2,4,0,1,1,1,0,1,50,,2,1,0,0,1,41.0,91.0,,,1,2,3,1,2
202100054417,2021-01-19 07:51:00,2021,1,19,7,51,91,91223,OUCHE (PLACE DE L'),48.427286,2.138614,Nuit avec éclairage allumé,En agglomération,Hors intersection,Normale,Autre collision,4,2,2,0,1,1,1,0,4,50,,2,1,0,0,1,36.0,,,,5,2,1,1,6
202100054418,2021-01-14 09:50:00,2021,1,14,9,50,84,84031,D235,44.031773,5.050781,Plein jour,Hors agglomération,Hors intersection,Normale,Trois véhicules et plus - en chaîne,3,2,4,0,1,1,1,0,1,80,,5,0,0,1,4,43.0,59.0,,,1,1,1,1,4
202100054419,2021-01-17 17:15:00,2021,1,17,17,15,84,84007,TARASCON (Avenue de),43.92848,4.8095,Plein jour,En agglomération,Intersection en X,Normale,Deux véhicules - côté,4,1,2,0,1,1,1,0,1,50,,3,1,0,2,0,18.0,75.0,,,1,2,2,1,3
202100054420,2021-01-19 07:58:00,2021,1,19,7,58,81,81004,THOMAS (AV ALBERT),43.9462,2.15158,Plein jour,En agglomération,Hors intersection,Normale,Deux véhicules - frontale,3,2,2,0,1,1,1,0,1,50,,3,0,0,0,3,72.0,32.0,,,1,2,1,1,1
202100054421,2021-01-18 09:35:00,2021,1,18,9,35,77,77123,D212,48.99092,2.65658,Plein jour,Hors agglomération,Hors intersection,Normale,Deux véhicules - frontale,3,3,4,0,2,3,2,8,1,50,,3,0,0,2,1,39.0,21.0,,,1,1,1,1,1
202100054422,2021-01-15 19:30:00,2021,1,15,19,30,76,76351,Avenue René Coty,49.49852,0.11796,Nuit avec éclairage allumé,En agglomération,Intersection en X,Normale,Deux véhicules - côté,4,2,2,0,1,1,1,0,1,50,,3,2,0,0,1,28.0,40.0,,,5,2,2,1,3
202100054423,2021-01-19 16:20:00,2021,1,19,16,20,69,69266,ROGER SALENGRO (AV),45.7793118836,4.8812647983,Crépuscule ou aube,En agglomération,Hors intersection,Temps éblouissant,Autre collision,4,3,2,0,1,1,9,9,8,50,,3,1,1,0,1,55.0,,,,2,2,1,7,6
202100054424,2021-01-14 17:44:00,2021,1,14,17,44,66,66136,BOUSSIRON AVENUE SIMON,42.69442,2.93138,Plein jour,En agglomération,Hors intersection,Normale,Deux véhicules - arrière,4,2,2,0,1,1,1,0,1,50,,3,1,0,0,2,47.0,27.0,,,1,2,1,1,2
202100054425,2021-01-19 09:35:00,2021,1,19,9,35,64,64445,JEAN MERMOZ,43.31658,-0.37817,Plein jour,En agglomération,Intersection en T,Normale,Autre collision,4,2,2,0,1,1,1,0,1,50,,2,1,0,1,0,79.0,,,,1,2,3,1,6
202100054426,2021-01-19 07:50:00,2021,1,19,7,50,64,64445,OLOF PALME,43.33596,-0.36374,Crépuscule ou aube,En agglomération,Intersection en T,Normale,Deux véhicules - côté,3,2,2,0,1,1,1,0,1,70,,3,2,0,0,1,62.0,23.0,,,2,2,3,1,3
202100054427,2021-01-19 12:07:00,2021,1,19,12,7,64,64024,CINQ CANTONS (RUE DES),43.4843217846,-1.5178928226,Plein jour,En agglomération,Giratoire,Normale,Deux véhicules - frontale,4,2,2,0,1,1,1,0,1,50,,2,1,0,0,1,27.0,68.0,,,1,2,6,1,1
202100054428,2021-01-18 17:41:00,2021,1,18,17,41,63,63113,TORPILLEUR SIROCCO (RUE DU),45.80748,3.10682,Crépuscule ou aube,En agglomération,Hors intersection,Normale,Autre collision,4,2,2,0,1,1,1,0,1,50,,2,1,0,0,1,29.0,,,,2,2,1,1,6
202100054429,2021-01-18 11:20:00,2021,1,18,11,20,60,60175,RD 201_ROND POINT P.BLANCHE_LIMITE CIRCO,49.24223,2.50309,Plein jour,Hors agglomération,Hors intersection,Temps éblouissant,Deux véhicules - frontale,3,2,2,0,1,1,2,9,1,80,,6,3,0,3,0,49.0,48.0,,,1,1,1,7,1
202100054430,2021-01-13 18:45:00,2021,1,13,18,45,59,59385,REPUBLIQUE (RUE DE LA),50.29188,4.08098,Nuit avec éclairage allumé,En agglomération,Hors intersection,Pluie légère,Autre collision,3,2,2,0,1,1,2,0,1,30,,2,1,0,1,0,36.0,,,,5,2,1,2,6
202100054431,2021-01-18 14:20:00,2021,1,18,14,20,55,55029,SAINCERE ( RUE ),48.77636,5.15678,Plein jour,En agglomération,Giratoire,Normale,Autre collision,4,1,1,0,1,3,1,0,1,50,,2,1,0,1,0,28.0,,,,1,2,6,1,6
202100054432,2021-01-13 15:10:00,2021,1,13,15,10,54,54323,PAIX (AVENUE),49.52917,5.76311,Plein jour,En agglomération,Intersection en T,Normale,Deux véhicules - côté,3,4,4,0,1,3,1,0,1,50,,2,1,0,0,1,,22.0,,,1,2,3,1,3
202100054433,2021-01-18 18:00:00,2021,1,18,18,0,50,50602,NORTHEIM (AVENUE DE),49.64409,-1.58119,Nuit avec éclairage allumé,En agglomération,Intersection en X,Pluie légère,Deux véhicules - côté,4,2,4,0,1,1,2,0,1,50,,2,0,0,0,2,19.0,56.0,,,5,2,2,2,3
202100054434,2021-01-17 06:15:00,2021,1,17,6,15,50,50129,NORMANDIE (AVENUE),49.62706,-1.63609,Nuit avec éclairage allumé,En agglomération,Intersection en X,Normale,Autre collision,3,3,3,0,3,1,1,5,1,50,,2,0,0,0,2,28.0,,,,5,2,2,1,6
202100054435,2021-01-18 07:30:00,2021,1,18,7,30,49,49099,SACRE-COEUR (RUE DU),47.06539,-0.88736,Nuit avec éclairage allumé,En agglomération,Hors intersection,Normale,Autre collision,4,2,2,0,1,1,1,0,1,50,,2,1,0,1,0,22.0,,,,5,2,1,1,6
202100054436,2021-01-19 07:55:00,2021,1,19,7,55,47,47001,Place Eugène Pelletan,44.20351,0.62448,Crépuscule ou aube,En agglomération,Place,Normale,Autre collision,3,3,4,0,1,1,1,5,1,50,,2,1,0,0,1,37.0,,,,2,2,7,1,6