accident_id,datetime,annee,mois,jour,heure,minute,departement,commune_insee,adresse,latitude,longitude,luminosite,agglomeration,intersection,meteo,collision,catr,circ,nbv,vosp,prof,plan,surf,infra,situ,vma,nb_vehicules,nb_usagers,nb_indemnes,nb_tues,nb_blesses_hosp,nb_blesses_legers,age_cond_1,age_cond_2,veh_type_cond_1,veh_type_cond_2,lum_code,agg_code,int_code,atm_code,col_code
202100054437,2021-01-19 17:20:00,2021,1,19,17,20,44,44109,QUAI DE LA FOSSE,47.20908,-1.56725,Plein jour,En agglomération,Hors intersection,Normale,Autre collision,4,3,7,3,1,1,1,0,1,30,,2,1,0,0,1,60.0,,,,1,2,1,1,6
202100054438,2021-01-19 13:23:00,2021,1,19,13,23,44,44109,RUE PIERRE ET MARIE CURIE,47.2238184529,-1.5240155251,Plein jour,En agglomération,Hors intersection,Normale,Deux véhicules - côté,4,1,1,2,1,1,1,0,1,30,,2,1,0,0,1,40.0,27.0,,,1,2,1,1,3
202100054439,2021-01-19 09:40:00,2021,1,19,9,40,42,42207,Rue Alsace Lorraine,45.47491,4.50693,Crépuscule ou aube,En agglomération,Place,Normale,Autre collision,4,1,1,0,1,1,1,9,4,50,,2,1,0,1,0,35.0,,,,2,2,7,1,6
202100054440,2021-01-18 17:31:00,2021,1,18,17,31,38,38544,Rue Victor Hugo,45.52259,4.87515,Plein jour,En agglomération,Hors intersection,Normale,Autre collision,3,2,2,0,2,1,1,0,1,50,,2,1,0,0,1,69.0,,,,1,2,1,1,6
202100054441,2021-01-19 13:15:00,2021,1,19,13,15,38,38185,Boulevard Joseph Vallier,45.18008,5.71107,Plein jour,En agglomération,Hors intersection,Normale,Autre collision,7,2,2,0,1,2,1,0,1,30,,2,1,0,0,1,56.0,,,,1,2,1,1,6
202100054442,2021-01-19 13:30:00,2021,1,19,13,30,37,37261,PINGUET GUINDON (RUE),47.4140815867,0.6842483018,Plein jour,En agglomération,Hors intersection,Normale,Deux véhicules - frontale,4,1,1,2,1,1,1,0,1,50,,2,1,0,0,1,56.0,33.0,,,1,2,1,1,1
202100054443,2021-01-19 15:30:00,2021,1,19,15,30,35,35238,VITRE (BLD DE),48.12541,-1.65157,Plein jour,En agglomération,Autre intersection,Normale,Autre collision,4,2,2,0,1,1,1,0,8,30,,2,1,0,0,1,73.0,,,,1,2,9,1,6
202100054444,2021-01-19 07:50:00,2021,1,19,7,50,35,35238,GAYEULLES (AVENUE DES),48.128828,-1.652064,Nuit avec éclairage allumé,En agglomération,Hors intersection,Pluie légère,Autre collision,4,2,3,2,1,1,2,0,1,50,,2,1,0,0,1,31.0,,,,5,2,1,2,6
202100054445,2021-01-18 17:35:00,2021,1,18,17,35,34,34172,TOULOUSE (AVENUE DE,43.5949,3.86138,Crépuscule ou aube,En agglomération,Hors intersection,Normale,Autre collision,4,2,4,1,2,1,1,0,1,30,,2,1,0,0,1,,,,,2,2,1,1,6
202100054446,2021-01-19 08:34:00,2021,1,19,8,34,33,33192,Route de Léognan,44.7687109282,-0.6112947461,Plein jour,En agglomération,Hors intersection,Normale,Autre collision,4,2,2,0,1,1,1,0,1,50,,3,2,1,0,0,37.0,,,,1,2,1,1,6
202100054447,2021-01-19 07:20:00,2021,1,19,7,20,33,33009,Cours Lamarque de Plaisance,44.661747,-1.180594,Nuit avec éclairage allumé,En agglomération,Hors intersection,Normale,Deux véhicules - frontale,4,2,2,0,1,1,1,0,1,50,,2,1,0,0,1,21.0,54.0,,,5,2,1,1,1
202100054448,2021-01-19 06:35:00,2021,1,19,6,35,31,31555,97 rue de Fenouillet,43.62982,1.42396,Nuit sans éclairage public,En agglomération,Hors intersection,Normale,Deux véhicules - frontale,4,-1,2,0,1,1,1,0,1,50,,2,1,0,0,1,24.0,26.0,,,3,2,1,1,1
202100054449,2021-01-18 19:55:00,2021,1,18,19,55,31,31555,18 Rue des Frères Lion,43.60025,1.45247,Nuit avec éclairage allumé,En agglomération,Hors intersection,Normale,Deux véhicules - côté,4,2,3,0,1,1,1,0,1,50,,2,1,0,0,1,38.0,34.0,,,5,2,1,1,3
202100054450,2021-01-17 17:25:00,2021,1,17,17,25,31,31555,VA007331 A620,43.63897,1.42177,Plein jour,Hors agglomération,Hors intersection,Normale,Autre collision,1,3,3,3,1,1,1,0,1,90,,3,2,1,0,0,25.0,51.0,,,1,1,1,1,6
202100054451,2021-01-19 18:10:00,2021,1,19,18,10,29,29232,Avenue de la France Libre,48.006842,-4.0971,Nuit avec éclairage allumé,En agglomération,Hors intersection,Pluie forte,Autre collision,4,2,0,0,1,1,2,9,1,50,,2,1,0,0,1,30.0,,,,5,2,1,3,6
202100054452,2021-01-19 08:40:00,2021,1,19,8,40,29,29019,Rue de l’Harteloire,48.39352,-4.49231,Plein jour,En agglomération,Intersection en X,Pluie légère,Deux véhicules - côté,4,2,0,0,2,1,2,5,1,50,,2,1,0,0,1,26.0,55.0,,,1,2,2,2,3
202100054453,2021-01-18 17:25:00,2021,1,18,17,25,27,27562,D 64,49.08722,1.43534,Crépuscule ou aube,Hors agglomération,Intersection en T,Normale,Trois véhicules et plus - collisions multiples,3,-1,2,0,1,1,1,0,1,80,,3,1,0,2,0,20.0,31.0,,,2,1,3,1,5
202100054454,2021-01-18 08:10:00,2021,1,18,8,10,27,27229,LA FRICHE (RUE DE),49.0143,1.16088,Crépuscule ou aube,En agglomération,Hors intersection,Normale,Deux véhicules - arrière,4,2,2,0,1,1,1,0,1,50,,2,1,0,0,1,28.0,46.0,,,2,2,1,1,2
202100054455,2021-01-19 13:25:00,2021,1,19,13,25,17,17274,POMMERAIE   PLACE DE LA,46.15484,-1.0966,Plein jour,En agglomération,Hors intersection,Normale,Deux véhicules - côté,4,2,2,0,1,1,1,0,1,30,,2,1,0,0,1,42.0,36.0,,,1,2,1,1,3
202100054456,2021-01-18 17:10:00,2021,1,18,17,10,17,17300,GRANDES GUIARDES   AVENUE DES,46.17035,-1.18606,Plein jour,En agglomération,Intersection en T,Normale,Deux véhicules - côté,4,2,2,0,2,3,1,0,1,30,,2,1,0,0,1,57.0,25.0,,,1,2,3,1,3
202100054457,2021-01-19 17:30:00,2021,1,19,17,30,13,13103,AVENUE DE LA PATROUILLE DE FRANCE-RN 538,43.6223220134,5.0990885496,Crépuscule ou aube,En agglomération,Intersection en X,Normale,Deux véhicules - côté,7,2,3,0,1,1,1,5,1,50,,2,1,0,1,0,63.0,27.0,,,2,2,2,1,3
202100054458,2021-01-18 14:00:00,2021,1,18,14,0,13,13208,RABATAU (BOULEVARD),43.275648,5.39619,Plein jour,En agglomération,Hors intersection,Normale,Deux véhicules - côté,4,2,3,0,1,1,1,0,1,50,,2,1,0,0,1,28.0,22.0,,,1,2,1,1,3
202100054459,2021-01-18 13:34:00,2021,1,18,13,34,13,13201,FRANKLIN ROOSEVELT (COURS)   2 A 46,43.298998,5.387582,Plein jour,En agglomération,Autre intersection,Normale,Autre collision,4,2,1,0,2,1,1,0,1,50,,2,1,0,1,0,44.0,,,,1,2,9,1,6
202100054460,2021-01-19 16:40:00,2021,1,19,16,40,13,13047,RADOLFZELL AVENUE DE,43.499145,4.987489,Plein jour,En agglomération,Hors intersection,Normale,Autre collision,4,-1,4,0,1,2,1,0,1,50,,1,0,0,1,0,20.0,,,,1,2,1,1,6
202100054461,2021-01-18 15:15:00,2021,1,18,15,15,13,13001,FERRINI FORTUNE (AV),43.50551,5.43554,Plein jour,En agglomération,Hors intersection,Normale,Deux véhicules - arrière,7,2,2,0,2,2,1,0,1,50,,2,1,0,0,1,,27.0,,,1,2,1,1,2
202100054462,2021-01-18 06:05:00,2021,1,18,6,5,13,13001,RN 296,43.5635733332,5.4614492735,Nuit avec éclairage non allumé,Hors agglomération,Hors intersection,Normale,Deux véhicules - arrière,2,1,6,0,1,1,1,0,1,90,,2,0,0,0,2,34.0,73.0,,,4,1,1,1,2
202100054463,2021-01-15 18:55:00,2021,1,15,18,55,11,11262,ESPAGNE (AVENUE D'),43.1668207315,2.9872405529,Nuit avec éclairage allumé,En agglomération,Hors intersection,Vent fort / tempête,Sans collision,4,1,1,0,1,1,1,0,1,70,,1,0,0,0,1,19.0,,,,5,2,1,6,7
202100054464,2021-01-19 15:20:00,2021,1,19,15,20,06,06069,CAPUCINS (CHEMIN ET IMPASSE DES),43.65262,6.92993,Plein jour,En agglomération,Hors intersection,Normale,Sans collision,4,2,2,0,2,2,1,0,1,50,,3,1,0,0,2,18.0,57.0,,,1,2,1,1,7
202100054465,2021-01-19 07:00:00,2021,1,19,7,0,06,06027,DONAT AVENUE DOCTEUR MAURICE,43.66105,7.14422,Nuit avec éclairage allumé,En agglomération,Intersection en T,Normale,Deux véhicules - frontale,4,2,2,0,1,1,1,0,1,50,,2,1,0,0,1,56.0,57.0,,,5,2,3,1,1
202100054466,2021-01-18 16:15:00,2021,1,18,16,15,05,05061,REVELLY (PLACE  DU ),44.561125,6.080247,Plein jour,En agglomération,Hors intersection,Normale,Deux véhicules - côté,3,1,2,0,1,2,1,0,1,50,,2,0,0,0,2,25.0,20.0,,,1,2,1,1,3
202100054467,2021-01-19 08:25:00,2021,1,19,8,25,75,75120,BOULEVARD DAVOUT,48.848182,2.411379,Plein jour,En agglomération,Hors intersection,Pluie légère,Autre collision,4,-1,2,0,1,1,2,0,1,50,,2,1,0,0,1,50.0,,,,1,2,1,2,6
202100054468,2021-01-19 12:10:00,2021,1,19,12,10,75,75118,RUE DES POISSONNIERS,48.897958,2.352525,Plein jour,En agglomération,Intersection en T,Normale,Autre collision,4,2,2,0,1,1,2,0,1,50,,3,2,0,0,1,44.0,,,,1,2,3,1,6
202100054469,2021-01-19 08:25:00,2021,1,19,8,25,75,75114,AVENUE DE LA PORTE D ORLEANS,48.820375,2.325432,Crépuscule ou aube,En agglomération,Intersection en X,Pluie légère,Autre collision,4,1,2,0,1,1,2,0,1,50,,2,1,0,0,1,57.0,,,,2,2,2,2,6
202100054470,2021-01-19 21:40:00,2021,1,19,21,40,75,75112,PLACE DU CARDINAL LAVIGERIE,48.833354,2.402269,Nuit avec éclairage non allumé,En agglomération,Intersection en X,Normale,Deux véhicules - côté,4,2,2,0,1,1,1,-1,5,50,,2,1,0,1,0,35.0,39.0,,,4,2,2,1,3
202100054471,2021-01-19 09:20:00,2021,1,19,9,20,75,75112,BOULEVARD SOULT,48.842887,2.409969,Plein jour,En agglomération,Hors intersection,Pluie forte,Deux véhicules - arrière,4,1,2,1,1,1,2,-1,5,50,,2,1,0,0,1,36.0,34.0,,,1,2,1,3,2
202100054472,2021-01-17 13:00:00,2021,1,17,13,0,75,75111,BOULEVARD VOLTAIRE,48.856184,2.382834,Plein jour,En agglomération,Intersection en X,Normale,Autre collision,4,2,2,1,1,1,2,0,1,50,,2,1,0,1,0,34.0,,,,1,2,2,1,6
202100054473,2021-01-19 17:00:00,2021,1,19,17,0,75,75107,RUE JEAN NICOT,48.860578,2.307313,Crépuscule ou aube,En agglomération,Hors intersection,Temps couvert,Deux véhicules - côté,4,1,-1,0,1,1,1,0,1,50,,2,1,0,0,1,43.0,48.0,,,2,2,1,8,3
202100054474,2021-01-19 09:45:00,2021,1,19,9,45,94,94068,GENERAL GIRAUD (BD DU),48.78862,2.48929,Plein jour,En agglomération,Intersection en X,Pluie légère,Deux véhicules - côté,4,1,1,0,1,1,2,0,1,50,,3,2,0,0,1,24.0,30.0,,,1,2,2,2,3
202100054475,2021-01-17 13:35:00,2021,1,17,13,35,94,94068,LEVERRIER (AV),48.795,2.4941,Plein jour,En agglomération,Hors intersection,Normale,Autre collision,4,2,2,0,1,1,2,0,1,50,,1,0,0,0,1,50.0,,,,1,2,1,1,6
202100054476,2021-01-19 14:30:00,2021,1,19,14,30,94,94052,BEAUTE (R DE),48.834909,2.478701,Plein jour,En agglomération,Hors intersection,Normale,Deux véhicules - côté,4,2,1,0,2,1,1,0,1,30,,2,1,0,0,1,31.0,64.0,,,1,2,1,1,3
202100054477,2021-01-19 16:00:00,2021,1,19,16,0,94,94043,VERDUN (R DE),48.8097,2.35862,Plein jour,En agglomération,Hors intersection,Pluie légère,Deux véhicules - frontale,4,1,3,0,2,2,2,0,1,50,,2,1,0,0,1,61.0,,,,1,2,1,2,1
202100054478,2021-01-19 15:15:00,2021,1,19,15,15,94,94076,PARIS (AV DE),48.79747,2.36605,Plein jour,En agglomération,Hors intersection,Normale,Deux véhicules - côté,3,2,2,0,2,1,2,0,1,50,,2,1,0,0,1,43.0,38.0,,,1,2,1,1,3
202100054479,2021-01-19 17:09:00,2021,1,19,17,9,94,94041,ROBESPIERRE (R),48.81059,2.38419,Plein jour,En agglomération,Hors intersection,Normale,Deux véhicules - côté,4,1,2,0,1,1,1,0,1,50,,2,1,0,0,1,30.0,32.0,,,1,2,1,1,3
202100054480,2021-01-19 07:50:00,2021,1,19,7,50,94,94041,AUGUSTE DESHAIES (QU),48.81774,2.40311,Nuit avec éclairage allumé,En agglomération,Hors intersection,Pluie légère,Sans collision,3,2,2,0,1,1,2,5,1,50,,1,0,0,0,1,28.0,,,,5,2,1,2,7
202100054481,2021-01-19 08:15:00,2021,1,19,8,15,94,94019,ARISTIDE BRIAND (R),48.79223,2.53258,Plein jour,En agglomération,Autre intersection,Pluie forte,Deux véhicules - côté,3,1,1,0,1,2,2,0,1,50,,2,1,0,0,1,60.0,47.0,,,1,2,9,3,3
202100054482,2021-01-19 11:35:00,2021,1,19,11,35,94,94017,BEAUREGARD (AV DE),48.816618,2.549027,Plein jour,En agglomération,Intersection en T,Pluie légère,Deux véhicules - côté,4,-1,0,0,1,1,2,0,1,50,,2,1,0,0,1,38.0,47.0,,,1,2,3,2,3
202100054483,2021-01-19 17:45:00,2021,1,19,17,45,93,93051,HAUTS CHATEAUX,48.84293,2.57306,Nuit avec éclairage allumé,En agglomération,Hors intersection,Normale,Autre collision,4,2,2,0,1,1,1,0,1,30,,2,1,0,0,1,19.0,,,,5,2,1,1,6
202100054484,2021-01-19 14:05:00,2021,1,19,14,5,93,93050,PAUL VAILLANT COUTURIER (RUE),48.8709195272,2.5545842521,Plein jour,En agglomération,Hors intersection,Pluie légère,Deux véhicules - côté,3,2,2,0,1,1,1,0,1,50,,2,1,0,0,1,25.0,21.0,,,1,2,1,2,3
202100054485,2021-01-19 19:09:00,2021,1,19,19,9,93,93013,LECLERC (AVENU DE LA DIVISION),48.9379,2.42879,Nuit avec éclairage allumé,En agglomération,Intersection en X,Normale,Autre collision,3,1,2,0,1,1,1,0,8,50,,2,1,0,0,1,68.0,,,,5,2,2,1,6
202100054486,2021-01-19 11:55:00,2021,1,19,11,55,93,93027,PASTEUR (BOULEVARD) DE 40 A +,48.92686,2.3848,Plein jour,En agglomération,Hors intersection,Temps couvert,Autre collision,3,-1,2,0,1,1,2,0,1,50,,2,0,0,1,1,26.0,,,,1,2,1,8,6
202100054487,2021-01-19 08:00:00,2021,1,19,8,0,92,92075,PAIX (AVENUE DE LA),48.816621733,2.275035006,Plein jour,En agglomération,Intersection en X,Pluie légère,Deux véhicules - frontale,3,2,2,0,1,1,2,0,1,50,,2,1,0,0,1,41.0,63.0,,,1,2,2,2,1
202100054488,2021-01-19 08:00:00,2021,1,19,8,0,92,92063,SAINTE-CLAIRE DEVILLE (RUE HENRI),48.89291,2.1721,Nuit avec éclairage allumé,En agglomération,Intersection en T,Pluie légère,Deux véhicules - côté,4,2,2,0,1,1,2,0,1,50,,2,1,0,0,1,62.0,58.0,,,5,2,3,2,3
202100054489,2021-01-19 17:16:00,2021,1,19,17,16,92,92062,REPUBLIQUE (RUE DE LA) DU 102 AU 200,48.8844305873,2.237776874,Crépuscule ou aube,En agglomération,Hors intersection,Normale,Autre collision,4,2,2,1,2,1,1,0,1,50,,2,1,0,0,1,52.0,,,,2,2,1,1,6
202100054490,2021-01-19 07:45:00,2021,1,19,7,45,92,92049,BRIAND AVENUE ARISTIDE N°1 A 129,48.8121,2.32636,Nuit avec éclairage allumé,En agglomération,Intersection en X,Pluie légère,Deux véhicules - arrière,3,3,4,1,1,1,2,5,1,50,,6,2,0,0,4,39.0,54.0,,,5,2,2,2,2
202100054491,2021-01-18 09:00:00,2021,1,18,9,0,92,92036,PIERRE DE COUBERTIN (BOULEVARD) (PORT ->,48.9291144952,2.2846684457,Plein jour,En agglomération,Hors intersection,Normale,Autre collision,3,2,5,0,1,1,1,0,1,50,,2,1,0,0,1,34.0,,,,1,2,1,1,6
202100054492,2021-01-19 13:10:00,2021,1,19,13,10,92,92024,RUE PAUL DUPONT,48.9046599338,2.2935494135,Plein jour,En agglomération,Intersection en T,Temps couvert,Deux véhicules - côté,4,2,2,0,1,1,1,0,1,30,,2,1,0,0,1,21.0,68.0,,,1,2,3,8,3
202100054493,2021-01-19 11:48:00,2021,1,19,11,48,92,92024,VICTOR HUGO (BD),48.90033,2.31523,Plein jour,En agglomération,Hors intersection,Temps couvert,Autre collision,3,2,2,0,1,1,2,9,1,50,,2,1,0,0,1,70.0,,,,1,2,1,8,6
202100054494,2021-01-19 18:25:00,2021,1,19,18,25,92,92060,DESCARTES (AVENUE),48.77692,2.24521,Nuit avec éclairage allumé,En agglomération,Hors intersection,Normale,Autre collision,4,2,4,1,1,3,1,9,8,50,,2,1,0,0,1,,,,,5,2,1,1,6
202100054495,2021-01-19 10:00:00,2021,1,19,10,0,92,92012,GENERAL LECLERC (AVENUE DU) 35/FIN - 60/,48.8299992855,2.231528163,Plein jour,En agglomération,Intersection en T,Pluie légère,Autre collision,3,2,6,0,1,1,2,5,1,50,,2,1,0,0,1,27.0,,,,1,2,3,2,6
202100054496,2021-01-19 16:30:00,2021,1,19,16,30,92,92004,MARNE   ( AVENUE DE LA ),48.9090384327,2.285505208,Plein jour,En agglomération,Hors intersection,Normale,Autre collision,3,2,2,0,1,1,1,0,1,50,,2,1,0,0,1,29.0,,,,1,2,1,1,6
202100054497,2021-01-14 18:00:00,2021,1,14,18,0,92,92004,LADJI DOUCOURE,48.9308783383,2.2829375402,Nuit avec éclairage non allumé,En agglomération,Intersection en T,Pluie forte,Autre collision,4,1,1,0,1,1,2,9,1,50,,2,1,0,0,1,44.0,,,,4,2,3,3,6
202100054498,2021-01-19 17:00:00,2021,1,19,17,0,36,36162,,47.1411682342,1.6512451808,Crépuscule ou aube,Hors agglomération,Hors intersection,Temps éblouissant,Autre collision,3,2,2,0,1,1,1,0,1,80,,3,1,0,1,1,66.0,,,,2,1,1,7,6
202100054499,2021-01-19 16:00:00,2021,1,19,16,0,31,31116,Route de Villemur,43.702924,1.43039,Plein jour,En agglomération,Hors intersection,Normale,Deux véhicules - frontale,7,2,2,0,1,1,1,5,1,50,,2,1,0,0,1,66.0,69.0,,,1,2,1,1,1
202100054500,2021-01-20 17:35:00,2021,1,20,17,35,88,88181,Rue du General Ingold,48.183178,7.003226,Nuit avec éclairage allumé,En agglomération,Intersection en T,Temps couvert,Deux véhicules - côté,3,2,2,0,1,1,2,9,1,50,,2,1,0,1,0,71.0,71.0,,,5,2,3,8,3
202100054501,2021-01-19 17:35:00,2021,1,19,17,35,83,83054,CHEMIN ALPHONSE LAVALLEE,43.157093,6.04557,Crépuscule ou aube,Hors agglomération,Hors intersection,Normale,Deux véhicules - arrière,4,2,2,0,1,1,1,0,1,50,,2,1,0,1,0,57.0,40.0,,,2,1,1,1,2
202100054502,2021-01-20 07:50:00,2021,1,20,7,50,34,34270,Route de Beziers,43.57139,3.813436,Crépuscule ou aube,En agglomération,Intersection en X,Normale,Deux véhicules - côté,7,2,2,0,1,1,1,0,1,50,,2,1,0,0,1,46.0,26.0,,,2,2,2,1,3
202100054503,2021-01-20 16:06:00,2021,1,20,16,6,27,27289,A28 -,48.953621,0.426536,Plein jour,Hors agglomération,Hors intersection,Normale,Autre collision,1,3,4,0,4,2,1,0,3,90,,1,0,0,0,1,41.0,,,,1,1,1,1,6
202100054504,2021-01-20 04:00:00,2021,1,20,4,0,56,56113,Longueville,48.054153,-3.214177,Nuit sans éclairage public,Hors agglomération,Hors intersection,Pluie légère,Autre collision,3,2,2,0,1,3,2,0,3,70,,2,0,0,1,1,22.0,,,,3,1,1,2,6
202100054505,2021-01-19 11:30:00,2021,1,19,11,30,74,74198,Rte du Fier,45.928573,6.187062,Plein jour,Hors agglomération,Hors intersection,Temps éblouissant,Deux véhicules - frontale,3,2,2,0,2,2,2,0,1,80,,2,1,0,0,1,43.0,49.0,,,1,1,1,7,1
202100054506,2021-01-19 14:00:00,2021,1,19,14,0,12,12243,RD 993,44.015079,2.93557,Plein jour,Hors agglomération,Hors intersection,Normale,Autre collision,3,2,2,0,1,2,1,0,3,80,,1,0,0,1,0,38.0,,,,1,1,1,1,6
202100054507,2021-01-20 07:45:00,2021,1,20,7,45,34,34031,D612a,43.343048,3.424966,Nuit sans éclairage public,Hors agglomération,Hors intersection,Normale,Autre collision,3,2,2,0,1,1,1,0,1,90,,3,2,1,0,0,31.0,72.0,,,3,1,1,1,6
202100054508,2021-01-19 16:45:00,2021,1,19,16,45,39,39546,,46.98187,5.6122,Plein jour,Hors agglomération,Hors intersection,Temps éblouissant,Deux véhicules - frontale,3,2,2,0,2,3,1,0,1,80,,3,2,0,1,0,28.0,58.0,,,1,1,1,7,1
202100054509,2021-01-18 08:25:00,2021,1,18,8,25,40,40274,Route du Rond,43.954672,-0.592983,Crépuscule ou aube,Hors agglomération,Hors intersection,Normale,Sans collision,3,2,2,0,1,1,1,0,8,80,,2,1,0,1,0,25.0,,,,2,1,1,1,7
202100054510,2021-01-19 20:05:00,2021,1,19,20,5,85,85179,234 Rue du Payré,46.507169,-1.535538,Nuit avec éclairage allumé,En agglomération,Hors intersection,Normale,Deux véhicules - frontale,3,2,2,0,4,3,1,0,1,50,,2,1,0,0,1,66.0,34.0,,,5,2,1,1,1
202100054511,2021-01-18 12:20:00,2021,1,18,12,20,28,28140,Avenue de la Prairie,48.603006,1.666435,Plein jour,En agglomération,Hors intersection,Normale,Autre collision,3,2,2,0,1,3,1,0,1,50,,2,1,0,0,1,34.0,,,,1,2,1,1,6
202100054512,2021-01-07 14:30:00,2021,1,7,14,30,24,24289,RD 936,44.853526,0.075955,Plein jour,Hors agglomération,Hors intersection,Normale,Autre collision,3,2,2,0,1,1,1,0,8,80,,2,0,0,2,0,59.0,,,,1,1,1,1,6
202100054513,2021-01-19 14:15:00,2021,1,19,14,15,35,35206,Touche Tizon (Arrêt de bus),48.059777,-1.700628,Plein jour,Hors agglomération,Hors intersection,Normale,Deux véhicules - arrière,7,3,4,2,1,1,1,0,1,80,,2,1,1,0,0,20.0,68.0,,,1,1,1,1,2
202100054514,2021-01-20 09:40:00,2021,1,20,9,40,973,97309,N3,4.879702,-52.279859,Plein jour,Hors agglomération,Hors intersection,Normale,Deux véhicules - frontale,3,2,2,0,1,1,1,0,1,90,,3,0,0,0,3,38.0,25.0,,,1,1,1,1,1
202100054515,2021-01-14 09:40:00,2021,1,14,9,40,69,69244,PARIS (DE) (RTE),45.764174,4.76907,Plein jour,En agglomération,Intersection en X,Temps éblouissant,Deux véhicules - côté,7,3,4,0,1,1,1,5,1,50,,2,1,0,0,1,53.0,38.0,,,1,2,2,7,3
202100054516,2021-01-18 08:27:00,2021,1,18,8,27,13,13001,A 8 - Nice - Fréjus - Pont de L'Arc (Embranchement d'autoroute),43.511958,5.4566,Plein jour,Hors agglomération,Hors intersection,Normale,Deux véhicules - côté,1,3,3,3,1,1,1,9,1,90,,2,1,0,0,1,26.0,33.0,,,1,1,1,1,3
202100054517,2021-01-20 16:00:00,2021,1,20,16,0,77,77153,172 Rue du Général de Gaulle,49.053645,2.684827,Plein jour,En agglomération,Hors intersection,Normale,Deux véhicules - frontale,3,2,2,0,1,1,1,0,1,50,,3,1,0,0,2,22.0,42.0,,,1,2,1,1,1
202100054518,2021-01-19 17:55:00,2021,1,19,17,55,78,78206,rond point D113/D43,48.945138,1.929603,Nuit avec éclairage allumé,Hors agglomération,Giratoire,Normale,Deux véhicules - arrière,3,2,1,0,1,1,1,0,1,80,,3,1,0,0,2,47.0,28.0,,,5,1,6,1,2
202100054519,2021-01-18 10:20:00,2021,1,18,10,20,83,83115,Pointe des Sardinaux - CD 559,43.312813,6.668905,Plein jour,Hors agglomération,Hors intersection,Normale,Autre collision,3,2,2,0,1,2,1,0,3,50,,3,1,0,2,0,67.0,,,,1,1,1,1,6
202100054520,2021-01-19 22:00:00,2021,1,19,22,0,83,83079,CHEMIN DES POMMIERS CD 98,43.224442,6.506009,Nuit sans éclairage public,Hors agglomération,Hors intersection,Pluie légère,Sans collision,3,2,2,0,1,1,2,0,3,80,,1,0,1,0,0,37.0,,,,3,1,1,2,7
202100054521,2021-01-19 17:45:00,2021,1,19,17,45,89,89438,Autoroute A6 - PK 166+200 - sens PARIS/LYON,47.801279,3.643577,Nuit sans éclairage public,Hors agglomération,Hors intersection,Normale,Deux véhicules - arrière,1,3,3,0,2,1,1,0,1,90,,2,1,0,0,1,62.0,43.0,,,3,1,1,1,2
202100054522,2021-01-20 14:30:00,2021,1,20,14,30,10,10195,departementale 105,48.598465,4.324579,Plein jour,Hors agglomération,Hors intersection,Normale,Sans collision,3,2,2,0,1,1,1,0,3,80,,2,0,0,2,0,20.0,,,,1,1,1,1,7
202100054523,2021-01-20 12:10:00,2021,1,20,12,10,42,42005,Rue Lamartine,45.527998,4.264557,Plein jour,En agglomération,Hors intersection,Vent fort / tempête,Autre collision,4,2,2,0,1,1,1,0,1,50,,2,1,0,0,1,16.0,,,,1,2,1,6,6
202100054524,2021-01-19 14:15:00,2021,1,19,14,15,38,38317,Avenue Antoine Girard,45.128134,5.695306,Plein jour,En agglomération,Intersection en X,Normale,Deux véhicules - côté,4,2,2,0,1,1,1,0,1,30,,3,0,0,0,3,31.0,41.0,,,1,2,2,1,3
202100054525,2021-01-19 16:35:00,2021,1,19,16,35,01,01281,1040 Rue de Gex,46.283599,6.08657,Plein jour,En agglomération,Hors intersection,Normale,Deux véhicules - côté,3,2,2,3,1,1,1,0,1,50,,2,1,0,1,0,61.0,82.0,,,1,2,1,1,3
202100054526,2021-01-20 15:50:00,2021,1,20,15,50,69,69009,EUROPE (DE L') (AV) (947),45.938673,4.712896,Plein jour,En agglomération,Hors intersection,Normale,Autre collision,4,-1,2,1,1,1,1,0,1,-1,,3,1,0,0,2,85.0,,,,1,2,1,1,6
202100054527,2021-01-18 15:27:00,2021,1,18,15,27,31,31395,30 Avenue Roger Tissandié,43.458371,1.334442,Plein jour,En agglomération,Hors intersection,Temps éblouissant,Autre collision,3,2,2,0,1,1,1,0,8,50,,2,1,0,1,0,81.0,,,,1,2,1,7,6
202100054528,2021-01-19 13:00:00,2021,1,19,13,0,33,33056,Avenue du Général de Gaulle,44.911556,-0.636912,Plein jour,En agglomération,Intersection en T,Normale,Deux véhicules - côté,4,2,2,0,1,1,1,0,1,30,,2,1,0,1,0,18.0,31.0,,,1,2,3,1,3
202100054529,2021-01-18 10:45:00,2021,1,18,10,45,50,50597,Pont de la Forge Tirepied,48.708851,-1.272569,Plein jour,Hors agglomération,Hors intersection,Normale,Autre collision,3,2,2,0,1,1,1,0,1,80,,2,1,0,1,0,41.0,,,,1,1,1,1,6
202100054530,2021-01-20 07:45:00,2021,1,20,7,45,76,76276,Avenue des Sources,49.609757,1.535844,Nuit avec éclairage allumé,En agglomération,Intersection en T,Pluie légère,Deux véhicules - arrière,3,2,2,0,2,1,2,0,1,50,,2,1,0,0,1,17.0,56.0,,,5,2,3,2,2
202100054531,2021-01-19 11:30:00,2021,1,19,11,30,13,13215,A7-Sens Marseille vers Lyon,43.34911,5.36987,Plein jour,Hors agglomération,Hors intersection,Normale,Deux véhicules - côté,1,1,3,0,2,1,1,0,1,90,,2,1,0,0,1,30.0,36.0,,,1,1,1,1,3