accident_id,datetime,annee,mois,jour,heure,minute,departement,commune_insee,adresse,latitude,longitude,luminosite,agglomeration,intersection,meteo,collision,catr,circ,nbv,vosp,prof,plan,surf,infra,situ,vma,nb_vehicules,nb_usagers,nb_indemnes,nb_tues,nb_blesses_hosp,nb_blesses_legers,age_cond_1,age_cond_2,veh_type_cond_1,veh_type_cond_2,lum_code,agg_code,int_code,atm_code,col_code
202100054532,2021-01-19 09:22:00,2021,1,19,9,22,13,13071,A7-Sens Lyon vers Marseille,43.4112451627,5.2830182353,Plein jour,Hors agglomération,Hors intersection,Normale,Deux véhicules - côté,1,1,3,0,1,1,1,0,1,110,,2,1,0,0,1,26.0,38.0,,,1,1,1,1,3
202100054533,2021-01-19 06:15:00,2021,1,19,6,15,13,13001,A51-Sens Marseille vers Aix en Provence,43.50427,5.41004,Nuit sans éclairage public,Hors agglomération,Hors intersection,Normale,Sans collision,1,1,1,0,2,3,7,0,1,70,,1,0,0,0,1,25.0,,,,3,1,1,1,7
202100054534,2021-01-18 08:15:00,2021,1,18,8,15,13,13202,Tunnel Prado Carénage,43.31761,5.36765,Crépuscule ou aube,Hors agglomération,Hors intersection,Normale,Trois véhicules et plus - collisions multiples,4,1,2,0,1,1,1,1,1,60,,3,2,0,0,1,30.0,20.0,,,2,1,1,1,5
202100054535,2021-01-19 03:55:00,2021,1,19,3,55,38,38336,A7,45.47653,4.83452,Nuit avec éclairage allumé,Hors agglomération,Hors intersection,Brouillard / fumée,Deux véhicules - arrière,1,1,1,0,1,1,2,7,1,110,,2,1,0,1,0,54.0,33.0,,,5,1,1,5,2
202100054536,2021-01-05 18:40:00,2021,1,5,18,40,38,38087,A7,45.582258537,4.8013043404,Nuit sans éclairage public,Hors agglomération,Hors intersection,Normale,Trois véhicules et plus - collisions multiples,1,1,4,0,1,1,1,0,1,110,,5,2,0,2,1,35.0,54.0,,,3,1,1,1,5
202100054537,2021-01-19 14:10:00,2021,1,19,14,10,42,42218,N88,45.43497,4.43094,Plein jour,Hors agglomération,Hors intersection,Normale,Deux véhicules - côté,2,3,4,0,1,1,1,0,1,70,,3,2,0,1,0,57.0,49.0,,,1,1,1,1,3
202100054538,2021-01-19 12:30:00,2021,1,19,12,30,33,33122,,44.720191,-0.73914,Plein jour,Hors agglomération,Hors intersection,Normale,Autre collision,1,3,4,0,1,1,1,0,1,130,,1,0,0,0,1,58.0,,,,1,1,1,1,6
202100054539,2021-01-19 14:00:00,2021,1,19,14,0,94,94043,AUTOROUTE A6B,48.8066203478,2.3462343178,Plein jour,Hors agglomération,Hors intersection,Normale,Autre collision,1,3,2,0,1,2,1,1,1,50,,1,0,0,0,1,43.0,,,,1,1,1,1,6
202100054540,2021-01-19 10:09:00,2021,1,19,10,9,94,94003,AUTOROUTE A6A,48.80992,2.339,Plein jour,Hors agglomération,Hors intersection,Pluie légère,Deux véhicules - arrière,1,1,3,0,1,1,2,0,1,70,,3,2,0,0,1,49.0,47.0,,,1,1,1,2,2
202100054541,2021-01-18 23:30:00,2021,1,18,23,30,91,91589,RD 25,48.67768,2.33892,Nuit avec éclairage allumé,Hors agglomération,Hors intersection,Normale,Autre collision,3,1,1,0,2,3,1,3,1,50,,2,1,0,0,1,20.0,,,,5,1,1,1,6
202100054542,2021-01-18 12:21:00,2021,1,18,12,21,94,94038,AUTOROUTE A6A,48.77738,2.3461,Plein jour,En agglomération,Hors intersection,Normale,Deux véhicules - arrière,1,3,6,0,1,1,2,0,1,90,,2,1,0,0,1,25.0,30.0,,,1,2,1,1,2
202100054543,2021-01-19 15:40:00,2021,1,19,15,40,78,78217,A13,48.963314,1.831438,Plein jour,Hors agglomération,Hors intersection,Normale,Deux véhicules - côté,1,-1,3,0,1,1,1,0,1,130,,2,1,0,0,1,60.0,64.0,,,1,1,1,1,3
202100054544,2021-01-19 10:40:00,2021,1,19,10,40,93,93066,AUTOROUTE A1,48.9193634411,2.3575464282,Plein jour,Hors agglomération,Hors intersection,Pluie légère,Sans collision,1,3,8,0,1,1,2,0,1,70,,1,0,0,1,0,33.0,,,,1,1,1,2,7
202100054545,2021-01-19 05:45:00,2021,1,19,5,45,93,93005,AUTOROUTE A3,48.96943,2.4818,Nuit sans éclairage public,Hors agglomération,Hors intersection,Pluie légère,Deux véhicules - arrière,1,3,-1,0,1,1,2,0,1,90,,2,1,0,0,1,73.0,24.0,,,3,1,1,2,2
202100054546,2021-01-18 18:10:00,2021,1,18,18,10,92,92036,AUTOROUTE A86,48.9383816776,2.3133085293,Nuit sans éclairage public,Hors agglomération,Hors intersection,Normale,Deux véhicules - arrière,1,3,7,0,1,3,1,0,1,70,,2,1,0,0,1,35.0,51.0,,,3,1,1,1,2
202100054547,2021-01-18 09:40:00,2021,1,18,9,40,93,93064,AUTOROUTE A86,48.87612,2.47846,Plein jour,Hors agglomération,Hors intersection,Normale,Deux véhicules - côté,1,3,8,0,1,1,1,0,1,90,,2,0,0,1,1,37.0,52.0,,,1,1,1,1,3
202100054548,2021-01-08 12:00:00,2021,1,8,12,0,988,98818,RUE DU DOCTEUR GUEGAN/RUE EUGENE PORCHERON,-22.27557,166.44476,Plein jour,En agglomération,Intersection en X,Normale,Autre collision,4,1,1,0,2,2,2,5,1,50,,2,1,0,0,1,53.0,,,,1,2,2,1,6
202100054549,2021-01-18 17:30:00,2021,1,18,17,30,974,97416,RN3 (3),-21.33324,55.46127,Plein jour,Hors agglomération,Hors intersection,Normale,Deux véhicules - côté,2,1,2,0,1,2,1,0,1,110,,2,1,0,0,1,21.0,26.0,,,1,1,1,1,3
202100054550,2021-01-17 21:41:00,2021,1,17,21,41,972,97213,ROUTE NATIONALE 5,14.59672,-60.9947,Nuit sans éclairage public,Hors agglomération,Hors intersection,Pluie forte,Deux véhicules - arrière,2,2,3,0,1,1,2,0,1,90,,4,3,0,0,1,28.0,28.0,,,3,1,1,3,2
202100054551,2021-01-16 05:45:00,2021,1,16,5,45,972,97209,VICTOR LAMON (AVENUE),14.60527,-61.05627,Crépuscule ou aube,En agglomération,Hors intersection,Normale,Deux véhicules - arrière,4,2,2,0,1,3,1,0,1,50,,2,1,0,1,0,24.0,60.0,,,2,2,1,1,2
202100054552,2021-01-18 14:13:00,2021,1,18,14,13,69,69382,DOCTEUR GAILLETON (DU) (Q),45.7501986174,4.8315420956,Plein jour,En agglomération,Intersection en T,Temps couvert,Deux véhicules - arrière,4,1,3,0,1,1,2,0,1,50,,2,1,0,0,1,29.0,38.0,,,1,2,3,8,2
202100054553,2021-01-18 07:05:00,2021,1,18,7,5,971,97101,ROUTE DE BOISVINS,16.26741,-61.48439,Plein jour,En agglomération,Hors intersection,Normale,Autre collision,3,2,2,0,1,1,1,0,1,50,,2,1,0,0,1,43.0,,,,1,2,1,1,6
202100054554,2021-01-18 08:22:00,2021,1,18,8,22,95,95018,STALINGRAD (AVENUE DE),48.9521391317,2.2672150932,Crépuscule ou aube,En agglomération,Intersection en Y,Normale,Autre collision,3,2,2,0,1,1,1,0,1,50,,2,1,0,1,0,,,,,2,2,4,1,6
202100054555,2021-01-13 13:30:00,2021,1,13,13,30,89,89387,INDUSTRIE (RUE DE L'),48.2069944384,3.2700984166,Plein jour,En agglomération,Intersection en T,Pluie forte,Deux véhicules - côté,4,2,2,0,1,2,2,5,1,50,,3,1,0,0,2,27.0,37.0,,,1,2,3,3,3
202100054556,2021-01-09 10:50:00,2021,1,9,10,50,88,88160,REMIREMONT (RUE DE),48.161029,6.450702,Plein jour,En agglomération,Hors intersection,Normale,Autre collision,4,2,2,0,1,1,1,0,1,50,,2,1,0,0,1,94.0,,,,1,2,1,1,6
202100054557,2021-01-15 18:09:00,2021,1,15,18,9,87,87085,ALLENDE (QUAI SALVADOR),45.81847,1.25665,Nuit avec éclairage allumé,En agglomération,Hors intersection,Normale,Deux véhicules - côté,4,3,4,0,1,1,1,0,1,50,,2,1,0,0,1,26.0,57.0,,,5,2,1,1,3
202100054558,2021-01-15 16:58:00,2021,1,15,16,58,87,87085,THUILLAT (RUE VICTOR),45.84553,1.25591,Plein jour,En agglomération,Intersection en X,Normale,Sans collision,4,2,3,0,1,1,1,0,1,50,,1,0,0,0,1,26.0,,,,1,2,2,1,7
202100054559,2021-01-18 08:51:00,2021,1,18,8,51,87,87085,SAINTE CLAIRE (RUE),45.82357,1.24053,Plein jour,En agglomération,Intersection en T,Normale,Deux véhicules - côté,4,2,2,0,1,1,1,0,1,50,,2,1,0,0,1,37.0,29.0,,,1,2,3,1,3
202100054560,2021-01-15 17:33:00,2021,1,15,17,33,87,87113,MOULIN (AVENUE JEAN),45.85997,1.31623,Plein jour,En agglomération,Hors intersection,Normale,Sans collision,3,2,2,0,1,1,1,0,1,50,,1,0,0,1,0,60.0,,,,1,2,1,1,7
202100054561,2021-01-18 19:45:00,2021,1,18,19,45,83,83062,Avenue Jean Bartolini,43.123275,6.013741,Nuit avec éclairage allumé,En agglomération,Hors intersection,Normale,Deux véhicules - frontale,4,2,1,0,1,1,1,0,1,30,,2,1,0,0,1,71.0,27.0,,,5,2,1,1,1
202100054562,2021-01-14 10:20:00,2021,1,14,10,20,83,83129,REPUBLIQUE (rue DE LA),43.092993,5.839143,Plein jour,En agglomération,Hors intersection,Normale,Autre collision,7,1,1,0,1,1,1,6,1,30,,2,1,0,0,1,64.0,,,,1,2,1,1,6
202100054563,2021-01-18 13:50:00,2021,1,18,13,50,81,81004,MOISSAN (HENRI),43.92455,2.1899,Plein jour,En agglomération,Hors intersection,Normale,Deux véhicules - côté,4,2,2,0,1,1,1,0,1,50,,2,1,0,0,1,48.0,31.0,,,1,2,1,1,3
202100054564,2021-01-15 07:25:00,2021,1,15,7,25,80,80021,BEAUVILLE NORD (BOULEVARD DE),49.9064063122,2.3180496567,Nuit avec éclairage allumé,En agglomération,Hors intersection,Normale,Autre collision,4,2,3,0,4,1,1,0,1,50,,2,1,0,0,1,54.0,,,,5,2,1,1,6
202100054565,2021-01-14 19:35:00,2021,1,14,19,35,80,80021,REPUBLIQUE (RUE DE LA ),49.89131,2.29659,Nuit avec éclairage allumé,En agglomération,Hors intersection,Pluie légère,Deux véhicules - frontale,4,1,1,0,3,1,2,0,1,50,,2,1,0,0,1,28.0,59.0,,,5,2,1,2,1
202100054566,2021-01-14 13:00:00,2021,1,14,13,0,77,77169,BRIARDE (ALLEE DE LA),48.8205,2.61304,Plein jour,En agglomération,Hors intersection,Normale,Autre collision,4,2,2,0,1,1,1,0,1,50,,2,1,0,0,1,23.0,,,,1,2,1,1,6
202100054567,2021-01-18 07:15:00,2021,1,18,7,15,77,77186,D138a. girat chateau riviere .veneux,48.4032,2.7553,Nuit sans éclairage public,Hors agglomération,Hors intersection,Normale,Autre collision,3,2,2,0,2,1,1,0,1,70,,2,1,0,0,1,60.0,,,,3,1,1,1,6
202100054568,2021-01-15 13:15:00,2021,1,15,13,15,76,76351,Rue Félix Faure,49.5016960879,0.1160162687,Plein jour,Hors agglomération,Intersection à plus de 4 branches,Normale,Trois véhicules et plus - en chaîne,4,2,7,1,2,1,1,0,1,50,,3,2,0,0,1,32.0,76.0,,,1,1,5,1,4
202100054569,2021-01-16 05:05:00,2021,1,16,5,5,76,76351,D6382,49.52466,0.18005,Nuit sans éclairage public,Hors agglomération,Hors intersection,Normale,Autre collision,3,3,4,0,1,1,2,0,1,90,,2,0,1,0,1,40.0,,,,3,1,1,1,6
202100054570,2021-01-16 18:50:00,2021,1,16,18,50,71,71153,MARMAGNE (ROUTE DE),46.80866,4.39574,Nuit sans éclairage public,Hors agglomération,Hors intersection,Neige / grêle,Sans collision,3,2,2,0,2,1,5,0,1,50,,5,0,0,1,4,19.0,,,,3,1,1,4,7
202100054571,2021-01-16 15:00:00,2021,1,16,15,0,67,67447,GENERAL DE GAULLE (ROUTE DU),48.609781,7.738386,Plein jour,En agglomération,Hors intersection,Normale,Autre collision,4,1,1,0,1,1,2,9,8,30,,2,1,0,0,1,21.0,,,,1,2,1,1,6
202100054572,2021-01-17 14:00:00,2021,1,17,14,0,64,64102,PAULMY (AVENUE DES ALLEES),43.49287,-1.48023,Plein jour,En agglomération,Hors intersection,Pluie légère,Sans collision,4,2,4,0,2,1,2,0,1,50,,1,0,0,0,1,29.0,,,,1,2,1,2,7
202100054573,2021-01-16 11:00:00,2021,1,16,11,0,64,64102,SABALCE (CHEMIN DE),43.4978,-1.49106,Plein jour,En agglomération,Hors intersection,Pluie légère,Deux véhicules - côté,4,2,2,0,1,1,2,0,1,50,,2,1,0,1,0,49.0,47.0,,,1,2,1,2,3
202100054574,2021-01-16 09:04:00,2021,1,16,9,4,64,64024,BAB (Boulevard),43.49754,-1.50435,Plein jour,En agglomération,Hors intersection,Pluie légère,Deux véhicules - frontale,4,3,4,0,1,1,2,0,1,50,,2,1,0,0,1,36.0,35.0,,,1,2,1,2,1
202100054575,2021-01-16 20:00:00,2021,1,16,20,0,63,63113,ORADOU (RUE DE L'),45.76423,3.12548,Nuit avec éclairage allumé,En agglomération,Intersection à plus de 4 branches,Normale,Deux véhicules - côté,7,2,2,0,1,1,1,0,1,50,,3,2,0,0,1,33.0,27.0,,,5,2,5,1,3
202100054576,2021-01-16 13:05:00,2021,1,16,13,5,63,63113,BRUGIERE (BD AMBROISE),45.78948,3.11808,Plein jour,En agglomération,Hors intersection,Normale,Deux véhicules - arrière,7,3,4,0,1,1,1,0,1,50,,2,1,0,0,1,38.0,72.0,,,1,2,1,1,2
202100054577,2021-01-14 16:51:00,2021,1,14,16,51,63,63113,ROUVIER (RUE),45.80668,3.11658,Plein jour,En agglomération,Hors intersection,Normale,Deux véhicules - côté,4,2,2,0,1,1,1,0,1,50,,2,1,0,0,1,20.0,30.0,,,1,2,1,1,3
202100054578,2021-01-18 17:50:00,2021,1,18,17,50,62,62193,FRANCOIS MAURIAC ,50.95709,1.89805,Nuit avec éclairage allumé,En agglomération,Hors intersection,Normale,Autre collision,4,2,2,0,1,1,1,0,1,50,,2,1,0,1,0,36.0,,,,5,2,1,1,6
202100054579,2021-01-18 12:10:00,2021,1,18,12,10,59,59343,SCHWEITZER RUE DU DOCTEUR,50.59028,3.10197,Plein jour,En agglomération,Autre intersection,Normale,Autre collision,4,2,2,0,1,1,2,0,4,30,,2,0,1,0,1,84.0,,,,1,2,9,1,6
202100054580,2021-01-09 05:20:00,2021,1,9,5,20,59,59220,FRANCE ANATOLE RUE,50.603566,3.064945,Nuit avec éclairage allumé,En agglomération,Hors intersection,Normale,Autre collision,4,2,2,0,1,4,1,0,1,50,,2,1,0,0,1,33.0,,,,5,2,1,1,6
202100054581,2021-01-18 15:15:00,2021,1,18,15,15,56,56260,CLISCOUET (GIRATOIRE),47.64,-2.7694,Plein jour,En agglomération,Giratoire,Normale,Deux véhicules - côté,4,1,1,0,2,1,1,5,1,30,,4,3,0,0,1,58.0,21.0,,,1,2,6,1,3
202100054582,2021-01-17 05:40:00,2021,1,17,5,40,56,56162,KERGOAT,47.73283,-3.48495,Nuit avec éclairage non allumé,Hors agglomération,Hors intersection,Pluie légère,Autre collision,3,2,2,0,1,1,2,0,1,30,,1,0,0,0,1,49.0,,,,4,1,1,2,6
202100054583,2021-01-18 23:35:00,2021,1,18,23,35,54,54547,LECLERC (AVENUE DU GENERAL),48.65918,6.15853,Nuit avec éclairage allumé,En agglomération,Hors intersection,Temps couvert,Autre collision,7,3,2,0,2,3,2,0,1,50,,1,0,0,1,0,44.0,,,,5,2,1,8,6
202100054584,2021-01-13 18:24:00,2021,1,13,18,24,54,54547,EUROPE (BOULEVARD DE L'),48.6601145212,6.1763709784,Nuit avec éclairage allumé,En agglomération,Hors intersection,Normale,Autre collision,4,3,4,0,1,1,1,0,1,50,,2,1,0,0,1,,,,,5,2,1,1,6
202100054585,2021-01-16 16:35:00,2021,1,16,16,35,49,49328,TUNNEL (RUE DU),47.24155,-0.06855,Plein jour,En agglomération,Hors intersection,Normale,Autre collision,9,1,1,0,1,1,1,0,1,30,,2,1,0,1,0,80.0,,,,1,2,1,1,6
202100054586,2021-01-17 15:40:00,2021,1,17,15,40,49,49328,MUSEE DU MOTEUR (ROND-POINT DU),47.25217,-0.0873,Plein jour,En agglomération,Giratoire,Normale,Deux véhicules - côté,4,1,1,0,1,2,1,0,1,50,,2,1,0,1,0,60.0,58.0,,,1,2,6,1,3
202100054587,2021-01-15 22:45:00,2021,1,15,22,45,49,49099,CALINS (AVENUE DES),47.05948,-0.87402,Nuit avec éclairage allumé,En agglomération,Intersection en X,Temps couvert,Deux véhicules - côté,4,2,4,0,2,1,2,0,1,50,,3,2,0,1,0,17.0,33.0,,,5,2,2,8,3
202100054588,2021-01-18 16:47:00,2021,1,18,16,47,49,49246,GUILLEBOTTE AVENUE,47.43304,-0.51746,Plein jour,En agglomération,Hors intersection,Normale,Sans collision,4,2,2,0,1,1,1,0,1,50,,1,0,0,0,1,45.0,,,,1,2,1,1,7
202100054589,2021-01-15 02:00:00,2021,1,15,2,0,49,49267,MORLIERE AVENUE,47.46292,-0.47914,Nuit avec éclairage allumé,En agglomération,Hors intersection,Pluie légère,Autre collision,4,2,2,0,1,3,2,0,8,50,,2,1,0,1,0,24.0,,,,5,2,1,2,6
202100054590,2021-01-18 06:52:00,2021,1,18,6,52,47,47031,Rocade,44.17396,0.62909,Nuit sans éclairage public,Hors agglomération,Hors intersection,Brouillard / fumée,Deux véhicules - arrière,4,2,2,0,1,1,1,0,1,70,,2,1,0,0,1,51.0,,,,3,1,1,5,2
202100054591,2021-01-15 17:45:00,2021,1,15,17,45,39,39150,,47.055,5.44014,Nuit sans éclairage public,Hors agglomération,Hors intersection,Temps couvert,Deux véhicules - arrière,3,3,4,0,1,1,2,0,1,90,,2,1,0,0,1,34.0,48.0,,,3,1,1,8,2
202100054592,2021-01-15 08:00:00,2021,1,15,8,0,38,38544,Rue de la Charité,45.52539,4.87704,Nuit avec éclairage allumé,En agglomération,Hors intersection,Pluie légère,Deux véhicules - arrière,4,1,1,0,2,1,2,0,1,50,,2,1,0,0,1,48.0,42.0,,,5,2,1,2,2
202100054593,2021-01-18 09:30:00,2021,1,18,9,30,33,33013,Avenue de Virecourt,44.85448,-0.49951,Plein jour,En agglomération,Hors intersection,Normale,Deux véhicules - côté,4,3,2,0,2,1,1,0,1,50,,2,1,0,0,1,59.0,26.0,,,1,2,1,1,3
202100054594,2021-01-18 07:55:00,2021,1,18,7,55,33,33281,Avenue de l’Yser,44.84142,-0.64986,Crépuscule ou aube,En agglomération,Intersection en Y,Normale,Deux véhicules - frontale,4,2,2,0,1,1,1,0,1,50,,2,1,0,0,1,45.0,30.0,,,2,2,4,1,1
202100054595,2021-01-18 18:30:00,2021,1,18,18,30,30,30007,BRUEGES (CHEMIN DE),44.14104,4.09004,Nuit avec éclairage allumé,En agglomération,Hors intersection,Normale,Autre collision,4,2,2,0,3,3,1,0,1,50,,2,1,0,1,0,40.0,,,,5,2,1,1,6
202100054596,2021-01-17 10:20:00,2021,1,17,10,20,22,22215,rue de bel air,48.497377649,-2.7901047507,Plein jour,En agglomération,Intersection en T,Normale,Deux véhicules - côté,3,2,2,-1,1,1,1,8,1,-1,,2,1,0,0,1,56.0,9.0,,,1,2,3,1,3
202100054597,2021-01-16 11:00:00,2021,1,16,11,0,19,19031,PASTEUR (AVENUE),45.16646,1.53169,Plein jour,En agglomération,Intersection en T,Normale,Sans collision,3,2,2,0,1,1,1,0,1,50,,2,1,0,1,0,47.0,,,,1,2,3,1,7
202100054598,2021-01-18 14:00:00,2021,1,18,14,0,13,13211,MIREILLE LAUZE (Bd),43.28866,5.4362,Plein jour,En agglomération,Hors intersection,Normale,Deux véhicules - côté,4,2,3,0,1,1,1,0,1,50,,2,1,0,0,1,31.0,64.0,,,1,2,1,1,3
202100054599,2021-01-18 09:45:00,2021,1,18,9,45,13,13213,SAINT PAUL (AVENUE),43.3267220011,5.4095904329,Plein jour,En agglomération,Hors intersection,Normale,Autre collision,4,2,2,0,1,1,1,0,1,50,,2,1,0,0,1,,,,,1,2,1,1,6
202100054600,2021-01-15 23:00:00,2021,1,15,23,0,12,12013,Rue Jules Guesde,44.5276,2.2622,Nuit avec éclairage allumé,En agglomération,Hors intersection,Normale,Deux véhicules - frontale,3,2,2,0,1,1,1,0,1,50,,5,0,0,0,5,49.0,20.0,,,5,2,1,1,1
202100054601,2021-01-18 08:20:00,2021,1,18,8,20,75,75113,QUAI D IVRY,48.826081,2.387937,Plein jour,En agglomération,Hors intersection,Normale,Deux véhicules - arrière,4,-1,4,0,1,1,1,0,1,70,,2,1,0,0,1,23.0,30.0,,,1,2,1,1,2
202100054602,2021-01-18 17:30:00,2021,1,18,17,30,75,75120,BOULEVARD DE MENILMONTANT,48.866366,2.383667,Crépuscule ou aube,En agglomération,Hors intersection,Normale,Autre collision,4,1,1,1,1,1,1,-1,5,30,,2,0,0,0,2,19.0,,,,2,2,1,1,6
202100054603,2021-01-18 16:35:00,2021,1,18,16,35,75,75113,AVENUE D ITALIE,48.820299,2.359105,Plein jour,En agglomération,Hors intersection,Normale,Autre collision,4,2,4,1,1,1,1,0,1,50,,2,1,0,0,1,27.0,,,,1,2,1,1,6
202100054604,2021-01-18 08:30:00,2021,1,18,8,30,75,75112,RUE DE LYON,48.851432,2.369902,Plein jour,En agglomération,Intersection en T,Normale,Deux véhicules - côté,4,2,3,3,1,1,1,0,1,50,,2,1,0,0,1,18.0,36.0,,,1,2,3,1,3
202100054605,2021-01-18 19:35:00,2021,1,18,19,35,75,75112,BOULEVARD DIDEROT,48.845528,2.371146,Nuit avec éclairage allumé,En agglomération,Intersection en T,Normale,Deux véhicules - côté,4,1,2,3,1,1,1,0,1,30,,2,1,0,0,1,31.0,49.0,,,5,2,3,1,3
202100054606,2021-01-17 20:15:00,2021,1,17,20,15,75,75111,AVENUE DE LA REPUBLIQUE,48.864617,2.378038,Nuit avec éclairage allumé,En agglomération,Intersection en X,Temps couvert,Deux véhicules - côté,4,2,2,1,1,1,2,0,1,50,,2,0,0,0,2,32.0,35.0,,,5,2,2,8,3
202100054607,2021-01-18 16:50:00,2021,1,18,16,50,75,75109,RUE VIGNON,48.871893,2.326462,Crépuscule ou aube,En agglomération,Hors intersection,Normale,Autre collision,4,1,1,0,1,1,1,0,1,50,,1,0,0,0,1,41.0,,,,2,2,1,1,6
202100054608,2021-01-18 13:25:00,2021,1,18,13,25,94,94081,JULES LAGAISSE (R),48.79733,2.38028,Plein jour,En agglomération,Hors intersection,Normale,Autre collision,4,-1,2,0,1,1,1,0,1,30,,2,1,0,0,1,34.0,,,,1,2,1,1,6
202100054609,2021-01-18 10:20:00,2021,1,18,10,20,94,94081,JULES GUESDE (QU),48.80289,2.41034,Plein jour,En agglomération,Intersection en T,Normale,Deux véhicules - côté,4,2,2,0,1,1,1,0,1,50,,2,1,0,0,1,21.0,33.0,,,1,2,3,1,3
202100054610,2021-01-17 13:55:00,2021,1,17,13,55,94,94079,GENERAL GALLIENI (RUE DU),48.824,2.541,Plein jour,En agglomération,Hors intersection,Normale,Deux véhicules - côté,3,2,2,0,2,1,1,0,1,50,,2,1,0,1,0,33.0,,,,1,2,1,1,3
202100054611,2021-01-17 19:25:00,2021,1,17,19,25,94,94002,Rue Charles de Gaulle / Rue Véron,48.81455,2.4139,Nuit avec éclairage allumé,En agglomération,Intersection en X,Normale,Deux véhicules - côté,3,2,2,1,1,1,2,5,1,50,,2,1,0,0,1,26.0,26.0,,,5,2,2,1,3
202100054612,2021-01-18 15:40:00,2021,1,18,15,40,93,93062,MARCHE ROND POINT DE MONTFERMEIL,48.8957,2.5269,Plein jour,En agglomération,Autre intersection,Normale,Autre collision,4,1,2,0,1,2,1,0,1,50,,2,1,0,0,1,,,,,1,2,9,1,6
202100054613,2021-01-17 23:20:00,2021,1,17,23,20,93,93046,ARISTIDE BRIAND AVENUE,48.9107,2.5129,Nuit avec éclairage allumé,En agglomération,Hors intersection,Normale,Trois véhicules et plus - en chaîne,3,-1,1,0,1,1,1,8,1,50,,4,2,0,0,2,,33.0,,,5,2,1,1,4
202100054614,2021-01-18 09:50:00,2021,1,18,9,50,93,93006,CARNOT RUE SADI,48.8763,2.42592,Plein jour,En agglomération,Intersection en X,Normale,Deux véhicules - côté,3,1,2,1,3,1,1,0,1,50,,2,1,0,0,1,53.0,27.0,,,1,2,2,1,3
202100054615,2021-01-18 14:25:00,2021,1,18,14,25,93,93029,CHARLES GIDE,48.9182990618,2.4434806282,Plein jour,En agglomération,Autre intersection,Normale,Sans collision,4,2,1,0,1,1,1,0,1,50,,1,0,0,0,1,21.0,,,,1,2,9,1,7
202100054616,2021-01-18 17:50:00,2021,1,18,17,50,93,93010,RENDEZ-VOUS (AL. DU),48.9032482959,2.4960746073,Nuit sans éclairage public,En agglomération,Hors intersection,Normale,Autre collision,4,-1,1,0,1,1,1,0,8,30,,2,1,0,0,1,21.0,,,,3,2,1,1,6
202100054617,2021-01-18 12:15:00,2021,1,18,12,15,92,92046,FABIEN (BOULEVARD DU COLONEL),48.8118382553,2.2807359695,Plein jour,En agglomération,Hors intersection,Normale,Deux véhicules - côté,3,2,2,0,2,1,2,0,1,50,,2,1,0,0,1,28.0,51.0,,,1,2,1,1,3
202100054618,2021-01-18 17:40:00,2021,1,18,17,40,92,92064,DAILLY,48.8446999397,2.2203371147,Nuit avec éclairage allumé,En agglomération,Hors intersection,Normale,Deux véhicules - arrière,3,2,2,2,2,1,1,0,1,50,,2,1,0,0,1,31.0,31.0,,,5,2,1,1,2
202100054619,2021-01-14 11:30:00,2021,1,14,11,30,92,92063,JUIN (AVENUE DU MARECHAL),48.88137,2.18439,Plein jour,En agglomération,Intersection en X,Pluie légère,Autre collision,3,3,3,0,1,1,2,5,1,50,,2,1,0,1,0,39.0,,,,1,2,2,2,6
202100054620,2021-01-17 22:29:00,2021,1,17,22,29,92,92044,PDT WILSON(RUE) 2A24 ET 1A21,48.89039,2.2919,Nuit avec éclairage allumé,En agglomération,Hors intersection,Normale,Deux véhicules - arrière,4,2,3,0,1,1,1,0,8,70,,2,1,0,0,1,26.0,,,,5,2,1,1,2
202100054621,2021-01-19 16:45:00,2021,1,19,16,45,60,60590,intersection d901 d72,49.5396240326,1.9955935477,Plein jour,Hors agglomération,Intersection en T,Normale,Deux véhicules - côté,3,2,2,0,2,1,1,0,1,80,,4,0,1,1,2,24.0,83.0,,,1,1,3,1,3
202100054622,2021-01-18 22:45:00,2021,1,18,22,45,28,28219,"PK 103+100, Autoroute A11 sens PARIS/Province",48.231811,1.029196,Nuit sans éclairage public,Hors agglomération,Hors intersection,Normale,Autre collision,1,3,5,0,1,1,1,0,1,130,,7,0,0,2,5,21.0,,,,3,1,1,1,6
202100054623,2021-01-18 17:35:00,2021,1,18,17,35,63,63326,Route de Neuville,45.698931211,2.8776615858,Nuit sans éclairage public,Hors agglomération,Hors intersection,Normale,Autre collision,4,2,2,0,2,1,2,0,3,80,,1,0,0,1,0,51.0,,,,3,1,1,1,6
202100054624,2021-01-17 17:50:00,2021,1,17,17,50,14,14738,A84,49.164364,-0.436964,Nuit sans éclairage public,Hors agglomération,Hors intersection,Pluie légère,Deux véhicules - arrière,1,3,4,0,1,1,2,0,1,130,,3,2,0,0,1,47.0,30.0,,,3,1,1,2,2
202100054625,2021-01-19 09:50:00,2021,1,19,9,50,04,04033,RD 900 B,44.44576,6.329573,Plein jour,Hors agglomération,Hors intersection,Normale,Deux véhicules - frontale,3,2,2,0,2,2,7,0,1,80,,4,1,0,2,1,25.0,72.0,,,1,1,1,1,1
202100054626,2021-01-18 09:30:00,2021,1,18,9,30,81,81204,RD65,43.521637,2.3279,Plein jour,Hors agglomération,Hors intersection,Brouillard / fumée,Autre collision,3,2,2,0,1,3,1,0,3,80,,1,0,0,1,0,20.0,,,,1,1,1,5,6