accident_id,datetime,annee,mois,jour,heure,minute,departement,commune_insee,adresse,latitude,longitude,luminosite,agglomeration,intersection,meteo,collision,catr,circ,nbv,vosp,prof,plan,surf,infra,situ,vma,nb_vehicules,nb_usagers,nb_indemnes,nb_tues,nb_blesses_hosp,nb_blesses_legers,age_cond_1,age_cond_2,veh_type_cond_1,veh_type_cond_2,lum_code,agg_code,int_code,atm_code,col_code
202100054627,2021-01-18 16:05:00,2021,1,18,16,5,63,63202,intersection D214 - D723,45.428937,3.193202,Plein jour,Hors agglomération,Intersection en X,Normale,Deux véhicules - côté,3,-1,2,0,1,1,1,5,1,80,,2,1,1,0,0,84.0,57.0,,,1,1,2,1,3
202100054628,2021-01-17 12:00:00,2021,1,17,12,0,63,63457,gardaillat,45.649921,3.226161,Plein jour,Hors agglomération,Hors intersection,Pluie légère,Autre collision,4,2,2,0,1,2,6,0,3,-1,,1,0,0,1,0,32.0,,,,1,1,1,2,6
202100054629,2021-01-18 08:34:00,2021,1,18,8,34,61,61293,Rue de la Poudriere,48.514767,0.547353,Plein jour,En agglomération,Hors intersection,Autre,Sans collision,4,2,2,0,2,1,7,0,1,50,,1,0,0,1,0,59.0,,,,1,2,1,9,7
202100054630,2021-01-18 15:00:00,2021,1,18,15,0,49,49347,Rue d'anjou,47.62031,-0.466361,Plein jour,En agglomération,Intersection en X,Normale,Deux véhicules - côté,3,2,2,0,1,1,1,5,1,50,,3,2,0,1,0,29.0,16.0,,,1,2,2,1,3
202100054631,2021-01-18 15:40:00,2021,1,18,15,40,31,31106,Avenue de Toulouse,43.531493,1.754969,Plein jour,En agglomération,Hors intersection,Normale,Deux véhicules - frontale,3,2,2,0,1,1,1,0,1,50,,2,1,0,1,0,27.0,62.0,,,1,2,1,1,1
202100054632,2021-01-19 13:45:00,2021,1,19,13,45,31,31522,route départemantale 3,43.299114,0.831553,Plein jour,Hors agglomération,Hors intersection,Normale,Sans collision,3,2,2,0,1,1,1,0,1,-1,,1,0,0,1,0,31.0,,,,1,1,1,1,7
202100054633,2021-01-19 13:00:00,2021,1,19,13,0,03,03226,D994,46.3694589268,3.8585452398,Plein jour,Hors agglomération,Hors intersection,Normale,Deux véhicules - frontale,3,2,2,0,1,1,1,0,1,90,,2,1,0,1,0,60.0,24.0,,,1,1,1,1,1
202100054634,2021-01-18 17:43:00,2021,1,18,17,43,06,06059,707 Avenue Georges Clemenceau,43.73036,7.377516,Nuit avec éclairage allumé,Hors agglomération,Hors intersection,Normale,Deux véhicules - arrière,7,2,2,0,1,3,1,0,1,70,,2,1,0,1,0,37.0,51.0,,,5,1,1,1,2
202100054635,2021-01-19 14:25:00,2021,1,19,14,25,83,83039,RD 554,43.5127782565,6.0188041867,Plein jour,Hors agglomération,Hors intersection,Normale,Trois véhicules et plus - en chaîne,3,2,2,0,1,1,1,0,1,80,,4,0,0,1,3,40.0,54.0,,,1,1,1,1,4
202100054636,2021-01-19 10:35:00,2021,1,19,10,35,83,83046,ROUTE DEPARTEMENTALE 50,43.520529268,6.1621007867,Plein jour,En agglomération,Hors intersection,Normale,Autre collision,3,2,2,0,1,1,1,0,1,50,,2,1,0,1,0,,,,,1,2,1,1,6
202100054637,2021-01-18 16:30:00,2021,1,18,16,30,09,09223,RD32,42.8802957935,1.2156103824,Plein jour,En agglomération,Giratoire,Temps éblouissant,Autre collision,3,2,2,0,1,2,1,0,3,50,,1,0,1,0,0,87.0,,,,1,2,6,7,6
202100054638,2021-01-19 12:45:00,2021,1,19,12,45,16,16064,la Boulinière,45.944406,0.866375,Plein jour,Hors agglomération,Hors intersection,Normale,Deux véhicules - frontale,3,2,2,0,2,1,1,0,1,70,,2,0,0,0,2,29.0,23.0,,,1,1,1,1,1
202100054639,2021-01-19 11:10:00,2021,1,19,11,10,40,40217,Route de Lahitte,44.354246,-1.103273,Plein jour,Hors agglomération,Hors intersection,Normale,Autre collision,4,2,2,0,1,1,1,0,1,80,,2,1,0,1,0,60.0,,,,1,1,1,1,6
202100054640,2021-01-19 09:35:00,2021,1,19,9,35,28,28199,9 Place du Martroi,48.199956,1.883345,Plein jour,En agglomération,Place,Temps éblouissant,Autre collision,4,2,2,0,1,1,1,0,1,30,,2,1,0,0,1,62.0,,,,1,2,7,7,6
202100054641,2021-01-19 08:45:00,2021,1,19,8,45,973,97309,D23,4.901282,-52.305286,Plein jour,Hors agglomération,Hors intersection,Normale,Deux véhicules - arrière,3,2,2,0,3,1,1,0,1,80,,2,1,0,1,0,26.0,27.0,,,1,1,1,1,2
202100054642,2021-01-17 17:00:00,2021,1,17,17,0,988,98820,mouli,-20.722521,166.409526,Plein jour,Hors agglomération,Hors intersection,Normale,Sans collision,4,2,2,0,1,1,1,0,3,90,,1,0,0,1,0,64.0,,,,1,1,1,1,7
202100054643,2021-01-19 06:50:00,2021,1,19,6,50,974,97424,RN5 PK 20.050,-21.188983,55.451174,Plein jour,Hors agglomération,Hors intersection,Normale,Autre collision,2,2,2,0,2,3,1,0,3,80,,2,0,0,0,2,67.0,,,,1,1,1,1,6
202100054644,2021-01-19 10:45:00,2021,1,19,10,45,973,97305,"RN1, PK 10.100",4.910274,-52.370099,Plein jour,Hors agglomération,Hors intersection,Vent fort / tempête,Sans collision,2,2,2,0,1,1,1,2,1,70,,1,0,0,1,0,49.0,,,,1,1,1,6,7
202100054645,2021-01-19 05:00:00,2021,1,19,5,0,971,97117,Nationale 5,16.335697,-61.376538,Nuit sans éclairage public,Hors agglomération,Hors intersection,Normale,Deux véhicules - frontale,2,2,2,0,1,3,1,0,1,80,,2,1,1,0,0,30.0,51.0,,,3,1,1,1,1
202100054646,2021-01-18 07:15:00,2021,1,18,7,15,37,37163,rue d'amboise,47.4195180527,0.9776048015,Nuit avec éclairage allumé,En agglomération,Giratoire,Temps couvert,Deux véhicules - côté,4,2,2,0,1,2,1,9,1,50,,2,1,0,0,1,28.0,47.0,,,5,2,6,8,3
202100054647,2021-01-18 05:50:00,2021,1,18,5,50,95,95370,D915,49.132602,1.989191,Nuit sans éclairage public,Hors agglomération,Hors intersection,Normale,Deux véhicules - côté,3,2,2,0,4,2,7,0,1,80,,2,1,0,1,0,49.0,48.0,,,3,1,1,1,3
202100054648,2021-01-19 17:15:00,2021,1,19,17,15,2B,2B205,RD 81,42.694754,9.334323,Crépuscule ou aube,Hors agglomération,Hors intersection,Normale,Deux véhicules - frontale,3,2,2,0,1,3,1,0,1,70,,2,0,0,0,2,74.0,47.0,,,2,1,1,1,1
202100054649,2021-01-16 09:58:00,2021,1,16,9,58,67,67519,D468,48.642352,7.78892,Plein jour,Hors agglomération,Hors intersection,Neige / grêle,Deux véhicules - frontale,7,2,2,0,1,1,5,0,1,80,,2,1,0,1,0,77.0,24.0,,,1,1,1,4,1
202100054650,2021-01-18 17:17:00,2021,1,18,17,17,03,03102,D779 - Route Nationale,46.5242410083,3.678709325,Plein jour,En agglomération,Hors intersection,Temps couvert,Autre collision,3,2,2,0,1,2,1,0,1,50,,1,0,0,1,0,15.0,,,,1,2,1,8,6
202100054651,2021-01-18 17:20:00,2021,1,18,17,20,44,44047,M26,47.228589,-1.710788,Crépuscule ou aube,Hors agglomération,Intersection en T,Normale,Deux véhicules - côté,7,2,2,0,1,1,1,0,1,70,,2,1,0,0,1,20.0,59.0,,,2,1,3,1,3
202100054652,2021-01-18 19:16:00,2021,1,18,19,16,60,60134,D137,49.3183755697,2.432350109,Nuit sans éclairage public,En agglomération,Intersection en X,Normale,Deux véhicules - arrière,3,2,2,0,1,1,1,6,1,70,,2,0,0,1,1,26.0,21.0,,,3,2,2,1,2
202100054653,2021-01-18 18:09:00,2021,1,18,18,9,59,59640,CD 649,50.297427,3.68654,Nuit sans éclairage public,Hors agglomération,Hors intersection,Pluie légère,Sans collision,3,3,4,0,1,1,2,0,3,110,,1,0,1,0,0,41.0,,,,3,1,1,2,7
202100054654,2021-01-19 16:25:00,2021,1,19,16,25,59,59252,Rue de Messines,50.711192,2.939422,Plein jour,En agglomération,Giratoire,Normale,Deux véhicules - côté,7,2,2,0,1,3,1,0,1,80,,2,1,0,0,1,89.0,53.0,,,1,2,6,1,3
202100054655,2021-01-18 16:20:00,2021,1,18,16,20,59,59523,Rue des Hauts de Sainghin,50.584909,3.142959,Plein jour,Hors agglomération,Hors intersection,Pluie légère,Autre collision,7,2,2,0,1,1,2,0,3,50,,1,0,0,1,0,60.0,,,,1,1,1,2,6
202100054656,2021-01-15 18:45:00,2021,1,15,18,45,59,59196,AUTOROUTE A25,50.631549,2.954205,Nuit sans éclairage public,Hors agglomération,Hors intersection,Normale,Trois véhicules et plus - en chaîne,1,3,4,0,1,1,1,0,1,110,,4,3,0,0,1,21.0,47.0,,,3,1,1,1,4
202100054657,2021-01-18 18:10:00,2021,1,18,18,10,91,91161,AUTOROUTE A6,48.7197,2.31081,Nuit sans éclairage public,Hors agglomération,Hors intersection,Normale,Deux véhicules - arrière,1,1,3,0,1,1,1,0,1,110,,2,1,0,0,1,62.0,21.0,,,3,1,1,1,2
202100054658,2021-01-18 09:55:00,2021,1,18,9,55,78,78402,A13,48.963851,1.7902,Plein jour,Hors agglomération,Hors intersection,Normale,Autre collision,1,3,6,0,1,1,2,0,2,110,,1,0,0,0,1,38.0,,,,1,1,1,1,6
202100054659,2021-01-17 12:15:00,2021,1,17,12,15,92,92036,AUTOROUTE A86,48.93257,2.32193,Plein jour,Hors agglomération,Hors intersection,Pluie légère,Trois véhicules et plus - collisions multiples,1,3,8,0,1,1,2,0,1,90,,12,10,0,0,2,38.0,30.0,,,1,1,1,2,5
202100054660,2021-01-17 13:40:00,2021,1,17,13,40,93,93010,AUTOROUTE A3,48.90632,2.47207,Plein jour,Hors agglomération,Hors intersection,Pluie légère,Deux véhicules - côté,1,3,6,0,1,1,2,0,1,90,,2,1,0,0,1,28.0,28.0,,,1,1,1,2,3
202100054661,2021-01-15 20:55:00,2021,1,15,20,55,95,95582,A15,48.97364,2.2462,Nuit sans éclairage public,Hors agglomération,Hors intersection,Normale,Deux véhicules - arrière,1,3,10,0,1,3,1,0,1,110,,2,1,0,0,1,49.0,47.0,,,3,1,1,1,2
202100054662,2021-01-18 19:30:00,2021,1,18,19,30,94,94069,A4,48.817392416,2.4362247214,Nuit sans éclairage public,Hors agglomération,Hors intersection,Pluie légère,Deux véhicules - arrière,1,1,2,0,1,1,2,0,1,90,,2,1,0,0,1,77.0,31.0,,,3,1,1,2,2
202100054663,2021-01-17 19:00:00,2021,1,17,19,0,976,97611,doujani-Mosquée de doujani ( rue de la ),-12.79422,45.21501,Nuit avec éclairage allumé,En agglomération,Hors intersection,Normale,Deux véhicules - frontale,4,2,0,0,1,1,1,0,1,50,,2,1,0,0,1,35.0,23.0,,,5,2,1,1,1
202100054664,2021-01-17 04:17:00,2021,1,17,4,17,972,97213,ROUTE DEPARTEMENTALE 3,14.66245,-60.99457,Nuit sans éclairage public,Hors agglomération,Hors intersection,Normale,Sans collision,3,2,2,0,1,1,1,0,8,70,,2,1,0,0,1,55.0,,,,3,1,1,1,7
202100054665,2021-01-17 12:45:00,2021,1,17,12,45,972,97209,MOUTTE (ROUTE DE),14.62404,-61.0511,Plein jour,Hors agglomération,Hors intersection,Normale,Autre collision,4,2,2,0,2,1,1,0,3,50,,1,0,0,0,1,61.0,,,,1,1,1,1,6
202100054666,2021-01-16 11:25:00,2021,1,16,11,25,972,97209,BRETELLE SORTIE ROCADE,14.61503,-61.05325,Plein jour,Hors agglomération,Hors intersection,Normale,Deux véhicules - arrière,3,3,4,0,2,2,1,2,1,60,,3,2,0,0,1,51.0,38.0,,,1,1,1,1,2
202100054667,2021-01-17 14:30:00,2021,1,17,14,30,69,69389,JOANNES CARRET (R),45.792855589,4.8199432944,Plein jour,En agglomération,Hors intersection,Temps éblouissant,Deux véhicules - arrière,4,2,2,3,1,1,2,0,1,50,,2,1,0,0,1,36.0,13.0,,,1,2,1,7,2
202100054668,2021-01-17 11:45:00,2021,1,17,11,45,69,69152,BARRAGE (DU) (CHM),45.6934708071,4.8278152943,Plein jour,Hors agglomération,Giratoire,Neige / grêle,Autre collision,4,1,1,0,2,2,2,9,1,50,,1,0,0,0,1,30.0,,,,1,1,6,4,6
202100054669,2021-01-17 06:30:00,2021,1,17,6,30,971,97101,PERRIN,16.29232,-61.51168,Crépuscule ou aube,Hors agglomération,Hors intersection,Pluie légère,Deux véhicules - frontale,3,2,2,0,1,1,2,0,1,70,,2,0,0,2,0,35.0,55.0,,,2,1,1,2,1
202100054670,2021-01-14 18:10:00,2021,1,14,18,10,95,95572,PARIS (AVENUE DE) - RD 14,49.04171,2.11221,Nuit avec éclairage allumé,En agglomération,Hors intersection,Pluie légère,Autre collision,3,2,2,0,1,1,2,0,1,40,,2,1,0,0,1,,,,,5,2,1,2,6
202100054671,2021-01-17 17:25:00,2021,1,17,17,25,83,83137,HERRIOT (AVE EDOUARD),43.1293,5.89979,Crépuscule ou aube,En agglomération,Hors intersection,Normale,Autre collision,3,2,2,0,1,1,1,0,4,50,,2,1,0,1,0,52.0,,,,2,2,1,1,6
202100054672,2021-01-16 18:15:00,2021,1,16,18,15,74,74012,ETREMBIERES (ROUTE D'),46.18439,6.23076,Nuit sans éclairage public,En agglomération,Hors intersection,Normale,Autre collision,3,3,2,0,2,1,1,9,1,50,,3,2,0,1,0,55.0,60.0,,,3,2,1,1,6
202100054673,2021-01-11 13:50:00,2021,1,11,13,50,73,73008,GRAND PORT (RONDEAU) AVENUE DU,45.6969368522,5.9071993828,Plein jour,En agglomération,Giratoire,Normale,Autre collision,3,2,2,2,1,1,1,-1,1,50,,2,1,0,0,1,55.0,,,,1,2,6,1,6
202100054674,2021-01-17 17:20:00,2021,1,17,17,20,69,69256,GARIBALDI (AV),45.76728,4.93361,Nuit avec éclairage allumé,En agglomération,Hors intersection,Autre,Deux véhicules - arrière,7,2,4,0,1,1,2,0,1,50,,3,0,0,0,3,50.0,28.0,,,5,2,1,9,2
202100054675,2021-01-15 19:10:00,2021,1,15,19,10,69,69282,REPUBLIQUE (DE LA) (R),45.76674,5.00268,Nuit avec éclairage allumé,En agglomération,Hors intersection,Temps couvert,Autre collision,4,2,2,0,1,1,2,0,1,50,,2,1,0,0,1,38.0,,,,5,2,1,8,6
202100054676,2021-01-17 18:10:00,2021,1,17,18,10,59,59599,DROUOT (RUE DU GENERAL),50.73312,3.18659,Nuit avec éclairage allumé,En agglomération,Intersection en T,Temps couvert,Deux véhicules - côté,4,2,2,0,1,1,2,0,1,50,,7,1,0,0,6,39.0,35.0,,,5,2,3,8,3
202100054677,2021-01-16 17:30:00,2021,1,16,17,30,59,59386,WAMBRECHIES RUE DE,50.67855,3.06378,Crépuscule ou aube,En agglomération,Intersection en T,Neige / grêle,Trois véhicules et plus - collisions multiples,7,2,2,0,1,1,5,0,1,50,,7,6,0,0,1,31.0,35.0,,,2,2,3,4,5
202100054678,2021-01-17 06:20:00,2021,1,17,6,20,35,35238,COMBES (BD EMILE),48.09348,-1.66777,Nuit avec éclairage allumé,En agglomération,Hors intersection,Pluie légère,Autre collision,4,2,2,2,1,2,2,0,4,50,,2,0,0,1,1,21.0,,,,5,2,1,2,6
202100054679,2021-01-16 18:05:00,2021,1,16,18,5,33,33063,Cours d’Albret,44.83723,-0.58116,Crépuscule ou aube,En agglomération,Intersection en T,Normale,Deux véhicules - côté,4,2,4,3,1,1,1,0,1,50,,2,1,0,0,1,20.0,25.0,,,2,2,3,1,3
202100054680,2021-01-17 12:30:00,2021,1,17,12,30,33,33529,Avenue Frederic de Candale,44.61868,-1.12531,Plein jour,En agglomération,Intersection en T,Normale,Deux véhicules - côté,4,2,2,2,1,1,1,0,1,50,,4,3,0,0,1,48.0,27.0,,,1,2,3,1,3
202100054681,2021-01-17 18:30:00,2021,1,17,18,30,30,30007,LUMIERES (AVE DES FRERES),44.13,4.08,Crépuscule ou aube,En agglomération,Giratoire,Normale,Deux véhicules - côté,4,1,1,0,1,2,1,0,1,50,,2,1,0,0,1,23.0,58.0,,,2,2,6,1,3
202100054682,2021-01-17 17:50:00,2021,1,17,17,50,17,17300,QUATREFAGES   RUE DES,46.16191,-1.18243,Plein jour,En agglomération,Hors intersection,Normale,Autre collision,4,2,2,0,1,2,1,1,1,30,,2,1,0,0,1,36.0,,,,1,2,1,1,6
202100054683,2021-01-17 03:00:00,2021,1,17,3,0,13,13216,ESTAQUE PLAGE,43.36031,5.29506,Nuit avec éclairage allumé,En agglomération,Hors intersection,Normale,Autre collision,7,2,2,0,1,1,1,0,1,50,,2,0,0,0,2,22.0,,,,5,2,1,1,6
202100054684,2021-01-16 17:50:00,2021,1,16,17,50,13,13209,JOSEPH AIGUIER (CHEMIN),43.25563,5.406122,Crépuscule ou aube,En agglomération,Hors intersection,Normale,Autre collision,4,2,2,0,1,1,1,0,1,50,,2,1,0,0,1,20.0,,,,2,2,1,1,6
202100054685,2021-01-03 16:45:00,2021,1,3,16,45,13,13206,BRETEUIL (RUE),43.287347,5.377019,Crépuscule ou aube,En agglomération,Hors intersection,Pluie légère,Autre collision,4,1,2,0,2,1,1,0,1,50,,2,1,0,0,1,,,,,2,2,1,2,6
202100054686,2021-01-17 18:10:00,2021,1,17,18,10,75,75106,BOULEVARD SAINT MICHEL,48.845607,2.339892,Nuit avec éclairage allumé,En agglomération,Hors intersection,Normale,Deux véhicules - côté,4,2,3,1,1,1,1,0,1,50,,3,2,0,0,1,35.0,69.0,,,5,2,1,1,3
202100054687,2021-01-17 00:25:00,2021,1,17,0,25,75,75120,COURS DE VINCENNES,48.848098,2.399136,Nuit avec éclairage allumé,En agglomération,Intersection en X,Pluie légère,Deux véhicules - côté,4,2,2,0,1,1,2,0,1,50,,3,2,0,0,1,23.0,40.0,,,5,2,2,2,3
202100054688,2021-01-17 16:15:00,2021,1,17,16,15,75,75116,RUE EDMOND ABOUT,48.862138,2.272569,Plein jour,En agglomération,Intersection en X,Normale,Deux véhicules - côté,4,1,1,0,1,1,2,0,1,50,,5,4,0,0,1,31.0,19.0,,,1,2,2,1,3
202100054689,2021-01-17 15:10:00,2021,1,17,15,10,75,75116,RUE JOUVENET,48.842038,2.265951,Plein jour,En agglomération,Intersection en X,Normale,Autre collision,4,1,1,0,1,1,1,0,1,30,,2,1,0,0,1,54.0,,,,1,2,2,1,6
202100054690,2021-01-17 18:30:00,2021,1,17,18,30,75,75112,RUE TAINE,48.837662,2.391771,Crépuscule ou aube,En agglomération,Hors intersection,Normale,Deux véhicules - frontale,4,2,2,0,1,1,2,0,1,50,,2,1,0,0,1,,25.0,,,2,2,1,1,1
202100054691,2021-01-17 19:30:00,2021,1,17,19,30,75,75111,BOULEVARD RICHARD LENOIR,48.865769,2.36997,Nuit avec éclairage allumé,En agglomération,Intersection en X,Normale,Deux véhicules - côté,4,-1,2,0,1,1,1,0,1,30,,3,2,0,0,1,24.0,56.0,,,5,2,2,1,3
202100054692,2021-01-17 13:10:00,2021,1,17,13,10,75,75103,BOULEVARD BEAUMARCHAIS,48.860103,2.367458,Plein jour,En agglomération,Intersection en T,Normale,Sans collision,4,2,4,3,1,1,2,0,1,50,,1,0,0,0,1,25.0,,,,1,2,3,1,7
202100054693,2021-01-17 10:55:00,2021,1,17,10,55,94,94074,Rue Théodule Jourdain,48.77036,2.44668,Plein jour,En agglomération,Hors intersection,Normale,Deux véhicules - frontale,3,2,2,0,1,1,1,0,1,50,,2,0,0,0,2,24.0,33.0,,,1,2,1,1,1
202100054694,2021-01-17 12:25:00,2021,1,17,12,25,94,94034,PASTEUR (BD),48.7572,2.32624,Plein jour,En agglomération,Hors intersection,Pluie légère,Autre collision,3,2,2,0,1,3,2,0,1,20,,2,1,0,0,1,59.0,,,,1,2,1,2,6
202100054695,2021-01-16 15:00:00,2021,1,16,15,0,94,94075,BOURGOGNE (R DE),48.72349,2.52853,Plein jour,En agglomération,Hors intersection,Neige / grêle,Deux véhicules - arrière,4,-1,2,0,1,1,5,0,1,50,,3,1,0,0,2,49.0,36.0,,,1,2,1,4,2
202100054696,2021-01-17 14:15:00,2021,1,17,14,15,94,94054,PAIX (AV DE LA),48.7503,2.39936,Plein jour,En agglomération,Autre intersection,Normale,Trois véhicules et plus - collisions multiples,4,2,2,0,1,1,1,0,1,30,,2,0,0,0,2,25.0,33.0,,,1,2,9,1,5
202100054697,2021-01-16 20:30:00,2021,1,16,20,30,94,94022,ANATOLE FRANCE (AV),48.7647405256,2.4098071563,Nuit avec éclairage allumé,En agglomération,Intersection en T,Temps couvert,Deux véhicules - arrière,4,2,2,0,1,1,2,0,1,50,,2,1,0,0,1,32.0,42.0,,,5,2,3,8,2
202100054698,2021-01-17 15:10:00,2021,1,17,15,10,94,94004,GENERAL LECLERC (AV DU),48.759081,2.508041,Plein jour,En agglomération,Hors intersection,Normale,Deux véhicules - arrière,2,1,1,0,2,2,2,0,1,50,,3,2,1,0,0,31.0,29.0,,,1,2,1,1,2
202100054699,2021-01-17 14:20:00,2021,1,17,14,20,93,93073,CHAPIT RE ( RUE DU),49.0022129537,2.5369678671,Plein jour,Hors agglomération,Autre intersection,Normale,Deux véhicules - arrière,9,1,3,0,4,1,2,1,1,50,,4,3,0,0,1,32.0,35.0,,,1,1,9,1,2
202100054700,2021-01-17 12:00:00,2021,1,17,12,0,93,93066,FRANCE ANATOLE (BOULEVARD) NR AUTRES,48.9256606524,2.3506460132,Plein jour,En agglomération,Hors intersection,Pluie légère,Deux véhicules - arrière,3,3,4,1,1,1,2,5,3,50,,3,1,0,0,2,32.0,,,,1,2,1,2,2
202100054701,2021-01-17 18:15:00,2021,1,17,18,15,93,93047,PAUL CEZANNE  (AVENUE),48.9032397715,2.5586077841,Nuit avec éclairage allumé,En agglomération,Intersection en X,Normale,Deux véhicules - frontale,4,2,2,0,1,1,1,0,1,50,,2,1,0,0,1,61.0,18.0,,,5,2,2,1,1
202100054702,2021-01-17 17:20:00,2021,1,17,17,20,92,92044,VIC. HUGO(RUE)069A075 ET 080A088,48.897178442,2.2953515424,Crépuscule ou aube,En agglomération,Hors intersection,Normale,Deux véhicules - côté,3,1,1,0,1,1,1,0,1,50,,2,1,0,0,1,41.0,41.0,,,2,2,1,1,3
202100054703,2021-01-01 19:25:00,2021,1,1,19,25,47,47100,D13,44.273514,0.632186,Nuit sans éclairage public,Hors agglomération,Hors intersection,Normale,Autre collision,3,2,2,0,1,1,1,0,3,70,,1,0,0,1,0,79.0,,,,3,1,1,1,6
202100054704,2021-01-17 12:30:00,2021,1,17,12,30,16,16229,Rue du Fer a Cheval,46.074135,0.102825,Plein jour,En agglomération,Intersection en T,Normale,Autre collision,4,2,2,0,2,1,1,0,3,50,,1,0,0,1,0,22.0,,,,1,2,3,1,6
202100054705,2021-01-08 11:30:00,2021,1,8,11,30,13,13078,18 Residence Ambroise Croizat,43.393595,4.802659,Plein jour,En agglomération,Hors intersection,Normale,Autre collision,6,-1,-1,0,1,1,1,0,1,30,,2,1,0,1,0,37.0,,,,1,2,1,1,6
202100054706,2021-01-17 20:40:00,2021,1,17,20,40,28,28327,A11,48.189169,0.809957,Crépuscule ou aube,Hors agglomération,Hors intersection,Normale,Autre collision,1,1,5,0,2,2,1,0,1,130,,5,4,0,1,0,34.0,,,,2,1,1,1,6
202100054707,2021-01-17 17:10:00,2021,1,17,17,10,35,35359,À la Basse Fossette,47.938977,-1.288667,Plein jour,Hors agglomération,Hors intersection,Normale,Deux véhicules - arrière,4,2,2,0,1,1,1,0,1,-1,,2,1,0,1,0,23.0,82.0,,,1,1,1,1,2
202100054708,2021-01-17 21:00:00,2021,1,17,21,0,26,26010,851 Route des Jacquiers,45.261277,4.874118,Nuit sans éclairage public,En agglomération,Hors intersection,Pluie légère,Autre collision,4,-1,2,0,2,3,2,0,3,50,,1,0,0,1,0,64.0,,,,3,2,1,2,6
202100054709,2021-01-18 07:15:00,2021,1,18,7,15,44,44047,N 165 PR 10+000,47.254053,-1.674364,Nuit sans éclairage public,Hors agglomération,Hors intersection,Normale,Deux véhicules - frontale,2,3,4,0,1,1,1,0,1,110,,2,1,0,1,0,51.0,43.0,,,3,1,1,1,1
202100054710,2021-01-18 06:45:00,2021,1,18,6,45,74,74225,Rte de Bessine,45.858411,5.929999,Nuit sans éclairage public,En agglomération,Hors intersection,Neige / grêle,Deux véhicules - arrière,4,2,2,0,2,3,7,0,8,50,,3,1,0,1,1,37.0,30.0,,,3,2,1,4,2
202100054711,2021-01-14 11:55:00,2021,1,14,11,55,76,76689,Route de Valmont,49.71927,0.506626,Plein jour,Hors agglomération,Hors intersection,Pluie forte,Autre collision,3,2,2,0,1,3,2,0,1,70,,2,1,0,0,1,28.0,,,,1,1,1,3,6
202100054712,2021-01-18 14:35:00,2021,1,18,14,35,76,76752,47 Rue Jacques Ferny,49.669523,0.900834,Plein jour,En agglomération,Hors intersection,Normale,Autre collision,3,-1,2,0,1,1,1,0,4,50,,2,1,0,1,0,51.0,,,,1,2,1,1,6
202100054713,2021-01-18 06:30:00,2021,1,18,6,30,76,76120,Route de Forges,49.592659,1.412494,Nuit avec éclairage allumé,En agglomération,Hors intersection,Brouillard / fumée,Deux véhicules - frontale,3,2,2,0,1,1,1,0,1,50,,2,1,0,0,1,39.0,27.0,,,5,2,1,5,1
202100054714,2021-01-18 11:50:00,2021,1,18,11,50,79,79137,Chemin de Fors,46.232415,-0.462563,Plein jour,Hors agglomération,Hors intersection,Normale,Deux véhicules - frontale,4,2,2,0,1,1,1,0,3,70,,2,0,0,1,1,29.0,19.0,,,1,1,1,1,1
202100054715,2021-01-18 12:35:00,2021,1,18,12,35,81,81070,A68,43.788153,1.741796,Plein jour,Hors agglomération,Hors intersection,Brouillard / fumée,Deux véhicules - arrière,1,3,4,0,1,1,1,0,1,130,,2,1,1,0,0,33.0,72.0,,,1,1,1,5,2
202100054716,2021-01-15 06:50:00,2021,1,15,6,50,61,61272,Le Haut du Menil,48.747399,0.296797,Nuit sans éclairage public,Hors agglomération,Hors intersection,Pluie légère,Sans collision,4,2,2,0,2,1,2,0,1,80,,1,0,0,1,0,59.0,,,,3,1,1,2,7
202100054717,2021-01-18 17:08:00,2021,1,18,17,8,49,49261,D751,47.354437,-0.297704,Plein jour,Hors agglomération,Intersection en T,Normale,Deux véhicules - frontale,3,3,2,0,1,1,1,0,1,80,,3,1,0,2,0,32.0,85.0,,,1,1,3,1,1
202100054718,2021-01-18 08:30:00,2021,1,18,8,30,44,44072,D774,47.470179,-2.307462,Plein jour,Hors agglomération,Hors intersection,Normale,Deux véhicules - arrière,3,2,2,0,1,1,1,0,1,80,,4,3,0,1,0,73.0,31.0,,,1,1,1,1,2
202100054719,2021-01-17 12:40:00,2021,1,17,12,40,29,29069,Rue Calmette,48.425625,-4.5666976704,Plein jour,En agglomération,Hors intersection,Temps éblouissant,Deux véhicules - frontale,4,2,2,0,1,1,1,0,1,50,,2,1,0,1,0,33.0,82.0,,,1,2,1,7,1
202100054720,2021-01-18 07:40:00,2021,1,18,7,40,03,03275,Route de Cosne d'Allier,46.5250605783,3.153790267,Crépuscule ou aube,Hors agglomération,Hors intersection,Normale,Autre collision,3,2,2,0,1,1,1,0,1,90,,1,0,0,0,1,45.0,,,,2,1,1,1,6
202100054721,2021-01-18 07:55:00,2021,1,18,7,55,15,15152,intersection RD990 et Rue de l'Aubrac,44.9268,2.843871,Crépuscule ou aube,Hors agglomération,Intersection en T,Normale,Deux véhicules - frontale,3,2,2,0,2,1,7,0,1,90,,2,1,0,0,1,37.0,38.0,,,2,1,3,1,1