accident_id,datetime,annee,mois,jour,heure,minute,departement,commune_insee,adresse,latitude,longitude,luminosite,agglomeration,intersection,meteo,collision,catr,circ,nbv,vosp,prof,plan,surf,infra,situ,vma,nb_vehicules,nb_usagers,nb_indemnes,nb_tues,nb_blesses_hosp,nb_blesses_legers,age_cond_1,age_cond_2,veh_type_cond_1,veh_type_cond_2,lum_code,agg_code,int_code,atm_code,col_code
202100054722,2021-01-18 07:55:00,2021,1,18,7,55,64,64386,Chemin de Benejacq,43.184097,-0.243743,Crépuscule ou aube,En agglomération,Hors intersection,Normale,Sans collision,3,2,2,0,1,1,1,0,1,50,,1,0,0,1,0,48.0,,,,2,2,1,1,7
202100054723,2021-01-18 09:40:00,2021,1,18,9,40,23,23032,D917,46.3512105845,2.2134232521,Plein jour,En agglomération,Intersection en Y,Normale,Autre collision,3,2,2,0,1,2,1,0,1,50,,2,1,0,1,0,61.0,,,,1,2,4,1,6
202100054724,2021-01-18 09:00:00,2021,1,18,9,0,37,37018,D7,47.366901,0.637228,Plein jour,Hors agglomération,Hors intersection,Normale,Deux véhicules - frontale,3,2,2,0,1,3,1,0,1,70,,2,1,0,1,0,29.0,20.0,,,1,1,1,1,1
202100054725,2021-01-13 07:35:00,2021,1,13,7,35,30,30341,Le Pin du Fer,43.576582,4.29338,Nuit sans éclairage public,Hors agglomération,Hors intersection,Normale,Autre collision,3,2,2,0,1,1,1,0,3,80,,2,1,0,1,0,42.0,33.0,,,3,1,1,1,6
202100054726,2021-01-18 07:48:00,2021,1,18,7,48,973,97309,Route de Montjoly,4.916004,-52.275674,Plein jour,En agglomération,Hors intersection,Normale,Autre collision,3,2,2,0,1,1,1,0,1,-1,,2,0,0,2,0,28.0,,,,1,2,1,1,6
202100054727,2021-01-14 17:45:00,2021,1,14,17,45,06,06085,765 Avenue Saint Martin,43.609265,6.981581,Crépuscule ou aube,En agglomération,Hors intersection,Temps couvert,Sans collision,4,2,1,0,1,1,1,0,1,30,,2,1,0,1,0,43.0,45.0,,,2,2,1,8,7
202100054728,2021-01-14 19:00:00,2021,1,14,19,0,976,97606,RN3 STATION ESSENCE,-12.933996,45.152993,Nuit avec éclairage allumé,En agglomération,Autre intersection,Normale,Deux véhicules - côté,2,3,3,0,2,1,1,0,1,50,,2,1,0,1,0,41.0,20.0,,,5,2,9,1,3
202100054729,2021-01-17 23:25:00,2021,1,17,23,25,21,21054,A6 - Aire du Rossignol,47.057431,4.791579,Nuit sans éclairage public,Hors agglomération,Hors intersection,Temps couvert,Autre collision,1,-1,-1,0,2,3,7,3,3,50,,4,0,0,4,0,22.0,,,,3,1,1,8,6
202100054730,2021-01-17 11:45:00,2021,1,17,11,45,988,98822,RT3/RM20 - Tribu de Tieti,-20.916298,165.303082,Plein jour,Hors agglomération,Intersection en Y,Normale,Autre collision,2,2,2,0,1,3,1,5,3,70,,1,0,0,1,0,25.0,,,,1,1,4,1,6
202100054731,2021-01-17 11:15:00,2021,1,17,11,15,974,97419,RN2 - PK 66+400- Piton,-21.157254,55.823459,Plein jour,En agglomération,Hors intersection,Normale,Deux véhicules - arrière,2,2,2,0,1,1,1,0,1,50,,3,1,0,2,0,24.0,25.0,,,1,2,1,1,2
202100054732,2021-01-15 16:30:00,2021,1,15,16,30,974,97418,N2,-20.899474,55.523738,Plein jour,Hors agglomération,Hors intersection,Normale,Deux véhicules - arrière,2,3,4,0,1,1,1,0,1,90,,2,1,0,1,0,28.0,23.0,,,1,1,1,1,2
202100054733,2021-01-17 21:35:00,2021,1,17,21,35,973,97311,Rue Joseph Symphorien,5.491085,-54.032248,Nuit avec éclairage allumé,En agglomération,Intersection en T,Pluie légère,Deux véhicules - arrière,3,2,2,1,1,1,2,0,1,50,,4,1,0,0,3,53.0,33.0,,,5,2,3,2,2
202100054734,2021-01-17 19:00:00,2021,1,17,19,0,972,97224,Route Nationale 4,14.67094,-61.023114,Nuit sans éclairage public,Hors agglomération,Hors intersection,Pluie légère,Autre collision,3,2,2,0,1,2,2,0,1,80,,1,0,0,1,0,26.0,,,,3,1,1,2,6
202100054735,2021-01-18 12:00:00,2021,1,18,12,0,21,21540,avenue colonel prat,47.3297150815,5.074255134,Plein jour,En agglomération,Hors intersection,Temps couvert,Autre collision,7,3,4,3,1,1,2,0,1,50,,2,1,0,0,1,32.0,,,,1,2,1,8,6
202100054736,2021-01-17 13:45:00,2021,1,17,13,45,34,34327,route departementale 68,43.675787,3.95143,Plein jour,Hors agglomération,Hors intersection,Normale,Deux véhicules - frontale,7,2,2,0,1,1,1,0,1,90,,4,2,0,2,0,59.0,30.0,,,1,1,1,1,1
202100054737,2021-01-18 09:40:00,2021,1,18,9,40,84,84054,471 Cours Emile Zola,43.91928,5.041727,Plein jour,En agglomération,Hors intersection,Normale,Deux véhicules - frontale,4,2,2,0,1,1,1,6,8,50,,2,1,0,0,1,89.0,,,,1,2,1,1,1
202100054738,2021-01-16 16:30:00,2021,1,16,16,30,69,69069,11 NOVEMBRE 1918 (DU) (R),45.746042,4.730955,Plein jour,En agglomération,Intersection en X,Normale,Autre collision,7,2,2,0,1,1,1,0,1,50,,2,1,0,0,1,81.0,,,,1,2,2,1,6
202100054739,2021-01-18 13:25:00,2021,1,18,13,25,17,17056,D134,45.6052,-0.521282,Plein jour,Hors agglomération,Hors intersection,Normale,Autre collision,3,2,2,0,1,1,1,0,3,80,,1,0,0,1,0,63.0,,,,1,1,1,1,6
202100054740,2021-01-17 15:58:00,2021,1,17,15,58,91,91136,AUTOROUTE A10,48.71061,2.28732,Plein jour,Hors agglomération,Hors intersection,Normale,Sans collision,1,1,2,0,2,2,2,2,1,70,,1,0,0,0,1,28.0,,,,1,1,1,1,7
202100054741,2021-01-17 11:00:00,2021,1,17,11,0,91,91589,AUTOROUTE A6,48.68058,2.3316,Plein jour,Hors agglomération,Hors intersection,Pluie légère,Deux véhicules - côté,1,3,3,0,2,1,2,0,2,110,,2,1,0,0,1,42.0,48.0,,,1,1,1,2,3
202100054742,2021-01-15 23:01:00,2021,1,15,23,1,94,94038,AUTOROUTE A6B,48.7872277387,2.3448745932,Nuit sans éclairage public,Hors agglomération,Hors intersection,Normale,Deux véhicules - côté,1,1,12,0,2,1,1,3,1,90,,2,1,0,0,1,21.0,24.0,,,3,1,1,1,3
202100054743,2021-01-17 18:10:00,2021,1,17,18,10,78,78322,RN12 EXT,48.781521,2.166201,Nuit sans éclairage public,Hors agglomération,Hors intersection,Temps couvert,Deux véhicules - arrière,2,3,8,0,1,1,1,0,1,110,,3,0,0,0,3,53.0,26.0,,,3,1,1,8,2
202100054744,2021-01-17 09:15:00,2021,1,17,9,15,92,92050,A14,48.9003097159,2.2081911514,Plein jour,Hors agglomération,Hors intersection,Pluie forte,Autre collision,1,3,4,0,1,1,2,0,1,90,,4,3,0,0,1,32.0,,,,1,1,1,3,6
202100054745,2021-01-16 14:40:00,2021,1,16,14,40,78,78466,A13,48.934694,1.966438,Plein jour,Hors agglomération,Hors intersection,Neige / grêle,Autre collision,1,3,6,0,1,1,2,0,1,130,,2,1,0,0,1,29.0,,,,1,1,1,4,6
202100054746,2021-01-16 12:55:00,2021,1,16,12,55,78,78322,DUPLEX,48.782544,2.157708,Plein jour,Hors agglomération,Hors intersection,Neige / grêle,Autre collision,1,1,8,0,1,1,5,7,1,50,,2,1,0,0,1,23.0,,,,1,1,1,4,6
202100054747,2021-01-16 10:15:00,2021,1,16,10,15,78,78322,A86 EXT,48.78052,2.17402,Plein jour,Hors agglomération,Hors intersection,Neige / grêle,Autre collision,1,1,1,0,1,3,5,3,2,50,,2,1,0,0,1,57.0,,,,1,1,1,4,6
202100054748,2021-01-15 12:30:00,2021,1,15,12,30,974,97416,PASTEUR (RUE),-21.2855,55.4701,Plein jour,En agglomération,Hors intersection,Normale,Deux véhicules - frontale,4,2,1,0,1,1,1,0,4,30,,2,1,0,1,0,56.0,,,,1,2,1,1,1
202100054749,2021-01-15 12:25:00,2021,1,15,12,25,974,97416,RN1 (ROUTE NATIONALE),-21.31085,55.43502,Plein jour,Hors agglomération,Hors intersection,Normale,Deux véhicules - arrière,2,1,4,0,1,1,1,0,1,110,,3,2,0,0,1,33.0,31.0,,,1,1,1,1,2
202100054750,2021-01-16 08:15:00,2021,1,16,8,15,974,97407,SACRE COEUR (RD POINT) -RIV. DES GALETS ,-20.9561,55.3122,Plein jour,Hors agglomération,Hors intersection,Normale,Deux véhicules - côté,4,2,4,3,1,1,1,0,8,50,,2,1,0,0,1,55.0,,,,1,1,1,1,3
202100054751,2021-01-16 19:50:00,2021,1,16,19,50,973,97302,BADUEL (ROUTE DE),4.93471,-52.31177,Nuit avec éclairage non allumé,En agglomération,Hors intersection,Normale,Deux véhicules - côté,3,2,1,0,1,1,1,0,1,50,,2,1,0,1,0,28.0,50.0,,,4,2,1,1,3
202100054752,2021-01-15 18:55:00,2021,1,15,18,55,69,69387,BECHEVELIN (R),45.7521997239,4.8415932655,Nuit avec éclairage allumé,En agglomération,Intersection en X,Temps couvert,Deux véhicules - côté,4,1,1,0,1,1,1,0,1,50,,4,0,0,0,4,32.0,27.0,,,5,2,2,8,3
202100054753,2021-01-15 17:05:00,2021,1,15,17,5,971,97105,PERE LABAT (RUE DU),15.99915,-61.7344,Plein jour,En agglomération,Autre intersection,Normale,Autre collision,4,1,1,0,1,1,1,9,1,50,,1,0,1,0,0,46.0,,,,1,2,9,1,6
202100054754,2021-01-16 10:00:00,2021,1,16,10,0,83,83137,JOFFRE (BD MARECHAL),43.12345,5.94811,Plein jour,En agglomération,Autre intersection,Temps couvert,Autre collision,7,2,2,0,1,1,1,0,1,50,,3,1,0,0,2,38.0,,,,1,2,9,8,6
202100054755,2021-01-15 13:25:00,2021,1,15,13,25,83,83129,MER (AVENUE DE LA) N° PAIRS,43.1034791197,5.8196249999,Plein jour,En agglomération,Hors intersection,Normale,Deux véhicules - côté,7,2,2,0,1,1,9,5,1,50,,2,1,0,0,1,54.0,43.0,,,1,2,1,1,3
202100054756,2021-01-16 10:55:00,2021,1,16,10,55,78,78418,ESPERANCE (CHEMIN DE L'),48.925117,2.151775,Plein jour,En agglomération,Hors intersection,Neige / grêle,Deux véhicules - arrière,4,2,2,0,1,1,2,0,1,50,,2,1,0,0,1,31.0,55.0,,,1,2,1,4,2
202100054757,2021-01-15 13:33:00,2021,1,15,13,33,72,72181,WILBUR WRIGHT (RUE),48.0079,0.19808,Plein jour,En agglomération,Hors intersection,Normale,Deux véhicules - côté,4,2,4,2,2,1,1,5,1,50,,2,1,0,1,0,30.0,44.0,,,1,2,1,1,3
202100054758,2021-01-16 13:20:00,2021,1,16,13,20,69,69256,GARIBALDI (AV),45.76647,4.9299,Plein jour,En agglomération,Intersection en T,Normale,Deux véhicules - arrière,4,2,4,0,1,1,1,0,1,50,,3,2,0,0,1,28.0,24.0,,,1,2,3,1,2
202100054759,2021-01-16 18:25:00,2021,1,16,18,25,64,64024,BAYONNE (AVENUE DE),43.48301,-1.50356,Nuit avec éclairage allumé,En agglomération,Hors intersection,Normale,Sans collision,3,2,4,0,1,1,1,0,1,50,,1,0,0,1,0,21.0,,,,5,2,1,1,7
202100054760,2021-01-16 13:40:00,2021,1,16,13,40,64,64024,avenue du 8 mai 1945,43.45567,-1.49486,Plein jour,En agglomération,Hors intersection,Normale,Sans collision,3,3,4,0,2,1,1,0,1,80,,1,0,0,1,0,22.0,,,,1,2,1,1,7
202100054761,2021-01-14 11:10:00,2021,1,14,11,10,62,62119,LILLE ( RUE DE ),50.525305,2.650366,Plein jour,En agglomération,Autre intersection,Pluie légère,Autre collision,3,2,1,0,1,1,2,9,4,50,,2,1,0,1,0,67.0,,,,1,2,9,2,6
202100054762,2021-01-16 12:00:00,2021,1,16,12,0,59,59599,GRAMME (CHAUSSEE),50.73683,3.1688,Plein jour,En agglomération,Hors intersection,Neige / grêle,Deux véhicules - arrière,7,1,2,1,1,1,5,0,1,50,,2,1,0,0,1,57.0,16.0,,,1,2,1,4,2
202100054763,2021-01-16 00:10:00,2021,1,16,0,10,59,59183,PETITE-SYNTHE CD 940 - AVENUE,51.0194444515,2.3280715942,Nuit avec éclairage allumé,En agglomération,Hors intersection,Normale,Autre collision,3,3,2,2,1,4,1,0,3,50,,2,0,0,0,2,31.0,,,,5,2,1,1,6
202100054764,2021-01-16 18:20:00,2021,1,16,18,20,49,49007,CHURCHILL AVENUE ET SQUARE,47.44826,-0.56033,Crépuscule ou aube,En agglomération,Intersection en T,Pluie légère,Deux véhicules - frontale,4,2,2,2,1,1,2,0,1,50,,2,1,0,1,0,35.0,27.0,,,2,2,3,2,1
202100054765,2021-01-16 11:50:00,2021,1,16,11,50,44,44109,BOULEVARD BENOIT FRACHON,47.207157,-1.58003,Plein jour,En agglomération,Hors intersection,Normale,Autre collision,4,3,2,3,1,1,1,0,6,50,,2,1,0,1,0,49.0,,,,1,2,1,1,6
202100054766,2021-01-16 09:25:00,2021,1,16,9,25,37,37261,GANCE (BOULEVARD ABEL),47.4244493167,0.7123045921,Plein jour,En agglomération,Hors intersection,Normale,Sans collision,3,3,4,0,1,1,2,0,1,90,,1,0,0,0,1,34.0,,,,1,2,1,1,7
202100054767,2021-01-16 19:30:00,2021,1,16,19,30,35,35238,RICHEMOND (QUAI DE),48.1099,-1.67391,Nuit avec éclairage allumé,En agglomération,Autre intersection,Pluie légère,Deux véhicules - côté,4,2,2,0,1,1,2,0,1,50,,2,1,0,0,1,51.0,33.0,,,5,2,9,2,3
202100054768,2021-01-16 12:45:00,2021,1,16,12,45,35,35238,Rue HOCHE,48.11419,-1.67729,Plein jour,En agglomération,Hors intersection,Pluie légère,Autre collision,4,2,2,0,1,1,2,0,1,50,,2,1,0,0,1,30.0,,,,1,2,1,2,6
202100054769,2021-01-15 10:00:00,2021,1,15,10,0,33,33162,Avenue de Saint-Médard,44.862657,-0.649555,Plein jour,En agglomération,Intersection en T,Normale,Deux véhicules - arrière,4,2,2,2,1,1,1,5,1,50,,3,1,0,0,2,86.0,63.0,,,1,2,3,1,2
202100054770,2021-01-15 09:15:00,2021,1,15,9,15,33,33281,Avenue Marcel Dassault,44.84528,-0.72803,Plein jour,Hors agglomération,Hors intersection,Normale,Trois véhicules et plus - en chaîne,4,2,2,2,1,1,1,-1,1,80,,5,3,0,0,2,64.0,34.0,,,1,1,1,1,4
202100054771,2021-01-16 14:10:00,2021,1,16,14,10,29,29232,D783 - Rond Point de L'Eau Blanche,47.99025,-4.0739,Plein jour,En agglomération,Hors intersection,Pluie légère,Sans collision,4,1,2,0,2,3,2,5,1,50,,1,0,0,0,1,26.0,,,,1,2,1,2,7
202100054772,2021-01-16 15:50:00,2021,1,16,15,50,27,27229,CONCHES (ROUTE DE),49.01905,1.11845,Crépuscule ou aube,En agglomération,Hors intersection,Neige / grêle,Deux véhicules - arrière,4,2,2,0,1,1,2,0,1,50,,3,1,0,0,2,25.0,20.0,,,2,2,1,4,2
202100054773,2021-01-16 18:00:00,2021,1,16,18,0,26,26198,3 Route de Saint Gervais,44.55518,4.75933,Nuit sans éclairage public,En agglomération,Giratoire,Normale,Deux véhicules - côté,3,2,2,0,1,4,1,0,1,30,,2,1,0,0,1,52.0,72.0,,,3,2,6,1,3
202100054774,2021-01-15 17:40:00,2021,1,15,17,40,07,07316,MONTGOLFIERS (AVENENUE DES FRERES),44.89715,4.85173,Nuit avec éclairage allumé,En agglomération,Hors intersection,Pluie légère,Sans collision,3,-1,2,0,1,1,2,0,1,50,,1,0,0,0,1,18.0,,,,5,2,1,2,7
202100054775,2021-01-14 08:30:00,2021,1,14,8,30,75,75117,PORTE D ASNIERES,48.891517,2.300389,Crépuscule ou aube,En agglomération,Hors intersection,Temps couvert,Trois véhicules et plus - en chaîne,4,1,4,0,1,1,2,0,1,70,,4,2,0,0,2,54.0,38.0,,,2,2,1,8,4
202100054776,2021-01-13 07:10:00,2021,1,13,7,10,75,75118,PORTE DE LA CHAPELLE,48.900899,2.363898,Crépuscule ou aube,En agglomération,Intersection en Y,Normale,Trois véhicules et plus - collisions multiples,4,3,4,0,1,1,1,0,1,70,,3,2,0,0,1,42.0,44.0,,,2,2,4,1,5
202100054777,2021-01-16 07:18:00,2021,1,16,7,18,75,75108,AVENUE GEORGE V,48.8683894136,2.3011261225,Nuit avec éclairage allumé,En agglomération,Intersection en X,Normale,Autre collision,4,2,3,0,1,1,1,8,1,50,,1,0,1,0,0,86.0,,,,5,2,2,1,6
202100054778,2021-01-14 21:08:00,2021,1,14,21,8,75,75104,QUAI DES CELESTINS,48.853025,2.358646,Nuit avec éclairage non allumé,En agglomération,Hors intersection,Pluie légère,Autre collision,4,2,4,0,1,1,2,0,1,50,,1,0,0,1,0,21.0,,,,4,2,1,2,6
202100054779,2021-01-16 16:40:00,2021,1,16,16,40,75,75118,RUE ORDENER,48.891714,2.348742,Crépuscule ou aube,En agglomération,Intersection à plus de 4 branches,Neige / grêle,Autre collision,4,2,2,0,1,1,5,0,1,50,,2,1,0,0,1,28.0,,,,2,2,5,4,6
202100054780,2021-01-16 12:21:00,2021,1,16,12,21,75,75117,RUE DE L ABBE ROUSSELOT,48.889928,2.300144,Plein jour,En agglomération,Intersection en T,Neige / grêle,Autre collision,4,1,1,0,1,1,5,0,1,30,,5,3,0,0,2,,,,,1,2,3,4,6
202100054781,2021-01-16 14:15:00,2021,1,16,14,15,75,75116,AVENUE FOCH,48.871726,2.280461,Plein jour,En agglomération,Hors intersection,Neige / grêle,Autre collision,4,1,1,0,1,1,5,0,1,50,,2,1,0,0,1,27.0,,,,1,2,1,4,6
202100054782,2021-01-16 12:10:00,2021,1,16,12,10,75,75116,RUE DE BOULAINVILLIERS,48.855558,2.275051,Plein jour,En agglomération,Intersection en Y,Neige / grêle,Autre collision,4,1,1,0,2,1,5,0,1,30,,2,1,0,0,1,22.0,,,,1,2,4,4,6
202100054783,2021-01-15 16:30:00,2021,1,15,16,30,75,75117,PLACE DE LA PORTE MAILLOT,48.8786285526,2.2821468115,Nuit avec éclairage allumé,En agglomération,Place,Normale,Deux véhicules - côté,4,1,3,0,1,2,1,0,1,50,,2,1,0,0,1,23.0,29.0,,,5,2,7,1,3
202100054784,2021-01-16 17:50:00,2021,1,16,17,50,75,75115,QUAI ANDRE CITROEN,48.845293,2.276037,Nuit avec éclairage allumé,En agglomération,Hors intersection,Pluie légère,Autre collision,4,1,2,1,1,1,2,-1,5,50,,1,0,0,0,1,18.0,,,,5,2,1,2,6
202100054785,2021-01-16 12:10:00,2021,1,16,12,10,75,75112,PLACE EDOUARD RENARD,48.8353540591,2.4066048252,Plein jour,En agglomération,Place,Neige / grêle,Deux véhicules - côté,4,1,3,0,1,1,5,0,1,50,,2,1,0,0,1,22.0,41.0,,,1,2,7,4,3
202100054786,2021-01-16 17:45:00,2021,1,16,17,45,75,75111,AVENUE PARMENTIER,48.863069,2.37618,Crépuscule ou aube,En agglomération,Intersection en T,Pluie légère,Autre collision,4,2,2,0,1,1,2,0,1,30,,3,1,0,0,2,70.0,,,,2,2,3,2,6
202100054787,2021-01-16 14:50:00,2021,1,16,14,50,75,75111,AVENUE LEDRU ROLLIN,48.854299,2.377877,Plein jour,En agglomération,Hors intersection,Neige / grêle,Deux véhicules - côté,4,2,2,0,1,1,5,0,1,30,,2,1,0,0,1,43.0,29.0,,,1,2,1,4,3
202100054788,2021-01-14 23:20:00,2021,1,14,23,20,75,75111,AVENUE PARMENTIER,48.869751,2.371251,Nuit avec éclairage allumé,En agglomération,Hors intersection,Pluie légère,Deux véhicules - arrière,4,2,2,0,1,1,2,0,1,50,,3,1,0,0,2,,44.0,,,5,2,1,2,2
202100054789,2021-01-16 18:30:00,2021,1,16,18,30,75,75108,BOULEVARD DES BATIGNOLLES,48.88183,2.31979,Nuit avec éclairage allumé,En agglomération,Hors intersection,Pluie légère,Deux véhicules - côté,4,3,2,0,1,1,2,0,1,50,,2,1,0,0,1,67.0,31.0,,,5,2,1,2,3
202100054790,2021-01-16 11:45:00,2021,1,16,11,45,94,94068,Avenue Miss Cavell,48.80199,2.48804,Plein jour,En agglomération,Hors intersection,Neige / grêle,Deux véhicules - côté,4,2,1,0,1,1,2,0,1,30,,2,1,0,0,1,41.0,60.0,,,1,2,1,4,3
202100054791,2021-01-16 11:20:00,2021,1,16,11,20,94,94021,GENERAL DE GAULLE (AV DU),48.77191,2.34504,Plein jour,En agglomération,Hors intersection,Neige / grêle,Deux véhicules - frontale,3,2,2,0,1,1,2,0,1,50,,3,2,0,0,1,28.0,35.0,,,1,2,1,4,1
202100054792,2021-01-15 09:15:00,2021,1,15,9,15,94,94011,BOUGLIONE(RUE),48.768756,2.484862,Plein jour,En agglomération,Autre intersection,Normale,Deux véhicules - frontale,4,2,0,0,2,1,1,0,1,50,,2,1,0,0,1,35.0,58.0,,,1,2,9,1,1
202100054793,2021-01-16 11:30:00,2021,1,16,11,30,94,94079,STRASBOURG (BD DE),48.82,2.54,Plein jour,En agglomération,Hors intersection,Neige / grêle,Deux véhicules - côté,4,2,2,0,2,1,2,0,1,50,,2,1,0,0,1,49.0,44.0,,,1,2,1,4,3
202100054794,2021-01-16 14:15:00,2021,1,16,14,15,93,93071,SALVADOR ALLENDE (AVENUE),48.94847,2.53075,Plein jour,En agglomération,Hors intersection,Neige / grêle,Deux véhicules - arrière,4,1,1,0,1,1,5,0,1,50,,2,1,0,0,1,35.0,53.0,,,1,2,1,4,2
202100054795,2021-01-15 21:15:00,2021,1,15,21,15,93,93010,PASTEUR (AV.),48.9055743608,2.4867339695,Nuit avec éclairage allumé,En agglomération,Hors intersection,Normale,Deux véhicules - côté,4,2,1,3,1,1,1,0,1,50,,2,0,0,1,1,23.0,28.0,,,5,2,1,1,3
202100054796,2021-01-15 11:50:00,2021,1,15,11,50,93,93007,RICHARD WAGNER (RUE),48.9381112755,2.4712868984,Plein jour,En agglomération,Autre intersection,Normale,Deux véhicules - côté,4,1,1,0,1,1,2,0,1,50,,2,1,0,0,1,47.0,29.0,,,1,2,9,1,3
202100054797,2021-01-16 14:40:00,2021,1,16,14,40,92,92022,PAVE DES GARDES (ROUTE DU),48.8085769378,2.1959111094,Plein jour,En agglomération,Intersection en T,Neige / grêle,Deux véhicules - arrière,3,2,3,0,2,1,5,0,1,50,,2,1,0,0,1,50.0,83.0,,,1,2,3,4,2
202100054798,2021-01-16 16:20:00,2021,1,16,16,20,92,92062,DE DION BOUTON (QUAI) DU 1 AU 28,48.8770820656,2.241191894,Plein jour,En agglomération,Intersection en T,Pluie légère,Deux véhicules - côté,3,1,5,0,1,1,2,0,1,50,,4,2,0,0,2,32.0,76.0,,,1,2,3,2,3
202100054799,2021-01-16 14:35:00,2021,1,16,14,35,92,92023,VICTOR HUGO (AVENUE),48.806038,2.269174,Plein jour,En agglomération,Hors intersection,Neige / grêle,Deux véhicules - arrière,4,1,2,3,1,1,2,0,1,50,,2,1,0,0,1,26.0,35.0,,,1,2,1,4,2
202100054800,2021-01-16 15:20:00,2021,1,16,15,20,92,92007,LIBERTE (RUE DE LA),48.794714292,2.3148214817,Plein jour,En agglomération,Hors intersection,Neige / grêle,Autre collision,4,1,1,0,2,1,5,0,1,30,,2,1,0,0,1,66.0,,,,1,2,1,4,6
202100054801,2021-01-13 17:30:00,2021,1,13,17,30,83,83136,Chemin Departemental 84 Dit Pont de Fer,43.463635,6.278515,Crépuscule ou aube,Hors agglomération,Hors intersection,Normale,Trois véhicules et plus - collisions multiples,3,2,2,0,2,1,1,0,1,80,,3,0,0,1,2,56.0,38.0,,,2,1,1,1,5
202100054802,2021-01-15 11:55:00,2021,1,15,11,55,57,57361,Route Départementale 855,49.397848,6.381576,Plein jour,Hors agglomération,Hors intersection,Neige / grêle,Deux véhicules - frontale,3,3,2,0,2,1,5,0,1,80,,2,0,0,0,2,33.0,52.0,,,1,1,1,4,1
202100054803,2021-01-16 15:05:00,2021,1,16,15,5,83,83130,141 Chemin de Sauvebonne,43.189471,6.055543,Plein jour,Hors agglomération,Hors intersection,Normale,Sans collision,3,2,2,0,1,2,1,0,3,80,,1,0,0,1,0,47.0,,,,1,1,1,1,7
202100054804,2021-01-15 01:30:00,2021,1,15,1,30,35,35024,La Petite Hublais,48.184101,-1.612139,Nuit sans éclairage public,Hors agglomération,Hors intersection,Normale,Autre collision,7,2,2,0,1,2,1,0,3,80,,2,0,0,2,0,33.0,,,,3,1,1,1,6
202100054805,2021-01-06 16:09:00,2021,1,6,16,9,57,57618,Rue Freyfeld,48.717353,7.187467,Crépuscule ou aube,En agglomération,Intersection en T,Neige / grêle,Deux véhicules - côté,3,2,2,0,1,1,2,0,1,50,,5,3,0,0,2,59.0,22.0,,,2,2,3,4,3
202100054806,2021-01-15 15:00:00,2021,1,15,15,0,51,51662, Place Chante Reine,49.2947566128,4.1249895544,Plein jour,En agglomération,Intersection en T,Normale,Deux véhicules - côté,4,2,2,0,2,1,1,0,1,50,,2,1,0,0,1,24.0,31.0,,,1,2,3,1,3
202100054807,2021-01-16 12:20:00,2021,1,16,12,20,56,56240,Kerlévenan,47.540679,-2.733997,Plein jour,Hors agglomération,Hors intersection,Pluie légère,Sans collision,3,3,4,0,1,1,2,0,3,80,,1,0,0,0,1,20.0,,,,1,1,1,2,7
202100054808,2021-01-16 12:45:00,2021,1,16,12,45,74,74103,RD1205,45.903687,6.677241,Plein jour,Hors agglomération,Intersection en X,Normale,Deux véhicules - frontale,3,2,2,0,1,1,1,0,1,70,,2,1,0,1,0,29.0,54.0,,,1,1,2,1,1
202100054809,2021-01-17 16:15:00,2021,1,17,16,15,32,32132,Lamothe Endo,43.859991,0.683191,Plein jour,Hors agglomération,Hors intersection,Normale,Autre collision,3,2,2,0,2,1,2,0,3,80,,1,0,1,0,0,26.0,,,,1,1,1,1,6
202100054810,2021-01-16 22:30:00,2021,1,16,22,30,11,11015,D613,42.952221,2.367377,Nuit sans éclairage public,Hors agglomération,Hors intersection,Normale,Autre collision,3,2,2,0,1,2,1,0,3,80,,1,0,0,0,1,31.0,,,,3,1,1,1,6
202100054811,2021-01-16 11:55:00,2021,1,16,11,55,63,63125,Avenue Henri Pourrat,45.755165,3.542801,Plein jour,En agglomération,Hors intersection,Normale,Autre collision,3,2,2,0,1,1,1,0,1,50,,2,0,0,0,2,33.0,,,,1,2,1,1,6
202100054812,2021-01-15 17:25:00,2021,1,15,17,25,55,55215,D10,48.496321,5.504987,Nuit sans éclairage public,Hors agglomération,Hors intersection,Neige / grêle,Sans collision,3,2,2,0,1,1,7,0,5,80,,1,0,0,0,1,32.0,,,,3,1,1,4,7
202100054813,2021-01-17 18:00:00,2021,1,17,18,0,29,29174,D2 - Kerlavar,47.8972936104,-4.2702264543,Crépuscule ou aube,Hors agglomération,Hors intersection,Normale,Trois véhicules et plus - collisions multiples,3,2,2,0,1,1,1,0,1,80,,3,2,0,0,1,55.0,19.0,,,2,1,1,1,5
202100054814,2021-01-16 17:25:00,2021,1,16,17,25,38,38229,Boulevard des Alpes,45.204587,5.778739,Crépuscule ou aube,En agglomération,Hors intersection,Normale,Autre collision,4,2,2,0,1,1,2,0,3,50,,4,2,0,1,1,20.0,,,,2,2,1,1,6
202100054815,2021-01-16 11:40:00,2021,1,16,11,40,15,15236,RN 122 PK 76+000,45.010326,2.67089,Plein jour,Hors agglomération,Hors intersection,Temps couvert,Trois véhicules et plus - collisions multiples,2,2,2,0,1,3,2,0,1,80,,5,2,0,2,1,22.0,52.0,,,1,1,1,8,5
202100054816,2021-01-17 11:40:00,2021,1,17,11,40,60,60495,route départementale 938,49.5227634845,2.4492256989,Plein jour,Hors agglomération,Hors intersection,Normale,Autre collision,3,-1,2,0,2,2,1,0,3,80,,1,0,0,0,1,32.0,,,,1,1,1,1,6