accident_id,datetime,annee,mois,jour,heure,minute,departement,commune_insee,adresse,latitude,longitude,luminosite,agglomeration,intersection,meteo,collision,catr,circ,nbv,vosp,prof,plan,surf,infra,situ,vma,nb_vehicules,nb_usagers,nb_indemnes,nb_tues,nb_blesses_hosp,nb_blesses_legers,age_cond_1,age_cond_2,veh_type_cond_1,veh_type_cond_2,lum_code,agg_code,int_code,atm_code,col_code
202100054817,2021-01-17 14:45:00,2021,1,17,14,45,18,18289,40+950,46.95161,2.568569,Plein jour,Hors agglomération,Intersection en X,Normale,Deux véhicules - côté,3,2,2,0,1,1,1,0,1,90,,3,1,0,2,0,56.0,18.0,,,1,1,2,1,3
202100054818,2021-01-15 18:40:00,2021,1,15,18,40,28,28359,9 Rue Eugene Raymond,48.762033,1.237494,Nuit avec éclairage allumé,En agglomération,Hors intersection,Normale,Deux véhicules - frontale,3,2,2,0,1,1,1,0,1,50,,2,1,0,1,0,28.0,49.0,,,5,2,1,1,1
202100054819,2021-01-16 05:00:00,2021,1,16,5,0,988,98805,Route de la Couvelee,-22.150146,166.454254,Crépuscule ou aube,Hors agglomération,Intersection en T,Normale,Autre collision,4,2,2,0,1,2,1,0,1,50,,2,1,0,1,0,40.0,,,,2,1,3,1,6
202100054820,2021-01-16 10:00:00,2021,1,16,10,0,78,78043,Route départementale 7,48.830543,2.084548,Plein jour,Hors agglomération,Giratoire,Neige / grêle,Deux véhicules - côté,3,2,2,0,1,3,5,5,1,80,,2,1,0,1,0,77.0,56.0,,,1,1,6,4,3
202100054821,2021-01-17 18:00:00,2021,1,17,18,0,69,69288,A432,45.694235,5.086048,Nuit sans éclairage public,Hors agglomération,Hors intersection,Pluie légère,Autre collision,1,3,4,0,1,2,2,0,3,130,,1,0,0,0,1,42.0,,,,3,1,1,2,6
202100054822,2021-01-16 18:00:00,2021,1,16,18,0,22,22384,D700 PR 22+050,48.288733,-2.826233,Nuit sans éclairage public,Hors agglomération,Hors intersection,Pluie légère,Deux véhicules - arrière,3,2,2,0,1,3,2,0,1,80,,3,2,0,1,0,20.0,19.0,,,3,1,1,2,2
202100054823,2021-01-16 19:20:00,2021,1,16,19,20,78,78003,Autoroute A11 - PK 031.000,48.531214,1.853857,Nuit sans éclairage public,Hors agglomération,Hors intersection,Pluie légère,Sans collision,1,1,5,0,1,1,5,0,3,130,,2,1,0,0,1,60.0,,,,3,1,1,2,7
202100054824,2021-01-16 19:30:00,2021,1,16,19,30,971,97128,Boulevard Hegesipe Ibene,16.224523,-61.379521,Nuit avec éclairage allumé,En agglomération,Hors intersection,Normale,Autre collision,2,3,4,0,1,1,1,0,1,50,,2,1,0,1,0,38.0,,,,5,2,1,1,6
202100054825,2021-01-16 13:20:00,2021,1,16,13,20,91,91405,rd 372,48.426794,2.469043,Plein jour,Hors agglomération,Hors intersection,Neige / grêle,Trois véhicules et plus - en chaîne,3,2,2,0,2,4,5,0,1,70,,6,2,1,1,2,72.0,27.0,,,1,1,1,4,4
202100054826,2021-01-16 18:02:00,2021,1,16,18,2,84,84141,D942,43.985327,4.890107,Nuit sans éclairage public,Hors agglomération,Hors intersection,Normale,Sans collision,3,3,4,0,2,1,1,3,1,90,,1,0,0,1,0,17.0,,,,3,1,1,1,7
202100054827,2021-01-13 15:30:00,2021,1,13,15,30,83,83047,Avenue de la 1ere Dfl,43.151384,6.071008,Plein jour,En agglomération,Hors intersection,Normale,Autre collision,4,2,2,0,1,1,1,0,1,50,,2,1,0,1,0,49.0,,,,1,2,1,1,6
202100054828,2021-01-17 11:55:00,2021,1,17,11,55,83,83138,D562,43.610042,6.720591,Plein jour,Hors agglomération,Hors intersection,Normale,Trois véhicules et plus - collisions multiples,3,2,2,0,3,1,1,0,1,80,,3,1,0,1,1,29.0,29.0,,,1,1,1,1,5
202100054829,2021-01-02 16:40:00,2021,1,2,16,40,13,13093,Route Departementale 561,43.691413,5.390328,Plein jour,Hors agglomération,Autre intersection,Temps couvert,Deux véhicules - frontale,7,2,2,2,1,2,2,0,1,80,,3,0,0,1,2,22.0,20.0,,,1,1,9,8,1
202100054830,2021-01-15 18:35:00,2021,1,15,18,35,13,13041,D7,43.4646,5.465569,Nuit avec éclairage allumé,En agglomération,Giratoire,Normale,Sans collision,7,1,1,0,1,2,1,0,1,50,,1,0,0,1,0,29.0,,,,5,2,6,1,7
202100054831,2021-01-15 06:45:00,2021,1,15,6,45,31,31433,D15 PK 32+400,43.538,1.369498,Nuit avec éclairage allumé,Hors agglomération,Hors intersection,Normale,Deux véhicules - frontale,3,3,4,3,1,1,2,5,1,-1,,2,0,0,1,1,33.0,33.0,,,5,1,1,1,1
202100054832,2021-01-17 10:50:00,2021,1,17,10,50,86,86061,RD148,46.136317,0.447072,Plein jour,Hors agglomération,Hors intersection,Normale,Autre collision,3,2,2,0,1,1,1,0,3,80,,1,0,0,1,0,22.0,,,,1,1,1,1,6
202100054833,2021-01-17 15:15:00,2021,1,17,15,15,33,33038,Route de Courbian,45.376359,-0.942586,Plein jour,Hors agglomération,Hors intersection,Normale,Autre collision,3,2,2,0,2,3,2,0,3,80,,1,0,1,0,0,19.0,,,,1,1,1,1,6
202100054834,2021-01-17 17:40:00,2021,1,17,17,40,60,60612,27 Chaussée Pontpoint,49.216471,2.594059,Crépuscule ou aube,En agglomération,Hors intersection,Normale,Autre collision,4,2,2,0,1,1,2,0,4,50,,1,0,0,1,0,75.0,,,,2,2,1,1,6
202100054835,2021-01-15 23:35:00,2021,1,15,23,35,38,38557,RD302   7.480 A 8.200,45.76691,5.06917,Nuit sans éclairage public,Hors agglomération,Hors intersection,Autre,Deux véhicules - arrière,3,1,2,0,1,1,2,0,1,90,,4,0,0,0,4,42.0,48.0,,,3,1,1,9,2
202100054836,2021-01-16 09:30:00,2021,1,16,9,30,78,78217,A13,48.964373,1.823799,Plein jour,Hors agglomération,Hors intersection,Neige / grêle,Autre collision,1,3,6,0,1,1,5,0,1,130,,1,0,0,0,1,24.0,,,,1,1,1,4,6
202100054837,2021-01-16 03:15:00,2021,1,16,3,15,78,78498,A13,48.91471,2.00602,Nuit sans éclairage public,Hors agglomération,Hors intersection,Normale,Autre collision,1,3,4,0,2,1,1,0,1,110,,1,0,0,0,1,58.0,,,,3,1,1,1,6
202100054838,2021-01-15 13:45:00,2021,1,15,13,45,77,77169,RN104.INT,48.8124,2.62885,Plein jour,Hors agglomération,Hors intersection,Normale,Deux véhicules - côté,2,3,6,0,1,3,1,0,1,90,,3,2,0,0,1,36.0,21.0,,,1,1,1,1,3
202100054839,2021-01-15 11:00:00,2021,1,15,11,0,94,94017,A4,48.82911,2.4804,Plein jour,Hors agglomération,Hors intersection,Normale,Sans collision,1,3,6,0,1,1,1,0,1,90,,2,1,0,0,1,41.0,26.0,,,1,1,1,1,7
202100054840,2021-01-15 07:30:00,2021,1,15,7,30,94,94033,A86.EXT,48.85653,2.489,Nuit avec éclairage allumé,Hors agglomération,Hors intersection,Normale,Deux véhicules - arrière,1,1,2,0,1,1,1,0,1,90,,2,1,0,0,1,30.0,42.0,,,5,1,1,1,2
202100054841,2021-01-15 23:45:00,2021,1,15,23,45,976,97611,tsoundzou-Abdallah Soula (rue),-12.8075,45.20513,Nuit sans éclairage public,En agglomération,Intersection en T,Normale,Deux véhicules - frontale,2,2,0,0,1,1,1,0,1,50,,4,2,0,0,2,25.0,26.0,,,3,2,3,1,1
202100054842,2021-01-15 06:50:00,2021,1,15,6,50,974,97409,DE LA GARE(RUE),-20.9593023175,55.6534534403,Plein jour,En agglomération,Hors intersection,Normale,Autre collision,4,2,2,0,1,1,1,0,1,50,,2,1,0,0,1,53.0,,,,1,2,1,1,6
202100054843,2021-01-15 16:45:00,2021,1,15,16,45,973,97302,JACARANDAS (CITE),4.93461,-52.31826,Plein jour,En agglomération,Hors intersection,Normale,Autre collision,4,2,2,0,1,1,2,0,1,50,,2,1,0,0,1,40.0,,,,1,2,1,1,6
202100054844,2021-01-15 16:25:00,2021,1,15,16,25,973,97302,MADELEINE (ROUTE DE LA),4.90936,-52.32179,Plein jour,En agglomération,Hors intersection,Normale,Deux véhicules - côté,3,2,2,0,1,1,1,0,1,50,,2,1,0,1,0,37.0,59.0,,,1,2,1,1,3
202100054845,2021-01-15 14:47:00,2021,1,15,14,47,973,97302,ROUTE NATIONALE 3,4.90537,-52.32009,Plein jour,Hors agglomération,Hors intersection,Normale,Deux véhicules - côté,3,2,2,0,1,1,1,0,1,70,,2,1,0,0,1,36.0,61.0,,,1,1,1,1,3
202100054846,2021-01-15 11:38:00,2021,1,15,11,38,973,97302,BADUEL (ROUTE DE),4.93541,-52.31274,Plein jour,En agglomération,Intersection en T,Normale,Deux véhicules - côté,3,2,2,0,1,1,1,0,1,50,,2,1,0,0,1,29.0,41.0,,,1,2,3,1,3
202100054847,2021-01-15 17:55:00,2021,1,15,17,55,69,69388,ETATS-UNIS (DES) (BD),45.72938,4.86776,Nuit avec éclairage allumé,En agglomération,Intersection en X,Pluie légère,Deux véhicules - côté,4,1,1,0,1,1,2,0,1,50,,2,1,0,0,1,70.0,46.0,,,5,2,2,2,3
202100054848,2021-01-15 18:10:00,2021,1,15,18,10,69,69383,GAMBETTA (CR),45.75602,4.84099,Nuit avec éclairage allumé,En agglomération,Hors intersection,Pluie légère,Autre collision,4,3,3,3,1,1,2,0,1,50,,2,1,0,1,0,53.0,,,,5,2,1,2,6
202100054849,2021-01-15 12:30:00,2021,1,15,12,30,69,69259,VICTOR HUGO (R),45.70281,4.88507,Plein jour,En agglomération,Hors intersection,Pluie légère,Autre collision,4,1,1,0,1,1,2,0,1,30,,2,1,0,0,1,29.0,,,,1,2,1,2,6
202100054850,2021-01-15 11:55:00,2021,1,15,11,55,69,69386,BELGES (DES)                        (BD),45.7754359938,4.8467806577,Plein jour,En agglomération,Intersection en T,Pluie légère,Deux véhicules - arrière,4,2,4,3,1,1,2,0,1,50,,2,1,0,1,0,27.0,56.0,,,1,2,3,2,2
202100054851,2021-01-15 11:30:00,2021,1,15,11,30,69,69259,BERLIET (PT),45.7031862405,4.8951515872,Plein jour,En agglomération,Hors intersection,Pluie légère,Trois véhicules et plus - en chaîne,4,2,2,0,2,1,2,0,1,50,,4,1,0,0,3,38.0,32.0,,,1,2,1,2,4
202100054852,2021-01-15 09:52:00,2021,1,15,9,52,69,69388,ROCKEFELLER                         (AV),45.7412505808,4.8852422724,Plein jour,En agglomération,Passage à niveau,Pluie légère,Deux véhicules - côté,4,-1,4,0,3,1,2,4,6,50,,2,1,0,0,1,51.0,35.0,,,1,2,8,2,3
202100054853,2021-01-14 01:43:00,2021,1,14,1,43,69,69387,JEAN JAURES (AV),45.7525235769,4.8462075621,Nuit avec éclairage allumé,En agglomération,Intersection en X,Normale,Deux véhicules - côté,4,2,4,3,1,1,2,0,1,50,,2,1,0,1,0,26.0,35.0,,,5,2,2,1,3
202100054854,2021-01-15 12:00:00,2021,1,15,12,0,972,97213,DUCHESNES 1,14.65664,-60.97233,Plein jour,Hors agglomération,Hors intersection,Normale,Autre collision,4,2,1,0,1,1,1,0,1,50,,2,0,0,0,2,23.0,,,,1,1,1,1,6
202100054855,2021-01-13 19:45:00,2021,1,13,19,45,69,69385,POINT DU JOUR (DU) (AV),45.75618,4.80444,Nuit avec éclairage allumé,En agglomération,Hors intersection,Pluie légère,Deux véhicules - côté,4,2,2,0,1,1,2,0,1,50,,2,1,0,0,1,47.0,24.0,,,5,2,1,2,3
202100054856,2021-01-15 06:21:00,2021,1,15,6,21,971,97101,BOULEVARD DES HEROS,16.25163,-61.52116,Crépuscule ou aube,En agglomération,Hors intersection,Pluie légère,Autre collision,3,1,2,0,1,1,2,0,1,50,,2,1,0,0,1,34.0,,,,2,2,1,2,6
202100054857,2021-01-14 15:25:00,2021,1,14,15,25,971,97101,PERRIN (SECTEUR),16.29318,-61.51129,Plein jour,Hors agglomération,Hors intersection,Normale,Sans collision,3,2,2,0,1,2,1,0,1,70,,4,0,0,4,0,25.0,,,,1,1,1,1,7
202100054858,2021-01-14 17:00:00,2021,1,14,17,0,971,97101,AMEDEE ABARRE - SALLE D'ASILE (RUE),16.26124,-61.50464,Plein jour,Hors agglomération,Autre intersection,Normale,Deux véhicules - côté,3,2,2,0,1,2,1,0,1,50,,4,3,0,0,1,36.0,41.0,,,1,1,9,1,3
202100054859,2021-01-15 22:00:00,2021,1,15,22,0,2A,2A004,ILES SANGUINAIRES ROUTE DES,41.9087713193,8.711547065,Nuit avec éclairage allumé,En agglomération,Intersection en X,Normale,Deux véhicules - côté,3,2,2,0,1,1,1,0,1,50,,2,1,0,0,1,24.0,24.0,,,5,2,2,1,3
202100054860,2021-01-15 08:50:00,2021,1,15,8,50,95,95019,JAURES JEAN (RUE),48.99334,2.41672,Plein jour,En agglomération,Hors intersection,Normale,Autre collision,4,1,1,0,1,3,1,6,6,30,,2,1,0,0,1,34.0,,,,1,2,1,1,6
202100054861,2021-01-15 22:30:00,2021,1,15,22,30,95,95197,CAUCHOIX (RUE),48.97537,2.31816,Nuit avec éclairage allumé,En agglomération,Intersection en T,Normale,Deux véhicules - côté,3,2,2,0,1,1,1,0,1,50,,2,1,0,0,1,23.0,22.0,,,5,2,3,1,3
202100054862,2021-01-14 18:50:00,2021,1,14,18,50,91,91103,RUE DU POITOU,48.58,2.29,Nuit avec éclairage allumé,En agglomération,Intersection en T,Pluie légère,Deux véhicules - côté,4,-1,2,0,1,1,2,9,1,50,,3,2,0,0,1,36.0,40.0,,,5,2,3,2,3
202100054863,2021-01-15 19:30:00,2021,1,15,19,30,91,91421,REPUBLIQUE (AVENUE DE LA),48.69914,2.4695,Nuit avec éclairage allumé,En agglomération,Hors intersection,Normale,Deux véhicules - arrière,3,1,1,1,1,1,1,0,1,30,,2,1,0,0,1,21.0,42.0,,,5,2,1,1,2
202100054864,2021-01-07 17:00:00,2021,1,7,17,0,88,88424,,48.2617032507,6.9635778666,Nuit sans éclairage public,Hors agglomération,Hors intersection,Neige / grêle,Autre collision,3,1,1,0,2,3,5,3,1,50,,2,0,0,0,2,36.0,,,,3,1,1,4,6
202100054865,2021-01-14 15:14:00,2021,1,14,15,14,87,87085,HOCHE (RUE),45.84029,1.25905,Plein jour,En agglomération,Intersection en X,Pluie légère,Deux véhicules - côté,4,1,1,0,1,1,2,0,1,50,,2,1,0,0,1,53.0,23.0,,,1,2,2,2,3
202100054866,2021-01-14 08:25:00,2021,1,14,8,25,83,83141,Route de Draguignan,43.50821,6.48172,Plein jour,En agglomération,Giratoire,Normale,Autre collision,3,1,4,0,1,3,1,9,1,70,,2,1,0,1,0,62.0,,,,1,2,6,1,6
202100054867,2021-01-15 12:50:00,2021,1,15,12,50,82,82121,GAMBETTA (AVENUE),44.01633738,1.3579785494,Plein jour,En agglomération,Intersection en T,Normale,Deux véhicules - côté,4,2,2,0,1,1,1,0,1,50,,2,1,0,1,0,28.0,42.0,,,1,2,3,1,3
202100054868,2021-01-14 10:05:00,2021,1,14,10,5,80,80021,ROCADE NORD RN 1,49.92376,2.28713,Plein jour,Hors agglomération,Hors intersection,Pluie forte,Deux véhicules - côté,2,1,2,0,1,3,2,0,1,110,,2,1,0,0,1,23.0,52.0,,,1,1,1,3,3
202100054869,2021-01-15 00:30:00,2021,1,15,0,30,77,77053,CD 50,48.68219,2.5971,Nuit sans éclairage public,Hors agglomération,Hors intersection,Pluie légère,Sans collision,3,2,2,0,1,2,2,0,8,80,,2,0,0,1,1,42.0,,,,3,1,1,2,7
202100054870,2021-01-14 16:43:00,2021,1,14,16,43,77,77296,AV PAUL DELOUVRIER,48.61895,2.5894,Plein jour,Hors agglomération,Intersection en T,Pluie légère,Deux véhicules - côté,3,1,2,0,1,1,2,0,1,70,,6,3,0,0,3,26.0,30.0,,,1,1,3,2,3
202100054871,2021-01-15 18:40:00,2021,1,15,18,40,77,77014,BEZOUT (RUE),48.41953,2.736593,Nuit avec éclairage allumé,En agglomération,Hors intersection,Normale,Deux véhicules - arrière,3,2,2,0,2,1,1,0,1,50,,2,1,0,0,1,43.0,,,,5,2,1,1,2
202100054872,2021-01-14 17:30:00,2021,1,14,17,30,76,76561,Rue Marechal Leclerc,49.3008293132,1.0119607246,Nuit avec éclairage allumé,En agglomération,Hors intersection,Normale,Autre collision,4,2,2,0,1,1,2,-1,1,50,,2,1,0,0,1,68.0,,,,5,2,1,1,6
202100054873,2021-01-12 18:30:00,2021,1,12,18,30,72,72181,MAIGNANT ALBERT (RUE) N° PAIRS,48.00539,0.204,Crépuscule ou aube,En agglomération,Intersection en X,Normale,Autre collision,4,1,1,0,1,1,1,0,1,50,,2,1,0,0,1,31.0,,,,2,2,2,1,6
202100054874,2021-01-15 12:45:00,2021,1,15,12,45,71,71040,RN 70 (ROUTE EXPRESS),46.6936328717,4.3833307805,Plein jour,Hors agglomération,Hors intersection,Neige / grêle,Sans collision,2,3,4,0,1,1,2,0,1,70,,1,0,0,0,1,22.0,,,,1,1,1,4,7
202100054875,2021-01-14 13:25:00,2021,1,14,13,25,71,71309,PERIGAS (CHEMIN DE),46.782883703,4.4120223724,Plein jour,Hors agglomération,Intersection en X,Normale,Deux véhicules - frontale,3,2,2,0,1,1,1,0,1,80,,2,1,0,0,1,40.0,79.0,,,1,1,2,1,1
202100054876,2021-01-15 13:30:00,2021,1,15,13,30,69,69275,JEAN JAURES                         (AV),45.7722107466,4.9755748681,Plein jour,En agglomération,Hors intersection,Pluie légère,Autre collision,4,2,5,2,1,1,2,0,6,50,,2,1,0,0,1,47.0,,,,1,2,1,2,6
202100054877,2021-01-14 01:05:00,2021,1,14,1,5,69,69266,GREUZE (R),45.77111,4.89361,Nuit avec éclairage allumé,En agglomération,Intersection en X,Pluie légère,Deux véhicules - côté,4,2,2,0,1,1,2,5,1,50,,2,1,0,1,0,33.0,21.0,,,5,2,2,2,3
202100054878,2021-01-08 13:25:00,2021,1,8,13,25,68,68066,Rue Billing,48.08342,7.36598,Plein jour,En agglomération,Intersection en X,Normale,Deux véhicules - côté,3,2,2,0,1,1,1,0,5,50,,2,1,0,1,0,74.0,79.0,,,1,2,2,1,3
202100054879,2021-01-14 11:10:00,2021,1,14,11,10,66,66136,JOFFRE (AVENUE DU MARECHAL CD 88),42.71782,2.88735,Plein jour,En agglomération,Hors intersection,Normale,Deux véhicules - arrière,4,-1,3,0,1,1,1,0,1,50,,2,1,0,0,1,73.0,26.0,,,1,2,1,1,2
202100054880,2021-01-14 07:48:00,2021,1,14,7,48,66,66136,MANOIR (YVES DU),42.69422,2.87153,Crépuscule ou aube,En agglomération,Hors intersection,Normale,Autre collision,4,1,1,0,1,1,1,0,1,50,,2,1,0,0,1,53.0,14.0,,,2,2,1,1,6
202100054881,2021-01-15 16:30:00,2021,1,15,16,30,65,65286,Av du Général Baron Maransin,43.09706,-0.04588,Plein jour,En agglomération,Hors intersection,Pluie légère,Autre collision,4,2,1,0,1,1,2,0,1,50,,2,1,0,1,0,,,,,1,2,1,2,6
202100054882,2021-01-15 09:45:00,2021,1,15,9,45,64,64260,LARROUN (RUE DE),43.36536,-1.76933,Plein jour,En agglomération,Intersection en T,Normale,Deux véhicules - côté,3,-1,2,0,1,1,1,0,1,50,,2,1,0,0,1,47.0,48.0,,,1,2,3,1,3
202100054883,2021-01-15 18:30:00,2021,1,15,18,30,64,64445,CONDORCET,43.31262,-0.3623,Nuit avec éclairage allumé,En agglomération,Hors intersection,Normale,Trois véhicules et plus - en chaîne,4,1,2,0,1,1,2,0,1,50,,3,1,0,0,2,30.0,31.0,,,5,2,1,1,4
202100054884,2021-01-14 17:10:00,2021,1,14,17,10,64,64024,CHAMBRE D'AMOUR (AVENUE DE LA),43.49495,-1.5308,Plein jour,En agglomération,Hors intersection,Pluie légère,Sans collision,4,-1,2,0,2,1,2,0,1,50,,1,0,0,0,1,16.0,,,,1,2,1,2,7
202100054885,2021-01-14 12:10:00,2021,1,14,12,10,64,64102,ARNAUD DETROYAT (Rue),43.49169,-1.49317,Plein jour,En agglomération,Hors intersection,Pluie légère,Sans collision,4,2,2,0,1,1,2,0,1,50,,1,0,0,0,1,76.0,,,,1,2,1,2,7
202100054886,2021-01-13 18:45:00,2021,1,13,18,45,64,64024,BAHINOS (ROUTE DE),43.49285,-1.51777,Nuit avec éclairage allumé,En agglomération,Intersection en X,Pluie légère,Deux véhicules - côté,4,2,2,0,1,1,2,0,1,50,,2,1,0,0,1,86.0,22.0,,,5,2,2,2,3
202100054887,2021-01-08 19:30:00,2021,1,8,19,30,64,64024,BARTHES (RUE DES),43.48349,-1.50814,Nuit avec éclairage allumé,En agglomération,Intersection en T,Temps couvert,Autre collision,4,2,2,0,1,3,1,0,1,50,,2,1,1,0,0,33.0,,,,5,2,3,8,6
202100054888,2021-01-14 17:00:00,2021,1,14,17,0,59,59599,LECLERCQ (RUE DU GENERAL),50.723221,3.160237,Nuit avec éclairage allumé,En agglomération,Hors intersection,Neige / grêle,Autre collision,4,2,2,0,1,1,5,0,1,50,,2,1,0,0,1,61.0,,,,5,2,1,4,6
202100054889,2021-01-15 16:00:00,2021,1,15,16,0,59,59378,REPUBLIQUE AV DE LA (N°829-931),50.66107,3.09459,Plein jour,En agglomération,Hors intersection,Normale,Deux véhicules - arrière,7,1,1,0,1,1,1,0,1,50,,2,1,0,0,1,37.0,39.0,,,1,2,1,1,2
202100054890,2021-01-14 18:40:00,2021,1,14,18,40,56,56260,MARNE(BLD DE LA) 111 A 119 ET 126 A FIN,47.6601,-2.78794,Nuit avec éclairage allumé,En agglomération,Hors intersection,Normale,Deux véhicules - côté,4,2,2,0,1,1,1,0,1,50,,2,1,0,0,1,23.0,46.0,,,5,2,1,1,3
202100054891,2021-01-14 16:40:00,2021,1,14,16,40,56,56121,LAENNEC ( BD ),47.75815,-3.36199,Plein jour,En agglomération,Giratoire,Normale,Deux véhicules - côté,4,1,1,0,1,2,1,5,1,30,,2,1,0,0,1,23.0,68.0,,,1,2,6,1,3
202100054892,2021-01-15 16:25:00,2021,1,15,16,25,54,54395,FUSILLES (PONT DES),48.6847980707,6.1797074365,Plein jour,En agglomération,Intersection en X,Neige / grêle,Autre collision,7,2,3,2,1,1,5,-1,1,30,,2,1,0,0,1,43.0,,,,1,2,2,4,6
202100054893,2021-01-12 13:00:00,2021,1,12,13,0,50,50129,ABBAYE (RUE DE L'),49.6469,-1.64281,Plein jour,En agglomération,Autre intersection,Normale,Deux véhicules - côté,3,1,3,0,2,1,1,1,1,50,,2,0,0,0,2,37.0,30.0,,,1,2,9,1,3
202100054894,2021-01-13 19:00:00,2021,1,13,19,0,50,50173,REPUBLIQUE (RUE DE LA),49.64637,-1.64955,Nuit avec éclairage allumé,En agglomération,Intersection en T,Pluie légère,Autre collision,4,2,2,0,4,1,2,5,1,50,,2,1,0,0,1,89.0,,,,5,2,3,2,6
202100054895,2021-01-14 18:00:00,2021,1,14,18,0,49,49007,BEAUSSIER BOULEVARD,47.4717,-0.5999,Nuit avec éclairage allumé,En agglomération,Intersection en X,Pluie légère,Autre collision,4,3,4,0,1,1,2,0,1,50,,2,1,0,0,1,22.0,,,,5,2,2,2,6
202100054896,2021-01-15 19:30:00,2021,1,15,19,30,44,44162,AVENUE DE LA JONCQUIERE,47.21786,-1.60616,Nuit avec éclairage allumé,En agglomération,Hors intersection,Normale,Deux véhicules - frontale,4,2,2,0,1,1,1,0,1,50,,2,1,0,1,0,22.0,43.0,,,5,2,1,1,1
202100054897,2021-01-14 14:20:00,2021,1,14,14,20,37,37261,FLORENCE (AVENUE DE),47.3757332872,0.7340347909,Plein jour,En agglomération,Intersection en T,Pluie légère,Deux véhicules - côté,4,2,2,0,1,1,2,0,1,50,,2,0,0,0,2,37.0,55.0,,,1,2,3,2,3
202100054898,2021-01-14 14:30:00,2021,1,14,14,30,37,37122,RD 37,47.3492548793,0.6461180197,Plein jour,En agglomération,Hors intersection,Pluie légère,Trois véhicules et plus - en chaîne,3,3,4,0,1,1,2,0,1,90,,4,3,0,0,1,48.0,46.0,,,1,2,1,2,4
202100054899,2021-01-15 12:50:00,2021,1,15,12,50,33,33529,,44.61659,-1.13827,Plein jour,Hors agglomération,Giratoire,Normale,Deux véhicules - frontale,2,3,4,0,1,1,1,5,1,80,,2,1,0,1,0,32.0,38.0,,,1,1,6,1,1
202100054900,2021-01-15 02:30:00,2021,1,15,2,30,31,31555,VA007333 LA FAOURETTE A620 Sortie 26,43.57399,1.40992,Nuit sans éclairage public,Hors agglomération,Hors intersection,Temps couvert,Autre collision,1,1,1,0,2,1,2,0,1,50,,2,1,1,0,0,,,,,3,1,1,8,6
202100054901,2021-01-14 23:00:00,2021,1,14,23,0,31,31555,VA007331 A620,43.64459,1.42176,Nuit avec éclairage non allumé,Hors agglomération,Hors intersection,Pluie légère,Deux véhicules - arrière,1,1,3,0,1,1,2,0,1,90,,3,1,0,0,2,36.0,19.0,,,4,1,1,2,2
202100054902,2021-01-14 19:15:00,2021,1,14,19,15,31,31555,68 Route de Revel,43.57582,1.48838,Nuit avec éclairage allumé,En agglomération,Hors intersection,Pluie légère,Deux véhicules - côté,7,-1,2,0,1,1,2,0,1,50,,2,1,0,1,0,28.0,27.0,,,5,2,1,2,3
202100054903,2021-01-14 15:05:00,2021,1,14,15,5,31,31555,VA007333 LA FAOURETTE A620 Sortie 26,43.60873,1.41095,Plein jour,Hors agglomération,Hors intersection,Pluie légère,Deux véhicules - côté,1,1,4,0,1,1,2,0,1,90,,4,3,0,0,1,41.0,20.0,,,1,1,1,2,3
202100054904,2021-01-15 11:09:00,2021,1,15,11,9,29,29019,D112 - Rond Point de Pen Ar Chl'euz,48.4150715,-4.4794831,Plein jour,En agglomération,Giratoire,Normale,Deux véhicules - arrière,4,3,4,0,1,1,1,0,1,50,,3,1,0,0,2,74.0,45.0,,,1,2,6,1,2
202100054905,2021-01-15 18:00:00,2021,1,15,18,0,26,26281,41 Boulevard Remy Roure,45.05015,5.04117,Plein jour,En agglomération,Hors intersection,Pluie légère,Autre collision,4,2,2,0,1,1,2,0,1,50,,2,1,0,1,0,25.0,,,,1,2,1,2,6
202100054906,2021-01-15 07:35:00,2021,1,15,7,35,26,26198,18 Allee Juliette Astier,44.55246,4.76918,Nuit avec éclairage allumé,En agglomération,Hors intersection,Normale,Deux véhicules - frontale,4,2,2,0,2,4,1,0,1,30,,2,1,0,0,1,28.0,33.0,,,5,2,1,1,1
202100054907,2021-01-15 06:55:00,2021,1,15,6,55,25,25462,Rue de Besançon,46.912766,6.346815,Nuit avec éclairage allumé,En agglomération,Hors intersection,Pluie légère,Autre collision,4,2,2,0,1,1,2,0,1,50,,2,1,0,0,1,42.0,,,,5,2,1,2,6
202100054908,2021-01-14 18:25:00,2021,1,14,18,25,24,24037,PAINLEVE ( AVENUE PAUL),44.837096,0.490455,Nuit sans éclairage public,Hors agglomération,Intersection en Y,Pluie légère,Deux véhicules - côté,3,2,2,0,1,1,2,0,1,70,,2,1,0,0,1,,17.0,,,3,1,4,2,3
202100054909,2021-01-15 10:00:00,2021,1,15,10,0,17,17306,ROCHEFORT (DE)  (AVENUE),45.64005,-1.02499,Plein jour,En agglomération,Hors intersection,Normale,Deux véhicules - arrière,3,1,1,0,1,3,1,0,1,50,,2,1,0,0,1,34.0,48.0,,,1,2,1,1,2
202100054910,2021-01-15 08:00:00,2021,1,15,8,0,17,17299,PONTY AVENUE W.,45.94372,-0.95985,Nuit sans éclairage public,En agglomération,Hors intersection,Pluie légère,Autre collision,3,-1,2,0,1,1,2,0,1,50,,2,1,0,1,0,44.0,,,,3,2,1,2,6
202100054911,2021-01-14 10:45:00,2021,1,14,10,45,13,13001,INFIRMERIES (AV DES),43.512776,5.463736,Plein jour,En agglomération,Autre intersection,Normale,Deux véhicules - côté,4,2,3,0,1,1,1,0,1,50,,2,1,0,0,1,47.0,64.0,,,1,2,9,1,3