accident_id,datetime,annee,mois,jour,heure,minute,departement,commune_insee,adresse,latitude,longitude,luminosite,agglomeration,intersection,meteo,collision,catr,circ,nbv,vosp,prof,plan,surf,infra,situ,vma,nb_vehicules,nb_usagers,nb_indemnes,nb_tues,nb_blesses_hosp,nb_blesses_legers,age_cond_1,age_cond_2,veh_type_cond_1,veh_type_cond_2,lum_code,agg_code,int_code,atm_code,col_code
202100054912,2021-01-15 09:07:00,2021,1,15,9,7,10,10387,PAIX (RUE DE LA),48.30125,4.07027,Plein jour,En agglomération,Hors intersection,Temps couvert,Deux véhicules - côté,4,2,2,0,1,1,1,0,1,50,,2,1,0,0,1,15.0,71.0,,,1,2,1,8,3
202100054913,2021-01-15 12:00:00,2021,1,15,12,0,06,06088,MERCANTOUR (BD),43.7382,7.18424,Plein jour,Hors agglomération,Autre intersection,Normale,Autre collision,7,1,4,0,2,1,1,0,1,50,,2,1,0,1,0,20.0,,,,1,1,9,1,6
202100054914,2021-01-13 11:30:00,2021,1,13,11,30,06,06123,BORD DE MER RN 98,43.656613,7.179417,Plein jour,En agglomération,Intersection en T,Normale,Deux véhicules - arrière,7,3,2,1,1,1,1,0,1,50,,3,1,0,0,2,54.0,54.0,,,1,2,3,1,2
202100054915,2021-01-15 14:19:00,2021,1,15,14,19,01,01289,MONTERNOZ ( CHEMIN DE) IMPAIR,46.16646,5.20193,Plein jour,Hors agglomération,Passage à niveau,Pluie légère,Deux véhicules - côté,4,2,2,0,1,4,2,4,8,50,,2,1,1,0,0,49.0,24.0,,,1,1,8,2,3
202100054916,2021-01-15 19:15:00,2021,1,15,19,15,75,75119,BOULEVARD PERIPHERIQUE,48.900327,2.379367,Nuit avec éclairage allumé,En agglomération,Hors intersection,Normale,Deux véhicules - arrière,4,1,4,0,1,1,1,0,1,70,,2,1,0,0,1,38.0,44.0,,,5,2,1,1,2
202100054917,2021-01-13 13:20:00,2021,1,13,13,20,75,75114,PORTE DE CHATILLON,48.822561,2.314169,Plein jour,En agglomération,Hors intersection,Pluie légère,Deux véhicules - arrière,4,1,3,0,1,1,2,0,1,70,,3,1,0,0,2,26.0,29.0,,,1,2,1,2,2
202100054918,2021-01-14 17:00:00,2021,1,14,17,0,75,75105,QUAI SAINT BERNARD,48.846845,2.360971,Nuit avec éclairage allumé,En agglomération,Intersection en T,Pluie légère,Deux véhicules - côté,4,2,4,1,1,1,2,-1,5,50,,2,1,0,0,1,58.0,57.0,,,5,2,3,2,3
202100054919,2021-01-14 13:40:00,2021,1,14,13,40,75,75105,RUE JUSSIEU,48.8474056904,2.3528152528,Plein jour,En agglomération,Intersection en X,Temps couvert,Deux véhicules - côté,4,2,5,0,1,1,2,0,1,30,,2,1,0,0,1,52.0,63.0,,,1,2,2,8,3
202100054920,2021-01-14 21:25:00,2021,1,14,21,25,75,75119,RUE DE BELLEVILLE,48.8771961872,2.4065798521,Nuit avec éclairage allumé,En agglomération,Intersection à plus de 4 branches,Pluie légère,Sans collision,4,2,5,3,1,1,2,0,1,50,,1,0,0,0,1,32.0,,,,5,2,5,2,7
202100054921,2021-01-15 17:40:00,2021,1,15,17,40,75,75116,ALLEE DE LONGCHAMP,48.874928,2.271109,Nuit avec éclairage allumé,En agglomération,Intersection en X,Temps couvert,Deux véhicules - côté,4,2,2,0,1,1,1,0,1,50,,2,1,0,0,1,33.0,31.0,,,5,2,2,8,3
202100054922,2021-01-14 20:25:00,2021,1,14,20,25,75,75116,ALLEE DU BORD DE L EAU,48.868456,2.235431,Nuit avec éclairage allumé,En agglomération,Hors intersection,Pluie légère,Deux véhicules - frontale,4,2,2,0,1,1,2,0,1,50,,2,0,0,0,2,21.0,53.0,,,5,2,1,2,1
202100054923,2021-01-15 10:45:00,2021,1,15,10,45,75,75116,RUE DUBAN,48.857734,2.277563,Plein jour,En agglomération,Intersection en Y,Normale,Autre collision,4,2,2,0,1,1,1,0,1,50,,2,1,0,0,1,50.0,,,,1,2,4,1,6
202100054924,2021-01-15 21:01:00,2021,1,15,21,1,75,75110,AVENUE PARMENTIER,48.871236,2.370145,Nuit avec éclairage allumé,En agglomération,Intersection en X,Normale,Deux véhicules - côté,4,2,3,0,2,1,1,0,1,30,,2,1,0,0,1,30.0,32.0,,,5,2,2,1,3
202100054925,2021-01-14 19:16:00,2021,1,14,19,16,75,75108,PLACE GABRIEL PERI,48.875252,2.324273,Nuit avec éclairage allumé,En agglomération,Place,Pluie légère,Autre collision,4,2,4,3,1,1,2,0,1,50,,2,1,0,0,1,38.0,,,,5,2,7,2,6
202100054926,2021-01-15 14:25:00,2021,1,15,14,25,75,75101,RUE DU LOUVRE,48.862404,2.341595,Plein jour,En agglomération,Intersection en T,Normale,Deux véhicules - côté,4,2,4,0,1,1,1,0,1,30,,2,1,0,0,1,,50.0,,,1,2,3,1,3
202100054927,2021-01-15 17:13:00,2021,1,15,17,13,75,75104,BOULEVARD HENRI IV,48.852222,2.366028,Plein jour,En agglomération,Intersection en Y,Normale,Sans collision,4,2,4,3,1,1,1,-1,6,50,,1,0,0,0,1,36.0,,,,1,2,4,1,7
202100054928,2021-01-15 12:50:00,2021,1,15,12,50,75,75102,BOULEVARD DE BONNE NOUVELLE,48.8706687871,2.3479188617,Plein jour,En agglomération,Intersection en T,Normale,Deux véhicules - côté,4,2,4,1,1,1,1,-1,5,50,,2,1,0,0,1,26.0,47.0,,,1,2,3,1,3
202100054929,2021-01-14 14:20:00,2021,1,14,14,20,94,94068,Avenue du Général Leclerc,48.80713,2.50051,Plein jour,En agglomération,Hors intersection,Pluie légère,Deux véhicules - arrière,4,1,1,0,1,1,2,9,1,50,,2,1,0,0,1,36.0,22.0,,,1,2,1,2,2
202100054930,2021-01-15 13:10:00,2021,1,15,13,10,94,94046,Rue de Grenoble,48.806543,2.443312,Plein jour,En agglomération,Intersection en T,Normale,Autre collision,3,2,2,0,1,1,1,0,1,50,,2,1,0,0,1,62.0,,,,1,2,3,1,6
202100054931,2021-01-15 13:15:00,2021,1,15,13,15,94,94054,FER A CHEVAL (R DU),48.74384,2.40805,Plein jour,En agglomération,Hors intersection,Normale,Deux véhicules - arrière,4,2,2,0,1,1,1,0,1,50,,3,2,0,0,1,23.0,49.0,,,1,2,1,1,2
202100054932,2021-01-15 13:50:00,2021,1,15,13,50,94,94017,BOILEAU (AV),48.80416,2.54681,Plein jour,En agglomération,Hors intersection,Normale,Autre collision,4,2,2,0,1,1,1,0,1,50,,2,1,0,0,1,31.0,,,,1,2,1,1,6
202100054933,2021-01-15 13:40:00,2021,1,15,13,40,94,94017,LUCIEN BARRAULT (AV),48.814459,2.546842,Plein jour,En agglomération,Intersection en T,Temps couvert,Autre collision,4,2,2,0,1,1,1,0,1,50,,2,1,0,0,1,55.0,,,,1,2,3,8,6
202100054934,2021-01-15 08:05:00,2021,1,15,8,5,94,94071,CHAMPIGNY (R DE),48.77448,2.51092,Nuit avec éclairage allumé,En agglomération,Hors intersection,Normale,Trois véhicules et plus - en chaîne,4,2,2,0,1,1,1,0,1,50,,4,3,0,0,1,46.0,28.0,,,5,2,1,1,4
202100054935,2021-01-15 17:45:00,2021,1,15,17,45,93,93072,AMIENS (RUE D') N° IMPAIRS,48.95399,2.3681,Nuit avec éclairage non allumé,En agglomération,Autre intersection,Temps couvert,Deux véhicules - côté,3,3,4,3,1,1,2,5,6,50,,2,1,0,0,1,20.0,27.0,,,4,2,9,8,3
202100054936,2021-01-15 08:13:00,2021,1,15,8,13,93,93071,SALVADOR ALLENDE (AVENUE),48.9472382713,2.5260157585,Crépuscule ou aube,En agglomération,Hors intersection,Temps couvert,Deux véhicules - frontale,4,2,2,0,1,1,1,0,1,50,,2,1,0,0,1,40.0,44.0,,,2,2,1,8,1
202100054937,2021-01-14 17:35:00,2021,1,14,17,35,93,93066,"""PERI GABRIEL, NR 2  A 114 ET 1 A 133""",48.93,2.35644,Nuit avec éclairage allumé,En agglomération,Hors intersection,Pluie légère,Autre collision,4,2,2,0,1,1,2,0,1,50,,2,1,0,0,1,,,,,5,2,1,2,6
202100054938,2021-01-15 19:25:00,2021,1,15,19,25,93,93064,ALSACE-LORRAINE (BOULEVARD),48.8849855023,2.4816066027,Nuit avec éclairage allumé,En agglomération,Intersection en X,Normale,Deux véhicules - côté,3,3,4,0,1,1,2,0,1,50,,2,1,0,0,1,,34.0,,,5,2,2,1,3
202100054939,2021-01-15 12:15:00,2021,1,15,12,15,93,93053,PARIS (RUE DE),48.9019060304,2.4604448676,Plein jour,En agglomération,Autre intersection,Normale,Trois véhicules et plus - en chaîne,3,2,5,0,1,1,1,0,1,50,,3,2,0,1,0,,76.0,,,1,2,9,1,4
202100054940,2021-01-15 08:15:00,2021,1,15,8,15,93,93051,BALLON,48.8327775152,2.5816047192,Plein jour,En agglomération,Hors intersection,Normale,Deux véhicules - arrière,4,2,1,0,1,3,1,0,1,50,,2,1,0,0,1,39.0,41.0,,,1,2,1,1,2
202100054941,2021-01-15 21:50:00,2021,1,15,21,50,93,93049,CARNOT (AVENUE) DU 1-2 AU 43-46,48.864,2.5033,Nuit avec éclairage allumé,En agglomération,Intersection en X,Normale,Deux véhicules - côté,4,1,1,0,2,1,1,0,1,50,,2,1,0,0,1,21.0,16.0,,,5,2,2,1,3
202100054942,2021-01-15 13:00:00,2021,1,15,13,0,93,93048,STALINGRAD (RUE DE),48.8537,2.448,Plein jour,En agglomération,Hors intersection,Normale,Deux véhicules - arrière,3,2,2,0,2,1,1,0,1,50,,2,1,0,0,1,33.0,18.0,,,1,2,1,1,2
202100054943,2021-01-14 19:25:00,2021,1,14,19,25,93,93032,EUGENIE    (ALLEE),48.8865219266,2.5380134369,Nuit avec éclairage allumé,En agglomération,Intersection en X,Pluie légère,Deux véhicules - côté,4,1,1,0,1,1,2,0,1,50,,3,1,0,0,2,31.0,31.0,,,5,2,2,2,3
202100054944,2021-01-15 18:14:00,2021,1,15,18,14,93,93079,EDOUARD VAILLANT,48.96193,2.34643,Crépuscule ou aube,En agglomération,Hors intersection,Normale,Autre collision,4,2,2,0,1,1,1,0,1,50,,2,1,0,0,1,,,,,2,2,1,1,6
202100054945,2021-01-15 15:35:00,2021,1,15,15,35,93,93005,MITRY [CD115] (RUE DE),48.94239,2.5053,Plein jour,En agglomération,Intersection en T,Normale,Trois véhicules et plus - collisions multiples,3,2,2,0,1,1,1,0,1,50,,4,3,0,0,1,,49.0,,,1,2,3,1,5
202100054946,2021-01-15 09:30:00,2021,1,15,9,30,93,93007,"""DESCARTES (AVENUE """"DU 1 AU 41"""")  Z1""",48.95047,2.4419,Plein jour,En agglomération,Hors intersection,Normale,Autre collision,3,-1,2,0,1,1,1,0,1,50,,2,1,0,0,1,38.0,,,,1,2,1,1,6
202100054947,2021-01-14 17:00:00,2021,1,14,17,0,92,92051,BERTEAUX-DUMAS (RUE),48.8815497535,2.2749339753,Plein jour,En agglomération,Hors intersection,Pluie légère,Autre collision,4,2,1,0,1,1,2,0,1,50,,2,1,0,0,1,29.0,,,,1,2,1,2,6
202100054948,2021-01-15 08:30:00,2021,1,15,8,30,92,92026,VERDUN (DE 62 A FIN),48.903002,2.258247,Plein jour,En agglomération,Hors intersection,Normale,Deux véhicules - côté,3,2,4,3,1,1,1,0,1,50,,2,1,0,0,1,35.0,15.0,,,1,2,1,1,3
202100054949,2021-01-15 22:10:00,2021,1,15,22,10,92,92007,PETIT (AVENUE ALBERT) N° 39 A FIN,48.7958739012,2.3171391051,Nuit avec éclairage allumé,En agglomération,Intersection en X,Normale,Deux véhicules - côté,3,2,0,0,1,1,1,5,1,50,,2,1,0,0,1,,19.0,,,5,2,2,1,3
202100054950,2021-01-14 18:15:00,2021,1,14,18,15,974,97415,Rue des Cardinaux,-21.026428,55.265106,Crépuscule ou aube,En agglomération,Hors intersection,Normale,Deux véhicules - frontale,9,2,2,0,1,1,1,0,1,50,,2,0,0,1,1,27.0,,,,2,2,1,1,1
202100054951,2021-01-16 15:19:00,2021,1,16,15,19,01,01089,Rue de la Groua,45.962957,5.321857,Plein jour,En agglomération,Giratoire,Normale,Deux véhicules - arrière,3,2,2,0,1,1,1,0,1,30,,3,2,0,1,0,16.0,16.0,,,1,2,6,1,2
202100054952,2021-01-16 11:40:00,2021,1,16,11,40,49,49092,Petit Chene au Loup (Saint-Georges-des-Gardes),47.143409,-0.766656,Plein jour,Hors agglomération,Intersection en T,Normale,Trois véhicules et plus - en chaîne,3,2,2,0,1,1,1,5,1,90,,6,0,0,1,5,77.0,35.0,,,1,1,3,1,4
202100054953,2021-01-13 18:30:00,2021,1,13,18,30,36,36002,la bagatelle,47.112357,1.7382,Nuit sans éclairage public,Hors agglomération,Hors intersection,Normale,Autre collision,3,2,2,0,1,1,1,0,1,80,,2,1,0,1,0,,,,,3,1,1,1,6
202100054954,2021-01-15 17:00:00,2021,1,15,17,0,28,28104,Rue d'Harleville,48.507848,1.613858,Plein jour,Hors agglomération,Hors intersection,Normale,Autre collision,3,-1,2,0,1,1,1,0,3,50,,1,0,0,1,0,25.0,,,,1,1,1,1,6
202100054955,2021-01-16 11:00:00,2021,1,16,11,0,51,51546,Chemin Agricole,49.1180418504,4.5884446653,Plein jour,Hors agglomération,Hors intersection,Normale,Sans collision,4,2,2,0,1,2,7,0,8,50,,1,0,0,0,1,21.0,,,,1,1,1,1,7
202100054956,2021-01-16 12:30:00,2021,1,16,12,30,95,95352,RD 922,49.1021511221,2.4076553784,Plein jour,Hors agglomération,Hors intersection,Neige / grêle,Deux véhicules - frontale,3,2,2,0,1,3,5,0,1,-1,,2,1,1,0,0,62.0,23.0,,,1,1,1,4,1
202100054957,2021-01-15 22:00:00,2021,1,15,22,0,60,60006,D200,49.321321,2.595122,Nuit sans éclairage public,Hors agglomération,Autre intersection,Normale,Sans collision,3,3,2,0,1,3,1,9,1,80,,4,0,0,0,4,21.0,,,,3,1,9,1,7
202100054958,2021-01-15 15:10:00,2021,1,15,15,10,71,71207,Rue du Paye Neuf,46.923077,5.282473,Plein jour,En agglomération,Hors intersection,Normale,Sans collision,4,2,2,0,1,1,2,0,3,50,,2,1,1,0,0,77.0,,,,1,2,1,1,7
202100054959,2021-01-16 08:50:00,2021,1,16,8,50,49,49053,D761,47.168521,-0.214533,Crépuscule ou aube,Hors agglomération,Intersection en X,Temps couvert,Deux véhicules - arrière,3,2,2,0,1,1,1,5,5,90,,2,1,0,1,0,18.0,87.0,,,2,1,2,8,2
202100054960,2021-01-15 12:25:00,2021,1,15,12,25,47,47095,D813,44.41944,0.289995,Plein jour,Hors agglomération,Autre intersection,Normale,Deux véhicules - côté,3,2,2,0,1,1,1,0,1,80,,4,2,0,1,1,40.0,79.0,,,1,1,9,1,3
202100054961,2021-01-15 12:55:00,2021,1,15,12,55,25,25033,D122,47.401196,6.824484,Plein jour,Hors agglomération,Hors intersection,Neige / grêle,Deux véhicules - frontale,3,2,2,0,1,2,5,0,1,80,,2,0,0,1,1,23.0,21.0,,,1,1,1,4,1
202100054962,2021-01-15 17:20:00,2021,1,15,17,20,70,70240,Rue Marquiset,47.864256,6.327771,Nuit sans éclairage public,En agglomération,Hors intersection,Normale,Deux véhicules - frontale,3,2,2,0,2,1,1,9,1,50,,5,1,0,1,3,19.0,18.0,,,3,2,1,1,1
202100054963,2021-01-15 16:50:00,2021,1,15,16,50,70,70357,D15,47.460855,6.244011,Crépuscule ou aube,Hors agglomération,Hors intersection,Pluie légère,Sans collision,3,2,2,0,1,1,2,0,1,80,,1,0,0,1,0,40.0,,,,2,1,1,2,7
202100054964,2021-01-15 19:55:00,2021,1,15,19,55,66,66024,Avenue d'Espagne,42.520051,2.831431,Nuit avec éclairage allumé,En agglomération,Hors intersection,Normale,Autre collision,4,2,2,0,1,1,1,0,4,50,,1,0,1,0,0,33.0,,,,5,2,1,1,6
202100054965,2021-01-15 15:54:00,2021,1,15,15,54,06,06102,"RM 2205, PK 19+200",44.049978,7.127927,Crépuscule ou aube,Hors agglomération,Hors intersection,Normale,Sans collision,7,2,2,0,1,1,1,0,8,80,,1,0,0,0,1,45.0,,,,2,1,1,1,7
202100054966,2021-01-15 19:50:00,2021,1,15,19,50,50,50292,Rue du Mesnil Amey,49.099414,-1.236783,Nuit avec éclairage allumé,En agglomération,Intersection en X,Normale,Deux véhicules - frontale,3,2,2,0,1,1,1,0,1,50,,2,1,0,1,0,19.0,63.0,,,5,2,2,1,1
202100054967,2021-01-15 17:45:00,2021,1,15,17,45,43,43152,Tressac,45.0697467965,3.8655450845,Nuit avec éclairage allumé,En agglomération,Hors intersection,Normale,Autre collision,4,2,2,0,2,1,2,0,1,50,,2,1,0,1,0,51.0,,,,5,2,1,1,6
202100054968,2021-01-15 13:25:00,2021,1,15,13,25,85,85081,Rue René Couzinet,46.7413893059,-1.3821704686,Plein jour,En agglomération,Autre intersection,Normale,Deux véhicules - frontale,4,2,2,0,2,1,1,0,1,50,,2,1,0,0,1,28.0,76.0,,,1,2,9,1,1
202100054969,2021-01-16 11:05:00,2021,1,16,11,5,10,10444,A5 PK 89+500,48.243167,3.612001,Plein jour,Hors agglomération,Hors intersection,Normale,Deux véhicules - arrière,1,3,2,0,2,1,1,0,1,130,,3,0,0,0,3,60.0,20.0,,,1,1,1,1,2
202100054970,2021-01-15 23:00:00,2021,1,15,23,0,63,63135,Autoroute A71,45.95285,3.107994,Nuit sans éclairage public,Hors agglomération,Autre intersection,Normale,Deux véhicules - côté,1,3,2,0,2,2,1,9,1,130,,4,0,0,1,3,40.0,44.0,,,3,1,9,1,3
202100054971,2021-01-16 18:35:00,2021,1,16,18,35,67,67125,Autoroute A35 PK 438.100,48.338679,7.500229,Nuit sans éclairage public,Hors agglomération,Hors intersection,Autre,Autre collision,1,3,4,0,1,1,2,0,3,130,,2,0,1,1,0,43.0,,,,3,1,1,9,6
202100054972,2021-01-16 08:14:00,2021,1,16,8,14,31,31374,Autoroute A61 - PK 259+700 - Sens TOULOUSE/NARBONNE,43.421975,1.64782,Plein jour,Hors agglomération,Hors intersection,Normale,Deux véhicules - arrière,1,3,4,0,1,1,1,0,1,110,,2,1,1,0,0,53.0,21.0,,,1,1,1,1,2
202100054973,2021-01-15 13:30:00,2021,1,15,13,30,987,98724,District de PAREA,-16.7014037157,-151.0211362839,Plein jour,Hors agglomération,Hors intersection,Normale,Deux véhicules - frontale,2,2,2,0,1,1,1,0,1,40,,2,1,0,1,0,62.0,,,,1,1,1,1,1
202100054974,2021-01-15 21:30:00,2021,1,15,21,30,974,97408,1 Chemin Moulin Joli,-20.959015,55.321972,Nuit avec éclairage allumé,En agglomération,Hors intersection,Normale,Deux véhicules - côté,4,2,2,0,1,1,1,0,1,50,,3,1,0,2,0,29.0,39.0,,,5,2,1,1,3
202100054975,2021-01-05 05:30:00,2021,1,5,5,30,973,97305,Route Nationale 1,4.941765,-52.413325,Nuit sans éclairage public,Hors agglomération,Hors intersection,Pluie légère,Autre collision,2,2,2,0,1,1,2,0,1,80,,2,1,0,1,0,57.0,,,,3,1,1,2,6
202100054976,2021-01-16 17:25:00,2021,1,16,17,25,77,77049,D228,48.907911,2.926914,Plein jour,Hors agglomération,Hors intersection,Neige / grêle,Deux véhicules - frontale,3,2,2,0,1,3,5,0,1,90,,3,0,1,1,1,40.0,37.0,,,1,1,1,4,1
202100054977,2021-01-15 18:09:00,2021,1,15,18,9,69,69204,D486,45.701676,4.796015,Nuit avec éclairage allumé,En agglomération,Autre intersection,Pluie légère,Autre collision,7,2,2,0,1,1,2,0,1,50,,2,1,0,1,0,60.0,,,,5,2,9,2,6
202100054978,2021-01-15 15:10:00,2021,1,15,15,10,86,86137,Avenue de Ouagadougou,47.019457,0.083511,Plein jour,En agglomération,Intersection en T,Normale,Deux véhicules - côté,3,2,2,0,1,1,1,0,1,50,,2,1,0,0,1,56.0,29.0,,,1,2,3,1,3
202100054979,2021-01-16 15:00:00,2021,1,16,15,0,85,85152,3 Rue de la Chapelle,46.591532,-1.648067,Plein jour,En agglomération,Intersection en T,Pluie forte,Deux véhicules - côté,3,-1,2,0,4,1,2,0,1,50,,2,0,0,1,1,15.0,17.0,,,1,2,3,3,3
202100054980,2021-01-16 07:45:00,2021,1,16,7,45,85,85129,Alexandrie,46.834835,-1.485422,Nuit sans éclairage public,Hors agglomération,Hors intersection,Temps couvert,Deux véhicules - frontale,3,2,2,0,1,1,1,0,1,80,,2,1,1,0,0,44.0,23.0,,,3,1,1,8,1
202100054981,2021-01-16 14:09:00,2021,1,16,14,9,80,80033,"Autoroute A1, Aire des coeurs des hauts de france EST",49.886167,2.838871,Plein jour,Hors agglomération,Hors intersection,Neige / grêle,Autre collision,1,2,4,0,1,3,5,0,1,50,,4,3,0,0,1,43.0,,,,1,1,1,4,6
202100054982,2021-01-15 21:10:00,2021,1,15,21,10,80,80033,A1 PK 122+000,49.886063,2.838807,Nuit avec éclairage allumé,Hors agglomération,Autre intersection,Normale,Autre collision,1,1,1,0,1,3,1,0,8,70,,3,2,0,1,0,62.0,,,,5,1,9,1,6
202100054983,2021-01-14 08:00:00,2021,1,14,8,0,59,59025,15 Rue Neuve,50.5987596411,2.8117381734,Crépuscule ou aube,En agglomération,Hors intersection,Pluie légère,Sans collision,4,2,2,0,1,1,2,0,1,50,,1,0,0,1,0,22.0,,,,2,2,1,2,7
202100054984,2021-01-12 06:55:00,2021,1,12,6,55,13,13071,A7-Sens Marseille vers Lyon,43.41,5.28,Crépuscule ou aube,Hors agglomération,Hors intersection,Normale,Deux véhicules - arrière,1,-1,2,0,1,1,1,0,1,90,,3,2,0,0,1,31.0,53.0,,,2,1,1,1,2
202100054985,2021-01-14 16:35:00,2021,1,14,16,35,13,13015,A51-Sens Aix en Provence vers Marseille,43.45106,5.39605,Plein jour,Hors agglomération,Hors intersection,Normale,Deux véhicules - côté,1,1,2,0,1,1,1,0,1,90,,3,2,0,0,1,32.0,22.0,,,1,1,1,1,3
202100054986,2021-01-14 20:20:00,2021,1,14,20,20,83,83047,A570,43.13458,6.04716,Nuit sans éclairage public,Hors agglomération,Hors intersection,Normale,Autre collision,1,3,4,0,1,1,1,0,3,110,,2,0,2,0,0,25.0,,,,3,1,1,1,6
202100054987,2021-01-12 18:25:00,2021,1,12,18,25,67,67389,M35,48.6517010763,7.7353642322,Nuit sans éclairage public,Hors agglomération,Hors intersection,Normale,Deux véhicules - côté,7,3,3,0,1,1,2,0,1,110,,2,1,0,0,1,50.0,63.0,,,3,1,1,1,3
202100054988,2021-01-15 19:45:00,2021,1,15,19,45,33,33013,ROUTE NATIONALE 89,44.868723,-0.501886,Nuit avec éclairage allumé,Hors agglomération,Hors intersection,Normale,Trois véhicules et plus - en chaîne,2,3,6,0,1,1,1,3,1,70,,8,7,0,0,1,44.0,58.0,,,5,1,1,1,4
202100054989,2021-01-15 07:35:00,2021,1,15,7,35,33,33397,AUTOROUTE A 10,44.920482,-0.47559,Nuit avec éclairage non allumé,Hors agglomération,Hors intersection,Normale,Trois véhicules et plus - en chaîne,1,3,6,0,2,1,1,0,1,130,,5,2,0,0,3,39.0,60.0,,,4,1,1,1,4
202100054990,2021-01-12 08:30:00,2021,1,12,8,30,59,59284,AUTOROUTE A23,50.42312,3.401329,Nuit sans éclairage public,Hors agglomération,Hors intersection,Pluie forte,Deux véhicules - arrière,1,3,2,0,1,1,2,0,1,110,,2,1,0,1,0,41.0,21.0,,,3,1,1,3,2
202100054991,2021-01-15 14:20:00,2021,1,15,14,20,91,91689,AUTOROUTE A6,48.72538,2.313,Plein jour,Hors agglomération,Hors intersection,Normale,Deux véhicules - arrière,1,3,6,0,1,1,1,0,2,110,,2,1,0,0,1,53.0,51.0,,,1,1,1,1,2
202100054992,2021-01-15 13:00:00,2021,1,15,13,0,94,94038,AUTOROUTE A6A,48.77732,2.34649,Plein jour,Hors agglomération,Hors intersection,Normale,Deux véhicules - arrière,1,3,6,0,1,1,1,0,1,90,,4,2,0,0,2,49.0,26.0,,,1,1,1,1,2
202100054993,2021-01-15 07:25:00,2021,1,15,7,25,91,91689,AUTOROUTE A6,48.73789,2.31762,Nuit sans éclairage public,Hors agglomération,Hors intersection,Normale,Sans collision,1,3,6,0,1,2,1,3,1,90,,1,0,0,0,1,23.0,,,,3,1,1,1,7
202100054994,2021-01-15 07:25:00,2021,1,15,7,25,92,92050,A86,48.9124918228,2.2178503551,Nuit sans éclairage public,Hors agglomération,Hors intersection,Normale,Deux véhicules - arrière,1,3,4,0,1,1,2,0,1,90,,2,1,0,0,1,29.0,43.0,,,3,1,1,1,2
202100054995,2021-01-15 18:50:00,2021,1,15,18,50,95,95572, A15,49.02536,2.13171,Nuit sans éclairage public,Hors agglomération,Hors intersection,Normale,Deux véhicules - arrière,1,3,6,0,1,1,1,0,1,90,,2,1,0,0,1,36.0,31.0,,,3,1,1,1,2
202100054996,2021-01-11 13:30:00,2021,1,11,13,30,93,93008,AUTOROUTE A86,48.90655,2.4584,Plein jour,Hors agglomération,Hors intersection,Normale,Sans collision,1,3,6,0,1,1,1,0,1,90,,1,0,1,0,0,59.0,,,,1,1,1,1,7
202100054997,2021-01-14 16:25:00,2021,1,14,16,25,93,93078,AUTOROUTE A104,48.96173,2.54518,Plein jour,Hors agglomération,Hors intersection,Pluie légère,Trois véhicules et plus - en chaîne,1,3,6,0,1,1,2,0,1,90,,4,2,0,0,2,38.0,28.0,,,1,1,1,2,4
202100054998,2021-01-14 15:30:00,2021,1,14,15,30,93,93053,AUTOROUTE A3,48.8977,2.4695,Plein jour,Hors agglomération,Hors intersection,Pluie légère,Trois véhicules et plus - collisions multiples,1,3,10,0,1,1,2,0,1,90,,3,2,0,0,1,63.0,21.0,,,1,1,1,2,5
202100054999,2021-01-12 08:50:00,2021,1,12,8,50,95,95252, A15,48.9766591204,2.2348937913,Crépuscule ou aube,Hors agglomération,Autre intersection,Normale,Trois véhicules et plus - collisions multiples,1,3,6,0,1,1,1,0,1,110,,3,1,0,0,2,67.0,30.0,,,2,1,9,1,5
202100055000,2021-01-14 13:10:00,2021,1,14,13,10,95,95394, A115,49.05136,2.18213,Plein jour,Hors agglomération,Hors intersection,Pluie légère,Autre collision,1,3,4,0,1,2,2,0,1,70,,1,0,0,0,1,22.0,,,,1,1,1,2,6
202100055001,2021-01-14 09:05:00,2021,1,14,9,5,95,95582,RD 170,48.96861,2.27489,Plein jour,En agglomération,Hors intersection,Normale,Deux véhicules - côté,3,3,4,0,1,1,1,0,1,70,,2,1,0,0,1,32.0,26.0,,,1,2,1,1,3
202100055002,2021-01-14 07:50:00,2021,1,14,7,50,95,95365,RN 104,49.0652290063,2.4079027885,Nuit sans éclairage public,Hors agglomération,Hors intersection,Pluie légère,Deux véhicules - arrière,2,3,4,0,1,1,2,0,1,110,,2,1,0,0,1,60.0,21.0,,,3,1,1,2,2
202100055003,2021-01-13 23:40:00,2021,1,13,23,40,95,95252, A15,48.98656,2.21174,Nuit sans éclairage public,Hors agglomération,Hors intersection,Pluie légère,Autre collision,1,1,1,0,2,2,2,3,1,50,,1,0,0,0,1,46.0,,,,3,1,1,2,6
202100055004,2021-01-13 05:45:00,2021,1,13,5,45,93,93078,AUTOROUTE A104,48.95808,2.52948,Nuit sans éclairage public,Hors agglomération,Hors intersection,Pluie légère,Autre collision,1,3,6,0,1,1,2,0,1,90,,1,0,0,0,1,41.0,,,,3,1,1,2,6