accident_id,datetime,annee,mois,jour,heure,minute,departement,commune_insee,adresse,latitude,longitude,luminosite,agglomeration,intersection,meteo,collision,catr,circ,nbv,vosp,prof,plan,surf,infra,situ,vma,nb_vehicules,nb_usagers,nb_indemnes,nb_tues,nb_blesses_hosp,nb_blesses_legers,age_cond_1,age_cond_2,veh_type_cond_1,veh_type_cond_2,lum_code,agg_code,int_code,atm_code,col_code
202100055005,2021-01-15 08:50:00,2021,1,15,8,50,94,94028,A86 INT,48.7898800361,2.4402915859,Crépuscule ou aube,Hors agglomération,Hors intersection,Normale,Trois véhicules et plus - collisions multiples,1,3,3,0,1,1,1,0,1,90,,3,2,0,0,1,20.0,58.0,,,2,1,1,1,5
202100055006,2021-01-04 09:50:00,2021,1,4,9,50,988,98818,AVENUE DE LA VICTOIRE HENRI LAFLEUR/RUE AUSTERLITZ,-22.27448,166.44111,Plein jour,En agglomération,Intersection en X,Normale,Autre collision,4,3,5,0,1,1,1,5,1,50,,2,1,0,0,1,49.0,,,,1,2,2,1,6
202100055007,2021-01-14 14:10:00,2021,1,14,14,10,976,97611,kaweni-Mangrove (route de la),-12.77316,45.22295,Plein jour,En agglomération,Hors intersection,Normale,Deux véhicules - côté,2,2,0,0,1,1,1,0,1,50,,2,1,0,0,1,24.0,22.0,,,1,2,1,1,3
202100055008,2021-01-14 11:50:00,2021,1,14,11,50,974,97416,PAVE(RUE),-21.34164,55.48216,Plein jour,En agglomération,Hors intersection,Normale,Deux véhicules - côté,4,2,2,0,4,1,1,0,1,50,,2,1,0,1,0,55.0,45.0,,,1,2,1,1,3
202100055009,2021-01-14 21:20:00,2021,1,14,21,20,973,97302,ROUTE NATIONALE 1,4.90906,-52.32363,Nuit avec éclairage allumé,Hors agglomération,Hors intersection,Pluie légère,Deux véhicules - arrière,2,3,4,0,1,1,2,0,1,90,,2,1,0,0,1,22.0,42.0,,,5,1,1,2,2
202100055010,2021-01-14 11:35:00,2021,1,14,11,35,69,69383,DANTON (R),45.7561758691,4.857416153,Plein jour,En agglomération,Intersection en X,Normale,Deux véhicules - côté,4,1,1,0,1,1,1,0,1,50,,2,1,0,0,1,53.0,23.0,,,1,2,2,1,3
202100055011,2021-01-13 19:35:00,2021,1,13,19,35,972,97213,ROUTE DEPARTEMENTALE 3,14.64514,-60.9909,Nuit sans éclairage public,Hors agglomération,Hors intersection,Normale,Trois véhicules et plus - collisions multiples,3,2,2,0,1,1,1,0,1,80,,4,2,0,0,2,33.0,31.0,,,3,1,1,1,5
202100055012,2021-01-13 19:55:00,2021,1,13,19,55,972,97209,JEAN JAURES (AVENUE),14.60989,-61.07069,Nuit avec éclairage allumé,En agglomération,Hors intersection,Normale,Autre collision,3,1,1,0,1,1,1,9,1,30,,1,0,0,0,1,19.0,,,,5,2,1,1,6
202100055013,2021-01-14 16:40:00,2021,1,14,16,40,69,69385,SECRET (IMP),45.75511,4.79458,Plein jour,En agglomération,Hors intersection,Pluie légère,Autre collision,4,1,1,0,1,1,2,0,1,50,,2,1,0,0,1,43.0,,,,1,2,1,2,6
202100055014,2021-01-13 19:20:00,2021,1,13,19,20,69,69381,CROIX PAQUET (PL),45.77035,4.8365,Nuit avec éclairage allumé,En agglomération,Hors intersection,Pluie légère,Sans collision,4,2,2,0,2,1,2,0,1,50,,1,0,0,0,1,32.0,,,,5,2,1,2,7
202100055015,2021-01-13 12:30:00,2021,1,13,12,30,2B,2B120,11 - RT,42.65443,9.44129,Plein jour,Hors agglomération,Giratoire,Normale,Deux véhicules - côté,2,4,2,0,1,3,1,5,1,30,,2,1,0,0,1,69.0,48.0,,,1,1,6,1,3
202100055016,2021-01-13 04:51:00,2021,1,13,4,51,91,91339,RTE NATIONALE 20,48.622603,2.260265,Nuit sans éclairage public,Hors agglomération,Autre intersection,Pluie légère,Deux véhicules - côté,3,-1,1,0,2,2,2,0,1,50,,2,1,0,0,1,49.0,22.0,,,3,1,9,2,3
202100055017,2021-01-14 19:40:00,2021,1,14,19,40,91,91687,GENERAL DE GAULLE (AVENUE DU),48.67579,2.38559,Nuit avec éclairage allumé,En agglomération,Hors intersection,Pluie légère,Autre collision,3,1,4,0,1,1,2,0,1,50,,2,1,0,1,0,32.0,,,,5,2,1,2,6
202100055018,2021-01-14 02:20:00,2021,1,14,2,20,91,91223,R.D.20,48.436692,2.170354,Nuit sans éclairage public,Hors agglomération,Hors intersection,Normale,Deux véhicules - frontale,3,3,4,0,1,1,1,0,1,90,,3,1,2,0,0,45.0,33.0,,,3,1,1,1,1
202100055019,2021-01-13 14:53:00,2021,1,13,14,53,87,87085,BRIAND (RUE ARISTIDE),45.8562,1.2841,Plein jour,En agglomération,Hors intersection,Pluie légère,Sans collision,4,2,2,0,1,1,2,0,1,50,,1,0,0,0,1,23.0,,,,1,2,1,2,7
202100055020,2021-01-12 21:40:00,2021,1,12,21,40,86,86194,Rue du Faubourg du Pont Neuf,46.577963,0.3510941,Nuit avec éclairage allumé,En agglomération,Hors intersection,Normale,Deux véhicules - arrière,4,2,4,0,1,1,1,0,1,50,,2,1,0,1,0,,34.0,,,5,2,1,1,2
202100055021,2021-01-11 19:50:00,2021,1,11,19,50,78,78220,RN 10,48.72317,1.88935,Nuit avec éclairage allumé,Hors agglomération,Intersection en T,Temps couvert,Deux véhicules - côté,2,3,4,0,1,1,2,0,1,70,,2,1,0,1,0,42.0,23.0,,,5,1,3,8,3
202100055022,2021-01-14 21:05:00,2021,1,14,21,5,73,73065,Rue Jules Ferry / Fbrg Montmélian,45.5663369855,5.9296153675,Nuit avec éclairage allumé,En agglomération,Intersection en X,Pluie légère,Deux véhicules - côté,4,2,2,0,1,1,2,0,1,30,,2,1,0,0,1,21.0,22.0,,,5,2,2,2,3
202100055023,2021-01-14 07:45:00,2021,1,14,7,45,71,71270,EUROPE (RUE DE L'),46.29965,4.82583,Crépuscule ou aube,En agglomération,Intersection en X,Pluie légère,Autre collision,3,1,1,2,1,1,2,0,1,50,,2,1,0,0,1,,,,,2,2,2,2,6
202100055024,2021-01-14 09:25:00,2021,1,14,9,25,71,71540,R.N.80,46.76653,4.44431,Plein jour,Hors agglomération,Intersection en T,Pluie légère,Deux véhicules - côté,3,2,3,0,1,1,2,5,1,80,,2,0,0,0,2,46.0,60.0,,,1,1,3,2,3
202100055025,2021-01-14 16:00:00,2021,1,14,16,0,69,69266,1ER MARS 1943 (DU) (R),45.76259,4.88923,Plein jour,En agglomération,Intersection en T,Pluie légère,Deux véhicules - côté,4,2,2,3,1,1,2,0,1,50,,3,2,0,0,1,65.0,21.0,,,1,2,3,2,3
202100055026,2021-01-14 14:45:00,2021,1,14,14,45,69,69266,GENAS (DE) (RTE),45.75235,4.90082,Plein jour,En agglomération,Hors intersection,Normale,Deux véhicules - frontale,4,-1,2,0,1,1,1,8,1,50,,2,1,0,0,1,31.0,41.0,,,1,2,1,1,1
202100055027,2021-01-14 07:30:00,2021,1,14,7,30,67,67482,ELMERFORST (RUE D ),48.56312,7.71145,Nuit avec éclairage allumé,En agglomération,Hors intersection,Neige / grêle,Autre collision,4,2,2,0,1,1,2,0,1,50,,2,1,0,1,0,26.0,,,,5,2,1,4,6
202100055028,2021-01-13 14:15:00,2021,1,13,14,15,67,67482,Rue de Fessenheim,48.598651297,7.7107244636,Plein jour,En agglomération,Intersection en T,Temps éblouissant,Autre collision,4,2,2,0,1,1,1,0,1,30,,2,1,0,0,1,91.0,,,,1,2,3,7,6
202100055029,2021-01-14 10:30:00,2021,1,14,10,30,59,59368,DE GAULLE RUE DU GENERAL,50.656342,3.073793,Plein jour,En agglomération,Autre intersection,Pluie forte,Autre collision,7,2,2,0,1,1,2,9,1,50,,2,1,0,0,1,24.0,,,,1,2,9,3,6
202100055030,2021-01-13 16:30:00,2021,1,13,16,30,54,54357,DE GAULLE (RUE DU GAL),48.7043406587,6.1317524314,Plein jour,En agglomération,Hors intersection,Pluie légère,Autre collision,7,2,-1,0,1,1,2,0,1,-1,,2,1,0,0,1,88.0,,,,1,2,1,2,6
202100055031,2021-01-14 15:30:00,2021,1,14,15,30,51,51454,Avenue du Général de Gaulle,49.2419401744,4.014354691,Plein jour,En agglomération,Intersection en X,Pluie forte,Deux véhicules - côté,4,1,2,0,1,1,2,9,6,50,,2,1,0,0,1,56.0,36.0,,,1,2,2,3,3
202100055032,2021-01-13 16:45:00,2021,1,13,16,45,51,51454,Avenue de Champagne,49.228501047,4.0311688547,Crépuscule ou aube,En agglomération,Hors intersection,Pluie forte,Deux véhicules - arrière,3,-1,4,0,1,1,2,0,1,70,,4,3,0,0,1,55.0,54.0,,,2,2,1,3,2
202100055033,2021-01-13 09:17:00,2021,1,13,9,17,51,51108,Rue Prieur de la Marne,48.9566499942,4.3648638009,Plein jour,En agglomération,Intersection en T,Temps couvert,Sans collision,4,2,2,0,1,1,1,0,1,30,,2,1,0,0,1,23.0,,,,1,2,3,8,7
202100055034,2021-01-13 19:00:00,2021,1,13,19,0,49,49099,VENDEE (RUE DE LA ),47.05171,-0.89084,Nuit avec éclairage allumé,En agglomération,Intersection en T,Temps couvert,Deux véhicules - côté,4,2,2,0,1,1,2,0,1,50,,2,1,0,0,1,27.0,22.0,,,5,2,3,8,3
202100055035,2021-01-14 08:58:00,2021,1,14,8,58,49,49007,CARNOT,47.47543,-0.54837,Plein jour,En agglomération,Intersection en T,Normale,Deux véhicules - côté,4,2,2,2,1,1,2,0,1,50,,2,1,0,0,1,36.0,37.0,,,1,2,3,1,3
202100055036,2021-01-14 17:52:00,2021,1,14,17,52,45,45147,274 Rue Marcelin Berthelot,47.93859,1.91884,Nuit avec éclairage allumé,En agglomération,Hors intersection,Pluie légère,Deux véhicules - arrière,7,2,2,0,1,1,2,0,1,50,,6,4,0,0,2,29.0,32.0,,,5,2,1,2,2
202100055037,2021-01-14 08:40:00,2021,1,14,8,40,44,44109,RUE PABLO PICASSO,47.21552,-1.53582,Plein jour,En agglomération,Hors intersection,Temps couvert,Autre collision,4,2,2,2,1,1,2,0,1,50,,2,1,0,1,0,27.0,,,,1,2,1,8,6
202100055038,2021-01-14 18:45:00,2021,1,14,18,45,41,41018,WILSON (AVENUE DU PRESIDENT),47.582181,1.341856,Nuit avec éclairage allumé,En agglomération,Hors intersection,Normale,Autre collision,4,2,2,0,1,1,1,0,1,30,,2,1,0,1,0,81.0,,,,5,2,1,1,6
202100055039,2021-01-14 17:50:00,2021,1,14,17,50,33,33318,Avenue de Madran,44.8051,-0.65581,Nuit avec éclairage allumé,En agglomération,Intersection en T,Pluie légère,Autre collision,4,2,2,2,1,1,2,5,1,50,,2,1,0,0,1,36.0,,,,5,2,3,2,6
202100055040,2021-01-14 13:50:00,2021,1,14,13,50,33,33192,Cours du Général de Gaulle,44.77851,-0.60979,Plein jour,En agglomération,Intersection en X,Pluie légère,Deux véhicules - côté,4,2,3,2,1,1,2,5,1,50,,3,0,0,0,3,16.0,88.0,,,1,2,2,2,3
202100055041,2021-01-14 06:25:00,2021,1,14,6,25,33,33522,Cours de la Libération,44.79688,-0.6022,Nuit avec éclairage allumé,En agglomération,Intersection en T,Pluie légère,Deux véhicules - côté,4,3,5,1,1,1,2,5,1,50,,4,0,0,0,4,55.0,39.0,,,5,2,3,2,3
202100055042,2021-01-13 21:45:00,2021,1,13,21,45,31,31555,34 Avenue Etienne Billières,43.597266,1.426989,Nuit avec éclairage allumé,En agglomération,Hors intersection,Pluie légère,Deux véhicules - arrière,4,2,2,0,1,1,2,0,1,50,,2,1,0,0,1,54.0,19.0,,,5,2,1,2,2
202100055043,2021-01-12 17:55:00,2021,1,12,17,55,31,31555,RUE DE KIEV,43.57085,1.40599,Nuit avec éclairage allumé,En agglomération,Hors intersection,Normale,Autre collision,4,2,2,0,1,1,1,0,1,50,,2,0,0,1,1,23.0,,,,5,2,1,1,6
202100055044,2021-01-13 19:35:00,2021,1,13,19,35,30,30189,ROND POINT DES NATIONS UNIES,43.82032,4.35778,Nuit avec éclairage allumé,En agglomération,Giratoire,Normale,Deux véhicules - côté,4,1,3,0,1,1,1,5,6,50,,3,0,0,0,3,37.0,58.0,,,5,2,6,1,3
202100055045,2021-01-14 14:40:00,2021,1,14,14,40,30,30007,BAGNOLS (ROUTE DE),44.13066,4.1091,Plein jour,En agglomération,Hors intersection,Normale,Deux véhicules - côté,3,2,3,0,1,1,1,0,1,50,,2,1,0,0,1,57.0,48.0,,,1,2,1,1,3
202100055046,2021-01-14 17:35:00,2021,1,14,17,35,29,29039,D70 - Craostallouroun,47.9165,-3.90399,Plein jour,Hors agglomération,Hors intersection,Normale,Trois véhicules et plus - en chaîne,3,2,2,0,1,1,1,0,1,80,,4,3,0,0,1,42.0,32.0,,,1,1,1,1,4
202100055047,2021-01-13 13:59:00,2021,1,13,13,59,29,29019,Rond Point  Pen Ar Ch’Leuz,48.4150715,-4.4794831,Plein jour,En agglomération,Giratoire,Normale,Deux véhicules - arrière,4,3,4,0,1,1,1,5,1,50,,3,1,0,0,2,45.0,48.0,,,1,2,6,1,2
202100055048,2021-01-08 11:10:00,2021,1,8,11,10,24,24037,COUNORD (RUE EMILE),44.8617,0.49684,Plein jour,En agglomération,Hors intersection,Normale,Autre collision,4,2,2,0,1,2,1,0,1,50,,2,1,0,1,0,89.0,,,,1,2,1,1,6
202100055049,2021-01-12 18:00:00,2021,1,12,18,0,22,22187,RD786,48.54871,-2.79364,Nuit avec éclairage allumé,Hors agglomération,Giratoire,Pluie légère,Autre collision,3,3,4,0,1,1,2,5,1,70,,2,1,0,0,1,36.0,,,,5,1,6,2,6
202100055050,2021-01-13 13:30:00,2021,1,13,13,30,19,19031,RIBOT (AVENUE),45.16461,1.50282,Plein jour,En agglomération,Intersection en T,Normale,Deux véhicules - côté,3,2,3,0,1,1,2,0,1,50,,6,0,0,0,6,31.0,78.0,,,1,2,3,1,3
202100055051,2021-01-14 12:30:00,2021,1,14,12,30,17,17300,D 106,46.173549,-1.212585,Plein jour,En agglomération,Hors intersection,Pluie légère,Sans collision,3,2,2,0,1,3,2,0,1,70,,1,0,0,0,1,45.0,,,,1,2,1,2,7
202100055052,2021-01-14 16:15:00,2021,1,14,16,15,16,16015,Boulevard de Bigorre,45.62939,0.13829,Plein jour,Hors agglomération,Hors intersection,Normale,Autre collision,3,4,3,0,2,1,1,0,1,70,,3,0,0,1,2,34.0,44.0,,,1,1,1,1,6
202100055053,2021-01-14 08:05:00,2021,1,14,8,5,14,14118,Place du Canada,49.18241,-0.36845,Crépuscule ou aube,En agglomération,Place,Autre,Deux véhicules - côté,4,1,1,0,1,1,1,0,1,50,,2,1,0,0,1,27.0,57.0,,,2,2,7,9,3
202100055054,2021-01-14 12:35:00,2021,1,14,12,35,13,13212,PIERRE GUYS (RUE),43.3085,5.4367,Plein jour,En agglomération,Hors intersection,Normale,Autre collision,4,1,1,0,1,1,1,0,1,50,,2,1,0,0,1,76.0,,,,1,2,1,1,6
202100055055,2021-01-14 07:30:00,2021,1,14,7,30,13,13211,SAINT MARCEL (BOULEVARD DE ),43.287,5.459,Plein jour,En agglomération,Hors intersection,Normale,Deux véhicules - côté,4,-1,2,0,1,1,1,0,1,50,,2,1,0,0,1,48.0,,,,1,2,1,1,3
202100055056,2021-01-13 11:25:00,2021,1,13,11,25,13,13209,CABOT (BOULEVARD),43.258725,5.417291,Plein jour,En agglomération,Autre intersection,Normale,Trois véhicules et plus - collisions multiples,4,2,2,0,1,1,1,9,1,50,,3,1,0,0,2,70.0,67.0,,,1,2,9,1,5
202100055057,2021-01-13 08:00:00,2021,1,13,8,0,13,13206,JULES CANTINI (AVENUE),43.28431,5.3869,Plein jour,En agglomération,Hors intersection,Normale,Autre collision,4,2,2,0,1,1,1,0,1,50,,2,1,0,0,1,49.0,,,,1,2,1,1,6
202100055058,2021-01-13 08:40:00,2021,1,13,8,40,13,13210,CAPELETTE (AVENUE DE LA),43.2791,5.41208,Plein jour,En agglomération,Hors intersection,Normale,Deux véhicules - côté,4,-1,2,0,1,1,1,0,1,50,,2,1,0,0,1,27.0,,,,1,2,1,1,3
202100055059,2021-01-14 17:00:00,2021,1,14,17,0,13,13063,ARC EN CIEL AVENUE DE L',43.598181,5.00893,Crépuscule ou aube,En agglomération,Hors intersection,Normale,Deux véhicules - côté,4,-1,2,0,1,1,1,0,1,50,,3,2,0,1,0,18.0,10.0,,,2,2,1,1,3
202100055060,2021-01-14 13:50:00,2021,1,14,13,50,13,13047,N 569,43.484508,4.963097,Plein jour,Hors agglomération,Hors intersection,Normale,Deux véhicules - arrière,2,2,2,0,1,1,1,9,1,80,,2,1,0,0,1,32.0,61.0,,,1,1,1,1,2
202100055061,2021-01-14 08:00:00,2021,1,14,8,0,13,13028,PUITS DE BRUNET (CHEMIN DU),43.18386,5.5986,Plein jour,En agglomération,Hors intersection,Normale,Deux véhicules - côté,4,2,2,0,2,1,1,0,1,30,,2,1,0,0,1,86.0,50.0,,,1,2,1,1,3
202100055062,2021-01-14 10:15:00,2021,1,14,10,15,07,07281,C.D. 533 (VERS LE PUY),44.943096,4.785805,Plein jour,Hors agglomération,Hors intersection,Normale,Deux véhicules - côté,3,2,2,0,2,3,1,0,1,80,,2,1,0,1,0,38.0,72.0,,,1,1,1,1,3
202100055063,2021-01-13 09:10:00,2021,1,13,9,10,06,06030,CARIMAI (RUE),43.5672,6.97019,Plein jour,En agglomération,Hors intersection,Normale,Deux véhicules - arrière,3,2,2,0,1,1,2,0,1,50,,2,1,0,1,0,43.0,68.0,,,1,2,1,1,2
202100055064,2021-01-13 07:40:00,2021,1,13,7,40,02,02738,GAMBETTA (BOULEVARD),49.653146,3.289605,Crépuscule ou aube,En agglomération,Hors intersection,Normale,Autre collision,4,2,2,0,1,1,1,5,1,50,,2,1,0,0,1,31.0,,,,2,2,1,1,6
202100055065,2021-01-13 07:20:00,2021,1,13,7,20,75,75116,ECHANGEUR MUETTE,48.861934,2.2646,Nuit avec éclairage allumé,En agglomération,Hors intersection,Pluie légère,Deux véhicules - arrière,4,1,4,0,1,1,2,0,1,70,,2,1,0,0,1,50.0,26.0,,,5,2,1,2,2
202100055066,2021-01-13 22:45:00,2021,1,13,22,45,75,75120,AVENUE IBSEN,48.86649,2.412672,Nuit avec éclairage allumé,En agglomération,Intersection en Y,Pluie légère,Trois véhicules et plus - collisions multiples,4,1,2,0,1,1,2,0,1,50,,3,1,0,0,2,54.0,61.0,,,5,2,4,2,5
202100055067,2021-01-14 17:05:00,2021,1,14,17,5,75,75119,AVENUE JEAN JAURES,48.887224,2.387182,Nuit avec éclairage allumé,En agglomération,Intersection en T,Pluie légère,Autre collision,4,2,2,1,1,1,2,0,1,50,,3,2,0,0,1,70.0,,,,5,2,3,2,6
202100055068,2021-01-14 18:05:00,2021,1,14,18,5,75,75118,RUE BELLIARD,48.896068,2.333,Nuit avec éclairage allumé,En agglomération,Intersection en X,Pluie légère,Deux véhicules - côté,4,1,2,0,1,1,2,0,1,50,,3,1,0,0,2,19.0,51.0,,,5,2,2,2,3
202100055069,2021-01-14 19:10:00,2021,1,14,19,10,75,75116,BOULEVARD SUCHET,48.853019,2.261921,Nuit avec éclairage allumé,En agglomération,Intersection en T,Pluie légère,Autre collision,4,2,4,0,1,1,2,0,1,50,,2,1,0,0,1,72.0,13.0,,,5,2,3,2,6
202100055070,2021-01-14 09:40:00,2021,1,14,9,40,75,75114,RUE LACAZE,48.824907,2.330667,Plein jour,En agglomération,Hors intersection,Normale,Deux véhicules - côté,4,2,2,2,2,1,1,0,1,50,,2,1,0,0,1,55.0,65.0,,,1,2,1,1,3
202100055071,2021-01-14 19:30:00,2021,1,14,19,30,75,75113,BOULEVARD MASSENA,48.819886,2.364811,Nuit avec éclairage allumé,En agglomération,Intersection en X,Pluie légère,Autre collision,4,1,4,0,1,1,2,0,1,50,,2,1,0,0,1,51.0,,,,5,2,2,2,6
202100055072,2021-01-14 20:40:00,2021,1,14,20,40,75,75111,AVENUE PARMENTIER,48.8619839951,2.3769679825,Nuit avec éclairage allumé,En agglomération,Intersection en X,Pluie légère,Deux véhicules - côté,4,2,2,0,1,1,2,0,1,30,,2,1,0,0,1,24.0,,,,5,2,2,2,3
202100055073,2021-01-14 07:49:00,2021,1,14,7,49,75,75108,RUE CHAUVEAU LAGARDE,48.871069,2.324471,Crépuscule ou aube,En agglomération,Place,Normale,Autre collision,4,1,1,0,1,1,2,0,1,50,,3,2,0,0,1,38.0,,,,2,2,7,1,6
202100055074,2021-01-13 16:30:00,2021,1,13,16,30,94,94081,LEON GEFFROY (R),48.782,2.407,Plein jour,En agglomération,Intersection en T,Normale,Deux véhicules - arrière,3,3,2,0,2,1,1,5,1,50,,2,0,0,0,2,39.0,44.0,,,1,2,3,1,2
202100055075,2021-01-14 07:49:00,2021,1,14,7,49,94,94078,VALENTON (AV DE),48.74001,2.45702,Nuit avec éclairage allumé,En agglomération,Hors intersection,Temps couvert,Autre collision,4,2,2,0,1,1,2,9,1,50,,3,0,0,0,3,57.0,,,,5,2,1,8,6
202100055076,2021-01-12 17:15:00,2021,1,12,17,15,94,94068,Avenue du Bac,48.79277,2.51661,Nuit avec éclairage allumé,En agglomération,Hors intersection,Pluie légère,Autre collision,3,2,2,0,1,1,2,0,1,30,,2,1,0,0,1,79.0,,,,5,2,1,2,6
202100055077,2021-01-12 17:10:00,2021,1,12,17,10,94,94042,MARNE (QU DE),48.828783,2.4702,Nuit avec éclairage allumé,En agglomération,Hors intersection,Pluie légère,Autre collision,4,2,0,0,1,1,2,2,1,5,,2,1,0,0,1,29.0,,,,5,2,1,2,6
202100055078,2021-01-14 20:00:00,2021,1,14,20,0,94,94037,VAL DE MARNE (R DU),48.81596,2.34655,Nuit avec éclairage allumé,En agglomération,Intersection en Y,Pluie légère,Deux véhicules - côté,4,2,2,0,2,2,2,0,1,50,,2,1,0,0,1,37.0,32.0,,,5,2,4,2,3
202100055079,2021-01-14 15:45:00,2021,1,14,15,45,94,94021,Avenue des Trois Marches Min,48.76168,2.35677,Plein jour,En agglomération,Giratoire,Pluie légère,Deux véhicules - côté,4,3,3,0,1,1,2,0,1,50,,2,1,0,0,1,36.0,49.0,,,1,2,6,2,3
202100055080,2021-01-13 19:30:00,2021,1,13,19,30,94,94060,PONT BANNERET (RTE DU),48.78643,2.57669,Nuit sans éclairage public,En agglomération,Hors intersection,Pluie légère,Deux véhicules - côté,4,1,1,0,1,1,2,0,1,50,,2,1,0,1,0,34.0,17.0,,,3,2,1,2,3
202100055081,2021-01-14 20:16:00,2021,1,14,20,16,93,93053,HENRI BARBUSSE (RUE),48.8911927099,2.4581256327,Nuit avec éclairage allumé,En agglomération,Hors intersection,Pluie légère,Deux véhicules - côté,4,1,1,0,1,1,2,0,4,30,,2,1,0,0,1,56.0,34.0,,,5,2,1,2,3
202100055082,2021-01-14 07:50:00,2021,1,14,7,50,93,93048,GENERAL DE GAULE (PLACE DU),48.8684418869,2.4338214693,Crépuscule ou aube,En agglomération,Hors intersection,Pluie légère,Autre collision,4,2,2,0,1,1,2,0,1,50,,2,1,0,1,0,,,,,2,2,1,2,6
202100055083,2021-01-12 17:40:00,2021,1,12,17,40,93,93032,FRANCEVILLE  (RUE DE),48.89035,2.54594,Nuit avec éclairage allumé,En agglomération,Passage à niveau,Pluie légère,Autre collision,4,2,1,0,1,1,2,0,1,50,,2,1,0,0,1,22.0,,,,5,2,8,2,6
202100055084,2021-01-14 20:18:00,2021,1,14,20,18,93,93066,"""STRASBOURG, NR 1 A 71 ET 2 A 34""",48.93622,2.36326,Nuit avec éclairage allumé,En agglomération,Hors intersection,Pluie légère,Autre collision,4,2,2,0,1,1,2,0,1,30,,3,1,0,0,2,27.0,20.0,,,5,2,1,2,6
202100055085,2021-01-14 21:30:00,2021,1,14,21,30,93,93027,SUD (ALLEE DU),48.9193811447,2.3840864003,Nuit avec éclairage allumé,En agglomération,Intersection en T,Pluie légère,Deux véhicules - côté,3,2,2,0,1,1,2,0,1,50,,2,1,0,0,1,31.0,22.0,,,5,2,3,2,3
202100055086,2021-01-14 02:20:00,2021,1,14,2,20,93,93027,VAILLANT-COUTURIER (AVENUE PAUL),48.92116,2.37587,Nuit sans éclairage public,Hors agglomération,Giratoire,Pluie légère,Autre collision,1,1,2,0,2,3,2,0,4,50,,2,1,0,0,1,20.0,,,,3,1,6,2,6
202100055087,2021-01-14 19:10:00,2021,1,14,19,10,93,93005,LOUISE MICHEL (RUE),48.931728464,2.5022448533,Nuit avec éclairage allumé,En agglomération,Hors intersection,Pluie légère,Deux véhicules - arrière,4,2,2,0,1,1,2,0,1,50,,2,1,0,0,1,20.0,24.0,,,5,2,1,2,2
202100055088,2021-01-14 08:45:00,2021,1,14,8,45,93,93001,Rue Danielle Casanova,48.91889,2.390444,Plein jour,En agglomération,Hors intersection,Normale,Deux véhicules - arrière,3,2,2,0,1,1,1,0,1,50,,2,1,0,0,1,,45.0,,,1,2,1,1,2
202100055089,2021-01-14 08:00:00,2021,1,14,8,0,92,92063,POMPIDOU (AVENUE DU PRESIDENT),48.8709782107,2.1951319277,Nuit avec éclairage allumé,En agglomération,Hors intersection,Pluie légère,Autre collision,4,2,2,0,1,1,2,0,1,50,,2,1,0,0,1,56.0,,,,5,2,1,2,6
202100055090,2021-01-12 16:36:00,2021,1,12,16,36,92,92063,ROSTAND (BOULEVARD EDMOND),48.87742,2.1948,Plein jour,En agglomération,Hors intersection,Pluie légère,Deux véhicules - arrière,4,2,1,0,2,1,2,0,1,50,,3,1,0,0,2,39.0,40.0,,,1,2,1,2,2
202100055091,2021-01-14 17:10:00,2021,1,14,17,10,92,92051,COMMANDANT PILOT (RUE DU),48.8816252744,2.2780267613,Nuit avec éclairage allumé,En agglomération,Intersection en X,Pluie légère,Autre collision,4,1,1,0,1,2,2,0,1,50,,2,1,0,0,1,31.0,75.0,,,5,2,2,2,6
202100055092,2021-01-14 07:25:00,2021,1,14,7,25,92,92036,PRINCIPALE DU PORT (ROUTE) (S/SA15/+),48.9379605635,2.2777695679,Nuit avec éclairage allumé,En agglomération,Giratoire,Pluie légère,Deux véhicules - côté,4,1,2,1,1,3,2,5,1,50,,2,1,0,0,1,49.0,28.0,,,5,2,6,2,3
202100055093,2021-01-14 13:35:00,2021,1,14,13,35,92,92019,DIVISION LECLERC (AVENUE DE LA),48.7632623499,2.2770209319,Plein jour,En agglomération,Hors intersection,Pluie légère,Autre collision,3,1,2,3,1,1,2,9,3,50,,2,1,0,0,1,61.0,,,,1,2,1,2,6
202100055094,2021-01-15 19:45:00,2021,1,15,19,45,80,80804,Autoroute A.16 - pk155+400,50.055486,2.005091,Nuit sans éclairage public,Hors agglomération,Hors intersection,Normale,Trois véhicules et plus - en chaîne,1,1,2,0,1,1,1,0,1,130,,3,1,0,1,1,24.0,24.0,,,3,1,1,1,4
202100055095,2021-01-15 16:30:00,2021,1,15,16,30,16,16366,Lieu-dit les Chardonnerets,45.611749,-0.22956,Plein jour,Hors agglomération,Hors intersection,Temps couvert,Autre collision,3,2,2,0,2,1,1,0,3,80,,1,0,1,0,0,75.0,,,,1,1,1,8,6
202100055096,2021-01-14 15:35:00,2021,1,14,15,35,43,43189,Lieu-dit la Motte,45.304176,3.87996,Plein jour,Hors agglomération,Hors intersection,Pluie légère,Deux véhicules - frontale,3,2,2,0,1,1,2,0,1,90,,3,0,0,1,2,89.0,65.0,,,1,1,1,2,1
202100055097,2021-01-14 14:55:00,2021,1,14,14,55,972,97221,RN5,14.507192,-60.981417,Plein jour,Hors agglomération,Hors intersection,Normale,Deux véhicules - arrière,2,2,4,0,1,1,1,0,1,70,,2,1,0,1,0,49.0,70.0,,,1,1,1,1,2
202100055098,2021-01-15 08:30:00,2021,1,15,8,30,44,44015,D164 PR042.000,47.459209,-1.693075,Crépuscule ou aube,Hors agglomération,Intersection en X,Autre,Deux véhicules - côté,3,2,2,0,1,1,2,0,1,80,,2,1,0,1,0,33.0,58.0,,,2,1,2,9,3