accident_id,datetime,annee,mois,jour,heure,minute,departement,commune_insee,adresse,latitude,longitude,luminosite,agglomeration,intersection,meteo,collision,catr,circ,nbv,vosp,prof,plan,surf,infra,situ,vma,nb_vehicules,nb_usagers,nb_indemnes,nb_tues,nb_blesses_hosp,nb_blesses_legers,age_cond_1,age_cond_2,veh_type_cond_1,veh_type_cond_2,lum_code,agg_code,int_code,atm_code,col_code
202100055099,2021-01-15 10:10:00,2021,1,15,10,10,30,30279,11 Route de Cavillargues,44.106099,4.458582,Plein jour,En agglomération,Hors intersection,Normale,Autre collision,3,2,2,0,1,1,1,0,1,50,,2,1,0,1,0,54.0,,,,1,2,1,1,6
202100055100,2021-01-15 08:45:00,2021,1,15,8,45,62,62784,RN 25,50.203948,2.535117,Plein jour,Hors agglomération,Intersection en X,Autre,Deux véhicules - côté,2,4,2,0,1,1,7,0,1,80,,3,0,0,1,2,82.0,60.0,,,1,1,2,9,3
202100055101,2021-01-07 18:30:00,2021,1,7,18,30,32,32132,Avenue Pierre de Coubertin,43.850537,0.665604,Nuit avec éclairage allumé,En agglomération,Intersection en T,Normale,Deux véhicules - côté,2,2,2,0,1,1,1,0,1,50,,2,1,0,1,0,66.0,18.0,,,5,2,3,1,3
202100055102,2021-01-14 15:30:00,2021,1,14,15,30,32,32147,Boulevard du Nord,43.626792,0.878059,Plein jour,En agglomération,Hors intersection,Normale,Deux véhicules - frontale,2,2,2,0,1,1,1,0,1,50,,5,3,0,1,1,47.0,27.0,,,1,2,1,1,1
202100055103,2021-01-14 16:50:00,2021,1,14,16,50,89,89460,,48.335242,3.064156,Crépuscule ou aube,En agglomération,Intersection en X,Pluie légère,Autre collision,3,2,2,0,2,1,2,5,1,50,,2,1,0,0,1,52.0,,,,2,2,2,2,6
202100055104,2021-01-15 07:55:00,2021,1,15,7,55,89,89295,N6,47.832143,3.553369,Nuit sans éclairage public,Hors agglomération,Hors intersection,Pluie légère,Trois véhicules et plus - en chaîne,2,2,3,0,2,1,2,0,1,90,,3,2,0,1,0,39.0,30.0,,,3,1,1,2,4
202100055105,2021-01-15 08:00:00,2021,1,15,8,0,55,55237,D903,49.1210011041,5.5338960886,Plein jour,Hors agglomération,Hors intersection,Neige / grêle,Deux véhicules - côté,3,2,2,0,1,1,5,0,1,80,,2,1,0,1,0,35.0,38.0,,,1,1,1,4,3
202100055106,2021-01-15 18:30:00,2021,1,15,18,30,47,47070,D911,44.474212,0.921581,Nuit sans éclairage public,Hors agglomération,Hors intersection,Normale,Deux véhicules - côté,3,2,1,0,1,1,1,0,1,80,,2,1,0,0,1,74.0,48.0,,,3,1,1,1,3
202100055107,2021-01-13 18:30:00,2021,1,13,18,30,22,22254,Bardérou,48.654537,-3.337355,Nuit sans éclairage public,Hors agglomération,Hors intersection,Pluie légère,Deux véhicules - frontale,3,2,2,0,1,1,2,0,1,80,,2,1,1,0,0,30.0,70.0,,,3,1,1,2,1
202100055108,2021-01-13 16:40:00,2021,1,13,16,40,22,22220,4 Lieu Dit Lan Brugou,48.209242,-3.264404,Plein jour,Hors agglomération,Hors intersection,Pluie légère,Sans collision,3,2,2,0,1,1,2,0,8,80,,1,0,1,0,0,73.0,,,,1,1,1,2,7
202100055109,2021-01-15 09:00:00,2021,1,15,9,0,25,25040,Rue de Dampierre les Bois,47.503475,6.939149,Plein jour,En agglomération,Intersection en X,Neige / grêle,Deux véhicules - côté,3,2,2,0,4,2,5,0,1,50,,2,1,0,0,1,21.0,42.0,,,1,2,2,4,3
202100055110,2021-01-13 15:25:00,2021,1,13,15,25,44,44158,Rue de la Chézine,47.27005,-1.762501,Plein jour,En agglomération,Giratoire,Normale,Deux véhicules - arrière,4,2,1,0,1,1,1,0,1,50,,2,1,0,1,0,31.0,66.0,,,1,2,6,1,2
202100055111,2021-01-12 07:50:00,2021,1,12,7,50,29,29199,D64 - ZI de Kerbriant,48.573015,-3.719848,Nuit sans éclairage public,En agglomération,Intersection en X,Pluie légère,Deux véhicules - côté,3,2,2,0,2,1,2,0,1,50,,2,1,0,0,1,46.0,49.0,,,3,2,2,2,3
202100055112,2021-01-15 07:00:00,2021,1,15,7,0,02,02033,d1044  pk 81+390,49.495887,3.780327,Nuit sans éclairage public,Hors agglomération,Hors intersection,Neige / grêle,Deux véhicules - frontale,3,2,2,0,3,1,7,0,1,80,,2,1,0,0,1,33.0,33.0,,,3,1,1,4,1
202100055113,2021-01-13 19:30:00,2021,1,13,19,30,85,85084,A87 PK092+000,46.81146,-1.19986,Nuit sans éclairage public,Hors agglomération,Hors intersection,Temps couvert,Deux véhicules - arrière,1,3,4,0,1,1,2,2,2,130,,2,0,0,1,1,50.0,25.0,,,3,1,1,8,2
202100055114,2021-01-15 17:40:00,2021,1,15,17,40,50,50215,Route de Montsurvent,49.098712,-1.578662,Plein jour,En agglomération,Hors intersection,Normale,Autre collision,3,2,2,0,1,1,1,0,1,50,,1,0,0,1,0,51.0,,,,1,2,1,1,6
202100055115,2021-01-14 15:45:00,2021,1,14,15,45,53,53146,Les Hautes Folies,48.184086,-0.674329,Plein jour,Hors agglomération,Hors intersection,Normale,Autre collision,2,2,2,0,2,1,1,0,3,80,,1,0,0,1,0,55.0,,,,1,1,1,1,6
202100055116,2021-01-15 13:13:00,2021,1,15,13,13,73,73068,Autoroute A43 pk 124+720,45.564312,6.212105,Plein jour,Hors agglomération,Hors intersection,Neige / grêle,Deux véhicules - arrière,1,3,7,0,1,1,2,3,1,130,,4,2,0,2,0,50.0,26.0,,,1,1,1,4,2
202100055117,2021-01-15 07:55:00,2021,1,15,7,55,38,38565,D3,45.271383,5.622318,Crépuscule ou aube,Hors agglomération,Hors intersection,Pluie forte,Trois véhicules et plus - collisions multiples,3,2,2,0,1,1,2,2,1,70,,3,2,0,1,0,48.0,40.0,,,2,1,1,3,5
202100055118,2021-01-11 13:30:00,2021,1,11,13,30,95,95199,Rue Censier,49.0323200734,2.3380962734,Plein jour,En agglomération,Hors intersection,Normale,Autre collision,4,1,1,3,1,3,1,0,1,50,,2,1,0,0,1,69.0,,,,1,2,1,1,6
202100055119,2021-01-14 09:45:00,2021,1,14,9,45,2B,2B188,Route du Lancone,42.604716,9.38623,Plein jour,Hors agglomération,Hors intersection,Normale,Deux véhicules - frontale,3,2,2,0,2,4,1,0,1,80,,2,0,0,0,2,35.0,36.0,,,1,1,1,1,1
202100055120,2021-01-06 06:30:00,2021,1,6,6,30,34,34058,CD 106,43.678999,4.023635,Nuit sans éclairage public,Hors agglomération,Hors intersection,Normale,Deux véhicules - arrière,7,2,2,0,1,1,1,0,1,80,,2,1,0,0,1,56.0,18.0,,,3,1,1,1,2
202100055121,2021-01-15 13:44:00,2021,1,15,13,44,84,84092,Avenue Guillaume de Fargis,43.95724,4.858752,Plein jour,En agglomération,Autre intersection,Normale,Deux véhicules - côté,4,2,2,0,1,1,1,0,1,50,,2,1,0,1,0,36.0,12.0,,,1,2,9,1,3
202100055122,2021-01-08 08:30:00,2021,1,8,8,30,83,83047,Avenue de Limans,43.144194,6.078948,Crépuscule ou aube,En agglomération,Giratoire,Normale,Autre collision,7,3,2,0,1,3,1,0,1,50,,2,1,0,0,1,36.0,,,,2,2,6,1,6
202100055123,2021-01-15 16:25:00,2021,1,15,16,25,83,83030,RD12,43.385963,6.102326,Plein jour,En agglomération,Autre intersection,Normale,Deux véhicules - frontale,3,2,2,0,1,3,1,0,1,50,,2,1,0,1,0,26.0,41.0,,,1,2,9,1,1
202100055124,2021-01-14 11:45:00,2021,1,14,11,45,70,70026,Avenue Jean-jaurès,47.463328,5.583388,Plein jour,En agglomération,Hors intersection,Pluie légère,Deux véhicules - frontale,3,2,2,0,1,1,2,0,1,50,,5,4,0,1,0,67.0,53.0,,,1,2,1,2,1
202100055125,2021-01-14 19:25:00,2021,1,14,19,25,68,68045,D35,47.760514,7.065491,Nuit sans éclairage public,Hors agglomération,Hors intersection,Neige / grêle,Autre collision,3,2,2,0,2,1,5,0,1,80,,2,1,0,1,0,38.0,,,,3,1,1,4,6
202100055126,2021-01-12 13:10:00,2021,1,12,13,10,67,67130,1 Rue du Printemps,48.421462,7.658367,Plein jour,En agglomération,Giratoire,Pluie légère,Autre collision,3,2,2,1,1,1,2,6,1,50,,2,1,0,0,1,36.0,,,,1,2,6,2,6
202100055127,2021-01-15 08:30:00,2021,1,15,8,30,38,38205,Route de Grenoble,45.15085,5.6006,Plein jour,Hors agglomération,Hors intersection,Neige / grêle,Deux véhicules - frontale,3,2,2,0,2,3,5,0,1,80,,3,1,0,1,1,35.0,25.0,,,1,1,1,4,1
202100055128,2021-01-15 18:55:00,2021,1,15,18,55,07,07169,route départementale 86,45.167375,4.80698,Nuit sans éclairage public,Hors agglomération,Hors intersection,Pluie légère,Autre collision,3,2,2,0,1,3,2,2,1,80,,1,0,0,1,0,35.0,,,,3,1,1,2,6
202100055129,2021-01-07 14:16:00,2021,1,7,14,16,69,69163,GRAND VEISSIEUX (DU) (RTE),45.922104,4.751996,Plein jour,Hors agglomération,Hors intersection,Normale,Deux véhicules - côté,7,2,2,0,1,1,1,0,1,50,,2,0,0,0,2,28.0,40.0,,,1,1,1,1,3
202100055130,2021-01-14 18:35:00,2021,1,14,18,35,46,46102,Quai Albert Bessieres,44.607186,2.032283,Nuit avec éclairage allumé,En agglomération,Autre intersection,Pluie légère,Autre collision,3,2,2,0,1,1,2,0,1,50,,2,1,0,0,1,52.0,,,,5,2,9,2,6
202100055131,2021-01-13 12:45:00,2021,1,13,12,45,87,87005,Route de Laubaudie,45.800544,1.384041,Plein jour,Hors agglomération,Intersection en X,Pluie légère,Autre collision,3,2,2,0,1,1,2,0,1,70,,2,1,1,0,0,55.0,84.0,,,1,1,2,2,6
202100055132,2021-01-14 20:30:00,2021,1,14,20,30,86,86297,2 Route de la Torchaise,46.561821,0.277987,Nuit avec éclairage allumé,En agglomération,Hors intersection,Temps couvert,Autre collision,3,2,2,0,4,2,2,0,4,50,,1,0,0,1,0,29.0,,,,5,2,1,8,6
202100055133,2021-01-15 12:10:00,2021,1,15,12,10,85,85129,Saint-pierre,46.853606,-1.495959,Plein jour,Hors agglomération,Hors intersection,Normale,Autre collision,3,2,2,0,2,1,1,0,3,80,,2,1,0,1,0,32.0,,,,1,1,1,1,6
202100055134,2021-01-14 19:16:00,2021,1,14,19,16,22,22050,rue de Brest,48.452902,-2.056664,Nuit avec éclairage allumé,En agglomération,Intersection en X,Normale,Deux véhicules - côté,3,2,2,0,1,1,1,5,1,50,,3,2,0,0,1,25.0,26.0,,,5,2,2,1,3
202100055135,2021-01-12 08:45:00,2021,1,12,8,45,13,13055,A507 sens Marseille - Aubagne,43.2870029117,5.4247927815,Plein jour,Hors agglomération,Hors intersection,Normale,Deux véhicules - arrière,1,3,4,0,4,1,1,0,1,70,,2,1,0,0,1,22.0,52.0,,,1,1,1,1,2
202100055136,2021-01-14 08:15:00,2021,1,14,8,15,33,33249,ROUTE NATIONALE 230,44.873235,-0.506709,Plein jour,Hors agglomération,Hors intersection,Normale,Trois véhicules et plus - en chaîne,2,3,6,0,1,1,2,0,1,90,,4,3,0,0,1,23.0,54.0,,,1,1,1,1,4
202100055137,2021-01-14 15:23:00,2021,1,14,15,23,94,94034,AUTOROUTE A86,48.75752,2.3349,Plein jour,Hors agglomération,Hors intersection,Normale,Autre collision,1,1,2,0,2,2,2,0,1,70,,1,0,0,0,1,23.0,,,,1,1,1,1,6
202100055138,2021-01-14 09:00:00,2021,1,14,9,0,91,91228,RN 104,48.618,2.426,Plein jour,Hors agglomération,Hors intersection,Normale,Deux véhicules - arrière,2,1,3,0,1,1,2,0,1,90,,2,1,0,0,1,67.0,34.0,,,1,1,1,1,2
202100055139,2021-01-14 07:40:00,2021,1,14,7,40,94,94021,AUTOROUTE A106,48.765413,2.34357,Nuit sans éclairage public,Hors agglomération,Hors intersection,Pluie légère,Deux véhicules - côté,1,1,3,0,3,1,2,3,1,90,,2,1,0,0,1,54.0,57.0,,,3,1,1,2,3
202100055140,2021-01-14 10:00:00,2021,1,14,10,0,78,78321,RN12 EXT,48.797113,1.908986,Plein jour,Hors agglomération,Hors intersection,Normale,Deux véhicules - arrière,2,3,6,0,1,1,1,0,1,90,,3,2,0,0,1,78.0,63.0,,,1,1,1,1,2
202100055141,2021-01-14 21:00:00,2021,1,14,21,0,95,95582,A15,48.9756291022,2.2409819799,Nuit sans éclairage public,Hors agglomération,Hors intersection,Pluie forte,Autre collision,1,3,6,0,4,2,2,0,1,110,,1,0,0,0,1,26.0,,,,3,1,1,3,6
202100055142,2021-01-14 07:10:00,2021,1,14,7,10,94,94018,A4,48.818906873,2.4080615714,Crépuscule ou aube,Hors agglomération,Hors intersection,Pluie légère,Deux véhicules - côté,1,3,5,0,1,1,2,0,1,90,,2,1,0,0,1,32.0,31.0,,,2,1,1,2,3
202100055143,2021-01-13 21:55:00,2021,1,13,21,55,77,77438,A104,48.8614277045,2.6672387494,Nuit avec éclairage non allumé,Hors agglomération,Hors intersection,Normale,Autre collision,1,-1,1,0,2,3,1,0,1,50,,1,0,0,0,1,39.0,,,,4,1,1,1,6
202100055144,2021-01-13 09:45:00,2021,1,13,9,45,94,94073,A86 INT,48.7700640244,2.3810429395,Plein jour,Hors agglomération,Hors intersection,Pluie légère,Deux véhicules - arrière,1,1,3,0,1,2,2,0,1,90,,2,1,0,0,1,44.0,,,,1,1,1,2,2
202100055145,2021-01-13 09:45:00,2021,1,13,9,45,94,94052,A86.EXT,48.8391,2.4941,Plein jour,Hors agglomération,Hors intersection,Pluie légère,Trois véhicules et plus - en chaîne,1,3,3,0,1,1,2,1,1,90,,3,2,0,0,1,43.0,22.0,,,1,1,1,2,4
202100055146,2021-01-13 09:30:00,2021,1,13,9,30,974,97411,Boulevard Jean Jaurès,-20.892264,55.468394,Plein jour,En agglomération,Autre intersection,Pluie légère,Autre collision,2,3,4,0,1,1,2,0,1,50,,2,1,0,0,1,71.0,,,,1,2,9,2,6
202100055147,2021-01-13 18:57:00,2021,1,13,18,57,973,97302,MADELEINE (ROUTE DE LA),4.91367,-52.32079,Nuit avec éclairage allumé,En agglomération,Intersection en T,Normale,Deux véhicules - côté,3,2,2,0,1,1,1,0,1,50,,3,1,0,0,2,62.0,26.0,,,5,2,3,1,3
202100055148,2021-01-12 14:45:00,2021,1,12,14,45,69,69388,FRANCIS DE PRESSENSE (AV),45.7275471423,4.8619866371,Plein jour,En agglomération,Intersection en X,Pluie légère,Autre collision,4,3,2,2,1,1,2,5,1,50,,2,1,0,1,0,38.0,,,,1,2,2,2,6
202100055149,2021-01-13 10:00:00,2021,1,13,10,0,69,69149,CELESTINS (DES) (CHM),45.7198605798,4.7980656869,Plein jour,En agglomération,Place,Pluie légère,Deux véhicules - arrière,4,1,0,0,1,3,2,0,1,50,,2,1,0,0,1,49.0,35.0,,,1,2,7,2,2
202100055150,2021-01-12 19:30:00,2021,1,12,19,30,971,97107,PAUL LACAVE ( AVENUE ),16.04211,-61.56556,Nuit avec éclairage allumé,En agglomération,Intersection en T,Normale,Deux véhicules - côté,2,1,1,0,2,2,1,0,1,50,,2,1,0,0,1,59.0,20.0,,,5,2,3,1,3
202100055151,2021-01-13 10:00:00,2021,1,13,10,0,95,95088,GONESSE (RUE DE),48.9770880941,2.4344426394,Plein jour,Hors agglomération,Hors intersection,Pluie légère,Autre collision,3,1,4,0,1,2,2,2,1,90,,2,0,0,0,2,38.0,,,,1,1,1,2,6
202100055152,2021-01-08 17:15:00,2021,1,8,17,15,95,95280,17 Avenue Albert Sarraut,49.031933,2.458968,Plein jour,En agglomération,Hors intersection,Normale,Autre collision,4,2,2,0,1,1,1,0,4,50,,1,0,1,0,0,75.0,,,,1,2,1,1,6
202100055153,2021-01-10 16:11:00,2021,1,10,16,11,95,95197,DIVISION LECLERC (AVENEU DE LA),48.96686531,2.31768543,Plein jour,En agglomération,Intersection en T,Normale,Sans collision,3,2,2,0,1,1,1,0,1,30,,1,0,1,0,0,80.0,,,,1,2,3,1,7
202100055154,2021-01-12 20:09:00,2021,1,12,20,9,91,91103,DEVI DU CD 19,48.57825,2.29927,Nuit avec éclairage non allumé,Hors agglomération,Giratoire,Pluie légère,Deux véhicules - côté,3,1,3,0,1,2,2,0,1,30,,2,1,0,0,1,56.0,22.0,,,4,1,6,2,3
202100055155,2021-01-13 15:15:00,2021,1,13,15,15,91,91027,AV FRANCOIS MITTERRAND,48.70188,2.3715,Plein jour,En agglomération,Hors intersection,Pluie légère,Autre collision,3,3,4,0,1,1,2,0,1,50,,2,1,0,0,1,25.0,,,,1,2,1,2,6
202100055156,2021-01-13 09:20:00,2021,1,13,9,20,91,91027,AV FRANCOIS MITTERRAND,48.70643,2.3714,Plein jour,En agglomération,Hors intersection,Pluie légère,Deux véhicules - arrière,3,3,2,0,4,1,2,1,1,50,,2,1,0,0,1,32.0,56.0,,,1,2,1,2,2
202100055157,2021-01-09 18:30:00,2021,1,9,18,30,91,91521,RESISTANCE (RUE DE LA),48.63553,2.40498,Nuit sans éclairage public,En agglomération,Hors intersection,Autre,Deux véhicules - frontale,4,2,2,0,1,2,7,0,1,30,,3,0,1,0,2,35.0,27.0,,,3,2,1,9,1
202100055158,2021-01-12 18:30:00,2021,1,12,18,30,91,91223,HAUT PAVE (RUE DU),48.429917,2.147951,Nuit avec éclairage allumé,En agglomération,Intersection en T,Pluie légère,Autre collision,3,2,2,0,1,1,2,5,1,50,,2,1,0,0,1,65.0,,,,5,2,3,2,6
202100055159,2021-01-13 06:05:00,2021,1,13,6,5,85,85194,Avenue d’Aquitaine,46.49463,-1.76641,Nuit avec éclairage allumé,En agglomération,Intersection en X,Normale,Deux véhicules - côté,4,2,2,0,1,1,1,0,1,50,,2,0,0,0,2,29.0,28.0,,,5,2,2,1,3
202100055160,2021-01-13 16:15:00,2021,1,13,16,15,83,83050,SCAMARONI(AVENUE FRED),43.50403,6.42103,Plein jour,Hors agglomération,Hors intersection,Normale,Trois véhicules et plus - collisions multiples,3,2,2,0,2,3,1,0,1,80,,4,3,1,0,0,32.0,49.0,,,1,1,1,1,5
202100055161,2021-01-12 17:25:00,2021,1,12,17,25,80,80021,CHATEAUDUN (BOULEVARD DE),49.88382,2.28226,Nuit avec éclairage allumé,En agglomération,Hors intersection,Pluie légère,Deux véhicules - côté,4,2,6,0,1,1,2,0,1,50,,3,2,0,0,1,34.0,21.0,,,5,2,1,2,3
202100055162,2021-01-13 08:40:00,2021,1,13,8,40,80,80021,EUROPE (AVENUE DE L'),49.91396,2.30265,Plein jour,En agglomération,Hors intersection,Normale,Autre collision,4,2,2,0,4,1,1,0,1,50,,2,1,0,0,1,26.0,,,,1,2,1,1,6
202100055163,2021-01-12 09:30:00,2021,1,12,9,30,80,80021,ALBERT 1ER (MAIL),49.88873,2.29903,Plein jour,En agglomération,Hors intersection,Pluie forte,Trois véhicules et plus - en chaîne,4,2,4,0,1,1,2,0,1,50,,3,1,0,0,2,53.0,74.0,,,1,2,1,3,4
202100055164,2021-01-09 06:45:00,2021,1,9,6,45,80,80131,VICTOR HUGO (RUE),49.8447183841,2.3838197648,Nuit avec éclairage allumé,En agglomération,Hors intersection,Normale,Autre collision,4,2,2,0,1,1,2,0,1,50,,1,0,1,0,0,69.0,,,,5,2,1,1,6
202100055165,2021-01-13 21:15:00,2021,1,13,21,15,69,69266,4 AOUT 1789 (DU) (R),45.76711,4.90374,Nuit sans éclairage public,En agglomération,Intersection en T,Pluie légère,Deux véhicules - côté,7,1,1,3,2,3,2,3,1,50,,2,1,0,1,0,43.0,25.0,,,3,2,3,2,3
202100055166,2021-01-13 16:30:00,2021,1,13,16,30,69,69092,MONTMELAS (DE) (RTE),46.0003059596,4.6953859345,Plein jour,Hors agglomération,Hors intersection,Pluie légère,Sans collision,3,2,0,0,1,3,2,0,1,80,,3,1,0,0,2,32.0,,,,1,1,1,2,7
202100055167,2021-01-12 20:20:00,2021,1,12,20,20,69,69264,PASQUIER PIERRE (BD),45.98669,4.73091,Nuit avec éclairage allumé,En agglomération,Intersection en X,Pluie légère,Trois véhicules et plus - en chaîne,4,2,2,0,1,1,2,0,1,50,,4,2,0,0,2,48.0,35.0,,,5,2,2,2,4
202100055168,2021-01-12 18:10:00,2021,1,12,18,10,67,67447,EUROPE (AVENUE DE L ),48.613251,7.71639,Nuit avec éclairage allumé,En agglomération,Intersection en T,Pluie légère,Autre collision,4,2,2,1,1,1,2,0,1,50,,2,1,0,0,1,53.0,,,,5,2,3,2,6
202100055169,2021-01-13 09:30:00,2021,1,13,9,30,66,66136,ESPAGNE (ROUTE D'),42.6883993335,2.894943729,Plein jour,En agglomération,Hors intersection,Normale,Autre collision,4,3,4,0,1,1,1,0,1,50,,2,1,0,1,0,27.0,,,,1,2,1,1,6
202100055170,2021-01-12 15:20:00,2021,1,12,15,20,59,59599,BRUN PAIN (RUE DU),50.7307479139,3.1334827537,Plein jour,En agglomération,Intersection en T,Normale,Deux véhicules - côté,4,2,2,0,1,1,1,5,1,50,,3,2,0,0,1,27.0,52.0,,,1,2,3,1,3
202100055171,2021-01-13 12:15:00,2021,1,13,12,15,59,59360,PARE AMBROISE RUE,50.60229,3.03571,Plein jour,En agglomération,Intersection en X,Pluie légère,Deux véhicules - côté,7,2,2,0,1,1,2,0,1,50,,2,1,0,1,0,26.0,26.0,,,1,2,2,2,3
202100055172,2021-01-13 08:40:00,2021,1,13,8,40,59,59378,FOCH AVENUE N°1-137,50.676849,3.091312,Plein jour,En agglomération,Intersection en T,Normale,Deux véhicules - côté,7,1,1,0,1,1,1,0,1,30,,2,1,0,0,1,57.0,59.0,,,1,2,3,1,3
202100055173,2021-01-12 18:15:00,2021,1,12,18,15,56,56121,CHAZELLES ( COURS LOUIS  DE ),47.75487,-3.36323,Nuit avec éclairage allumé,En agglomération,Intersection en T,Normale,Deux véhicules - côté,4,2,4,0,1,1,1,5,1,30,,3,1,0,0,2,22.0,22.0,,,5,2,3,1,3
202100055174,2021-01-08 06:35:00,2021,1,8,6,35,54,54167,RD909,48.664558,5.955727,Nuit sans éclairage public,Hors agglomération,Hors intersection,Normale,Deux véhicules - frontale,3,2,2,0,3,3,1,0,1,80,,2,1,1,0,0,34.0,36.0,,,3,1,1,1,1
202100055175,2021-01-13 17:34:00,2021,1,13,17,34,51,51454,Avenue de Laon,49.2652400849,4.0263016345,Nuit sans éclairage public,En agglomération,Intersection à plus de 4 branches,Pluie légère,Deux véhicules - côté,3,2,2,3,1,1,2,5,1,50,,3,2,0,0,1,20.0,32.0,,,3,2,5,2,3
202100055176,2021-01-12 16:48:00,2021,1,12,16,48,49,49007,LAFAYETTE PLACE,47.46294,-0.55389,Plein jour,En agglomération,Hors intersection,Normale,Sans collision,4,-1,1,0,1,1,1,0,1,30,,1,0,0,0,1,33.0,,,,1,2,1,1,7
202100055177,2021-01-12 17:09:00,2021,1,12,17,9,49,49007,ESTIENNE D'ORVES BOULEVARD,47.4597530994,-0.5204636418,Crépuscule ou aube,En agglomération,Hors intersection,Normale,Sans collision,4,-1,2,0,1,1,1,0,1,50,,1,0,0,0,1,23.0,,,,2,2,1,1,7
202100055178,2021-01-12 16:30:00,2021,1,12,16,30,49,49007,LIZE,47.48994,-0.56661,Plein jour,En agglomération,Hors intersection,Normale,Autre collision,4,-1,2,0,1,1,1,0,1,50,,2,1,0,0,1,50.0,,,,1,2,1,1,6
202100055179,2021-01-12 18:30:00,2021,1,12,18,30,45,45004,D2007 PR 21 + 950,47.9746982596,2.7388418178,Nuit sans éclairage public,Hors agglomération,Hors intersection,Pluie légère,Trois véhicules et plus - en chaîne,3,2,4,0,2,1,2,0,1,70,,4,2,0,0,2,56.0,22.0,,,3,1,1,2,4
202100055180,2021-01-13 18:35:00,2021,1,13,18,35,44,44162,BOULEVARD SALVADOR ALLENDE,47.21861,-1.617975,Nuit avec éclairage allumé,En agglomération,Hors intersection,Normale,Autre collision,4,3,4,3,1,1,1,0,1,50,,2,1,0,0,1,59.0,,,,5,2,1,1,6
202100055181,2021-01-13 15:20:00,2021,1,13,15,20,44,44162,BOULEVARD FRANCOIS MITTERRAND,47.21287,-1.64836,Plein jour,En agglomération,Hors intersection,Normale,Autre collision,4,2,2,0,1,1,2,0,1,50,,2,1,0,1,0,40.0,,,,1,2,1,1,6
202100055182,2021-01-13 21:42:00,2021,1,13,21,42,42,42127,Route de Briennon,46.1168717796,4.0755431727,Nuit sans éclairage public,Hors agglomération,Hors intersection,Pluie légère,Autre collision,3,2,2,0,1,1,2,0,1,80,,1,0,0,0,1,46.0,,,,3,1,1,2,6
202100055183,2021-01-13 08:00:00,2021,1,13,8,0,42,42127,Route de Briennon,46.0660602077,4.0741540957,Nuit avec éclairage allumé,En agglomération,Hors intersection,Pluie légère,Autre collision,3,2,2,0,1,1,2,0,1,50,,3,2,0,1,0,22.0,65.0,,,5,2,1,2,6
202100055184,2021-01-11 21:10:00,2021,1,11,21,10,37,37261,MARECHAL JUIN (BD),47.4061410923,0.7030706853,Nuit avec éclairage allumé,En agglomération,Hors intersection,Normale,Autre collision,4,3,4,3,2,1,1,0,1,50,,2,1,0,0,1,34.0,54.0,,,5,2,1,1,6
202100055185,2021-01-13 17:40:00,2021,1,13,17,40,35,35238,FOUGERES (ROUTE DE),48.12944,-1.64403,Crépuscule ou aube,En agglomération,Hors intersection,Normale,Deux véhicules - arrière,4,2,2,2,1,1,1,0,1,50,,3,2,0,0,1,44.0,39.0,,,2,2,1,1,2
202100055186,2021-01-13 17:35:00,2021,1,13,17,35,35,35238,COURBET (AMIRAL),48.10792,-1.70277,Plein jour,En agglomération,Intersection en T,Pluie légère,Deux véhicules - frontale,4,1,1,2,1,2,2,0,5,50,,2,1,0,1,0,23.0,66.0,,,1,2,3,2,1
202100055187,2021-01-13 14:45:00,2021,1,13,14,45,33,33032,Quai Francais,44.89951,-0.53203,Plein jour,En agglomération,Giratoire,Pluie légère,Deux véhicules - côté,4,3,4,0,1,1,2,0,1,70,,2,1,0,0,1,56.0,76.0,,,1,2,6,2,3
202100055188,2021-01-12 17:00:00,2021,1,12,17,0,31,31555,20 Route de Revel,43.5777,1.4859,Plein jour,En agglomération,Hors intersection,Normale,Trois véhicules et plus - collisions multiples,7,2,2,0,1,1,1,0,1,50,,4,2,0,0,2,19.0,72.0,,,1,2,1,1,5
202100055189,2021-01-05 15:50:00,2021,1,5,15,50,24,24145,ROQUE (AVENUE  DE LA),44.85198,0.53156,Plein jour,Hors agglomération,Autre intersection,Normale,Autre collision,6,-1,-1,0,1,2,1,0,1,30,,2,1,0,0,1,52.0,,,,1,1,9,1,6
202100055190,2021-01-13 19:00:00,2021,1,13,19,0,13,13214,MORETTI (BOULEVARD),43.325144,5.381875,Nuit avec éclairage allumé,En agglomération,Hors intersection,Normale,Deux véhicules - côté,4,2,2,0,2,1,1,0,1,50,,3,2,0,0,1,24.0,35.0,,,5,2,1,1,3
202100055191,2021-01-13 15:15:00,2021,1,13,15,15,13,13201,ACADEMIE (RUE DE L'),43.29553,5.380511,Plein jour,En agglomération,Hors intersection,Normale,Autre collision,4,1,1,0,1,1,1,0,1,50,,2,1,0,0,1,41.0,,,,1,2,1,1,6
202100055192,2021-01-13 10:30:00,2021,1,13,10,30,13,13205,SAKAKINI (BOULEVARD),43.29375,5.40155,Plein jour,En agglomération,Intersection en X,Normale,Deux véhicules - frontale,4,2,4,0,1,1,1,0,1,50,,2,0,0,0,2,37.0,24.0,,,1,2,2,1,1