accident_id,datetime,annee,mois,jour,heure,minute,departement,commune_insee,adresse,latitude,longitude,luminosite,agglomeration,intersection,meteo,collision,catr,circ,nbv,vosp,prof,plan,surf,infra,situ,vma,nb_vehicules,nb_usagers,nb_indemnes,nb_tues,nb_blesses_hosp,nb_blesses_legers,age_cond_1,age_cond_2,veh_type_cond_1,veh_type_cond_2,lum_code,agg_code,int_code,atm_code,col_code
202100055193,2021-01-12 18:30:00,2021,1,12,18,30,13,13208,RAYMOND TEISSERE (RUE),43.273119,5.399078,Nuit avec éclairage allumé,En agglomération,Hors intersection,Normale,Deux véhicules - côté,4,2,2,0,1,1,1,0,1,50,,2,1,0,0,1,30.0,23.0,,,5,2,1,1,3
202100055194,2021-01-06 11:50:00,2021,1,6,11,50,13,13210,SAINT ELOI (RUE),43.2833601429,5.3939169645,Plein jour,En agglomération,Hors intersection,Normale,Autre collision,4,1,1,0,1,3,1,0,1,50,,2,1,0,0,1,36.0,,,,1,2,1,1,6
202100055195,2021-01-13 11:00:00,2021,1,13,11,0,13,13028,CLEMENCEAU (BOULEVARD GEORGES),43.1784771035,5.6108441225,Plein jour,En agglomération,Intersection en Y,Normale,Deux véhicules - arrière,4,2,2,0,2,1,1,0,1,50,,2,1,0,0,1,84.0,20.0,,,1,2,4,1,2
202100055196,2021-01-12 12:10:00,2021,1,12,12,10,11,11262,JONQUIERES (RUE ET CHEMIN DE),43.16628,2.98179,Plein jour,En agglomération,Intersection en T,Normale,Deux véhicules - côté,4,2,2,0,1,1,1,9,1,50,,2,1,0,0,1,40.0,54.0,,,1,2,3,1,3
202100055197,2021-01-12 18:00:00,2021,1,12,18,0,10,10387,GEORGES POMPIDOU (RUE),48.29663,4.0945,Nuit avec éclairage allumé,En agglomération,Hors intersection,Pluie légère,Deux véhicules - arrière,4,1,3,0,1,1,2,5,1,50,,2,1,0,0,1,28.0,,,,5,2,1,2,2
202100055198,2021-01-12 18:20:00,2021,1,12,18,20,07,07316,Route departementale 96 ,44.908279,4.866571,Nuit sans éclairage public,Hors agglomération,Hors intersection,Normale,Deux véhicules - arrière,3,3,2,0,1,1,1,2,1,90,,2,1,0,0,1,36.0,54.0,,,3,1,1,1,2
202100055199,2021-01-13 13:15:00,2021,1,13,13,15,06,06069,NAPOLEON (ROUTE),43.67118,6.90608,Plein jour,Hors agglomération,Hors intersection,Temps éblouissant,Sans collision,3,2,1,0,2,1,1,0,3,70,,1,0,0,0,1,71.0,,,,1,1,1,7,7
202100055200,2021-01-11 16:30:00,2021,1,11,16,30,05,05061,RN 85,44.58394,6.08227,Plein jour,Hors agglomération,Hors intersection,Vent fort / tempête,Deux véhicules - frontale,2,2,2,0,2,2,1,0,1,80,,2,0,0,0,2,52.0,38.0,,,1,1,1,6,1
202100055201,2021-01-12 13:20:00,2021,1,12,13,20,05,05061,ANGE ROUBAUD (RUE DE L'),44.56862,6.08179,Plein jour,En agglomération,Intersection en T,Normale,Deux véhicules - côté,4,-1,2,0,1,1,1,0,1,50,,3,1,0,0,2,21.0,19.0,,,1,2,3,1,3
202100055202,2021-01-13 12:13:00,2021,1,13,12,13,75,75117,AVENUE DE SAINT OUEN,48.893003,2.327425,Plein jour,En agglomération,Intersection à plus de 4 branches,Temps couvert,Deux véhicules - côté,4,2,4,1,1,1,2,-1,5,50,,4,3,0,0,1,31.0,39.0,,,1,2,5,8,3
202100055203,2021-01-13 21:04:00,2021,1,13,21,4,75,75105,QUAI SAINT BERNARD,48.846845,2.360977,Nuit avec éclairage allumé,En agglomération,Intersection en T,Pluie légère,Deux véhicules - côté,4,2,3,0,1,1,2,0,1,50,,2,1,0,0,1,24.0,50.0,,,5,2,3,2,3
202100055204,2021-01-13 19:11:00,2021,1,13,19,11,75,75106,BOULEVARD DU MONTPARNASSE,48.843064,2.326369,Nuit avec éclairage allumé,En agglomération,Intersection en X,Pluie légère,Deux véhicules - côté,4,2,6,0,1,1,2,-1,6,50,,2,1,0,0,1,49.0,34.0,,,5,2,2,2,3
202100055205,2021-01-12 12:49:00,2021,1,12,12,49,75,75105,RUE GEOFFROY SAINT HILAIRE,48.841165,2.35595,Plein jour,En agglomération,Intersection en X,Pluie légère,Sans collision,4,2,2,0,1,1,2,0,1,50,,1,0,0,0,1,56.0,,,,1,2,2,2,7
202100055206,2021-01-13 20:10:00,2021,1,13,20,10,75,75120,RUE DE LAGNY,48.848937,2.405469,Nuit avec éclairage allumé,En agglomération,Intersection en X,Normale,Deux véhicules - côté,4,1,2,1,1,1,2,-1,5,50,,2,1,0,0,1,32.0,21.0,,,5,2,2,1,3
202100055207,2021-01-13 10:50:00,2021,1,13,10,50,75,75120,AVENUE GAMBETTA,48.864673,2.394523,Plein jour,En agglomération,Place,Pluie forte,Deux véhicules - côté,4,2,2,2,2,1,2,0,1,50,,2,1,0,0,1,56.0,26.0,,,1,2,7,3,3
202100055208,2021-01-13 14:00:00,2021,1,13,14,0,75,75119,AVENUE DE LA PORTE DU PRE SAINT GERVAIS,48.881331,2.401894,Plein jour,En agglomération,Hors intersection,Pluie légère,Deux véhicules - arrière,4,2,1,1,1,1,2,0,1,50,,3,2,0,0,1,51.0,57.0,,,1,2,1,2,2
202100055209,2021-01-13 17:30:00,2021,1,13,17,30,75,75114,BOULEVARD RASPAIL,48.840899,2.329995,Nuit avec éclairage allumé,En agglomération,Hors intersection,Temps couvert,Deux véhicules - côté,4,2,4,3,1,1,2,-1,6,50,,2,1,0,1,0,21.0,41.0,,,5,2,1,8,3
202100055210,2021-01-13 14:37:00,2021,1,13,14,37,75,75114,BOULEVARD ROMAIN ROLLAND,48.822375651,2.3141509295,Plein jour,En agglomération,Intersection à plus de 4 branches,Pluie légère,Deux véhicules - côté,4,2,2,0,1,1,2,0,1,50,,2,1,0,0,1,44.0,31.0,,,1,2,5,2,3
202100055211,2021-01-13 16:15:00,2021,1,13,16,15,75,75112,RUE PROUDHON,48.837054,2.390015,Plein jour,En agglomération,Intersection à plus de 4 branches,Pluie légère,Sans collision,4,2,4,1,2,1,2,0,1,50,,2,1,0,0,1,54.0,,,,1,2,5,2,7
202100055212,2021-01-13 09:30:00,2021,1,13,9,30,75,75112,AVENUE DAUMESNIL,48.844287,2.381566,Plein jour,En agglomération,Intersection en X,Pluie légère,Deux véhicules - côté,4,2,2,1,1,1,2,-1,5,50,,2,1,0,0,1,31.0,39.0,,,1,2,2,2,3
202100055213,2021-01-13 08:10:00,2021,1,13,8,10,75,75109,RUE DE MAUBEUGE,48.878621,2.345963,Plein jour,En agglomération,Intersection en Y,Normale,Autre collision,4,1,2,3,1,1,1,0,1,30,,2,1,0,0,1,66.0,,,,1,2,4,1,6
202100055214,2021-01-13 18:00:00,2021,1,13,18,0,75,75108,AVENUE DE MARIGNY,48.8705876457,2.3159108292,Nuit avec éclairage allumé,En agglomération,Hors intersection,Pluie légère,Autre collision,4,2,2,0,1,1,2,0,1,50,,2,1,0,0,1,31.0,,,,5,2,1,2,6
202100055215,2021-01-13 09:00:00,2021,1,13,9,0,75,75108,RUE D AMSTERDAM,48.87711,2.326913,Plein jour,En agglomération,Intersection en T,Pluie légère,Deux véhicules - côté,4,2,2,1,2,1,2,0,1,50,,2,1,0,0,1,,18.0,,,1,2,3,2,3
202100055216,2021-01-13 20:14:00,2021,1,13,20,14,75,75107,PONT ALEXANDRE III,48.862828,2.313466,Nuit avec éclairage allumé,En agglomération,Intersection en X,Pluie légère,Deux véhicules - côté,4,2,4,1,1,1,2,0,1,50,,2,0,0,0,2,33.0,34.0,,,5,2,2,2,3
202100055217,2021-01-12 10:55:00,2021,1,12,10,55,75,75101,RUE JEAN JACQUES ROUSSEAU,48.863894,2.343188,Plein jour,En agglomération,Hors intersection,Pluie légère,Autre collision,4,1,1,0,1,1,2,8,1,30,,2,1,0,0,1,36.0,,,,1,2,1,2,6
202100055218,2021-01-12 09:40:00,2021,1,12,9,40,75,75101,RUE DE RIVOLI,48.86151,2.339149,Plein jour,En agglomération,Intersection en T,Normale,Autre collision,4,2,4,3,1,1,1,-1,6,50,,2,1,0,0,1,29.0,,,,1,2,3,1,6
202100055219,2021-01-12 10:00:00,2021,1,12,10,0,94,94068,CHAMPIGNY (BD DE),48.80873,2.50948,Plein jour,En agglomération,Intersection en T,Pluie légère,Deux véhicules - côté,4,2,3,0,1,1,2,0,1,30,,2,1,0,0,1,32.0,59.0,,,1,2,3,2,3
202100055220,2021-01-13 19:00:00,2021,1,13,19,0,94,94076,AUGUSTE DELAUNE (R),48.78,2.36,Nuit avec éclairage allumé,En agglomération,Hors intersection,Pluie légère,Autre collision,4,2,2,0,1,1,2,0,1,50,,2,1,0,0,1,55.0,,,,5,2,1,2,6
202100055221,2021-01-13 13:14:00,2021,1,13,13,14,94,94037,Avenue Paul Vaillant-Couturier,48.81512,2.34562,Plein jour,En agglomération,Intersection en T,Pluie légère,Sans collision,3,2,2,0,1,1,2,0,1,50,,2,1,0,0,1,46.0,48.0,,,1,2,3,2,7
202100055222,2021-01-13 13:00:00,2021,1,13,13,0,94,94075,MARECHAL DE LATTRE DE TASSIGNY (AV),48.73393,2.52065,Plein jour,Hors agglomération,Hors intersection,Pluie légère,Sans collision,2,3,4,0,1,1,2,0,4,50,,1,0,0,0,1,27.0,,,,1,1,1,2,7
202100055223,2021-01-13 09:37:00,2021,1,13,9,37,93,93070,GABRIEL-PERI (AV),48.909308,2.332937,Plein jour,En agglomération,Hors intersection,Normale,Deux véhicules - côté,3,2,2,2,1,1,1,0,1,50,,2,1,0,0,1,42.0,,,,1,2,1,1,3
202100055224,2021-01-13 07:30:00,2021,1,13,7,30,93,93070,DOCTEUR BAUER(RUE DU) :N°  75 AU 129,48.9081900159,2.3402266659,Nuit avec éclairage allumé,En agglomération,Hors intersection,Normale,Deux véhicules - arrière,3,2,2,0,1,1,1,0,1,50,,3,2,0,0,1,18.0,36.0,,,5,2,1,1,2
202100055225,2021-01-13 06:10:00,2021,1,13,6,10,93,93066,"""PERI GABRIEL, NR 2  A 114 ET 1 A 133""",48.9369670513,2.3561277736,Nuit avec éclairage allumé,En agglomération,Hors intersection,Temps couvert,Autre collision,4,2,2,0,1,1,2,0,1,50,,2,1,0,0,1,,,,,5,2,1,8,6
202100055226,2021-01-13 10:20:00,2021,1,13,10,20,93,93050,GENERAL DE GAULLE (AVENUE),48.85715,2.53086,Plein jour,En agglomération,Intersection en T,Pluie légère,Autre collision,3,1,1,0,1,3,2,0,1,50,,1,0,0,0,1,57.0,,,,1,2,3,2,6
202100055227,2021-01-13 18:45:00,2021,1,13,18,45,93,93046,CHANZY AVENUE DE,48.9103437758,2.5195571478,Nuit avec éclairage allumé,En agglomération,Hors intersection,Pluie légère,Deux véhicules - côté,4,1,1,0,1,1,2,0,1,50,,3,2,0,0,1,21.0,35.0,,,5,2,1,2,3
202100055228,2021-01-13 13:20:00,2021,1,13,13,20,93,93072,JULES GUESDE (AVENUE) COTE DU N°2 AU N°1,48.9612141016,2.3816125989,Plein jour,En agglomération,Hors intersection,Pluie légère,Deux véhicules - arrière,3,2,2,0,1,1,2,0,1,50,,2,1,0,1,0,44.0,40.0,,,1,2,1,2,2
202100055229,2021-01-13 21:57:00,2021,1,13,21,57,93,93029,HENRI BARBUSSE (AVE) N°2-124,48.9201939199,2.4519846282,Nuit sans éclairage public,En agglomération,Hors intersection,Pluie légère,Deux véhicules - côté,3,2,2,0,1,1,2,0,1,50,,2,1,0,0,1,26.0,32.0,,,3,2,1,2,3
202100055230,2021-01-13 19:00:00,2021,1,13,19,0,93,93007,MARTYRS DE LA DEPORTATION (RUE DES),48.947362,2.438727,Nuit avec éclairage allumé,Hors agglomération,Hors intersection,Pluie légère,Deux véhicules - côté,4,2,2,0,1,1,2,0,1,50,,2,1,0,0,1,21.0,29.0,,,5,1,1,2,3
202100055231,2021-01-13 18:30:00,2021,1,13,18,30,92,92051,MAILLOT (BOULEVARD),48.8785137766,2.2738373281,Nuit avec éclairage allumé,En agglomération,Autre intersection,Temps couvert,Autre collision,4,2,2,0,1,1,2,0,1,50,,2,1,0,0,1,18.0,,,,5,2,9,8,6
202100055232,2021-01-09 18:50:00,2021,1,9,18,50,92,92050,RD 914,48.9074388432,2.2129377723,Nuit avec éclairage allumé,En agglomération,Intersection en T,Normale,Trois véhicules et plus - en chaîne,3,1,3,0,2,1,2,0,1,50,,3,1,0,0,2,21.0,58.0,,,5,2,3,1,4
202100055233,2021-01-13 12:00:00,2021,1,13,12,0,92,92024,LEON GAMBETTA (ALLEES),48.9022,2.30882,Plein jour,En agglomération,Hors intersection,Pluie légère,Deux véhicules - côté,4,1,1,0,1,1,2,0,1,30,,2,1,0,0,1,38.0,45.0,,,1,2,1,2,3
202100055234,2021-01-12 08:10:00,2021,1,12,8,10,92,92032,PETIT ANTOINE (RUE),48.790185,2.288786,Nuit avec éclairage allumé,En agglomération,Autre intersection,Pluie légère,Autre collision,3,2,2,0,2,1,2,0,1,30,,2,1,0,1,0,51.0,,,,5,2,9,2,6
202100055235,2021-01-13 10:50:00,2021,1,13,10,50,92,92012,JEAN JAURES (BOULEVARD) 217/FIN - 210/FI,48.8257667576,2.2479312122,Plein jour,En agglomération,Hors intersection,Pluie légère,Autre collision,4,2,2,0,1,1,2,0,1,50,,2,1,0,0,1,44.0,,,,1,2,1,2,6
202100055236,2021-01-13 11:50:00,2021,1,13,11,50,13,13078,Carrefour des Enfores RD35/RD268,43.403232648,4.7880976444,Plein jour,En agglomération,Intersection en T,Normale,Deux véhicules - frontale,7,2,2,0,1,2,1,5,1,50,,2,0,0,0,2,80.0,32.0,,,1,2,3,1,1
202100055237,2021-01-13 06:40:00,2021,1,13,6,40,63,63116,1 Avenue Max Menut,45.9828199624,3.0882682134,Nuit sans éclairage public,En agglomération,Intersection en X,Pluie légère,Autre collision,3,2,2,0,1,2,2,0,1,50,,2,1,0,1,0,46.0,,,,3,2,2,2,6
202100055238,2021-01-14 17:40:00,2021,1,14,17,40,56,56081,Kerminot D108,48.078652,-3.674841,Crépuscule ou aube,Hors agglomération,Hors intersection,Pluie légère,Sans collision,3,2,2,0,1,1,2,0,3,80,,1,0,1,0,0,32.0,,,,2,1,1,2,7
202100055239,2021-01-14 08:25:00,2021,1,14,8,25,56,56120,Rue Désiré Caudal,47.76025,-2.7676,Crépuscule ou aube,En agglomération,Hors intersection,Pluie légère,Deux véhicules - côté,3,2,2,0,1,1,2,0,1,50,,2,1,0,0,1,39.0,11.0,,,2,2,1,2,3
202100055240,2021-01-13 14:15:00,2021,1,13,14,15,11,11102,Route de Pomas,43.132885,2.307821,Plein jour,Hors agglomération,Hors intersection,Normale,Deux véhicules - frontale,3,2,2,0,1,2,1,0,1,80,,2,1,0,0,1,37.0,51.0,,,1,1,1,1,1
202100055241,2021-01-13 16:35:00,2021,1,13,16,35,41,41074,D18,47.57541,1.636001,Plein jour,Hors agglomération,Hors intersection,Pluie légère,Autre collision,3,2,2,0,1,3,2,0,3,80,,1,0,0,1,0,47.0,,,,1,1,1,2,6
202100055242,2021-01-13 18:00:00,2021,1,13,18,0,44,44069,4 Rue de la Briquerie,47.324971,-2.410893,Crépuscule ou aube,En agglomération,Intersection en T,Normale,Deux véhicules - côté,4,2,2,0,1,1,1,0,1,50,,2,1,0,0,1,16.0,74.0,,,2,2,3,1,3
202100055243,2021-01-14 07:30:00,2021,1,14,7,30,60,60531,D26,49.4210003639,2.6988850915,Nuit sans éclairage public,Hors agglomération,Hors intersection,Pluie légère,Sans collision,3,2,2,0,1,4,2,0,3,70,,1,0,0,0,1,51.0,,,,3,1,1,2,7
202100055244,2021-01-13 11:30:00,2021,1,13,11,30,45,45269,D2152 PR 72+350,47.857119,1.750812,Plein jour,En agglomération,Hors intersection,Pluie légère,Trois véhicules et plus - en chaîne,3,2,2,0,1,1,2,0,1,50,,3,2,0,1,0,73.0,22.0,,,1,2,1,2,4
202100055245,2021-01-10 12:00:00,2021,1,10,12,0,43,43020,D12,45.317618,4.077795,Plein jour,Hors agglomération,Hors intersection,Temps couvert,Sans collision,3,2,2,0,2,2,7,0,3,80,,1,0,0,1,0,20.0,,,,1,1,1,8,7
202100055246,2021-01-14 08:00:00,2021,1,14,8,0,10,10086,rue saint-etienne,48.550285,3.955445,Crépuscule ou aube,En agglomération,Hors intersection,Pluie forte,Autre collision,3,2,2,0,1,1,2,0,1,50,,2,1,0,0,1,74.0,,,,2,2,1,3,6
202100055247,2021-01-13 09:25:00,2021,1,13,9,25,10,10035,RD 396 PK 39,48.186976,4.777486,Plein jour,Hors agglomération,Hors intersection,Pluie légère,Autre collision,3,2,2,0,1,2,2,0,3,80,,2,1,0,1,0,28.0,,,,1,1,1,2,6
202100055248,2021-01-14 04:45:00,2021,1,14,4,45,978,97801,rn7 - quartier d'orléans,18.068861,-63.035721,Nuit avec éclairage allumé,En agglomération,Hors intersection,Pluie légère,Deux véhicules - frontale,2,2,2,0,1,1,2,0,1,50,,2,1,0,1,0,46.0,,,,5,2,1,2,1
202100055249,2021-01-10 18:11:00,2021,1,10,18,11,06,06123,A8 PK 185+000 SUD,43.667752,7.196154,Crépuscule ou aube,Hors agglomération,Hors intersection,Normale,Trois véhicules et plus - en chaîne,1,3,4,0,1,1,1,0,1,90,,6,4,0,0,2,55.0,51.0,,,2,1,1,1,4
202100055250,2021-01-14 13:16:00,2021,1,14,13,16,34,34157,"A9, PK 131.000",43.451081,3.59446,Plein jour,Hors agglomération,Hors intersection,Normale,Autre collision,1,3,3,0,1,1,1,0,1,130,,1,0,1,0,0,57.0,,,,1,1,1,1,6
202100055251,2021-01-13 17:00:00,2021,1,13,17,0,987,98733,Pk 23500 RT1,-17.707165,-149.584056,Plein jour,En agglomération,Hors intersection,Normale,Deux véhicules - côté,2,2,2,0,1,1,1,0,1,60,,3,0,0,1,2,62.0,34.0,,,1,2,1,1,3
202100055252,2021-01-13 20:30:00,2021,1,13,20,30,973,97305,Pk11.500 RN1,4.915918,-52.376053,Nuit sans éclairage public,Hors agglomération,Hors intersection,Normale,Autre collision,2,2,2,0,1,1,1,0,3,80,,2,1,0,1,0,39.0,,,,3,1,1,1,6
202100055253,2021-01-14 08:35:00,2021,1,14,8,35,13,13104,D9,43.34194,5.099233,Plein jour,Hors agglomération,Hors intersection,Normale,Deux véhicules - côté,7,2,2,0,2,1,1,0,1,90,,2,0,0,0,2,37.0,21.0,,,1,1,1,1,3
202100055254,2021-01-13 10:00:00,2021,1,13,10,0,33,33097,36 Route de Lacanau,45.074271,-1.04493,Plein jour,En agglomération,Intersection en T,Autre,Deux véhicules - côté,3,2,2,0,1,2,2,0,1,50,,2,1,0,1,0,67.0,27.0,,,1,2,3,9,3
202100055255,2021-01-13 09:40:00,2021,1,13,9,40,95,95351,Avenue Beaumontoir,49.056833,2.515612,Plein jour,Hors agglomération,Hors intersection,Pluie légère,Sans collision,4,2,2,0,1,1,2,5,1,50,,1,0,0,0,1,45.0,,,,1,1,1,2,7
202100055256,2021-01-13 17:40:00,2021,1,13,17,40,83,83047,Route de Pierrefeu,43.161961,6.099837,Nuit sans éclairage public,Hors agglomération,Hors intersection,Normale,Deux véhicules - frontale,7,2,2,0,1,1,1,0,1,70,,3,2,0,0,1,67.0,50.0,,,3,1,1,1,1
202100055257,2021-01-14 16:00:00,2021,1,14,16,0,74,74128,Rte des Vallees,46.161108,6.352989,Plein jour,Hors agglomération,Hors intersection,Pluie légère,Deux véhicules - frontale,3,2,2,0,1,3,2,0,1,70,,2,1,0,0,1,34.0,58.0,,,1,1,1,2,1
202100055258,2021-01-12 18:20:00,2021,1,12,18,20,69,69200,PONCHARRA (DE) (RTE),45.8591252127,4.4756000651,Nuit avec éclairage allumé,En agglomération,Hors intersection,Pluie forte,Autre collision,3,2,2,0,1,1,3,0,1,50,,2,1,0,1,0,21.0,,,,5,2,1,3,6
202100055259,2021-01-08 08:00:00,2021,1,8,8,0,79,79048,,46.349964,-0.342829,Crépuscule ou aube,Hors agglomération,Hors intersection,Temps couvert,Deux véhicules - arrière,3,3,4,0,1,1,2,3,1,110,,2,1,0,1,0,17.0,32.0,,,2,1,1,8,2
202100055260,2021-01-13 21:15:00,2021,1,13,21,15,60,60619,ROUTE NATIONALE 2,49.1161430576,2.7757714428,Nuit sans éclairage public,Hors agglomération,Hors intersection,Pluie légère,Autre collision,2,3,4,0,1,1,2,0,1,110,,1,0,0,0,1,45.0,,,,3,1,1,2,6
202100055261,2021-01-14 15:15:00,2021,1,14,15,15,60,60259,RD 49,49.2038055441,2.267385519,Plein jour,Hors agglomération,Hors intersection,Pluie légère,Deux véhicules - côté,3,2,2,0,1,1,2,9,1,70,,2,0,1,0,1,53.0,27.0,,,1,1,1,2,3
202100055262,2021-01-14 09:40:00,2021,1,14,9,40,59,59011,Rue Jean Carpentier,50.525615,2.925577,Plein jour,En agglomération,Intersection en X,Pluie légère,Deux véhicules - côté,4,2,2,0,1,1,2,0,1,50,,2,1,0,0,1,75.0,28.0,,,1,2,2,2,3
202100055263,2021-01-13 07:30:00,2021,1,13,7,30,13,13117,A7-Sens Marseille vers Lyon,43.4503803092,5.2391805872,Nuit sans éclairage public,Hors agglomération,Hors intersection,Normale,Deux véhicules - arrière,1,1,2,0,2,1,1,0,1,110,,2,1,0,0,1,70.0,64.0,,,3,1,1,1,2
202100055264,2021-01-12 17:50:00,2021,1,12,17,50,54,54265,Autoroute A 33,48.63217,6.17675,Nuit sans éclairage public,Hors agglomération,Hors intersection,Pluie légère,Deux véhicules - arrière,1,3,5,3,4,1,2,-1,1,110,,3,1,0,0,2,49.0,46.0,,,3,1,1,2,2
202100055265,2021-01-13 09:00:00,2021,1,13,9,0,94,94003,AUTOROUTE A6A,48.80211,2.34209,Plein jour,Hors agglomération,Hors intersection,Pluie légère,Deux véhicules - côté,1,1,3,0,1,1,2,0,1,70,,2,1,0,0,1,58.0,31.0,,,1,1,1,2,3
202100055266,2021-01-13 17:55:00,2021,1,13,17,55,92,92050,A86,48.8924467985,2.1850347181,Nuit sans éclairage public,Hors agglomération,Hors intersection,Normale,Trois véhicules et plus - en chaîne,1,3,6,0,1,1,2,0,1,70,,3,2,0,0,1,37.0,37.0,,,3,1,1,1,4
202100055267,2021-01-13 09:05:00,2021,1,13,9,5,78,78133,A13,48.89117,2.009279,Plein jour,Hors agglomération,Hors intersection,Pluie légère,Trois véhicules et plus - en chaîne,1,3,4,0,1,1,2,0,1,110,,5,3,0,0,2,33.0,24.0,,,1,1,1,2,4
202100055268,2021-01-11 19:05:00,2021,1,11,19,5,987,98735,REMPARTS (RUE),-17.53245,-149.56768,Nuit avec éclairage allumé,En agglomération,Intersection en X,Normale,Deux véhicules - côté,4,2,2,0,1,1,1,5,1,50,,2,1,0,1,0,41.0,33.0,,,5,2,2,1,3
202100055269,2021-01-12 13:50:00,2021,1,12,13,50,974,97411,Rue Gibert des Molières,-20.888066,55.445603,Plein jour,Hors agglomération,Intersection en T,Pluie légère,Deux véhicules - côté,4,1,3,0,2,1,2,0,1,50,,4,3,0,0,1,48.0,16.0,,,1,1,3,2,3
202100055270,2021-01-12 14:15:00,2021,1,12,14,15,973,97302,SPATULES (RUE DES) CITE EAU LISETTE,4.9263,-52.32305,Plein jour,En agglomération,Hors intersection,Pluie légère,Deux véhicules - côté,4,2,1,0,1,1,2,0,1,50,,2,1,0,1,0,14.0,89.0,,,1,2,1,2,3
202100055271,2021-01-12 16:00:00,2021,1,12,16,0,69,69388,PAUL CAZENEUVE (R),45.73402,4.86279,Crépuscule ou aube,En agglomération,Intersection en X,Pluie légère,Deux véhicules - côté,4,2,4,1,1,1,2,0,1,50,,3,2,0,0,1,30.0,51.0,,,2,2,2,2,3
202100055272,2021-01-12 08:20:00,2021,1,12,8,20,69,69199,PASTEUR (R),45.70677,4.85634,Plein jour,En agglomération,Intersection en T,Normale,Autre collision,4,-1,1,0,1,1,1,0,1,30,,2,1,0,0,1,29.0,,,,1,2,3,1,6
202100055273,2021-01-12 17:30:00,2021,1,12,17,30,69,69389,VICTOR SCHOELCHER (R),45.78977,4.79754,Nuit avec éclairage allumé,En agglomération,Intersection en X,Pluie légère,Autre collision,4,2,2,0,1,1,2,0,1,50,,2,1,0,0,1,45.0,,,,5,2,2,2,6
202100055274,2021-01-12 09:30:00,2021,1,12,9,30,69,69034,GENERAL LECLERC (AV),45.8033155434,4.8602700233,Plein jour,En agglomération,Hors intersection,Normale,Autre collision,7,2,2,3,1,1,1,0,1,50,,2,1,0,1,0,34.0,,,,1,2,1,1,6
202100055275,2021-01-10 10:05:00,2021,1,10,10,5,971,97105,COURS NOLIVOS ( RUE DU),15.98697214,-61.724231,Plein jour,En agglomération,Hors intersection,Normale,Autre collision,4,2,2,0,1,1,1,0,3,50,,1,0,0,1,0,20.0,,,,1,2,1,1,6
202100055276,2021-01-11 16:30:00,2021,1,11,16,30,95,95127,NORD (AVENUE DU),49.0444132626,2.0552212,Plein jour,En agglomération,Hors intersection,Normale,Autre collision,4,2,2,3,1,1,1,0,1,50,,2,1,0,0,1,32.0,,,,1,2,1,1,6
202100055277,2021-01-12 08:00:00,2021,1,12,8,0,91,91103,BD DE FRANCE,48.59897,2.30442,Nuit avec éclairage allumé,En agglomération,Intersection en T,Pluie légère,Deux véhicules - côté,4,2,2,0,1,1,2,0,1,50,,2,1,0,0,1,65.0,13.0,,,5,2,3,2,3
202100055278,2021-01-12 17:50:00,2021,1,12,17,50,91,91215,AV DU HUIT MAI 1945,48.69621,2.52532,Nuit avec éclairage allumé,En agglomération,Hors intersection,Pluie légère,Autre collision,3,2,2,0,1,1,2,0,1,50,,2,1,0,0,1,72.0,,,,5,2,1,2,6
202100055279,2021-01-11 15:50:00,2021,1,11,15,50,91,91223,CD63,48.42244,2.17949,Plein jour,Hors agglomération,Giratoire,Normale,Deux véhicules - arrière,3,2,2,0,2,1,1,5,1,50,,3,1,0,0,2,38.0,28.0,,,1,1,6,1,2
202100055280,2021-01-12 05:50:00,2021,1,12,5,50,83,83062,BARBUSSE (AVENUE HENRI),43.13107,6.01556,Nuit avec éclairage allumé,En agglomération,Intersection en X,Normale,Deux véhicules - frontale,7,-1,5,0,1,1,1,5,1,50,,2,1,0,1,0,18.0,52.0,,,5,2,2,1,1
202100055281,2021-01-12 11:15:00,2021,1,12,11,15,83,83090,NATIONALE 8 (ROUTE),43.13283,5.86441,Plein jour,Hors agglomération,Hors intersection,Normale,Trois véhicules et plus - en chaîne,3,2,2,0,2,1,1,0,1,70,,3,1,0,1,1,30.0,22.0,,,1,1,1,1,4
202100055282,2021-01-06 17:45:00,2021,1,6,17,45,83,83129,MAS D'IXELLES (AVENUE DU),43.102654,5.818948,Crépuscule ou aube,En agglomération,Hors intersection,Normale,Deux véhicules - côté,4,2,2,0,1,3,1,0,1,50,,2,1,0,0,1,21.0,18.0,,,2,2,1,1,3
202100055283,2021-01-08 17:40:00,2021,1,8,17,40,80,80021,ABBEVILLE (RUE D'),49.91164,2.25216,Nuit avec éclairage allumé,En agglomération,Hors intersection,Normale,Deux véhicules - arrière,3,2,2,0,1,1,1,0,1,50,,2,1,0,0,1,50.0,58.0,,,5,2,1,1,2
202100055284,2021-01-12 18:00:00,2021,1,12,18,0,78,78440,EUROPE (AVENUE DE L'),48.977126,1.914861,Nuit avec éclairage allumé,En agglomération,Hors intersection,Pluie forte,Autre collision,3,3,4,0,1,1,2,9,8,50,,2,1,0,0,1,63.0,,,,5,2,1,3,6
202100055285,2021-01-11 20:12:00,2021,1,11,20,12,78,78238,CD 14,48.979117,1.886454,Nuit sans éclairage public,Hors agglomération,Hors intersection,Normale,Deux véhicules - côté,3,-1,2,0,1,1,1,0,1,70,,5,1,0,0,4,50.0,44.0,,,3,1,1,1,3
202100055286,2021-01-11 10:50:00,2021,1,11,10,50,76,76231,Rue Bourgtheroulde,49.28865,0.99598,Plein jour,En agglomération,Hors intersection,Normale,Autre collision,7,2,2,0,2,1,1,0,1,50,,2,1,0,0,1,23.0,,,,1,2,1,1,6