accident_id,datetime,annee,mois,jour,heure,minute,departement,commune_insee,adresse,latitude,longitude,luminosite,agglomeration,intersection,meteo,collision,catr,circ,nbv,vosp,prof,plan,surf,infra,situ,vma,nb_vehicules,nb_usagers,nb_indemnes,nb_tues,nb_blesses_hosp,nb_blesses_legers,age_cond_1,age_cond_2,veh_type_cond_1,veh_type_cond_2,lum_code,agg_code,int_code,atm_code,col_code
202100055287,2021-01-11 18:15:00,2021,1,11,18,15,76,76322,Rue Louis Joseph Gay Lussac,49.4167713226,1.0461641195,Nuit sans éclairage public,En agglomération,Hors intersection,Normale,Sans collision,7,2,2,0,1,1,1,-1,1,50,,2,1,0,1,0,63.0,,,,3,2,1,1,7
202100055288,2021-01-11 15:25:00,2021,1,11,15,25,76,76351,Rue de Verdun,49.50168,0.153,Plein jour,En agglomération,Hors intersection,Normale,Deux véhicules - arrière,3,2,2,0,1,1,1,0,1,50,,2,0,0,0,2,36.0,39.0,,,1,2,1,1,2
202100055289,2021-01-11 19:20:00,2021,1,11,19,20,76,76296,Rue de la Libération,49.5179562255,0.2561685629,Nuit avec éclairage allumé,Hors agglomération,Hors intersection,Pluie légère,Deux véhicules - frontale,3,2,2,0,1,1,2,0,1,70,,2,0,0,0,2,52.0,30.0,,,5,1,1,2,1
202100055290,2021-01-12 12:00:00,2021,1,12,12,0,71,71153,CAVELL (RUE EDITH),46.79549,4.42476,Plein jour,En agglomération,Hors intersection,Pluie légère,Deux véhicules - arrière,4,2,2,0,1,1,2,0,1,50,,3,2,0,0,1,43.0,23.0,,,1,2,1,2,2
202100055291,2021-01-12 18:15:00,2021,1,12,18,15,69,69282,REPUBLIQUE (DE LA) (R),45.7695419497,4.9876972169,Nuit avec éclairage allumé,En agglomération,Intersection en X,Pluie légère,Deux véhicules - côté,4,2,3,0,1,1,2,0,1,50,,3,2,0,1,0,18.0,56.0,,,5,2,2,2,3
202100055292,2021-01-11 19:25:00,2021,1,11,19,25,69,69256,EMILE ZOLA (R),45.77783,4.91841,Nuit avec éclairage allumé,En agglomération,Intersection en X,Normale,Autre collision,4,2,2,3,1,1,1,0,1,50,,2,1,0,0,1,26.0,,,,5,2,2,1,6
202100055293,2021-01-11 06:40:00,2021,1,11,6,40,69,69264,FRANS (DE) (RTE),45.9840521164,4.7437328481,Nuit avec éclairage allumé,En agglomération,Giratoire,Normale,Deux véhicules - arrière,3,2,4,0,1,1,1,0,1,50,,3,2,0,0,1,30.0,29.0,,,5,2,6,1,2
202100055294,2021-01-11 08:09:00,2021,1,11,8,9,64,64249,Avenue Getaria,43.42331,-1.60515,Crépuscule ou aube,En agglomération,Intersection en T,Normale,Deux véhicules - côté,3,2,3,0,1,1,1,0,1,50,,2,1,0,0,1,16.0,71.0,,,2,2,3,1,3
202100055295,2021-01-11 08:16:00,2021,1,11,8,16,64,64102,GRENET (AVENUE HENRI),43.4965083249,-1.483476162,Crépuscule ou aube,En agglomération,Giratoire,Normale,Deux véhicules - arrière,4,2,4,0,3,3,1,2,1,50,,2,1,0,0,1,60.0,39.0,,,2,2,6,1,2
202100055296,2021-01-12 10:30:00,2021,1,12,10,30,62,62041,STRASBOURG ( BOULEVARD DE ),50.28855,2.78056,Plein jour,En agglomération,Hors intersection,Pluie légère,Autre collision,4,3,0,0,1,1,2,9,1,50,,2,1,0,1,0,69.0,,,,1,2,1,2,6
202100055297,2021-01-12 21:00:00,2021,1,12,21,0,59,59512,TURGOT (RUE),50.70256,3.17443,Nuit avec éclairage allumé,En agglomération,Intersection en T,Normale,Deux véhicules - frontale,4,2,0,0,1,1,1,0,1,50,,5,3,0,1,1,33.0,30.0,,,5,2,3,1,1
202100055298,2021-01-12 08:20:00,2021,1,12,8,20,59,59033,HOTEL DE VILLE (RUE DE L'),50.19971,3.8342,Crépuscule ou aube,En agglomération,Intersection en T,Pluie forte,Autre collision,3,2,2,0,1,1,2,0,1,50,,2,1,0,0,1,31.0,,,,2,2,3,3,6
202100055299,2021-01-12 18:00:00,2021,1,12,18,0,59,59343,GHESQUIERE HENRI RUE,50.59104,3.11832,Nuit avec éclairage allumé,En agglomération,Hors intersection,Normale,Autre collision,4,-1,1,0,1,3,1,0,8,30,,2,1,0,0,1,28.0,,,,5,2,1,1,6
202100055300,2021-01-12 08:50:00,2021,1,12,8,50,59,59350,WAGNER RICHARD RUE,50.60544,3.053,Plein jour,En agglomération,Hors intersection,Pluie légère,Autre collision,4,2,2,0,1,1,2,0,1,50,,2,1,0,0,1,32.0,,,,1,2,1,2,6
202100055301,2021-01-07 09:20:00,2021,1,7,9,20,59,59220,CARNOT RUE,50.59984,3.06832,Plein jour,En agglomération,Intersection en X,Normale,Autre collision,7,2,2,0,1,1,1,0,1,50,,2,1,0,0,1,81.0,,,,1,2,2,1,6
202100055302,2021-01-11 11:52:00,2021,1,11,11,52,57,57672,SAINTIGNON (RUE DE),49.36889,6.14409,Plein jour,En agglomération,Hors intersection,Temps éblouissant,Autre collision,4,2,2,0,1,3,1,0,1,50,,2,1,0,0,1,68.0,,,,1,2,1,7,6
202100055303,2021-01-11 12:15:00,2021,1,11,12,15,54,54431,SAINT-MARTIN (RUE),48.90626,6.05753,Plein jour,En agglomération,Hors intersection,Normale,Autre collision,4,2,2,0,1,1,1,0,1,50,,3,1,0,0,2,91.0,,,,1,2,1,1,6
202100055304,2021-01-11 16:01:00,2021,1,11,16,1,54,54431,parking intermarché,48.9093,6.04095,Plein jour,En agglomération,Hors intersection,Normale,Autre collision,6,-1,-1,0,1,1,1,9,1,-1,,3,2,0,0,1,69.0,,,,1,2,1,1,6
202100055305,2021-01-12 15:40:00,2021,1,12,15,40,54,54395,JAURES (BOULEVARD JE,48.6819721231,6.1781170964,Plein jour,En agglomération,Hors intersection,Pluie légère,Trois véhicules et plus - en chaîne,4,1,2,3,1,1,2,-1,1,30,,4,3,0,0,1,50.0,24.0,,,1,2,1,2,4
202100055306,2021-01-12 08:00:00,2021,1,12,8,0,54,54395,FRANCE (AVENUE ANATOLE),48.6873482775,6.1629974842,Nuit avec éclairage allumé,En agglomération,Intersection en X,Pluie légère,Autre collision,4,1,2,2,1,1,2,-1,1,50,,3,1,0,0,2,64.0,,,,5,2,2,2,6
202100055307,2021-01-12 08:15:00,2021,1,12,8,15,51,51454,Avenue François Mauriac,49.2407161724,3.9974730742,Nuit avec éclairage non allumé,En agglomération,Hors intersection,Pluie forte,Sans collision,3,2,2,0,1,1,2,6,1,50,,2,0,0,0,2,22.0,,,,4,2,1,3,7
202100055308,2021-01-07 23:10:00,2021,1,7,23,10,50,50129,LECLERC (RUE DU MARECHAL)),49.63696,-1.63482,Nuit avec éclairage allumé,En agglomération,Hors intersection,Normale,Autre collision,4,2,2,0,2,4,1,0,1,50,,2,1,0,0,1,24.0,,,,5,2,1,1,6
202100055309,2021-01-11 16:30:00,2021,1,11,16,30,49,49328,RUE DES LANDES DE TERREFORT,47.25371,-0.10559,Plein jour,En agglomération,Hors intersection,Normale,Sans collision,4,2,2,0,2,3,1,0,3,50,,1,0,0,0,1,25.0,,,,1,2,1,1,7
202100055310,2021-01-11 17:05:00,2021,1,11,17,5,49,49328,TRESOR (ROUTE DU),47.2628541979,-0.117174983,Plein jour,Hors agglomération,Hors intersection,Normale,Sans collision,4,2,2,0,1,3,8,0,3,70,,1,0,0,0,1,21.0,,,,1,1,1,1,7
202100055311,2021-01-11 07:30:00,2021,1,11,7,30,44,44184,GUTENBERG (RUE JEAN),47.28189,-2.2352,Nuit avec éclairage allumé,En agglomération,Intersection en X,Normale,Deux véhicules - frontale,4,2,2,0,2,2,1,0,1,50,,2,1,0,0,1,47.0,24.0,,,5,2,2,1,1
202100055312,2021-01-11 08:05:00,2021,1,11,8,5,44,44184,PRÉ HEMBERT (ROUTE DU),47.270713,-2.256933,Nuit sans éclairage public,En agglomération,Intersection en T,Normale,Deux véhicules - frontale,4,2,2,0,1,1,1,0,1,50,,2,1,0,1,0,72.0,58.0,,,3,2,3,1,1
202100055313,2021-01-11 12:33:00,2021,1,11,12,33,42,42187,Rue Joanny Augé,46.0356915041,4.0521731526,Plein jour,En agglomération,Intersection en X,Normale,Deux véhicules - côté,4,2,2,0,1,1,1,0,1,50,,2,0,0,1,1,37.0,48.0,,,1,2,2,1,3
202100055314,2021-01-12 17:00:00,2021,1,12,17,0,38,38544,GENERAL LECLERC(AV),45.5043,4.8548,Plein jour,En agglomération,Hors intersection,Pluie légère,Deux véhicules - côté,4,2,2,0,1,1,2,0,1,50,,2,1,0,0,1,85.0,38.0,,,1,2,1,2,3
202100055315,2021-01-12 11:00:00,2021,1,12,11,0,38,38423,Les Vingt Toises,45.21221,5.69022,Plein jour,En agglomération,Hors intersection,Normale,Autre collision,4,2,2,0,1,3,1,0,1,50,,1,0,0,0,1,47.0,,,,1,2,1,1,6
202100055316,2021-01-11 20:21:00,2021,1,11,20,21,37,37214,BORDIERS (RUE DES),47.41897,0.67373,Nuit avec éclairage allumé,En agglomération,Giratoire,Normale,Sans collision,4,1,1,0,1,2,1,5,1,30,,1,0,0,0,1,19.0,,,,5,2,6,1,7
202100055317,2021-01-11 08:00:00,2021,1,11,8,0,37,37261,TANNEURS (RUE DES),47.3954619607,0.6775650505,Crépuscule ou aube,En agglomération,Hors intersection,Normale,Autre collision,4,3,4,2,1,1,1,0,1,50,,2,1,0,0,1,78.0,,,,2,2,1,1,6
202100055318,2021-01-12 20:25:00,2021,1,12,20,25,35,35238,COMBES (BD EMILE),48.09363,-1.67124,Nuit avec éclairage allumé,En agglomération,Intersection en X,Normale,Deux véhicules - côté,4,2,2,0,1,1,1,5,1,50,,2,1,0,0,1,34.0,24.0,,,5,2,2,1,3
202100055319,2021-01-12 18:45:00,2021,1,12,18,45,35,35238,Rue du Pâtis Tatelin,48.13218,-1.63999,Nuit avec éclairage allumé,En agglomération,Hors intersection,Pluie légère,Deux véhicules - côté,4,2,2,0,1,1,2,0,1,30,,2,1,0,0,1,35.0,50.0,,,5,2,1,2,3
202100055320,2021-01-12 07:50:00,2021,1,12,7,50,35,35238,PORTE D'ANGERS,48.0815,-1.6512,Crépuscule ou aube,Hors agglomération,Hors intersection,Normale,Deux véhicules - arrière,2,3,4,0,1,1,1,0,1,90,,2,0,0,0,2,53.0,22.0,,,2,1,1,1,2
202100055321,2021-01-12 08:35:00,2021,1,12,8,35,35,35238,SEMBAT (MARCEL),48.09442,-1.67441,Plein jour,En agglomération,Intersection en X,Temps couvert,Deux véhicules - côté,4,-1,1,1,1,1,1,0,1,50,,2,0,0,0,2,16.0,26.0,,,1,2,2,8,3
202100055322,2021-01-12 12:50:00,2021,1,12,12,50,34,34172,SAINT CLEMENT (AVENUE),43.616919,3.84624,Plein jour,En agglomération,Intersection en T,Normale,Autre collision,4,2,2,0,1,1,1,0,1,50,,3,2,0,0,1,,50.0,,,1,2,3,1,6
202100055323,2021-01-12 09:00:00,2021,1,12,9,0,34,34172,TOULOUSE (AVENUE DE,43.59689,3.86374,Plein jour,En agglomération,Hors intersection,Normale,Deux véhicules - côté,4,2,1,3,1,1,1,0,1,50,,4,2,0,0,2,58.0,48.0,,,1,2,1,1,3
202100055324,2021-01-11 17:00:00,2021,1,11,17,0,34,34003,PACULL (L14 ET15,43.29964,3.47734,Plein jour,En agglomération,Giratoire,Normale,Autre collision,4,1,1,0,1,3,1,0,1,50,,2,1,0,1,0,70.0,,,,1,2,6,1,6
202100055325,2021-01-12 19:10:00,2021,1,12,19,10,33,33063,Allée de Boutaut,44.8756,-0.57667,Nuit avec éclairage allumé,En agglomération,Intersection en T,Pluie légère,Deux véhicules - frontale,4,2,3,3,1,1,2,-1,1,50,,2,1,0,1,0,48.0,29.0,,,5,2,3,2,1
202100055326,2021-01-12 07:50:00,2021,1,12,7,50,33,33281,Avenue François Mitterrand,44.823887,-0.639259,Crépuscule ou aube,En agglomération,Hors intersection,Normale,Deux véhicules - côté,4,3,2,1,1,1,1,-1,1,50,,2,1,0,0,1,36.0,36.0,,,2,2,1,1,3
202100055327,2021-01-12 09:15:00,2021,1,12,9,15,33,33162,Rue du Moulin a Vent,44.88536,-0.64104,Plein jour,En agglomération,Intersection en X,Normale,Deux véhicules - côté,4,2,2,0,1,1,1,0,1,30,,2,1,0,0,1,35.0,39.0,,,1,2,2,1,3
202100055328,2021-01-07 08:00:00,2021,1,7,8,0,30,30189,BERTREUX ROGER (RUE),43.8477,4.3148,Plein jour,En agglomération,Autre intersection,Normale,Autre collision,4,-1,0,0,1,1,7,9,8,50,,2,1,0,1,0,23.0,,,,1,2,9,1,6
202100055329,2021-01-12 14:30:00,2021,1,12,14,30,30,30007,QUINET (RUE EDGAR),44.12376,4.0807,Plein jour,En agglomération,Giratoire,Normale,Autre collision,4,2,2,0,1,1,1,0,1,30,,3,1,0,1,1,37.0,,,,1,2,6,1,6
202100055330,2021-01-12 18:33:00,2021,1,12,18,33,29,29051,D15 - Avenue de Coray,48.0030988069,-4.0401881754,Nuit sans éclairage public,Hors agglomération,Hors intersection,Pluie légère,Deux véhicules - arrière,3,2,2,0,1,1,2,0,1,70,,2,1,0,0,1,55.0,44.0,,,3,1,1,2,2
202100055331,2021-01-09 18:20:00,2021,1,9,18,20,29,29019,Rue Albert Louppe,48.402738,-4.4678701,Nuit avec éclairage allumé,En agglomération,Hors intersection,Normale,Autre collision,4,2,2,0,1,1,1,0,1,30,,2,1,0,0,1,81.0,,,,5,2,1,1,6
202100055332,2021-01-12 11:50:00,2021,1,12,11,50,27,27375,JOFFRE (BOULEVARD DU ML),49.2145,1.1655,Plein jour,En agglomération,Hors intersection,Pluie forte,Deux véhicules - arrière,4,2,2,0,1,1,2,0,1,50,,3,2,0,0,1,45.0,34.0,,,1,2,1,3,2
202100055333,2021-01-11 14:00:00,2021,1,11,14,0,27,27229,BRIAND (AVENUE ARISTIDE),49.02132,1.13645,Plein jour,En agglomération,Hors intersection,Temps couvert,Deux véhicules - arrière,3,2,2,0,1,1,1,0,1,50,,2,1,0,0,1,32.0,32.0,,,1,2,1,8,2
202100055334,2021-01-12 14:50:00,2021,1,12,14,50,15,15014,LIEU- DIT VEYRAC (CD117),44.922396,2.467087,Plein jour,Hors agglomération,Hors intersection,Neige / grêle,Sans collision,3,2,2,0,1,1,5,0,8,90,,1,0,0,0,1,20.0,,,,1,1,1,4,7
202100055335,2021-01-12 19:55:00,2021,1,12,19,55,14,14118,Place Courtonne,49.18396,-0.35653,Nuit avec éclairage allumé,En agglomération,Hors intersection,Normale,Sans collision,4,2,2,0,1,1,1,0,1,50,,2,1,0,0,1,76.0,,,,5,2,1,1,7
202100055336,2021-01-12 16:40:00,2021,1,12,16,40,13,13213,ROSE (AVENUE DE LA),43.326815,5.422899,Plein jour,En agglomération,Hors intersection,Normale,Deux véhicules - côté,7,2,2,0,1,1,1,0,1,50,,3,2,0,0,1,16.0,39.0,,,1,2,1,1,3
202100055337,2021-01-12 08:10:00,2021,1,12,8,10,13,13028,ROVARCH (AVENUE PIERRE),43.191935,5.616829,Plein jour,En agglomération,Hors intersection,Normale,Autre collision,4,2,4,0,1,1,2,0,1,50,,2,1,0,1,0,72.0,,,,1,2,1,1,6
202100055338,2021-01-11 18:03:00,2021,1,11,18,3,10,10081,JEAN BAPTISTE COLBERT (RUE),48.3132,4.0237,Nuit avec éclairage allumé,En agglomération,Intersection en X,Normale,Trois véhicules et plus - collisions multiples,4,2,2,0,2,1,1,0,1,50,,3,2,0,0,1,42.0,66.0,,,5,2,2,1,5
202100055339,2021-01-11 19:00:00,2021,1,11,19,0,10,10387,PASTEUR (RUE),48.29922,4.06597,Nuit avec éclairage allumé,En agglomération,Hors intersection,Normale,Deux véhicules - frontale,4,2,2,0,1,1,1,0,1,50,,3,1,0,0,2,24.0,20.0,,,5,2,1,1,1
202100055340,2021-01-12 14:20:00,2021,1,12,14,20,06,06088,DELILLE (RUE),43.70158,7.27613,Plein jour,En agglomération,Intersection en X,Normale,Deux véhicules - côté,4,1,1,0,1,1,1,0,1,50,,2,1,0,1,0,33.0,31.0,,,1,2,2,1,3
202100055341,2021-01-10 22:08:00,2021,1,10,22,8,06,06088,TUNNEL DU PAILLON,43.7162,7.28236,Nuit avec éclairage allumé,En agglomération,Hors intersection,Normale,Sans collision,4,1,2,0,1,3,1,1,1,50,,2,0,1,0,1,21.0,,,,5,2,1,1,7
202100055342,2021-01-12 08:53:00,2021,1,12,8,53,06,06088,ARSON (RUE),43.69909,7.286435,Plein jour,En agglomération,Intersection en X,Normale,Autre collision,4,1,0,0,1,1,1,0,8,50,,2,1,0,0,1,23.0,,,,1,2,2,1,6
202100055343,2021-01-12 07:30:00,2021,1,12,7,30,06,06069,DEVOLUY AVENUE PIERRE),43.639537,6.912275,Plein jour,En agglomération,Hors intersection,Normale,Autre collision,4,2,2,0,1,2,1,0,1,30,,2,1,0,0,1,41.0,,,,1,2,1,1,6
202100055344,2021-01-06 11:34:00,2021,1,6,11,34,02,02691,PONTOILE (RUE DE),49.84622,3.27465,Plein jour,En agglomération,Hors intersection,Normale,Autre collision,4,2,2,0,1,1,1,5,1,50,,2,1,0,1,0,,,,,1,2,1,1,6
202100055345,2021-01-11 17:50:00,2021,1,11,17,50,75,75115,PORTE DE LA PLAINE,48.829478,2.287441,Nuit avec éclairage allumé,En agglomération,Hors intersection,Normale,Deux véhicules - côté,4,1,3,0,1,1,1,0,1,70,,2,1,0,0,1,32.0,47.0,,,5,2,1,1,3
202100055346,2021-01-11 10:15:00,2021,1,11,10,15,75,75117,PORTE D ASNIERES,48.891425,2.299844,Plein jour,En agglomération,Hors intersection,Normale,Autre collision,4,1,2,0,2,1,1,0,1,50,,1,0,0,0,1,38.0,,,,1,2,1,1,6
202100055347,2021-01-11 16:53:00,2021,1,11,16,53,75,75106,BOULEVARD DU MONTPARNASSE,48.84617,2.317873,Crépuscule ou aube,En agglomération,Hors intersection,Normale,Autre collision,4,3,4,3,1,1,1,0,1,50,,2,1,0,0,1,31.0,,,,2,2,1,1,6
202100055348,2021-01-11 16:17:00,2021,1,11,16,17,75,75118,BOULEVARD ORNANO,48.897529,2.344685,Plein jour,En agglomération,Intersection en X,Normale,Deux véhicules - côté,4,2,4,0,1,1,1,0,1,50,,2,1,0,0,1,70.0,29.0,,,1,2,2,1,3
202100055349,2021-01-12 18:00:00,2021,1,12,18,0,75,75117,BOULEVARD MALESHERBES,48.884642,2.307989,Nuit avec éclairage allumé,En agglomération,Intersection en T,Pluie légère,Autre collision,4,2,1,0,1,1,2,0,1,30,,1,0,0,1,0,57.0,,,,5,2,3,2,6
202100055350,2021-01-12 08:30:00,2021,1,12,8,30,75,75117,RUE DE ROME,48.8840260144,2.3185175657,Crépuscule ou aube,En agglomération,Intersection en X,Pluie légère,Autre collision,4,2,2,0,1,1,2,0,1,30,,2,1,0,0,1,31.0,,,,2,2,2,2,6
202100055351,2021-01-12 13:00:00,2021,1,12,13,0,75,75116,AVENUE MARCEAU,48.869674,2.298249,Plein jour,En agglomération,Intersection en X,Pluie forte,Deux véhicules - arrière,4,2,3,0,2,1,2,0,1,50,,3,2,0,0,1,39.0,34.0,,,1,2,2,3,2
202100055352,2021-01-11 18:45:00,2021,1,11,18,45,75,75116,BOULEVARD FLANDRIN,48.867713,2.273508,Nuit avec éclairage allumé,En agglomération,Hors intersection,Normale,Deux véhicules - arrière,4,1,1,0,1,1,1,0,1,50,,2,1,0,0,1,29.0,54.0,,,5,2,1,1,2
202100055353,2021-01-10 22:43:00,2021,1,10,22,43,75,75115,RUE SAINT CHARLES,48.8421379934,2.2816273547,Nuit avec éclairage allumé,En agglomération,Intersection en X,Normale,Deux véhicules - arrière,4,1,1,0,1,1,1,0,1,50,,5,4,0,0,1,31.0,,,,5,2,2,1,2
202100055354,2021-01-12 19:30:00,2021,1,12,19,30,75,75114,CITE BAUER,48.831632,2.320044,Nuit avec éclairage allumé,En agglomération,Intersection en T,Pluie légère,Deux véhicules - côté,4,1,1,0,1,1,2,0,1,50,,2,1,0,0,1,32.0,48.0,,,5,2,3,2,3
202100055355,2021-01-12 12:40:00,2021,1,12,12,40,75,75114,AVENUE DU GENERAL LECLERC,48.830515,2.329165,Plein jour,En agglomération,Hors intersection,Pluie légère,Autre collision,4,2,4,0,1,1,2,0,1,50,,2,1,0,0,1,,32.0,,,1,2,1,2,6
202100055356,2021-01-12 20:10:00,2021,1,12,20,10,75,75113,RUE DU CHATEAU DES RENTIERS,48.830492,2.361816,Nuit avec éclairage allumé,En agglomération,Hors intersection,Pluie légère,Deux véhicules - arrière,4,2,2,0,1,1,2,0,1,50,,2,1,0,0,1,34.0,36.0,,,5,2,1,2,2
202100055357,2021-01-12 20:00:00,2021,1,12,20,0,75,75113,BOULEVARD AUGUSTE BLANQUI,48.829597,2.350378,Nuit avec éclairage allumé,En agglomération,Hors intersection,Pluie légère,Autre collision,4,1,2,0,3,2,2,0,1,50,,2,1,0,0,1,42.0,,,,5,2,1,2,6
202100055358,2021-01-12 10:10:00,2021,1,12,10,10,75,75112,BOULEVARD PONIATOWSKI,48.833345,2.402269,Plein jour,En agglomération,Place,Pluie légère,Deux véhicules - côté,4,1,2,0,1,1,2,0,1,50,,2,1,0,0,1,63.0,21.0,,,1,2,7,2,3
202100055359,2021-01-12 08:45:00,2021,1,12,8,45,75,75112,BOULEVARD DIDEROT,48.84715,2.385057,Crépuscule ou aube,En agglomération,Intersection en T,Temps couvert,Autre collision,4,2,3,0,1,1,1,0,1,50,,2,1,0,0,1,54.0,,,,2,2,3,8,6
202100055360,2021-01-11 18:10:00,2021,1,11,18,10,75,75112,BOULEVARD DE BERCY,48.838942,2.388107,Nuit avec éclairage allumé,En agglomération,Intersection en X,Normale,Autre collision,4,1,2,2,2,1,1,0,1,50,,2,1,0,0,1,69.0,,,,5,2,2,1,6
202100055361,2021-01-12 18:00:00,2021,1,12,18,0,75,75111,PLACE LEON BLUM,48.8579419994,2.3803575066,Nuit sans éclairage public,En agglomération,Place,Pluie légère,Autre collision,4,1,2,0,1,2,2,0,1,30,,2,1,0,0,1,80.0,,,,3,2,7,2,6
202100055362,2021-01-12 11:40:00,2021,1,12,11,40,75,75111,RUE DU CHEMIN VERT,48.858258,2.372295,Plein jour,En agglomération,Hors intersection,Pluie légère,Deux véhicules - arrière,4,1,1,0,2,1,2,0,1,50,,2,1,0,0,1,44.0,50.0,,,1,2,1,2,2
202100055363,2021-01-11 19:45:00,2021,1,11,19,45,75,75104,RUE DU CLOITRE SAINT MERRI,48.85926,2.350832,Nuit avec éclairage allumé,En agglomération,Hors intersection,Normale,Sans collision,4,2,0,3,1,1,1,6,1,15,,1,0,0,0,1,25.0,,,,5,2,1,1,7
202100055364,2021-01-11 16:15:00,2021,1,11,16,15,75,75102,BOULEVARD SAINT DENIS,48.8696738314,2.3526138067,Plein jour,En agglomération,Intersection en X,Normale,Trois véhicules et plus - collisions multiples,4,2,5,1,1,1,1,0,1,50,,4,3,0,0,1,25.0,25.0,,,1,2,2,1,5
202100055365,2021-01-11 10:15:00,2021,1,11,10,15,75,75104,QUAI HENRI IV,48.848927,2.362493,Plein jour,En agglomération,Intersection en T,Normale,Autre collision,4,1,2,0,1,1,1,0,1,50,,2,1,0,0,1,26.0,,,,1,2,3,1,6
202100055366,2021-01-12 18:21:00,2021,1,12,18,21,94,94068,Rue Garnier Pagès,48.79817,2.49522,Nuit avec éclairage allumé,En agglomération,Intersection en T,Pluie légère,Autre collision,3,2,2,0,1,1,2,0,1,30,,2,1,0,0,1,51.0,,,,5,2,3,2,6
202100055367,2021-01-12 18:45:00,2021,1,12,18,45,94,94046,LEON BLUM (AV),48.80224,2.43525,Nuit avec éclairage allumé,En agglomération,Hors intersection,Pluie légère,Deux véhicules - côté,3,1,1,1,1,1,2,0,5,30,,2,1,0,0,1,,28.0,,,5,2,1,2,3
202100055368,2021-01-12 12:40:00,2021,1,12,12,40,94,94003,ARISTIDE BRIAND (AV),48.80576,2.32567,Plein jour,En agglomération,Intersection en T,Pluie légère,Autre collision,3,3,4,0,1,1,2,0,1,50,,2,1,0,0,1,41.0,,,,1,2,3,2,6
202100055369,2021-01-12 20:20:00,2021,1,12,20,20,94,94073,PRESIDENT ROOSEVELT (AV DU),48.76593,2.39849,Nuit avec éclairage allumé,En agglomération,Intersection en T,Pluie légère,Trois véhicules et plus - collisions multiples,4,2,2,0,1,1,2,0,1,50,,3,2,0,0,1,54.0,51.0,,,5,2,3,2,5
202100055370,2021-01-11 08:15:00,2021,1,11,8,15,93,93013,DOHET (AVENUE DANIEL),48.93452,2.42918,Crépuscule ou aube,En agglomération,Intersection en T,Temps couvert,Autre collision,4,1,2,0,1,1,1,0,8,30,,2,1,0,0,1,35.0,,,,2,2,3,8,6
202100055371,2021-01-12 18:10:00,2021,1,12,18,10,93,93010,COCHIN (RUE DENYS),48.8984803043,2.4949521072,Nuit avec éclairage allumé,En agglomération,Intersection en T,Pluie légère,Deux véhicules - côté,4,2,1,0,1,1,2,0,1,50,,5,2,0,0,3,38.0,30.0,,,5,2,3,2,3
202100055372,2021-01-12 16:30:00,2021,1,12,16,30,93,93010,GUESDES (RUE JULES),48.9035843574,2.4776073642,Nuit avec éclairage allumé,En agglomération,Hors intersection,Pluie légère,Deux véhicules - frontale,3,2,2,0,1,1,2,0,1,50,,2,1,0,0,1,43.0,8.0,,,5,2,1,2,1
202100055373,2021-01-12 17:45:00,2021,1,12,17,45,93,93005,RAOUL DUFY (AVENUE),48.9623574894,2.4989352126,Nuit sans éclairage public,En agglomération,Hors intersection,Pluie légère,Sans collision,3,1,2,0,1,1,2,0,4,50,,1,0,0,0,1,21.0,,,,3,2,1,2,7
202100055374,2021-01-12 13:55:00,2021,1,12,13,55,93,93005,GENERAL GALLIENI (BOULEVARD DU),48.931372861,2.4956142958,Plein jour,En agglomération,Autre intersection,Pluie forte,Autre collision,4,1,2,0,1,1,2,0,1,50,,2,1,0,1,0,40.0,,,,1,2,9,3,6
202100055375,2021-01-12 10:00:00,2021,1,12,10,0,92,92076,REPUBLIQUE,48.837778,2.161986,Plein jour,En agglomération,Hors intersection,Pluie légère,Sans collision,3,1,1,0,1,1,2,0,1,50,,1,0,0,0,1,17.0,,,,1,2,1,2,7
202100055376,2021-01-12 18:30:00,2021,1,12,18,30,92,92020,PARIS AVENUE DE N°84 A FIN,48.8069758987,2.2935837507,Nuit avec éclairage allumé,En agglomération,Passage à niveau,Pluie légère,Autre collision,3,2,4,1,2,1,2,4,1,50,,3,1,0,0,2,27.0,,,,5,2,8,2,6
202100055377,2021-01-08 19:57:00,2021,1,8,19,57,92,92024,VICTOR HUGO (BD),48.9011376434,2.3164603114,Nuit avec éclairage allumé,En agglomération,Intersection en X,Normale,Autre collision,3,2,4,0,1,1,1,5,1,50,,3,2,0,0,1,17.0,,,,5,2,2,1,6
202100055378,2021-01-12 11:10:00,2021,1,12,11,10,92,92023,GENERAL DE GAULLE (AVENUE DU),48.7883,2.25826,Plein jour,En agglomération,Hors intersection,Pluie légère,Autre collision,3,2,5,0,1,1,2,0,1,30,,2,1,0,0,1,31.0,,,,1,2,1,2,6
202100055379,2021-01-11 18:51:00,2021,1,11,18,51,92,92060,CHARLES DE GAULLE (AVENUE) RD75 N°1 A 35,48.78099,2.26345,Nuit avec éclairage allumé,En agglomération,Autre intersection,Normale,Deux véhicules - arrière,3,3,2,0,2,1,1,5,1,50,,2,1,0,0,1,33.0,20.0,,,5,2,9,1,2
202100055380,2021-01-05 08:02:00,2021,1,5,8,2,92,92032,FOCH MARECHAL (AVENUE DU),48.7923568826,2.2988102274,Nuit avec éclairage allumé,En agglomération,Intersection en X,Normale,Autre collision,3,2,2,0,1,1,1,0,1,50,,2,1,0,0,1,,,,,5,2,2,1,6