accident_id,datetime,annee,mois,jour,heure,minute,departement,commune_insee,adresse,latitude,longitude,luminosite,agglomeration,intersection,meteo,collision,catr,circ,nbv,vosp,prof,plan,surf,infra,situ,vma,nb_vehicules,nb_usagers,nb_indemnes,nb_tues,nb_blesses_hosp,nb_blesses_legers,age_cond_1,age_cond_2,veh_type_cond_1,veh_type_cond_2,lum_code,agg_code,int_code,atm_code,col_code
202100055381,2021-01-12 15:10:00,2021,1,12,15,10,92,92012,JEAN JAURES (BOULEVARD) 2/68 - COTE PAIR,48.84536,2.23712,Plein jour,En agglomération,Hors intersection,Pluie légère,Deux véhicules - arrière,4,1,2,0,1,1,2,0,1,50,,2,1,0,0,1,39.0,25.0,,,1,2,1,2,2
202100055382,2021-01-12 14:15:00,2021,1,12,14,15,92,92012,POINT DU JOUR (QUAI DU),48.8281490726,2.2536542312,Plein jour,En agglomération,Intersection en T,Pluie légère,Deux véhicules - arrière,3,2,3,1,1,1,2,0,1,50,,2,1,0,0,1,46.0,35.0,,,1,2,3,2,2
202100055383,2021-01-08 19:00:00,2021,1,8,19,0,974,97415,3 Rue des Flamboyants,-20.979167,55.327883,Crépuscule ou aube,En agglomération,Hors intersection,Normale,Sans collision,4,1,1,0,2,1,1,0,1,50,,2,0,0,2,0,50.0,,,,2,2,1,1,7
202100055384,2021-01-12 07:05:00,2021,1,12,7,5,974,97405,Rue Augustin Mézino - RN2 PK 121+200,-21.365359,55.545732,Plein jour,Hors agglomération,Hors intersection,Normale,Sans collision,2,2,2,0,2,1,1,0,3,80,,1,0,1,0,0,66.0,,,,1,1,1,1,7
202100055385,2021-01-12 16:15:00,2021,1,12,16,15,57,57097,Rue des Erables,49.177872,6.491656,Plein jour,En agglomération,Autre intersection,Temps couvert,Autre collision,4,2,2,0,1,3,2,0,1,-1,,2,1,0,1,0,73.0,,,,1,2,9,8,6
202100055386,2021-01-12 06:40:00,2021,1,12,6,40,2B,2B049,D151,42.515907,8.848822,Crépuscule ou aube,Hors agglomération,Hors intersection,Autre,Autre collision,3,2,2,0,2,2,7,0,3,70,,1,0,0,0,1,24.0,,,,2,1,1,9,6
202100055387,2021-01-12 17:55:00,2021,1,12,17,55,60,60562,56 Rue de Sacy le Petit,49.352542,2.550619,Nuit avec éclairage allumé,En agglomération,Hors intersection,Pluie légère,Autre collision,4,2,2,0,1,1,2,0,3,50,,1,0,0,0,1,44.0,,,,5,2,1,2,6
202100055388,2021-01-12 10:50:00,2021,1,12,10,50,80,80380,chaussée brunehaut,50.094431,2.062726,Plein jour,Hors agglomération,Intersection en X,Pluie forte,Deux véhicules - côté,3,2,2,0,1,1,2,0,1,80,,2,0,0,1,1,74.0,51.0,,,1,1,2,3,3
202100055389,2021-01-12 07:50:00,2021,1,12,7,50,49,49182,D761,47.217775,-0.305611,Nuit sans éclairage public,Hors agglomération,Hors intersection,Normale,Deux véhicules - frontale,3,2,4,1,1,1,2,9,5,110,,2,0,0,1,1,16.0,17.0,,,3,1,1,1,1
202100055390,2021-01-12 16:00:00,2021,1,12,16,0,44,44072,LA VILLE EN BOIS,47.490605,-2.297484,Plein jour,Hors agglomération,Intersection en X,Normale,Deux véhicules - côté,3,2,2,0,1,1,2,0,1,80,,2,1,1,0,0,68.0,22.0,,,1,1,2,1,3
202100055391,2021-01-11 13:00:00,2021,1,11,13,0,29,29019,148 Rue de Gouesnou,48.418247856,-4.4680125895,Plein jour,En agglomération,Hors intersection,Normale,Autre collision,4,-1,1,0,1,1,1,9,8,-1,,2,1,0,0,1,25.0,,,,1,2,1,1,6
202100055392,2021-01-11 17:25:00,2021,1,11,17,25,29,29069,D105 - Route du Pont Cabioc'h,48.404669,-4.546151,Plein jour,Hors agglomération,Hors intersection,Pluie légère,Deux véhicules - frontale,7,2,2,0,2,3,2,0,1,50,,2,1,0,1,0,37.0,30.0,,,1,1,1,2,1
202100055393,2021-01-13 16:45:00,2021,1,13,16,45,31,31049,Route de Castelnau,43.725342,1.513992,Plein jour,Hors agglomération,Intersection en X,Temps couvert,Deux véhicules - côté,3,2,2,0,4,1,1,0,1,80,,2,1,0,1,0,20.0,54.0,,,1,1,2,8,3
202100055394,2021-01-13 18:30:00,2021,1,13,18,30,38,38538,Rue Albert Girard Blanc,45.218793,5.85582,Nuit avec éclairage non allumé,Hors agglomération,Hors intersection,Pluie légère,Autre collision,4,2,2,0,1,1,2,0,3,70,,2,1,0,1,0,57.0,,,,4,1,1,2,6
202100055395,2021-01-12 15:15:00,2021,1,12,15,15,38,38001,3 Rue de l'Egalité,45.533864,5.585686,Plein jour,En agglomération,Hors intersection,Pluie légère,Autre collision,3,1,1,0,1,1,2,0,4,50,,2,1,0,1,0,42.0,,,,1,2,1,2,6
202100055396,2021-01-12 12:10:00,2021,1,12,12,10,03,03204,Route de la Batelliere,46.3189846411,3.347961026,Plein jour,Hors agglomération,Hors intersection,Normale,Trois véhicules et plus - en chaîne,3,2,2,0,1,1,2,0,1,90,,3,1,0,0,2,37.0,28.0,,,1,1,1,1,4
202100055397,2021-01-13 07:00:00,2021,1,13,7,0,50,50510,La Briqueterie,49.180553,-1.38041,Nuit sans éclairage public,Hors agglomération,Hors intersection,Pluie légère,Deux véhicules - côté,3,2,2,0,2,1,2,0,1,80,,2,1,0,1,0,33.0,55.0,,,3,1,1,2,3
202100055398,2021-01-12 10:20:00,2021,1,12,10,20,53,53113,La Petite Monnerie,48.265905,-0.395978,Plein jour,Hors agglomération,Hors intersection,Temps couvert,Sans collision,3,2,2,0,1,1,2,0,8,80,,1,0,0,1,0,69.0,,,,1,1,1,8,7
202100055399,2021-01-12 14:30:00,2021,1,12,14,30,24,24520,Route de l'Abbé Breuil,44.905773,1.207321,Plein jour,En agglomération,Autre intersection,Pluie légère,Deux véhicules - frontale,3,2,2,0,1,1,2,0,1,50,,2,0,1,1,0,84.0,66.0,,,1,2,9,2,1
202100055400,2021-01-13 15:20:00,2021,1,13,15,20,85,85204,BEL AIR,46.815157,-1.730003,Plein jour,Hors agglomération,Hors intersection,Pluie légère,Autre collision,3,2,2,0,4,4,2,0,3,70,,1,0,0,1,0,50.0,,,,1,1,1,2,6
202100055401,2021-01-11 12:20:00,2021,1,11,12,20,87,87111,Manvin,45.747761,0.854187,Plein jour,Hors agglomération,Hors intersection,Normale,Autre collision,3,2,2,0,1,3,7,0,3,80,,1,0,0,1,0,25.0,,,,1,1,1,1,6
202100055402,2021-01-12 17:00:00,2021,1,12,17,0,30,30062,D40,43.795633,4.208643,Plein jour,Hors agglomération,Hors intersection,Normale,Autre collision,3,2,2,0,1,1,1,0,1,80,,4,2,0,0,2,47.0,25.0,,,1,1,1,1,6
202100055403,2021-01-12 16:55:00,2021,1,12,16,55,30,30088,D999,43.863333,4.103228,Plein jour,Hors agglomération,Hors intersection,Normale,Deux véhicules - arrière,3,2,2,0,2,1,1,0,1,80,,2,1,0,1,0,22.0,61.0,,,1,1,1,1,2
202100055404,2021-01-13 03:35:00,2021,1,13,3,35,88,88525,RD 166,48.275446,6.152977,Nuit sans éclairage public,Hors agglomération,Hors intersection,Autre,Deux véhicules - frontale,3,2,2,0,2,1,7,0,1,80,,3,0,1,1,1,48.0,50.0,,,3,1,1,9,1
202100055405,2021-01-12 23:15:00,2021,1,12,23,15,978,97801,RN7,18.068912,-63.035699,Nuit avec éclairage allumé,En agglomération,Hors intersection,Normale,Deux véhicules - frontale,2,2,2,0,1,1,2,0,1,50,,2,1,0,1,0,52.0,,,,5,2,1,1,1
202100055406,2021-01-12 20:00:00,2021,1,12,20,0,91,91111,A10,48.618208,2.128537,Nuit sans éclairage public,Hors agglomération,Hors intersection,Pluie légère,Autre collision,1,1,5,0,1,1,2,0,1,110,,1,0,0,1,0,80.0,,,,3,1,1,2,6
202100055407,2021-01-13 03:00:00,2021,1,13,3,0,988,98804,tribu de nakéty mission,-21.54797,166.04158,Nuit sans éclairage public,Hors agglomération,Intersection en T,Normale,Autre collision,3,2,2,0,1,4,9,2,1,50,,1,0,1,0,0,21.0,,,,3,1,3,1,6
202100055408,2021-01-13 11:45:00,2021,1,13,11,45,2B,2B042,Lotissement Lanciatojo,42.576533,9.465666,Plein jour,Hors agglomération,Hors intersection,Temps éblouissant,Autre collision,4,2,2,0,1,1,1,9,3,30,,1,0,0,0,1,63.0,,,,1,1,1,7,6
202100055409,2021-01-13 00:20:00,2021,1,13,0,20,68,68171,16 Grand Rue,47.924845,6.968606,Nuit avec éclairage allumé,En agglomération,Hors intersection,Neige / grêle,Autre collision,3,2,2,0,1,2,7,0,3,50,,1,0,0,0,1,34.0,,,,5,2,1,4,6
202100055410,2021-01-12 16:40:00,2021,1,12,16,40,69,69291,CHAMPS DE MARS (DU) (AV),45.633336,4.859642,Plein jour,En agglomération,Intersection en X,Pluie légère,Deux véhicules - frontale,3,2,2,0,1,3,2,0,1,50,,3,2,0,0,1,31.0,20.0,,,1,2,2,2,1
202100055411,2021-01-12 09:20:00,2021,1,12,9,20,09,09185,Tartifume,43.234526,1.653324,Plein jour,Hors agglomération,Hors intersection,Normale,Autre collision,3,2,2,0,1,1,1,0,3,80,,1,0,0,1,0,84.0,,,,1,1,1,1,6
202100055412,2021-01-13 08:15:00,2021,1,13,8,15,44,44074,M107,47.204608,-1.67604,Crépuscule ou aube,Hors agglomération,Hors intersection,Normale,Deux véhicules - frontale,7,2,2,1,1,1,2,0,1,70,,2,0,0,0,2,34.0,54.0,,,2,1,1,1,1
202100055413,2021-01-13 03:00:00,2021,1,13,3,0,60,60321,D105,49.2317849543,2.0182137651,Nuit sans éclairage public,Hors agglomération,Hors intersection,Temps couvert,Deux véhicules - frontale,3,2,2,0,1,1,2,0,1,80,,4,0,1,1,2,43.0,24.0,,,3,1,1,8,1
202100055414,2021-01-11 18:05:00,2021,1,11,18,5,59,59063,Rue Victor Watremez,50.139769,3.387442,Nuit avec éclairage allumé,En agglomération,Hors intersection,Normale,Autre collision,3,3,2,0,4,1,1,0,1,50,,2,1,0,1,0,66.0,,,,5,2,1,1,6
202100055415,2021-01-12 15:25:00,2021,1,12,15,25,13,13028,A50-Sens Toulon vers Aubagne,43.20501,5.59235,Plein jour,Hors agglomération,Hors intersection,Normale,Autre collision,1,1,2,0,3,4,1,3,3,70,,1,0,0,0,1,57.0,,,,1,1,1,1,6
202100055416,2021-01-11 03:00:00,2021,1,11,3,0,13,13071,A55 - Sens Marseille vers Martigues,43.39817,5.29806,Nuit sans éclairage public,Hors agglomération,Hors intersection,Normale,Deux véhicules - frontale,1,-1,2,0,1,1,2,0,8,90,,1,0,0,0,1,26.0,,,,3,1,1,1,1
202100055417,2021-01-11 18:30:00,2021,1,11,18,30,69,69081,PERIPHERIQUE NORD (BD),45.7745650827,4.7906720638,Nuit sans éclairage public,Hors agglomération,Hors intersection,Normale,Deux véhicules - arrière,4,1,1,0,2,1,1,0,1,50,,3,1,0,0,2,26.0,47.0,,,3,1,1,1,2
202100055418,2021-01-07 14:25:00,2021,1,7,14,25,62,62548,AUTOROUTE A16,50.937476,1.94767,Plein jour,Hors agglomération,Hors intersection,Normale,Trois véhicules et plus - collisions multiples,1,3,3,0,1,1,1,0,1,110,,4,1,0,0,3,28.0,41.0,,,1,1,1,1,5
202100055419,2021-01-12 20:26:00,2021,1,12,20,26,91,91692,RN 118,48.681834,2.190074,Nuit sans éclairage public,Hors agglomération,Hors intersection,Pluie légère,Sans collision,2,-1,2,0,4,2,2,0,1,90,,1,0,0,0,1,35.0,,,,3,1,1,2,7
202100055420,2021-01-12 08:50:00,2021,1,12,8,50,91,91553,RN 104 INT / RN 6 PARIS,48.63152,2.50189,Plein jour,Hors agglomération,Autre intersection,Pluie légère,Deux véhicules - côté,2,3,4,0,1,1,2,0,1,110,,2,1,0,0,1,25.0,40.0,,,1,1,9,2,3
202100055421,2021-01-12 08:35:00,2021,1,12,8,35,91,91553,RN 104,48.6264,2.47514,Crépuscule ou aube,Hors agglomération,Hors intersection,Pluie légère,Trois véhicules et plus - en chaîne,2,3,6,0,1,1,2,0,1,110,,3,2,0,0,1,38.0,34.0,,,2,1,1,2,4
202100055422,2021-01-12 08:25:00,2021,1,12,8,25,78,78431,A13,48.936249,1.961374,Crépuscule ou aube,Hors agglomération,Hors intersection,Pluie légère,Deux véhicules - arrière,1,3,6,0,1,1,2,0,1,110,,3,1,0,0,2,41.0,30.0,,,2,1,1,2,2
202100055423,2021-01-12 20:30:00,2021,1,12,20,30,93,93006,AUTOROUTE A3,48.86626,2.42276,Nuit sans éclairage public,Hors agglomération,Hors intersection,Pluie légère,Autre collision,1,3,8,0,1,1,2,0,1,90,,1,0,0,0,1,31.0,,,,3,1,1,2,6
202100055424,2021-01-12 20:00:00,2021,1,12,20,0,95,95212,RN 104,49.02871,2.52688,Nuit sans éclairage public,Hors agglomération,Hors intersection,Pluie légère,Autre collision,2,1,1,0,2,2,2,3,1,50,,2,0,0,0,2,25.0,,,,3,1,1,2,6
202100055425,2021-01-12 20:45:00,2021,1,12,20,45,93,93078,AUTOROUTE A104,48.963,2.52237,Nuit sans éclairage public,Hors agglomération,Hors intersection,Pluie légère,Autre collision,1,3,6,0,1,1,2,0,1,90,,2,0,0,0,2,27.0,,,,3,1,1,2,6
202100055426,2021-01-12 18:30:00,2021,1,12,18,30,95,95555,RD 170,48.97297,2.27637,Nuit sans éclairage public,Hors agglomération,Hors intersection,Pluie légère,Autre collision,3,3,4,0,1,2,2,0,1,90,,1,0,0,0,1,23.0,,,,3,1,1,2,6
202100055427,2021-01-12 08:50:00,2021,1,12,8,50,95,95252,A15,48.9852350074,2.2141367197,Crépuscule ou aube,Hors agglomération,Hors intersection,Pluie légère,Trois véhicules et plus - collisions multiples,1,3,8,0,1,1,2,0,1,110,,4,3,0,0,1,25.0,22.0,,,2,1,1,2,5
202100055428,2021-01-12 08:00:00,2021,1,12,8,0,93,93064,AUTOROUTE A86,48.8792,2.47632,Plein jour,Hors agglomération,Hors intersection,Pluie légère,Sans collision,1,3,7,0,1,1,2,0,1,90,,1,0,0,0,1,43.0,,,,1,1,1,2,7
202100055429,2021-01-12 18:15:00,2021,1,12,18,15,77,77450,RN104,48.71317,2.59962,Nuit sans éclairage public,Hors agglomération,Hors intersection,Pluie légère,Deux véhicules - arrière,2,-1,4,0,1,1,2,0,1,110,,2,1,0,0,1,23.0,33.0,,,3,1,1,2,2
202100055430,2021-01-12 10:50:00,2021,1,12,10,50,94,94079,A4,48.82838,2.5271,Plein jour,Hors agglomération,Hors intersection,Pluie légère,Sans collision,1,-1,4,0,1,1,2,0,1,110,,2,0,0,0,2,26.0,46.0,,,1,1,1,2,7
202100055431,2021-01-10 17:15:00,2021,1,10,17,15,988,98818,RUE JACQUES IEKAWE,-22.24823,166.45585,Plein jour,En agglomération,Hors intersection,Pluie forte,Autre collision,4,2,2,0,1,1,2,0,1,50,,2,1,0,0,1,41.0,,,,1,2,1,3,6
202100055432,2021-01-11 14:25:00,2021,1,11,14,25,976,97611,tsoundzou-Mariage (place -tsoundzou 2),-12.80943,45.20331,Plein jour,En agglomération,Hors intersection,Normale,Sans collision,2,2,0,0,1,1,1,0,1,50,,1,0,0,0,1,24.0,,,,1,2,1,1,7
202100055433,2021-01-11 18:05:00,2021,1,11,18,5,974,97411,KARTING (DU),-20.8933901266,55.5018782616,Plein jour,En agglomération,Hors intersection,Pluie forte,Sans collision,2,-1,4,0,1,2,2,0,2,90,,1,0,0,0,1,26.0,,,,1,2,1,3,7
202100055434,2021-01-10 14:00:00,2021,1,10,14,0,973,97302,LALLOUETTE(RUE),4.94021,-52.33147,Plein jour,En agglomération,Hors intersection,Pluie légère,Autre collision,4,1,1,0,1,1,2,0,1,50,,2,1,0,1,0,53.0,,,,1,2,1,2,6
202100055435,2021-01-09 23:50:00,2021,1,9,23,50,973,97302,FLAMBOYANTS (RUE DES),4.9228694885,-52.3208902627,Nuit avec éclairage allumé,En agglomération,Hors intersection,Pluie légère,Sans collision,4,2,2,0,1,1,2,0,1,50,,3,0,0,0,3,29.0,,,,5,2,1,2,7
202100055436,2021-01-11 17:30:00,2021,1,11,17,30,69,69383,LACASSAGNE (AV),45.74915,4.87708,Nuit avec éclairage allumé,En agglomération,Hors intersection,Normale,Autre collision,4,2,3,3,1,1,1,0,1,50,,1,0,1,0,0,61.0,,,,5,2,1,1,6
202100055437,2021-01-11 19:30:00,2021,1,11,19,30,69,69387,YVES FARGES (BD),45.74043,4.83174,Nuit avec éclairage non allumé,En agglomération,Intersection en T,Normale,Autre collision,4,2,3,2,1,1,1,9,1,50,,1,0,0,0,1,18.0,,,,4,2,3,1,6
202100055438,2021-01-10 02:00:00,2021,1,10,2,0,69,69388,PIERRE DELORE (R),45.73401,4.85789,Nuit avec éclairage allumé,En agglomération,Intersection en T,Normale,Deux véhicules - arrière,4,2,4,1,1,1,1,8,1,30,,2,1,0,1,0,,27.0,,,5,2,3,1,2
202100055439,2021-01-11 14:40:00,2021,1,11,14,40,972,97213,ROUTE DEPARTEMENTALE 3,14.675296138,-60.9899353981,Plein jour,En agglomération,Hors intersection,Normale,Deux véhicules - frontale,3,-1,2,0,2,1,1,0,1,50,,2,1,0,0,1,56.0,68.0,,,1,2,1,1,1
202100055440,2021-01-11 07:37:00,2021,1,11,7,37,972,97209,GENERAL DE GAULLE (BLD DU),14.6074,-61.06822,Plein jour,En agglomération,Hors intersection,Normale,Autre collision,2,3,5,0,1,1,1,0,1,30,,2,1,0,0,1,79.0,,,,1,2,1,1,6
202100055441,2021-01-10 22:08:00,2021,1,10,22,8,972,97209,RD 41 (ROCADE),14.6162,-61.05593,Nuit avec éclairage allumé,En agglomération,Hors intersection,Normale,Deux véhicules - côté,3,3,4,0,3,1,1,9,1,60,,2,1,0,0,1,32.0,21.0,,,5,2,1,1,3
202100055442,2021-01-08 16:15:00,2021,1,8,16,15,69,69256,JEAN MOULIN                         (AV),45.78901,4.91439,Plein jour,En agglomération,Intersection en X,Normale,Deux véhicules - côté,4,2,2,0,1,1,1,0,8,50,,2,1,0,1,0,,43.0,,,1,2,2,1,3
202100055443,2021-01-11 12:19:00,2021,1,11,12,19,2B,2B033,11 - RT,42.66698,9.44296,Plein jour,En agglomération,Hors intersection,Normale,Deux véhicules - côté,2,1,2,0,1,1,1,0,1,70,,2,1,0,0,1,58.0,26.0,,,1,2,1,1,3
202100055444,2021-01-09 11:00:00,2021,1,9,11,0,971,97105,PAUL LACAVE (AVENUE ),15.9943625441,-61.7184072733,Plein jour,En agglomération,Intersection en Y,Normale,Autre collision,3,2,2,0,1,1,1,9,4,50,,1,0,1,0,0,74.0,,,,1,2,4,1,6
202100055445,2021-01-11 01:30:00,2021,1,11,1,30,91,91425,RTE D ORLEANS RN 20,48.64045,2.26845,Nuit avec éclairage allumé,En agglomération,Intersection en X,Normale,Deux véhicules - côté,3,3,6,0,2,1,1,0,1,50,,2,0,0,2,0,21.0,24.0,,,5,2,2,1,3
202100055446,2021-01-11 12:45:00,2021,1,11,12,45,91,91345,RTE DE CORBEIL,48.68118,2.31337,Plein jour,En agglomération,Autre intersection,Temps couvert,Deux véhicules - côté,3,2,2,0,4,1,1,0,1,50,,2,1,0,0,1,38.0,35.0,,,1,2,9,8,3
202100055447,2021-01-11 11:10:00,2021,1,11,11,10,91,91201,BD HENRI BARBUSSE,48.68613,2.4087,Plein jour,En agglomération,Intersection en T,Normale,Deux véhicules - côté,3,-1,2,0,1,1,1,0,1,50,,2,1,0,0,1,18.0,43.0,,,1,2,3,1,3
202100055448,2021-01-10 11:50:00,2021,1,10,11,50,91,91421,REPUBLIQUE (AVENUE DE LA),48.70746,2.45458,Plein jour,En agglomération,Hors intersection,Normale,Deux véhicules - frontale,3,2,2,0,1,1,1,0,1,30,,3,2,0,0,1,46.0,39.0,,,1,2,1,1,1
202100055449,2021-01-11 07:30:00,2021,1,11,7,30,91,91286,1ERE ARMEE (AVENUE),48.65234,2.3955,Nuit avec éclairage allumé,En agglomération,Hors intersection,Normale,Autre collision,3,3,2,0,2,1,1,0,1,30,,2,1,0,0,1,33.0,,,,5,2,1,1,6
202100055450,2021-01-10 20:04:00,2021,1,10,20,4,91,91027,AV JEAN PIERRE BENARD,48.71379,2.37644,Nuit avec éclairage allumé,En agglomération,Hors intersection,Normale,Trois véhicules et plus - collisions multiples,3,3,0,0,1,1,1,0,1,50,,3,1,0,0,2,21.0,49.0,,,5,2,1,1,5
202100055451,2021-01-09 18:40:00,2021,1,9,18,40,91,91589,AV CHARLES DE GAULLE,48.678362,2.347066,Nuit avec éclairage allumé,En agglomération,Intersection en T,Normale,Deux véhicules - côté,3,2,2,0,2,1,1,0,1,50,,2,1,0,0,1,20.0,49.0,,,5,2,3,1,3
202100055452,2021-01-10 13:02:00,2021,1,10,13,2,87,87085,DEGAS (RUE),45.85494,1.2676,Plein jour,En agglomération,Intersection en X,Normale,Deux véhicules - côté,4,2,2,0,1,1,1,0,1,50,,3,1,0,1,1,18.0,30.0,,,1,2,2,1,3
202100055453,2021-01-09 15:47:00,2021,1,9,15,47,87,87085,NEXON (RUE DE),45.81098,1.25744,Plein jour,En agglomération,Intersection en X,Normale,Sans collision,3,1,2,0,1,2,1,5,1,50,,2,1,0,0,1,25.0,,,,1,2,2,1,7
202100055454,2021-01-10 04:14:00,2021,1,10,4,14,86,86066,Route de Richelieu,46.844068,0.506111,Nuit sans éclairage public,Hors agglomération,Hors intersection,Autre,Autre collision,3,2,2,0,1,1,7,0,3,80,,1,0,0,1,0,22.0,,,,3,1,1,9,6
202100055455,2021-01-07 18:30:00,2021,1,7,18,30,84,84007,C.De GAULLE (Rocade),43.93511,4.83195,Nuit avec éclairage allumé,En agglomération,Hors intersection,Normale,Trois véhicules et plus - en chaîne,3,3,4,0,1,1,1,0,1,50,,5,3,0,1,1,,23.0,,,5,2,1,1,4
202100055456,2021-01-03 18:19:00,2021,1,3,18,19,84,84007,CHEMIN A L ANGLAISE,43.94877,4.83156,Nuit avec éclairage non allumé,En agglomération,Hors intersection,Normale,Deux véhicules - frontale,4,2,2,0,1,2,1,0,1,50,,2,1,0,1,0,33.0,20.0,,,4,2,1,1,1
202100055457,2021-01-11 13:55:00,2021,1,11,13,55,83,83137,GOURAUD (AVE GENERAL),43.13305,5.91768,Plein jour,En agglomération,Hors intersection,Normale,Deux véhicules - arrière,7,2,1,0,4,1,1,0,1,50,,2,1,0,0,1,83.0,76.0,,,1,2,1,1,2
202100055458,2021-01-10 13:50:00,2021,1,10,13,50,83,83061,AVENUE DE L'AGACHON,43.4352154628,6.7290379107,Plein jour,En agglomération,Hors intersection,Temps couvert,Deux véhicules - côté,3,2,2,0,1,3,2,0,1,50,,2,1,0,1,0,20.0,42.0,,,1,2,1,8,3
202100055459,2021-01-11 21:07:00,2021,1,11,21,7,81,81004,LACOMBE (BD),43.9218921473,2.1381551027,Nuit avec éclairage allumé,En agglomération,Autre intersection,Normale,Deux véhicules - côté,4,2,2,0,1,1,1,0,1,50,,2,1,0,0,1,19.0,25.0,,,5,2,9,1,3
202100055460,2021-01-10 16:40:00,2021,1,10,16,40,80,80021,COMMUNE DE PARIS (AVENUE DE LA),49.9115,2.25402,Plein jour,En agglomération,Intersection en T,Normale,Deux véhicules - côté,3,2,2,0,1,1,1,0,1,50,,2,1,0,0,1,73.0,,,,1,2,3,1,3
202100055461,2021-01-11 19:30:00,2021,1,11,19,30,78,78551,RN 184,48.92203,2.08434,Nuit sans éclairage public,Hors agglomération,Intersection à plus de 4 branches,Normale,Deux véhicules - arrière,2,2,3,0,1,1,1,0,1,70,,2,1,0,0,1,43.0,38.0,,,3,1,5,1,2
202100055462,2021-01-11 08:10:00,2021,1,11,8,10,78,78650,ALSACE (AVENUE D'),48.88788,2.12745,Nuit avec éclairage allumé,En agglomération,Intersection en X,Normale,Deux véhicules - côté,3,2,2,0,1,1,2,5,1,50,,2,1,1,0,0,17.0,54.0,,,5,2,2,1,3
202100055463,2021-01-09 14:30:00,2021,1,9,14,30,77,77276,RD 360,48.92706,2.88135,Plein jour,Hors agglomération,Hors intersection,Normale,Autre collision,3,1,1,0,2,3,1,3,3,50,,2,0,0,2,0,22.0,,,,1,1,1,1,6
202100055464,2021-01-09 19:00:00,2021,1,9,19,0,76,76108,Rue de la Republique,49.47243,1.11227,Nuit avec éclairage allumé,En agglomération,Intersection en X,Normale,Trois véhicules et plus - en chaîne,7,2,3,0,1,1,1,-1,1,50,,3,2,0,1,0,60.0,76.0,,,5,2,2,1,4
202100055465,2021-01-09 15:00:00,2021,1,9,15,0,76,76322,Avenue des Canadiens,49.40204,1.06518,Plein jour,En agglomération,Intersection en X,Normale,Deux véhicules - frontale,7,2,4,3,1,1,1,-1,1,50,,3,1,0,0,2,64.0,49.0,,,1,2,2,1,1
202100055466,2021-01-08 19:20:00,2021,1,8,19,20,76,76351,Boulevard Jules Durand,49.49391,0.17376,Nuit avec éclairage allumé,En agglomération,Hors intersection,Normale,Deux véhicules - côté,3,2,3,0,1,1,2,0,1,50,,3,0,0,0,3,39.0,19.0,,,5,2,1,1,3
202100055467,2021-01-11 09:40:00,2021,1,11,9,40,71,71540,MARQUISE (LA),46.76228,4.49487,Plein jour,Hors agglomération,Hors intersection,Normale,Autre collision,4,2,2,0,1,1,1,0,1,50,,2,1,0,0,1,22.0,,,,1,1,1,1,6
202100055468,2021-01-11 07:50:00,2021,1,11,7,50,69,69264,FERRY JULES (R),45.9832443204,4.7353224311,Plein jour,En agglomération,Hors intersection,Normale,Autre collision,4,2,2,0,1,1,1,0,1,50,,2,1,0,1,0,39.0,,,,1,2,1,1,6
202100055469,2021-01-08 09:10:00,2021,1,8,9,10,68,68066,Avenue de la République,48.076281,7.352092,Plein jour,En agglomération,Intersection en T,Normale,Deux véhicules - côté,4,2,3,3,1,1,1,0,1,50,,2,1,0,1,0,62.0,62.0,,,1,2,3,1,3
202100055470,2021-01-11 23:30:00,2021,1,11,23,30,64,64445,JEAN MERMOZ,43.31254,-0.37743,Nuit avec éclairage allumé,En agglomération,Hors intersection,Normale,Autre collision,4,2,2,0,1,1,2,0,1,50,,3,2,0,0,1,27.0,,,,5,2,1,1,6
202100055471,2021-01-10 03:00:00,2021,1,10,3,0,63,63113,LANDAIS (AVENUE DES),45.7646412865,3.11041551,Nuit avec éclairage allumé,En agglomération,Hors intersection,Normale,Autre collision,7,3,4,0,2,1,1,0,1,50,,3,0,0,0,3,21.0,,,,5,2,1,1,6
202100055472,2021-01-08 20:00:00,2021,1,8,20,0,63,63113,TROIS RESISTANTS (RUE DES),45.79518,3.0768,Nuit avec éclairage non allumé,En agglomération,Hors intersection,Normale,Autre collision,4,2,2,0,1,1,1,0,8,50,,1,0,0,0,1,19.0,,,,4,2,1,1,6
202100055473,2021-01-08 11:28:00,2021,1,8,11,28,63,63113,BLUM (AVENUE LEON),45.7632023748,3.099110989,Plein jour,En agglomération,Intersection en X,Normale,Deux véhicules - côté,7,3,6,0,1,1,2,0,1,50,,2,1,0,0,1,80.0,44.0,,,1,2,2,1,3
202100055474,2021-01-09 21:10:00,2021,1,9,21,10,59,59599,LAFAYETTE ( AVENUE),50.71822,3.16892,Nuit avec éclairage allumé,En agglomération,Hors intersection,Temps couvert,Autre collision,4,3,2,0,1,1,2,0,1,50,,3,2,0,1,0,23.0,,,,5,2,1,8,6
202100055475,2021-01-11 15:45:00,2021,1,11,15,45,59,59378,NATIONALE RUE,50.66553,3.07627,Plein jour,En agglomération,Intersection en T,Normale,Autre collision,7,2,2,0,1,1,1,0,1,50,,2,1,0,0,1,21.0,,,,1,2,3,1,6