accident_id,datetime,annee,mois,jour,heure,minute,departement,commune_insee,adresse,latitude,longitude,luminosite,agglomeration,intersection,meteo,collision,catr,circ,nbv,vosp,prof,plan,surf,infra,situ,vma,nb_vehicules,nb_usagers,nb_indemnes,nb_tues,nb_blesses_hosp,nb_blesses_legers,age_cond_1,age_cond_2,veh_type_cond_1,veh_type_cond_2,lum_code,agg_code,int_code,atm_code,col_code
202100055476,2021-01-07 22:45:00,2021,1,7,22,45,59,59239,ALLIES (BOULEVARD DES),50.42923,3.17329,Nuit avec éclairage non allumé,En agglomération,Hors intersection,Temps couvert,Autre collision,3,2,2,0,1,3,2,0,1,50,,1,0,0,0,1,24.0,,,,4,2,1,8,6
202100055477,2021-01-10 17:40:00,2021,1,10,17,40,54,54357,boulevard de Scarpone,48.70639,6.16203,Nuit avec éclairage allumé,En agglomération,Hors intersection,Normale,Deux véhicules - arrière,4,3,2,3,1,1,1,-1,1,50,,3,2,0,0,1,33.0,28.0,,,5,2,1,1,2
202100055478,2021-01-07 08:00:00,2021,1,7,8,0,54,54257,GRANDE RUE,48.6532205024,6.194447726,Crépuscule ou aube,En agglomération,Hors intersection,Pluie légère,Autre collision,4,2,2,0,1,1,2,0,1,30,,2,1,0,0,1,62.0,,,,2,2,1,2,6
202100055479,2021-01-07 07:50:00,2021,1,7,7,50,54,54257,FLEVILLE (ROUTE DE),48.648099431,6.2087787688,Crépuscule ou aube,En agglomération,Intersection en X,Pluie légère,Autre collision,7,2,3,0,1,1,2,0,1,70,,2,1,0,0,1,64.0,,,,2,2,2,2,6
202100055480,2021-01-10 12:50:00,2021,1,10,12,50,51,51454,Rond-Point des Médaillés Militaires,49.2287358606,4.0371171469,Plein jour,En agglomération,Giratoire,Normale,Deux véhicules - côté,3,1,3,1,1,1,1,0,1,50,,2,1,0,1,0,63.0,42.0,,,1,2,6,1,3
202100055481,2021-01-11 11:09:00,2021,1,11,11,9,49,49007,MOULIN BOULEVARD,47.49206,-0.55097,Plein jour,En agglomération,Giratoire,Normale,Sans collision,4,-1,2,0,1,1,1,0,1,50,,2,0,0,0,2,24.0,,,,1,2,6,1,7
202100055482,2021-01-11 08:11:00,2021,1,11,8,11,49,49007,FAURE QUAI,47.48003,-0.55123,Crépuscule ou aube,En agglomération,Hors intersection,Normale,Sans collision,4,-1,2,0,1,1,1,0,1,30,,1,0,0,0,1,26.0,,,,2,2,1,1,7
202100055483,2021-01-10 08:20:00,2021,1,10,8,20,49,49007,RAMON BOULEVARD,47.48675,-0.53942,Crépuscule ou aube,En agglomération,Hors intersection,Normale,Sans collision,4,-1,2,0,1,1,1,0,1,50,,1,0,0,0,1,22.0,,,,2,2,1,1,7
202100055484,2021-01-11 18:55:00,2021,1,11,18,55,44,44162,RUE DE SAINT NAZAIRE,47.211556,-1.615345,Nuit avec éclairage allumé,En agglomération,Hors intersection,Normale,Autre collision,4,2,2,1,2,1,1,0,1,50,,2,1,0,0,1,46.0,43.0,,,5,2,1,1,6
202100055485,2021-01-11 18:06:00,2021,1,11,18,6,44,44109,RUE JACQUES DUCLOS,47.24093,-1.54061,Nuit avec éclairage allumé,En agglomération,Hors intersection,Normale,Trois véhicules et plus - en chaîne,4,2,2,2,1,1,1,0,1,50,,3,1,0,0,2,25.0,,,,5,2,1,1,4
202100055486,2021-01-10 04:45:00,2021,1,10,4,45,44,44109,RUE ANATOLE DE MONZIE,47.20505,-1.53848,Nuit avec éclairage allumé,En agglomération,Hors intersection,Normale,Autre collision,4,2,2,2,1,1,1,1,8,30,,3,1,0,0,2,33.0,,,,5,2,1,1,6
202100055487,2021-01-10 00:01:00,2021,1,10,0,1,38,38185,N481,45.19395,5.71801,Nuit avec éclairage allumé,En agglomération,Autre intersection,Normale,Deux véhicules - frontale,2,3,4,0,1,3,1,0,6,50,,3,1,0,0,2,29.0,33.0,,,5,2,9,1,1
202100055488,2021-01-10 19:59:00,2021,1,10,19,59,37,37261,MARECHAL JUIN (BD),47.4050126828,0.7028739453,Nuit avec éclairage allumé,En agglomération,Hors intersection,Normale,Autre collision,4,2,4,3,2,1,1,0,1,50,,5,4,0,0,1,73.0,36.0,,,5,2,1,1,6
202100055489,2021-01-10 17:41:00,2021,1,10,17,41,37,37261,VAILLANT (RUE EDOUARD),47.3894259599,0.6951878071,Nuit avec éclairage allumé,En agglomération,Hors intersection,Normale,Deux véhicules - côté,4,2,2,1,1,1,1,0,1,50,,3,2,0,0,1,20.0,47.0,,,5,2,1,1,3
202100055490,2021-01-10 11:00:00,2021,1,10,11,0,37,37261,SEBASTOPOL (RUE),47.3874575015,0.6849817336,Plein jour,En agglomération,Intersection en X,Normale,Autre collision,4,1,1,0,1,1,1,0,1,50,,2,1,0,0,1,38.0,55.0,,,1,2,2,1,6
202100055491,2021-01-11 17:30:00,2021,1,11,17,30,35,35238,RN136,48.08292,-1.69785,Crépuscule ou aube,Hors agglomération,Hors intersection,Normale,Deux véhicules - arrière,2,3,4,0,1,1,1,0,1,90,,2,1,0,0,1,25.0,24.0,,,2,1,1,1,2
202100055492,2021-01-11 09:10:00,2021,1,11,9,10,35,35206,PORTE DE BREQUIGNY,48.0797,-1.68506,Plein jour,Hors agglomération,Hors intersection,Temps couvert,Trois véhicules et plus - en chaîne,2,3,4,0,1,1,1,0,1,90,,3,1,0,0,2,34.0,54.0,,,1,1,1,8,4
202100055493,2021-01-11 07:00:00,2021,1,11,7,0,33,33550,Rue Pierre-Joseph Proudhon,44.78494,-0.5862,Nuit avec éclairage allumé,En agglomération,Giratoire,Normale,Deux véhicules - côté,4,1,2,0,1,2,1,0,1,50,,2,1,0,0,1,21.0,22.0,,,5,2,6,1,3
202100055494,2021-01-10 20:55:00,2021,1,10,20,55,33,33063,Rue Theresia Cabarrus,44.8229937357,-0.5954100027,Nuit avec éclairage allumé,En agglomération,Intersection en X,Normale,Deux véhicules - côté,4,1,1,0,1,1,1,0,1,30,,2,1,0,1,0,38.0,24.0,,,5,2,2,1,3
202100055495,2021-01-10 16:45:00,2021,1,10,16,45,33,33522,Rue Clément Thomas,44.801421,-0.580979,Plein jour,En agglomération,Intersection en X,Normale,Deux véhicules - côté,4,2,2,0,1,1,1,0,1,50,,4,0,0,0,4,36.0,26.0,,,1,2,2,1,3
202100055496,2021-01-11 08:13:00,2021,1,11,8,13,31,31555,Route d’Espagne,43.55052,1.42097,Crépuscule ou aube,En agglomération,Hors intersection,Temps couvert,Autre collision,7,3,4,0,1,1,1,0,1,50,,2,1,0,0,1,41.0,,,,2,2,1,8,6
202100055497,2021-01-08 09:10:00,2021,1,8,9,10,31,31555,14 Allées Charles de Fitte,43.59408,1.43374,Plein jour,En agglomération,Hors intersection,Normale,Deux véhicules - arrière,4,3,4,0,1,1,1,0,1,50,,2,1,0,0,1,46.0,56.0,,,1,2,1,1,2
202100055498,2021-01-10 19:10:00,2021,1,10,19,10,30,30189,GAMBETTA (BD),43.84021,4.36272,Nuit avec éclairage allumé,En agglomération,Intersection en T,Normale,Autre collision,4,2,1,0,1,1,1,0,8,50,,3,2,0,0,1,37.0,,,,5,2,3,1,6
202100055499,2021-01-09 16:03:00,2021,1,9,16,3,29,29232,Boulevard President Allende,48.0033412771,-4.0838134289,Plein jour,En agglomération,Giratoire,Normale,Trois véhicules et plus - en chaîne,3,3,4,0,1,1,1,0,1,70,,11,10,0,0,1,34.0,39.0,,,1,2,6,1,4
202100055500,2021-01-10 19:30:00,2021,1,10,19,30,29,29019,Rue Théodore Botrel,48.4070892,-4.5016359,Nuit avec éclairage allumé,En agglomération,Intersection en X,Normale,Deux véhicules - frontale,4,2,2,0,1,1,1,0,1,50,,2,1,0,0,1,41.0,20.0,,,5,2,2,1,1
202100055501,2021-01-07 14:10:00,2021,1,7,14,10,22,22360,SEGUIN (RUE MARC),48.4897676714,-2.7234594564,Plein jour,En agglomération,Hors intersection,Normale,Trois véhicules et plus - en chaîne,4,2,2,0,1,1,1,0,1,50,,6,4,0,0,2,62.0,53.0,,,1,2,1,1,4
202100055502,2021-01-11 18:17:00,2021,1,11,18,17,17,17300,SARTRE   AVENUE JEAN-PAUL,46.1549,-1.13586,Nuit avec éclairage allumé,En agglomération,Intersection en X,Normale,Deux véhicules - arrière,4,2,4,0,1,1,1,0,1,50,,2,1,0,0,1,,45.0,,,5,2,2,1,2
202100055503,2021-01-11 16:33:00,2021,1,11,16,33,13,13203,STRASBOURG (BOULEVARD),43.30751,5.37579,Plein jour,En agglomération,Intersection en X,Normale,Deux véhicules - frontale,4,1,1,0,2,1,1,0,1,50,,2,1,0,1,0,28.0,52.0,,,1,2,2,1,1
202100055504,2021-01-11 06:40:00,2021,1,11,6,40,13,13209,MARÉCHAL DE LATTRE (AVENUE),43.246,5.41962,Nuit avec éclairage allumé,En agglomération,Intersection en Y,Normale,Deux véhicules - frontale,4,3,1,0,2,1,1,0,1,50,,2,1,0,0,1,37.0,78.0,,,5,2,4,1,1
202100055505,2021-01-10 17:30:00,2021,1,10,17,30,13,13209,AVIATEUR LE BRIX (RUE),43.26218,5.40427,Plein jour,En agglomération,Hors intersection,Temps couvert,Deux véhicules - côté,4,2,4,0,1,1,2,0,1,50,,5,1,0,0,4,65.0,26.0,,,1,2,1,8,3
202100055506,2021-01-10 18:30:00,2021,1,10,18,30,13,13211,JEAN LOMBARD (AVENUE),43.28896,5.43228,Nuit avec éclairage allumé,En agglomération,Hors intersection,Normale,Deux véhicules - frontale,4,3,2,0,1,1,1,0,1,50,,3,1,0,0,2,20.0,53.0,,,5,2,1,1,1
202100055507,2021-01-10 13:15:00,2021,1,10,13,15,13,13216,HENRI BARNIER (BOULEVARD),43.3675202158,5.3438669443,Plein jour,En agglomération,Hors intersection,Autre,Deux véhicules - côté,7,2,2,0,2,1,2,0,1,50,,3,1,0,1,1,35.0,24.0,,,1,2,1,9,3
202100055508,2021-01-10 04:00:00,2021,1,10,4,0,13,13203,BD FERDINAND DE LESSEPS,43.3202069373,5.3717658942,Nuit avec éclairage allumé,En agglomération,Autre intersection,Normale,Autre collision,4,1,1,0,1,1,1,9,1,50,,1,0,0,0,1,32.0,,,,5,2,9,1,6
202100055509,2021-01-09 18:05:00,2021,1,9,18,5,13,13216,ESTAQUE PLAGE,43.36051,5.298966,Plein jour,En agglomération,Hors intersection,Normale,Deux véhicules - frontale,7,2,2,0,1,2,2,0,1,50,,2,1,0,1,0,35.0,42.0,,,1,2,1,1,1
202100055510,2021-01-09 00:00:00,2021,1,9,0,0,13,13204,BOISSON (BOULEVARD),43.299915,5.403902,Nuit avec éclairage allumé,En agglomération,Hors intersection,Normale,Deux véhicules - côté,4,1,1,0,1,1,1,0,1,50,,2,0,0,0,2,22.0,35.0,,,5,2,1,1,3
202100055511,2021-01-11 04:10:00,2021,1,11,4,10,13,13005,NATIONALE 8 DE PARIS A TOULON (ROUTE),43.28386,5.59364,Nuit avec éclairage allumé,En agglomération,Giratoire,Temps couvert,Deux véhicules - arrière,7,1,2,0,1,1,2,5,1,50,,3,0,0,0,3,41.0,21.0,,,5,2,6,8,2
202100055512,2021-01-08 15:06:00,2021,1,8,15,6,11,11069,GAMBETTA SQUARE -IMPAIR-,43.21192,2.3557,Plein jour,En agglomération,Autre intersection,Normale,Sans collision,3,1,2,0,1,3,1,0,1,50,,3,2,0,0,1,23.0,,,,1,2,9,1,7
202100055513,2021-01-10 18:30:00,2021,1,10,18,30,06,06069,MIMOSAS (TRAVERSE DES),43.66253,6.92278,Nuit avec éclairage allumé,En agglomération,Hors intersection,Temps couvert,Sans collision,9,-1,0,0,2,1,1,6,8,10,,1,0,0,0,1,42.0,,,,5,2,1,8,7
202100055514,2021-01-10 12:50:00,2021,1,10,12,50,05,05061,RN 85,44.60094,6.0794,Plein jour,Hors agglomération,Hors intersection,Autre,Deux véhicules - arrière,2,2,2,0,2,2,7,0,1,80,,2,1,0,0,1,35.0,65.0,,,1,1,1,9,2
202100055515,2021-01-11 19:50:00,2021,1,11,19,50,02,02408,GAMBETTA (AVENUE),49.566386,3.627712,Nuit avec éclairage allumé,En agglomération,Hors intersection,Autre,Autre collision,4,-1,2,0,2,1,2,0,1,30,,2,0,0,0,2,42.0,,,,5,2,1,9,6
202100055516,2021-01-11 17:50:00,2021,1,11,17,50,75,75118,PORTE DE LA CHAPELLE,48.901076,2.345273,Nuit avec éclairage allumé,En agglomération,Hors intersection,Normale,Trois véhicules et plus - collisions multiples,4,-1,4,0,1,1,1,0,1,70,,3,2,0,0,1,44.0,47.0,,,5,2,1,1,5
202100055517,2021-01-09 14:35:00,2021,1,9,14,35,75,75117,PORTE D ASNIERES,48.891988,2.301459,Plein jour,En agglomération,Hors intersection,Normale,Deux véhicules - arrière,4,1,4,0,1,1,1,0,1,70,,2,1,0,0,1,21.0,60.0,,,1,2,1,1,2
202100055518,2021-01-11 15:30:00,2021,1,11,15,30,75,75119,AVENUE SIMON BOLIVAR,48.873936,2.385394,Plein jour,En agglomération,Intersection à plus de 4 branches,Normale,Autre collision,4,2,1,3,1,1,1,8,1,30,,2,1,0,0,1,46.0,,,,1,2,5,1,6
202100055519,2021-01-11 17:40:00,2021,1,11,17,40,75,75119,BOULEVARD D ALGERIE,48.882256,2.400405,Nuit avec éclairage allumé,En agglomération,Hors intersection,Normale,Autre collision,4,2,4,0,1,1,2,0,4,50,,2,1,0,0,1,29.0,,,,5,2,1,1,6
202100055520,2021-01-11 18:15:00,2021,1,11,18,15,75,75119,AVENUE DE FLANDRE,48.889846,2.37596,Nuit avec éclairage allumé,En agglomération,Intersection en T,Temps couvert,Deux véhicules - côté,4,1,2,3,1,1,1,-1,6,50,,2,1,0,0,1,25.0,62.0,,,5,2,3,8,3
202100055521,2021-01-11 14:44:00,2021,1,11,14,44,75,75119,BOULEVARD MACDONALD,48.897615,2.38814,Plein jour,En agglomération,Intersection en T,Normale,Deux véhicules - côté,4,2,3,0,1,1,1,0,1,50,,2,1,0,0,1,51.0,18.0,,,1,2,3,1,3
202100055522,2021-01-10 19:45:00,2021,1,10,19,45,75,75119,AVENUE DE FLANDRE,48.887587,2.373194,Nuit avec éclairage allumé,En agglomération,Hors intersection,Normale,Deux véhicules - arrière,4,1,2,0,1,1,1,0,1,50,,2,1,0,0,1,,39.0,,,5,2,1,1,2
202100055523,2021-01-11 15:40:00,2021,1,11,15,40,75,75117,RUE DE SAUSSURE,48.888582,2.30944,Plein jour,En agglomération,Intersection en T,Temps couvert,Autre collision,4,1,1,0,1,2,1,0,1,30,,2,1,0,0,1,74.0,,,,1,2,3,8,6
202100055524,2021-01-11 12:15:00,2021,1,11,12,15,75,75117,AVENUE DE VILLIERS,48.88382,2.304769,Plein jour,En agglomération,Intersection à plus de 4 branches,Normale,Deux véhicules - côté,4,2,2,0,1,1,1,0,1,50,,2,1,0,0,1,37.0,,,,1,2,5,1,3
202100055525,2021-01-09 10:50:00,2021,1,9,10,50,75,75115,RUE FREMICOURT,48.8473545729,2.2977308389,Plein jour,En agglomération,Intersection en X,Normale,Autre collision,4,2,2,0,1,1,1,8,1,50,,2,1,0,0,1,49.0,,,,1,2,2,1,6
202100055526,2021-01-08 21:30:00,2021,1,8,21,30,75,75115,RUE DU COLONEL PIERRE AVIA,48.830257,2.276165,Nuit avec éclairage allumé,En agglomération,Hors intersection,Normale,Autre collision,4,1,1,0,1,1,1,0,4,50,,1,0,0,1,0,21.0,,,,5,2,1,1,6
202100055527,2021-01-10 21:20:00,2021,1,10,21,20,75,75113,AVENUE DE LA PORTE DE VITRY,48.824038,2.377006,Nuit avec éclairage allumé,En agglomération,Intersection en X,Normale,Deux véhicules - côté,4,2,2,0,1,1,1,0,1,50,,2,1,0,0,1,44.0,,,,5,2,2,1,3
202100055528,2021-01-11 14:05:00,2021,1,11,14,5,75,75111,RUE JEAN PIERRE TIMBAUD,48.867656,2.37728,Plein jour,En agglomération,Intersection en X,Normale,Autre collision,4,1,1,0,1,1,1,0,1,30,,1,0,0,0,1,44.0,,,,1,2,2,1,6
202100055529,2021-01-10 19:50:00,2021,1,10,19,50,75,75111,AVENUE LEDRU ROLLIN,48.8545127779,2.3780304193,Nuit avec éclairage allumé,En agglomération,Intersection en Y,Normale,Autre collision,4,2,2,0,1,1,1,0,1,50,,2,0,0,0,2,22.0,,,,5,2,4,1,6
202100055530,2021-01-11 10:20:00,2021,1,11,10,20,75,75110,RUE DU FAUBOURG SAINT DENIS,48.879328,2.357094,Plein jour,En agglomération,Intersection en X,Temps couvert,Deux véhicules - côté,4,2,4,1,2,1,1,-1,5,50,,2,1,0,0,1,36.0,26.0,,,1,2,2,8,3
202100055531,2021-01-10 19:30:00,2021,1,10,19,30,75,75109,BOULEVARD HAUSSMANN,48.873464,2.329355,Nuit avec éclairage allumé,En agglomération,Hors intersection,Normale,Deux véhicules - arrière,4,1,2,0,1,1,1,0,1,50,,2,1,0,0,1,21.0,68.0,,,5,2,1,1,2
202100055532,2021-01-11 12:00:00,2021,1,11,12,0,75,75108,PLACE DE LA CONCORDE,48.864361,2.320338,Plein jour,En agglomération,Place,Normale,Sans collision,4,1,4,1,1,1,1,-1,5,50,,1,0,0,0,1,83.0,,,,1,2,7,1,7
202100055533,2021-01-11 11:25:00,2021,1,11,11,25,75,75117,AVENUE DE WAGRAM,48.882039,2.301056,Plein jour,En agglomération,Intersection en Y,Temps couvert,Deux véhicules - côté,4,2,2,0,1,1,1,0,1,50,,2,1,0,0,1,36.0,23.0,,,1,2,4,8,3
202100055534,2021-01-11 08:20:00,2021,1,11,8,20,75,75108,RUE ARSENE HOUSSAYE,48.874793,2.299932,Crépuscule ou aube,En agglomération,Hors intersection,Normale,Autre collision,4,1,1,0,1,1,1,0,1,50,,1,0,0,0,1,48.0,,,,2,2,1,1,6
202100055535,2021-01-11 17:42:00,2021,1,11,17,42,75,75107,QUAI D ORSAY,48.862832,2.313455,Crépuscule ou aube,En agglomération,Intersection en X,Normale,Sans collision,4,2,2,1,1,1,1,-1,5,50,,1,0,0,0,1,52.0,,,,2,2,2,1,7
202100055536,2021-01-10 15:15:00,2021,1,10,15,15,75,75101,BOULEVARD DE SEBASTOPOL,48.8595394521,2.3487913769,Plein jour,En agglomération,Intersection en X,Normale,Autre collision,4,1,5,0,1,1,1,0,1,50,,2,1,0,0,1,48.0,,,,1,2,2,1,6
202100055537,2021-01-10 14:45:00,2021,1,10,14,45,75,75102,BOULEVARD DE SEBASTOPOL,48.8678978388,2.3534517387,Plein jour,En agglomération,Intersection en T,Normale,Autre collision,4,2,5,2,1,1,1,0,4,50,,1,0,0,0,1,22.0,,,,1,2,3,1,6
202100055538,2021-01-11 19:15:00,2021,1,11,19,15,94,94080,FRANCE (R DE),48.84802,2.44642,Nuit avec éclairage allumé,En agglomération,Hors intersection,Normale,Autre collision,4,1,1,2,1,1,1,9,4,50,,2,1,0,0,1,66.0,,,,5,2,1,1,6
202100055539,2021-01-11 13:10:00,2021,1,11,13,10,94,94046,EUGENE RENAULT (R),48.81481,2.41735,Plein jour,En agglomération,Hors intersection,Normale,Sans collision,3,2,4,0,1,1,2,0,1,50,,1,0,0,0,1,43.0,,,,1,2,1,1,7
202100055540,2021-01-10 20:26:00,2021,1,10,20,26,94,94046,EUGENE RENAULT - CAR DE LA RESISTANCE (R,48.815273,2.420248,Nuit avec éclairage allumé,En agglomération,Hors intersection,Normale,Sans collision,3,2,2,0,1,1,1,5,1,50,,1,0,0,0,1,24.0,,,,5,2,1,1,7
202100055541,2021-01-10 19:10:00,2021,1,10,19,10,94,94033,LOUISON BOBET (AV),48.85236,2.48898,Nuit avec éclairage allumé,En agglomération,Intersection en X,Normale,Deux véhicules - côté,1,1,2,0,2,1,1,3,1,50,,2,1,0,0,1,39.0,35.0,,,5,2,2,1,3
202100055542,2021-01-09 22:41:00,2021,1,9,22,41,94,94028,HALPERN.(AVENUE BERNARD),48.789214,2.451538,Nuit avec éclairage allumé,En agglomération,Hors intersection,Normale,Autre collision,3,1,3,0,1,1,1,0,1,70,,2,0,0,0,2,29.0,,,,5,2,1,1,6
202100055543,2021-01-10 20:24:00,2021,1,10,20,24,94,94022,MARECHAL DE LATTRE DE TASSIGNY (AV),48.75788,2.40423,Nuit avec éclairage allumé,En agglomération,Intersection en X,Normale,Deux véhicules - côté,4,2,4,0,1,1,1,0,1,50,,3,2,0,0,1,21.0,21.0,,,5,2,2,1,3
202100055544,2021-01-11 15:10:00,2021,1,11,15,10,94,94019,LIBERATION - CAR DE PINCE-VENT (AV DE LA,48.79993,2.543609,Plein jour,En agglomération,Hors intersection,Normale,Autre collision,3,-1,0,0,1,1,1,6,4,50,,2,1,0,0,1,73.0,,,,1,2,1,1,6
202100055545,2021-01-11 21:00:00,2021,1,11,21,0,94,94017,ALEXANDRE FOURNY (R),48.81932,2.51471,Nuit avec éclairage allumé,En agglomération,Intersection en X,Normale,Deux véhicules - côté,4,2,2,0,2,1,1,0,1,50,,2,1,0,0,1,21.0,25.0,,,5,2,2,1,3
202100055546,2021-01-11 08:05:00,2021,1,11,8,5,94,94017,MARX DORMOY (AV),48.8063,2.53004,Nuit avec éclairage allumé,En agglomération,Intersection en T,Normale,Autre collision,3,-1,3,0,1,1,2,0,1,50,,2,1,0,0,1,19.0,44.0,,,5,2,3,1,6
202100055547,2021-01-11 21:35:00,2021,1,11,21,35,93,93078,BALLANGER (BD ROBERT),48.95405,2.53396,Nuit avec éclairage allumé,En agglomération,Hors intersection,Normale,Deux véhicules - côté,3,2,2,0,1,1,1,0,1,50,,2,1,0,0,1,24.0,,,,5,2,1,1,3
202100055548,2021-01-11 18:35:00,2021,1,11,18,35,93,93071,HENRI DUNANT (AVENUE),48.9379252906,2.5225627665,Nuit avec éclairage allumé,En agglomération,Hors intersection,Normale,Autre collision,4,2,0,0,1,1,1,0,1,50,,2,1,0,0,1,53.0,,,,5,2,1,1,6
202100055549,2021-01-11 17:45:00,2021,1,11,17,45,93,93066,LIBERTE,48.9438238592,2.3654882569,Nuit avec éclairage allumé,En agglomération,Autre intersection,Normale,Deux véhicules - côté,4,2,2,0,1,1,1,0,1,50,,3,2,0,0,1,17.0,19.0,,,5,2,9,1,3
202100055550,2021-01-11 16:30:00,2021,1,11,16,30,93,93062,EST (BOULEVARD DE L'),48.8988,2.52673,Plein jour,En agglomération,Intersection en Y,Normale,Deux véhicules - côté,4,2,1,0,1,1,1,0,1,50,,2,1,0,0,1,23.0,33.0,,,1,2,4,1,3
202100055551,2021-01-11 14:30:00,2021,1,11,14,30,93,93033,RESISTANCE (BOULEVARD),48.8581,2.57151,Plein jour,En agglomération,Intersection en X,Temps couvert,Deux véhicules - côté,4,2,2,0,2,1,1,0,1,50,,2,1,0,0,1,33.0,38.0,,,1,2,2,8,3
202100055552,2021-01-10 13:33:00,2021,1,10,13,33,93,93001,JEAN JAURES  (AVE)  157 A 213,48.9096372127,2.3984156517,Plein jour,En agglomération,Hors intersection,Normale,Deux véhicules - côté,3,2,2,1,1,1,1,0,5,30,,2,1,0,0,1,32.0,,,,1,2,1,1,3
202100055553,2021-01-10 02:20:00,2021,1,10,2,20,92,92046,PIERRE BROSSOLETTE (AVENUE),48.8162046022,2.3057919675,Nuit avec éclairage allumé,En agglomération,Intersection en X,Normale,Autre collision,3,2,2,1,1,1,1,0,1,50,,2,1,0,1,0,28.0,,,,5,2,2,1,6
202100055554,2021-01-09 14:26:00,2021,1,9,14,26,92,92063,GALLIENI (RUE),48.86829,2.20366,Plein jour,En agglomération,Intersection en T,Normale,Deux véhicules - côté,4,3,2,2,1,1,1,0,1,50,,2,1,0,0,1,70.0,26.0,,,1,2,3,1,3
202100055555,2021-01-05 17:00:00,2021,1,5,17,0,92,92063,FOUILLEUSE (AVENUE DE),48.86145,2.19968,Nuit avec éclairage allumé,En agglomération,Intersection en T,Normale,Autre collision,4,2,2,0,1,1,1,0,1,50,,2,1,0,0,1,32.0,,,,5,2,3,1,6
202100055556,2021-01-11 18:35:00,2021,1,11,18,35,92,92040,ROUGET DE L'ISLE,48.8288397902,2.2645568848,Nuit avec éclairage allumé,En agglomération,Hors intersection,Normale,Sans collision,3,-1,2,3,1,1,1,0,1,30,,1,0,0,0,1,23.0,,,,5,2,1,1,7
202100055557,2021-01-10 13:50:00,2021,1,10,13,50,92,92036,BASSIN N°6 (ROUTE DU),48.948245339,2.2822008218,Plein jour,En agglomération,Hors intersection,Normale,Autre collision,4,2,2,0,1,1,1,0,1,50,,1,0,0,0,1,77.0,,,,1,2,1,1,6
202100055558,2021-01-10 19:30:00,2021,1,10,19,30,92,92023,SCHNEIDER (AVENUE),48.8067525247,2.2544735672,Nuit avec éclairage allumé,En agglomération,Autre intersection,Temps couvert,Deux véhicules - côté,4,2,2,0,1,1,2,9,1,50,,2,1,0,0,1,35.0,,,,5,2,9,8,3
202100055559,2021-01-11 17:55:00,2021,1,11,17,55,34,34225,Rue Georges Pujol,43.3667547758,3.0431251748,Nuit avec éclairage allumé,En agglomération,Hors intersection,Normale,Deux véhicules - frontale,4,2,2,0,1,1,1,0,1,50,,2,1,0,0,1,42.0,17.0,,,5,2,1,1,1
202100055560,2021-01-12 07:30:00,2021,1,12,7,30,24,24442,D 6089,45.10385,0.492926,Nuit sans éclairage public,Hors agglomération,Hors intersection,Autre,Deux véhicules - côté,3,2,1,0,4,3,7,0,1,80,,2,1,1,0,0,42.0,27.0,,,3,1,1,9,3
202100055561,2021-01-11 16:35:00,2021,1,11,16,35,84,84088,D31,43.977244,5.017716,Plein jour,Hors agglomération,Hors intersection,Normale,Deux véhicules - frontale,3,2,2,0,1,3,1,0,1,80,,3,1,1,1,0,27.0,31.0,,,1,1,1,1,1
202100055562,2021-01-06 17:55:00,2021,1,6,17,55,40,40036,D810,43.618924,-1.39079,Crépuscule ou aube,Hors agglomération,Intersection en T,Normale,Deux véhicules - côté,3,2,3,0,1,1,1,0,1,-1,,2,1,0,1,0,69.0,57.0,,,2,1,3,1,3
202100055563,2021-01-10 18:00:00,2021,1,10,18,0,974,97422,Rue du Docteur Charriéres,-21.258939,55.5111,Crépuscule ou aube,En agglomération,Hors intersection,Normale,Deux véhicules - frontale,4,2,2,0,2,1,1,0,1,50,,2,1,0,0,1,17.0,38.0,,,2,2,1,1,1
202100055564,2021-01-11 12:50:00,2021,1,11,12,50,972,97232,Petite Grenade,14.558392,-60.84765,Plein jour,Hors agglomération,Hors intersection,Normale,Deux véhicules - frontale,2,2,2,0,2,1,1,0,1,80,,4,0,0,1,3,23.0,21.0,,,1,1,1,1,1
202100055565,2021-01-12 04:50:00,2021,1,12,4,50,52,52163,A31 PK132+000,47.95255574,5.4335600145,Nuit sans éclairage public,Hors agglomération,Hors intersection,Pluie légère,Autre collision,1,3,4,0,1,2,7,0,3,130,,2,1,0,0,1,31.0,,,,3,1,1,2,6
202100055566,2021-01-04 18:20:00,2021,1,4,18,20,54,54212,RD173,49.491866,5.649612,Nuit avec éclairage allumé,En agglomération,Intersection en X,Normale,Deux véhicules - côté,3,2,2,0,2,1,1,0,1,50,,2,1,0,1,0,16.0,30.0,,,5,2,2,1,3
202100055567,2021-01-10 09:10:00,2021,1,10,9,10,22,22225,RN 12 PR 084+000,48.5436362083,-3.0834104325,Plein jour,Hors agglomération,Hors intersection,Normale,Trois véhicules et plus - en chaîne,2,3,4,0,3,1,2,0,1,110,,3,1,0,0,2,37.0,25.0,,,1,1,1,1,4
202100055568,2021-01-11 05:30:00,2021,1,11,5,30,971,97132,RN1,15.997708,-61.669317,Nuit sans éclairage public,Hors agglomération,Hors intersection,Normale,Deux véhicules - côté,2,2,3,0,3,1,1,2,1,80,,2,1,1,0,0,31.0,39.0,,,3,1,1,1,3
202100055569,2021-01-11 17:35:00,2021,1,11,17,35,42,42271,Route de Saint-Paul,45.492608,4.567856,Nuit avec éclairage allumé,En agglomération,Hors intersection,Normale,Deux véhicules - frontale,7,2,2,0,2,1,1,0,1,50,,3,1,0,0,2,39.0,36.0,,,5,2,1,1,1