accident_id,datetime,annee,mois,jour,heure,minute,departement,commune_insee,adresse,latitude,longitude,luminosite,agglomeration,intersection,meteo,collision,catr,circ,nbv,vosp,prof,plan,surf,infra,situ,vma,nb_vehicules,nb_usagers,nb_indemnes,nb_tues,nb_blesses_hosp,nb_blesses_legers,age_cond_1,age_cond_2,veh_type_cond_1,veh_type_cond_2,lum_code,agg_code,int_code,atm_code,col_code
202100055570,2021-01-09 20:50:00,2021,1,9,20,50,72,72058,Bois Martin,47.966404,0.275238,Nuit sans éclairage public,Hors agglomération,Hors intersection,Normale,Autre collision,3,2,2,0,1,1,1,0,1,80,,1,0,0,0,1,27.0,,,,3,1,1,1,6
202100055571,2021-01-08 14:55:00,2021,1,8,14,55,22,22020,38 Rue de Brondineuf,48.313081,-2.264015,Plein jour,En agglomération,Intersection en T,Normale,Sans collision,3,2,2,0,1,1,1,0,1,50,,1,0,0,0,1,23.0,,,,1,2,3,1,7
202100055572,2021-01-12 18:53:00,2021,1,12,18,53,31,31588,Vieux Chemin de Muret,43.518674,1.34362,Nuit avec éclairage allumé,En agglomération,Hors intersection,Normale,Deux véhicules - frontale,4,2,2,0,1,1,1,0,1,50,,2,1,0,1,0,17.0,46.0,,,5,2,1,1,1
202100055573,2021-01-12 07:30:00,2021,1,12,7,30,57,57154,Rue de Niedervisse,49.194427,6.58566,Nuit sans éclairage public,Hors agglomération,Autre intersection,Neige / grêle,Sans collision,4,2,2,0,1,3,5,0,1,80,,1,0,0,1,0,34.0,,,,3,1,9,4,7
202100055574,2021-01-09 16:35:00,2021,1,9,16,35,57,57749,D918,49.297619,6.586261,Plein jour,Hors agglomération,Intersection en T,Normale,Sans collision,3,3,2,0,1,1,1,0,1,80,,1,0,0,1,0,60.0,,,,1,1,3,1,7
202100055575,2021-01-02 09:35:00,2021,1,2,9,35,51,51019,Rue de la Charme,49.208065,4.424433,Plein jour,Hors agglomération,Hors intersection,Temps couvert,Sans collision,4,2,2,0,1,1,7,0,1,70,,1,0,0,0,1,35.0,,,,1,1,1,8,7
202100055576,2021-01-11 12:00:00,2021,1,11,12,0,51,51092,D39,48.7580325498,3.7604682366,Plein jour,En agglomération,Hors intersection,Normale,Deux véhicules - côté,3,2,2,0,1,3,7,0,1,-1,,2,1,0,1,0,48.0,22.0,,,1,2,1,1,3
202100055577,2021-01-12 14:30:00,2021,1,12,14,30,19,19091,Lieu-dit Bonnefont,45.1069394332,2.0093620187,Plein jour,Hors agglomération,Hors intersection,Neige / grêle,Deux véhicules - côté,3,3,2,0,3,3,5,0,1,90,,2,0,1,0,1,48.0,60.0,,,1,1,1,4,3
202100055578,2021-01-11 18:15:00,2021,1,11,18,15,56,56242,Mané Derves,48.099513,-3.16819,Nuit sans éclairage public,Hors agglomération,Hors intersection,Pluie légère,Autre collision,3,2,2,0,2,1,2,2,1,80,,1,0,0,1,0,47.0,,,,3,1,1,2,6
202100055579,2021-01-11 15:30:00,2021,1,11,15,30,59,59089,route de granveline,50.86622,2.348622,Plein jour,En agglomération,Giratoire,Normale,Autre collision,3,2,1,0,1,4,1,0,3,50,,2,1,1,0,0,42.0,,,,1,2,6,1,6
202100055580,2021-01-11 14:10:00,2021,1,11,14,10,74,74074,D1206,46.118956,5.918863,Plein jour,Hors agglomération,Hors intersection,Normale,Sans collision,3,-1,3,0,1,3,1,0,1,80,,1,0,0,1,0,42.0,,,,1,1,1,1,7
202100055581,2021-01-11 17:45:00,2021,1,11,17,45,74,74282,DaudensThorens glieres,46.038357,6.245255,Nuit avec éclairage allumé,Hors agglomération,Hors intersection,Normale,Deux véhicules - frontale,3,2,2,0,1,3,2,0,1,80,,3,1,0,0,2,36.0,53.0,,,5,1,1,1,1
202100055582,2021-01-11 09:30:00,2021,1,11,9,30,79,79064,,46.20324,-0.094285,Plein jour,Hors agglomération,Hors intersection,Autre,Autre collision,3,2,2,0,2,2,7,0,3,80,,1,0,0,1,0,69.0,,,,1,1,1,9,6
202100055583,2021-01-09 11:10:00,2021,1,9,11,10,33,33515,D139,44.6906955166,-0.2992850346,Plein jour,Hors agglomération,Intersection en T,Normale,Deux véhicules - frontale,3,2,2,0,1,3,1,0,1,80,,5,1,0,0,4,44.0,26.0,,,1,1,3,1,1
202100055584,2021-01-09 19:45:00,2021,1,9,19,45,61,61414,route d'alencon,48.526809,0.533202,Nuit avec éclairage allumé,Hors agglomération,Hors intersection,Normale,Autre collision,6,-1,-1,0,1,1,1,0,8,50,,2,1,0,1,0,43.0,,,,5,1,1,1,6
202100055585,2021-01-12 15:30:00,2021,1,12,15,30,47,47301,Lagabariere,44.568516,0.279663,Plein jour,Hors agglomération,Hors intersection,Temps couvert,Deux véhicules - côté,3,2,2,0,1,3,1,0,1,80,,2,0,0,2,0,22.0,73.0,,,1,1,1,8,3
202100055586,2021-01-10 20:50:00,2021,1,10,20,50,41,41181,D976,47.328876,1.267269,Nuit sans éclairage public,Hors agglomération,Hors intersection,Normale,Sans collision,3,2,2,0,1,1,7,0,3,90,,2,1,0,1,0,80.0,,,,3,1,1,1,7
202100055587,2021-01-11 16:00:00,2021,1,11,16,0,29,29014,Lieu-dit Brouhel,48.496253,-3.639232,Plein jour,Hors agglomération,Hors intersection,Normale,Deux véhicules - frontale,4,2,2,0,2,3,1,0,1,80,,3,2,0,0,1,30.0,28.0,,,1,1,1,1,1
202100055588,2021-01-12 07:00:00,2021,1,12,7,0,29,29175,N164 - Rue de Carhaix,48.202167,-3.875041,Nuit sans éclairage public,Hors agglomération,Hors intersection,Pluie légère,Deux véhicules - frontale,2,2,2,0,2,1,2,8,1,50,,2,0,0,1,1,51.0,47.0,,,3,1,1,2,1
202100055589,2021-01-12 09:30:00,2021,1,12,9,30,31,31585,D817,43.11874,0.659266,Plein jour,Hors agglomération,Hors intersection,Normale,Deux véhicules - frontale,3,2,2,0,1,1,1,0,1,70,,3,0,0,1,2,38.0,64.0,,,1,1,1,1,1
202100055590,2021-01-11 15:10:00,2021,1,11,15,10,03,03018,D2009,46.2650399283,3.289394842,Plein jour,Hors agglomération,Giratoire,Normale,Deux véhicules - arrière,3,1,1,0,1,2,1,0,1,90,,2,1,0,1,0,45.0,39.0,,,1,1,6,1,2
202100055591,2021-01-12 18:25:00,2021,1,12,18,25,60,60471,54 Avenue Jean Jaurès,49.575216,2.990293,Nuit avec éclairage allumé,En agglomération,Hors intersection,Normale,Autre collision,3,2,2,0,1,1,1,0,1,50,,2,1,0,1,0,,,,,5,2,1,1,6
202100055592,2021-01-12 13:30:00,2021,1,12,13,30,43,43142,Rochette,45.169391,4.314365,Plein jour,Hors agglomération,Hors intersection,Temps couvert,Deux véhicules - frontale,3,2,2,0,2,3,2,0,1,90,,2,0,0,1,1,55.0,26.0,,,1,1,1,8,1
202100055593,2021-01-10 17:30:00,2021,1,10,17,30,53,53013,la lande,48.321232,-0.232151,Crépuscule ou aube,Hors agglomération,Hors intersection,Normale,Deux véhicules - frontale,3,2,2,0,1,2,1,0,1,80,,4,1,0,3,0,53.0,54.0,,,2,1,1,1,1
202100055594,2021-01-11 06:00:00,2021,1,11,6,0,53,53097,Rue de Laval,48.149581,-0.40879,Nuit avec éclairage allumé,En agglomération,Hors intersection,Pluie légère,Deux véhicules - arrière,4,2,2,0,1,1,2,0,1,50,,2,1,0,1,0,42.0,17.0,,,5,2,1,2,2
202100055595,2021-01-11 12:00:00,2021,1,11,12,0,24,24451,RD 708,45.515249,0.646563,Plein jour,En agglomération,Intersection en T,Normale,Deux véhicules - côté,3,2,2,0,1,1,1,0,1,80,,3,2,0,1,0,29.0,64.0,,,1,2,3,1,3
202100055596,2021-01-11 17:50:00,2021,1,11,17,50,85,85005,La Levraudière,46.63771,-0.75643,Nuit sans éclairage public,Hors agglomération,Autre intersection,Normale,Deux véhicules - côté,3,2,2,0,1,1,1,0,1,80,,4,0,1,1,2,89.0,20.0,,,3,1,9,1,3
202100055597,2021-01-11 18:20:00,2021,1,11,18,20,48,48096,Route de Serigas,44.176776,3.426216,Nuit sans éclairage public,Hors agglomération,Hors intersection,Normale,Autre collision,4,2,2,0,2,3,7,0,1,80,,1,0,0,1,0,69.0,,,,3,1,1,1,6
202100055598,2021-01-12 11:45:00,2021,1,12,11,45,10,10426,Autoroute A5 Melun Langres,48.115354,4.757423,Plein jour,Hors agglomération,Hors intersection,Neige / grêle,Autre collision,1,3,5,0,2,1,5,0,3,110,,2,1,0,0,1,42.0,,,,1,1,1,4,6
202100055599,2021-01-12 16:00:00,2021,1,12,16,0,976,97617,rue de la mosquée,-12.790756,45.12074,Plein jour,En agglomération,Hors intersection,Normale,Deux véhicules - côté,4,1,1,0,2,3,1,0,3,30,,3,1,0,1,1,,,,,1,2,1,1,3
202100055600,2021-01-09 15:30:00,2021,1,9,15,30,974,97424,Rn5,-21.165183,55.469713,Plein jour,Hors agglomération,Hors intersection,Normale,Sans collision,2,2,2,0,4,3,1,0,3,80,,2,0,0,1,1,67.0,,,,1,1,1,1,7
202100055601,2021-01-12 14:45:00,2021,1,12,14,45,973,97311,Route Saint Maurice,5.488709,-54.029624,Plein jour,En agglomération,Hors intersection,Pluie légère,Sans collision,4,2,2,0,1,2,2,0,3,50,,4,2,0,1,1,38.0,,,,1,2,1,2,7
202100055602,2021-01-09 20:15:00,2021,1,9,20,15,971,97117,RN 5 section Morel / chemin de montal,16.329313,-61.331584,Nuit avec éclairage allumé,En agglomération,Intersection en T,Normale,Deux véhicules - côté,2,2,2,0,1,1,1,5,1,50,,2,1,0,1,0,54.0,24.0,,,5,2,3,1,3
202100055603,2021-01-12 12:45:00,2021,1,12,12,45,29,29230,D790 - Lieu Dit Kerrant Sparl,47.9461570131,-3.5080143116,Plein jour,Hors agglomération,Hors intersection,Pluie légère,Trois véhicules et plus - collisions multiples,3,2,2,0,1,1,2,0,1,80,,3,1,0,2,0,24.0,28.0,,,1,1,1,2,5
202100055604,2021-01-11 09:00:00,2021,1,11,9,0,77,77183,Rue Pièrre Marx,48.9494634019,3.125824287,Plein jour,En agglomération,Intersection en X,Normale,Deux véhicules - côté,3,2,2,0,1,1,2,0,1,50,,5,4,0,1,0,29.0,43.0,,,1,2,2,1,3
202100055605,2021-01-11 19:45:00,2021,1,11,19,45,83,83133,D37,43.573797,6.805876,Nuit sans éclairage public,Hors agglomération,Hors intersection,Normale,Deux véhicules - frontale,3,2,2,0,1,1,1,0,1,90,,2,0,0,1,1,29.0,50.0,,,3,1,1,1,1
202100055606,2021-01-12 19:25:00,2021,1,12,19,25,42,42094,"52, rue de la loire",45.74285,4.216089,Nuit avec éclairage allumé,En agglomération,Hors intersection,Pluie légère,Autre collision,3,2,2,0,1,1,2,6,1,50,,3,2,0,1,0,26.0,35.0,,,5,2,1,2,6
202100055607,2021-01-09 15:45:00,2021,1,9,15,45,38,38557,RD124Z,45.779436,5.133255,Plein jour,Hors agglomération,Hors intersection,Normale,Deux véhicules - frontale,3,2,2,0,1,1,1,0,1,80,,2,1,0,1,0,17.0,53.0,,,1,1,1,1,1
202100055608,2021-01-12 07:30:00,2021,1,12,7,30,81,81105,Boulevard du Docteur Pontier,43.770046,1.997257,Crépuscule ou aube,En agglomération,Hors intersection,Normale,Deux véhicules - frontale,3,2,1,0,1,1,1,0,5,70,,2,0,0,0,2,41.0,47.0,,,2,2,1,1,1
202100055609,2021-01-11 07:00:00,2021,1,11,7,0,91,91377,AUTOROUTE A10,48.72338,2.29751,Nuit sans éclairage public,Hors agglomération,Hors intersection,Normale,Trois véhicules et plus - en chaîne,1,2,6,0,1,1,1,0,1,110,,6,5,0,0,1,39.0,32.0,,,3,1,1,1,4
202100055610,2021-01-11 12:30:00,2021,1,11,12,30,78,78362,A13,48.976578,1.719264,Plein jour,Hors agglomération,Hors intersection,Normale,Deux véhicules - côté,1,3,6,0,2,3,1,0,1,110,,2,1,0,0,1,63.0,29.0,,,1,1,1,1,3
202100055611,2021-01-11 09:20:00,2021,1,11,9,20,92,92047,A13,48.8350835791,2.1757683191,Plein jour,Hors agglomération,Hors intersection,Normale,Trois véhicules et plus - en chaîne,1,3,6,0,1,1,2,0,1,110,,3,2,0,0,1,37.0,31.0,,,1,1,1,1,4
202100055612,2021-01-11 21:30:00,2021,1,11,21,30,95,95203,RD 170,48.978,2.29,Nuit avec éclairage allumé,Hors agglomération,Hors intersection,Normale,Sans collision,3,3,4,0,1,3,1,0,1,70,,1,0,0,0,1,23.0,,,,5,1,1,1,7
202100055613,2021-01-11 07:00:00,2021,1,11,7,0,95,95582, A15,48.96427,2.26234,Nuit sans éclairage public,Hors agglomération,Hors intersection,Temps couvert,Trois véhicules et plus - en chaîne,1,3,8,0,1,1,1,0,1,110,,4,3,0,0,1,29.0,49.0,,,3,1,1,8,4
202100055614,2021-01-11 05:00:00,2021,1,11,5,0,93,93066,AUTOROUTE A1,48.91125,2.35789,Nuit avec éclairage allumé,Hors agglomération,Hors intersection,Normale,Deux véhicules - côté,1,3,8,0,1,1,1,0,1,70,,2,1,0,0,1,46.0,,,,5,1,1,1,3
202100055615,2021-01-10 17:45:00,2021,1,10,17,45,95,95582,RD 170,48.96688,2.2738,Nuit sans éclairage public,Hors agglomération,Hors intersection,Normale,Trois véhicules et plus - en chaîne,3,3,2,0,2,1,7,0,1,50,,4,3,0,0,1,53.0,37.0,,,3,1,1,1,4
202100055616,2021-01-10 16:45:00,2021,1,10,16,45,92,92078,AUTOROUTE A86,48.9283084303,2.3316245851,Plein jour,Hors agglomération,Hors intersection,Normale,Autre collision,1,3,6,0,1,1,1,0,3,70,,3,0,0,0,3,20.0,,,,1,1,1,1,6
202100055617,2021-01-10 00:15:00,2021,1,10,0,15,93,93053,AUTOROUTE A3,48.89339,2.47232,Nuit sans éclairage public,Hors agglomération,Hors intersection,Normale,Trois véhicules et plus - collisions multiples,1,3,10,0,1,1,2,0,1,70,,5,4,0,0,1,19.0,69.0,,,3,1,1,1,5
202100055618,2021-01-09 15:10:00,2021,1,9,15,10,93,93066,AUTOROUTE A1,48.90759,2.35818,Plein jour,Hors agglomération,Hors intersection,Normale,Deux véhicules - arrière,1,3,8,0,1,1,1,1,1,90,,3,2,0,0,1,25.0,52.0,,,1,1,1,1,2
202100055619,2021-01-09 12:45:00,2021,1,9,12,45,92,92036,AUTOROUTE A15,48.942,2.29064,Plein jour,Hors agglomération,Hors intersection,Normale,Trois véhicules et plus - en chaîne,1,3,8,0,1,1,1,2,1,90,,4,2,0,0,2,35.0,23.0,,,1,1,1,1,4
202100055620,2021-01-08 23:30:00,2021,1,8,23,30,93,93078,A104,48.95783,2.53098,Nuit sans éclairage public,Hors agglomération,Hors intersection,Normale,Deux véhicules - arrière,1,3,9,0,1,1,1,3,1,70,,8,3,0,5,0,17.0,34.0,,,3,1,1,1,2
202100055621,2021-01-11 08:20:00,2021,1,11,8,20,02,02582,D102,49.424099,3.709761,Crépuscule ou aube,Hors agglomération,Hors intersection,Brouillard / fumée,Sans collision,3,2,2,0,1,3,7,0,3,80,,1,0,0,0,1,27.0,,,,2,1,1,5,7
202100055622,2021-01-11 14:00:00,2021,1,11,14,0,15,15187,Allees Georges Pompidou,45.033813,3.088537,Plein jour,En agglomération,Hors intersection,Temps éblouissant,Autre collision,3,2,2,0,1,1,1,0,1,50,,2,1,0,1,0,37.0,,,,1,2,1,7,6
202100055623,2021-01-11 09:10:00,2021,1,11,9,10,72,72149,D357,48.021707,-0.217323,Plein jour,Hors agglomération,Hors intersection,Normale,Deux véhicules - frontale,3,2,2,0,1,1,1,0,1,90,,3,0,1,0,2,19.0,54.0,,,1,1,1,1,1
202100055624,2021-01-10 13:35:00,2021,1,10,13,35,60,60405,D70,49.671067,1.829045,Plein jour,Hors agglomération,Hors intersection,Normale,Sans collision,3,2,2,0,2,1,7,0,1,80,,2,0,0,0,2,22.0,,,,1,1,1,1,7
202100055625,2021-01-10 13:35:00,2021,1,10,13,35,60,60405,D70,49.671067,1.829045,Plein jour,Hors agglomération,Hors intersection,Normale,Sans collision,3,2,2,0,2,1,7,0,1,80,,1,0,0,0,1,18.0,,,,1,1,1,1,7
202100055626,2021-01-11 09:00:00,2021,1,11,9,0,85,85193,D19,46.526859,-1.306279,Crépuscule ou aube,Hors agglomération,Hors intersection,Autre,Autre collision,3,2,1,0,1,1,7,0,3,80,,1,0,0,0,1,20.0,,,,2,1,1,9,6
202100055627,2021-01-11 12:50:00,2021,1,11,12,50,28,28335,D941,48.455399,1.022356,Plein jour,Hors agglomération,Hors intersection,Temps couvert,Deux véhicules - frontale,3,2,2,0,2,2,1,0,1,80,,2,1,0,1,0,85.0,55.0,,,1,1,1,8,1
202100055628,2021-01-10 18:00:00,2021,1,10,18,0,30,30114,D6610,43.821524,4.095626,Nuit sans éclairage public,Hors agglomération,Hors intersection,Normale,Deux véhicules - frontale,3,2,2,0,3,2,1,0,1,80,,3,0,0,3,0,24.0,72.0,,,3,1,1,1,1
202100055629,2021-01-09 23:00:00,2021,1,9,23,0,88,88065,,48.090772,6.055478,Nuit sans éclairage public,Hors agglomération,Hors intersection,Normale,Autre collision,3,2,2,0,2,1,1,0,1,80,,2,0,0,1,0,,,,,3,1,1,1,6
202100055630,2021-01-10 22:16:00,2021,1,10,22,16,63,63446,Autoroute A71,46.062646,3.115493,Nuit sans éclairage public,Hors agglomération,Hors intersection,Normale,Sans collision,1,1,2,0,3,1,1,0,2,130,,1,0,0,1,0,30.0,,,,3,1,1,1,7
202100055631,2021-01-09 13:20:00,2021,1,9,13,20,78,78224,Route départementale 98,48.869429,2.038522,Plein jour,Hors agglomération,Hors intersection,Normale,Autre collision,3,2,2,0,1,2,1,0,3,80,,1,0,0,1,0,49.0,,,,1,1,1,1,6
202100055632,2021-01-10 11:00:00,2021,1,10,11,0,53,53228,A81 PK 16+700,48.038324,-0.376239,Plein jour,Hors agglomération,Hors intersection,Normale,Deux véhicules - côté,1,3,4,0,2,1,1,0,1,130,,3,2,0,1,0,39.0,46.0,,,1,1,1,1,3
202100055633,2021-01-11 18:06:00,2021,1,11,18,6,38,38126,Route de Chartreuse,45.24194,5.75501,Nuit sans éclairage public,Hors agglomération,Hors intersection,Temps couvert,Deux véhicules - frontale,7,2,2,0,2,4,7,0,1,80,,2,1,0,1,0,23.0,53.0,,,3,1,1,8,1
202100055634,2021-01-11 14:40:00,2021,1,11,14,40,988,98831,RT1 - VOH,-20.88583,164.65981,Plein jour,Hors agglomération,Hors intersection,Pluie légère,Autre collision,2,2,2,0,3,2,2,0,3,110,,1,0,1,0,0,62.0,,,,1,1,1,2,6
202100055635,2021-01-10 18:15:00,2021,1,10,18,15,986,98613,Gahi,-13.336702,-176.188059,Crépuscule ou aube,En agglomération,Autre intersection,Normale,Sans collision,2,2,2,0,4,3,1,0,8,70,,2,0,0,1,1,50.0,,,,2,2,9,1,7
202100055636,2021-01-11 12:20:00,2021,1,11,12,20,973,97303,N1,5.528511,-53.395529,Plein jour,Hors agglomération,Hors intersection,Normale,Sans collision,2,2,2,0,2,2,1,0,3,80,,2,1,1,0,0,27.0,,,,1,1,1,1,7
202100055637,2021-01-08 15:35:00,2021,1,8,15,35,77,77470,26 Hameau de Ville,48.746834,2.788237,Plein jour,En agglomération,Hors intersection,Temps couvert,Deux véhicules - frontale,4,2,2,0,1,1,1,0,1,30,,2,1,0,1,0,37.0,71.0,,,1,2,1,8,1
202100055638,2021-01-01 05:30:00,2021,1,1,5,30,66,66037,Avenue de l'Esparrou,42.695353,3.025274,Nuit avec éclairage allumé,En agglomération,Hors intersection,Normale,Autre collision,3,2,2,0,1,2,1,0,4,50,,2,0,0,0,2,19.0,,,,5,2,1,1,6
202100055639,2021-01-11 07:47:00,2021,1,11,7,47,68,68348,Rue Pienoz Kachler,47.801564,7.117317,Crépuscule ou aube,En agglomération,Giratoire,Normale,Autre collision,3,2,2,0,1,3,1,0,1,50,,2,1,0,1,0,35.0,,,,2,2,6,1,6
202100055640,2021-01-10 16:30:00,2021,1,10,16,30,07,07217,Route la Raviscole,45.054814,4.772884,Plein jour,Hors agglomération,Hors intersection,Normale,Sans collision,3,2,2,0,2,3,1,0,3,80,,2,0,0,1,1,25.0,,,,1,1,1,1,7
202100055641,2021-01-10 11:00:00,2021,1,10,11,0,85,85070,Le Pin,46.710314,-1.705509,Plein jour,Hors agglomération,Hors intersection,Normale,Deux véhicules - arrière,3,2,2,0,1,1,1,5,1,80,,2,0,0,0,2,83.0,39.0,,,1,1,1,1,2
202100055642,2021-01-11 12:35:00,2021,1,11,12,35,50,50492,route de saint jean,49.088869,-0.962141,Plein jour,Hors agglomération,Hors intersection,Temps couvert,Sans collision,3,2,2,0,2,2,1,0,1,80,,1,0,0,0,1,43.0,,,,1,1,1,8,7
202100055643,2021-01-10 09:00:00,2021,1,10,9,0,13,13088,A55-Sens Martigues vers Marseille,43.39114,5.26713,Plein jour,Hors agglomération,Hors intersection,Neige / grêle,Autre collision,1,1,2,0,1,1,5,0,1,110,,1,0,0,0,1,27.0,,,,1,1,1,4,6
202100055644,2021-01-09 11:50:00,2021,1,9,11,50,13,13055,A507 sens Marseille - Aubagne,43.286353,5.425059,Plein jour,En agglomération,Autre intersection,Normale,Autre collision,1,1,3,0,2,3,1,1,1,70,,1,0,0,1,0,22.0,,,,1,2,9,1,6
202100055645,2021-01-10 08:45:00,2021,1,10,8,45,13,13015,A515CD-Gardanne vers A51-Marseille,43.42873,5.40044,Plein jour,Hors agglomération,Hors intersection,Neige / grêle,Autre collision,1,1,2,0,1,1,5,0,1,90,,1,0,0,0,1,31.0,,,,1,1,1,4,6
202100055646,2021-01-09 18:15:00,2021,1,9,18,15,13,13117,A7-Sens Lyon vers Marseille,43.4564,5.23586,Nuit sans éclairage public,Hors agglomération,Hors intersection,Normale,Deux véhicules - arrière,1,-1,2,0,1,1,1,0,1,90,,3,1,0,0,2,28.0,21.0,,,3,1,1,1,2
202100055647,2021-01-05 17:40:00,2021,1,5,17,40,57,57463,Autoroute A31,49.12648,6.16097,Nuit sans éclairage public,En agglomération,Hors intersection,Normale,Trois véhicules et plus - collisions multiples,1,3,6,0,1,2,1,0,1,90,,3,2,0,0,1,27.0,28.0,,,3,2,1,1,5
202100055648,2021-01-10 15:20:00,2021,1,10,15,20,91,91661,RD 188 CHEVREUSE,48.6964407765,2.2197220847,Plein jour,Hors agglomération,Hors intersection,Normale,Sans collision,3,2,2,0,1,1,1,0,1,70,,1,0,0,0,1,26.0,,,,1,1,1,1,7
202100055649,2021-01-10 19:35:00,2021,1,10,19,35,92,92072,N118,48.8257540877,2.2215878963,Nuit sans éclairage public,Hors agglomération,Hors intersection,Normale,Autre collision,2,3,5,0,2,1,1,0,1,70,,2,1,0,0,1,38.0,,,,3,1,1,1,6
202100055650,2021-01-10 16:55:00,2021,1,10,16,55,78,78073,RN12 INT,48.7993,1.994225,Plein jour,Hors agglomération,Hors intersection,Normale,Deux véhicules - frontale,2,1,1,0,1,2,1,0,1,90,,4,3,0,0,1,83.0,43.0,,,1,1,1,1,1
202100055651,2021-01-09 12:30:00,2021,1,9,12,30,78,78640,A86 EXT,48.777279,2.223366,Plein jour,Hors agglomération,Hors intersection,Normale,Deux véhicules - arrière,1,3,6,0,1,1,1,0,1,90,,2,1,0,0,1,62.0,24.0,,,1,1,1,1,2
202100055652,2021-01-10 11:50:00,2021,1,10,11,50,77,77249,RN104,48.7569149336,2.6153737307,Plein jour,Hors agglomération,Hors intersection,Normale,Sans collision,2,1,2,0,1,1,1,0,8,90,,2,0,0,0,2,46.0,,,,1,1,1,1,7
202100055653,2021-01-08 16:00:00,2021,1,8,16,0,974,97407,JACQUES DUCLOS (RUE) - RIVIERE DES GAL  ,-20.957,55.31397,Plein jour,Hors agglomération,Intersection en T,Normale,Deux véhicules - côté,2,-1,2,0,2,1,1,0,1,50,,3,1,0,0,2,70.0,29.0,,,1,1,3,1,3
202100055654,2021-01-09 12:14:00,2021,1,9,12,14,973,97302,MONTABO (ROUTE DE) 1,4.93804,-52.29912,Plein jour,En agglomération,Hors intersection,Pluie légère,Deux véhicules - arrière,3,2,2,0,1,1,2,0,1,50,,3,2,0,0,1,26.0,53.0,,,1,2,1,2,2
202100055655,2021-01-09 18:25:00,2021,1,9,18,25,95,95088,GONESSE (RUE DE),48.9762923432,2.4334287643,Nuit sans éclairage public,Hors agglomération,Hors intersection,Normale,Sans collision,3,2,2,0,1,3,8,0,1,90,,2,0,0,0,2,21.0,,,,3,1,1,1,7
202100055656,2021-01-08 20:00:00,2021,1,8,20,0,91,91425,RTE DES TEMPLIERS,48.64829,2.27425,Nuit avec éclairage allumé,En agglomération,Hors intersection,Temps couvert,Deux véhicules - frontale,3,2,2,0,2,3,7,2,1,50,,2,0,0,1,1,33.0,27.0,,,5,2,1,8,1
202100055657,2021-01-09 14:35:00,2021,1,9,14,35,81,81004,RUDEL (ET IMP DU),43.92416,2.12246,Plein jour,En agglomération,Hors intersection,Normale,Deux véhicules - côté,4,2,2,0,1,1,1,0,1,50,,2,1,0,0,1,84.0,55.0,,,1,2,1,1,3
202100055658,2021-01-09 14:24:00,2021,1,9,14,24,78,78481,CHARLES DE GAULLE (AVENUE),48.89178,2.10449,Plein jour,En agglomération,Hors intersection,Normale,Sans collision,3,2,2,1,1,1,1,0,1,50,,1,0,0,0,1,19.0,,,,1,2,1,1,7
202100055659,2021-01-09 01:20:00,2021,1,9,1,20,77,77445,RD 306,48.60561298,2.5825232417,Nuit sans éclairage public,Hors agglomération,Hors intersection,Autre,Deux véhicules - côté,3,2,3,0,1,1,2,0,1,70,,2,1,0,0,1,31.0,41.0,,,3,1,1,9,3
202100055660,2021-01-08 13:15:00,2021,1,8,13,15,74,74012,DE GAULLE (AVENUE CHARLES),46.18553,6.2474,Plein jour,En agglomération,Hors intersection,Normale,Trois véhicules et plus - en chaîne,4,3,4,0,1,1,1,0,1,50,,3,2,0,0,1,25.0,38.0,,,1,2,1,1,4
202100055661,2021-01-08 11:40:00,2021,1,8,11,40,59,59295,NOTRE DAME,50.7318477898,2.5439089537,Plein jour,En agglomération,Intersection en X,Normale,Autre collision,3,2,2,0,1,1,2,0,1,50,,2,1,0,0,1,65.0,,,,1,2,2,1,6
202100055662,2021-01-09 15:35:00,2021,1,9,15,35,54,54431,BRIEY (ROUTE DE),48.909788,6.038757,Plein jour,En agglomération,Intersection en T,Normale,Autre collision,3,2,3,0,1,1,1,5,1,50,,3,2,0,0,1,26.0,,,,1,2,3,1,6
202100055663,2021-01-09 10:50:00,2021,1,9,10,50,53,53130,PARIS ( RUE DE ),48.07356,-0.75507,Plein jour,En agglomération,Autre intersection,Normale,Deux véhicules - côté,4,2,2,0,1,1,1,0,1,50,,2,1,0,0,1,26.0,16.0,,,1,2,9,1,3
202100055664,2021-01-09 10:20:00,2021,1,9,10,20,50,50647,VILLEDIEU (ROUTE DE),48.83764,-1.53712,Plein jour,Hors agglomération,Hors intersection,Normale,Deux véhicules - arrière,3,2,2,0,1,1,1,0,1,70,,3,2,0,0,1,56.0,36.0,,,1,1,1,1,2
202100055665,2021-01-08 13:20:00,2021,1,8,13,20,50,50218,ESTOUTEVILLE (RUE D'),48.84174,-1.59137,Plein jour,En agglomération,Intersection en X,Normale,Sans collision,3,2,2,0,1,1,1,0,1,30,,1,0,0,0,1,15.0,,,,1,2,2,1,7