accident_id,datetime,annee,mois,jour,heure,minute,departement,commune_insee,adresse,latitude,longitude,luminosite,agglomeration,intersection,meteo,collision,catr,circ,nbv,vosp,prof,plan,surf,infra,situ,vma,nb_vehicules,nb_usagers,nb_indemnes,nb_tues,nb_blesses_hosp,nb_blesses_legers,age_cond_1,age_cond_2,veh_type_cond_1,veh_type_cond_2,lum_code,agg_code,int_code,atm_code,col_code
202100055666,2021-01-09 14:50:00,2021,1,9,14,50,49,49246,EUROPE AVENUE,47.44374,-0.52719,Plein jour,En agglomération,Giratoire,Normale,Sans collision,4,-1,2,0,1,1,1,0,1,50,,1,0,0,0,1,52.0,,,,1,2,6,1,7
202100055667,2021-01-06 14:00:00,2021,1,6,14,0,47,47323,LECLERC (AVENUE DU MARECHAL),44.4,0.704,Plein jour,En agglomération,Hors intersection,Normale,Deux véhicules - arrière,4,2,2,0,1,1,1,5,1,50,,2,1,0,1,0,23.0,35.0,,,1,2,1,1,2
202100055668,2021-01-09 16:15:00,2021,1,9,16,15,35,35238,LORIENT (DE),48.10713,-1.72066,Plein jour,En agglomération,Intersection en T,Normale,Deux véhicules - côté,2,2,3,3,1,1,1,0,6,50,,3,2,0,0,1,39.0,26.0,,,1,2,3,1,3
202100055669,2021-01-08 16:50:00,2021,1,8,16,50,26,26198,18  Avenue de Gournier,44.5326,4.7392,Plein jour,En agglomération,Hors intersection,Normale,Deux véhicules - côté,2,2,3,0,1,1,1,0,1,70,,2,1,0,0,1,54.0,17.0,,,1,2,1,1,3
202100055670,2021-01-08 22:00:00,2021,1,8,22,0,13,13117,,43.423061,5.237512,Nuit avec éclairage non allumé,En agglomération,Intersection en X,Normale,Deux véhicules - côté,7,3,2,0,1,1,1,5,1,50,,3,0,0,0,3,30.0,34.0,,,4,2,2,1,3
202100055671,2021-01-10 00:20:00,2021,1,10,0,20,13,13203,BD FERDINAND DE LESSEPS,43.31995,5.37148,Nuit avec éclairage allumé,En agglomération,Hors intersection,Normale,Autre collision,4,1,3,0,1,1,1,0,4,50,,2,0,0,2,0,28.0,,,,5,2,1,1,6
202100055672,2021-01-08 09:15:00,2021,1,8,9,15,13,13028,DULAC (AVENUE GUILLAUME),43.195425,5.612268,Plein jour,En agglomération,Hors intersection,Normale,Deux véhicules - côté,7,2,2,0,1,1,1,0,1,50,,2,1,0,0,1,79.0,69.0,,,1,2,1,1,3
202100055673,2021-01-09 01:42:00,2021,1,9,1,42,06,06088,GAIRAUT (AV. DE),43.739639,7.261444,Nuit avec éclairage allumé,En agglomération,Hors intersection,Normale,Sans collision,7,2,2,0,2,2,1,0,4,50,,4,0,0,2,2,23.0,,,,5,2,1,1,7
202100055674,2021-01-09 21:30:00,2021,1,9,21,30,06,06069,MOUANS (ROUTE DE),43.635899,6.974071,Nuit sans éclairage public,Hors agglomération,Hors intersection,Normale,Sans collision,3,2,1,0,1,1,1,0,1,50,,1,0,0,0,1,19.0,,,,3,1,1,1,7
202100055675,2021-01-09 17:45:00,2021,1,9,17,45,75,75118,PORTE DE LA CHAPELLE,48.900844,2.367072,Nuit avec éclairage allumé,En agglomération,Hors intersection,Normale,Sans collision,4,1,4,0,1,1,1,0,1,70,,1,0,0,0,1,45.0,,,,5,2,1,1,7
202100055676,2021-01-09 05:40:00,2021,1,9,5,40,75,75106,BOULEVARD DU MONTPARNASSE,48.845093,2.320128,Nuit avec éclairage allumé,En agglomération,Intersection à plus de 4 branches,Normale,Deux véhicules - côté,4,2,2,3,1,1,1,0,1,50,,2,1,0,0,1,34.0,22.0,,,5,2,5,1,3
202100055677,2021-01-09 19:15:00,2021,1,9,19,15,75,75119,RUE DE BELLEVILLE,48.87554,2.399226,Nuit avec éclairage allumé,En agglomération,Intersection en X,Normale,Deux véhicules - côté,4,2,2,0,2,1,1,0,1,50,,2,1,0,0,1,26.0,26.0,,,5,2,2,1,3
202100055678,2021-01-08 20:00:00,2021,1,8,20,0,75,75119,RUE GASTON TESSIER,48.895306,2.372095,Nuit avec éclairage allumé,En agglomération,Intersection en X,Normale,Autre collision,4,1,2,0,1,1,1,0,1,50,,3,1,0,0,2,21.0,,,,5,2,2,1,6
202100055679,2021-01-09 19:45:00,2021,1,9,19,45,75,75116,BOULEVARD PERIPHERIQUE EXTERIEUR OUEST,48.865686,2.267975,Nuit avec éclairage allumé,En agglomération,Intersection en Y,Normale,Deux véhicules - arrière,4,3,4,0,1,1,1,0,1,70,,3,1,0,0,2,24.0,57.0,,,5,2,4,1,2
202100055680,2021-01-08 16:30:00,2021,1,8,16,30,75,75115,PLACE VIOLET,48.84467,2.290509,Crépuscule ou aube,En agglomération,Intersection en T,Normale,Autre collision,4,2,2,0,1,1,1,0,1,50,,2,1,0,0,1,36.0,,,,2,2,3,1,6
202100055681,2021-01-09 15:37:00,2021,1,9,15,37,75,75114,AVENUE DU GENERAL LECLERC,48.825146,2.325986,Plein jour,En agglomération,Hors intersection,Normale,Autre collision,4,2,5,2,1,1,1,0,4,50,,2,1,0,0,1,18.0,,,,1,2,1,1,6
202100055682,2021-01-09 19:40:00,2021,1,9,19,40,75,75112,AVENUE DE LA PORTE DE VINCENNES,48.84691,2.411148,Nuit avec éclairage allumé,En agglomération,Intersection en X,Normale,Autre collision,4,2,2,0,1,1,1,0,1,50,,1,0,0,0,1,30.0,,,,5,2,2,1,6
202100055683,2021-01-09 11:20:00,2021,1,9,11,20,75,75110,RUE DU FAUBOURG SAINT MARTIN,48.883869,2.368592,Plein jour,En agglomération,Intersection en X,Normale,Deux véhicules - arrière,4,1,3,1,1,1,1,0,1,50,,2,1,0,0,1,29.0,44.0,,,1,2,2,1,2
202100055684,2021-01-08 17:45:00,2021,1,8,17,45,75,75108,RUE DE LA PEPINIERE,48.875022,2.321286,Nuit avec éclairage allumé,En agglomération,Hors intersection,Normale,Deux véhicules - côté,4,1,3,3,1,1,1,-1,6,50,,2,1,0,0,1,41.0,36.0,,,5,2,1,1,3
202100055685,2021-01-09 14:25:00,2021,1,9,14,25,75,75103,RUE DE TURBIGO,48.866801,2.362003,Plein jour,En agglomération,Intersection en Y,Normale,Deux véhicules - côté,4,2,6,1,1,2,1,-1,5,30,,2,1,0,0,1,55.0,35.0,,,1,2,4,1,3
202100055686,2021-01-09 10:45:00,2021,1,9,10,45,94,94067,GENERAL DE GAULLE (AV DU),48.8458,2.41749,Plein jour,En agglomération,Intersection en T,Normale,Autre collision,3,2,2,0,1,1,1,0,1,50,,2,1,0,0,1,55.0,,,,1,2,3,1,6
202100055687,2021-01-09 11:10:00,2021,1,9,11,10,94,94028,ARCOS.(RUE RENE),48.77798,2.46655,Plein jour,En agglomération,Hors intersection,Normale,Deux véhicules - arrière,4,3,4,0,2,1,2,0,1,50,,3,2,0,0,1,51.0,46.0,,,1,2,1,1,2
202100055688,2021-01-08 22:55:00,2021,1,8,22,55,94,94069,MARECHAL LECLERC (R DU),48.81615,2.45862,Nuit avec éclairage allumé,En agglomération,Hors intersection,Normale,Autre collision,3,1,2,0,1,1,1,0,1,50,,2,1,0,0,1,23.0,,,,5,2,1,1,6
202100055689,2021-01-09 18:40:00,2021,1,9,18,40,94,94004,FFI (ALL DES),48.759081,2.508041,Nuit avec éclairage allumé,En agglomération,Hors intersection,Normale,Deux véhicules - frontale,3,3,2,0,1,3,9,0,1,50,,3,0,1,0,2,32.0,29.0,,,5,2,1,1,1
202100055690,2021-01-09 01:01:00,2021,1,9,1,1,93,93078,Avenue Vauban,48.968047,2.551303,Nuit avec éclairage allumé,Hors agglomération,Hors intersection,Autre,Autre collision,3,2,2,0,1,1,7,0,1,80,,1,0,0,0,1,32.0,,,,5,1,1,9,6
202100055691,2021-01-09 12:40:00,2021,1,9,12,40,93,93015,STRATEGIQUE ROUTE,48.9225901774,2.560713612,Plein jour,En agglomération,Hors intersection,Autre,Deux véhicules - côté,3,2,2,0,1,1,7,0,1,50,,2,1,0,1,0,41.0,45.0,,,1,2,1,9,3
202100055692,2021-01-08 23:00:00,2021,1,8,23,0,93,93046,EDOUARD VAILLANT BOULEVARD,48.9228819852,2.5168399748,Nuit avec éclairage allumé,En agglomération,Hors intersection,Autre,Autre collision,4,2,2,0,1,1,7,0,1,30,,1,0,0,0,1,47.0,,,,5,2,1,9,6
202100055693,2021-01-08 18:50:00,2021,1,8,18,50,93,93063,BARBUSSE HENRI BOULEVARD,48.87971,2.44116,Nuit avec éclairage allumé,En agglomération,Intersection en Y,Normale,Deux véhicules - frontale,4,2,2,0,1,1,1,6,1,50,,2,1,0,0,1,44.0,32.0,,,5,2,4,1,1
202100055694,2021-01-09 19:45:00,2021,1,9,19,45,93,93010,STAINS (RTE DE),48.9040577457,2.4707089732,Nuit avec éclairage allumé,En agglomération,Intersection en X,Normale,Deux véhicules - côté,3,-1,3,0,1,1,1,0,1,50,,2,0,0,2,0,19.0,38.0,,,5,2,2,1,3
202100055695,2021-01-09 18:00:00,2021,1,9,18,0,93,93010,VARAGNAT (AVENUE HENRI),48.9151696357,2.4841133133,Nuit avec éclairage allumé,En agglomération,Hors intersection,Normale,Autre collision,3,-1,2,0,1,1,1,0,1,50,,5,1,0,0,4,88.0,,,,5,2,1,1,6
202100055696,2021-01-09 05:25:00,2021,1,9,5,25,93,93007,PABLO NERUDA (ROND-POINT),48.9501,2.46715,Nuit avec éclairage allumé,En agglomération,Hors intersection,Normale,Deux véhicules - arrière,3,1,2,0,1,1,1,0,1,50,,2,1,0,0,1,47.0,22.0,,,5,2,1,1,2
202100055697,2021-01-09 19:20:00,2021,1,9,19,20,92,92073,BAS ROGERS (RUE DES),48.8827467088,2.2236063555,Nuit avec éclairage allumé,En agglomération,Intersection en X,Normale,Deux véhicules - côté,3,2,0,0,1,1,1,0,1,50,,2,1,0,0,1,34.0,16.0,,,5,2,2,1,3
202100055698,2021-01-09 21:20:00,2021,1,9,21,20,92,92050,CLEMENCEAU GEORGES AVENUE N°IMPAIR,48.8857674241,2.219235599,Nuit avec éclairage allumé,En agglomération,Intersection en Y,Autre,Deux véhicules - côté,3,1,4,0,1,1,1,0,1,50,,2,1,0,0,1,54.0,22.0,,,5,2,4,9,3
202100055699,2021-01-09 14:25:00,2021,1,9,14,25,92,92044,BINEAU (BOULEVARD),48.8867632986,2.2835120559,Plein jour,En agglomération,Giratoire,Normale,Deux véhicules - côté,3,1,2,0,1,3,1,0,1,50,,3,2,0,0,1,25.0,,,,1,2,6,1,3
202100055700,2021-01-09 19:28:00,2021,1,9,19,28,92,92023,GENERAL DE GAULLE (AVENUE DU),48.785363,2.251471,Nuit avec éclairage allumé,En agglomération,Intersection en X,Normale,Sans collision,3,2,0,0,1,1,1,0,1,50,,2,1,0,0,1,22.0,22.0,,,5,2,2,1,7
202100055701,2021-01-08 15:40:00,2021,1,8,15,40,01,01381,D70,46.051243,5.146623,Plein jour,Hors agglomération,Hors intersection,Normale,Autre collision,3,2,2,0,1,1,1,0,3,70,,2,0,0,1,1,82.0,,,,1,1,1,1,6
202100055702,2021-01-10 16:15:00,2021,1,10,16,15,16,16090,,45.611255,-0.067897,Plein jour,Hors agglomération,Hors intersection,Normale,Sans collision,3,2,2,0,2,1,1,0,1,80,,2,1,1,0,0,32.0,,,,1,1,1,1,7
202100055703,2021-01-10 15:00:00,2021,1,10,15,0,33,33205,D11,44.612126,-0.372207,Plein jour,Hors agglomération,Intersection en T,Normale,Deux véhicules - côté,3,2,2,0,1,1,1,0,1,80,,3,2,0,1,0,51.0,51.0,,,1,1,3,1,3
202100055704,2021-01-09 19:00:00,2021,1,9,19,0,14,14412,Route du Cabaret,49.0493603442,-0.5954015605,Nuit sans éclairage public,Hors agglomération,Intersection à plus de 4 branches,Autre,Autre collision,3,2,2,0,2,1,7,0,3,80,,1,0,0,1,0,55.0,,,,3,1,5,9,6
202100055705,2021-01-08 19:40:00,2021,1,8,19,40,14,14579,D577,49.042706,-0.726387,Nuit sans éclairage public,Hors agglomération,Intersection en X,Normale,Deux véhicules - arrière,3,2,3,0,1,1,1,0,1,90,,4,3,0,0,1,35.0,36.0,,,3,1,2,1,2
202100055706,2021-01-09 16:30:00,2021,1,9,16,30,55,55267,d131c,49.047914,5.832635,Plein jour,Hors agglomération,Hors intersection,Normale,Sans collision,3,2,2,0,1,3,1,0,3,80,,3,1,0,2,0,20.0,,,,1,1,1,1,7
202100055707,2021-01-09 11:00:00,2021,1,9,11,0,25,25393,Falaise de Clémont,47.357634,6.78031,Plein jour,Hors agglomération,Hors intersection,Normale,Sans collision,4,2,2,0,2,4,5,0,1,-1,,2,1,0,1,0,34.0,,,,1,1,1,1,7
202100055708,2021-01-09 15:00:00,2021,1,9,15,0,29,29174,D2 - Coat-Hellen (Restaurant),47.8778176242,-4.2468126814,Plein jour,Hors agglomération,Hors intersection,Normale,Deux véhicules - côté,3,2,2,0,1,1,1,0,1,80,,2,1,0,1,0,62.0,30.0,,,1,1,1,1,3
202100055709,2021-01-09 17:15:00,2021,1,9,17,15,38,38408,Route du Stade,45.584104,4.998747,Crépuscule ou aube,Hors agglomération,Intersection en X,Normale,Deux véhicules - côté,3,2,2,0,1,1,1,0,1,50,,2,1,0,1,0,15.0,59.0,,,2,1,2,1,3
202100055710,2021-01-09 15:30:00,2021,1,9,15,30,38,38471,D512,45.25261,5.767114,Plein jour,Hors agglomération,Hors intersection,Normale,Deux véhicules - frontale,7,2,2,0,2,1,7,0,1,80,,3,2,0,0,1,34.0,20.0,,,1,1,1,1,1
202100055711,2021-01-07 09:30:00,2021,1,7,9,30,18,18271,RD 58 PK9+980,47.174078,2.38502,Plein jour,Hors agglomération,Hors intersection,Normale,Autre collision,3,2,2,0,2,2,1,0,3,80,,2,1,0,1,0,28.0,,,,1,1,1,1,6
202100055712,2021-01-09 19:30:00,2021,1,9,19,30,36,36121,,46.826658,1.953657,Nuit sans éclairage public,Hors agglomération,Intersection en X,Normale,Sans collision,3,2,2,0,1,1,1,0,1,80,,2,1,0,0,1,55.0,56.0,,,3,1,2,1,7
202100055713,2021-01-10 18:35:00,2021,1,10,18,35,16,16200,22 rue du moulin à vent,45.867003,0.180995,Nuit avec éclairage non allumé,En agglomération,Hors intersection,Normale,Deux véhicules - frontale,3,2,2,0,2,3,1,0,1,50,,2,0,0,1,1,48.0,46.0,,,4,2,1,1,1
202100055714,2021-01-09 18:30:00,2021,1,9,18,30,07,07261,Lieu-dit Terra,44.820397,4.727125,Nuit sans éclairage public,Hors agglomération,Hors intersection,Normale,Deux véhicules - frontale,3,2,2,0,2,3,1,0,1,80,,2,1,0,1,0,52.0,36.0,,,3,1,1,1,1
202100055715,2021-01-10 06:45:00,2021,1,10,6,45,37,37250,,47.2088529565,0.6754413787,Nuit sans éclairage public,Hors agglomération,Hors intersection,Autre,Deux véhicules - frontale,3,2,3,0,1,1,7,0,1,90,,2,0,2,0,0,21.0,55.0,,,3,1,1,9,1
202100055716,2021-01-08 08:35:00,2021,1,8,8,35,68,68266,AUTORUTE 35,47.876822,7.385162,Plein jour,Hors agglomération,Hors intersection,Normale,Autre collision,1,3,4,0,1,1,1,0,1,130,,1,0,0,1,0,47.0,,,,1,1,1,1,6
202100055717,2021-01-09 19:25:00,2021,1,9,19,25,973,97307,D6,4.792418,-52.356264,Nuit sans éclairage public,Hors agglomération,Hors intersection,Pluie légère,Deux véhicules - côté,3,2,2,0,1,1,2,0,1,80,,2,1,0,1,0,58.0,24.0,,,3,1,1,2,3
202100055718,2021-01-10 16:45:00,2021,1,10,16,45,988,98829,RM2,-21.61746,166.25482,Plein jour,Hors agglomération,Hors intersection,Normale,Autre collision,4,2,2,0,1,3,1,0,3,90,,2,0,0,1,1,29.0,,,,1,1,1,1,6
202100055719,2021-01-10 09:30:00,2021,1,10,9,30,988,98817,ROUTE EXPRESS DU MONT -DORE,-22.229898,166.51557,Plein jour,Hors agglomération,Hors intersection,Normale,Deux véhicules - frontale,4,2,2,0,1,1,1,0,1,90,,5,0,0,4,1,28.0,21.0,,,1,1,1,1,1
202100055720,2021-01-10 13:30:00,2021,1,10,13,30,83,83115,Avenue du Général Leclerc,43.306484,6.641876,Plein jour,Hors agglomération,Hors intersection,Pluie légère,Autre collision,3,2,2,0,2,3,2,9,4,50,,1,0,0,1,0,34.0,,,,1,1,1,2,6
202100055721,2021-01-09 17:45:00,2021,1,9,17,45,71,71342,rue Denis Papin,46.4453573643,4.1168319327,Nuit avec éclairage allumé,En agglomération,Hors intersection,Normale,Autre collision,3,2,2,0,1,3,1,0,1,30,,3,1,0,2,0,57.0,,,,5,2,1,1,6
202100055722,2021-01-09 19:55:00,2021,1,9,19,55,68,68185,RN 59,48.267398,7.310736,Nuit sans éclairage public,Hors agglomération,Hors intersection,Normale,Trois véhicules et plus - en chaîne,3,2,2,0,1,1,2,0,1,80,,3,2,0,0,1,26.0,47.0,,,3,1,1,1,4
202100055723,2021-01-08 13:53:00,2021,1,8,13,53,67,67120,intersection D35 - D603,48.375685,7.43848,Plein jour,Hors agglomération,Intersection en X,Temps éblouissant,Deux véhicules - frontale,3,2,2,0,2,3,1,5,1,80,,2,1,0,1,0,82.0,67.0,,,1,1,2,7,1
202100055724,2021-01-10 15:20:00,2021,1,10,15,20,54,54355,départementale 106,48.8406558331,5.9603405,Plein jour,Hors agglomération,Hors intersection,Normale,Autre collision,3,2,2,0,1,1,1,0,3,80,,2,0,1,1,0,24.0,,,,1,1,1,1,6
202100055725,2021-01-08 15:25:00,2021,1,8,15,25,73,73329,N201,45.615906,5.884391,Plein jour,Hors agglomération,Hors intersection,Normale,Deux véhicules - arrière,2,1,2,0,1,3,1,3,1,50,,2,1,0,1,0,28.0,41.0,,,1,1,1,1,2
202100055726,2021-01-09 18:15:00,2021,1,9,18,15,01,01202,D62a,45.877872,5.30513,Nuit sans éclairage public,Hors agglomération,Hors intersection,Normale,Autre collision,3,2,2,0,1,1,7,0,1,80,,2,0,0,2,0,20.0,,,,3,1,1,1,6
202100055727,2021-01-10 16:55:00,2021,1,10,16,55,69,69028,D311,45.71487,4.693222,Crépuscule ou aube,Hors agglomération,Intersection en X,Normale,Deux véhicules - côté,3,2,2,0,1,1,1,0,1,70,,6,0,0,0,6,18.0,38.0,,,2,1,2,1,3
202100055728,2021-01-09 17:15:00,2021,1,9,17,15,69,69127,MARCEL MERIEUX (AV),45.779276,4.705662,Crépuscule ou aube,En agglomération,Intersection en X,Normale,Autre collision,7,2,2,0,2,1,1,5,8,50,,1,0,0,1,0,92.0,,,,2,2,2,1,6
202100055729,2021-01-10 12:30:00,2021,1,10,12,30,17,17155,D14e1,45.727337,-1.090506,Plein jour,En agglomération,Intersection en X,Normale,Deux véhicules - frontale,3,2,2,0,1,1,1,0,1,80,,3,1,0,1,1,74.0,57.0,,,1,2,2,1,1
202100055730,2021-01-08 17:00:00,2021,1,8,17,0,14,14258, rue du 9ème Arrondissement de Paris,48.89619,-0.19887,Crépuscule ou aube,En agglomération,Intersection en X,Normale,Deux véhicules - côté,4,2,2,0,1,1,1,0,1,50,,2,1,0,1,0,17.0,33.0,,,2,2,2,1,3
202100055731,2021-01-09 16:40:00,2021,1,9,16,40,22,22174,intersection D786/D16,48.614254,-2.336869,Plein jour,Hors agglomération,Intersection en T,Normale,Deux véhicules - côté,3,2,2,0,3,3,1,5,1,70,,2,1,0,0,1,74.0,16.0,,,1,1,3,1,3
202100055732,2021-01-09 19:50:00,2021,1,9,19,50,59,59578,Rue du Bois,50.668219,2.494245,Nuit sans éclairage public,Hors agglomération,Hors intersection,Normale,Autre collision,4,2,2,0,1,1,8,0,3,80,,2,0,0,0,2,20.0,,,,3,1,1,1,6
202100055733,2021-01-09 20:15:00,2021,1,9,20,15,13,13026,A55-Sens Marseille vers Martigues,43.4018107796,5.1164617398,Crépuscule ou aube,Hors agglomération,Hors intersection,Normale,Deux véhicules - côté,1,1,2,0,1,1,1,0,1,90,,2,1,0,0,1,,28.0,,,2,1,1,1,3
202100055734,2021-01-08 18:20:00,2021,1,8,18,20,13,13210,A50-Sens Marseille vers Aubagne,43.282708,5.396648,Nuit sans éclairage public,Hors agglomération,Hors intersection,Normale,Trois véhicules et plus - en chaîne,1,1,3,0,1,1,1,0,1,90,,3,2,0,0,1,55.0,26.0,,,3,1,1,1,4
202100055735,2021-01-09 12:30:00,2021,1,9,12,30,91,91161,AUTOROUTE A6,48.701,2.309756,Plein jour,Hors agglomération,Hors intersection,Normale,Deux véhicules - arrière,1,1,4,0,2,2,1,0,1,110,,3,1,0,0,2,34.0,29.0,,,1,1,1,1,2
202100055736,2021-01-09 13:00:00,2021,1,9,13,0,92,92050,A86,48.9180741498,2.2229397297,Plein jour,Hors agglomération,Hors intersection,Normale,Deux véhicules - arrière,1,3,6,0,1,1,2,0,1,90,,4,2,0,0,2,71.0,66.0,,,1,1,1,1,2
202100055737,2021-01-09 03:10:00,2021,1,9,3,10,78,78217,A13Y,48.96357,1.82967,Nuit sans éclairage public,Hors agglomération,Hors intersection,Temps couvert,Deux véhicules - frontale,1,1,3,0,1,1,1,0,1,130,,2,1,0,0,1,22.0,21.0,,,3,1,1,8,1
202100055738,2021-01-09 07:50:00,2021,1,9,7,50,95,95527,A1,48.98764,2.50825,Nuit avec éclairage non allumé,Hors agglomération,Hors intersection,Normale,Trois véhicules et plus - collisions multiples,1,3,10,0,1,1,1,0,1,110,,3,1,0,0,2,56.0,45.0,,,4,1,1,1,5
202100055739,2021-01-09 02:50:00,2021,1,9,2,50,94,94069,A4,48.8165055136,2.4499449509,Nuit avec éclairage allumé,Hors agglomération,Hors intersection,Autre,Sans collision,1,1,3,0,2,2,9,0,1,90,,1,0,0,0,1,39.0,,,,5,1,1,9,7
202100055740,2021-01-07 21:16:00,2021,1,7,21,16,77,77121,A4,48.8319038359,2.6740819216,Nuit sans éclairage public,Hors agglomération,Hors intersection,Pluie légère,Autre collision,1,1,3,0,2,1,2,0,1,110,,5,1,0,0,4,22.0,44.0,,,3,1,1,2,6
202100055741,2021-01-08 15:08:00,2021,1,8,15,8,974,97409,Route de Champ Borne,-20.9426569109,55.6797623634,Plein jour,En agglomération,Hors intersection,Normale,Autre collision,3,2,0,0,1,1,1,0,1,30,,2,0,0,0,2,31.0,,,,1,2,1,1,6
202100055742,2021-01-07 22:30:00,2021,1,7,22,30,973,97302,BADUEL (ROUTE DE),4.92899,-52.29677,Nuit sans éclairage public,En agglomération,Hors intersection,Normale,Autre collision,3,2,2,1,1,1,2,0,1,50,,1,0,0,0,1,20.0,,,,3,2,1,1,6
202100055743,2021-01-08 19:30:00,2021,1,8,19,30,69,69259,VAILLANT COUTURIER (R),45.7260080308,4.8579847813,Nuit avec éclairage allumé,En agglomération,Intersection en T,Normale,Deux véhicules - côté,4,1,1,0,1,1,1,0,1,50,,2,0,0,0,2,21.0,46.0,,,5,2,3,1,3
202100055744,2021-01-08 14:50:00,2021,1,8,14,50,69,69383,WILSON                              (PT),45.76,4.84055,Plein jour,En agglomération,Hors intersection,Normale,Deux véhicules - côté,4,1,4,0,1,1,1,0,1,50,,2,1,0,1,0,30.0,52.0,,,1,2,1,1,3
202100055745,2021-01-08 13:00:00,2021,1,8,13,0,972,97213,ROUTE NATIONALE 5,14.59579,-60.98718,Plein jour,Hors agglomération,Hors intersection,Normale,Trois véhicules et plus - collisions multiples,2,1,3,0,1,3,1,0,1,70,,4,2,0,0,2,49.0,29.0,,,1,1,1,1,5
202100055746,2021-01-08 13:00:00,2021,1,8,13,0,972,97213,FERNAND GUILLON (BOULEVARD),14.61637,-60.99767,Plein jour,En agglomération,Hors intersection,Normale,Deux véhicules - côté,4,2,2,0,1,1,1,0,1,50,,2,1,0,1,0,28.0,38.0,,,1,2,1,1,3
202100055747,2021-01-08 07:50:00,2021,1,8,7,50,972,97213,ROUTE NATIONALE 1,14.64916,-60.97511,Plein jour,En agglomération,Hors intersection,Normale,Sans collision,2,-1,2,0,1,2,1,0,1,90,,1,0,0,1,0,49.0,,,,1,2,1,1,7
202100055748,2021-01-08 08:43:00,2021,1,8,8,43,972,97209,RN9,14.60774,-61.0424,Plein jour,En agglomération,Hors intersection,Normale,Deux véhicules - arrière,2,3,4,0,1,1,1,9,1,70,,2,1,0,0,1,27.0,41.0,,,1,2,1,1,2
202100055749,2021-01-08 12:50:00,2021,1,8,12,50,69,69384,WINSTON CHURCHILL                   (PT),45.7790468008,4.8415457835,Plein jour,En agglomération,Hors intersection,Normale,Deux véhicules - côté,4,2,6,0,1,1,1,2,1,50,,2,1,0,0,1,40.0,49.0,,,1,2,1,1,3
202100055750,2021-01-08 16:40:00,2021,1,8,16,40,2B,2B033,GIACCOBBI - AV PAUL,42.67223,9.43834,Plein jour,En agglomération,Hors intersection,Normale,Deux véhicules - côté,4,1,2,0,2,1,1,0,1,50,,2,1,0,0,1,22.0,36.0,,,1,2,1,1,3
202100055751,2021-01-07 10:06:00,2021,1,7,10,6,2B,2B033,TUNNEL,42.69386,9.45234,Plein jour,En agglomération,Hors intersection,Normale,Deux véhicules - frontale,9,2,2,0,1,3,1,1,1,50,,2,1,0,1,0,22.0,76.0,,,1,2,1,1,1
202100055752,2021-01-08 09:00:00,2021,1,8,9,0,971,97101,Route de Chazeau,16.28871,-61.4731,Plein jour,Hors agglomération,Intersection en T,Normale,Deux véhicules - côté,3,-1,2,0,1,3,1,0,1,70,,2,0,0,0,2,23.0,79.0,,,1,1,3,1,3
202100055753,2021-01-07 18:50:00,2021,1,7,18,50,971,97101,PETIT PEROU,16.259,-61.518,Crépuscule ou aube,En agglomération,Hors intersection,Normale,Autre collision,4,2,2,0,1,3,1,0,1,50,,2,1,0,0,1,71.0,,,,2,2,1,1,6
202100055754,2021-01-08 14:25:00,2021,1,8,14,25,2A,2A004,DEL PELLEGRINO RUE DOCTEUR FRANCOIS,41.9290497287,8.7366653433,Plein jour,En agglomération,Hors intersection,Normale,Deux véhicules - côté,4,2,2,0,2,1,1,0,1,50,,2,1,0,0,1,55.0,43.0,,,1,2,1,1,3
202100055755,2021-01-08 07:40:00,2021,1,8,7,40,2A,2A004,ROMARINS RUE DES,41.931247699,8.7330735579,Crépuscule ou aube,En agglomération,Hors intersection,Normale,Autre collision,4,2,2,0,1,1,1,6,1,50,,2,1,0,0,1,,,,,2,2,1,1,6
202100055756,2021-01-08 10:15:00,2021,1,8,10,15,91,91691,CAMALDULES(RUE,48.71433,2.5069,Plein jour,En agglomération,Hors intersection,Normale,Autre collision,4,1,1,0,2,3,2,0,1,30,,1,0,0,1,0,44.0,,,,1,2,1,1,6
202100055757,2021-01-08 08:20:00,2021,1,8,8,20,91,91691,BELLEVUE(RUE),48.71723,2.48235,Plein jour,En agglomération,Autre intersection,Normale,Autre collision,4,1,1,0,2,1,1,0,1,30,,2,1,0,0,1,31.0,,,,1,2,9,1,6
202100055758,2021-01-08 07:45:00,2021,1,8,7,45,91,91432,AV RENE MORIN,48.693749,2.324039,Crépuscule ou aube,En agglomération,Hors intersection,Normale,Deux véhicules - arrière,4,2,2,0,1,1,1,0,1,50,,2,1,0,0,1,23.0,32.0,,,2,2,1,1,2
202100055759,2021-01-07 17:19:00,2021,1,7,17,19,87,87085,BEAUBLANC (BOULEVARD DE),45.84618,1.24283,Plein jour,En agglomération,Hors intersection,Normale,Deux véhicules - côté,4,3,4,0,1,1,1,0,1,50,,2,1,0,0,1,20.0,54.0,,,1,2,1,1,3
202100055760,2021-01-07 18:40:00,2021,1,7,18,40,86,86214,Chemin du Petit Rocfer,46.56404,0.35251,Nuit avec éclairage allumé,En agglomération,Hors intersection,Normale,Autre collision,4,1,1,0,1,1,1,0,1,50,,2,1,0,1,0,45.0,,,,5,2,1,1,6
202100055761,2021-01-08 02:40:00,2021,1,8,2,40,81,81004,TEYSSIER (AV DU COLONEL),43.9216805976,2.1663115919,Nuit avec éclairage allumé,En agglomération,Hors intersection,Normale,Autre collision,6,-1,-1,0,1,1,7,5,8,50,,5,4,0,0,1,25.0,,,,5,2,1,1,6