accident_id,datetime,annee,mois,jour,heure,minute,departement,commune_insee,adresse,latitude,longitude,luminosite,agglomeration,intersection,meteo,collision,catr,circ,nbv,vosp,prof,plan,surf,infra,situ,vma,nb_vehicules,nb_usagers,nb_indemnes,nb_tues,nb_blesses_hosp,nb_blesses_legers,age_cond_1,age_cond_2,veh_type_cond_1,veh_type_cond_2,lum_code,agg_code,int_code,atm_code,col_code
202100055762,2021-01-07 17:59:00,2021,1,7,17,59,80,80021,GEORGES GUYNEMER (RUE),49.91007,2.30049,Nuit avec éclairage allumé,En agglomération,Intersection en T,Pluie légère,Deux véhicules - côté,4,2,2,0,1,1,2,0,1,50,,2,1,0,0,1,29.0,38.0,,,5,2,3,2,3
202100055763,2021-01-07 19:18:00,2021,1,7,19,18,79,79191,Rue de l’Espingole,46.32436,-0.46785,Nuit avec éclairage allumé,En agglomération,Hors intersection,Normale,Sans collision,3,2,3,1,1,1,1,2,1,50,,2,1,0,0,1,33.0,,,,5,2,1,1,7
202100055764,2021-01-07 21:05:00,2021,1,7,21,5,79,79191,262 Route d’Aiffres,46.3115,-0.44676,Nuit avec éclairage allumé,En agglomération,Intersection en X,Normale,Deux véhicules - côté,3,2,3,3,1,1,1,5,1,50,,2,1,0,0,1,45.0,23.0,,,5,2,2,1,3
202100055765,2021-01-08 13:10:00,2021,1,8,13,10,76,76351,Rue Marcel Paul,49.49304,0.143,Plein jour,En agglomération,Intersection en T,Normale,Autre collision,4,2,1,1,1,1,1,0,1,50,,2,1,0,0,1,21.0,,,,1,2,3,1,6
202100055766,2021-01-08 07:45:00,2021,1,8,7,45,71,71270,R de Flacé,46.3140825468,4.8279337369,Nuit avec éclairage allumé,En agglomération,Hors intersection,Temps couvert,Autre collision,4,3,2,0,1,1,2,9,4,30,,2,1,0,0,1,66.0,,,,5,2,1,8,6
202100055767,2021-01-08 19:10:00,2021,1,8,19,10,69,69256,DROITS DE L'HOMME (DES) (BD),45.76377,4.93337,Nuit avec éclairage allumé,En agglomération,Intersection en X,Normale,Deux véhicules - côté,4,2,4,2,1,1,1,0,1,50,,2,1,1,0,0,35.0,21.0,,,5,2,2,1,3
202100055768,2021-01-08 21:25:00,2021,1,8,21,25,69,69266,ROGER SALENGRO  (AV),45.7775806213,4.8779848633,Nuit avec éclairage allumé,En agglomération,Hors intersection,Normale,Deux véhicules - arrière,4,3,2,0,1,1,1,0,1,50,,2,1,0,0,1,,27.0,,,5,2,1,1,2
202100055769,2021-01-08 11:10:00,2021,1,8,11,10,69,69029,8 MAI 1945 (DU) (AV),45.72759,4.91545,Plein jour,En agglomération,Hors intersection,Normale,Autre collision,6,-1,-1,0,1,1,1,0,8,10,,2,1,0,0,1,31.0,,,,1,2,1,1,6
202100055770,2021-01-07 18:25:00,2021,1,7,18,25,69,69275,ELISEE RECLUS (R),45.75853,4.95996,Nuit avec éclairage allumé,En agglomération,Giratoire,Normale,Deux véhicules - côté,4,1,3,0,1,1,1,0,1,50,,2,1,0,0,1,47.0,24.0,,,5,2,6,1,3
202100055771,2021-01-07 12:45:00,2021,1,7,12,45,69,69096,D386,45.60836,4.77243,Plein jour,En agglomération,Hors intersection,Normale,Autre collision,7,2,2,0,1,1,1,0,1,50,,2,1,0,0,1,24.0,,,,1,2,1,1,6
202100055772,2021-01-08 08:50:00,2021,1,8,8,50,67,67482,BROGLIE (PLACE),48.584482,7.748815,Crépuscule ou aube,En agglomération,Hors intersection,Temps couvert,Autre collision,4,2,2,0,1,1,1,0,1,50,,2,1,0,0,1,29.0,,,,2,2,1,8,6
202100055773,2021-01-08 12:10:00,2021,1,8,12,10,67,67482,Rue de Lausanne,48.5758640464,7.7563975377,Plein jour,En agglomération,Hors intersection,Temps couvert,Deux véhicules - arrière,4,2,2,0,1,1,1,0,1,50,,2,1,0,0,1,29.0,48.0,,,1,2,1,8,2
202100055774,2021-01-07 08:30:00,2021,1,7,8,30,66,66136,FLANDRES/DUNKERQUE (CARREFOUR),42.68668,2.90734,Plein jour,En agglomération,Hors intersection,Normale,Autre collision,4,-1,1,0,1,3,1,0,1,50,,2,1,0,0,1,75.0,,,,1,2,1,1,6
202100055775,2021-01-08 15:05:00,2021,1,8,15,5,64,64102,SOULT (AVENUE MARECHAL),43.48738,-1.48428,Plein jour,En agglomération,Hors intersection,Normale,Deux véhicules - côté,3,1,6,0,2,1,1,0,1,50,,4,3,0,0,1,34.0,24.0,,,1,2,1,1,3
202100055776,2021-01-08 14:30:00,2021,1,8,14,30,64,64102,AQUITAINE (AVENUE DE L'),43.48685,-1.47,Plein jour,En agglomération,Hors intersection,Normale,Deux véhicules - côté,4,2,4,1,2,1,1,0,5,50,,2,1,0,0,1,54.0,29.0,,,1,2,1,1,3
202100055777,2021-01-08 09:59:00,2021,1,8,9,59,64,64102,29 Avenue Maréchal Juin,43.49319,-1.45851,Plein jour,En agglomération,Hors intersection,Normale,Autre collision,5,-1,0,0,1,1,1,0,1,1,,2,1,0,1,0,91.0,,,,1,2,1,1,6
202100055778,2021-01-07 19:50:00,2021,1,7,19,50,59,59421,ESCALETTE (RUE),50.69918,3.14576,Nuit avec éclairage allumé,En agglomération,Intersection en X,Pluie légère,Deux véhicules - côté,4,2,0,0,1,1,2,0,1,30,,2,1,0,0,1,55.0,21.0,,,5,2,2,2,3
202100055779,2021-01-08 13:15:00,2021,1,8,13,15,59,59009,JAURES JEAN RUE    N°101 AU 263,50.66087,3.13743,Plein jour,En agglomération,Intersection en T,Normale,Deux véhicules - côté,4,2,2,0,1,1,1,5,1,50,,2,0,0,0,2,33.0,23.0,,,1,2,3,1,3
202100055780,2021-01-06 16:45:00,2021,1,6,16,45,59,59350,OUEST BOULEVARD DE L,50.62751,3.12174,Crépuscule ou aube,En agglomération,Intersection en X,Temps couvert,Deux véhicules - côté,7,3,2,1,1,1,2,0,1,50,,2,1,0,1,0,80.0,26.0,,,2,2,2,8,3
202100055781,2021-01-07 19:45:00,2021,1,7,19,45,56,56098,JAURES (RUE  JEAN ),47.76333,-3.36162,Nuit avec éclairage allumé,En agglomération,Hors intersection,Normale,Sans collision,3,2,2,0,1,1,1,0,1,50,,1,0,0,0,1,18.0,,,,5,2,1,1,7
202100055782,2021-01-07 09:45:00,2021,1,7,9,45,56,56121,LE BARILLEC (RUE  DU COLONEL ),47.7632746863,-3.3982152019,Plein jour,En agglomération,Intersection en X,Normale,Deux véhicules - côté,4,2,2,0,1,1,1,0,1,50,,3,2,0,0,1,46.0,66.0,,,1,2,2,1,3
202100055783,2021-01-05 09:10:00,2021,1,5,9,10,55,55545,MARECHAL DE LATTRE DE TASSIGNY  ( RP ),49.161,5.39,Plein jour,En agglomération,Giratoire,Temps couvert,Deux véhicules - côté,4,2,2,0,1,1,1,9,1,30,,2,1,0,0,1,54.0,76.0,,,1,2,6,8,3
202100055784,2021-01-08 21:00:00,2021,1,8,21,0,54,54395,PINCHARD (AVENUE - TAMARIS),48.703,6.15459,Nuit avec éclairage allumé,En agglomération,Intersection en T,Normale,Deux véhicules - côté,4,2,3,3,1,1,1,-1,1,50,,2,1,0,0,1,61.0,20.0,,,5,2,3,1,3
202100055785,2021-01-08 14:10:00,2021,1,8,14,10,54,54257,PROUVE (RUE VICTOR),48.6526793388,6.188057526,Plein jour,En agglomération,Intersection en T,Normale,Autre collision,4,2,2,0,1,1,1,0,1,50,,2,1,0,0,1,75.0,,,,1,2,3,1,6
202100055786,2021-01-08 12:10:00,2021,1,8,12,10,54,54395,MON DESERT (RUE),48.6845008996,6.1787205935,Plein jour,En agglomération,Intersection en X,Normale,Trois véhicules et plus - en chaîne,7,1,2,0,1,1,1,0,1,30,,3,2,0,0,1,34.0,57.0,,,1,2,2,1,4
202100055787,2021-01-08 14:45:00,2021,1,8,14,45,51,51454,Boulevard Louis Barthou,49.2336083657,4.0305754997,Plein jour,En agglomération,Hors intersection,Normale,Sans collision,4,2,1,0,2,1,1,0,1,50,,2,1,0,0,1,66.0,,,,1,2,1,1,7
202100055788,2021-01-08 08:00:00,2021,1,8,8,0,50,50647,VILLEDIEU (ROUTE DE),48.83752,-1.5501,Nuit avec éclairage allumé,En agglomération,Hors intersection,Autre,Deux véhicules - arrière,3,2,2,0,2,1,7,0,1,50,,2,1,0,0,1,25.0,23.0,,,5,2,1,9,2
202100055789,2021-01-07 16:10:00,2021,1,7,16,10,50,50602,LAGRANGE (RUE LEO),49.63922,-1.58354,Plein jour,En agglomération,Intersection en X,Normale,Autre collision,4,2,3,0,1,1,1,0,1,50,,2,1,0,0,1,59.0,,,,1,2,2,1,6
202100055790,2021-01-08 08:50:00,2021,1,8,8,50,49,49007,BIRGE BOULEVARD,47.48208,-0.52236,Crépuscule ou aube,En agglomération,Intersection en X,Normale,Deux véhicules - côté,4,-1,2,0,1,1,1,0,1,50,,2,1,0,0,1,34.0,49.0,,,2,2,2,1,3
202100055791,2021-01-08 07:50:00,2021,1,8,7,50,49,49015,MENDES FRANCE AVENUE PIERRE,47.504176,-0.586785,Nuit avec éclairage allumé,En agglomération,Hors intersection,Normale,Sans collision,4,-1,2,0,1,1,7,0,1,50,,1,0,0,0,1,34.0,,,,5,2,1,1,7
202100055792,2021-01-07 07:50:00,2021,1,7,7,50,44,44184,VILLE HALLUARD (RUE DE LA),47.28453,-2.20331,Crépuscule ou aube,En agglomération,Intersection en X,Normale,Deux véhicules - frontale,4,2,2,0,1,1,1,0,1,50,,2,1,0,0,1,19.0,60.0,,,2,2,2,1,1
202100055793,2021-01-08 09:00:00,2021,1,8,9,0,38,38185,Rocade Sud,45.15857,5.70907,Plein jour,Hors agglomération,Hors intersection,Normale,Deux véhicules - côté,2,3,4,0,1,1,1,0,1,90,,2,1,0,0,1,44.0,23.0,,,1,1,1,1,3
202100055794,2021-01-08 08:30:00,2021,1,8,8,30,38,38151,Avenue de Grugliasco,45.14926,5.72047,Plein jour,En agglomération,Intersection en X,Normale,Deux véhicules - côté,4,2,2,0,1,1,1,0,1,50,,2,1,0,0,1,44.0,30.0,,,1,2,2,1,3
202100055795,2021-01-08 21:15:00,2021,1,8,21,15,37,37122,RD 37,47.3395723179,0.6672203857,Nuit sans éclairage public,Hors agglomération,Hors intersection,Normale,Sans collision,3,1,4,0,2,2,1,0,3,90,,1,0,0,0,1,41.0,,,,3,1,1,1,7
202100055796,2021-01-08 16:15:00,2021,1,8,16,15,37,37122,POMMIERS (RUE DES ),47.3607875609,0.6592927174,Plein jour,En agglomération,Hors intersection,Normale,Sans collision,4,2,2,0,1,1,1,0,1,50,,1,0,0,0,1,16.0,,,,1,2,1,1,7
202100055797,2021-01-08 12:57:00,2021,1,8,12,57,35,35238,VEYETTES (DES),48.09768,-1.63021,Plein jour,En agglomération,Intersection en Y,Normale,Autre collision,4,2,2,0,1,3,1,0,1,50,,2,1,0,0,1,,49.0,,,1,2,4,1,6
202100055798,2021-01-08 19:25:00,2021,1,8,19,25,34,34172,DUBOUT (AVENUE ALBERT),43.60334,3.89061,Nuit avec éclairage allumé,En agglomération,Hors intersection,Normale,Deux véhicules - côté,4,1,2,0,1,1,1,0,1,50,,2,1,0,0,1,41.0,49.0,,,5,2,1,1,3
202100055799,2021-01-08 19:45:00,2021,1,8,19,45,34,34172,DUBOUT (AVENUE ALBERT),43.60334,3.89061,Nuit avec éclairage allumé,En agglomération,Hors intersection,Normale,Deux véhicules - arrière,4,1,2,0,1,1,1,0,1,50,,2,1,0,1,0,45.0,23.0,,,5,2,1,1,2
202100055800,2021-01-07 07:40:00,2021,1,7,7,40,34,34032,ROUTE DEPARTEMENTALE 612,43.36237,3.24291,Nuit sans éclairage public,Hors agglomération,Hors intersection,Normale,Trois véhicules et plus - collisions multiples,3,3,4,0,1,3,1,0,1,90,,3,2,1,0,0,53.0,31.0,,,3,1,1,1,5
202100055801,2021-01-08 09:25:00,2021,1,8,9,25,33,33522,Rue Pacaris,44.797766,-0.581224,Plein jour,En agglomération,Giratoire,Temps éblouissant,Autre collision,4,2,2,0,1,1,1,0,1,50,,2,1,0,0,1,85.0,,,,1,2,6,7,6
202100055802,2021-01-08 12:20:00,2021,1,8,12,20,33,33529,BISCAROSSE (AVE) DUNE VERS BISCA,44.572214,-1.220448,Plein jour,Hors agglomération,Hors intersection,Autre,Autre collision,3,2,2,1,2,3,7,-1,5,70,,1,0,0,1,0,21.0,,,,1,1,1,9,6
202100055803,2021-01-08 08:36:00,2021,1,8,8,36,31,31149,Rond-point de Gascogne,43.60859,1.3268,Crépuscule ou aube,En agglomération,Hors intersection,Normale,Deux véhicules - arrière,7,1,2,0,1,2,1,0,1,50,,2,1,0,0,1,29.0,59.0,,,2,2,1,1,2
202100055804,2021-01-07 15:25:00,2021,1,7,15,25,31,31555,VA007331 A620,43.56913,1.42153,Plein jour,En agglomération,Hors intersection,Normale,Autre collision,1,4,3,0,1,1,1,0,1,90,,1,0,0,0,1,60.0,,,,1,2,1,1,6
202100055805,2021-01-07 19:10:00,2021,1,7,19,10,31,31555,Rond-Point Louis Destrem,43.58785,1.39456,Nuit avec éclairage allumé,En agglomération,Hors intersection,Normale,Deux véhicules - côté,7,1,-1,0,1,3,1,0,1,50,,2,1,0,1,0,21.0,46.0,,,5,2,1,1,3
202100055806,2021-01-08 15:40:00,2021,1,8,15,40,27,27375,TABARLY (VOIE ERIC),49.2095,1.1805,Plein jour,En agglomération,Hors intersection,Normale,Autre collision,3,2,2,0,1,1,1,6,1,50,,2,1,0,0,1,71.0,,,,1,2,1,1,6
202100055807,2021-01-08 14:45:00,2021,1,8,14,45,25,25056,JACQUARD RUE,47.240122,5.993761,Plein jour,En agglomération,Intersection en Y,Normale,Autre collision,4,2,2,0,1,1,1,0,1,50,,2,1,0,0,1,73.0,,,,1,2,4,1,6
202100055808,2021-01-08 13:25:00,2021,1,8,13,25,24,24037,PIMONT (BOULEVAR LOUIS),44.8453,0.48881,Plein jour,En agglomération,Hors intersection,Normale,Deux véhicules - arrière,3,2,2,0,2,1,1,2,1,50,,2,1,0,1,0,30.0,75.0,,,1,2,1,1,2
202100055809,2021-01-06 11:40:00,2021,1,6,11,40,22,22106,,48.4969,-2.72356,Plein jour,En agglomération,Autre intersection,Normale,Deux véhicules - arrière,2,1,1,0,1,1,1,3,1,70,,4,3,0,0,1,38.0,36.0,,,1,2,9,1,2
202100055810,2021-01-07 11:03:00,2021,1,7,11,3,17,17306,PERCHE (DE LA) (BD),45.63011,-1.04705,Plein jour,En agglomération,Hors intersection,Normale,Deux véhicules - frontale,4,2,2,0,1,1,1,0,1,50,,2,1,0,0,1,36.0,72.0,,,1,2,1,1,1
202100055811,2021-01-07 14:10:00,2021,1,7,14,10,14,14366,Rue Roger Aini,49.14503,0.26002,Plein jour,En agglomération,Hors intersection,Normale,Autre collision,4,2,2,0,1,1,1,0,1,50,,2,1,0,1,0,58.0,,,,1,2,1,1,6
202100055812,2021-01-08 11:20:00,2021,1,8,11,20,14,14118,Boulevard Maréchal Juin,49.21118,-0.36339,Plein jour,En agglomération,Intersection en X,Normale,Deux véhicules - côté,3,1,1,0,1,1,1,5,1,50,,2,0,0,0,2,69.0,20.0,,,1,2,2,1,3
202100055813,2021-01-08 18:15:00,2021,1,8,18,15,13,13211,SAINT LOUP (BOULEVARD DE),43.284032,5.435628,Nuit avec éclairage allumé,En agglomération,Hors intersection,Normale,Autre collision,4,2,2,0,1,1,1,0,1,50,,2,0,0,0,2,65.0,,,,5,2,1,1,6
202100055814,2021-01-06 12:45:00,2021,1,6,12,45,13,13202,MIRABEAU (BOULEVARD),43.31453,5.37054,Plein jour,En agglomération,Intersection en X,Normale,Autre collision,4,2,2,0,1,1,1,0,1,50,,2,1,0,0,1,22.0,,,,1,2,2,1,6
202100055815,2021-01-07 09:45:00,2021,1,7,9,45,13,13204,MARÉCHAL FOCH (AVENUE),43.30214,5.39746,Plein jour,En agglomération,Hors intersection,Normale,Autre collision,4,1,2,0,1,1,1,0,1,50,,2,1,0,0,1,45.0,,,,1,2,1,1,6
202100055816,2021-01-07 02:25:00,2021,1,7,2,25,13,13213,JEAN PAUL SARTRE (AVENUE),43.3269314409,5.4258045409,Nuit avec éclairage allumé,En agglomération,Hors intersection,Normale,Deux véhicules - frontale,7,3,2,0,1,1,1,0,1,50,,2,0,1,0,1,25.0,23.0,,,5,2,1,1,1
202100055817,2021-01-05 17:10:00,2021,1,5,17,10,13,13063,OLYMPIE BOULEVARD D',43.59195,5.00209,Crépuscule ou aube,En agglomération,Autre intersection,Normale,Autre collision,4,2,2,0,1,1,1,0,1,30,,2,1,0,0,1,43.0,,,,2,2,9,1,6
202100055818,2021-01-08 18:00:00,2021,1,8,18,0,10,10325,VICTOR HUGO (RUE),48.2666,4.062,Nuit avec éclairage allumé,En agglomération,Autre intersection,Temps couvert,Deux véhicules - frontale,4,2,2,0,1,1,1,9,1,30,,3,2,0,0,1,15.0,55.0,,,5,2,9,8,1
202100055819,2021-01-08 07:50:00,2021,1,8,7,50,10,10387,KLEBER (RUE),48.30326,4.08529,Crépuscule ou aube,En agglomération,Intersection en X,Temps couvert,Deux véhicules - côté,4,2,2,0,1,1,2,0,1,50,,2,1,0,0,1,34.0,18.0,,,2,2,2,8,3
202100055820,2021-01-07 09:32:00,2021,1,7,9,32,10,10387,CARNOT (RUE),48.29724,4.06594,Plein jour,En agglomération,Hors intersection,Temps couvert,Autre collision,4,1,1,0,1,1,2,5,1,50,,2,1,0,0,1,42.0,,,,1,2,1,8,6
202100055821,2021-01-08 14:15:00,2021,1,8,14,15,06,06123,PUGETS MOYENNE CORNICHE DES,43.710734,7.172339,Plein jour,En agglomération,Hors intersection,Normale,Deux véhicules - arrière,4,2,2,0,2,4,1,0,1,50,,2,1,0,0,1,57.0,40.0,,,1,2,1,1,2
202100055822,2021-01-08 12:30:00,2021,1,8,12,30,75,75115,PORTE BRANCION,48.826087,2.298306,Plein jour,En agglomération,Hors intersection,Normale,Deux véhicules - arrière,4,1,3,0,1,1,1,0,1,70,,3,2,0,0,1,25.0,27.0,,,1,2,1,1,2
202100055823,2021-01-08 14:30:00,2021,1,8,14,30,75,75120,BOULEVARD DAVOUT,48.849062,2.411235,Plein jour,En agglomération,Intersection en X,Normale,Deux véhicules - côté,4,2,4,0,1,1,1,0,1,50,,2,0,0,0,2,30.0,51.0,,,1,2,2,1,3
202100055824,2021-01-08 16:45:00,2021,1,8,16,45,75,75119,AVENUE DE LA PORTE CHAUMONT,48.886239,2.396734,Plein jour,En agglomération,Intersection en X,Normale,Deux véhicules - côté,4,2,3,0,1,1,1,0,1,50,,2,1,0,0,1,50.0,41.0,,,1,2,2,1,3
202100055825,2021-01-08 12:45:00,2021,1,8,12,45,75,75118,BOULEVARD ORNANO,48.893661,2.347954,Plein jour,En agglomération,Intersection en X,Normale,Autre collision,4,2,4,3,1,1,1,0,1,50,,2,1,0,0,1,39.0,,,,1,2,2,1,6
202100055826,2021-01-07 01:55:00,2021,1,7,1,55,75,75118,BOULEVARD NEY,48.89794,2.344357,Nuit avec éclairage allumé,En agglomération,Intersection en X,Temps couvert,Deux véhicules - côté,4,3,2,0,1,1,1,0,1,50,,5,4,0,0,1,30.0,37.0,,,5,2,2,8,3
202100055827,2021-01-08 18:20:00,2021,1,8,18,20,75,75117,AVENUE DE SAINT OUEN,48.8947762813,2.3280092329,Nuit avec éclairage allumé,En agglomération,Hors intersection,Normale,Autre collision,4,3,3,1,2,1,1,0,1,50,,2,1,0,0,1,39.0,,,,5,2,1,1,6
202100055828,2021-01-08 19:47:00,2021,1,8,19,47,75,75115,RUE VIGEE LEBRUN,48.839476,2.309528,Nuit sans éclairage public,En agglomération,Intersection en X,Normale,Autre collision,4,1,1,0,1,1,1,0,1,50,,2,1,0,0,1,,,,,3,2,2,1,6
202100055829,2021-01-08 12:45:00,2021,1,8,12,45,75,75103,RUE DE BRETAGNE,48.862288,2.363723,Plein jour,En agglomération,Intersection en X,Normale,Autre collision,4,1,0,0,1,1,1,0,1,50,,3,2,0,0,1,22.0,,,,1,2,2,1,6
202100055830,2021-01-07 20:15:00,2021,1,7,20,15,75,75108,QUAI DES TUILERIES,48.864089,2.32011,Nuit avec éclairage allumé,En agglomération,Place,Pluie légère,Sans collision,4,3,2,1,1,1,2,-1,5,30,,1,0,0,0,1,29.0,,,,5,2,7,2,7
202100055831,2021-01-08 12:15:00,2021,1,8,12,15,94,94081,Boulevard de Stalingrad,48.78095,2.38253,Plein jour,En agglomération,Hors intersection,Normale,Autre collision,3,2,4,0,1,1,2,0,1,30,,2,1,0,0,1,56.0,71.0,,,1,2,1,1,6
202100055832,2021-01-08 07:35:00,2021,1,8,7,35,94,94044,Avenue de Verdun,48.749807,2.481308,Nuit avec éclairage allumé,En agglomération,Hors intersection,Autre,Autre collision,3,1,2,0,1,1,7,0,1,50,,2,1,0,0,1,45.0,,,,5,2,1,9,6
202100055833,2021-01-08 20:45:00,2021,1,8,20,45,94,94003,ARISTIDE BRIAND (AV),48.80576,2.32566,Nuit avec éclairage allumé,En agglomération,Intersection en X,Normale,Deux véhicules - côté,3,2,4,2,1,1,1,0,1,50,,2,1,0,1,0,56.0,20.0,,,5,2,2,1,3
202100055834,2021-01-08 12:35:00,2021,1,8,12,35,94,94073,Boulevard de Stalingrad,48.770717,2.401373,Plein jour,En agglomération,Hors intersection,Normale,Deux véhicules - côté,3,3,4,0,1,1,1,0,1,50,,4,3,0,0,1,22.0,30.0,,,1,2,1,1,3
202100055835,2021-01-07 18:20:00,2021,1,7,18,20,94,94033,GALLIENI (BD),48.84886,2.47764,Nuit avec éclairage allumé,En agglomération,Hors intersection,Pluie légère,Autre collision,3,2,2,0,1,1,2,0,1,50,,2,1,0,0,1,20.0,,,,5,2,1,2,6
202100055836,2021-01-08 08:20:00,2021,1,8,8,20,94,94028,OUDRY.(BOULVARD JEAN BAPTISTE),48.77109,2.46132,Plein jour,En agglomération,Hors intersection,Temps couvert,Deux véhicules - côté,4,2,2,0,1,1,2,0,1,50,,2,1,0,0,1,66.0,28.0,,,1,2,1,8,3
202100055837,2021-01-08 18:00:00,2021,1,8,18,0,94,94019,LIBERATION (RTE DE LA),48.80418,2.53617,Nuit avec éclairage allumé,En agglomération,Hors intersection,Normale,Deux véhicules - côté,3,3,2,0,1,1,1,9,1,50,,2,1,0,0,1,55.0,31.0,,,5,2,1,1,3
202100055838,2021-01-08 15:29:00,2021,1,8,15,29,94,94059,MAURICE BERTEAUX (AV),48.8081596251,2.5700422695,Plein jour,En agglomération,Hors intersection,Normale,Deux véhicules - arrière,3,2,2,0,1,1,1,0,1,50,,2,1,0,0,1,46.0,44.0,,,1,2,1,1,2
202100055839,2021-01-07 08:07:00,2021,1,7,8,7,94,94053,GRANDE RUE PIERRE MENDES-FRANCE - PL JEA,48.76625,2.54046,Plein jour,En agglomération,Hors intersection,Normale,Deux véhicules - frontale,4,2,2,0,2,1,2,0,1,50,,2,1,0,0,1,17.0,56.0,,,1,2,1,1,1
202100055840,2021-01-08 13:40:00,2021,1,8,13,40,94,94004,GENERAL LECLERC (AV DU),48.7527008057,2.5065498352,Plein jour,En agglomération,Hors intersection,Temps couvert,Deux véhicules - côté,2,3,4,0,2,2,2,3,1,50,,3,2,0,0,1,24.0,,,,1,2,1,8,3
202100055841,2021-01-08 14:15:00,2021,1,8,14,15,93,93071,GABRIEL PERI (RUE),48.9412422298,2.5320715393,Plein jour,En agglomération,Hors intersection,Temps couvert,Autre collision,4,1,1,0,1,2,1,0,1,50,,2,1,0,1,0,57.0,,,,1,2,1,8,6
202100055842,2021-01-08 14:15:00,2021,1,8,14,15,93,93071,DUMONT D'URVILLE (AVENUE),48.9464005475,2.5222292764,Plein jour,En agglomération,Hors intersection,Normale,Autre collision,4,2,2,0,1,1,1,0,1,50,,2,0,0,0,1,,,,,1,2,1,1,6
202100055843,2021-01-08 08:35:00,2021,1,8,8,35,93,93066,"""SEMBAT MARCEL (BD), NR 2 A 66 ET 1 A 47",48.9314007088,2.3534755111,Plein jour,En agglomération,Hors intersection,Temps couvert,Autre collision,4,1,4,3,1,1,2,0,1,50,,2,1,0,0,1,26.0,,,,1,2,1,8,6
202100055844,2021-01-07 17:45:00,2021,1,7,17,45,93,93066,"""STRASBOURG, NR 36 ET SUIV ET 73 ET SUIV",48.93582,2.36704,Nuit avec éclairage allumé,En agglomération,Hors intersection,Pluie légère,Autre collision,4,-1,2,0,1,1,2,5,1,50,,2,1,0,1,0,19.0,,,,5,2,1,2,6
202100055845,2021-01-07 23:00:00,2021,1,7,23,0,93,93077,NEUILLY (RUE DE),48.87628,2.52548,Nuit avec éclairage allumé,En agglomération,Intersection en T,Normale,Deux véhicules - frontale,3,2,2,0,1,3,2,0,1,30,,3,0,0,0,3,51.0,20.0,,,5,2,3,1,1
202100055846,2021-01-08 14:24:00,2021,1,8,14,24,93,93048,PAUL VAILLANT COUTURIER (BOULEVARD),48.8659,2.4442,Plein jour,En agglomération,Hors intersection,Normale,Deux véhicules - côté,3,2,2,0,1,1,1,0,1,50,,2,1,0,0,1,21.0,37.0,,,1,2,1,1,3
202100055847,2021-01-08 10:30:00,2021,1,8,10,30,93,93048,COLMET LEPINAY (RUE),48.8542141102,2.4449930191,Plein jour,En agglomération,Intersection en X,Normale,Deux véhicules - côté,4,1,1,0,1,1,1,0,1,50,,2,1,0,0,1,34.0,53.0,,,1,2,2,1,3
202100055848,2021-01-08 08:15:00,2021,1,8,8,15,93,93015,STRATEGIQUE ROUTE,48.9244319777,2.574177598,Plein jour,Hors agglomération,Hors intersection,Normale,Deux véhicules - frontale,3,2,2,0,1,1,1,0,1,80,,2,0,0,0,2,67.0,40.0,,,1,1,1,1,1
202100055849,2021-01-08 07:00:00,2021,1,8,7,0,93,93032,MICHEL JANIN   (RUE),48.8801,2.5494,Nuit avec éclairage allumé,En agglomération,Intersection en T,Pluie légère,Autre collision,4,2,2,0,1,1,2,0,1,50,,2,1,0,0,1,41.0,,,,5,2,3,2,6
202100055850,2021-01-08 13:55:00,2021,1,8,13,55,93,93027,PASCAL (RUE),48.927265932,2.4021194347,Plein jour,En agglomération,Hors intersection,Normale,Deux véhicules - côté,4,2,2,0,1,1,1,0,1,10,,3,2,0,0,1,46.0,32.0,,,1,2,1,1,3
202100055851,2021-01-08 14:30:00,2021,1,8,14,30,93,93010,BONDY (PONT),48.9049846308,2.4701020557,Plein jour,En agglomération,Autre intersection,Normale,Autre collision,3,-1,3,0,1,1,1,0,1,50,,2,1,0,0,1,26.0,,,,1,2,9,1,6
202100055852,2021-01-08 13:00:00,2021,1,8,13,0,93,93001,LECUYER (RUE),48.90803,2.39458,Plein jour,En agglomération,Intersection en T,Normale,Deux véhicules - côté,4,2,2,0,1,1,1,0,1,50,,2,1,0,0,1,54.0,51.0,,,1,2,3,1,3
202100055853,2021-01-08 09:25:00,2021,1,8,9,25,92,92072,GRANDE RUE,48.82668,2.21995,Plein jour,En agglomération,Hors intersection,Temps couvert,Deux véhicules - arrière,3,2,5,0,1,1,1,0,1,50,,2,1,0,0,1,29.0,18.0,,,1,2,1,8,2
202100055854,2021-01-08 07:50:00,2021,1,8,7,50,92,92020,VERDUN AVENUE DE AUTRES N°,48.7948178671,2.2735205718,Plein jour,En agglomération,Hors intersection,Normale,Sans collision,3,2,2,0,2,1,2,0,4,50,,1,0,0,0,1,49.0,,,,1,2,1,1,7
202100055855,2021-01-08 09:45:00,2021,1,8,9,45,92,92048,TRIVAUX (AVENUE DE) N° 9,48.79734,2.23251,Plein jour,En agglomération,Autre intersection,Temps couvert,Sans collision,3,1,1,0,1,3,1,0,8,30,,1,0,0,0,1,39.0,,,,1,2,9,8,7
202100055856,2021-01-08 05:20:00,2021,1,8,5,20,92,92036,BASSIN N°6 (ROUTE DU),48.9487582903,2.2846788168,Nuit sans éclairage public,En agglomération,Hors intersection,Normale,Sans collision,4,-1,2,0,1,1,1,0,1,50,,1,0,0,0,1,25.0,,,,3,2,1,1,7