accident_id,datetime,annee,mois,jour,heure,minute,departement,commune_insee,adresse,latitude,longitude,luminosite,agglomeration,intersection,meteo,collision,catr,circ,nbv,vosp,prof,plan,surf,infra,situ,vma,nb_vehicules,nb_usagers,nb_indemnes,nb_tues,nb_blesses_hosp,nb_blesses_legers,age_cond_1,age_cond_2,veh_type_cond_1,veh_type_cond_2,lum_code,agg_code,int_code,atm_code,col_code
202100055857,2021-01-07 14:00:00,2021,1,7,14,0,92,92036,BASSIN N°6 (ROUTE DU),48.94933,2.29251,Plein jour,En agglomération,Hors intersection,Normale,Sans collision,4,2,2,0,2,1,2,1,1,50,,1,0,0,0,1,42.0,,,,1,2,1,1,7
202100055858,2021-01-08 16:50:00,2021,1,8,16,50,92,92026,Rue Victor Hugo,48.894517,2.258386,Plein jour,En agglomération,Autre intersection,Normale,Deux véhicules - arrière,4,1,2,0,1,1,1,9,1,50,,2,1,0,0,1,54.0,31.0,,,1,2,9,1,2
202100055859,2021-01-08 16:35:00,2021,1,8,16,35,92,92012,ANDRE MORIZET (AVENUE) 1/47 - 2/52,48.835839834,2.2392448783,Plein jour,En agglomération,Intersection en T,Normale,Deux véhicules - côté,3,2,0,0,1,1,1,9,1,50,,2,1,0,0,1,24.0,37.0,,,1,2,3,1,3
202100055860,2021-01-08 17:20:00,2021,1,8,17,20,43,43040,7 Avenue Edouard Herriot,45.295347,3.377285,Crépuscule ou aube,En agglomération,Hors intersection,Temps couvert,Autre collision,3,2,2,0,2,1,1,0,1,50,,2,1,0,0,1,61.0,,,,2,2,1,8,6
202100055861,2021-01-07 20:55:00,2021,1,7,20,55,974,97405,Rue Maxime Payet,-21.3687802927,55.5756926537,Nuit sans éclairage public,Hors agglomération,Hors intersection,Pluie légère,Autre collision,2,2,2,0,2,2,2,0,1,80,,2,1,0,0,1,20.0,,,,3,1,1,2,6
202100055862,2021-01-07 17:57:00,2021,1,7,17,57,12,12033,Route de Rodez,44.469508,2.729266,Nuit avec éclairage allumé,En agglomération,Hors intersection,Normale,Autre collision,3,2,2,0,1,1,1,0,1,50,,2,1,0,0,1,58.0,,,,5,2,1,1,6
202100055863,2021-01-09 17:10:00,2021,1,9,17,10,74,74010,R des Machurettes,45.960779,6.098013,Crépuscule ou aube,En agglomération,Hors intersection,Normale,Autre collision,4,2,2,0,3,2,1,0,3,50,,3,2,0,1,0,45.0,,,,2,2,1,1,6
202100055864,2021-01-09 12:45:00,2021,1,9,12,45,91,91665,Avenue de la Division Leclerc,48.664772,2.277723,Plein jour,En agglomération,Hors intersection,Normale,Deux véhicules - arrière,3,3,4,0,1,1,1,0,1,70,,2,1,0,0,1,48.0,54.0,,,1,2,1,1,2
202100055865,2021-01-09 15:10:00,2021,1,9,15,10,50,50164,Les Landes de Jacre,49.004818,-1.025773,Plein jour,Hors agglomération,Autre intersection,Temps éblouissant,Deux véhicules - frontale,4,2,2,0,1,1,6,0,1,80,,3,2,0,1,0,53.0,47.0,,,1,1,9,7,1
202100055866,2021-01-08 17:40:00,2021,1,8,17,40,63,63178,Boulevard Jules Cibrand,45.545267,3.250778,Nuit avec éclairage allumé,En agglomération,Hors intersection,Normale,Sans collision,4,2,2,0,1,1,1,0,1,50,,2,1,0,0,1,16.0,34.0,,,5,2,1,1,7
202100055867,2021-01-08 17:55:00,2021,1,8,17,55,38,38095,Grande Rue,45.14145,5.2874,Nuit avec éclairage allumé,En agglomération,Hors intersection,Normale,Autre collision,3,2,2,0,1,1,1,9,1,50,,2,1,1,0,0,81.0,,,,5,2,1,1,6
202100055868,2021-01-08 19:30:00,2021,1,8,19,30,02,02671,D934,49.511274,3.189007,Nuit sans éclairage public,En agglomération,Hors intersection,Normale,Autre collision,3,2,2,0,1,1,1,0,1,50,,3,1,1,0,1,26.0,27.0,,,3,2,1,1,6
202100055869,2021-01-09 15:15:00,2021,1,9,15,15,16,16173,Agglo de Villesoubis,45.920924,0.137094,Plein jour,En agglomération,Hors intersection,Normale,Autre collision,3,2,2,0,2,1,1,0,3,50,,1,0,0,1,0,41.0,,,,1,2,1,1,6
202100055870,2021-01-07 16:05:00,2021,1,7,16,5,53,53185,Le Haut St Julien (Pré-en-Pail),48.429337,-0.189129,Plein jour,Hors agglomération,Hors intersection,Normale,Autre collision,3,2,2,0,2,2,2,0,3,80,,1,0,0,1,0,55.0,,,,1,1,1,1,6
202100055871,2021-01-08 15:55:00,2021,1,8,15,55,30,30341,Route d'Aimargues,43.69081,4.26821,Plein jour,En agglomération,Hors intersection,Normale,Trois véhicules et plus - collisions multiples,3,2,2,0,1,1,1,0,1,50,,3,2,0,1,0,16.0,37.0,,,1,2,1,1,5
202100055872,2021-01-08 19:25:00,2021,1,8,19,25,973,97309,rue gaston monnerville,4.887064,-52.276801,Nuit avec éclairage allumé,En agglomération,Autre intersection,Pluie forte,Deux véhicules - frontale,4,2,2,0,1,1,2,0,1,50,,2,1,0,0,1,52.0,55.0,,,5,2,9,3,1
202100055873,2021-01-09 02:42:00,2021,1,9,2,42,30,30189,"Autoroute A9, point kilométrique 053.600",43.814959,4.363396,Nuit sans éclairage public,Hors agglomération,Hors intersection,Normale,Deux véhicules - frontale,1,3,5,0,1,1,1,0,1,130,,4,1,3,0,0,63.0,45.0,,,3,1,1,1,1
202100055874,2021-01-08 19:05:00,2021,1,8,19,5,27,27107,D139/D89,49.390375,0.621135,Nuit sans éclairage public,En agglomération,Intersection en X,Normale,Deux véhicules - côté,3,2,2,0,1,1,1,0,1,50,,2,1,0,0,1,38.0,45.0,,,3,2,2,1,3
202100055875,2021-01-03 18:30:00,2021,1,3,18,30,971,97128,Bel Étang,16.296492,-61.367097,Nuit avec éclairage allumé,Hors agglomération,Hors intersection,Normale,Autre collision,3,2,2,0,1,1,1,0,1,80,,2,1,0,1,0,53.0,,,,5,1,1,1,6
202100055876,2021-01-09 10:30:00,2021,1,9,10,30,95,95409,RD 11,49.0430577885,2.3387010399,Plein jour,En agglomération,Hors intersection,Normale,Deux véhicules - côté,3,1,1,1,3,3,1,0,1,30,,2,1,0,0,1,37.0,64.0,,,1,2,1,1,3
202100055877,2021-01-09 12:20:00,2021,1,9,12,20,04,04242,RD 4096,43.885599,5.863792,Plein jour,Hors agglomération,Autre intersection,Normale,Trois véhicules et plus - en chaîne,3,2,2,0,1,1,1,0,1,80,,5,1,0,0,4,26.0,29.0,,,1,1,9,1,4
202100055878,2021-01-07 19:30:00,2021,1,7,19,30,38,38197,Route de Lyon,45.752428,5.111802,Nuit sans éclairage public,Hors agglomération,Intersection en T,Temps couvert,Deux véhicules - côté,3,2,2,0,4,1,1,5,1,80,,2,0,0,1,1,42.0,73.0,,,3,1,3,8,3
202100055879,2021-01-09 17:45:00,2021,1,9,17,45,59,59370,Route de Feignies,50.31288,3.967786,Nuit sans éclairage public,Hors agglomération,Hors intersection,Brouillard / fumée,Sans collision,3,2,2,0,1,2,1,0,1,70,,1,0,0,0,1,32.0,,,,3,1,1,5,7
202100055880,2021-01-08 08:00:00,2021,1,8,8,0,38,38184,A43,45.6565828879,5.0846636295,Crépuscule ou aube,Hors agglomération,Hors intersection,Normale,Trois véhicules et plus - collisions multiples,1,1,4,0,1,1,2,0,1,130,,3,1,1,1,0,33.0,68.0,,,2,1,1,1,5
202100055881,2021-01-08 20:45:00,2021,1,8,20,45,91,91161,AUTOROUTE A6,48.7075,2.30727,Nuit sans éclairage public,En agglomération,Hors intersection,Normale,Deux véhicules - côté,1,1,4,0,1,1,1,0,1,110,,2,1,0,0,1,53.0,50.0,,,3,2,1,1,3
202100055882,2021-01-08 19:00:00,2021,1,8,19,0,92,92063,A86,48.8888479305,2.1682789922,Nuit sans éclairage public,En agglomération,Hors intersection,Normale,Deux véhicules - arrière,1,3,4,0,1,1,1,0,1,50,,2,1,0,0,1,60.0,48.0,,,3,2,1,1,2
202100055883,2021-01-07 22:00:00,2021,1,7,22,0,78,78362,A13,48.973763,1.72855,Nuit sans éclairage public,Hors agglomération,Hors intersection,Normale,Trois véhicules et plus - en chaîne,1,3,6,0,2,3,1,0,1,110,,3,2,0,0,1,22.0,51.0,,,3,1,1,1,4
202100055884,2021-01-08 19:20:00,2021,1,8,19,20,95,95018, A15,48.96151,2.26865,Nuit sans éclairage public,Hors agglomération,Hors intersection,Normale,Deux véhicules - arrière,1,3,10,0,1,1,1,0,1,110,,2,1,0,0,1,62.0,24.0,,,3,1,1,1,2
202100055885,2021-01-08 18:40:00,2021,1,8,18,40,95,95154, A1,49.05192,2.5478,Nuit avec éclairage non allumé,Hors agglomération,Hors intersection,Normale,Autre collision,1,3,6,0,1,1,1,0,1,110,,4,0,0,0,4,30.0,,,,4,1,1,1,6
202100055886,2021-01-07 17:00:00,2021,1,7,17,0,93,93007,A3,48.94315,2.47791,Crépuscule ou aube,Hors agglomération,Hors intersection,Pluie légère,Deux véhicules - arrière,1,3,6,0,1,3,2,0,1,90,,2,1,0,0,1,52.0,79.0,,,2,1,1,2,2
202100055887,2021-01-08 08:30:00,2021,1,8,8,30,94,94028,A86 EXT,48.799837147,2.4462785908,Crépuscule ou aube,Hors agglomération,Hors intersection,Normale,Deux véhicules - arrière,1,-1,4,0,1,1,1,0,1,90,,2,1,0,0,1,23.0,48.0,,,2,1,1,1,2
202100055888,2021-01-06 06:50:00,2021,1,6,6,50,988,98818,AVENUE DE LA VICTOIRE H. LAFLEUR,-22.27492,166.43901,Plein jour,En agglomération,Hors intersection,Pluie forte,Deux véhicules - côté,4,3,5,0,1,2,2,0,1,50,,2,1,0,0,1,28.0,47.0,,,1,2,1,3,3
202100055889,2021-01-07 09:30:00,2021,1,7,9,30,974,97411,Rue Roland Garros,-20.883468,55.448634,Plein jour,En agglomération,Intersection en T,Normale,Deux véhicules - côté,4,1,2,0,1,1,1,0,1,30,,2,1,0,0,1,43.0,,,,1,2,3,1,3
202100055890,2021-01-05 13:05:00,2021,1,5,13,5,974,97411,NOTRE DAME DE LA TRINITE (BOULEVARD),-20.89222,55.46101,Plein jour,En agglomération,Giratoire,Normale,Autre collision,4,2,2,0,2,1,1,0,4,50,,1,0,0,0,1,68.0,,,,1,2,6,1,6
202100055891,2021-01-07 15:35:00,2021,1,7,15,35,973,97302,TIGRE (ROUTE DU),4.90593,-52.30489,Plein jour,En agglomération,Intersection en T,Pluie forte,Deux véhicules - côté,3,2,2,0,1,3,2,5,1,50,,2,1,0,0,1,22.0,45.0,,,1,2,3,3,3
202100055892,2021-01-07 19:20:00,2021,1,7,19,20,69,69386,MARECHAL DE SAXE (AV),45.7660148898,4.8444369435,Nuit avec éclairage allumé,En agglomération,Intersection en T,Normale,Autre collision,4,2,3,3,1,1,1,-1,1,50,,2,1,0,0,1,24.0,,,,5,2,3,1,6
202100055893,2021-01-07 08:15:00,2021,1,7,8,15,69,69383,Avenue Lacassagne,45.7526089167,4.8700080414,Crépuscule ou aube,En agglomération,Intersection en X,Normale,Deux véhicules - frontale,4,2,2,2,1,1,1,0,1,50,,2,1,0,0,1,59.0,38.0,,,2,2,2,1,1
202100055894,2021-01-07 16:00:00,2021,1,7,16,0,972,97209,SOLEIL LEVANT (BOULEVARD DU),14.62085,-61.03896,Plein jour,Hors agglomération,Hors intersection,Normale,Trois véhicules et plus - collisions multiples,3,2,2,0,1,1,1,0,1,50,,4,3,0,0,1,31.0,,,,1,1,1,1,5
202100055895,2021-01-04 15:47:00,2021,1,4,15,47,2B,2B033,CARDO - RT INFERIEURE DE,42.69929,9.43075,Plein jour,En agglomération,Hors intersection,Normale,Autre collision,4,-1,2,0,2,4,1,0,1,50,,2,0,0,0,2,27.0,22.0,,,1,2,1,1,6
202100055896,2021-01-07 14:40:00,2021,1,7,14,40,971,97105,CHARLES DE GAULLE (BD DU GENERAL),16.00028,-61.73592,Plein jour,En agglomération,Hors intersection,Normale,Autre collision,2,2,2,0,1,1,1,0,1,50,,2,1,0,0,1,61.0,,,,1,2,1,1,6
202100055897,2021-01-08 00:50:00,2021,1,8,0,50,91,91421,RAYMOND POMIER (RUE),48.704309,2.450349,Nuit avec éclairage allumé,En agglomération,Hors intersection,Normale,Autre collision,4,2,2,0,1,1,2,0,1,50,,2,0,0,1,1,20.0,,,,5,2,1,1,6
202100055898,2021-01-06 17:15:00,2021,1,6,17,15,84,84007,Route de Cavaillon Mft,43.88902,4.92294,Crépuscule ou aube,Hors agglomération,Intersection en T,Normale,Trois véhicules et plus - collisions multiples,3,2,2,0,1,3,1,0,1,50,,4,2,0,1,1,82.0,30.0,,,2,1,3,1,5
202100055899,2021-01-05 17:40:00,2021,1,5,17,40,80,80021,JEAN MERMOZ (RUE),49.892927,2.308792,Nuit avec éclairage allumé,En agglomération,Intersection en X,Normale,Deux véhicules - côté,4,1,1,0,1,1,1,0,1,50,,2,1,0,0,1,32.0,31.0,,,5,2,2,1,3
202100055900,2021-01-07 12:25:00,2021,1,7,12,25,79,79081,Route de Paris,46.34514,-0.3689,Plein jour,En agglomération,Hors intersection,Normale,Deux véhicules - arrière,3,3,4,0,1,1,1,0,1,110,,2,1,0,0,1,25.0,47.0,,,1,2,1,1,2
202100055901,2021-01-07 09:30:00,2021,1,7,9,30,78,78418,JEAN CLAUDE BEZANIER (RUE),48.91142,2.14905,Plein jour,En agglomération,Hors intersection,Normale,Deux véhicules - frontale,4,2,2,0,1,1,2,0,1,50,,2,1,0,0,1,30.0,18.0,,,1,2,1,1,1
202100055902,2021-01-07 08:15:00,2021,1,7,8,15,77,77181,MARYSE BASTIE  (RUE   ),48.82253,2.70172,Plein jour,En agglomération,Autre intersection,Temps couvert,Autre collision,4,1,0,0,1,1,2,0,1,30,,3,2,0,0,1,19.0,,,,1,2,9,8,6
202100055903,2021-01-06 17:30:00,2021,1,6,17,30,76,76341,RUE DE VERDUN,49.503163996,0.1909241923,Nuit avec éclairage allumé,Hors agglomération,Hors intersection,Normale,Deux véhicules - côté,3,3,4,0,1,1,1,2,1,50,,2,1,0,0,1,47.0,,,,5,1,1,1,3
202100055904,2021-01-06 12:52:00,2021,1,6,12,52,76,76305,Route de la Seine,49.5049,0.22288,Plein jour,En agglomération,Hors intersection,Normale,Deux véhicules - frontale,4,2,2,0,1,1,1,0,1,50,,2,1,0,0,1,46.0,35.0,,,1,2,1,1,1
202100055905,2021-01-07 16:00:00,2021,1,7,16,0,64,64102,JORLIS (ROND POINT DE),43.49845,-1.49343,Plein jour,En agglomération,Giratoire,Normale,Deux véhicules - côté,4,1,2,0,1,2,1,0,1,50,,2,1,0,0,1,60.0,43.0,,,1,2,6,1,3
202100055906,2021-01-07 07:45:00,2021,1,7,7,45,64,64102,BERNARD (CHEMIN DE SAINT),43.50248,-1.48371,Nuit avec éclairage allumé,En agglomération,Hors intersection,Normale,Deux véhicules - côté,4,2,2,0,1,1,1,0,1,50,,2,1,0,0,1,33.0,20.0,,,5,2,1,1,3
202100055907,2021-01-07 13:55:00,2021,1,7,13,55,63,63113,CHATEAUBRIAND (RUE),45.7892,3.0807,Plein jour,En agglomération,Giratoire,Normale,Deux véhicules - côté,7,3,4,0,1,1,2,5,1,50,,3,2,0,0,1,48.0,30.0,,,1,2,6,1,3
202100055908,2021-01-07 18:30:00,2021,1,7,18,30,59,59090,GAULLE (AVENUE DU GENERAL DE),50.68448,3.08499,Nuit avec éclairage allumé,En agglomération,Giratoire,Pluie légère,Trois véhicules et plus - en chaîne,7,2,2,0,1,1,2,5,1,50,,3,2,0,0,1,25.0,47.0,,,5,2,6,2,4
202100055909,2021-01-04 09:10:00,2021,1,4,9,10,59,59183,BERT PAUL,51.04701,2.41804,Plein jour,En agglomération,Hors intersection,Pluie légère,Autre collision,3,2,2,0,1,1,2,0,1,50,,1,0,1,0,0,58.0,,,,1,2,1,2,6
202100055910,2021-01-04 17:45:00,2021,1,4,17,45,59,59456,PERI GABRIEL(RUE),50.37248,3.23116,Nuit sans éclairage public,En agglomération,Hors intersection,Pluie légère,Autre collision,3,2,2,0,1,1,2,0,1,50,,2,1,0,0,1,22.0,,,,3,2,1,2,6
202100055911,2021-01-06 07:40:00,2021,1,6,7,40,58,58194,RUE ALBERT CAMUS,46.99295,3.12963,Crépuscule ou aube,En agglomération,Intersection en T,Pluie légère,Deux véhicules - frontale,4,2,2,0,1,1,2,0,1,30,,2,1,0,0,1,34.0,23.0,,,2,2,3,2,1
202100055912,2021-01-06 17:27:00,2021,1,6,17,27,54,54395,FUSILLES (PONT DES),48.6852942151,6.1804003268,Nuit avec éclairage allumé,En agglomération,Intersection en T,Pluie légère,Autre collision,7,2,4,2,1,1,2,-1,1,30,,2,1,0,0,1,41.0,,,,5,2,3,2,6
202100055913,2021-01-06 12:55:00,2021,1,6,12,55,54,54578,TALINTE (RUE DE),48.65384,6.11081,Plein jour,En agglomération,Intersection en T,Pluie légère,Deux véhicules - côté,4,2,2,0,1,1,2,0,1,50,,2,0,0,0,2,40.0,33.0,,,1,2,3,2,3
202100055914,2021-01-07 13:30:00,2021,1,7,13,30,51,51454,Rue du Ruisselet,49.244354108,4.0365382517,Plein jour,En agglomération,Hors intersection,Temps couvert,Deux véhicules - frontale,4,2,2,0,1,1,1,0,1,50,,2,1,0,0,1,15.0,48.0,,,1,2,1,8,1
202100055915,2021-01-06 09:10:00,2021,1,6,9,10,50,50602,COTENTIN (BOULEVARD DU),49.64009,-1.57289,Plein jour,En agglomération,Intersection en X,Pluie légère,Autre collision,4,2,2,0,1,1,2,5,1,50,,2,1,0,0,1,26.0,,,,1,2,2,2,6
202100055916,2021-01-05 17:35:00,2021,1,5,17,35,50,50129,BECQUEREL (RUE),49.62802,-1.63923,Nuit sans éclairage public,En agglomération,Hors intersection,Pluie légère,Autre collision,4,2,2,0,2,1,2,0,1,50,,2,1,0,0,1,80.0,,,,3,2,1,2,6
202100055917,2021-01-07 19:10:00,2021,1,7,19,10,45,45234,Rue du Faubourg de Bourgogne,47.9033391967,1.9317939251,Nuit avec éclairage non allumé,En agglomération,Hors intersection,Pluie légère,Autre collision,4,2,3,0,1,1,2,0,1,50,,2,1,0,1,0,85.0,,,,4,2,1,2,6
202100055918,2021-01-07 07:00:00,2021,1,7,7,0,44,44109,BOULEVARD LEON JOUHAUX,47.20872,-1.58722,Nuit avec éclairage allumé,En agglomération,Giratoire,Normale,Deux véhicules - côté,4,3,2,1,1,1,2,0,1,50,,2,1,0,0,1,17.0,57.0,,,5,2,6,1,3
202100055919,2021-01-07 17:55:00,2021,1,7,17,55,37,37261,HEURTELOUP (BOULEVARD),47.3927577725,0.7011255058,Nuit avec éclairage allumé,En agglomération,Intersection en X,Normale,Autre collision,4,2,5,0,1,1,1,0,1,50,,2,1,0,0,1,18.0,21.0,,,5,2,2,1,6
202100055920,2021-01-06 11:15:00,2021,1,6,11,15,37,37261,EIFFEL (AVENUE GUSTAVE),47.4241894486,0.6973033317,Plein jour,En agglomération,Hors intersection,Normale,Autre collision,4,2,3,0,1,1,1,0,1,50,,2,1,0,0,1,41.0,,,,1,2,1,1,6
202100055921,2021-01-07 17:00:00,2021,1,7,17,0,35,35238,PORTE DES LOGES,48.09018,-1.63004,Plein jour,Hors agglomération,Autre intersection,Normale,Trois véhicules et plus - en chaîne,2,3,4,0,1,1,1,0,1,90,,3,0,0,1,2,21.0,37.0,,,1,1,9,1,4
202100055922,2021-01-07 15:10:00,2021,1,7,15,10,34,34172,CARRIEU (RUE MARIUS),43.61702,3.84212,Plein jour,En agglomération,Hors intersection,Normale,Deux véhicules - côté,4,2,4,0,2,1,1,0,1,50,,2,1,0,1,0,70.0,32.0,,,1,2,1,1,3
202100055923,2021-01-07 09:00:00,2021,1,7,9,0,33,33063,Boulevard Antoine Gautier,44.83657,-0.59903,Plein jour,En agglomération,Intersection en X,Normale,Deux véhicules - côté,4,3,4,3,1,1,1,5,1,50,,2,1,1,0,0,29.0,50.0,,,1,2,2,1,3
202100055924,2021-01-07 15:10:00,2021,1,7,15,10,33,33529,Boulevard de Cazaux,44.6129,-1.13476,Plein jour,En agglomération,Intersection en T,Normale,Deux véhicules - côté,3,2,2,1,1,1,1,-1,1,50,,2,1,0,0,1,80.0,63.0,,,1,2,3,1,3
202100055925,2021-01-07 08:40:00,2021,1,7,8,40,32,32013,TOULOUSE (ROUTE DE),43.656,0.62566,Plein jour,Hors agglomération,Hors intersection,Normale,Deux véhicules - frontale,3,2,2,0,1,1,1,0,1,50,,2,0,0,0,2,39.0,34.0,,,1,1,1,1,1
202100055926,2021-01-07 18:15:00,2021,1,7,18,15,30,30007,THOREZ (AVE MAURICE),44.1379,4.08002,Crépuscule ou aube,En agglomération,Giratoire,Normale,Deux véhicules - côté,4,1,1,0,1,1,1,0,1,70,,2,1,0,0,1,20.0,45.0,,,2,2,6,1,3
202100055927,2021-01-06 17:55:00,2021,1,6,17,55,29,29039,Rue Vauban,47.8717019086,-3.9162442328,Nuit sans éclairage public,En agglomération,Hors intersection,Normale,Autre collision,4,2,2,0,1,1,1,2,1,20,,2,1,0,0,1,53.0,,,,3,2,1,1,6
202100055928,2021-01-07 07:50:00,2021,1,7,7,50,24,24037,MAINE DE BIRAN (BOULEVARD),44.85695,0.47512,Nuit avec éclairage allumé,En agglomération,Hors intersection,Normale,Autre collision,5,-1,1,0,1,1,1,0,1,50,,2,1,0,0,1,57.0,,,,5,2,1,1,6
202100055929,2021-01-07 21:06:00,2021,1,7,21,6,17,17300,GUITON   AVENUE JEAN (343-371),46.15977,-1.19789,Nuit avec éclairage allumé,En agglomération,Giratoire,Normale,Sans collision,4,-1,1,0,1,1,1,0,1,50,,1,0,0,1,0,31.0,,,,5,2,6,1,7
202100055930,2021-01-05 16:00:00,2021,1,5,16,0,13,13077,JAURES JEAN (avenue),43.4109265527,4.9789463883,Plein jour,En agglomération,Hors intersection,Normale,Deux véhicules - arrière,4,2,0,0,1,2,1,0,1,50,,2,1,0,0,1,22.0,,,,1,2,1,1,2
202100055931,2021-01-07 10:00:00,2021,1,7,10,0,13,13204,FONDERE (RUE),43.3019,5.40045,Plein jour,En agglomération,Hors intersection,Normale,Deux véhicules - côté,4,1,2,1,1,1,1,0,1,50,,2,1,0,0,1,56.0,,,,1,2,1,1,3
202100055932,2021-01-07 01:00:00,2021,1,7,1,0,13,13210,MAURIAC (RUE),43.27007,5.42327,Nuit avec éclairage allumé,En agglomération,Giratoire,Normale,Deux véhicules - côté,4,1,1,0,1,2,1,5,1,50,,3,1,0,0,2,28.0,26.0,,,5,2,6,1,3
202100055933,2021-01-06 10:45:00,2021,1,6,10,45,09,09122,MOULIN (RUE JEAN),42.986631,1.616165,Plein jour,En agglomération,Autre intersection,Normale,Autre collision,6,-1,0,0,1,1,1,9,8,50,,2,1,0,0,1,59.0,,,,1,2,9,1,6
202100055934,2021-01-07 13:20:00,2021,1,7,13,20,07,07102,BEAUREGARD (RUE DE),44.92862,4.87219,Plein jour,En agglomération,Hors intersection,Normale,Sans collision,4,2,1,0,1,1,1,0,1,50,,1,0,0,0,1,42.0,,,,1,2,1,1,7
202100055935,2021-01-07 19:45:00,2021,1,7,19,45,75,75120,BOULEVARD PERIPHERIQUE,48.867845,2.413241,Nuit avec éclairage allumé,En agglomération,Hors intersection,Pluie légère,Deux véhicules - arrière,4,1,4,0,1,1,2,0,1,70,,4,3,0,0,1,34.0,57.0,,,5,2,1,2,2
202100055936,2021-01-07 13:40:00,2021,1,7,13,40,75,75105,RUE BUFFON,48.841178,2.355964,Plein jour,En agglomération,Intersection en X,Normale,Autre collision,4,2,2,0,1,1,1,0,1,30,,4,1,0,0,3,83.0,,,,1,2,2,1,6
202100055937,2021-01-07 15:30:00,2021,1,7,15,30,75,75120,RUE DE BAGNOLET,48.86415,2.408082,Plein jour,En agglomération,Hors intersection,Temps couvert,Sans collision,4,2,3,0,1,1,2,0,1,30,,1,0,0,0,1,60.0,,,,1,2,1,8,7
202100055938,2021-01-07 19:30:00,2021,1,7,19,30,75,75119,RUE DU DOCTEUR POTAIN,48.878257,2.397924,Nuit avec éclairage allumé,En agglomération,Intersection en X,Normale,Autre collision,4,1,1,0,1,1,1,0,1,30,,2,1,0,0,1,51.0,,,,5,2,2,1,6
202100055939,2021-01-07 16:05:00,2021,1,7,16,5,75,75119,AVENUE DE FLANDRE,48.894317,2.381732,Plein jour,En agglomération,Intersection en X,Normale,Autre collision,4,3,3,0,1,1,1,0,1,50,,2,1,0,0,1,25.0,,,,1,2,2,1,6
202100055940,2021-01-07 13:50:00,2021,1,7,13,50,75,75119,RUE BASTE,48.88122,2.374142,Plein jour,En agglomération,Hors intersection,Pluie légère,Sans collision,4,1,1,0,1,1,2,8,1,30,,1,0,0,0,1,32.0,,,,1,2,1,2,7
202100055941,2021-01-06 08:22:00,2021,1,6,8,22,75,75118,RUE ORDENER,48.890292,2.358565,Plein jour,En agglomération,Hors intersection,Pluie légère,Trois véhicules et plus - collisions multiples,4,2,2,1,1,1,2,0,1,50,,4,2,0,0,2,54.0,40.0,,,1,2,1,2,5
202100055942,2021-01-07 14:05:00,2021,1,7,14,5,75,75114,RUE RAYMOND LOSSERAND,48.831811,2.314136,Plein jour,En agglomération,Intersection en X,Normale,Autre collision,4,1,1,0,1,1,1,0,1,50,,2,1,0,0,1,,,,,1,2,2,1,6
202100055943,2021-01-07 18:00:00,2021,1,7,18,0,75,75112,RUE CROZATIER,48.848926,2.380025,Nuit avec éclairage allumé,En agglomération,Hors intersection,Pluie légère,Deux véhicules - côté,4,2,2,0,1,1,2,0,1,50,,2,1,0,0,1,24.0,60.0,,,5,2,1,2,3
202100055944,2021-01-07 08:05:00,2021,1,7,8,5,75,75112,PLACE EDOUARD RENARD,48.835202,2.407015,Crépuscule ou aube,En agglomération,Place,Pluie légère,Deux véhicules - frontale,4,1,3,1,1,1,2,-1,5,50,,2,1,0,0,1,71.0,45.0,,,2,2,7,2,1
202100055945,2021-01-07 18:56:00,2021,1,7,18,56,75,75111,RUE POPINCOURT,48.857931,2.376992,Nuit avec éclairage allumé,En agglomération,Intersection en X,Temps couvert,Autre collision,4,2,2,0,1,1,1,0,1,30,,2,1,0,0,1,30.0,,,,5,2,2,8,6
202100055946,2021-01-07 18:09:00,2021,1,7,18,9,75,75108,BOULEVARD MALESHERBES,48.878408,2.315553,Nuit avec éclairage allumé,En agglomération,Intersection en X,Temps couvert,Autre collision,4,2,6,0,1,1,2,0,1,50,,2,1,0,0,1,51.0,,,,5,2,2,8,6
202100055947,2021-01-07 18:15:00,2021,1,7,18,15,75,75107,BOULEVARD SAINT GERMAIN,48.86142,2.320394,Nuit avec éclairage allumé,En agglomération,Intersection en T,Pluie légère,Sans collision,4,1,4,3,1,1,2,-1,6,50,,1,0,0,0,1,52.0,,,,5,2,3,2,7
202100055948,2021-01-07 11:40:00,2021,1,7,11,40,94,94078,PARIS (R DE),48.73781,2.44696,Plein jour,En agglomération,Hors intersection,Pluie légère,Deux véhicules - arrière,2,3,4,0,1,1,2,0,1,50,,2,1,0,0,1,45.0,47.0,,,1,2,1,2,2
202100055949,2021-01-07 19:46:00,2021,1,7,19,46,94,94068,Avenue de Condé,48.81103,2.47839,Nuit avec éclairage allumé,En agglomération,Hors intersection,Pluie légère,Autre collision,4,1,1,0,3,1,2,8,4,50,,2,0,0,0,2,42.0,,,,5,2,1,2,6
202100055950,2021-01-06 19:10:00,2021,1,6,19,10,94,94011,Avenue Jean Rostand,48.76764,2.48651,Nuit avec éclairage allumé,En agglomération,Autre intersection,Pluie légère,Trois véhicules et plus - en chaîne,3,1,2,0,1,1,2,0,1,50,,4,2,0,2,0,28.0,63.0,,,5,2,9,2,4
202100055951,2021-01-06 18:20:00,2021,1,6,18,20,94,94028,Duvauchelle (rue Dominique),48.76767,2.45517,Nuit avec éclairage allumé,En agglomération,Autre intersection,Normale,Deux véhicules - arrière,6,-1,0,0,1,1,2,0,1,50,,3,2,0,0,1,41.0,30.0,,,5,2,9,1,2