accident_id,datetime,annee,mois,jour,heure,minute,departement,commune_insee,adresse,latitude,longitude,luminosite,agglomeration,intersection,meteo,collision,catr,circ,nbv,vosp,prof,plan,surf,infra,situ,vma,nb_vehicules,nb_usagers,nb_indemnes,nb_tues,nb_blesses_hosp,nb_blesses_legers,age_cond_1,age_cond_2,veh_type_cond_1,veh_type_cond_2,lum_code,agg_code,int_code,atm_code,col_code
202100055952,2021-01-07 15:10:00,2021,1,7,15,10,94,94054,CHANDIGARH (R),48.74647,2.41626,Plein jour,En agglomération,Hors intersection,Pluie légère,Autre collision,4,2,2,0,1,1,2,0,1,30,,2,1,0,0,1,32.0,,,,1,2,1,2,6
202100055953,2021-01-07 20:30:00,2021,1,7,20,30,94,94017,GENERAL DE GAULLE (AV DU),48.827122312,2.5179791451,Nuit avec éclairage allumé,En agglomération,Intersection en T,Normale,Deux véhicules - côté,3,2,2,0,1,1,2,0,1,50,,2,1,0,0,1,22.0,22.0,,,5,2,3,1,3
202100055954,2021-01-07 00:15:00,2021,1,7,0,15,93,93072,PARMENTIER (RUE) COTE N° PAIRS,48.9677497764,2.3739831316,Nuit avec éclairage allumé,En agglomération,Intersection en T,Pluie légère,Deux véhicules - arrière,4,2,2,0,1,1,2,0,1,50,,2,1,0,0,1,,41.0,,,5,2,3,2,2
202100055955,2021-01-07 09:55:00,2021,1,7,9,55,93,93070,ALBERT-DHALENNE (RUE),48.91447,2.33227,Plein jour,En agglomération,Hors intersection,Pluie légère,Deux véhicules - côté,4,3,4,1,1,1,2,9,8,50,,2,1,0,0,1,25.0,33.0,,,1,2,1,2,3
202100055956,2021-01-05 18:10:00,2021,1,5,18,10,93,93066,ELUARD PAUL NR 2 A 36 ET 1 A 49,48.9419675058,2.3416876916,Nuit avec éclairage allumé,En agglomération,Intersection en X,Normale,Deux véhicules - côté,3,2,4,0,1,1,1,5,1,50,,4,3,0,0,1,39.0,24.0,,,5,2,2,1,3
202100055957,2021-01-05 06:30:00,2021,1,5,6,30,93,93066,WILSON (AVENUE DU PRESIDENT),48.9181877075,2.3578647546,Nuit avec éclairage allumé,En agglomération,Intersection en X,Normale,Deux véhicules - côté,3,-1,2,3,1,1,1,0,1,50,,2,0,0,0,2,58.0,54.0,,,5,2,2,1,3
202100055958,2021-01-07 18:00:00,2021,1,7,18,0,93,93064,MONTGOLFIER (RUE J ET E),48.8887298441,2.4765815673,Nuit avec éclairage allumé,En agglomération,Intersection en T,Pluie légère,Autre collision,3,2,2,0,2,1,2,0,1,50,,3,1,0,0,2,34.0,,,,5,2,3,2,6
202100055959,2021-01-07 14:35:00,2021,1,7,14,35,93,93053,BREMENT (RUE DE) 109 A 235 - 110 A ...,48.8869,2.46989,Plein jour,En agglomération,Hors intersection,Normale,Autre collision,3,2,3,0,1,1,1,6,1,50,,2,1,0,0,1,30.0,,,,1,2,1,1,6
202100055960,2021-01-07 11:22:00,2021,1,7,11,22,93,93048,PARIS (RUE DE),48.85723,2.43159,Plein jour,En agglomération,Intersection en X,Temps couvert,Deux véhicules - côté,3,2,2,0,1,1,1,0,1,50,,2,1,0,0,1,39.0,29.0,,,1,2,2,8,3
202100055961,2021-01-04 17:30:00,2021,1,4,17,30,93,93031,MARNE (AVENUE DE LA),48.9535018094,2.3272741883,Plein jour,En agglomération,Hors intersection,Normale,Deux véhicules - frontale,4,2,2,0,1,1,1,0,4,50,,3,2,0,0,1,64.0,41.0,,,1,2,1,1,1
202100055962,2021-01-07 21:00:00,2021,1,7,21,0,93,93010,GALLIENI (AV.) CONFORAMA 53,48.9056158185,2.4770202703,Nuit avec éclairage allumé,En agglomération,Autre intersection,Pluie légère,Autre collision,3,1,4,0,1,1,2,2,6,50,,2,1,0,0,1,,,,,5,2,9,2,6
202100055963,2021-01-07 15:40:00,2021,1,7,15,40,92,92078,GALLIENI (BD) (1 A 79 ET 22 A 102),48.9254389004,2.3264569044,Plein jour,En agglomération,Hors intersection,Normale,Deux véhicules - côté,3,1,2,1,1,1,1,0,5,50,,2,1,0,0,1,51.0,,,,1,2,1,1,3
202100055964,2021-01-07 11:30:00,2021,1,7,11,30,92,92051,RICHARD WALLACE (BOULEVARD),48.8756955698,2.2485011816,Plein jour,En agglomération,Autre intersection,Temps couvert,Autre collision,4,2,2,0,1,1,1,0,1,50,,2,1,0,0,1,60.0,,,,1,2,9,8,6
202100055965,2021-01-07 11:41:00,2021,1,7,11,41,92,92049,CREPS PLACE EMILE,48.81876,2.31899,Plein jour,En agglomération,Place,Normale,Sans collision,4,2,4,0,1,1,1,0,1,50,,1,0,0,0,1,77.0,,,,1,2,7,1,7
202100055966,2021-01-07 12:24:00,2021,1,7,12,24,92,92048,REPUBLIQUE (RUE DE LA) N° 1 A 45,48.809364,2.236181,Plein jour,En agglomération,Hors intersection,Temps couvert,Deux véhicules - arrière,3,2,2,2,1,1,1,9,8,30,,2,1,0,0,1,91.0,29.0,,,1,2,1,8,2
202100055967,2021-01-07 07:10:00,2021,1,7,7,10,92,92044,MARIUS AUFAN(RUE) 69+ ET 80+,48.89493,2.28093,Nuit avec éclairage allumé,En agglomération,Intersection en X,Pluie légère,Deux véhicules - côté,4,1,1,1,1,1,2,0,1,50,,2,1,0,0,1,51.0,45.0,,,5,2,2,2,3
202100055968,2021-01-06 23:47:00,2021,1,6,23,47,92,92032,PETIT ANTOINE (RUE),48.7902,2.28873,Nuit avec éclairage allumé,En agglomération,Hors intersection,Pluie légère,Sans collision,3,2,2,0,2,1,2,0,1,30,,1,0,0,1,0,28.0,,,,5,2,1,2,7
202100055969,2021-01-07 19:30:00,2021,1,7,19,30,01,01089,D904,45.959448,5.302035,Nuit sans éclairage public,Hors agglomération,Intersection en X,Normale,Deux véhicules - côté,3,2,2,0,1,1,1,0,1,80,,2,1,0,1,0,46.0,16.0,,,3,1,2,1,3
202100055970,2021-01-08 08:40:00,2021,1,8,8,40,60,60157,Rue Henri Breuil,49.382984,2.402819,Plein jour,En agglomération,Intersection en X,Normale,Deux véhicules - frontale,3,2,-1,-1,1,1,1,5,1,50,,2,0,0,0,2,37.0,33.0,,,1,2,2,1,1
202100055971,2021-01-08 08:00:00,2021,1,8,8,0,57,57365,D956,49.397349,6.433702,Crépuscule ou aube,En agglomération,Hors intersection,Autre,Autre collision,3,2,2,0,2,2,7,0,4,50,,6,1,0,0,5,26.0,,,,2,2,1,9,6
202100055972,2021-01-08 13:00:00,2021,1,8,13,0,28,28088,21 Rue de Sancheville,48.074817,1.33986,Plein jour,En agglomération,Hors intersection,Normale,Autre collision,3,2,2,0,1,1,1,0,4,50,,1,0,0,1,0,20.0,,,,1,2,1,1,6
202100055973,2021-01-07 20:00:00,2021,1,7,20,0,59,59210,Rue de Wormhout,50.88594,2.431847,Nuit sans éclairage public,Hors agglomération,Hors intersection,Normale,Autre collision,3,2,2,0,1,1,1,0,3,80,,1,0,0,1,0,68.0,,,,3,1,1,1,6
202100055974,2021-01-08 03:45:00,2021,1,8,3,45,74,74195,All de la Zone des Bonnets,46.01275,5.947783,Nuit avec éclairage non allumé,Hors agglomération,Hors intersection,Normale,Autre collision,6,-1,-1,0,1,1,1,0,1,50,,2,1,0,1,0,58.0,,,,4,1,1,1,6
202100055975,2021-01-08 07:25:00,2021,1,8,7,25,76,76493,Route de Saint Valery,49.850707,0.630406,Nuit avec éclairage non allumé,En agglomération,Intersection en T,Normale,Deux véhicules - frontale,3,2,3,0,1,1,7,5,1,50,,2,1,0,1,0,36.0,17.0,,,4,2,3,1,1
202100055976,2021-01-08 18:55:00,2021,1,8,18,55,32,32038,D161,43.64026,1.000365,Nuit sans éclairage public,Hors agglomération,Hors intersection,Normale,Autre collision,3,2,2,0,1,2,1,0,3,80,,1,0,0,1,0,39.0,,,,3,1,1,1,6
202100055977,2021-01-08 07:55:00,2021,1,8,7,55,89,89460,,48.335242,3.064156,Crépuscule ou aube,En agglomération,Intersection en X,Pluie légère,Deux véhicules - frontale,3,2,2,0,2,1,2,5,1,50,,2,1,0,1,0,14.0,44.0,,,2,2,2,2,1
202100055978,2021-01-06 12:10:00,2021,1,6,12,10,76,76711,Rue de la Commune de Paris,50.060445,1.372696,Plein jour,En agglomération,Hors intersection,Normale,Deux véhicules - frontale,3,2,2,0,2,1,1,0,1,50,,2,1,0,0,1,49.0,22.0,,,1,2,1,1,1
202100055979,2021-01-08 12:05:00,2021,1,8,12,5,61,61161,14 Rue Emile Combes,48.803013,0.10403,Plein jour,En agglomération,Hors intersection,Normale,Autre collision,3,2,2,0,1,1,1,0,1,50,,2,1,0,0,1,,,,,1,2,1,1,6
202100055980,2021-01-08 17:45:00,2021,1,8,17,45,61,61464,Les Champs Croctons,48.624584,0.139132,Nuit sans éclairage public,Hors agglomération,Intersection en T,Normale,Deux véhicules - côté,3,2,2,0,1,1,1,0,1,90,,2,1,0,1,0,42.0,18.0,,,3,1,3,1,3
202100055981,2021-01-03 09:45:00,2021,1,3,9,45,49,49222,Lieu Dit la Fresnaye,47.364254,-0.559196,Plein jour,Hors agglomération,Hors intersection,Autre,Sans collision,3,2,2,0,1,1,7,0,4,70,,1,0,0,1,0,44.0,,,,1,1,1,9,7
202100055982,2021-01-07 16:30:00,2021,1,7,16,30,68,68068,3 rue de Belfort,47.63005,7.118068,Plein jour,En agglomération,Intersection en T,Temps couvert,Deux véhicules - côté,3,2,2,0,1,1,1,0,1,50,,2,1,0,1,0,20.0,52.0,,,1,2,3,8,3
202100055983,2021-01-08 08:50:00,2021,1,8,8,50,38,38543,Route des Alpes,45.6478677473,5.4898166656,Crépuscule ou aube,Hors agglomération,Intersection en Y,Brouillard / fumée,Deux véhicules - frontale,3,2,2,0,1,1,1,0,1,80,,2,0,0,1,1,34.0,42.0,,,2,1,4,5,1
202100055984,2021-01-07 22:00:00,2021,1,7,22,0,02,02687,Carrefour de Vertefeuilles,49.303324,3.215003,Nuit sans éclairage public,Hors agglomération,Intersection en X,Normale,Deux véhicules - côté,2,3,2,0,1,1,1,5,1,90,,2,1,1,0,0,24.0,49.0,,,3,1,2,1,3
202100055985,2021-01-08 10:10:00,2021,1,8,10,10,09,09312,D12,43.092467,1.681552,Plein jour,Hors agglomération,Hors intersection,Normale,Deux véhicules - arrière,3,2,2,0,2,3,1,0,1,80,,3,2,0,1,0,43.0,24.0,,,1,1,1,1,2
202100055986,2021-01-07 18:50:00,2021,1,7,18,50,60,60286,Rue Caradame,49.6612815929,1.9450097839,Nuit avec éclairage allumé,En agglomération,Intersection en Y,Autre,Trois véhicules et plus - en chaîne,4,-1,1,0,1,2,2,0,1,50,,3,2,0,1,0,46.0,18.0,,,5,2,4,9,4
202100055987,2021-01-08 16:00:00,2021,1,8,16,0,64,64353,9 route de lourdes,43.091221,-0.382494,Plein jour,Hors agglomération,Hors intersection,Normale,Deux véhicules - frontale,3,2,2,0,2,3,1,0,1,80,,2,1,0,0,1,22.0,22.0,,,1,1,1,1,1
202100055988,2021-01-08 19:25:00,2021,1,8,19,25,18,18197,6 Rue de Verdun,46.729279,2.507216,Nuit avec éclairage allumé,En agglomération,Hors intersection,Normale,Deux véhicules - frontale,3,2,2,0,1,1,1,0,1,50,,3,1,0,1,1,38.0,23.0,,,5,2,1,1,1
202100055989,2021-01-08 09:15:00,2021,1,8,9,15,40,40046,D146,44.434653,-1.226671,Plein jour,Hors agglomération,Hors intersection,Autre,Deux véhicules - frontale,3,2,2,1,2,1,7,0,1,80,,2,1,0,1,0,62.0,30.0,,,1,1,1,9,1
202100055990,2021-01-05 14:00:00,2021,1,5,14,0,976,97606,Mirereni Be,-12.906274,45.155461,Plein jour,En agglomération,Hors intersection,Normale,Deux véhicules - côté,3,2,2,0,1,1,1,0,1,50,,2,1,0,1,0,27.0,,,,1,2,1,1,3
202100055991,2021-01-07 18:45:00,2021,1,7,18,45,22,22277,RD 700 - Lieu-Dit Lanvia,48.386554,-2.835674,Nuit sans éclairage public,Hors agglomération,Intersection en T,Normale,Deux véhicules - côté,3,2,2,0,1,1,1,0,1,70,,3,1,1,0,1,69.0,40.0,,,3,1,3,1,3
202100055992,2021-01-07 22:15:00,2021,1,7,22,15,988,98821,Coll de la pirogue,-22.08218,166.319103,Nuit sans éclairage public,Hors agglomération,Intersection en T,Normale,Sans collision,2,2,2,0,3,4,1,0,1,70,,2,1,0,1,0,,,,,3,1,3,1,7
202100055993,2021-01-06 19:30:00,2021,1,6,19,30,986,98613,Ha'afuasia,-13.299909,-176.185373,Nuit sans éclairage public,En agglomération,Autre intersection,Normale,Autre collision,2,3,2,0,1,1,1,0,1,70,,3,2,0,1,0,44.0,,,,3,2,9,1,6
202100055994,2021-01-07 20:00:00,2021,1,7,20,0,77,77367,D401,49.036236,2.990888,Nuit sans éclairage public,Hors agglomération,Hors intersection,Pluie légère,Deux véhicules - frontale,3,2,2,0,2,1,2,0,1,90,,2,1,0,1,0,61.0,19.0,,,3,1,1,2,1
202100055995,2021-01-08 16:20:00,2021,1,8,16,20,77,77141,Route de Melun,48.864376,2.855233,Plein jour,En agglomération,Intersection en Y,Normale,Deux véhicules - côté,3,2,2,0,2,1,2,5,1,50,,4,3,0,1,0,19.0,27.0,,,1,2,4,1,3
202100055996,2021-01-07 04:15:00,2021,1,7,4,15,78,78096,Rue Recoin,48.761165,1.64861,Nuit sans éclairage public,Hors agglomération,Hors intersection,Autre,Autre collision,3,2,2,0,1,2,2,0,6,80,,1,0,0,1,0,30.0,,,,3,1,1,9,6
202100055997,2021-01-08 18:25:00,2021,1,8,18,25,30,30258,Route de Nimes,43.71586,4.41948,Nuit sans éclairage public,Hors agglomération,Hors intersection,Normale,Autre collision,3,2,2,0,1,2,1,0,1,80,,6,3,0,0,3,30.0,20.0,,,3,1,1,1,6
202100055998,2021-01-04 17:15:00,2021,1,4,17,15,06,06019,Route Departementale 2204,43.781266,7.337862,Nuit avec éclairage allumé,En agglomération,Giratoire,Temps couvert,Deux véhicules - arrière,3,1,1,0,1,1,2,0,1,-1,,2,1,0,1,0,40.0,37.0,,,5,2,6,8,2
202100055999,2021-01-08 18:06:00,2021,1,8,18,6,38,38412,Route de Villette,45.399542,5.723888,Nuit avec éclairage allumé,En agglomération,Hors intersection,Normale,Autre collision,3,2,2,0,1,4,1,0,1,30,,1,0,0,0,1,23.0,,,,5,2,1,1,6
202100056000,2021-01-06 18:15:00,2021,1,6,18,15,38,38382,Rue de Chamechaude,45.235171,5.685098,Nuit sans éclairage public,En agglomération,Hors intersection,Normale,Deux véhicules - frontale,4,2,2,0,1,1,1,0,1,30,,2,1,0,0,1,14.0,,,,3,2,1,1,1
202100056001,2021-01-08 07:55:00,2021,1,8,7,55,26,26235,Route de Saint Paul,44.368993,4.707658,Crépuscule ou aube,En agglomération,Autre intersection,Normale,Deux véhicules - frontale,4,2,2,0,1,1,1,0,1,50,,3,1,0,0,2,50.0,37.0,,,2,2,9,1,1
202100056002,2021-01-05 08:45:00,2021,1,5,8,45,33,33015,D18,44.873699,-0.287196,Plein jour,Hors agglomération,Intersection en X,Normale,Deux véhicules - côté,3,2,2,0,1,1,1,0,1,90,,2,1,0,1,0,31.0,51.0,,,1,1,2,1,3
202100056003,2021-01-07 17:30:00,2021,1,7,17,30,29,29169,D39 - Ty Au Douy,48.0733701143,-4.2371870079,Plein jour,Hors agglomération,Hors intersection,Normale,Deux véhicules - arrière,3,2,2,0,1,3,1,0,1,80,,2,1,0,0,1,45.0,24.0,,,1,1,1,1,2
202100056004,2021-01-08 18:25:00,2021,1,8,18,25,76,76099,Route de la Pierre,49.55683,0.85675,Nuit sans éclairage public,Hors agglomération,Hors intersection,Normale,Deux véhicules - frontale,3,2,2,0,1,1,1,0,1,70,,2,1,1,0,0,60.0,23.0,,,3,1,1,1,1
202100056005,2021-01-08 09:20:00,2021,1,8,9,20,60,60322,RD 153 jaméricourt,49.303349,1.884059,Plein jour,Hors agglomération,Intersection en X,Normale,Deux véhicules - côté,3,2,2,0,1,1,1,0,1,80,,2,1,0,1,0,37.0,42.0,,,1,1,2,1,3
202100056006,2021-01-06 06:53:00,2021,1,6,6,53,13,13210,A50-Sens Aubagne vers Marseille,43.284822077,5.4168915281,Crépuscule ou aube,Hors agglomération,Hors intersection,Normale,Deux véhicules - côté,1,1,3,0,1,1,1,0,1,90,,2,1,0,0,1,36.0,57.0,,,2,1,1,1,3
202100056007,2021-01-06 21:40:00,2021,1,6,21,40,13,13071,A7-Sens Lyon vers Marseille,43.40376,5.312953,Nuit sans éclairage public,Hors agglomération,Hors intersection,Normale,Deux véhicules - côté,1,1,3,0,1,1,1,0,1,110,,2,1,0,0,1,25.0,37.0,,,3,1,1,1,3
202100056008,2021-01-07 12:50:00,2021,1,7,12,50,33,33013,ROUTE NATIONALE 230,44.855975,-0.505056,Plein jour,Hors agglomération,Hors intersection,Normale,Deux véhicules - arrière,2,1,4,0,2,1,1,3,1,50,,2,1,0,0,1,53.0,27.0,,,1,1,1,1,2
202100056009,2021-01-07 07:45:00,2021,1,7,7,45,33,33281,ROCADE A 630,44.8474606673,-0.6697700632,Nuit sans éclairage public,Hors agglomération,Hors intersection,Normale,Trois véhicules et plus - en chaîne,1,3,6,0,1,1,1,0,1,90,,3,1,0,1,1,48.0,88.0,,,3,1,1,1,4
202100056010,2021-01-07 09:10:00,2021,1,7,9,10,91,91661,AUTOROUTE A10,48.69499,2.23331,Plein jour,Hors agglomération,Hors intersection,Normale,Sans collision,1,-1,3,0,1,1,2,0,2,110,,1,0,0,0,1,42.0,,,,1,1,1,1,7
202100056011,2021-01-07 09:10:00,2021,1,7,9,10,91,91216,AUTOROUTE A6,48.68493,2.32757,Plein jour,Hors agglomération,Hors intersection,Pluie légère,Deux véhicules - arrière,1,3,6,0,1,1,2,0,1,110,,2,1,0,0,1,34.0,23.0,,,1,1,1,2,2
202100056012,2021-01-07 08:12:00,2021,1,7,8,12,91,91286,AUTOROUTE A6,48.6484,2.3875,Nuit sans éclairage public,Hors agglomération,Hors intersection,Pluie légère,Deux véhicules - côté,1,3,6,0,1,1,2,0,1,110,,2,1,0,0,1,49.0,34.0,,,3,1,1,2,3
202100056013,2021-01-07 08:45:00,2021,1,7,8,45,78,78133,A13,48.89287,2.00829,Plein jour,Hors agglomération,Hors intersection,Temps couvert,Deux véhicules - arrière,1,3,4,0,1,1,1,0,1,110,,2,1,0,0,1,28.0,65.0,,,1,1,1,8,2
202100056014,2021-01-07 11:45:00,2021,1,7,11,45,93,93078,AUTOROUTE A104,48.96304,2.52239,Plein jour,Hors agglomération,Hors intersection,Normale,Sans collision,1,3,6,0,1,1,2,0,1,90,,1,0,0,0,1,25.0,,,,1,1,1,1,7
202100056015,2021-01-06 12:50:00,2021,1,6,12,50,95,95500, A15,49.0362595262,2.0951139775,Plein jour,Hors agglomération,Hors intersection,Normale,Deux véhicules - arrière,1,3,8,0,1,1,1,0,1,90,,2,0,0,0,2,43.0,37.0,,,1,1,1,1,2
202100056016,2021-01-06 13:30:00,2021,1,6,13,30,93,93005,A3,48.96018,2.47353,Plein jour,Hors agglomération,Hors intersection,Pluie légère,Deux véhicules - côté,1,3,6,0,1,1,2,0,1,90,,2,1,0,0,1,47.0,,,,1,1,1,2,3
202100056017,2021-01-07 02:20:00,2021,1,7,2,20,976,97611,doujani-Carrière ( route de la ),-12.79015,45.20253,Nuit sans éclairage public,Hors agglomération,Hors intersection,Normale,Sans collision,4,2,0,0,1,4,1,0,1,50,,1,0,0,0,1,33.0,,,,3,1,1,1,7
202100056018,2021-01-06 16:30:00,2021,1,6,16,30,974,97416,Rue Félix Baillif,-21.29937,55.49347,Plein jour,Hors agglomération,Hors intersection,Normale,Deux véhicules - côté,4,2,2,0,2,2,1,0,1,30,,2,1,0,0,1,51.0,19.0,,,1,1,1,1,3
202100056019,2021-01-06 13:45:00,2021,1,6,13,45,69,69388,JEAN MERMOZ (AV),45.7306508063,4.8875574768,Plein jour,En agglomération,Intersection en X,Normale,Deux véhicules - frontale,2,2,7,2,1,1,1,0,1,50,,2,1,0,0,1,,41.0,,,1,2,2,1,1
202100056020,2021-01-06 08:20:00,2021,1,6,8,20,972,97209,MARTIN LUTHER KING (RUE),14.60905,-61.07442,Plein jour,En agglomération,Hors intersection,Normale,Autre collision,3,2,2,0,2,2,1,0,1,50,,2,1,0,0,1,68.0,,,,1,2,1,1,6
202100056021,2021-01-06 17:50:00,2021,1,6,17,50,69,69389,RAOUL CARRIE                        (QU),45.79887,4.83264,Nuit avec éclairage allumé,En agglomération,Hors intersection,Normale,Trois véhicules et plus - en chaîne,7,2,2,2,1,1,1,0,1,50,,3,2,0,0,1,42.0,26.0,,,5,2,1,1,4
202100056022,2021-01-06 07:15:00,2021,1,6,7,15,971,97113,SECTION GRANDE RAVINE,16.2131,-61.4772,Plein jour,Hors agglomération,Giratoire,Normale,Autre collision,2,1,1,0,1,1,1,9,1,50,,3,2,0,0,1,39.0,,,,1,1,6,1,6
202100056023,2021-01-06 12:05:00,2021,1,6,12,5,2A,2A004,MEZZAVIA ROUTE DE,41.95194,8.77751,Plein jour,En agglomération,Autre intersection,Normale,Deux véhicules - arrière,2,2,2,0,1,1,1,0,1,50,,2,1,0,1,0,26.0,67.0,,,1,2,9,1,2
202100056024,2021-01-05 12:15:00,2021,1,5,12,15,95,95585,PERRET (AVENUE AUGUSTE ),48.97651,2.37857,Plein jour,En agglomération,Intersection en Y,Normale,Deux véhicules - côté,4,2,1,0,2,1,1,0,1,50,,2,1,0,0,1,32.0,35.0,,,1,2,4,1,3
202100056025,2021-01-06 16:27:00,2021,1,6,16,27,95,95277,RD 170 A4,48.97795,2.46295,Crépuscule ou aube,Hors agglomération,Hors intersection,Temps couvert,Autre collision,3,3,4,0,2,3,1,3,1,70,,1,0,0,0,1,21.0,,,,2,1,1,8,6
202100056026,2021-01-06 18:25:00,2021,1,6,18,25,91,91421,GLACIERE (RUE DE LA),48.70679,2.44091,Nuit avec éclairage allumé,En agglomération,Giratoire,Normale,Deux véhicules - côté,3,-1,2,0,1,1,1,0,1,50,,3,1,0,0,2,37.0,33.0,,,5,2,6,1,3
202100056027,2021-01-06 13:50:00,2021,1,6,13,50,91,91286,CONDORCET (RUE),48.64849,2.37518,Plein jour,En agglomération,Intersection en X,Pluie légère,Deux véhicules - côté,3,2,2,0,1,1,2,0,1,50,,3,2,0,0,1,32.0,37.0,,,1,2,2,2,3
202100056028,2021-01-06 06:55:00,2021,1,6,6,55,91,91027,AV LEON BLUM,48.70997,2.38554,Nuit avec éclairage allumé,En agglomération,Intersection en X,Normale,Autre collision,3,2,1,0,1,1,1,0,3,50,,2,1,0,1,0,47.0,,,,5,2,2,1,6
202100056029,2021-01-05 19:30:00,2021,1,5,19,30,87,87085,SABINES (RUE DES),45.88036,1.2952,Crépuscule ou aube,En agglomération,Hors intersection,Normale,Deux véhicules - frontale,4,2,2,0,1,1,1,0,1,50,,3,2,0,0,1,46.0,51.0,,,2,2,1,1,1
202100056030,2021-01-05 17:28:00,2021,1,5,17,28,87,87085,SCHUMAN (BOULEVARD ROBERT),45.85774,1.27037,Crépuscule ou aube,En agglomération,Hors intersection,Normale,Sans collision,4,3,4,0,1,1,1,0,1,50,,1,0,0,0,1,22.0,,,,2,2,1,1,7
202100056031,2021-01-04 19:30:00,2021,1,4,19,30,87,87085,SOLIGNAC (RUE DE),45.8076,1.26393,Crépuscule ou aube,En agglomération,Hors intersection,Normale,Sans collision,4,2,2,0,2,2,1,0,1,50,,1,0,0,0,1,20.0,,,,2,2,1,1,7
202100056032,2021-01-02 12:20:00,2021,1,2,12,20,85,85194,8 MAI 1945 (RUE DU),46.53737,-1.77224,Plein jour,En agglomération,Hors intersection,Neige / grêle,Autre collision,4,-1,2,0,1,1,7,0,1,50,,1,0,0,1,0,27.0,,,,1,2,1,4,6
202100056033,2021-01-05 19:25:00,2021,1,5,19,25,83,83137,BARON (RUE MARC),43.115266,5.936034,Nuit avec éclairage allumé,En agglomération,Intersection en T,Normale,Autre collision,4,-1,2,0,1,1,1,0,1,50,,2,1,0,1,0,50.0,22.0,,,5,2,3,1,6
202100056034,2021-01-02 13:30:00,2021,1,2,13,30,80,80021,DELIVRANCE (RUE DE LA),49.88711,2.32441,Plein jour,En agglomération,Intersection en T,Pluie légère,Deux véhicules - côté,4,2,2,0,1,1,2,0,1,50,,3,1,0,0,2,34.0,29.0,,,1,2,3,2,3
202100056035,2021-02-11 06:20:00,2021,2,11,6,20,76,76540,Rue Dufay,49.4243017981,1.0757777095,Crépuscule ou aube,En agglomération,Hors intersection,Normale,Deux véhicules - arrière,4,1,2,0,1,1,1,-1,1,30,,2,1,0,0,1,36.0,41.0,,,2,2,1,1,2
202100056036,2021-01-06 18:43:00,2021,1,6,18,43,73,73008,D991 Route de Saint Innocent,45.7132242261,5.8932334249,Nuit avec éclairage allumé,En agglomération,Giratoire,Normale,Deux véhicules - côté,3,2,2,0,3,1,1,5,1,50,,2,1,0,0,1,76.0,45.0,,,5,2,6,1,3
202100056037,2021-01-06 16:05:00,2021,1,6,16,5,69,69266,TOLSTOI (CR),45.7637270934,4.8700252175,Plein jour,En agglomération,Intersection en T,Temps couvert,Autre collision,4,1,5,3,1,1,1,0,1,50,,2,1,0,0,1,20.0,,,,1,2,3,8,6
202100056038,2021-01-06 11:55:00,2021,1,6,11,55,69,69266,ALBERT THOMAS    (Place),45.7641,4.8741,Plein jour,En agglomération,Giratoire,Normale,Autre collision,4,1,2,0,1,1,1,0,1,50,,2,1,0,0,1,29.0,,,,1,2,6,1,6
202100056039,2021-01-06 11:50:00,2021,1,6,11,50,59,59350,COURBET GUSTAVE  RUE,50.60838,3.0404,Plein jour,En agglomération,Hors intersection,Normale,Autre collision,4,2,4,0,1,1,1,0,1,50,,3,2,0,1,0,20.0,,,,1,2,1,1,6
202100056040,2021-01-05 18:00:00,2021,1,5,18,0,56,56260,VINCIN (GIRATOIRE DU),47.64939,-2.79677,Nuit avec éclairage allumé,En agglomération,Giratoire,Normale,Deux véhicules - arrière,3,2,2,0,2,1,2,5,1,50,,4,0,0,0,4,51.0,48.0,,,5,2,6,1,2
202100056041,2021-01-05 11:15:00,2021,1,5,11,15,56,56121,CHENAILLER DIT COLONEL MAURICE ( AV. ),47.73657,-3.39028,Plein jour,En agglomération,Intersection en T,Normale,Deux véhicules - côté,4,2,2,0,1,1,1,0,1,50,,2,1,0,0,1,91.0,51.0,,,1,2,3,1,3
202100056042,2021-01-05 10:14:00,2021,1,5,10,14,56,56098,DJIBAOU (RUE  JEAN-MARIE ),47.77596,-3.3592,Plein jour,En agglomération,Hors intersection,Normale,Deux véhicules - frontale,4,2,2,0,1,1,7,0,1,50,,2,1,0,0,1,47.0,30.0,,,1,2,1,1,1
202100056043,2021-01-06 17:04:00,2021,1,6,17,4,54,54395,LOBAU (BOULEVARD),48.6834755917,6.196821481,Nuit avec éclairage allumé,En agglomération,Hors intersection,Neige / grêle,Deux véhicules - arrière,4,2,4,0,1,1,2,0,1,50,,2,1,0,0,1,29.0,89.0,,,5,2,1,4,2
202100056044,2021-01-06 17:00:00,2021,1,6,17,0,54,54395,CLEMENCEAU (BD GEORGES),48.6754373543,6.1822042387,Nuit avec éclairage allumé,En agglomération,Hors intersection,Pluie légère,Trois véhicules et plus - en chaîne,7,1,3,3,1,1,2,-1,1,50,,5,3,0,0,2,70.0,22.0,,,5,2,1,2,4
202100056045,2021-01-05 19:46:00,2021,1,5,19,46,49,49007,DAVIERS BOULEVARD,47.4788,-0.55668,Nuit avec éclairage allumé,En agglomération,Hors intersection,Normale,Deux véhicules - frontale,4,-1,2,0,1,1,1,0,1,50,,2,1,0,0,1,53.0,29.0,,,5,2,1,1,1