accident_id,datetime,annee,mois,jour,heure,minute,departement,commune_insee,adresse,latitude,longitude,luminosite,agglomeration,intersection,meteo,collision,catr,circ,nbv,vosp,prof,plan,surf,infra,situ,vma,nb_vehicules,nb_usagers,nb_indemnes,nb_tues,nb_blesses_hosp,nb_blesses_legers,age_cond_1,age_cond_2,veh_type_cond_1,veh_type_cond_2,lum_code,agg_code,int_code,atm_code,col_code
202100056046,2021-01-04 17:57:00,2021,1,4,17,57,49,49015,MENDES FRANCE AVENUE PIERRE,47.505312,-0.587901,Nuit avec éclairage allumé,En agglomération,Hors intersection,Pluie légère,Deux véhicules - arrière,4,-1,2,0,1,1,2,0,1,50,,2,0,0,0,2,74.0,28.0,,,5,2,1,2,2
202100056047,2021-01-06 12:25:00,2021,1,6,12,25,41,41018,ANGLETERRE (RUE D'),47.58928,1.33171,Plein jour,En agglomération,Hors intersection,Normale,Autre collision,4,1,2,0,1,1,1,0,1,50,,2,1,0,0,1,31.0,,,,1,2,1,1,6
202100056048,2021-01-06 18:20:00,2021,1,6,18,20,35,35238,LORIENT (DE),48.10895,-1.710169,Nuit avec éclairage allumé,En agglomération,Intersection en X,Normale,Deux véhicules - côté,4,3,4,0,1,1,1,5,1,50,,2,1,0,0,1,44.0,59.0,,,5,2,2,1,3
202100056049,2021-01-06 14:50:00,2021,1,6,14,50,35,35238,GAYEULLES (ROND POINT),48.12779,-1.65211,Plein jour,En agglomération,Giratoire,Normale,Deux véhicules - côté,4,1,4,1,1,3,1,5,5,50,,2,1,0,0,1,51.0,24.0,,,1,2,6,1,3
202100056050,2021-01-06 13:30:00,2021,1,6,13,30,35,35238,REDON (DE),48.10511,-1.69358,Plein jour,En agglomération,Autre intersection,Temps couvert,Autre collision,4,-1,0,0,1,1,1,6,4,30,,1,0,0,0,1,71.0,,,,1,2,9,8,6
202100056051,2021-01-06 22:10:00,2021,1,6,22,10,29,29232,Rue Tristan,47.985618038,-4.0778160095,Nuit avec éclairage allumé,En agglomération,Intersection en T,Normale,Deux véhicules - frontale,4,2,0,0,1,1,1,5,1,50,,2,1,0,1,0,27.0,30.0,,,5,2,3,1,1
202100056052,2021-01-06 14:40:00,2021,1,6,14,40,27,27375,VEXIN (CHAUSSEE DU),49.21967,1.17863,Plein jour,En agglomération,Hors intersection,Normale,Autre collision,4,2,2,0,1,1,1,6,1,30,,2,1,0,0,1,57.0,,,,1,2,1,1,6
202100056053,2021-01-05 13:30:00,2021,1,5,13,30,16,16102,65 Rue de Cagouillet,45.697095,-0.322549,Plein jour,En agglomération,Hors intersection,Normale,Autre collision,4,2,2,0,1,1,1,0,1,50,,2,1,0,0,1,49.0,,,,1,2,1,1,6
202100056054,2021-01-06 18:36:00,2021,1,6,18,36,13,13054,D9 (BRETELLE),43.39708,5.19814,Nuit sans éclairage public,Hors agglomération,Hors intersection,Normale,Trois véhicules et plus - collisions multiples,7,2,2,0,1,1,1,0,1,50,,5,3,0,0,2,,37.0,,,3,1,1,1,5
202100056055,2021-01-06 17:30:00,2021,1,6,17,30,13,13216,PRADEL (traverse du),43.35839,5.34341,Plein jour,En agglomération,Hors intersection,Normale,Trois véhicules et plus - en chaîne,4,2,2,0,2,3,1,0,1,50,,3,0,0,0,3,23.0,62.0,,,1,2,1,1,4
202100056056,2021-01-05 10:45:00,2021,1,5,10,45,13,13075,LIBERATION (AVE DE LA),43.342,5.457,Plein jour,En agglomération,Hors intersection,Normale,Deux véhicules - arrière,4,-1,2,0,1,1,1,0,1,50,,2,1,0,0,1,29.0,57.0,,,1,2,1,1,2
202100056057,2021-01-06 18:50:00,2021,1,6,18,50,13,13063,NORD AVENUE DU,43.6021175939,5.0068902969,Nuit avec éclairage allumé,En agglomération,Hors intersection,Normale,Deux véhicules - frontale,7,2,2,0,1,1,1,0,1,50,,2,1,0,0,1,36.0,,,,5,2,1,1,1
202100056058,2021-01-05 07:37:00,2021,1,5,7,37,10,10321,HENRI BARBUSSE (RUE),48.2913,4.0348,Nuit sans éclairage public,En agglomération,Intersection en Y,Normale,Autre collision,4,2,2,0,2,1,1,9,1,50,,2,1,0,1,0,40.0,,,,3,2,4,1,6
202100056059,2021-01-06 22:45:00,2021,1,6,22,45,06,06069,MISTRAL (AVENUE ET PLACE FREDERIC),43.64282,6.91412,Nuit sans éclairage public,En agglomération,Hors intersection,Normale,Sans collision,4,2,2,0,1,3,1,0,1,50,,1,0,0,1,0,19.0,,,,3,2,1,1,7
202100056060,2021-01-06 15:10:00,2021,1,6,15,10,06,06069,DRAGUIGNAN (ROUTE DE) - D2562-,43.64232,6.908227,Plein jour,Hors agglomération,Hors intersection,Normale,Sans collision,3,2,2,0,2,4,1,0,1,50,,1,0,0,0,1,86.0,,,,1,1,1,1,7
202100056061,2021-01-05 20:35:00,2021,1,5,20,35,75,75115,PORTE DE SEVRES,48.8348262592,2.2740060137,Nuit avec éclairage allumé,En agglomération,Intersection en Y,Normale,Trois véhicules et plus - en chaîne,4,-1,2,0,2,1,1,0,1,50,,3,2,0,0,1,29.0,30.0,,,5,2,4,1,4
202100056062,2021-01-03 15:20:00,2021,1,3,15,20,75,75116,PORTE D AUTEUIL,48.849763,2.252406,Plein jour,En agglomération,Hors intersection,Normale,Deux véhicules - arrière,4,1,4,0,1,1,1,0,1,70,,3,2,0,0,1,43.0,27.0,,,1,2,1,1,2
202100056063,2021-01-06 10:30:00,2021,1,6,10,30,75,75102,BOULEVARD POISSONNIERE,48.87087,2.346735,Plein jour,En agglomération,Intersection en T,Temps couvert,Deux véhicules - arrière,4,-1,2,0,1,1,2,0,1,50,,2,1,0,0,1,32.0,26.0,,,1,2,3,8,2
202100056064,2021-01-06 21:20:00,2021,1,6,21,20,75,75118,BOULEVARD BARBES,48.885264,2.349529,Nuit avec éclairage allumé,En agglomération,Intersection en T,Normale,Trois véhicules et plus - collisions multiples,4,2,4,3,1,1,1,-1,6,50,,3,1,0,0,2,30.0,53.0,,,5,2,3,1,5
202100056065,2021-01-04 10:00:00,2021,1,4,10,0,75,75117,PLACE DES TERNES,48.877907,2.297499,Plein jour,En agglomération,Place,Pluie légère,Sans collision,4,1,2,0,1,1,2,0,1,50,,1,0,0,0,1,26.0,,,,1,2,7,2,7
202100056066,2021-01-06 16:00:00,2021,1,6,16,0,75,75116,AVENUE DE L HIPPODROME,48.86228,2.238321,Plein jour,En agglomération,Intersection à plus de 4 branches,Normale,Deux véhicules - arrière,4,-1,2,1,1,1,1,-1,5,50,,2,1,0,0,1,47.0,16.0,,,1,2,5,1,2
202100056067,2021-01-06 14:00:00,2021,1,6,14,0,75,75114,BOULEVARD JOURDAN,48.821679,2.332948,Plein jour,En agglomération,Hors intersection,Temps couvert,Deux véhicules - côté,4,1,2,1,2,1,2,0,1,50,,2,1,0,0,1,41.0,51.0,,,1,2,1,8,3
202100056068,2021-01-06 07:42:00,2021,1,6,7,42,75,75114,AVENUE DE LA PORTE DE CHATILLON,48.822328,2.314234,Nuit avec éclairage allumé,En agglomération,Intersection en X,Normale,Trois véhicules et plus - collisions multiples,4,2,7,0,1,1,1,0,1,50,,3,1,0,0,2,27.0,51.0,,,5,2,2,1,5
202100056069,2021-01-06 16:15:00,2021,1,6,16,15,75,75112,AVENUE DE SAINT MANDE,48.8446739656,2.4057128628,Crépuscule ou aube,En agglomération,Intersection à plus de 4 branches,Temps couvert,Deux véhicules - côté,4,2,2,0,1,1,1,-1,5,50,,2,1,0,1,0,50.0,84.0,,,2,2,5,8,3
202100056070,2021-01-06 13:15:00,2021,1,6,13,15,75,75112,RUE PROUDHON,48.837152,2.390512,Plein jour,En agglomération,Hors intersection,Temps couvert,Deux véhicules - arrière,4,2,4,3,1,1,2,-1,6,50,,2,1,0,0,1,24.0,22.0,,,1,2,1,8,2
202100056071,2021-01-06 16:30:00,2021,1,6,16,30,75,75110,RUE LA FAYETTE,48.879869,2.359214,Crépuscule ou aube,En agglomération,Hors intersection,Pluie légère,Autre collision,4,2,4,0,1,1,2,0,1,50,,2,1,0,0,1,56.0,,,,2,2,1,2,6
202100056072,2021-01-06 09:40:00,2021,1,6,9,40,75,75109,RUE D ATHENES,48.877949,2.327696,Crépuscule ou aube,En agglomération,Hors intersection,Pluie légère,Deux véhicules - arrière,4,1,1,0,1,1,2,0,1,50,,2,1,0,0,1,32.0,42.0,,,2,2,1,2,2
202100056073,2021-01-06 01:35:00,2021,1,6,1,35,75,75104,QUAI HENRI IV,48.85082,2.361415,Nuit avec éclairage allumé,En agglomération,Intersection en X,Pluie légère,Deux véhicules - côté,4,1,3,3,1,1,2,0,1,50,,2,1,0,0,1,42.0,23.0,,,5,2,2,2,3
202100056074,2021-01-06 12:30:00,2021,1,6,12,30,94,94034,JEAN JAURES (BD),48.75503,2.31864,Plein jour,En agglomération,Intersection en T,Normale,Deux véhicules - frontale,4,2,2,0,2,2,1,0,1,50,,2,1,0,0,1,35.0,42.0,,,1,2,3,1,1
202100056075,2021-01-06 09:00:00,2021,1,6,9,0,94,94021,GENERAL DE GAULLE (AV DU),48.7716,2.34659,Plein jour,En agglomération,Intersection en T,Normale,Deux véhicules - côté,3,4,3,1,1,3,1,5,5,50,,2,1,0,0,1,20.0,57.0,,,1,2,3,1,3
202100056076,2021-01-06 11:05:00,2021,1,6,11,5,94,94028,CHOISY(ROUTE DE),48.78362,2.44733,Plein jour,En agglomération,Hors intersection,Normale,Deux véhicules - arrière,3,3,4,0,1,1,2,0,1,50,,2,1,0,0,1,22.0,49.0,,,1,2,1,1,2
202100056077,2021-01-06 06:30:00,2021,1,6,6,30,94,94011,RHIN ET DANUBE(RUE DU),48.77287,2.49059,Nuit avec éclairage allumé,En agglomération,Hors intersection,Normale,Deux véhicules - côté,4,3,4,0,1,2,2,0,1,50,,2,1,0,0,1,21.0,52.0,,,5,2,1,1,3
202100056078,2021-01-05 09:20:00,2021,1,5,9,20,94,94028,BROSSOLETTE(AVENUE PIERRE),48.79123,2.46261,Nuit avec éclairage allumé,En agglomération,Hors intersection,Normale,Deux véhicules - côté,3,1,0,1,1,1,1,0,5,50,,2,1,0,0,1,47.0,41.0,,,5,2,1,1,3
202100056079,2021-01-06 18:05:00,2021,1,6,18,5,92,92073,WASHINGTON (BOULEVARD),48.8770121257,2.2168323398,Nuit avec éclairage allumé,En agglomération,Hors intersection,Pluie légère,Sans collision,3,2,4,0,2,1,2,0,1,50,,1,0,0,0,1,56.0,,,,5,2,1,2,7
202100056080,2021-01-04 13:00:00,2021,1,4,13,0,92,92063,NATIONAL (BOULEVARD),48.89016,2.18054,Plein jour,En agglomération,Hors intersection,Normale,Deux véhicules - côté,3,2,4,0,1,1,2,0,1,50,,2,0,0,0,2,37.0,51.0,,,1,2,1,1,3
202100056081,2021-01-06 17:54:00,2021,1,6,17,54,75,75117,DOUAUMONT (BD DE),48.8955304239,2.3067936301,Nuit avec éclairage allumé,En agglomération,Hors intersection,Normale,Deux véhicules - côté,4,1,1,0,1,1,1,0,1,50,,2,1,0,0,1,27.0,,,,5,2,1,1,3
202100056082,2021-01-06 09:40:00,2021,1,6,9,40,92,92012,PONT DE BILLANCOURT (PLACE DU),48.8251294829,2.2485584972,Plein jour,En agglomération,Giratoire,Pluie légère,Sans collision,3,1,2,0,2,2,2,9,1,50,,1,0,0,0,1,27.0,,,,1,2,6,2,7
202100056083,2021-01-06 20:25:00,2021,1,6,20,25,92,92004,ARGENTEUIL (AV D'),48.9205648191,2.2791112374,Nuit avec éclairage allumé,En agglomération,Hors intersection,Normale,Deux véhicules - côté,3,-1,2,0,1,1,1,0,1,50,,2,1,0,0,1,25.0,28.0,,,5,2,1,1,3
202100056084,2021-01-06 08:15:00,2021,1,6,8,15,92,92004,AULAGNIER ( QUAI ),48.9113554133,2.2991640234,Nuit avec éclairage allumé,En agglomération,Hors intersection,Temps couvert,Trois véhicules et plus - collisions multiples,3,3,6,0,1,1,2,0,1,50,,3,2,0,1,0,28.0,28.0,,,5,2,1,8,5
202100056085,2021-01-05 08:10:00,2021,1,5,8,10,92,92002,MASSY (RUE DE),48.73922,2.2884,Crépuscule ou aube,En agglomération,Hors intersection,Pluie légère,Autre collision,4,2,2,0,2,1,2,0,1,50,,3,2,0,0,1,63.0,,,,2,2,1,2,6
202100056086,2021-01-07 16:30:00,2021,1,7,16,30,62,62364,Rue du Maréchal Leclerc,50.515047,2.134282,Plein jour,En agglomération,Hors intersection,Normale,Autre collision,3,2,2,0,1,2,1,0,1,50,,2,1,0,1,0,33.0,,,,1,2,1,1,6
202100056087,2021-01-06 19:50:00,2021,1,6,19,50,41,41150,Rue de la Martinière,47.559688,1.453972,Nuit avec éclairage allumé,En agglomération,Intersection en X,Normale,Deux véhicules - côté,4,2,2,0,1,1,2,0,1,30,,2,1,0,1,0,19.0,67.0,,,5,2,2,1,3
202100056088,2021-01-06 16:51:00,2021,1,6,16,51,64,64410,avenue Henry IV,43.372621,-0.62871,Plein jour,En agglomération,Intersection en T,Normale,Sans collision,3,2,2,0,2,1,1,0,1,50,,2,1,0,0,1,83.0,68.0,,,1,2,3,1,7
202100056089,2021-01-06 08:30:00,2021,1,6,8,30,35,35167,Zone d'activité le Ronzeray,47.820757,-1.318718,Nuit avec éclairage non allumé,Hors agglomération,Intersection en T,Temps couvert,Deux véhicules - côté,3,2,2,0,1,1,2,0,1,80,,2,1,0,1,0,55.0,37.0,,,4,1,3,8,3
202100056090,2021-01-07 08:35:00,2021,1,7,8,35,974,97413,56 cd25,-21.196758,55.300203,Plein jour,En agglomération,Hors intersection,Normale,Deux véhicules - côté,3,2,2,0,2,4,1,0,1,-1,,2,1,0,1,0,30.0,21.0,,,1,2,1,1,3
202100056091,2021-01-07 13:10:00,2021,1,7,13,10,59,59261,26 Rue Roland Rouleau,50.057128,4.078078,Plein jour,En agglomération,Hors intersection,Pluie légère,Autre collision,3,2,2,0,2,1,2,0,1,50,,3,1,0,2,0,33.0,,,,1,2,1,2,6
202100056092,2021-01-07 13:00:00,2021,1,7,13,0,79,79066,Lieu Dit Durigne,46.484972,-0.384076,Plein jour,Hors agglomération,Hors intersection,Temps couvert,Autre collision,4,2,2,0,1,3,1,0,3,80,,1,0,1,0,0,95.0,,,,1,1,1,8,6
202100056093,2021-01-06 12:00:00,2021,1,6,12,0,71,71008,"Lieu-dit ""Les Granges""",46.230574,4.367602,Plein jour,Hors agglomération,Hors intersection,Temps couvert,Deux véhicules - frontale,3,2,2,0,1,3,1,0,1,80,,2,0,0,1,1,70.0,27.0,,,1,1,1,8,1
202100056094,2021-01-06 18:20:00,2021,1,6,18,20,80,80533,Avenue Pierre et Marie Curie,50.062918,1.40191,Nuit avec éclairage allumé,En agglomération,Hors intersection,Normale,Autre collision,3,2,2,0,1,1,1,0,1,50,,2,1,0,1,0,48.0,,,,5,2,1,1,6
202100056095,2021-01-06 06:40:00,2021,1,6,6,40,49,49248,D775,47.760387,-1.197982,Nuit sans éclairage public,Hors agglomération,Hors intersection,Normale,Autre collision,3,3,4,0,1,1,1,0,1,110,,2,1,1,0,0,61.0,,,,3,1,1,1,6
202100056096,2021-01-06 15:00:00,2021,1,6,15,0,34,34308,lieu dit les quintes,43.634809,3.067841,Plein jour,Hors agglomération,Hors intersection,Normale,Deux véhicules - frontale,3,2,2,0,2,4,1,0,1,80,,2,0,0,0,2,58.0,58.0,,,1,1,1,1,1
202100056097,2021-01-07 17:00:00,2021,1,7,17,0,22,22047,RD.790 - PR 12.180,48.317893,-3.060744,Crépuscule ou aube,En agglomération,Hors intersection,Brouillard / fumée,Deux véhicules - côté,3,2,2,0,1,3,2,0,1,50,,3,1,1,0,1,63.0,57.0,,,2,2,1,5,3
202100056098,2021-01-07 08:50:00,2021,1,7,8,50,25,25304,1 RUE DU CANAL,47.446114,6.882956,Plein jour,En agglomération,Intersection en T,Temps couvert,Autre collision,4,2,2,0,1,1,2,0,1,50,,2,1,0,0,1,,,,,1,2,3,8,6
202100056099,2021-01-06 14:30:00,2021,1,6,14,30,31,31033,Route de Capens,43.350308,1.464352,Plein jour,En agglomération,Intersection en T,Normale,Deux véhicules - côté,3,2,2,0,1,1,1,0,1,50,,2,1,0,1,0,59.0,82.0,,,1,2,3,1,3
202100056100,2021-01-07 15:45:00,2021,1,7,15,45,50,50461,Le Haut Gallion,49.490681,-1.408267,Plein jour,Hors agglomération,Hors intersection,Normale,Deux véhicules - arrière,3,2,2,0,2,3,1,0,1,80,,2,1,0,0,1,85.0,39.0,,,1,1,1,1,2
202100056101,2021-01-07 07:05:00,2021,1,7,7,5,43,43177,51 Rue Nationale,45.30451,4.277329,Nuit avec éclairage allumé,En agglomération,Hors intersection,Temps couvert,Autre collision,3,2,2,0,1,1,1,0,1,50,,2,1,1,0,0,25.0,,,,5,2,1,8,6
202100056102,2021-01-07 08:05:00,2021,1,7,8,5,10,10358,6 Boulevard Daniel Traini,48.171384,4.215531,Crépuscule ou aube,En agglomération,Hors intersection,Pluie légère,Autre collision,3,2,2,0,1,1,2,0,1,50,,2,1,0,1,0,55.0,,,,2,2,1,2,6
202100056103,2021-01-06 22:00:00,2021,1,6,22,0,52,52023,D20,47.762775,5.100172,Nuit sans éclairage public,Hors agglomération,Hors intersection,Temps couvert,Autre collision,3,2,2,0,1,3,2,0,3,80,,1,0,0,1,0,61.0,,,,3,1,1,8,6
202100056104,2021-01-06 20:05:00,2021,1,6,20,5,31,31091,A62 - PK 219+700 vers TOULOUSE,43.698659,1.407698,Nuit sans éclairage public,Hors agglomération,Hors intersection,Normale,Deux véhicules - arrière,1,1,4,0,1,1,1,0,1,130,,2,1,0,0,1,52.0,41.0,,,3,1,1,1,2
202100056105,2021-01-06 18:20:00,2021,1,6,18,20,72,72031,A11 PK 146+400,48.087339,0.503139,Nuit sans éclairage public,Hors agglomération,Hors intersection,Normale,Deux véhicules - arrière,1,1,5,0,2,1,1,0,1,130,,2,1,0,1,0,47.0,34.0,,,3,1,1,1,2
202100056106,2021-01-07 08:15:00,2021,1,7,8,15,53,53125,Route départementale 31,48.504688,-1.065685,Crépuscule ou aube,Hors agglomération,Hors intersection,Brouillard / fumée,Deux véhicules - frontale,3,2,2,0,2,3,2,0,1,80,,2,1,0,1,0,60.0,47.0,,,2,1,1,5,1
202100056107,2021-01-05 15:20:00,2021,1,5,15,20,13,13051,"A7, pk 239+000 sens sud/nord",43.623526,5.132504,Plein jour,Hors agglomération,Hors intersection,Normale,Deux véhicules - côté,1,1,5,0,1,1,1,0,3,130,,2,0,0,0,2,43.0,23.0,,,1,1,1,1,3
202100056108,2021-01-06 01:45:00,2021,1,6,1,45,971,97125,Saint Jacques,16.275406,-61.31047,Nuit sans éclairage public,Hors agglomération,Intersection en X,Normale,Autre collision,4,2,2,0,1,1,1,0,1,80,,2,0,1,1,0,36.0,,,,3,1,2,1,6
202100056109,2021-01-06 16:35:00,2021,1,6,16,35,91,91661,Avenue de la Plesse,48.703432,2.254146,Plein jour,Hors agglomération,Intersection en X,Temps couvert,Deux véhicules - côté,3,2,1,0,1,1,2,5,1,70,,2,1,0,0,1,64.0,44.0,,,1,1,2,8,3
202100056110,2021-01-07 16:30:00,2021,1,7,16,30,84,84138,D976,44.3558715516,4.9671098265,Plein jour,Hors agglomération,Hors intersection,Temps couvert,Deux véhicules - frontale,3,2,2,0,1,1,1,0,1,80,,3,2,0,0,1,42.0,51.0,,,1,1,1,8,1
202100056111,2021-01-07 11:45:00,2021,1,7,11,45,04,04220,RD 900,44.393312,6.555131,Plein jour,Hors agglomération,Hors intersection,Normale,Sans collision,3,2,2,0,1,1,2,0,8,80,,1,0,0,0,1,62.0,,,,1,1,1,1,7
202100056112,2021-01-02 10:15:00,2021,1,2,10,15,67,67167,Hohbuhl,48.479145,7.301456,Plein jour,En agglomération,Hors intersection,Brouillard / fumée,Autre collision,4,2,2,0,2,1,7,0,1,80,,4,2,0,0,2,40.0,,,,1,2,1,5,6
202100056113,2021-01-06 10:48:00,2021,1,6,10,48,67,67164,D422,48.434853,7.493851,Plein jour,En agglomération,Hors intersection,Pluie légère,Deux véhicules - frontale,3,2,2,0,1,1,2,0,1,80,,2,1,0,0,1,57.0,23.0,,,1,2,1,2,1
202100056114,2021-01-05 11:55:00,2021,1,5,11,55,67,67130,Avenue de la Gare,48.422102,7.641576,Plein jour,En agglomération,Giratoire,Normale,Sans collision,3,1,1,0,2,3,2,9,1,50,,2,1,0,1,0,55.0,49.0,,,1,2,6,1,7
202100056115,2021-01-06 18:10:00,2021,1,6,18,10,67,67028,Rue de Strasbourg,48.371964,7.592533,Nuit avec éclairage allumé,En agglomération,Hors intersection,Pluie légère,Autre collision,3,2,2,0,1,1,2,0,1,50,,2,1,0,0,1,70.0,,,,5,2,1,2,6
202100056116,2021-01-07 00:30:00,2021,1,7,0,30,74,74094,Rte des Chasseurs,46.203081,6.282721,Nuit avec éclairage allumé,En agglomération,Giratoire,Normale,Autre collision,3,2,2,0,1,1,1,5,3,50,,3,0,0,2,1,32.0,,,,5,2,6,1,6
202100056117,2021-01-06 13:15:00,2021,1,6,13,15,33,33243,Rue Fonneuve,44.914591,-0.246779,Plein jour,En agglomération,Intersection en X,Normale,Deux véhicules - côté,4,1,1,0,1,1,1,6,1,30,,2,1,0,0,1,17.0,71.0,,,1,2,2,1,3
202100056118,2021-01-06 07:30:00,2021,1,6,7,30,22,22076,CD 13,48.545492,-2.391897,Crépuscule ou aube,Hors agglomération,Hors intersection,Normale,Deux véhicules - côté,3,2,2,0,1,1,1,0,1,80,,2,1,0,0,1,19.0,55.0,,,2,1,1,1,3
202100056119,2021-01-02 11:00:00,2021,1,2,11,0,13,13085,A50-Sens Toulon vers Aubagne,43.25479,5.59467,Plein jour,Hors agglomération,Hors intersection,Pluie légère,Sans collision,1,1,3,0,3,2,2,0,1,110,,5,4,0,0,1,33.0,,,,1,1,1,2,7
202100056120,2021-01-02 09:38:00,2021,1,2,9,38,13,13019,A51-Sens Aix en Provence vers Marseille,43.42649,5.38069,Plein jour,Hors agglomération,Hors intersection,Normale,Autre collision,1,1,2,0,1,1,2,0,1,90,,1,0,0,0,1,49.0,,,,1,1,1,1,6
202100056121,2021-01-06 10:25:00,2021,1,6,10,25,94,94034,AUTOROUTE A86,48.7581,2.32746,Plein jour,Hors agglomération,Hors intersection,Normale,Trois véhicules et plus - en chaîne,1,3,4,0,1,1,1,1,1,70,,3,2,0,0,1,28.0,70.0,,,1,1,1,1,4
202100056122,2021-01-05 21:30:00,2021,1,5,21,30,91,91471,RD 188 CHEVREUSE,48.69344,2.19063,Nuit sans éclairage public,Hors agglomération,Hors intersection,Normale,Deux véhicules - côté,3,-1,3,0,1,1,2,0,1,80,,2,1,0,0,1,50.0,60.0,,,3,1,1,1,3
202100056123,2021-01-04 20:55:00,2021,1,4,20,55,92,92036,AUTOROUTE A15,48.945829154,2.2833738855,Nuit sans éclairage public,Hors agglomération,Hors intersection,Normale,Deux véhicules - arrière,1,3,8,0,1,1,2,2,1,90,,6,0,0,0,6,31.0,37.0,,,3,1,1,1,2
202100056124,2021-01-05 07:30:00,2021,1,5,7,30,95,95582,A15,48.96436,2.26219,Crépuscule ou aube,Hors agglomération,Hors intersection,Normale,Deux véhicules - arrière,1,3,9,0,1,1,1,0,1,110,,2,1,0,0,1,61.0,50.0,,,2,1,1,1,2
202100056125,2021-01-04 20:30:00,2021,1,4,20,30,93,93007, A3,48.91997,2.4791,Nuit sans éclairage public,Hors agglomération,Hors intersection,Pluie légère,Deux véhicules - arrière,1,3,6,0,1,1,2,0,1,90,,3,2,0,0,1,44.0,35.0,,,3,1,1,2,2
202100056126,2021-01-04 19:30:00,2021,1,4,19,30,93,93064,AUTOROUTE A86,48.87275,2.48041,Nuit sans éclairage public,Hors agglomération,Hors intersection,Normale,Deux véhicules - côté,1,3,6,0,1,1,1,0,1,90,,2,1,0,0,1,23.0,42.0,,,3,1,1,1,3
202100056127,2021-01-04 14:20:00,2021,1,4,14,20,93,93027,AUTOROUTE A86,48.92796,2.41118,Plein jour,Hors agglomération,Hors intersection,Temps couvert,Autre collision,1,3,7,0,1,1,1,0,1,90,,1,0,0,0,1,59.0,,,,1,1,1,8,6
202100056128,2021-01-04 09:40:00,2021,1,4,9,40,95,95424, A15,48.99388,2.18445,Crépuscule ou aube,Hors agglomération,Hors intersection,Pluie légère,Autre collision,1,1,1,0,1,1,2,0,1,70,,1,0,0,0,1,26.0,,,,2,1,1,2,6
202100056129,2021-01-06 08:50:00,2021,1,6,8,50,93,93051,A4,48.83659,2.54138,Plein jour,Hors agglomération,Hors intersection,Temps couvert,Trois véhicules et plus - collisions multiples,1,3,8,0,1,2,1,0,1,110,,4,3,0,0,1,31.0,46.0,,,1,1,1,8,5
202100056130,2021-01-05 03:12:00,2021,1,5,3,12,988,98818,VE1 SENS SUD/NORD,-22.2472,166.4565,Nuit avec éclairage allumé,Hors agglomération,Hors intersection,Normale,Autre collision,1,3,4,0,1,1,1,0,1,70,,4,2,0,0,2,32.0,,,,5,1,1,1,6
202100056131,2021-01-04 14:00:00,2021,1,4,14,0,988,98818,ROUTE DE L'ANSE VATA/RUE MARCELLIN LACABANNE,-22.29363,166.44653,Plein jour,En agglomération,Intersection en T,Normale,Autre collision,4,2,2,0,2,1,1,0,1,50,,3,1,0,1,1,32.0,,,,1,2,3,1,6
202100056132,2021-01-05 19:30:00,2021,1,5,19,30,974,97411,Rue de Paris,-20.883954,55.450423,Nuit avec éclairage allumé,En agglomération,Intersection en T,Normale,Deux véhicules - côté,4,2,3,1,1,1,1,0,1,50,,5,2,0,0,3,45.0,49.0,,,5,2,3,1,3
202100056133,2021-01-01 00:45:00,2021,1,1,0,45,974,97407,TOULOUSE(BOULEVARD),-20.94399,55.29038,Nuit avec éclairage allumé,En agglomération,Intersection en X,Normale,Deux véhicules - côté,4,2,1,0,1,1,1,0,1,50,,2,0,0,0,2,35.0,27.0,,,5,2,2,1,3
202100056134,2021-01-04 06:28:00,2021,1,4,6,28,973,97302,FLAMBOYANTS (RUE DES),4.9228164876,-52.3209822178,Crépuscule ou aube,En agglomération,Hors intersection,Normale,Deux véhicules - côté,4,2,2,0,1,1,1,0,1,50,,2,1,0,1,0,23.0,48.0,,,2,2,1,1,3
202100056135,2021-01-05 20:50:00,2021,1,5,20,50,69,69387,Rue de Marseille,45.7534407318,4.8413438341,Nuit avec éclairage allumé,En agglomération,Intersection en X,Normale,Autre collision,4,1,3,3,1,1,1,0,1,50,,2,0,0,0,2,33.0,,,,5,2,2,1,6
202100056136,2021-01-05 17:40:00,2021,1,5,17,40,69,69387,GARIBALDI (R),45.7455,4.8491,Nuit avec éclairage allumé,En agglomération,Hors intersection,Normale,Trois véhicules et plus - collisions multiples,4,2,4,0,1,1,1,0,1,50,,3,2,0,0,1,24.0,32.0,,,5,2,1,1,5
202100056137,2021-01-04 22:05:00,2021,1,4,22,5,971,97101,BAIMBRIDGE (ROUTE DE),16.248,-61.52716,Nuit sans éclairage public,Hors agglomération,Giratoire,Normale,Deux véhicules - côté,2,4,2,0,1,1,1,2,1,50,,3,2,0,0,1,25.0,19.0,,,3,1,6,1,3
202100056138,2021-01-04 12:30:00,2021,1,4,12,30,2A,2A004,T40,41.9288099434,8.8095316248,Plein jour,Hors agglomération,Hors intersection,Normale,Deux véhicules - arrière,2,1,2,0,1,1,1,0,1,90,,2,1,0,0,1,41.0,29.0,,,1,1,1,1,2
202100056139,2021-01-04 18:45:00,2021,1,4,18,45,95,95428,route de SAINT BRICE,48.9934334914,2.3349571082,Nuit avec éclairage allumé,En agglomération,Autre intersection,Pluie légère,Deux véhicules - frontale,3,2,2,0,1,1,2,0,1,50,,3,1,0,1,1,81.0,40.0,,,5,2,9,2,1