accident_id,datetime,annee,mois,jour,heure,minute,departement,commune_insee,adresse,latitude,longitude,luminosite,agglomeration,intersection,meteo,collision,catr,circ,nbv,vosp,prof,plan,surf,infra,situ,vma,nb_vehicules,nb_usagers,nb_indemnes,nb_tues,nb_blesses_hosp,nb_blesses_legers,age_cond_1,age_cond_2,veh_type_cond_1,veh_type_cond_2,lum_code,agg_code,int_code,atm_code,col_code
202100056140,2021-01-05 17:40:00,2021,1,5,17,40,91,91689,RTE DE MONTJEAN,48.73775,2.33107,Crépuscule ou aube,En agglomération,Intersection en T,Pluie légère,Deux véhicules - côté,4,2,2,2,1,1,2,0,1,30,,3,2,0,1,0,44.0,46.0,,,2,2,3,2,3
202100056141,2021-01-01 20:20:00,2021,1,1,20,20,80,80021,SOMME (QUAI DE LA),49.9022,2.28765,Nuit avec éclairage allumé,En agglomération,Hors intersection,Normale,Autre collision,4,2,2,0,1,1,1,0,1,50,,1,0,0,0,1,45.0,,,,5,2,1,1,6
202100056142,2021-01-05 13:13:00,2021,1,5,13,13,77,77053,RUE DU GENERAL LECLERC,48.69163,2.61286,Plein jour,En agglomération,Intersection en T,Normale,Deux véhicules - côté,4,2,2,0,1,1,1,0,1,30,,2,1,0,0,1,42.0,19.0,,,1,2,3,1,3
202100056143,2021-01-05 15:05:00,2021,1,5,15,5,77,77186,BOURGOGNE (ROUTE DE),48.481113,2.669131,Plein jour,Hors agglomération,Autre intersection,Pluie légère,Deux véhicules - côté,3,2,4,0,1,1,2,0,1,90,,2,1,0,0,1,68.0,65.0,,,1,1,9,2,3
202100056144,2021-01-04 18:05:00,2021,1,4,18,5,67,67482,Route de la Wantzenau & Rue de l’Ill,48.61126,7.78105,Nuit avec éclairage allumé,En agglomération,Intersection en T,Temps couvert,Autre collision,4,2,2,0,1,1,1,0,1,50,,2,1,0,1,0,62.0,,,,5,2,3,8,6
202100056145,2021-01-04 14:05:00,2021,1,4,14,5,67,67482,FAUBOURG NATIONAL (RUE DU),48.58238,7.73699,Plein jour,En agglomération,Passage à niveau,Temps couvert,Autre collision,4,2,2,3,1,1,1,4,6,50,,2,1,0,0,1,52.0,,,,1,2,8,8,6
202100056146,2021-01-01 14:47:00,2021,1,1,14,47,66,66136,CANIGOU AVENUE DU,42.68924,2.8801,Plein jour,En agglomération,Intersection en X,Normale,Deux véhicules - côté,4,-1,0,0,1,1,1,0,1,50,,3,1,0,0,2,20.0,43.0,,,1,2,2,1,3
202100056147,2021-01-04 16:53:00,2021,1,4,16,53,64,64122,AVENUE DE LAHOUZE,43.4773903242,-1.5501115301,Plein jour,En agglomération,Hors intersection,Pluie légère,Sans collision,4,2,2,0,1,2,2,0,1,50,,1,0,0,1,0,48.0,,,,1,2,1,2,7
202100056148,2021-01-04 07:40:00,2021,1,4,7,40,62,62902,EUROPE (RUE DE L'.......),50.712768,2.236857,Nuit sans éclairage public,En agglomération,Intersection en X,Normale,Deux véhicules - côté,4,2,2,0,1,1,2,0,1,50,,2,1,0,1,0,36.0,40.0,,,3,2,2,1,3
202100056149,2021-01-05 16:40:00,2021,1,5,16,40,59,59599,BLANCHE PORTE (RUE DE LA),50.718981,3.145548,Crépuscule ou aube,En agglomération,Intersection en X,Normale,Sans collision,4,2,3,0,1,1,1,1,1,50,,2,1,0,0,1,33.0,,,,2,2,2,1,7
202100056150,2021-01-05 16:55:00,2021,1,5,16,55,59,59650,CARNOT (RUE),50.69948,3.21095,Nuit avec éclairage allumé,En agglomération,Intersection en T,Normale,Deux véhicules - côté,7,2,2,0,1,1,1,0,1,50,,2,1,0,1,0,31.0,32.0,,,5,2,3,1,3
202100056151,2021-01-05 17:50:00,2021,1,5,17,50,58,58194,MARZY,46.98806,3.12674,Nuit avec éclairage allumé,En agglomération,Intersection en T,Pluie légère,Deux véhicules - côté,4,2,2,0,1,1,2,0,1,50,,2,1,0,0,1,21.0,46.0,,,5,2,3,2,3
202100056152,2021-01-05 16:33:00,2021,1,5,16,33,57,57463,TREVES (BOULEVARD DE ),49.11856,6.18851,Crépuscule ou aube,En agglomération,Hors intersection,Normale,Deux véhicules - arrière,4,-1,4,0,1,1,1,0,1,50,,2,1,0,0,1,35.0,35.0,,,2,2,1,1,2
202100056153,2021-01-04 18:50:00,2021,1,4,18,50,56,56260,MARTINE (RUE ACHILLE),47.66861521,-2.74705678,Nuit avec éclairage allumé,En agglomération,Hors intersection,Temps couvert,Autre collision,4,1,1,0,2,1,1,0,1,50,,2,1,0,0,1,35.0,,,,5,2,1,8,6
202100056154,2021-01-04 12:45:00,2021,1,4,12,45,56,56260,VERDUN (AVENUE DE),47.66071,-2.74364,Plein jour,En agglomération,Intersection en T,Normale,Deux véhicules - côté,4,2,2,0,1,1,2,5,1,50,,2,1,0,1,0,54.0,30.0,,,1,2,3,1,3
202100056155,2021-01-02 11:30:00,2021,1,2,11,30,54,54578,AIGUILLETTES  (BD 5 A 73-2 A 94),48.6732313682,6.1532520112,Plein jour,En agglomération,Intersection en X,Normale,Autre collision,4,2,2,0,1,2,1,0,1,50,,2,1,0,0,1,91.0,,,,1,2,2,1,6
202100056156,2021-01-04 17:37:00,2021,1,4,17,37,52,52121,THIERS (BLD),48.10896,5.14058,Plein jour,En agglomération,Hors intersection,Normale,Autre collision,3,1,2,0,1,1,1,0,1,50,,2,1,0,0,1,38.0,,,,1,2,1,1,6
202100056157,2021-01-05 16:56:00,2021,1,5,16,56,51,51454,Avenue Jean Jaurès,49.2622156653,4.0525458544,Plein jour,En agglomération,Hors intersection,Normale,Sans collision,4,2,2,0,1,1,1,0,1,50,,2,1,0,0,1,82.0,,,,1,2,1,1,7
202100056158,2021-01-05 14:45:00,2021,1,5,14,45,51,51454,Rue de Neufchatel,49.274772198,4.0267714595,Plein jour,En agglomération,Hors intersection,Temps couvert,Sans collision,3,2,2,0,1,1,1,0,1,50,,2,1,0,0,1,40.0,,,,1,2,1,8,7
202100056159,2021-01-05 04:40:00,2021,1,5,4,40,50,50416,BRETON (RUE DU),49.65422,-1.70604,Nuit sans éclairage public,Hors agglomération,Hors intersection,Temps couvert,Autre collision,3,2,2,0,1,2,2,0,4,70,,1,0,0,0,1,60.0,,,,3,1,1,8,6
202100056160,2021-01-03 12:35:00,2021,1,3,12,35,50,50129,BRIE (RUE DE),49.62754,-1.63102,Plein jour,En agglomération,Intersection en T,Pluie légère,Deux véhicules - côté,4,1,2,0,1,1,2,0,1,50,,2,1,0,0,1,24.0,21.0,,,1,2,3,2,3
202100056161,2021-01-04 17:05:00,2021,1,4,17,5,50,50602,EST (BOULEVARD DE L'),49.63517,-1.58647,Nuit avec éclairage allumé,En agglomération,Intersection en X,Pluie forte,Deux véhicules - frontale,3,3,4,1,1,1,2,5,1,50,,2,1,0,1,0,16.0,38.0,,,5,2,2,3,1
202100056162,2021-01-01 06:26:00,2021,1,1,6,26,49,49015,LANGEVIN RUE PAUL,47.518066,-0.610439,Nuit avec éclairage allumé,En agglomération,Hors intersection,Normale,Autre collision,4,-1,2,0,1,1,1,0,1,50,,1,0,0,0,1,22.0,,,,5,2,1,1,6
202100056163,2021-01-04 17:19:00,2021,1,4,17,19,49,49007,LEMOINE,47.47165,-0.5415,Plein jour,En agglomération,Hors intersection,Pluie légère,Deux véhicules - côté,4,-1,2,0,1,1,2,0,1,50,,2,1,0,0,1,21.0,22.0,,,1,2,1,2,3
202100056164,2021-01-04 13:48:00,2021,1,4,13,48,49,49007,CANTENAY EPINARD ROUTE,47.49729,-0.56475,Plein jour,Hors agglomération,Hors intersection,Normale,Sans collision,3,-1,2,0,1,1,2,0,1,80,,1,0,0,0,1,15.0,,,,1,1,1,1,7
202100056165,2021-01-01 06:30:00,2021,1,1,6,30,34,34032,ROUTE DE MURVIEL (RD.19 - SECT.3),43.3519,3.20223,Nuit sans éclairage public,Hors agglomération,Hors intersection,Normale,Autre collision,3,2,2,0,1,1,1,0,3,90,,2,0,0,2,0,22.0,,,,3,1,1,1,6
202100056166,2021-01-05 09:00:00,2021,1,5,9,0,33,33162,Avenue de Saint-Médard,44.86165,-0.6436,Plein jour,En agglomération,Hors intersection,Temps couvert,Autre collision,4,2,2,3,1,1,1,-1,1,50,,2,1,0,0,1,32.0,,,,1,2,1,8,6
202100056167,2021-01-04 14:55:00,2021,1,4,14,55,26,26362,Avenue du Tricastin,44.93259,4.88579,Plein jour,En agglomération,Hors intersection,Normale,Deux véhicules - côté,3,2,2,0,1,1,1,0,1,50,,2,1,0,1,0,39.0,63.0,,,1,2,1,1,3
202100056168,2021-01-05 17:30:00,2021,1,5,17,30,17,17142,Rue du Pont,46.1672,-1.09225,Crépuscule ou aube,Hors agglomération,Intersection en T,Normale,Deux véhicules - côté,3,2,2,0,1,1,1,0,1,80,,2,1,0,1,0,50.0,49.0,,,2,1,3,1,3
202100056169,2021-01-05 17:30:00,2021,1,5,17,30,13,13208,MICHELET (BOULEVARD),43.26594,5.39534,Nuit avec éclairage allumé,En agglomération,Hors intersection,Normale,Autre collision,4,-1,0,1,1,1,1,0,5,50,,2,1,0,0,1,21.0,,,,5,2,1,1,6
202100056170,2021-01-04 18:30:00,2021,1,4,18,30,13,13210,Avenue Florian,43.2841049588,5.4268498156,Nuit avec éclairage allumé,En agglomération,Hors intersection,Pluie légère,Deux véhicules - arrière,4,1,3,0,2,1,1,0,1,50,,2,1,0,0,1,26.0,23.0,,,5,2,1,2,2
202100056171,2021-01-04 09:05:00,2021,1,4,9,5,10,10081,JEAN JAURES (AVENUE),48.31043,4.03944,Plein jour,En agglomération,Giratoire,Temps couvert,Autre collision,4,1,2,0,1,2,2,0,1,50,,2,0,0,0,2,29.0,,,,1,2,6,8,6
202100056172,2021-01-05 23:20:00,2021,1,5,23,20,06,06088,ARSON (RUE),43.70245,7.28781,Nuit avec éclairage allumé,En agglomération,Intersection en X,Normale,Deux véhicules - côté,4,1,3,3,1,1,1,0,1,50,,4,0,0,0,4,34.0,29.0,,,5,2,2,1,3
202100056173,2021-01-05 10:30:00,2021,1,5,10,30,06,06088,DUBOUCHAGE (BD),43.701157,7.269702,Plein jour,En agglomération,Hors intersection,Temps couvert,Autre collision,4,1,2,0,1,1,2,0,1,50,,2,1,0,0,1,62.0,,,,1,2,1,8,6
202100056174,2021-01-05 18:25:00,2021,1,5,18,25,75,75118,ECHANGEUR CHAPELLE,48.9008899341,2.3639216648,Nuit avec éclairage non allumé,En agglomération,Intersection en Y,Normale,Deux véhicules - arrière,4,1,2,0,1,1,1,0,1,50,,2,1,0,0,1,35.0,,,,4,2,4,1,2
202100056175,2021-01-04 18:40:00,2021,1,4,18,40,75,75112,ECHANGEUR BERCY,48.828178,2.396136,Nuit avec éclairage allumé,En agglomération,Hors intersection,Normale,Trois véhicules et plus - en chaîne,4,1,4,0,1,1,1,0,1,70,,3,2,0,0,1,44.0,53.0,,,5,2,1,1,4
202100056176,2021-01-05 18:20:00,2021,1,5,18,20,75,75120,RUE DES PYRENEES,48.87388,2.386293,Nuit avec éclairage allumé,En agglomération,Hors intersection,Normale,Autre collision,4,2,2,0,1,1,1,8,1,30,,2,1,0,0,1,68.0,,,,5,2,1,1,6
202100056177,2021-01-05 15:00:00,2021,1,5,15,0,75,75119,RUE CURIAL,48.8898332713,2.3715407466,Plein jour,En agglomération,Hors intersection,Temps couvert,Sans collision,4,2,2,0,1,3,2,0,1,50,,1,0,0,0,1,35.0,,,,1,2,1,8,7
202100056178,2021-01-05 11:00:00,2021,1,5,11,0,75,75119,BOULEVARD DE LA VILLETTE,48.875579,2.373132,Plein jour,En agglomération,Hors intersection,Normale,Deux véhicules - côté,4,1,1,0,1,1,2,0,1,50,,2,1,0,1,0,26.0,40.0,,,1,2,1,1,3
202100056179,2021-01-05 09:50:00,2021,1,5,9,50,75,75119,RUE RIQUET,48.888385,2.37412,Plein jour,En agglomération,Intersection en X,Pluie légère,Autre collision,4,1,1,3,1,1,2,-1,6,50,,2,1,0,0,1,,22.0,,,1,2,2,2,6
202100056180,2021-01-04 19:40:00,2021,1,4,19,40,75,75118,RUE DE SOFIA,48.884486,2.349481,Nuit avec éclairage allumé,En agglomération,Intersection en T,Pluie légère,Autre collision,4,1,1,0,2,1,2,0,1,50,,2,1,0,0,1,,,,,5,2,3,2,6
202100056181,2021-01-04 17:30:00,2021,1,4,17,30,75,75118,AVENUE DE LA PORTE DE MONTMARTRE,48.8982400708,2.3370677233,Nuit avec éclairage allumé,En agglomération,Hors intersection,Normale,Autre collision,4,2,2,0,1,1,1,0,1,50,,2,1,0,0,1,20.0,,,,5,2,1,1,6
202100056182,2021-01-05 08:45:00,2021,1,5,8,45,75,75114,BOULEVARD ARAGO,48.8344745109,2.334074378,Crépuscule ou aube,En agglomération,Hors intersection,Pluie légère,Deux véhicules - côté,4,2,2,0,1,1,2,0,1,50,,2,1,0,0,1,49.0,32.0,,,2,2,1,2,3
202100056183,2021-01-05 19:10:00,2021,1,5,19,10,75,75112,ROUTE DE CEINTURE DU LAC DAUMESNIL,48.830172,2.41831,Nuit sans éclairage public,En agglomération,Hors intersection,Normale,Deux véhicules - côté,4,2,2,0,1,1,1,0,1,50,,2,1,0,0,1,35.0,59.0,,,3,2,1,1,3
202100056184,2021-01-04 17:35:00,2021,1,4,17,35,75,75103,RUE MICHEL LE COMTE,48.862396,2.355522,Nuit avec éclairage allumé,En agglomération,Hors intersection,Normale,Sans collision,4,1,1,0,1,1,9,0,1,50,,1,0,0,0,1,58.0,,,,5,2,1,1,7
202100056185,2021-01-05 08:40:00,2021,1,5,8,40,94,94046,GENERAL LECLERC (AV DU),48.809983,2.433749,Crépuscule ou aube,En agglomération,Hors intersection,Normale,Deux véhicules - côté,3,1,2,0,1,1,2,6,8,50,,2,1,0,0,1,57.0,13.0,,,2,2,1,1,3
202100056186,2021-01-04 10:40:00,2021,1,4,10,40,94,94017,GENERAL DE GAULLE (AV DU),48.82082,2.48625,Plein jour,En agglomération,Hors intersection,Temps couvert,Deux véhicules - côté,4,-1,4,0,1,1,2,0,1,50,,2,1,0,0,1,60.0,,,,1,2,1,8,3
202100056187,2021-01-04 09:45:00,2021,1,4,9,45,93,93066,"""LANDY RD 20, NR IMPAIRS 1 A 144""",48.9153731697,2.3651259828,Plein jour,En agglomération,Intersection en T,Temps couvert,Autre collision,3,2,3,3,1,1,1,0,1,50,,2,1,0,0,1,54.0,,,,1,2,3,8,6
202100056188,2021-01-05 15:10:00,2021,1,5,15,10,93,93049,VICTOR HUGO (RUE) GALLIENI->EGL ST HENRI,48.85265,2.51238,Plein jour,En agglomération,Intersection en X,Pluie légère,Deux véhicules - côté,3,3,5,1,1,1,2,0,1,50,,2,1,0,0,1,48.0,31.0,,,1,2,2,2,3
202100056189,2021-01-05 18:30:00,2021,1,5,18,30,93,93046,MAURICE BERTHEAUX ALLEE,48.9134113791,2.5160032511,Nuit avec éclairage allumé,En agglomération,Hors intersection,Normale,Deux véhicules - côté,9,2,2,3,1,1,1,9,6,50,,2,1,0,0,1,25.0,36.0,,,5,2,1,1,3
202100056190,2021-01-05 14:03:00,2021,1,5,14,3,93,93008,VOSGES (RUE DES),48.9129300961,2.4462742313,Plein jour,En agglomération,Intersection en T,Normale,Deux véhicules - côté,3,2,2,0,1,1,1,0,1,50,,2,1,0,0,1,55.0,20.0,,,1,2,3,1,3
202100056191,2021-01-05 08:20:00,2021,1,5,8,20,93,93008,VAILLANT COUTURIER (AVENUE PAUL),48.9082478415,2.4523975911,Plein jour,En agglomération,Giratoire,Pluie légère,Deux véhicules - côté,3,-1,1,0,1,1,2,0,8,50,,2,1,0,0,1,48.0,32.0,,,1,2,6,2,3
202100056192,2021-01-05 12:25:00,2021,1,5,12,25,93,93001,ANATOLE FRANCE  (BLD) IMPAIR,48.9163180592,2.3815694881,Plein jour,En agglomération,Intersection en X,Pluie légère,Autre collision,3,2,2,0,1,1,2,0,1,50,,2,1,0,1,0,24.0,,,,1,2,2,2,6
202100056193,2021-01-04 20:00:00,2021,1,4,20,0,92,92072,EUROPE (AVENUE DE L'),48.8242251599,2.2121438384,Nuit avec éclairage allumé,En agglomération,Giratoire,Pluie légère,Sans collision,3,2,2,0,1,1,2,0,1,50,,1,0,0,0,1,51.0,,,,5,2,6,2,7
202100056194,2021-01-04 19:30:00,2021,1,4,19,30,92,92050,QUENTIN JULES AVENUE,48.8962228854,2.1887674366,Nuit avec éclairage allumé,En agglomération,Intersection en T,Normale,Deux véhicules - côté,4,2,2,3,1,1,2,0,1,50,,2,1,0,0,1,25.0,20.0,,,5,2,3,1,3
202100056195,2021-01-05 06:25:00,2021,1,5,6,25,75,75117,JEAN JAURES (BD) DE (1 A 45)   (2 A 54),48.896673,2.309577,Nuit avec éclairage allumé,En agglomération,Intersection en X,Normale,Deux véhicules - arrière,4,1,3,3,1,1,1,0,1,50,,2,1,0,0,1,40.0,39.0,,,5,2,2,1,2
202100056196,2021-01-05 19:06:00,2021,1,5,19,6,92,92012,DANJOU (RUE) 17/FIN - 20/FIN,48.8336509767,2.2479810648,Nuit avec éclairage allumé,En agglomération,Intersection en X,Normale,Autre collision,4,1,1,0,1,1,1,0,1,50,,2,1,0,0,1,25.0,,,,5,2,2,1,6
202100056197,2021-01-04 20:00:00,2021,1,4,20,0,92,92002,DIVISION LECLERC (53 A 217 - 58 A 186),48.746116,2.303527,Nuit avec éclairage allumé,En agglomération,Intersection en X,Normale,Deux véhicules - côté,3,3,1,0,2,1,1,0,1,50,,2,1,0,0,1,28.0,28.0,,,5,2,2,1,3
202100056198,2021-01-03 14:25:00,2021,1,3,14,25,14,14226,D23,48.9282232897,-0.4034471512,Plein jour,Hors agglomération,Hors intersection,Temps couvert,Autre collision,3,3,2,0,1,2,2,0,3,90,,2,1,0,0,1,19.0,,,,1,1,1,8,6
202100056199,2021-01-06 07:30:00,2021,1,6,7,30,41,41206,A10,47.6512,1.37397,Nuit sans éclairage public,Hors agglomération,Hors intersection,Pluie légère,Deux véhicules - arrière,1,2,3,0,1,1,2,0,1,130,,3,2,0,0,1,48.0,21.0,,,3,1,1,2,2
202100056200,2021-01-06 13:05:00,2021,1,6,13,5,58,58193,D957,47.528662,2.884662,Plein jour,Hors agglomération,Hors intersection,Pluie légère,Autre collision,3,2,2,0,1,1,2,0,3,80,,1,0,1,0,0,60.0,,,,1,1,1,2,6
202100056201,2021-01-06 10:30:00,2021,1,6,10,30,66,66021,85 Avenue du Haut Vernet,42.731206,2.928603,Plein jour,En agglomération,Hors intersection,Normale,Autre collision,3,2,2,0,1,1,1,0,8,50,,2,1,0,1,0,77.0,,,,1,2,1,1,6
202100056202,2021-01-04 20:13:00,2021,1,4,20,13,33,33316,Lieu Dit Freminet,44.754395,0.138407,Nuit sans éclairage public,Hors agglomération,Hors intersection,Autre,Autre collision,3,2,2,0,2,3,1,0,3,80,,1,0,0,1,0,60.0,,,,3,1,1,9,6
202100056203,2021-01-05 13:00:00,2021,1,5,13,0,41,41092,D7,47.452926,1.338766,Plein jour,Hors agglomération,Hors intersection,Temps couvert,Sans collision,3,2,2,0,1,3,2,2,3,80,,1,0,0,1,0,49.0,,,,1,1,1,8,7
202100056204,2021-01-05 15:00:00,2021,1,5,15,0,35,35223,Rue du Fief,47.999937,-2.102459,Plein jour,En agglomération,Hors intersection,Normale,Autre collision,3,2,2,0,4,1,1,0,1,50,,2,1,0,1,0,88.0,,,,1,2,1,1,6
202100056205,2021-01-05 15:10:00,2021,1,5,15,10,03,03180,D53-D105,46.5096617381,3.4638747167,Plein jour,Hors agglomération,Intersection en X,Normale,Deux véhicules - côté,3,2,2,0,1,1,1,0,1,90,,3,2,0,0,1,36.0,67.0,,,1,1,2,1,3
202100056206,2021-01-06 15:45:00,2021,1,6,15,45,50,50402,ZI des Costils,49.514043,-1.793947,Plein jour,Hors agglomération,Intersection en T,Normale,Deux véhicules - côté,3,2,3,3,1,3,2,5,1,80,,3,2,0,1,0,56.0,40.0,,,1,1,3,1,3
202100056207,2021-01-06 14:45:00,2021,1,6,14,45,64,64443,chemin du bois,43.359525,-0.596824,Plein jour,Hors agglomération,Hors intersection,Normale,Sans collision,4,2,2,0,1,1,1,0,1,-1,,2,1,1,0,0,79.0,,,,1,1,1,1,7
202100056208,2021-01-06 08:00:00,2021,1,6,8,0,10,10220,D619,48.503057,3.769813,Crépuscule ou aube,Hors agglomération,Hors intersection,Normale,Autre collision,3,2,2,0,1,1,2,0,6,70,,1,0,0,1,0,36.0,,,,2,1,1,1,6
202100056209,2021-01-06 11:30:00,2021,1,6,11,30,16,16025,La Croix de Cotterau,45.399866,-0.251377,Plein jour,Hors agglomération,Hors intersection,Pluie légère,Autre collision,3,2,2,0,2,3,2,0,1,80,,3,2,0,1,0,33.0,,,,1,1,1,2,6
202100056210,2021-01-06 17:35:00,2021,1,6,17,35,16,16418,Rue de Montmoreau,45.588125,0.149989,Crépuscule ou aube,Hors agglomération,Hors intersection,Normale,Deux véhicules - frontale,3,2,2,0,2,2,1,0,1,70,,3,0,0,1,2,76.0,62.0,,,2,1,1,1,1
202100056211,2021-01-05 18:00:00,2021,1,5,18,0,37,37132,Rue des Lézards,47.1312710644,0.9838305701,Nuit avec éclairage allumé,En agglomération,Intersection en T,Pluie légère,Deux véhicules - côté,4,2,2,0,1,1,2,0,1,50,,2,1,0,1,0,18.0,62.0,,,5,2,3,2,3
202100056212,2021-01-05 17:25:00,2021,1,5,17,25,30,30333,,43.7698,4.242,Plein jour,Hors agglomération,Hors intersection,Normale,Deux véhicules - frontale,3,2,2,0,2,1,1,0,1,80,,2,1,0,1,0,33.0,40.0,,,1,1,1,1,1
202100056213,2021-01-05 15:55:00,2021,1,5,15,55,13,13007,A520 pk 002.000,43.365828,5.641522,Plein jour,Hors agglomération,Hors intersection,Normale,Deux véhicules - arrière,1,1,2,0,1,1,1,9,1,130,,2,1,0,0,1,75.0,54.0,,,1,1,1,1,2
202100056214,2021-01-05 19:00:00,2021,1,5,19,0,977,97701,Marigot,17.9019662961,-62.8330954313,Nuit sans éclairage public,Hors agglomération,Hors intersection,Normale,Deux véhicules - frontale,3,2,2,0,2,3,1,0,1,30,,2,0,0,1,1,29.0,25.0,,,3,1,1,1,1
202100056215,2021-01-05 15:25:00,2021,1,5,15,25,95,95446,RD 151,49.116388,2.180909,Plein jour,Hors agglomération,Hors intersection,Temps couvert,Sans collision,3,2,2,0,1,1,1,0,1,-1,,1,0,0,1,0,37.0,,,,1,1,1,8,7
202100056216,2021-01-06 17:50:00,2021,1,6,17,50,84,84078,Route Nationale 7,44.262109,4.704723,Nuit sans éclairage public,Hors agglomération,Autre intersection,Normale,Deux véhicules - frontale,2,2,2,0,1,1,1,5,1,80,,3,2,1,0,0,78.0,,,,3,1,9,1,1
202100056217,2021-01-05 14:00:00,2021,1,5,14,0,13,13015,Avenue Thiers,43.447373,5.419666,Plein jour,En agglomération,Hors intersection,Normale,Autre collision,7,2,2,0,1,1,1,0,3,50,,1,0,1,0,0,36.0,,,,1,2,1,1,6
202100056218,2021-01-05 18:16:00,2021,1,5,18,16,73,73303,RD 109 lieu dit BANGE,45.755927,6.444651,Nuit sans éclairage public,Hors agglomération,Hors intersection,Normale,Sans collision,3,2,2,0,2,3,1,0,1,80,,2,0,0,2,0,66.0,,,,3,1,1,1,7
202100056219,2021-01-05 17:30:00,2021,1,5,17,30,44,44035,Route des Harmonières,47.317403,-1.575546,Nuit sans éclairage public,Hors agglomération,Autre intersection,Normale,Deux véhicules - arrière,7,2,2,0,1,1,1,0,1,70,,2,1,1,0,0,40.0,51.0,,,3,1,9,1,2
202100056220,2021-01-06 18:45:00,2021,1,6,18,45,69,69140,MARCY (DE) (RTE),45.90219,4.676528,Nuit sans éclairage public,Hors agglomération,Intersection en X,Normale,Deux véhicules - côté,3,2,2,0,2,1,1,0,1,90,,2,0,0,0,2,35.0,44.0,,,3,1,2,1,3
202100056221,2021-01-04 16:45:00,2021,1,4,16,45,14,14047,Avenue Conseil,49.277013,-0.71063,Plein jour,En agglomération,Hors intersection,Normale,Autre collision,4,2,2,0,1,1,1,0,1,50,,2,1,0,1,0,69.0,,,,1,2,1,1,6
202100056222,2021-01-06 08:15:00,2021,1,6,8,15,02,02430,22 Rue Abbé Duployé,49.611015,3.807083,Plein jour,En agglomération,Autre intersection,Normale,Deux véhicules - côté,3,2,2,0,1,1,1,0,1,50,,3,2,0,0,1,22.0,48.0,,,1,2,9,1,3
202100056223,2021-01-06 15:40:00,2021,1,6,15,40,59,59052,18Rue Jules Guesde,50.519322,2.891433,Plein jour,En agglomération,Hors intersection,Normale,Autre collision,7,2,2,0,1,2,1,0,4,50,,1,0,1,0,0,39.0,,,,1,2,1,1,6
202100056224,2021-01-04 17:45:00,2021,1,4,17,45,13,13055,A507 sens Aubagne- Marseille,43.3295690892,5.4129123696,Nuit avec éclairage allumé,Hors agglomération,Autre intersection,Normale,Deux véhicules - arrière,1,1,4,0,3,1,1,0,1,70,,2,1,0,0,1,27.0,31.0,,,5,1,9,1,2
202100056225,2021-01-05 18:35:00,2021,1,5,18,35,13,13055,A507 sens Marseille - Aubagne,43.289166,5.424457,Nuit avec éclairage allumé,Hors agglomération,Hors intersection,Normale,Autre collision,1,3,3,0,1,1,1,1,1,70,,1,0,0,0,1,56.0,,,,5,1,1,1,6
202100056226,2021-01-04 18:00:00,2021,1,4,18,0,13,13071,A7-Sens Marseille vers Lyon,43.416277,5.276429,Nuit avec éclairage allumé,Hors agglomération,Hors intersection,Normale,Deux véhicules - arrière,1,3,2,0,1,1,2,0,1,90,,2,1,0,0,1,24.0,38.0,,,5,1,1,1,2
202100056227,2021-01-05 17:40:00,2021,1,5,17,40,33,33013,ROUTE NATIONALE 230,44.868492,-0.504497,Nuit avec éclairage allumé,Hors agglomération,Hors intersection,Normale,Trois véhicules et plus - en chaîne,2,3,6,0,1,1,1,0,1,90,,3,2,0,0,1,35.0,,,,5,1,1,1,4
202100056228,2021-01-05 19:15:00,2021,1,5,19,15,91,91471,RN 118,48.699,2.1923,Nuit sans éclairage public,Hors agglomération,Hors intersection,Normale,Deux véhicules - côté,2,1,2,0,1,1,1,0,1,90,,2,1,0,0,1,61.0,51.0,,,3,1,1,1,3
202100056229,2021-01-05 13:00:00,2021,1,5,13,0,91,91235,RN 104,48.6258535349,2.3562412262,Plein jour,Hors agglomération,Hors intersection,Normale,Sans collision,2,1,1,0,1,3,2,0,1,50,,2,1,0,0,1,67.0,,,,1,1,1,1,7
202100056230,2021-01-05 19:00:00,2021,1,5,19,0,92,92036,RN315 Y,48.9237957741,2.3049858212,Nuit sans éclairage public,Hors agglomération,Hors intersection,Normale,Trois véhicules et plus - en chaîne,2,3,2,0,1,1,2,0,1,70,,3,2,0,0,1,34.0,48.0,,,3,1,1,1,4
202100056231,2021-01-04 07:39:00,2021,1,4,7,39,988,98818,RUE ARMAND OHLEN/RUE SUZANNE ULM,-22.25692,166.46242,Plein jour,En agglomération,Giratoire,Normale,Deux véhicules - côté,4,2,2,0,3,2,1,5,1,50,,2,1,0,1,0,26.0,30.0,,,1,2,6,1,3
202100056232,2021-01-04 21:00:00,2021,1,4,21,0,974,97411,RN2/043,-20.89511,55.50283,Nuit sans éclairage public,En agglomération,Autre intersection,Pluie légère,Sans collision,2,2,4,0,2,2,2,3,2,90,,1,0,0,1,0,40.0,,,,3,2,9,2,7
202100056233,2021-01-02 19:00:00,2021,1,2,19,0,974,97411,Avenue Leconte de Lisle,-20.9019,55.48711,Plein jour,Hors agglomération,Hors intersection,Normale,Deux véhicules - côté,4,2,4,3,1,1,1,9,6,50,,2,1,0,1,0,55.0,24.0,,,1,1,1,1,3
202100056234,2021-01-04 13:40:00,2021,1,4,13,40,69,69259,LEO LAGRANGE (R),45.69851,4.87507,Plein jour,En agglomération,Hors intersection,Normale,Autre collision,4,2,2,0,1,1,1,0,1,50,,2,1,0,0,1,21.0,,,,1,2,1,1,6