accident_id,datetime,annee,mois,jour,heure,minute,departement,commune_insee,adresse,latitude,longitude,luminosite,agglomeration,intersection,meteo,collision,catr,circ,nbv,vosp,prof,plan,surf,infra,situ,vma,nb_vehicules,nb_usagers,nb_indemnes,nb_tues,nb_blesses_hosp,nb_blesses_legers,age_cond_1,age_cond_2,veh_type_cond_1,veh_type_cond_2,lum_code,agg_code,int_code,atm_code,col_code
202100056235,2021-01-04 09:00:00,2021,1,4,9,0,69,69383,Rue Baraban,45.7597592289,4.8679511094,Plein jour,En agglomération,Hors intersection,Normale,Sans collision,4,2,2,0,1,1,1,0,1,50,,1,0,0,0,1,34.0,,,,1,2,1,1,7
202100056236,2021-01-04 17:00:00,2021,1,4,17,0,972,97209,BISHOP (Avenue Maurice),14.61373,-61.05229,Plein jour,En agglomération,Intersection en X,Normale,Deux véhicules - côté,1,3,7,0,1,1,1,0,1,50,,4,1,0,0,3,22.0,55.0,,,1,2,2,1,3
202100056237,2021-01-04 16:55:00,2021,1,4,16,55,2B,2B033,DANESI - BLD BENOITE,42.69666,9.44331,Crépuscule ou aube,En agglomération,Hors intersection,Normale,Autre collision,4,-1,2,0,2,1,1,0,1,50,,2,1,0,0,1,26.0,,,,2,2,1,1,6
202100056238,2021-01-04 07:55:00,2021,1,4,7,55,2B,2B120,11 - RT,42.64959,9.44058,Plein jour,En agglomération,Hors intersection,Normale,Deux véhicules - arrière,2,-1,2,0,1,1,1,0,1,70,,2,1,0,0,1,62.0,48.0,,,1,2,1,1,2
202100056239,2021-01-04 16:20:00,2021,1,4,16,20,91,91027,RUE ANATOLE FRANCE,48.711053,2.382864,Plein jour,En agglomération,Intersection en X,Normale,Deux véhicules - côté,3,-1,2,0,1,1,1,0,1,50,,2,1,0,0,1,44.0,38.0,,,1,2,2,1,3
202100056240,2021-01-04 18:50:00,2021,1,4,18,50,86,86194,Rue de la Milètrie,46.563221,0.381586,Nuit avec éclairage allumé,En agglomération,Hors intersection,Normale,Autre collision,4,2,2,0,1,1,1,0,1,50,,2,1,0,1,0,,,,,5,2,1,1,6
202100056241,2021-01-02 14:50:00,2021,1,2,14,50,86,86194,Rocade Sud Est,46.553168,0.309684,Plein jour,En agglomération,Hors intersection,Normale,Deux véhicules - côté,3,3,5,0,1,1,1,0,1,50,,4,2,0,0,2,32.0,22.0,,,1,2,1,1,3
202100056242,2021-01-01 02:35:00,2021,1,1,2,35,85,85194,Avenue Louis Breguet,46.48948,-1.7323,Nuit sans éclairage public,En agglomération,Intersection en X,Normale,Sans collision,4,2,2,0,1,1,1,5,3,50,,1,0,1,0,0,20.0,,,,3,2,2,1,7
202100056243,2021-01-04 13:45:00,2021,1,4,13,45,83,83137,STRASBOURG (BD DE ),43.12519,5.93104,Plein jour,En agglomération,Hors intersection,Pluie légère,Deux véhicules - côté,4,2,6,0,1,1,2,0,1,50,,5,2,0,0,3,49.0,23.0,,,1,2,1,2,3
202100056244,2021-01-04 07:45:00,2021,1,4,7,45,77,77296,AV DE JATTEAU,48.63191,2.58036,Nuit avec éclairage allumé,En agglomération,Hors intersection,Normale,Autre collision,4,2,0,0,1,1,1,0,1,50,,1,0,0,0,1,27.0,,,,5,2,1,1,6
202100056245,2021-01-02 17:30:00,2021,1,2,17,30,76,76540,Boulevard de l’Yser,49.44734,1.10349,Nuit avec éclairage allumé,En agglomération,Hors intersection,Normale,Trois véhicules et plus - en chaîne,7,2,2,3,1,1,1,-1,1,50,,7,5,0,0,2,50.0,56.0,,,5,2,1,1,4
202100056246,2021-01-01 15:15:00,2021,1,1,15,15,76,76351,Rue Jules Avril,49.49764,0.09679,Plein jour,En agglomération,Intersection en T,Normale,Deux véhicules - frontale,4,1,1,0,2,1,1,0,1,50,,3,2,0,0,1,21.0,37.0,,,1,2,3,1,1
202100056247,2021-01-04 13:37:00,2021,1,4,13,37,65,65047,JAURES (AVE JEAN),43.2332390995,0.0919649005,Plein jour,En agglomération,Intersection en X,Normale,Deux véhicules - côté,2,2,2,0,1,1,1,0,1,50,,2,1,0,0,1,43.0,29.0,,,1,2,2,1,3
202100056248,2021-01-04 07:50:00,2021,1,4,7,50,64,64445,JEAN JACQUES DE MONAIX,43.3037324938,-0.3561113025,Nuit avec éclairage allumé,En agglomération,Giratoire,Temps couvert,Deux véhicules - côté,4,1,1,0,1,2,2,0,1,50,,2,1,0,0,1,20.0,63.0,,,5,2,6,8,3
202100056249,2021-01-03 15:30:00,2021,1,3,15,30,64,64102,PIECE NOYEE (ROND POINT DE LA),43.498934,-1.481758,Plein jour,En agglomération,Autre intersection,Pluie légère,Sans collision,4,1,1,0,1,2,2,9,1,50,,1,0,0,0,1,17.0,,,,1,2,9,2,7
202100056250,2021-01-04 05:40:00,2021,1,4,5,40,63,63113,FLAMENG (RUE),45.7573457532,3.0970933971,Nuit avec éclairage allumé,En agglomération,Intersection en T,Normale,Autre collision,4,2,2,0,4,1,5,0,1,50,,2,1,0,0,1,27.0,,,,5,2,3,1,6
202100056251,2021-01-03 19:38:00,2021,1,3,19,38,63,63075,ROYAT (AVENUE DE),45.77277,3.06044,Nuit avec éclairage allumé,En agglomération,Hors intersection,Normale,Autre collision,7,2,2,0,2,1,2,0,1,50,,2,1,0,0,1,47.0,,,,5,2,1,1,6
202100056252,2021-01-04 16:05:00,2021,1,4,16,5,62,62617,ROUTE NATIONALE (CD 937),50.47194,2.66908,Crépuscule ou aube,En agglomération,Giratoire,Normale,Autre collision,3,2,2,0,1,1,1,9,1,50,,2,1,0,0,1,,,,,2,2,6,1,6
202100056253,2021-01-04 08:43:00,2021,1,4,8,43,59,59350,DUNKERQUE AVENUE,50.64565,2.98579,Crépuscule ou aube,En agglomération,Hors intersection,Pluie légère,Autre collision,7,2,2,1,1,1,2,0,1,30,,2,1,0,0,1,,,,,2,2,1,2,6
202100056254,2021-01-01 04:30:00,2021,1,1,4,30,59,59489,Rue Pasteur,50.43424,3.08726,Nuit avec éclairage allumé,En agglomération,Hors intersection,Normale,Autre collision,3,2,2,0,1,2,2,0,1,50,,1,0,0,1,0,23.0,,,,5,2,1,1,6
202100056255,2021-01-03 14:45:00,2021,1,3,14,45,56,56121,LOTE (RUE  RENE ),47.77045,-3.40388,Plein jour,En agglomération,Hors intersection,Normale,Autre collision,4,2,2,0,1,1,1,0,8,50,,1,0,0,0,1,28.0,,,,1,2,1,1,6
202100056256,2021-01-04 17:50:00,2021,1,4,17,50,54,54395,JUIN (AVENUE DU MARE,48.67879,6.17131,Nuit avec éclairage allumé,En agglomération,Hors intersection,Normale,Deux véhicules - frontale,4,2,2,0,1,1,1,0,1,30,,2,1,0,0,1,20.0,25.0,,,5,2,1,1,1
202100056257,2021-01-02 18:35:00,2021,1,2,18,35,50,50129,PARIS (AVENUE DE),49.6288,-1.61816,Nuit avec éclairage allumé,En agglomération,Intersection en T,Normale,Autre collision,2,2,2,0,1,1,1,0,1,50,,2,1,0,1,0,44.0,,,,5,2,3,1,6
202100056258,2021-01-02 12:55:00,2021,1,2,12,55,50,50416,BRETON (RUE DU),49.654,-1.7062,Plein jour,Hors agglomération,Hors intersection,Temps couvert,Autre collision,3,2,2,0,2,2,2,0,1,70,,1,0,0,0,1,37.0,,,,1,1,1,8,6
202100056259,2021-01-04 17:55:00,2021,1,4,17,55,37,37122,BORDEAUX (AVENUE DE),47.3595486945,0.6975245476,Nuit avec éclairage allumé,En agglomération,Hors intersection,Pluie légère,Autre collision,4,3,4,0,1,1,2,1,8,50,,2,1,0,0,1,50.0,,,,5,2,1,2,6
202100056260,2021-01-04 13:00:00,2021,1,4,13,0,37,37261,198 Rue Auguste Chevallier,47.3765852567,0.679333739,Plein jour,En agglomération,Hors intersection,Normale,Autre collision,4,2,2,1,1,1,2,0,1,50,,5,4,0,0,1,23.0,23.0,,,1,2,1,1,6
202100056261,2021-01-04 09:15:00,2021,1,4,9,15,37,37261,TANNEURS (RUE DES),47.3954868367,0.6773672971,Plein jour,En agglomération,Giratoire,Pluie légère,Deux véhicules - arrière,4,3,3,2,1,1,2,5,1,50,,2,1,0,0,1,20.0,39.0,,,1,2,6,2,2
202100056262,2021-01-04 17:30:00,2021,1,4,17,30,35,35238,NANTES (RUE DE),48.09186,-1.69185,Crépuscule ou aube,En agglomération,Hors intersection,Pluie légère,Deux véhicules - côté,4,2,2,1,1,1,2,0,5,50,,3,2,0,0,1,25.0,19.0,,,2,2,1,2,3
202100056263,2021-01-04 07:23:00,2021,1,4,7,23,35,35278,RD 137,48.17569,-1.71764,Nuit sans éclairage public,Hors agglomération,Hors intersection,Pluie légère,Deux véhicules - côté,7,3,4,0,1,1,2,0,1,110,,4,1,0,0,3,32.0,26.0,,,3,1,1,2,3
202100056264,2021-01-04 14:50:00,2021,1,4,14,50,34,34172,TOULOUSE (AVENUE DE,43.5935179716,3.8599474115,Plein jour,En agglomération,Hors intersection,Normale,Deux véhicules - côté,4,2,4,1,2,1,1,0,5,50,,2,1,0,0,1,24.0,33.0,,,1,2,1,1,3
202100056265,2021-01-01 12:15:00,2021,1,1,12,15,31,31555,56 Impasse Barthe,43.631,1.44035,Plein jour,En agglomération,Hors intersection,Normale,Deux véhicules - côté,4,2,2,0,1,1,1,0,1,50,,2,1,0,1,0,,85.0,,,1,2,1,1,3
202100056266,2021-01-04 08:00:00,2021,1,4,8,0,27,27701,RD6015,49.25695,1.16918,Nuit sans éclairage public,Hors agglomération,Hors intersection,Pluie légère,Deux véhicules - arrière,3,2,3,0,1,1,2,0,1,90,,2,1,0,0,1,25.0,45.0,,,3,1,1,2,2
202100056267,2021-01-03 15:57:00,2021,1,3,15,57,25,25580,BLUM (PLACE LEON),47.4538,6.82644,Plein jour,En agglomération,Hors intersection,Normale,Autre collision,6,-1,-1,0,1,1,2,9,8,30,,2,1,0,1,0,,,,,1,2,1,1,6
202100056268,2021-01-04 16:20:00,2021,1,4,16,20,13,13054,JEAN MERMOZ (AV ),43.418305,5.214152,Plein jour,En agglomération,Intersection en X,Temps couvert,Autre collision,4,2,2,0,1,1,2,9,1,30,,2,1,0,1,0,32.0,,,,1,2,2,8,6
202100056269,2021-01-04 12:20:00,2021,1,4,12,20,13,13210,CAPELETTE (AVENUE DE LA),43.283815,5.401791,Plein jour,En agglomération,Intersection en T,Pluie légère,Deux véhicules - frontale,4,1,1,0,4,1,2,0,1,50,,2,1,0,0,1,37.0,,,,1,2,3,2,1
202100056270,2021-01-04 08:45:00,2021,1,4,8,45,13,13210,PIERRE DOIZE  (RUE),43.276294,5.426652,Plein jour,En agglomération,Hors intersection,Pluie forte,Autre collision,4,2,3,0,1,1,2,0,1,50,,2,1,0,0,1,20.0,,,,1,2,1,3,6
202100056271,2021-01-04 08:00:00,2021,1,4,8,0,13,13047,RADOLFZELL AVENUE DE,43.499149,4.987426,Crépuscule ou aube,En agglomération,Hors intersection,Neige / grêle,Autre collision,4,2,4,0,1,1,2,0,1,50,,2,1,0,0,1,52.0,,,,2,2,1,4,6
202100056272,2021-01-04 10:25:00,2021,1,4,10,25,13,13004,RTE DE TARASCON,43.726807,4.641627,Plein jour,Hors agglomération,Autre intersection,Neige / grêle,Trois véhicules et plus - collisions multiples,3,2,1,0,1,1,5,0,1,80,,4,2,0,0,2,36.0,63.0,,,1,1,9,4,5
202100056273,2021-01-02 15:41:00,2021,1,2,15,41,05,05061,LUYE ( ROUTE DE LA ),44.51778,6.06426,Plein jour,Hors agglomération,Intersection en Y,Normale,Deux véhicules - côté,3,2,2,0,1,2,2,0,1,80,,4,3,0,0,1,29.0,24.0,,,1,1,4,1,3
202100056274,2021-01-01 21:00:00,2021,1,1,21,0,05,05061,CARREFOUR DE L'EUROPE,44.55489,6.07472,Nuit avec éclairage allumé,En agglomération,Giratoire,Neige / grêle,Deux véhicules - côté,2,1,1,0,1,1,5,5,1,50,,5,0,0,0,5,23.0,31.0,,,5,2,6,4,3
202100056275,2021-01-04 05:52:00,2021,1,4,5,52,75,75120,AVENUE DU PROFESSEUR ANDRE LEMIERE,48.854329,2.41528,Nuit avec éclairage allumé,En agglomération,Intersection en X,Normale,Autre collision,4,2,2,0,1,1,1,0,1,50,,2,1,0,0,1,41.0,,,,5,2,2,1,6
202100056276,2021-01-04 18:25:00,2021,1,4,18,25,75,75119,RUE MANIN,48.881683,2.381055,Nuit avec éclairage allumé,En agglomération,Intersection en T,Pluie légère,Deux véhicules - côté,4,2,2,0,1,1,2,0,1,50,,2,1,0,0,1,51.0,76.0,,,5,2,3,2,3
202100056277,2021-01-03 18:05:00,2021,1,3,18,5,75,75118,BOULEVARD ORNANO,48.896651,2.345434,Nuit avec éclairage allumé,En agglomération,Hors intersection,Normale,Autre collision,4,2,2,0,1,1,1,0,1,50,,3,1,0,0,2,34.0,20.0,,,5,2,1,1,6
202100056278,2021-01-02 22:50:00,2021,1,2,22,50,75,75118,RUE LEON,48.888961,2.353603,Nuit avec éclairage allumé,En agglomération,Intersection en T,Normale,Deux véhicules - côté,4,1,1,0,1,1,1,0,1,50,,2,1,0,0,1,41.0,,,,5,2,3,1,3
202100056279,2021-01-04 09:30:00,2021,1,4,9,30,75,75117,BOULEVARD PERIPHERIQUE INTERIEUR OUEST,48.889204,2.296169,Plein jour,En agglomération,Hors intersection,Temps couvert,Deux véhicules - arrière,4,1,4,0,1,3,2,1,1,70,,3,1,0,0,2,26.0,60.0,,,1,2,1,8,2
202100056280,2021-01-04 11:14:00,2021,1,4,11,14,75,75113,BOULEVARD MASSENA,48.823392,2.375021,Plein jour,En agglomération,Intersection en T,Pluie légère,Sans collision,4,3,2,0,2,1,2,0,1,50,,1,0,0,0,1,34.0,,,,1,2,3,2,7
202100056281,2021-01-04 20:15:00,2021,1,4,20,15,75,75111,BOULEVARD JULES FERRY,48.867994,2.368292,Nuit avec éclairage allumé,En agglomération,Hors intersection,Temps couvert,Sans collision,4,1,3,1,1,1,2,-1,5,30,,1,0,0,0,1,51.0,,,,5,2,1,8,7
202100056282,2021-01-04 15:20:00,2021,1,4,15,20,75,75108,RUE FRANCOIS 1ER,48.867805,2.305084,Plein jour,En agglomération,Hors intersection,Normale,Autre collision,4,1,2,1,2,1,1,-1,5,50,,1,0,0,0,1,66.0,,,,1,2,1,1,6
202100056283,2021-01-04 19:40:00,2021,1,4,19,40,75,75101,AVENUE DE L OPERA,48.864964,2.334768,Nuit avec éclairage allumé,En agglomération,Intersection en Y,Normale,Autre collision,4,2,4,0,1,1,1,0,1,50,,2,1,0,0,1,27.0,,,,5,2,4,1,6
202100056284,2021-01-04 18:15:00,2021,1,4,18,15,94,94052,COULMIERS (R DE),48.8419964227,2.4915860965,Nuit avec éclairage allumé,En agglomération,Hors intersection,Normale,Autre collision,4,1,1,0,2,1,1,0,1,30,,2,1,0,0,1,18.0,,,,5,2,1,1,6
202100056285,2021-01-04 14:40:00,2021,1,4,14,40,94,94046,GENERAL LECLERC (AV DU),48.809983,2.433749,Plein jour,En agglomération,Hors intersection,Normale,Deux véhicules - côté,3,2,4,0,1,1,1,0,1,50,,2,1,0,0,1,33.0,,,,1,2,1,1,3
202100056286,2021-01-04 13:25:00,2021,1,4,13,25,94,94073,LUXEMBOURG (AV DU),48.75563,2.37362,Plein jour,En agglomération,Autre intersection,Temps couvert,Trois véhicules et plus - collisions multiples,6,-1,0,0,1,1,2,0,1,20,,4,3,0,0,1,48.0,50.0,,,1,2,9,8,5
202100056287,2021-01-04 14:40:00,2021,1,4,14,40,93,93073,DE SERRES (RUE OLIVIER),48.94707,2.57274,Plein jour,En agglomération,Intersection en T,Temps couvert,Deux véhicules - côté,4,1,1,1,1,1,2,5,1,50,,2,1,0,0,1,39.0,,,,1,2,3,8,3
202100056288,2021-01-03 15:00:00,2021,1,3,15,0,93,93066,CASANOVA DANIELLE NR 52-SUIV ET 21-SUIV,48.92655,2.36609,Plein jour,En agglomération,Intersection en X,Normale,Deux véhicules - frontale,3,2,2,0,1,1,1,0,1,50,,2,1,0,0,1,24.0,29.0,,,1,2,2,1,1
202100056289,2021-01-02 18:15:00,2021,1,2,18,15,93,93066,"""LANDY RD 20, NR IMPAIRS 1 A 144""",48.91534,2.35686,Nuit avec éclairage allumé,En agglomération,Hors intersection,Normale,Deux véhicules - arrière,3,2,4,0,1,1,1,0,1,50,,3,1,0,0,2,,46.0,,,5,2,1,1,2
202100056290,2021-01-04 08:10:00,2021,1,4,8,10,93,93055,JULES AUFFRET (1/49 ET 2/54),48.8874996701,2.4103069848,Crépuscule ou aube,En agglomération,Intersection en T,Normale,Deux véhicules - côté,3,2,2,0,2,1,1,0,1,50,,2,1,0,0,1,61.0,18.0,,,2,2,3,1,3
202100056291,2021-01-03 13:30:00,2021,1,3,13,30,93,93048,BOISSIERE (BOULEVARD DE LA),48.8775,2.4613,Plein jour,En agglomération,Hors intersection,Normale,Deux véhicules - côté,3,2,2,0,1,1,1,0,1,50,,2,1,0,0,1,38.0,19.0,,,1,2,1,1,3
202100056292,2021-01-04 04:15:00,2021,1,4,4,15,93,93014,COUBRON (ALLEE DE),48.9126475805,2.5519191877,Nuit avec éclairage allumé,En agglomération,Hors intersection,Pluie légère,Autre collision,3,2,2,0,1,1,2,9,1,50,,2,0,0,1,1,21.0,,,,5,2,1,2,6
202100056293,2021-01-04 14:20:00,2021,1,4,14,20,93,93047,BARGUE  (BOULEVARD),48.903068552,2.5622028552,Plein jour,En agglomération,Intersection en T,Normale,Deux véhicules - côté,4,2,2,0,1,1,1,0,1,30,,2,1,0,0,1,60.0,26.0,,,1,2,3,1,3
202100056294,2021-01-04 18:12:00,2021,1,4,18,12,93,93007,DIVISION LECLERC (AVENUE),48.9443,2.46395,Nuit avec éclairage allumé,En agglomération,Hors intersection,Pluie légère,Autre collision,3,2,2,0,1,1,2,0,1,50,,3,1,0,0,2,87.0,,,,5,2,1,2,6
202100056295,2021-01-04 10:10:00,2021,1,4,10,10,93,93001,VICTOR HUGO (AVE)  => 120,48.9110263553,2.3792587058,Plein jour,En agglomération,Hors intersection,Normale,Autre collision,3,2,4,0,1,1,1,0,1,50,,2,1,0,0,1,34.0,,,,1,2,1,1,6
202100056296,2021-01-04 17:10:00,2021,1,4,17,10,92,92051,CHATEAU (AVENUE DU) N° 1 A 81,48.8867515702,2.2623445989,Crépuscule ou aube,En agglomération,Hors intersection,Temps couvert,Deux véhicules - frontale,4,2,2,0,2,1,2,0,1,30,,3,1,0,0,2,57.0,88.0,,,2,2,1,8,1
202100056297,2021-01-04 15:10:00,2021,1,4,15,10,92,92044,MARIUS AUFAN(RUE) 1A67 ET 2A78,48.89165,2.28359,Plein jour,En agglomération,Intersection en X,Normale,Autre collision,4,1,1,0,1,1,1,0,8,50,,3,2,0,0,1,57.0,45.0,,,1,2,2,1,6
202100056298,2021-01-03 21:00:00,2021,1,3,21,0,92,92025,COLBERT  55 A 113   42 A 102 (RUE),48.91647141,2.2313350439,Nuit avec éclairage allumé,En agglomération,Hors intersection,Normale,Deux véhicules - côté,4,1,1,0,1,1,1,0,1,50,,2,1,0,0,1,33.0,,,,5,2,1,1,3
202100056299,2021-01-05 09:07:00,2021,1,5,9,7,07,07181,RD86,44.739593,4.742022,Plein jour,En agglomération,Hors intersection,Normale,Trois véhicules et plus - en chaîne,3,2,2,0,1,1,2,0,1,50,,4,2,0,0,2,25.0,48.0,,,1,2,1,1,4
202100056300,2021-01-04 17:05:00,2021,1,4,17,5,34,34111,rond point de l'Europe,43.932254,3.711287,Crépuscule ou aube,En agglomération,Giratoire,Normale,Deux véhicules - côté,3,4,2,0,1,1,1,5,1,50,,2,1,0,0,1,13.0,70.0,,,2,2,6,1,3
202100056301,2021-01-04 17:40:00,2021,1,4,17,40,34,34270,Route de Sete,43.583453,3.848702,Crépuscule ou aube,En agglomération,Giratoire,Temps couvert,Autre collision,7,1,1,0,1,3,1,5,1,50,,3,0,0,3,0,55.0,,,,2,2,6,8,6
202100056302,2021-01-04 19:15:00,2021,1,4,19,15,95,95149,RD 316,49.127161,2.429942,Nuit avec éclairage allumé,Hors agglomération,Giratoire,Pluie légère,Sans collision,3,3,2,0,1,1,2,0,1,80,,1,0,0,0,1,30.0,,,,5,1,6,2,7
202100056303,2021-01-04 17:40:00,2021,1,4,17,40,56,56061,La Corderie,47.743183,-2.117379,Crépuscule ou aube,Hors agglomération,Hors intersection,Normale,Deux véhicules - frontale,3,2,2,0,1,1,1,0,1,80,,3,2,0,1,0,53.0,19.0,,,2,1,1,1,1
202100056304,2021-01-05 15:00:00,2021,1,5,15,0,76,76419,route de duclair,49.396563,0.881621,Plein jour,Hors agglomération,Hors intersection,Normale,Autre collision,3,2,2,0,2,4,1,0,3,80,,1,0,0,1,0,27.0,,,,1,1,1,1,6
202100056305,2021-01-05 08:30:00,2021,1,5,8,30,79,79013,Route de Bressuire,46.981973,-0.455479,Plein jour,Hors agglomération,Hors intersection,Temps couvert,Autre collision,3,2,2,0,2,3,8,0,3,70,,1,0,0,0,1,45.0,,,,1,1,1,8,6
202100056306,2021-01-04 17:20:00,2021,1,4,17,20,71,71310,Avenue des Mouettes,46.738375,4.475051,Crépuscule ou aube,En agglomération,Hors intersection,Normale,Autre collision,4,2,3,0,1,1,1,0,1,50,,2,1,0,0,1,48.0,,,,2,2,1,1,6
202100056307,2021-01-04 14:50:00,2021,1,4,14,50,47,47283,8 Avenue Principale,44.473198,0.939744,Plein jour,En agglomération,Hors intersection,Normale,Deux véhicules - arrière,3,2,2,0,1,1,1,9,1,30,,2,1,0,0,1,68.0,75.0,,,1,2,1,1,2
202100056308,2021-01-04 21:00:00,2021,1,4,21,0,44,44119,La Breille,46.982419,-1.75512,Nuit sans éclairage public,Hors agglomération,Hors intersection,Autre,Autre collision,3,2,2,0,1,1,2,0,3,80,,1,0,1,0,0,25.0,,,,3,1,1,9,6
202100056309,2021-01-05 08:30:00,2021,1,5,8,30,29,29260,Rue du Pont-de-Bois,48.433428,-4.620714,Crépuscule ou aube,En agglomération,Hors intersection,Pluie légère,Autre collision,4,2,2,0,1,1,2,0,1,50,,2,1,0,1,0,36.0,,,,2,2,1,2,6
202100056310,2021-01-05 18:30:00,2021,1,5,18,30,50,50615,VOIE DE LA LIBERTE,49.515524,-1.479684,Nuit avec éclairage allumé,En agglomération,Hors intersection,Pluie forte,Autre collision,3,2,2,2,1,1,2,0,1,50,,3,2,0,1,0,86.0,,,,5,2,1,3,6
202100056311,2021-01-04 15:45:00,2021,1,4,15,45,43,43159,Route d'Aulagny,45.172734,4.295257,Plein jour,Hors agglomération,Hors intersection,Neige / grêle,Deux véhicules - frontale,3,2,2,0,2,3,5,0,1,-1,,2,1,0,1,0,47.0,48.0,,,1,1,1,4,1
202100056312,2021-01-04 16:40:00,2021,1,4,16,40,24,24520,RD 704,44.87505,1.224686,Plein jour,En agglomération,Hors intersection,Normale,Deux véhicules - côté,3,2,2,0,1,1,1,0,1,50,,2,1,0,1,0,61.0,16.0,,,1,2,1,1,3
202100056313,2021-01-04 21:55:00,2021,1,4,21,55,976,97605,Quartier Ourini,-12.8332,45.11695,Nuit avec éclairage allumé,En agglomération,Hors intersection,Normale,Deux véhicules - frontale,4,2,2,0,2,1,1,0,3,-1,,5,1,0,4,0,42.0,47.0,,,5,2,1,1,1
202100056314,2021-01-04 14:45:00,2021,1,4,14,45,59,59236,Autoroute A26,50.138307039,3.1378474544,Plein jour,Hors agglomération,Hors intersection,Normale,Sans collision,1,2,2,0,1,1,1,9,3,130,,2,1,0,1,0,53.0,,,,1,1,1,1,7
202100056315,2021-01-04 18:08:00,2021,1,4,18,8,77,77437,rue galliéni,49.037193,2.80014,Nuit avec éclairage allumé,En agglomération,Hors intersection,Pluie légère,Trois véhicules et plus - collisions multiples,2,2,3,0,1,1,2,0,1,50,,6,4,0,0,2,43.0,39.0,,,5,2,1,2,5
202100056316,2021-01-05 08:00:00,2021,1,5,8,0,16,16078,,45.692139,0.234651,Crépuscule ou aube,Hors agglomération,Hors intersection,Normale,Deux véhicules - arrière,2,3,4,0,2,1,1,0,1,110,,2,1,0,1,0,21.0,20.0,,,2,1,1,1,2
202100056317,2021-01-02 18:30:00,2021,1,2,18,30,44,44168,16 Rue Louis Pasteur,47.377789,-2.197641,Nuit avec éclairage allumé,En agglomération,Hors intersection,Normale,Deux véhicules - côté,3,2,2,0,1,2,1,0,1,50,,2,1,0,0,1,35.0,,,,5,2,1,1,3
202100056318,2021-01-05 12:20:00,2021,1,5,12,20,60,60395,Rue Salentin,49.239675,2.13267,Plein jour,En agglomération,Hors intersection,Pluie légère,Autre collision,4,1,1,0,1,1,2,0,1,-1,,2,1,0,0,1,54.0,,,,1,2,1,2,6
202100056319,2021-01-04 07:45:00,2021,1,4,7,45,59,59581,rue de la lys,50.672203,2.784884,Crépuscule ou aube,Hors agglomération,Hors intersection,Pluie légère,Deux véhicules - frontale,3,2,2,0,1,2,2,0,1,70,,5,4,0,1,0,28.0,45.0,,,2,1,1,2,1
202100056320,2021-01-04 19:00:00,2021,1,4,19,0,94,94076,AUTOROUTE A6B,48.7969892466,2.3446454398,Nuit sans éclairage public,Hors agglomération,Hors intersection,Normale,Autre collision,1,2,6,0,2,2,1,0,1,90,,1,0,0,0,1,20.0,,,,3,1,1,1,6
202100056321,2021-01-04 08:30:00,2021,1,4,8,30,93,93064, A103,48.88672,2.4808,Crépuscule ou aube,Hors agglomération,Hors intersection,Pluie légère,Trois véhicules et plus - en chaîne,1,3,2,0,1,1,2,0,1,90,,3,2,0,0,1,34.0,44.0,,,2,1,1,2,4
202100056322,2021-01-04 21:50:00,2021,1,4,21,50,93,93064,A86.INT,48.862957797,2.4828028678,Nuit sans éclairage public,Hors agglomération,Hors intersection,Normale,Trois véhicules et plus - collisions multiples,1,3,2,0,1,1,1,0,1,90,,4,1,0,0,3,22.0,25.0,,,3,1,1,1,5
202100056323,2021-01-03 23:34:00,2021,1,3,23,34,77,77495,A5b,48.58194,2.6376,Nuit sans éclairage public,Hors agglomération,Hors intersection,Pluie légère,Autre collision,1,3,3,0,1,1,2,0,1,110,,6,4,1,1,0,21.0,,,,3,1,1,2,6
202100056324,2021-01-03 11:28:00,2021,1,3,11,28,988,98818,RUE ARNOLD DALY/RUE MILLOT,-22.2743,166.47698,Plein jour,En agglomération,Intersection en T,Normale,Deux véhicules - arrière,4,2,2,0,2,1,1,0,1,50,,2,1,0,1,0,42.0,47.0,,,1,2,3,1,2
202100056325,2021-01-03 08:15:00,2021,1,3,8,15,974,97416,PRESBYTERE(RUE),-21.3363,55.4779,Plein jour,En agglomération,Intersection en T,Normale,Deux véhicules - côté,4,1,0,0,1,1,1,5,1,50,,2,1,0,1,0,37.0,46.0,,,1,2,3,1,3
202100056326,2021-01-03 19:20:00,2021,1,3,19,20,973,97302,11 NOVEMBRE,4.93409,-52.32927,Nuit avec éclairage allumé,En agglomération,Hors intersection,Normale,Deux véhicules - côté,4,1,1,0,1,1,1,2,1,50,,2,1,0,0,1,36.0,54.0,,,5,2,1,1,3
202100056327,2021-01-03 17:30:00,2021,1,3,17,30,69,69383,GAMBETTA (CO),45.7553,4.84302,Nuit avec éclairage allumé,En agglomération,Intersection à plus de 4 branches,Normale,Autre collision,4,1,3,0,1,1,1,0,1,50,,2,0,0,0,2,27.0,,,,5,2,5,1,6
202100056328,2021-01-03 08:45:00,2021,1,3,8,45,972,97213,ROUTE DEPARTEMENTALE 15,14.64571,-61.01018,Plein jour,En agglomération,Hors intersection,Normale,Sans collision,3,2,2,0,4,1,1,0,1,50,,2,1,0,0,1,26.0,,,,1,2,1,1,7
202100056329,2021-01-02 22:06:00,2021,1,2,22,6,972,97213,AUTOROUTE A1,14.61795,-61.03056,Nuit avec éclairage non allumé,Hors agglomération,Hors intersection,Normale,Autre collision,1,1,6,0,1,1,1,2,1,90,,2,0,0,0,2,64.0,,,,4,1,1,1,6