accident_id,datetime,annee,mois,jour,heure,minute,departement,commune_insee,adresse,latitude,longitude,luminosite,agglomeration,intersection,meteo,collision,catr,circ,nbv,vosp,prof,plan,surf,infra,situ,vma,nb_vehicules,nb_usagers,nb_indemnes,nb_tues,nb_blesses_hosp,nb_blesses_legers,age_cond_1,age_cond_2,veh_type_cond_1,veh_type_cond_2,lum_code,agg_code,int_code,atm_code,col_code
202100056330,2021-01-01 08:40:00,2021,1,1,8,40,69,69389,BOURGOGNE (DE)                      (R ),45.78156,4.80027,Plein jour,En agglomération,Giratoire,Pluie légère,Autre collision,4,2,6,0,2,3,2,0,1,50,,1,0,0,0,1,21.0,,,,1,2,6,2,6
202100056331,2021-01-02 22:27:00,2021,1,2,22,27,95,95500,VIOSNE (BOULEVARD DE LA),49.0514590794,2.0813735588,Nuit avec éclairage allumé,Hors agglomération,Autre intersection,Temps couvert,Deux véhicules - frontale,3,3,5,0,1,1,1,3,1,70,,2,1,0,0,1,25.0,20.0,,,5,1,9,8,1
202100056332,2021-01-03 19:05:00,2021,1,3,19,5,91,91425,RTE DES TEMPLIERS,48.647726,2.274832,Nuit sans éclairage public,Hors agglomération,Giratoire,Normale,Deux véhicules - arrière,3,1,1,0,1,3,1,9,1,30,,4,3,0,0,1,50.0,30.0,,,3,1,6,1,2
202100056333,2021-01-03 12:25:00,2021,1,3,12,25,77,77350,AV DU ROND BUISSON,48.773551,2.686083,Plein jour,En agglomération,Giratoire,Normale,Deux véhicules - côté,4,2,2,0,1,2,1,5,1,50,,3,1,0,0,2,25.0,18.0,,,1,2,6,1,3
202100056334,2021-01-03 13:30:00,2021,1,3,13,30,69,69290,ARSONVAL (D') (R),45.7008519672,4.9316436052,Plein jour,En agglomération,Hors intersection,Normale,Deux véhicules - frontale,4,2,2,2,1,1,1,0,3,50,,3,2,0,0,1,32.0,,,,1,2,1,1,1
202100056335,2021-01-03 00:00:00,2021,1,3,0,0,69,69029,GENERAL DE GAULLE                   (AV),45.72721,4.92799,Nuit avec éclairage allumé,En agglomération,Intersection à plus de 4 branches,Normale,Deux véhicules - côté,7,2,2,1,1,1,1,0,1,50,,6,4,0,0,2,,33.0,,,5,2,5,1,3
202100056336,2021-01-03 08:10:00,2021,1,3,8,10,64,64260,LISSARDY ( AVENUE DE),43.370099,-1.758541,Nuit avec éclairage allumé,En agglomération,Intersection en Y,Pluie légère,Deux véhicules - côté,4,2,2,0,2,1,2,0,1,50,,2,1,0,0,1,27.0,48.0,,,5,2,4,2,3
202100056337,2021-01-03 12:30:00,2021,1,3,12,30,59,59560,DUPORT CHARLES RUE,50.5428124923,3.0353040621,Plein jour,En agglomération,Hors intersection,Normale,Autre collision,4,2,2,0,1,2,1,0,3,30,,3,2,0,0,1,,,,,1,2,1,1,6
202100056338,2021-01-03 15:55:00,2021,1,3,15,55,59,59143,ROUTE DEPARTEMENTALE 945,50.663543,2.904472,Plein jour,Hors agglomération,Hors intersection,Normale,Deux véhicules - frontale,7,2,2,0,1,1,1,0,1,70,,6,2,1,0,3,41.0,24.0,,,1,1,1,1,1
202100056339,2021-01-03 15:20:00,2021,1,3,15,20,54,54431,BOIS LE PRETRE (RUE DU),48.91391,6.04411,Plein jour,En agglomération,Hors intersection,Pluie légère,Sans collision,4,2,2,2,1,1,2,-1,1,50,,1,0,0,0,1,61.0,,,,1,2,1,2,7
202100056340,2021-01-02 15:10:00,2021,1,2,15,10,15,15014,PRADES (AVENUE DES),44.9165,2.43673,Plein jour,En agglomération,Intersection en X,Normale,Deux véhicules - côté,4,2,2,0,2,1,1,0,1,50,,2,1,0,0,1,78.0,20.0,,,1,2,2,1,3
202100056341,2021-01-03 19:15:00,2021,1,3,19,15,13,13206,GRIGNAN (RUE),43.29221,5.37728,Nuit avec éclairage allumé,En agglomération,Intersection en X,Pluie légère,Deux véhicules - côté,4,1,1,0,1,1,2,0,1,50,,3,2,0,0,1,33.0,33.0,,,5,2,2,2,3
202100056342,2021-01-03 18:25:00,2021,1,3,18,25,13,13210,CAPELETTE (AVENUE DE LA),43.280818,5.407336,Crépuscule ou aube,En agglomération,Hors intersection,Pluie légère,Deux véhicules - côté,4,2,3,0,1,1,1,0,1,50,,2,1,0,0,1,21.0,33.0,,,2,2,1,2,3
202100056343,2021-01-03 01:10:00,2021,1,3,1,10,13,13209,MICHELET (BOULEVARD),43.260924,5.397867,Nuit avec éclairage allumé,En agglomération,Hors intersection,Pluie légère,Deux véhicules - arrière,4,2,6,3,1,1,2,0,1,50,,2,1,0,0,1,24.0,23.0,,,5,2,1,2,2
202100056344,2021-01-02 09:40:00,2021,1,2,9,40,13,13208,GASTON CREMIEUX (RUE),43.27899,5.380154,Plein jour,En agglomération,Hors intersection,Pluie forte,Deux véhicules - côté,4,2,0,0,1,1,2,0,1,50,,2,1,0,1,0,48.0,58.0,,,1,2,1,3,3
202100056345,2021-01-02 11:10:00,2021,1,2,11,10,75,75117,RUE CARDINET,48.887511,2.314365,Plein jour,En agglomération,Hors intersection,Autre,Sans collision,4,-1,2,0,1,1,7,2,1,30,,1,0,0,0,1,35.0,,,,1,2,1,9,7
202100056346,2021-01-03 18:20:00,2021,1,3,18,20,94,94043,FONTAINEBLEAU (AV DE),48.81049,2.36194,Nuit avec éclairage allumé,En agglomération,Hors intersection,Normale,Sans collision,3,1,1,1,1,1,1,0,1,30,,2,1,0,0,1,22.0,,,,5,2,1,1,7
202100056347,2021-01-03 19:00:00,2021,1,3,19,0,94,94053,PIERRE BROSSOLETTE (R),48.77629,2.54611,Nuit avec éclairage allumé,En agglomération,Hors intersection,Pluie légère,Autre collision,4,2,2,0,1,1,2,0,4,50,,2,1,0,0,1,20.0,,,,5,2,1,2,6
202100056348,2021-01-03 16:10:00,2021,1,3,16,10,92,92073,JAURES (AVENUE JEAN),48.86341,2.2094,Crépuscule ou aube,En agglomération,Hors intersection,Normale,Deux véhicules - côté,3,3,2,0,1,1,1,0,1,50,,2,1,0,0,1,29.0,36.0,,,2,2,1,1,3
202100056349,2021-01-03 20:00:00,2021,1,3,20,0,92,92049,DORMOY AVENUE MARX N°2 A 100,48.8099420688,2.3168089986,Nuit avec éclairage allumé,En agglomération,Hors intersection,Pluie légère,Autre collision,3,3,2,0,3,3,2,8,4,50,,2,0,0,0,2,21.0,,,,5,2,1,2,6
202100056350,2021-01-03 01:10:00,2021,1,3,1,10,92,92007,PLUCHET (RUE ALPHONSE),48.7992,2.30032,Nuit avec éclairage allumé,En agglomération,Hors intersection,Normale,Autre collision,4,2,2,0,1,1,1,0,4,50,,2,1,0,0,1,20.0,,,,5,2,1,1,6
202100056351,2021-01-04 17:15:00,2021,1,4,17,15,80,80016,rue des déportés,49.9938016887,2.6527959108,Crépuscule ou aube,En agglomération,Intersection en X,Pluie légère,Deux véhicules - côté,4,2,2,0,1,1,2,0,1,50,,2,1,0,0,1,17.0,29.0,,,2,2,2,2,3
202100056352,2021-01-02 18:15:00,2021,1,2,18,15,37,37077,route de la bruyère,47.3590036168,0.4381066561,Nuit sans éclairage public,Hors agglomération,Hors intersection,Normale,Autre collision,4,2,2,0,1,1,1,0,3,50,,1,0,1,0,0,67.0,,,,3,1,1,1,6
202100056353,2021-01-03 09:50:00,2021,1,3,9,50,88,88423,Rue de Lorraine - RD 415 PK 6+500,48.223711,6.94617,Plein jour,Hors agglomération,Intersection en T,Normale,Deux véhicules - côté,3,2,2,0,1,1,2,0,1,80,,2,0,0,1,1,57.0,79.0,,,1,1,3,1,3
202100056354,2021-01-04 08:37:00,2021,1,4,8,37,34,34095,Route Departementale 613,43.544403,3.773407,Crépuscule ou aube,Hors agglomération,Hors intersection,Temps couvert,Trois véhicules et plus - collisions multiples,7,2,2,0,1,1,7,0,1,50,,3,2,0,0,1,23.0,54.0,,,2,1,1,8,5
202100056355,2021-01-03 23:15:00,2021,1,3,23,15,77,77239,6 Rue du Corbier,48.682659,3.124736,Nuit sans éclairage public,Hors agglomération,Hors intersection,Neige / grêle,Autre collision,4,2,2,0,1,2,7,0,8,80,,2,1,0,1,0,21.0,,,,3,1,1,4,6
202100056356,2021-01-04 21:00:00,2021,1,4,21,0,61,61474,Lieu Dit le Pavillon du Puits,48.771761,0.036714,Nuit sans éclairage public,Hors agglomération,Hors intersection,Temps couvert,Sans collision,3,2,2,0,1,1,1,0,3,90,,1,0,0,1,0,22.0,,,,3,1,1,8,7
202100056357,2021-01-03 18:00:00,2021,1,3,18,0,49,49228,CD 766,47.513636,0.10216,Nuit sans éclairage public,Hors agglomération,Intersection en T,Normale,Deux véhicules - côté,3,2,2,0,1,1,2,0,1,90,,2,0,0,2,0,57.0,54.0,,,3,1,3,1,3
202100056358,2021-01-03 21:05:00,2021,1,3,21,5,46,46231,Lieu Dit Inganels,44.495373,1.115777,Nuit sans éclairage public,Hors agglomération,Hors intersection,Autre,Autre collision,4,2,2,0,1,1,1,0,1,80,,1,0,0,1,0,49.0,,,,3,1,1,9,6
202100056359,2021-01-04 18:30:00,2021,1,4,18,30,34,34224,D909,43.451704,3.208737,Nuit sans éclairage public,Hors agglomération,Intersection en X,Normale,Deux véhicules - côté,3,2,2,3,1,1,1,5,1,90,,2,0,1,0,1,48.0,19.0,,,3,1,2,1,3
202100056360,2021-01-04 05:05:00,2021,1,4,5,5,29,29274,D782 -  Lieu dit Kergall,48.015901,-3.734955,Nuit sans éclairage public,Hors agglomération,Hors intersection,Normale,Autre collision,3,2,2,0,1,1,7,0,3,80,,1,0,0,1,0,28.0,,,,3,1,1,1,6
202100056361,2021-01-04 17:20:00,2021,1,4,17,20,14,14621,Route de Fervaques,49.044141,0.352764,Crépuscule ou aube,Hors agglomération,Hors intersection,Pluie légère,Autre collision,3,2,2,0,2,2,2,0,3,80,,2,0,0,2,0,68.0,,,,2,1,1,2,6
202100056362,2021-01-04 08:20:00,2021,1,4,8,20,64,64138,Impasse Cap-sus,43.230946,-0.276584,Plein jour,En agglomération,Intersection en T,Normale,Deux véhicules - frontale,3,2,2,0,1,1,1,0,1,50,,2,1,0,0,1,53.0,63.0,,,1,2,3,1,1
202100056363,2021-01-02 15:30:00,2021,1,2,15,30,07,07110,Avenue Plan-bernard,44.479886,4.233957,Plein jour,En agglomération,Hors intersection,Normale,Autre collision,3,2,2,0,2,3,2,0,4,50,,1,0,0,1,0,39.0,,,,1,2,1,1,6
202100056364,2021-01-03 18:45:00,2021,1,3,18,45,40,40075,Autoroute A63 PK 115+200 sens BORDEAUX/BAYONNE,43.880924,-1.13113,Nuit sans éclairage public,Hors agglomération,Hors intersection,Neige / grêle,Trois véhicules et plus - en chaîne,1,3,3,0,1,2,7,0,1,110,,11,8,0,0,3,39.0,41.0,,,3,1,1,4,4
202100056365,2021-01-04 07:35:00,2021,1,4,7,35,67,67101,A352,48.520197,7.502519,Nuit sans éclairage public,Hors agglomération,Hors intersection,Normale,Deux véhicules - arrière,1,3,4,0,1,1,2,3,1,50,,3,1,0,1,1,62.0,36.0,,,3,1,1,1,2
202100056366,2021-01-04 05:15:00,2021,1,4,5,15,30,30116,Autoroute A9 PK 33+100,43.926954,4.591212,Nuit sans éclairage public,Hors agglomération,Hors intersection,Neige / grêle,Deux véhicules - arrière,1,3,5,0,1,1,2,9,1,130,,4,3,0,1,0,44.0,25.0,,,3,1,1,4,2
202100056367,2021-01-03 18:30:00,2021,1,3,18,30,13,13051,A7,43.590354,5.186998,Nuit sans éclairage public,Hors agglomération,Hors intersection,Normale,Deux véhicules - arrière,1,1,5,0,1,1,1,0,1,130,,3,1,0,0,2,30.0,23.0,,,3,1,1,1,2
202100056368,2021-01-02 16:41:00,2021,1,2,16,41,13,13105,A7,43.749738,5.084438,Crépuscule ou aube,Hors agglomération,Hors intersection,Brouillard / fumée,Deux véhicules - arrière,1,1,5,0,1,1,9,0,1,130,,4,1,0,0,3,27.0,56.0,,,2,1,1,5,2
202100056369,2021-01-02 03:30:00,2021,1,2,3,30,988,98825,RT1 Pouembout,-21.11824,164.90042,Nuit avec éclairage allumé,En agglomération,Hors intersection,Pluie forte,Autre collision,2,2,2,0,1,1,2,0,3,50,,1,0,0,1,0,25.0,,,,5,2,1,3,6
202100056370,2021-01-01 10:20:00,2021,1,1,10,20,988,98811,Route d'Atéou,-20.966689,164.911544,Plein jour,Hors agglomération,Hors intersection,Pluie forte,Sans collision,4,2,2,0,3,2,2,0,3,90,,2,0,1,0,1,31.0,,,,1,1,1,3,7
202100056371,2021-01-03 11:45:00,2021,1,3,11,45,988,98809,RM1,-22.620013,167.447047,Plein jour,Hors agglomération,Hors intersection,Normale,Sans collision,4,2,2,0,1,2,1,0,1,-1,,1,0,0,0,1,28.0,,,,1,1,1,1,7
202100056372,2021-01-04 08:05:00,2021,1,4,8,5,91,91338,Rue d'Orsay,48.651767,2.074313,Crépuscule ou aube,En agglomération,Hors intersection,Brouillard / fumée,Deux véhicules - frontale,3,2,2,0,1,3,2,0,1,50,,2,1,0,0,1,17.0,40.0,,,2,2,1,5,1
202100056373,2021-01-04 19:50:00,2021,1,4,19,50,84,84092,41 Avenue Théophile Delorme,43.963764,4.858234,Nuit avec éclairage allumé,En agglomération,Hors intersection,Temps couvert,Deux véhicules - côté,9,2,2,0,1,1,2,5,1,30,,2,1,0,1,0,,28.0,,,5,2,1,8,3
202100056374,2021-01-01 12:00:00,2021,1,1,12,0,38,38529,Route de Prémol,45.10825,5.84232,Plein jour,Hors agglomération,Hors intersection,Neige / grêle,Trois véhicules et plus - en chaîne,7,2,2,0,2,3,5,0,1,70,,4,2,0,1,1,49.0,50.0,,,1,1,1,4,4
202100056375,2021-01-04 08:15:00,2021,1,4,8,15,16,16146,Route de Marthon,45.616626,0.276493,Crépuscule ou aube,Hors agglomération,Hors intersection,Brouillard / fumée,Autre collision,3,2,2,0,2,1,1,0,3,80,,1,0,0,0,1,28.0,,,,2,1,1,5,6
202100056376,2021-01-03 10:10:00,2021,1,3,10,10,59,59618,Rue de Maubeuge,50.329073,4.038956,Plein jour,En agglomération,Hors intersection,Normale,Sans collision,3,2,2,0,2,2,1,0,3,50,,1,0,0,1,0,32.0,,,,1,2,1,1,7
202100056377,2021-01-02 15:15:00,2021,1,2,15,15,13,13071,A5502D-Sens Marseille vers A55-Martigues,43.40466,5.30352,Plein jour,Hors agglomération,Hors intersection,Temps couvert,Deux véhicules - côté,1,1,2,0,1,2,2,2,1,110,,2,0,0,0,2,26.0,22.0,,,1,1,1,8,3
202100056378,2021-01-03 04:40:00,2021,1,3,4,40,42,42218,RN488,45.441567333,4.4354260696,Nuit avec éclairage allumé,Hors agglomération,Autre intersection,Autre,Deux véhicules - côté,2,3,4,0,1,2,7,0,1,70,,3,1,0,0,2,29.0,22.0,,,5,1,9,9,3
202100056379,2021-01-03 16:00:00,2021,1,3,16,0,91,91340,AUTOROUTE A6,48.59668,2.44195,Crépuscule ou aube,Hors agglomération,Hors intersection,Normale,Deux véhicules - arrière,1,3,6,0,1,1,1,0,1,110,,3,2,0,0,1,53.0,60.0,,,2,1,1,1,2
202100056380,2021-01-02 20:30:00,2021,1,2,20,30,91,91471,RN 118,48.7141,2.17568,Nuit sans éclairage public,Hors agglomération,Hors intersection,Autre,Trois véhicules et plus - en chaîne,2,3,5,0,3,1,2,0,1,90,,3,2,0,0,1,23.0,35.0,,,3,1,1,9,4
202100056381,2021-01-01 22:30:00,2021,1,1,22,30,91,91377,RN20,48.71915,2.29881,Nuit avec éclairage allumé,En agglomération,Hors intersection,Normale,Deux véhicules - côté,3,3,4,0,1,1,1,0,1,50,,2,1,0,1,0,,27.0,,,5,2,1,1,3
202100056382,2021-01-03 11:05:00,2021,1,3,11,5,78,78043,A12 W,48.84065,2.0965,Plein jour,Hors agglomération,Hors intersection,Normale,Deux véhicules - arrière,1,3,6,0,1,1,1,0,1,90,,5,3,0,0,2,39.0,35.0,,,1,1,1,1,2
202100056383,2021-01-03 20:50:00,2021,1,3,20,50,93,93007,AUTOROUTE A1,48.9494,2.44704,Nuit sans éclairage public,Hors agglomération,Hors intersection,Pluie légère,Autre collision,1,3,8,0,1,1,2,0,1,110,,1,0,0,0,1,23.0,,,,3,1,1,2,6
202100056384,2021-01-03 19:20:00,2021,1,3,19,20,93,93010,AUTOROUTE A3,48.91486,2.47746,Nuit avec éclairage non allumé,Hors agglomération,Hors intersection,Normale,Deux véhicules - arrière,1,3,8,0,1,1,1,0,1,90,,4,3,0,0,1,26.0,33.0,,,4,1,1,1,2
202100056385,2021-01-03 17:30:00,2021,1,3,17,30,95,95527, A1,49.00872,2.52775,Crépuscule ou aube,Hors agglomération,Hors intersection,Normale,Autre collision,1,3,6,0,1,1,1,0,1,110,,2,0,0,0,2,22.0,,,,2,1,1,1,6
202100056386,2021-01-03 07:58:00,2021,1,3,7,58,988,98818,RUE JACQUES IEKAWE/RUE ARMAND OHLEN,-22.24839,166.46379,Plein jour,En agglomération,Intersection en X,Normale,Deux véhicules - côté,4,2,2,0,1,1,1,5,1,50,,2,1,0,0,1,52.0,80.0,,,1,2,2,1,3
202100056387,2021-01-02 19:00:00,2021,1,2,19,0,976,97611,kaweni-Lazerevouni ( rue ),-12.77362,45.22288,Nuit avec éclairage allumé,En agglomération,Hors intersection,Normale,Deux véhicules - arrière,2,2,0,0,1,1,1,0,1,50,,2,1,0,0,1,30.0,24.0,,,5,2,1,1,2
202100056388,2021-01-01 22:00:00,2021,1,1,22,0,69,69387,Avenue Berthelot,45.7463,4.8384,Nuit avec éclairage allumé,En agglomération,Intersection en X,Normale,Deux véhicules - côté,4,1,2,0,1,1,1,0,1,50,,3,2,0,0,1,31.0,30.0,,,5,2,2,1,3
202100056389,2021-01-02 18:45:00,2021,1,2,18,45,972,97209,SAINT-CHRISTOPHE (RUE),14.61181,-61.05263,Nuit avec éclairage allumé,En agglomération,Hors intersection,Normale,Deux véhicules - arrière,4,3,4,0,1,1,1,0,1,30,,2,1,0,0,1,30.0,,,,5,2,1,1,2
202100056390,2021-01-01 16:10:00,2021,1,1,16,10,972,97209,RELIGIEUSES (ROUTE DES),14.61798,-61.05692,Plein jour,Hors agglomération,Intersection en Y,Normale,Autre collision,3,2,2,0,2,1,1,0,1,50,,4,3,0,0,1,26.0,59.0,,,1,1,4,1,6
202100056391,2021-01-01 14:40:00,2021,1,1,14,40,972,97209,SOLEIL LEVANT (BOULEVARD DU),14.61834,-61.04562,Plein jour,En agglomération,Hors intersection,Normale,Deux véhicules - frontale,3,2,2,0,1,1,1,0,1,50,,2,1,0,0,1,34.0,51.0,,,1,2,1,1,1
202100056392,2021-01-01 20:14:00,2021,1,1,20,14,69,69381,JEAN MOULIN                         (QU),45.7662013546,4.8380707204,Nuit avec éclairage allumé,En agglomération,Intersection en T,Normale,Deux véhicules - côté,4,1,3,3,1,1,1,0,1,50,,2,1,0,0,1,33.0,37.0,,,5,2,3,1,3
202100056393,2021-01-01 19:12:00,2021,1,1,19,12,971,97128,ROUTE DE BOISVINS,16.263198208,-61.4091968536,Nuit avec éclairage allumé,Hors agglomération,Intersection en T,Normale,Deux véhicules - côté,3,2,2,0,1,1,1,0,1,50,,3,1,0,0,2,63.0,23.0,,,5,1,3,1,3
202100056394,2021-01-01 12:50:00,2021,1,1,12,50,95,95277,Avenue de la Plaine de France,48.97633,2.49919,Plein jour,En agglomération,Hors intersection,Normale,Autre collision,4,2,2,0,1,1,1,0,4,50,,1,0,0,0,1,67.0,,,,1,2,1,1,6
202100056395,2021-01-01 22:10:00,2021,1,1,22,10,91,91339,AV ROBERT BENOIST,48.63352,2.26504,Nuit sans éclairage public,En agglomération,Hors intersection,Normale,Autre collision,3,3,4,0,4,1,2,0,1,70,,1,0,0,0,1,23.0,,,,3,2,1,1,6
202100056396,2021-01-01 16:25:00,2021,1,1,16,25,74,74298,PONT DE LA MENOGE,46.17,6.26618,Plein jour,Hors agglomération,Hors intersection,Pluie légère,Deux véhicules - frontale,4,2,2,0,1,3,2,2,1,50,,5,3,0,0,2,33.0,19.0,,,1,1,1,2,1
202100056397,2021-01-01 17:25:00,2021,1,1,17,25,71,71153,Route de Saint-Sernin,46.82457,4.43333,Crépuscule ou aube,En agglomération,Intersection en X,Normale,Deux véhicules - côté,3,2,2,0,1,1,1,0,1,50,,2,1,0,1,0,15.0,23.0,,,2,2,2,1,3
202100056398,2021-01-01 03:30:00,2021,1,1,3,30,69,69266,EMILE ZOLA     (Cours),45.77001,4.87682,Nuit avec éclairage allumé,En agglomération,Intersection en Y,Pluie légère,Deux véhicules - arrière,4,2,4,1,1,1,2,0,1,50,,2,0,0,1,1,22.0,28.0,,,5,2,4,2,2
202100056399,2021-01-02 08:45:00,2021,1,2,8,45,64,64122,9 Rue du Reptou,43.47189,-1.55624,Plein jour,En agglomération,Hors intersection,Normale,Autre collision,5,2,2,0,1,1,1,0,1,30,,2,1,0,1,0,46.0,,,,1,2,1,1,6
202100056400,2021-01-02 19:20:00,2021,1,2,19,20,64,64024,Boulevard du B.a.b.,43.49386,-1.52439,Nuit avec éclairage allumé,En agglomération,Hors intersection,Normale,Trois véhicules et plus - en chaîne,4,2,4,0,1,1,1,0,1,50,,3,2,0,0,1,22.0,55.0,,,5,2,1,1,4
202100056401,2021-01-01 19:45:00,2021,1,1,19,45,59,59512,MULHOUSE (BOULEVARD DE),50.68722,3.19751,Nuit avec éclairage allumé,En agglomération,Hors intersection,Normale,Autre collision,4,2,2,0,1,1,1,0,5,50,,2,1,0,0,1,,,,,5,2,1,1,6
202100056402,2021-01-01 02:00:00,2021,1,1,2,0,59,59360,GHESQUIERE HENRI RUE,50.61151,3.02379,Nuit avec éclairage allumé,En agglomération,Intersection en X,Temps couvert,Deux véhicules - côté,4,1,4,0,1,1,2,0,1,50,,7,3,0,0,4,46.0,36.0,,,5,2,2,8,3
202100056403,2021-01-02 14:50:00,2021,1,2,14,50,54,54395,ALBERT 1ER  (BD),48.6993168365,6.166036427,Plein jour,En agglomération,Hors intersection,Normale,Deux véhicules - arrière,4,2,4,3,1,1,1,5,1,50,,4,2,0,0,2,41.0,58.0,,,1,2,1,1,2
202100056404,2021-01-01 16:55:00,2021,1,1,16,55,54,54395,MOUILLERON (RUE GABRIEL),48.6849869839,6.1760189384,Nuit avec éclairage allumé,En agglomération,Intersection en X,Normale,Deux véhicules - côté,4,1,2,2,1,1,1,-1,1,30,,2,1,0,0,1,12.0,61.0,,,5,2,2,1,3
202100056405,2021-01-02 00:50:00,2021,1,2,0,50,38,38185,Rue Félix Esclangon,45.1932,5.70875,Nuit avec éclairage allumé,En agglomération,Intersection en X,Pluie légère,Autre collision,7,2,2,0,1,1,2,0,1,50,,1,0,0,1,0,72.0,,,,5,2,2,2,6
202100056406,2021-01-01 03:30:00,2021,1,1,3,30,37,37261,PONT CHER (AVENUE DE),47.3684742906,0.6762705303,Nuit avec éclairage allumé,En agglomération,Hors intersection,Normale,Autre collision,4,3,2,0,1,1,1,0,3,50,,1,0,0,0,1,25.0,,,,5,2,1,1,6
202100056407,2021-01-02 18:00:00,2021,1,2,18,0,29,29051,D15 - Route de Coray,48.012,-4.0168,Nuit sans éclairage public,Hors agglomération,Hors intersection,Normale,Trois véhicules et plus - collisions multiples,3,2,3,0,1,1,1,0,1,80,,3,2,0,0,1,31.0,23.0,,,3,1,1,1,5
202100056408,2021-01-01 13:20:00,2021,1,1,13,20,29,29232,D783 - Avenue de Ty Bos,47.9772306739,-4.0698666571,Plein jour,En agglomération,Intersection en X,Normale,Trois véhicules et plus - collisions multiples,4,2,2,0,1,1,1,5,1,50,,3,2,0,0,1,48.0,60.0,,,1,2,2,1,5
202100056409,2021-01-02 19:25:00,2021,1,2,19,25,29,29151,N12 - Pr 16+400,48.58769,-3.80633,Nuit sans éclairage public,Hors agglomération,Hors intersection,Pluie forte,Sans collision,2,1,4,0,1,1,2,0,3,110,,4,3,0,1,0,19.0,,,,3,1,1,3,7
202100056410,2021-01-01 21:10:00,2021,1,1,21,10,29,29019,Rue René Guillamot,48.410993,-4.4852402,Nuit avec éclairage allumé,En agglomération,Intersection en T,Normale,Deux véhicules - côté,4,2,2,0,1,1,2,5,1,50,,2,1,0,0,1,24.0,31.0,,,5,2,3,1,3
202100056411,2021-01-01 01:40:00,2021,1,1,1,40,27,27554,ROUEN (AVENUE DE),49.1206849398,1.4413575092,Nuit sans éclairage public,Hors agglomération,Hors intersection,Brouillard / fumée,Autre collision,3,2,4,0,1,1,2,0,1,80,,2,1,1,0,0,24.0,,,,3,1,1,5,6
202100056412,2021-01-02 12:30:00,2021,1,2,12,30,13,13204,MARÉCHAL JUIN (BOULEVARD),43.3138151287,5.4058302279,Plein jour,En agglomération,Intersection en X,Pluie forte,Deux véhicules - côté,4,1,2,0,1,1,2,0,1,50,,6,0,0,0,6,25.0,24.0,,,1,2,2,3,3
202100056413,2021-01-01 20:32:00,2021,1,1,20,32,13,13206,PARADIS (RUE),43.2857,5.38006,Nuit avec éclairage allumé,En agglomération,Hors intersection,Normale,Deux véhicules - côté,4,1,2,0,2,1,1,0,1,50,,2,1,0,0,1,26.0,25.0,,,5,2,1,1,3
202100056414,2021-01-01 14:10:00,2021,1,1,14,10,13,13206,GOUFFE (COURS),43.285984,5.387474,Plein jour,En agglomération,Place,Normale,Deux véhicules - côté,4,-1,1,0,1,1,1,0,8,30,,3,2,0,0,1,20.0,51.0,,,1,2,7,1,3
202100056415,2021-01-01 15:50:00,2021,1,1,15,50,13,13028,WILSON (AVENUE PRESIDENT),43.18311,5.61614,Plein jour,En agglomération,Hors intersection,Normale,Deux véhicules - arrière,4,2,2,0,1,1,1,0,1,50,,2,1,0,0,1,63.0,16.0,,,1,2,1,1,2
202100056416,2021-01-01 13:51:00,2021,1,1,13,51,06,06027,ZIEM AVENUE,43.66407,7.15774,Plein jour,En agglomération,Hors intersection,Pluie légère,Sans collision,4,1,1,0,1,1,2,9,1,50,,2,0,0,0,2,21.0,,,,1,2,1,2,7
202100056417,2021-01-02 18:50:00,2021,1,2,18,50,75,75112,PORTE DOREE,48.837877,2.412721,Nuit avec éclairage allumé,En agglomération,Hors intersection,Normale,Trois véhicules et plus - en chaîne,4,1,4,0,1,1,1,0,1,70,,3,2,0,0,1,27.0,57.0,,,5,2,1,1,4
202100056418,2021-01-01 20:55:00,2021,1,1,20,55,75,75119,AVENUE SECRETAN,48.88123,2.373233,Nuit avec éclairage allumé,En agglomération,Intersection en X,Normale,Autre collision,4,2,3,0,2,1,1,0,1,50,,2,1,0,0,1,,23.0,,,5,2,2,1,6
202100056419,2021-01-01 11:15:00,2021,1,1,11,15,75,75118,ECHANGEUR CHAPELLE,48.900606,2.358782,Plein jour,En agglomération,Hors intersection,Normale,Trois véhicules et plus - collisions multiples,4,1,2,0,1,1,1,0,1,50,,5,4,0,0,1,57.0,34.0,,,1,2,1,1,5
202100056420,2021-01-01 01:00:00,2021,1,1,1,0,75,75118,RUE DU PROFESSEUR GOSSET,48.901262,2.344121,Nuit avec éclairage allumé,En agglomération,Intersection à plus de 4 branches,Normale,Autre collision,4,1,4,0,1,3,1,0,1,50,,4,2,0,0,2,23.0,,,,5,2,5,1,6
202100056421,2021-01-02 12:00:00,2021,1,2,12,0,75,75116,AVENUE THEOPHILE GAUTIER,48.848221,2.269886,Plein jour,En agglomération,Intersection en X,Normale,Autre collision,4,2,2,0,1,1,1,0,1,50,,2,1,0,0,1,43.0,,,,1,2,2,1,6
202100056422,2021-01-02 14:00:00,2021,1,2,14,0,75,75107,RUE DE SEVRES,48.846111,2.314248,Plein jour,En agglomération,Intersection en T,Normale,Deux véhicules - côté,4,2,2,0,1,1,1,0,1,50,,2,1,0,0,1,42.0,29.0,,,1,2,3,1,3