accident_id,datetime,annee,mois,jour,heure,minute,departement,commune_insee,adresse,latitude,longitude,luminosite,agglomeration,intersection,meteo,collision,catr,circ,nbv,vosp,prof,plan,surf,infra,situ,vma,nb_vehicules,nb_usagers,nb_indemnes,nb_tues,nb_blesses_hosp,nb_blesses_legers,age_cond_1,age_cond_2,veh_type_cond_1,veh_type_cond_2,lum_code,agg_code,int_code,atm_code,col_code
202100056423,2021-01-01 19:10:00,2021,1,1,19,10,75,75113,RUE DE TOLBIAC,48.828627,2.373209,Nuit avec éclairage allumé,En agglomération,Hors intersection,Normale,Deux véhicules - côté,4,2,3,0,1,1,1,0,1,50,,2,1,0,0,1,27.0,44.0,,,5,2,1,1,3
202100056424,2021-01-02 15:40:00,2021,1,2,15,40,75,75110,RUE DES ECLUSES SAINT MARTIN,48.876905,2.366594,Plein jour,En agglomération,Hors intersection,Temps couvert,Deux véhicules - côté,4,1,1,2,2,1,1,-1,5,50,,2,1,0,0,1,57.0,43.0,,,1,2,1,8,3
202100056425,2021-01-01 19:20:00,2021,1,1,19,20,75,75110,RUE LOUIS BLANC,48.879216,2.3686,Nuit avec éclairage allumé,En agglomération,Hors intersection,Normale,Deux véhicules - côté,4,1,2,0,1,1,1,0,1,50,,2,1,0,0,1,53.0,33.0,,,5,2,1,1,3
202100056426,2021-01-02 16:15:00,2021,1,2,16,15,75,75108,PLACE DE LA CONCORDE,48.864816,2.322129,Plein jour,En agglomération,Place,Normale,Sans collision,4,1,3,1,1,1,1,-1,5,50,,1,0,0,0,1,24.0,,,,1,2,7,1,7
202100056427,2021-01-02 19:50:00,2021,1,2,19,50,94,94003,LAPLACE (AV),48.80805,2.33291,Nuit avec éclairage allumé,En agglomération,Hors intersection,Normale,Deux véhicules - arrière,4,-1,2,0,1,1,1,6,1,30,,2,1,0,1,0,38.0,17.0,,,5,2,1,1,2
202100056428,2021-01-02 11:45:00,2021,1,2,11,45,94,94038,Rue Paul Hochart,48.77594,2.3572,Plein jour,En agglomération,Hors intersection,Normale,Sans collision,4,1,0,0,1,1,1,0,1,30,,2,1,0,0,1,,,,,1,2,1,1,7
202100056429,2021-01-01 09:45:00,2021,1,1,9,45,94,94011,Rue Pierre Sémard,48.763305,2.479989,Plein jour,En agglomération,Hors intersection,Neige / grêle,Deux véhicules - arrière,3,1,2,0,1,1,7,0,1,50,,4,2,0,0,2,23.0,31.0,,,1,2,1,4,2
202100056430,2021-01-02 20:15:00,2021,1,2,20,15,94,94015,Boulevard Jean Monnet,48.83091,2.531582,Nuit avec éclairage allumé,En agglomération,Hors intersection,Normale,Deux véhicules - frontale,4,2,2,0,2,1,1,0,1,50,,3,0,0,0,3,29.0,19.0,,,5,2,1,1,1
202100056431,2021-01-01 19:55:00,2021,1,1,19,55,94,94017,STALINGRAD (BD DE),48.82568,2.49533,Nuit avec éclairage allumé,En agglomération,Intersection en T,Normale,Autre collision,3,2,4,0,1,1,1,0,1,50,,2,0,0,1,1,59.0,,,,5,2,3,1,6
202100056432,2021-01-01 06:15:00,2021,1,1,6,15,95,95527,Route de l’Arpenteur,49.0150276091,2.5304281712,Nuit avec éclairage allumé,Hors agglomération,Hors intersection,Pluie légère,Deux véhicules - frontale,4,2,2,0,1,1,2,0,1,50,,2,0,0,0,2,40.0,42.0,,,5,1,1,2,1
202100056433,2021-01-02 16:15:00,2021,1,2,16,15,93,93066,WILSON (AVENUE DU PRESIDENT),48.912,2.358,Plein jour,En agglomération,Hors intersection,Normale,Autre collision,3,1,2,3,1,1,1,9,1,50,,2,1,0,0,1,,,,,1,2,1,1,6
202100056434,2021-01-02 09:50:00,2021,1,2,9,50,93,93048,THEOPHILE SUEUR (BOULEVARD),48.8629,2.4663,Plein jour,En agglomération,Intersection en X,Normale,Autre collision,3,1,2,0,1,1,1,5,1,50,,2,1,0,0,1,37.0,,,,1,2,2,1,6
202100056435,2021-01-01 13:05:00,2021,1,1,13,5,93,93046,MARECHAL LECLERC AVENUE,48.92063,2.54032,Plein jour,En agglomération,Hors intersection,Pluie légère,Autre collision,3,1,2,0,1,1,2,0,8,50,,2,0,0,0,2,33.0,,,,1,2,1,2,6
202100056436,2021-01-02 19:50:00,2021,1,2,19,50,93,93031,CLAUDE DEBUSSY,48.94715,2.3427,Nuit avec éclairage allumé,En agglomération,Hors intersection,Pluie légère,Deux véhicules - côté,3,3,-1,0,1,1,2,4,1,50,,3,2,0,0,1,42.0,42.0,,,5,2,1,2,3
202100056437,2021-01-01 17:00:00,2021,1,1,17,0,93,93014,SEVIGNE (AVENUE DE),48.9127,2.54005,Plein jour,En agglomération,Intersection en X,Normale,Deux véhicules - arrière,3,2,2,0,4,1,1,5,1,50,,2,1,0,0,1,32.0,29.0,,,1,2,2,1,2
202100056438,2021-01-02 10:10:00,2021,1,2,10,10,93,93010,FRANCE (AV. ANATOLE) DE 79 ET 80 A FIN,48.89152181,2.4967023753,Plein jour,En agglomération,Hors intersection,Normale,Trois véhicules et plus - en chaîne,3,-1,2,0,1,1,1,0,1,50,,4,1,0,0,3,22.0,39.0,,,1,2,1,1,4
202100056439,2021-01-01 09:20:00,2021,1,1,9,20,93,93010,VARAGNAT (AVENUE HENRI),48.915178702,2.4841018168,Plein jour,En agglomération,Hors intersection,Neige / grêle,Autre collision,3,2,2,0,1,2,2,0,1,50,,2,1,0,0,1,,,,,1,2,1,4,6
202100056440,2021-01-01 05:10:00,2021,1,1,5,10,92,92072,GRANDE RUE,48.8252705555,2.2154161334,Nuit avec éclairage allumé,En agglomération,Hors intersection,Normale,Deux véhicules - arrière,3,3,4,1,1,1,1,0,1,50,,3,2,0,0,1,26.0,31.0,,,5,2,1,1,2
202100056441,2021-01-02 17:20:00,2021,1,2,17,20,92,92025,CHARLES DE GAULLE (BD),48.9144516676,2.2289591336,Nuit avec éclairage allumé,En agglomération,Intersection en X,Pluie légère,Autre collision,3,1,2,0,1,1,2,9,1,50,,2,1,0,0,1,21.0,,,,5,2,2,2,6
202100056442,2021-01-02 14:40:00,2021,1,2,14,40,92,92012,REPUBLIQUE (BOULEVARD DE LA) 5/77BIS - 6,48.83107,2.25723,Plein jour,En agglomération,Intersection en X,Normale,Deux véhicules - côté,3,2,6,0,1,1,1,0,1,50,,2,1,0,0,1,23.0,49.0,,,1,2,2,1,3
202100056443,2021-01-01 14:30:00,2021,1,1,14,30,92,92002,PRESIDENT KENNEDY (50 A LA FIN),48.7362449703,2.2917700107,Plein jour,En agglomération,Intersection en X,Temps couvert,Deux véhicules - côté,3,2,2,0,1,1,1,0,1,50,,2,1,0,0,1,52.0,41.0,,,1,2,2,8,3
202100056444,2021-01-01 03:30:00,2021,1,1,3,30,974,97415,Chemin Lambert (sans Souci),-20.974403,55.327685,Nuit sans éclairage public,Hors agglomération,Hors intersection,Normale,Deux véhicules - frontale,3,2,2,0,1,1,1,0,1,50,,2,0,1,0,1,20.0,33.0,,,3,1,1,1,1
202100056445,2021-01-02 15:25:00,2021,1,2,15,25,35,35013,La Chevalleraye,47.682408,-2.092144,Plein jour,Hors agglomération,Hors intersection,Temps couvert,Sans collision,4,2,2,0,2,1,2,0,3,50,,3,2,0,1,0,19.0,,,,1,1,1,8,7
202100056446,2021-01-02 16:20:00,2021,1,2,16,20,12,12140,Les Croups,44.361952,1.932703,Plein jour,Hors agglomération,Hors intersection,Normale,Autre collision,3,2,2,0,1,3,1,0,3,80,,3,0,1,0,2,16.0,,,,1,1,1,1,6
202100056447,2021-01-01 06:05:00,2021,1,1,6,5,01,01005,D904,45.998254,4.93227,Nuit sans éclairage public,Hors agglomération,Hors intersection,Pluie légère,Autre collision,3,2,2,0,1,1,2,0,3,80,,3,0,0,0,3,20.0,,,,3,1,1,2,6
202100056448,2021-01-02 12:54:00,2021,1,2,12,54,974,97401,55 CD 11,-21.254252,55.348488,Plein jour,Hors agglomération,Autre intersection,Normale,Autre collision,3,2,2,0,2,2,1,0,3,70,,2,1,0,0,1,64.0,,,,1,1,9,1,6
202100056449,2021-01-02 10:20:00,2021,1,2,10,20,972,97218,Nationale 3,14.754009,-61.10777,Plein jour,Hors agglomération,Autre intersection,Normale,Deux véhicules - côté,2,2,2,0,1,1,1,0,1,90,,2,1,0,1,0,44.0,53.0,,,1,1,9,1,3
202100056450,2021-01-03 19:10:00,2021,1,3,19,10,29,29053,RN 165 - PR: 091+600 en direction de Brest,48.3014477225,-4.1790758647,Nuit sans éclairage public,Hors agglomération,Hors intersection,Normale,Trois véhicules et plus - collisions multiples,2,3,4,0,1,1,2,0,1,110,,9,3,0,0,6,24.0,41.0,,,3,1,1,1,5
202100056451,2021-01-02 14:00:00,2021,1,2,14,0,22,22020,PK 11+800,48.324828,-2.257197,Plein jour,Hors agglomération,Hors intersection,Pluie forte,Sans collision,2,3,4,0,1,1,2,0,3,110,,1,0,0,0,1,80.0,,,,1,1,1,3,7
202100056452,2021-01-02 14:45:00,2021,1,2,14,45,50,50487,A84,48.51976,-1.347928,Plein jour,Hors agglomération,Hors intersection,Normale,Autre collision,1,3,4,0,1,1,1,0,1,130,,2,0,0,2,0,69.0,,,,1,1,1,1,6
202100056453,2021-01-01 16:30:00,2021,1,1,16,30,56,56190,Rue de la Belle Aurore,47.98394,-2.748717,Crépuscule ou aube,En agglomération,Hors intersection,Normale,Deux véhicules - côté,3,2,2,0,1,1,1,0,1,50,,2,1,0,0,1,41.0,34.0,,,2,2,1,1,3
202100056454,2021-01-02 08:35:00,2021,1,2,8,35,76,76183,Route de Fecamp,49.74938,0.44735,Crépuscule ou aube,En agglomération,Hors intersection,Pluie légère,Autre collision,3,2,2,0,2,1,2,0,1,50,,1,0,0,1,0,60.0,,,,2,2,1,2,6
202100056455,2021-01-01 19:05:00,2021,1,1,19,5,80,80825,D936,49.9594075089,1.8430694944,Nuit sans éclairage public,Hors agglomération,Hors intersection,Autre,Autre collision,3,2,2,0,1,2,9,0,1,70,,1,0,1,0,0,53.0,,,,3,1,1,9,6
202100056456,2021-01-03 14:15:00,2021,1,3,14,15,82,82124,Rue Pierre Bonhoure,44.009758,1.286645,Plein jour,En agglomération,Intersection en X,Normale,Deux véhicules - côté,4,2,2,0,1,1,1,0,1,30,,2,1,0,1,0,17.0,21.0,,,1,2,2,1,3
202100056457,2021-01-01 16:30:00,2021,1,1,16,30,89,89397,D3,47.8439775913,3.2380137269,Plein jour,Hors agglomération,Intersection en X,Brouillard / fumée,Deux véhicules - côté,3,2,2,0,2,1,1,5,1,80,,4,2,0,1,1,29.0,78.0,,,1,1,2,5,3
202100056458,2021-01-02 18:50:00,2021,1,2,18,50,61,61007,Le Petit Val Athis,48.768275,-0.501562,Nuit sans éclairage public,Hors agglomération,Hors intersection,Pluie légère,Autre collision,3,2,2,0,2,3,2,0,8,90,,1,0,0,1,0,23.0,,,,3,1,1,2,6
202100056459,2021-01-01 03:30:00,2021,1,1,3,30,47,47239,Pontet,44.4119814193,0.5661145448,Nuit sans éclairage public,Hors agglomération,Hors intersection,Normale,Autre collision,3,2,2,0,1,3,2,0,8,80,,1,0,0,1,0,54.0,,,,3,1,1,1,6
202100056460,2021-01-02 11:28:00,2021,1,2,11,28,44,44154,Avenue de la Michelière,47.244873,-2.166796,Plein jour,En agglomération,Intersection en X,Normale,Autre collision,4,1,1,0,1,1,1,0,1,50,,2,1,1,0,0,72.0,,,,1,2,2,1,6
202100056461,2021-01-03 15:20:00,2021,1,3,15,20,29,29158,Hent Maner Ar Ster,47.800708,-4.329072,Plein jour,Hors agglomération,Intersection en T,Normale,Deux véhicules - frontale,4,2,2,0,1,1,1,5,1,50,,3,1,0,1,1,19.0,71.0,,,1,1,3,1,1
202100056462,2021-01-03 02:30:00,2021,1,3,2,30,31,31107,Route de Longages,43.310116,1.224632,Nuit sans éclairage public,En agglomération,Hors intersection,Normale,Autre collision,3,2,2,0,1,2,2,0,3,70,,3,0,1,2,0,33.0,,,,3,2,1,1,6
202100056463,2021-01-02 11:30:00,2021,1,2,11,30,01,01408,Pont de Marcou,46.24641,5.423255,Plein jour,Hors agglomération,Intersection en X,Normale,Trois véhicules et plus - collisions multiples,3,2,2,0,1,1,1,5,1,80,,8,1,0,0,7,34.0,30.0,,,1,1,2,1,5
202100056464,2021-01-03 02:00:00,2021,1,3,2,0,70,70504,D8,47.61213,5.964192,Nuit sans éclairage public,Hors agglomération,Hors intersection,Pluie légère,Autre collision,3,2,2,0,1,1,2,2,4,80,,2,0,1,1,0,30.0,,,,3,1,1,2,6
202100056465,2021-01-03 11:30:00,2021,1,3,11,30,64,64498,Chemin de Montaut,43.145457,-0.149031,Plein jour,Hors agglomération,Intersection en X,Autre,Sans collision,4,2,2,0,2,2,7,0,1,80,,1,0,1,0,0,61.0,,,,1,1,2,9,7
202100056466,2021-01-02 12:35:00,2021,1,2,12,35,973,97307,Route Nationale 2,4.846664,-52.333481,Plein jour,En agglomération,Hors intersection,Temps couvert,Autre collision,2,2,2,0,2,3,1,0,3,50,,2,1,0,1,0,20.0,,,,1,2,1,8,6
202100056467,2021-01-02 11:00:00,2021,1,2,11,0,06,06088,A8 PK 185+800 SUD,43.6693,7.20076,Plein jour,Hors agglomération,Hors intersection,Pluie légère,Deux véhicules - côté,1,3,4,0,1,2,2,0,1,70,,3,1,0,1,1,46.0,67.0,,,1,1,1,2,3
202100056468,2021-01-02 15:00:00,2021,1,2,15,0,38,38052,D1091,45.114435,6.005214,Crépuscule ou aube,Hors agglomération,Hors intersection,Normale,Deux véhicules - côté,3,2,2,0,1,3,2,0,1,70,,5,4,0,0,1,60.0,38.0,,,2,1,1,1,3
202100056469,2021-01-01 11:20:00,2021,1,1,11,20,38,38212,D1091,45.08246,5.897126,Plein jour,Hors agglomération,Hors intersection,Neige / grêle,Deux véhicules - frontale,3,2,2,1,2,1,5,0,1,80,,7,4,0,3,0,19.0,61.0,,,1,1,1,4,1
202100056470,2021-01-03 00:10:00,2021,1,3,0,10,971,97116,Route Pierre Monnerville,16.315853,-61.48122,Nuit sans éclairage public,Hors agglomération,Hors intersection,Normale,Deux véhicules - frontale,2,2,2,0,1,3,1,0,1,80,,2,0,0,1,1,27.0,58.0,,,3,1,1,1,1
202100056471,2021-01-03 11:15:00,2021,1,3,11,15,971,97128,Boulevard Hegesipe Ibene,16.22459,-61.379483,Plein jour,En agglomération,Intersection en T,Normale,Deux véhicules - côté,2,3,4,0,1,1,1,0,1,50,,2,1,0,1,0,55.0,29.0,,,1,2,3,1,3
202100056472,2021-01-02 18:15:00,2021,1,2,18,15,971,97102,Guéry,16.451306,-61.478339,Nuit sans éclairage public,Hors agglomération,Hors intersection,Normale,Autre collision,2,2,2,0,1,1,1,0,1,-1,,3,2,0,1,0,69.0,60.0,,,3,1,1,1,6
202100056473,2021-01-01 12:30:00,2021,1,1,12,30,971,97118,Chemin de Morne Bourg,16.186569,-61.598722,Plein jour,En agglomération,Hors intersection,Normale,Autre collision,4,2,2,0,1,1,1,0,3,50,,1,0,0,1,0,14.0,,,,1,2,1,1,6
202100056474,2021-01-02 02:00:00,2021,1,2,2,0,977,97701,"rt209, face aéroport, st jean",17.903318,-62.844334,Nuit avec éclairage allumé,En agglomération,Hors intersection,Normale,Deux véhicules - frontale,3,2,2,0,4,2,1,0,1,30,,3,0,0,2,1,26.0,18.0,,,5,2,1,1,1
202100056475,2021-01-01 16:10:00,2021,1,1,16,10,972,97228,"RD15, Rue du Souvenir",14.749771,-61.022245,Plein jour,Hors agglomération,Hors intersection,Normale,Deux véhicules - frontale,3,2,2,0,2,2,1,0,1,80,,2,1,0,1,0,37.0,69.0,,,1,1,1,1,1
202100056476,2021-01-02 16:45:00,2021,1,2,16,45,29,29233,Boulevard Alexandra David-Neel,47.867673,-3.574379,Plein jour,En agglomération,Intersection en X,Normale,Autre collision,4,2,2,0,1,1,1,6,1,50,,2,1,0,1,0,53.0,,,,1,2,2,1,6
202100056477,2021-01-01 09:50:00,2021,1,1,9,50,38,38072,Route de Grenoble,45.3134,4.82158,Plein jour,Hors agglomération,Hors intersection,Normale,Sans collision,3,2,2,0,1,1,1,0,3,80,,1,0,0,1,0,20.0,,,,1,1,1,1,7
202100056478,2021-01-01 20:05:00,2021,1,1,20,5,35,35149,carrefour des quatres vents,47.973203,-1.847945,Crépuscule ou aube,Hors agglomération,Intersection en X,Normale,Deux véhicules - côté,3,2,2,0,1,1,1,0,1,80,,5,4,0,0,1,20.0,42.0,,,2,1,2,1,3
202100056479,2021-01-01 23:14:00,2021,1,1,23,14,60,60002,rond point du gros poirier,49.3650561872,2.1624966859,Nuit avec éclairage allumé,En agglomération,Giratoire,Normale,Sans collision,3,1,2,0,1,2,1,5,3,50,,4,0,0,1,3,22.0,,,,5,2,6,1,7
202100056480,2021-01-02 14:15:00,2021,1,2,14,15,02,02498,Carrefour de la Paix,49.568141,3.829188,Plein jour,Hors agglomération,Intersection en X,Normale,Deux véhicules - côté,3,2,2,0,1,1,1,0,1,80,,3,0,0,1,2,69.0,57.0,,,1,1,2,1,3
202100056481,2021-01-02 18:00:00,2021,1,2,18,0,80,80395,Rue de la Chaussée,49.695645,2.653247,Nuit sans éclairage public,Hors agglomération,Intersection en T,Brouillard / fumée,Deux véhicules - frontale,3,2,2,0,2,1,2,0,1,80,,4,0,0,0,4,23.0,24.0,,,3,1,3,5,1
202100056482,2021-01-03 14:10:00,2021,1,3,14,10,59,59011,Rue de Touraine,50.519989,2.932127,Plein jour,En agglomération,Intersection en T,Pluie légère,Deux véhicules - côté,7,2,2,0,1,1,2,0,1,50,,2,1,0,0,1,41.0,35.0,,,1,2,3,2,3
202100056483,2021-01-02 13:37:00,2021,1,2,13,37,91,91689,AUTOROUTE A6,48.72999,2.31474,Plein jour,Hors agglomération,Hors intersection,Normale,Trois véhicules et plus - en chaîne,1,3,6,0,1,1,1,0,1,90,,4,3,0,0,1,70.0,21.0,,,1,1,1,1,4
202100056484,2021-01-02 00:35:00,2021,1,2,0,35,91,91689,AUTOROUTE A6,48.72652,2.31328,Nuit sans éclairage public,Hors agglomération,Hors intersection,Normale,Deux véhicules - arrière,1,3,6,0,1,1,1,0,1,110,,2,0,1,0,1,33.0,36.0,,,3,1,1,1,2
202100056485,2021-01-02 13:15:00,2021,1,2,13,15,92,92047,A13,48.835241057,2.1770575759,Plein jour,Hors agglomération,Hors intersection,Normale,Deux véhicules - arrière,1,-1,3,0,1,1,1,0,1,110,,5,4,0,0,1,48.0,,,,1,1,1,1,2
202100056486,2021-01-01 18:15:00,2021,1,1,18,15,92,92047,A13,48.83577,2.18069,Plein jour,Hors agglomération,Hors intersection,Normale,Trois véhicules et plus - en chaîne,1,3,6,0,1,1,1,0,1,110,,7,6,0,0,1,48.0,24.0,,,1,1,1,1,4
202100056487,2021-01-01 05:30:00,2021,1,1,5,30,92,92025,A86,48.92845,2.2392,Nuit sans éclairage public,Hors agglomération,Hors intersection,Neige / grêle,Autre collision,1,-1,2,0,1,1,2,0,1,90,,2,1,0,1,0,,,,,3,1,1,4,6
202100056488,2021-01-02 19:40:00,2021,1,2,19,40,93,93010,AUTOROUTE A3,48.90041,2.46953,Nuit sans éclairage public,Hors agglomération,Hors intersection,Normale,Sans collision,1,3,10,0,1,1,1,2,1,90,,2,1,0,0,1,21.0,,,,3,1,1,1,7
202100056489,2021-01-02 15:30:00,2021,1,2,15,30,93,93066,A1,48.90673,2.35855,Plein jour,Hors agglomération,Hors intersection,Normale,Deux véhicules - côté,1,3,8,0,1,1,1,1,1,90,,2,1,0,0,1,33.0,43.0,,,1,1,1,1,3
202100056490,2021-01-02 15:00:00,2021,1,2,15,0,93,93029, A86,48.91822,2.4288,Plein jour,Hors agglomération,Hors intersection,Normale,Deux véhicules - arrière,1,3,6,0,1,1,1,0,1,90,,2,1,0,0,1,54.0,43.0,,,1,1,1,1,2
202100056491,2021-01-02 13:00:00,2021,1,2,13,0,95,95572, A15,49.03401,2.10276,Plein jour,Hors agglomération,Hors intersection,Normale,Deux véhicules - arrière,1,3,10,0,1,1,1,0,1,110,,4,3,0,0,1,27.0,38.0,,,1,1,1,1,2
202100056492,2021-01-01 22:00:00,2021,1,1,22,0,93,93007,AUTOROUTE A1,48.95509,2.45754,Nuit sans éclairage public,Hors agglomération,Hors intersection,Autre,Autre collision,1,3,8,0,1,1,1,0,1,110,,1,0,0,0,1,31.0,,,,3,1,1,9,6
202100056493,2021-01-01 19:00:00,2021,1,1,19,0,93,93053,AUTOROUTE A3,48.88379,2.46681,Nuit avec éclairage allumé,Hors agglomération,Hors intersection,Normale,Autre collision,1,3,9,0,1,1,1,0,1,90,,1,0,0,0,1,38.0,,,,5,1,1,1,6
202100056494,2021-01-01 14:30:00,2021,1,1,14,30,95,95572,RN 184,49.03295,2.10899,Plein jour,Hors agglomération,Hors intersection,Normale,Deux véhicules - arrière,2,3,4,0,1,2,1,0,1,70,,3,2,0,0,1,37.0,23.0,,,1,1,1,1,2
202100056495,2021-01-01 06:00:00,2021,1,1,6,0,92,92036,AUTOROUTE A86,48.93421,2.32076,Nuit sans éclairage public,Hors agglomération,Hors intersection,Normale,Sans collision,1,3,6,0,2,3,2,0,1,70,,1,0,0,0,1,23.0,,,,3,1,1,1,7
202100056496,2021-01-01 00:40:00,2021,1,1,0,40,95,95042,RN 104,49.0565,2.28952,Nuit sans éclairage public,Hors agglomération,Hors intersection,Normale,Autre collision,2,3,5,0,1,2,7,0,1,90,,1,0,0,0,1,37.0,,,,3,1,1,1,6
202100056497,2021-01-01 00:00:00,2021,1,1,0,0,95,95018,AUTOROUTE A15-,48.9612392026,2.269324269,Nuit sans éclairage public,Hors agglomération,Hors intersection,Normale,Autre collision,1,3,8,0,1,1,7,0,1,110,,1,0,0,0,1,35.0,,,,3,1,1,1,6
202100056498,2021-01-02 14:15:00,2021,1,2,14,15,77,77249,RN104,48.7312281445,2.6091964028,Plein jour,Hors agglomération,Hors intersection,Normale,Autre collision,2,1,2,0,1,1,1,0,1,110,,6,5,0,0,1,21.0,27.0,,,1,1,1,1,6
202100056499,2021-01-01 18:50:00,2021,1,1,18,50,94,94042,A4,48.8277171983,2.4703958116,Crépuscule ou aube,Hors agglomération,Hors intersection,Pluie légère,Trois véhicules et plus - en chaîne,1,-1,4,0,1,1,2,2,1,90,,4,3,0,0,1,23.0,21.0,,,2,1,1,2,4
202100056500,2021-01-01 18:45:00,2021,1,1,18,45,77,77438,A104,48.862627975,2.6681212214,Nuit sans éclairage public,Hors agglomération,Hors intersection,Normale,Autre collision,1,3,3,0,1,1,1,0,1,90,,3,2,0,0,1,51.0,29.0,,,3,1,1,1,6
202100056501,2021-01-01 18:00:00,2021,1,1,18,0,94,94011,RN406.Y,48.7612277833,2.4912067755,Crépuscule ou aube,Hors agglomération,Hors intersection,Normale,Autre collision,2,3,2,0,1,1,1,0,2,90,,2,1,0,1,0,27.0,,,,2,1,1,1,6
202100056502,2021-01-01 08:55:00,2021,1,1,8,55,94,94022,A86 INT,48.776755299,2.4185973987,Plein jour,Hors agglomération,Hors intersection,Temps couvert,Deux véhicules - côté,1,3,6,0,1,1,2,0,1,90,,2,1,0,0,1,32.0,43.0,,,1,1,1,8,3
202100056503,2021-01-01 16:30:00,2021,1,1,16,30,974,97414,échangeur du Gol (Embranchement d'autoroute),-21.284029,55.392262,Plein jour,Hors agglomération,Hors intersection,Normale,Autre collision,2,2,2,0,1,2,1,2,8,70,,1,0,1,0,0,20.0,,,,1,1,1,1,6
202100056504,2021-01-01 03:30:00,2021,1,1,3,30,89,89384,29 Rue de Joigny,47.914785,3.360671,Nuit avec éclairage non allumé,En agglomération,Hors intersection,Normale,Autre collision,3,2,2,0,1,1,1,0,4,50,,1,0,0,0,1,20.0,,,,4,2,1,1,6
202100056505,2021-01-01 05:15:00,2021,1,1,5,15,34,34147,2 avenue de Béziers,43.471449,3.222046,Nuit avec éclairage allumé,En agglomération,Intersection en T,Normale,Autre collision,3,2,2,0,1,1,1,0,1,30,,1,0,0,1,0,48.0,,,,5,2,3,1,6
202100056506,2021-01-01 02:50:00,2021,1,1,2,50,39,39530,La Source,46.265379,5.517744,Nuit sans éclairage public,Hors agglomération,Hors intersection,Pluie légère,Autre collision,3,2,2,0,1,3,2,0,3,80,,1,0,0,0,1,23.0,,,,3,1,1,2,6
202100056507,2021-01-01 04:00:00,2021,1,1,4,0,14,14119,Route de Paris,49.141952,-0.245669,Nuit avec éclairage non allumé,Hors agglomération,Giratoire,Autre,Autre collision,3,2,2,0,1,3,7,9,3,70,,1,0,0,0,1,25.0,,,,4,1,6,9,6
202100056508,2021-01-01 12:20:00,2021,1,1,12,20,64,64400,chemin d'Arribe,43.146573,-0.195544,Plein jour,Hors agglomération,Hors intersection,Normale,Sans collision,4,2,2,0,2,2,2,0,1,50,,1,0,0,1,0,46.0,,,,1,1,1,1,7
202100056509,2021-01-01 10:20:00,2021,1,1,10,20,21,21638,D28C,47.529934,5.192585,Plein jour,Hors agglomération,Hors intersection,Normale,Autre collision,3,2,2,0,2,3,2,0,3,80,,2,0,0,0,2,33.0,,,,1,1,1,1,6
202100056510,2021-01-01 17:25:00,2021,1,1,17,25,31,31458,D820,43.515582,1.376,Plein jour,Hors agglomération,Hors intersection,Temps couvert,Trois véhicules et plus - en chaîne,3,1,1,0,1,1,1,3,1,70,,5,4,0,0,1,31.0,28.0,,,1,1,1,8,4
202100056511,2021-01-01 13:30:00,2021,1,1,13,30,30,30036,Route Nationale 113,43.7814,4.294679,Plein jour,Hors agglomération,Hors intersection,Normale,Deux véhicules - arrière,2,2,2,0,1,1,1,0,1,80,,2,0,0,2,0,60.0,53.0,,,1,1,1,1,2
202100056512,2021-01-01 20:55:00,2021,1,1,20,55,988,98805,VE2 - sortie Mont Dore,-22.223959,166.468706,Nuit avec éclairage allumé,Hors agglomération,Hors intersection,Pluie légère,Autre collision,9,1,2,0,1,3,2,0,1,70,,1,0,0,1,0,32.0,,,,5,1,1,2,6
202100056513,2021-01-01 11:20:00,2021,1,1,11,20,69,69112,A89 (PK 538.800),45.8199351156,4.6939644814,Plein jour,Hors agglomération,Hors intersection,Normale,Deux véhicules - arrière,1,3,4,3,1,1,2,0,3,110,,2,0,0,0,2,20.0,50.0,,,1,1,1,1,2
202100056514,2021-01-01 06:10:00,2021,1,1,6,10,33,33021,,44.526619,-0.195544,Nuit sans éclairage public,Hors agglomération,Hors intersection,Brouillard / fumée,Autre collision,1,3,4,0,2,3,2,9,2,130,,1,0,0,0,1,23.0,,,,3,1,1,5,6
202100056515,2021-01-01 10:20:00,2021,1,1,10,20,38,38405,D520,45.380291,5.704914,Plein jour,Hors agglomération,Hors intersection,Pluie légère,Autre collision,3,2,2,0,1,1,5,0,3,80,,1,0,0,1,0,58.0,,,,1,1,1,2,6
202100056516,2021-01-01 18:00:00,2021,1,1,18,0,26,26064,Route départementale 538,44.91121,5.019636,Nuit sans éclairage public,Hors agglomération,Hors intersection,Pluie légère,Deux véhicules - frontale,3,2,2,0,2,2,2,0,1,80,,2,0,0,0,2,46.0,19.0,,,3,1,1,2,1
202100056517,2021-01-01 10:55:00,2021,1,1,10,55,33,33003,Voie rapide Bassens Ambes,44.9542747363,-0.5179211363,Plein jour,Hors agglomération,Intersection en X,Normale,Autre collision,4,2,2,0,1,2,2,5,3,80,,1,0,0,1,0,22.0,,,,1,1,2,1,6
202100056518,2021-01-02 18:00:00,2021,1,2,18,0,78,78423,VOLTA (AVENUE),48.79667,2.0505,Nuit sans éclairage public,Hors agglomération,Hors intersection,Pluie forte,Deux véhicules - frontale,3,2,2,0,1,1,2,0,1,70,,2,0,0,2,0,53.0,36.0,,,3,1,1,3,1